stamp_sec,stamp_nsec,frame_index,group_index,area_m2,z_range_m,planarity_error_m,duplicate_vertices,degenerate,p0_x,p0_y,p0_z,p1_x,p1_y,p1_z,p2_x,p2_y,p2_z,p3_x,p3_y,p3_z
8209,876900470,0,0,1.362471193817713,0.6810660362243652,0.0,1,True,3.000999927520752,0.0,0.0,-0.9999945759773254,0.003288072533905506,0.0,-0.9999945759773254,0.003288072533905506,-0.6810660362243652,-0.9999945759773254,0.003288072533905506,-0.6810660362243652
8209,876900470,0,1,0.18173967605709151,0.0,0.0,0,False,0.8688497543334961,0.17518460750579834,-0.7510660290718079,0.8708416819572449,0.7809836268424988,-0.7510660290718079,1.1708383560180664,0.7799972295761108,-0.7510660290718079,1.1688464879989624,0.1741981953382492,-0.7510660290718079
8209,876900470,0,2,0.07220734377765825,0.0,0.0,0,False,0.974261462688446,-0.25460296869277954,-0.5763840079307556,0.9754771590232849,0.11512994766235352,-0.5763840079307556,1.1707710027694702,0.11448780447244644,-0.5763840079307556,1.1695553064346313,-0.2552451193332672,-0.5763840079307556
8209,876900470,0,3,0.23164070672233805,0.0,0.0,0,False,0.8279579281806946,0.41959571838378906,-0.643939733505249,0.8249996304512024,-0.4800986349582672,-0.643939733505249,0.5675364136695862,-0.47925207018852234,-0.643939733505249,0.5704947113990784,0.42044228315353394,-0.643939733505249
8209,876900470,0,4,0.6962084639656103,0.0,0.0,0,False,0.8544853925704956,0.4284912645816803,-0.5046951174736023,-1.1261342763900757,0.43500372767448425,-0.5046951174736023,-1.1249785423278809,0.7865103483200073,-0.5046951174736023,0.8556411862373352,0.7799978852272034,-0.5046951174736023
8209,876900470,0,5,2.6557023178010724,0.0,0.0,0,False,0.5713316202163696,0.7799955010414124,-0.5046951174736023,0.5661839246749878,-0.7855607271194458,-0.5046951174736023,-1.1301292181015015,-0.7799830436706543,-0.5046951174736023,-1.1249815225601196,0.7855731844902039,-0.5046951174736023
8209,876900470,0,6,0.5968363721247645,0.0,0.0,0,False,-1.1249804496765137,-0.47408148646354675,-0.5046951174736023,0.8259848356246948,-0.48049646615982056,-0.5046951174736023,0.8249789476394653,-0.7864116430282593,-0.5046951174736023,-1.1259863376617432,-0.7799966931343079,-0.5046951174736023
8209,977040730,1,0,1.1148916127747182,0.7771497964859009,0.0,1,True,2.000999927520752,0.0,0.0,-0.8066460490226746,-0.5910348296165466,0.0,-0.8066460490226746,-0.5910348296165466,-0.7771497964859009,-0.8066460490226746,-0.5910348296165466,-0.7771497964859009
8209,977040730,1,1,0.5479801990455644,0.1909501552581787,2.6822268722054288e-08,0,False,0.6299357414245605,0.8534443974494934,-0.6348200440406799,1.070518136024475,0.7761456370353699,-0.7507978081703186,0.8851797580718994,-0.3927205801010132,-0.6758253574371338,0.4445974826812744,-0.31542181968688965,-0.5598476529121399
8209,977040730,1,2,0.03599621132214484,0.04813486337661743,1.0963822778473076e-08,0,False,1.1070867776870728,0.6164734959602356,-0.8471497893333435,1.1890809535980225,0.6137421727180481,-0.8392775654792786,1.1707412004470825,0.17922863364219666,-0.7990149259567261,1.0887471437454224,0.18195995688438416,-0.806887149810791
8209,977040730,1,3,3.1043463257968416,0.0,0.0,0,False,0.6164020895957947,0.7726423740386963,-0.5082430243492126,0.3335406482219696,-1.0112696886062622,-0.5082430243492126,-1.3639706373214722,-0.7421082258224487,-0.5082430243492126,-1.0811092853546143,1.0418038368225098,-0.5082430243492126
8209,977040730,1,4,1.3800636468853917,0.0,0.0,0,False,-1.0754739046096802,-0.049201950430870056,-0.5082430243492126,0.7907702326774597,-0.3766285479068756,-0.5082430243492126,0.6649039387702942,-1.094032883644104,-0.5082430243492126,-1.2013401985168457,-0.766606330871582,-0.5082430243492126
8210,76975365,2,0,1.159161168159537,0.5795767903327942,0.0,1,True,3.000999927520752,0.0,0.0,-0.9987019300460815,0.05093637481331825,0.0,-0.9987019300460815,0.05093637481331825,-0.5795767903327942,-0.9987019300460815,0.05093637481331825,-0.5795767903327942
8210,76975365,2,1,0.28152132097857585,0.0,0.0,0,False,0.902305543422699,0.40993690490722656,-0.6495767831802368,0.856755793094635,-0.48314976692199707,-0.6495767831802368,0.5423508286476135,-0.46711429953575134,-0.6495767831802368,0.5879005193710327,0.4259723722934723,-0.6495767831802368
8210,76975365,2,2,0.07236550220441451,0.0,0.0,0,False,0.9574498534202576,-0.2241048961877823,-0.5759284496307373,0.9750000834465027,0.12000001966953278,-0.5759284496307373,1.1847552061080933,0.10930196940898895,-0.5759284496307373,1.1672048568725586,-0.2348029464483261,-0.5759284496307373
8210,76975365,2,3,0.6632827015872866,0.0,0.0,0,False,0.7497166395187378,0.42034146189689636,-0.5079888105392456,-1.09049654006958,0.5141971111297607,-0.5079888105392456,-1.0721609592437744,0.8736999034881592,-0.5079888105392456,0.7680522203445435,0.7798442840576172,-0.5079888105392456
8210,76975365,2,4,2.761328002719381,0.0,0.0,0,False,0.6044743061065674,0.778241753578186,-0.5079888105392456,0.520719051361084,-0.8639358282089233,-0.5079888105392456,-1.1564221382141113,-0.7783973217010498,-0.5079888105392456,-1.0726670026779175,0.8637802004814148,-0.5079888105392456
8210,76975365,2,5,0.7178220702187996,0.0,0.0,0,False,-1.1224077939987183,-0.3841753900051117,-0.5079888105392456,0.6904722452163696,-0.47663694620132446,-0.5079888105392456,0.6703298091888428,-0.8715663552284241,-0.5079888105392456,-1.1425502300262451,-0.7791048288345337,-0.5079888105392456
8210,177139542,3,0,0.8809163968739965,0.5871972441673279,0.0,1,True,2.000999927520752,0.0,0.0,-0.9991161227226257,0.04203599691390991,0.0,-0.9991161227226257,0.04203599691390991,-0.5871972441673279,-0.9991161227226257,0.04203599691390991,-0.5871972441673279
8210,177139542,3,1,0.5611769067826149,0.0,0.0,0,False,0.9722087383270264,0.7782241702079773,-0.6571972370147705,0.9109945893287659,-0.6767247915267944,-0.6571972370147705,0.5259739756584167,-0.6605257987976074,-0.6571972370147705,0.587188184261322,0.7944231629371643,-0.6571972370147705
8210,177139542,3,2,0.06193736130480909,0.0,0.0,0,False,0.9624799489974976,-0.17757993936538696,-0.5686949491500854,0.9751856327056885,0.12440987676382065,-0.5686949491500854,1.1799206733703613,0.11579602211713791,-0.5686949491500854,1.16721510887146,-0.1861938089132309,-0.5686949491500854
8210,177139542,3,3,2.69872710665169,0.0,0.0,0,False,0.5859225988388062,0.7730190753936768,-0.504827618598938,0.5176745057106018,-0.849112331867218,-0.504827618598938,-1.1430777311325073,-0.7792393565177917,-0.504827618598938,-1.0748296976089478,0.842892050743103,-0.504827618598938
8210,177139542,3,4,0.34706488295660876,0.0,0.0,0,False,-1.1227798461914062,-0.5922276973724365,-0.504827618598938,0.7246299982070923,-0.6699538826942444,-0.504827618598938,0.7167398929595947,-0.8574875593185425,-0.504827618598938,-1.1306699514389038,-0.7797614336013794,-0.504827618598938
8210,277008552,4,0,1.759995163469629,0.7040225863456726,0.0,1,True,4.000999927520752,0.0,0.0,-0.9985326528549194,-0.05415273457765579,0.0,-0.9985326528549194,-0.05415273457765579,-0.7040225863456726,-0.9985326528549194,-0.05415273457765579,-0.7040225863456726
8210,277008552,4,1,0.15411252780068674,0.0,0.0,0,False,0.9428703188896179,0.18268221616744995,-0.7740225791931152,0.9106655716896057,0.7765109539031982,-0.7740225791931152,1.1694281101226807,0.7905442118644714,-0.7740225791931152,1.2016327381134033,0.19671551883220673,-0.7740225791931152
8210,277008552,4,2,0.14539336784515555,0.0,0.0,0,False,0.9086185693740845,0.7926696538925171,-0.6820871829986572,0.9418103694915771,0.18064050376415253,-0.6820871829986572,0.7049474716186523,0.167794868350029,-0.6820871829986572,0.6717556715011597,0.7798240184783936,-0.6820871829986572
8210,277008552,4,3,0.07140215086641266,0.0,0.0,0,False,0.9591656923294067,0.11197196692228317,-0.6205282807350159,1.1690046787261963,0.1233520358800888,-0.6205282807350159,1.1874042749404907,-0.21592125296592712,-0.6205282807350159,0.9775652885437012,-0.22730131447315216,-0.6205282807350159
8210,277008552,4,4,0.2578471374438318,0.0,0.0,0,False,0.6902135610580444,0.40582504868507385,-0.6205282807350159,0.7487887740135193,-0.6742522120475769,-0.6205282807350159,0.5107585787773132,-0.6871612071990967,-0.6205282807350159,0.45218339562416077,0.39291611313819885,-0.6205282807350159
8210,277008552,4,5,0.5691439339450106,0.0,0.0,0,False,0.4671544134616852,0.11686289310455322,-0.6205282807350159,1.16729736328125,0.15483331680297852,-0.6205282807350159,1.2112534046173096,-0.6556795835494995,-0.6205282807350159,0.5111104249954224,-0.6936500072479248,-0.6205282807350159
8210,277008552,4,6,0.1545982238041752,0.0,0.0,0,False,0.4208845794200897,0.7636899948120117,-0.5041025280952454,-1.1228290796279907,0.6799707412719727,-0.5041025280952454,-1.1282442808151245,0.7798240184783936,-0.5041025280952454,0.41546928882598877,0.8635432720184326,-0.5041025280952454
8210,376926270,5,0,1.4183118572841718,0.7089789509773254,0.0,1,True,3.000999927520752,0.0,0.0,-0.9999980926513672,0.0019455435685813427,0.0,-0.9999980926513672,0.0019455435685813427,-0.7089789509773254,-0.9999980926513672,0.0019455435685813427,-0.7089789509773254
8210,376926270,5,1,0.07225473045421005,0.0,0.0,0,False,0.5723342895507812,0.4199954569339752,-0.5845965147018433,0.5699991583824158,-0.7801750898361206,-0.5845965147018433,0.5097956657409668,-0.7800579071044922,-0.5845965147018433,0.5121307969093323,0.42011258006095886,-0.5845965147018433
8210,376926270,5,2,0.17468726199084417,0.0,0.0,0,False,0.9141547083854675,0.13552694022655487,-0.7789789438247681,0.915409505367279,0.780495285987854,-0.7789789438247681,1.1862547397613525,0.7799683213233948,-0.7789789438247681,1.184999942779541,0.13499999046325684,-0.7789789438247681
8210,376926270,5,3,0.06313980975889688,0.0,0.0,0,False,0.9744164943695068,-0.1799113154411316,-0.5547540187835693,0.9750001430511475,0.12008754909038544,-0.5547540187835693,1.1854661703109741,0.1196780800819397,-0.5547540187835693,1.1848825216293335,-0.18032079935073853,-0.5547540187835693
8210,376926270,5,4,0.2650360213296592,0.0,0.0,0,False,0.627957820892334,-0.6746165752410889,-0.6615003943443298,0.6300882697105408,0.42037925124168396,-0.6615003943443298,0.8721303343772888,0.4199083149433136,-0.6615003943443298,0.8699998259544373,-0.6750875115394592,-0.6615003943443298
8210,376926270,5,5,0.5463117300799594,0.0,0.0,0,False,0.6299641132354736,0.47658583521842957,-0.5071777701377869,-1.1705833673477173,0.4800887107849121,-0.5071777701377869,-1.1699931621551514,0.7835018038749695,-0.5071777701377869,0.6305543780326843,0.7799988985061646,-0.5071777701377869
8210,376926270,5,6,2.5834308407804736,0.0,0.0,0,False,0.48274338245391846,0.7799946665763855,-0.5071777701377869,0.47970208525657654,-0.783122181892395,-0.5071777701377869,-1.173034906387329,-0.7799065113067627,-0.5071777701377869,-1.1699936389923096,0.7832103371620178,-0.5071777701377869
8210,376926270,5,7,0.546312392920898,0.0,0.0,0,False,0.6299641728401184,0.47658541798591614,-0.5071777701377869,-1.1705834865570068,0.4800886809825897,-0.5071777701377869,-1.1699931621551514,0.7835021018981934,-0.5071777701377869,0.6305544972419739,0.7799988389015198,-0.5071777701377869
8210,476951322,6,0,1.5882559395562446,0.6352802515029907,6.938893903907228e-18,1,True,4.000999927520752,0.0,0.0,-0.9989678859710693,0.04542244225740433,0.0,-0.9989678859710693,0.04542244225740433,-0.6352802515029907,-0.9989678859710693,0.04542244225740433,-0.6352802515029907
8210,476951322,6,1,0.02652447042323347,0.0,0.0,0,False,0.8850929737091064,0.6490880250930786,-0.7052802443504333,0.8637457489967346,0.17960233986377716,-0.7052802443504333,0.8073654770851135,0.18216592073440552,-0.7052802443504333,0.8287126421928406,0.6516516208648682,-0.7052802443504333
8210,476951322,6,2,2.6256124994054026,0.0,0.0,0,False,-1.1481561660766602,-0.7789471745491028,-0.5037605166435242,-1.0742136240005493,0.8472588658332825,-0.5037605166435242,0.5370184183120728,0.7739972472190857,-0.5037605166435242,0.4630759656429291,-0.8522087931632996,-0.5037605166435242
8210,476951322,6,3,0.27735733794685213,0.0,0.0,0,False,0.8229580521583557,-0.7199071049690247,-0.6133450269699097,0.8620636463165283,0.14013513922691345,-0.6133450269699097,1.18389093875885,0.1255018562078476,-0.6133450269699097,1.1447854042053223,-0.7345404028892517,-0.6133450269699097
8210,476951322,6,4,0.32942756181431054,0.0,0.0,0,False,0.8070086240768433,0.3689976632595062,-0.6133450269699097,0.7541976571083069,-0.7924676537513733,-0.6133450269699097,0.47115185856819153,-0.7795977592468262,-0.6133450269699097,0.5239627957344055,0.38186752796173096,-0.6133450269699097
8210,476951322,6,5,0.6539046501133399,0.0,0.0,0,False,0.5154241919517517,0.19407624006271362,-0.6133450269699097,1.1856234073638916,0.16360265016555786,-0.6133450269699097,1.1413509845733643,-0.8100712895393372,-0.6133450269699097,0.47115176916122437,-0.7795976996421814,-0.6133450269699097
8210,476951322,6,6,0.329427584456917,0.0,0.0,0,False,0.47115179896354675,-0.779597818851471,-0.6133450269699097,0.5239627957344055,0.38186755776405334,-0.6133450269699097,0.8070086240768433,0.3689976632595062,-0.6133450269699097,0.7541975975036621,-0.7924677133560181,-0.6133450269699097
8210,577016916,7,0,0.7040129473171992,0.7036613821983337,0.0,1,True,1.0010000467300415,0.0,0.0,-0.9999983906745911,-0.0017979645635932684,0.0,-0.9999983906745911,-0.0017979645635932684,-0.7036613821983337,-0.9999983906745911,-0.0017979645635932684,-0.7036613821983337
8210,577016916,7,1,0.15326796605992454,0.0,0.0,0,False,0.915539562702179,0.1798931062221527,-0.7736613750457764,0.9144611954689026,0.7796753644943237,-0.7736613750457764,1.1699997186660767,0.7801347970962524,-0.7736613750457764,1.171078085899353,0.18035255372524261,-0.7736613750457764
8210,577016916,7,2,0.40195706740142967,0.0,0.0,0,False,0.8698921203613281,0.7799727916717529,-0.6519728302955627,0.8726966381072998,-0.7798333764076233,-0.6519728302955627,0.6150006651878357,-0.7802966833114624,-0.6519728302955627,0.612196147441864,0.7795094847679138,-0.6519728302955627
8210,577016916,7,3,0.058674239117276095,0.0,0.0,0,False,0.9750005006790161,-0.18026970326900482,-0.5716461539268494,0.974460780620575,0.11991812288761139,-0.5716461539268494,1.1699185371398926,0.12026955187320709,-0.5716461539268494,1.1704583168029785,-0.1799182891845703,-0.5716461539268494
8210,577016916,7,4,2.653466370766738,0.0,0.0,0,False,0.5699945092201233,0.783047616481781,-0.5051583647727966,0.5728045701980591,-0.7798331379890442,-0.5051583647727966,-1.1249947547912598,-0.782885730266571,-0.5051583647727966,-1.1278047561645508,0.7799949645996094,-0.5051583647727966
8210,676921509,8,0,0.3540159477817884,0.7073251605033875,0.0,1,True,0.0010000000474974513,0.0,0.0,-0.9991655945777893,0.04084254056215286,0.0,-0.9991655945777893,0.04084254056215286,-0.7073251605033875,-0.9991655945777893,0.04084254056215286,-0.7073251605033875
8210,676921509,8,1,0.16286575479901488,0.0,0.0,0,False,1.188363790512085,0.7792493104934692,-0.7773251533508301,1.1634783744812012,0.170456200838089,-0.7773251533508301,0.8964022994041443,0.18137337267398834,-0.7773251533508301,0.9212877154350281,0.7901664972305298,-0.7773251533508301
8210,676921509,8,2,0.04869637969981522,0.0,0.0,0,False,0.965281069278717,-0.10276327282190323,-0.5772547125816345,0.9750000238418579,0.13500000536441803,-0.5772547125816345,1.1794687509536743,0.12664201855659485,-0.5772547125816345,1.1697497367858887,-0.111121267080307,-0.5772547125816345
8210,676921509,8,3,2.7838806186401186,0.0,0.0,0,False,-1.1412878036499023,-0.7793341875076294,-0.5031147003173828,-1.0750494003295898,0.8411126136779785,-0.5031147003173828,0.6400558352470398,0.771004855632782,-0.5031147003173828,0.5738174319267273,-0.8494419455528259,-0.5031147003173828
8210,676921509,8,4,0.08915534949328308,0.0,0.0,0,False,0.8700000047683716,0.6300000548362732,-0.6411559581756592,0.8513109087944031,0.17279301583766937,-0.6411559581756592,0.6566362380981445,0.18075066804885864,-0.6411559581756592,0.675325334072113,0.6379576921463013,-0.6411559581756592
8210,676921509,8,5,0.038488280747200676,0.0,0.0,0,False,0.770083487033844,0.18408426642417908,-0.7126953601837158,0.7858030796051025,0.5686460733413696,-0.7126953601837158,0.8857195973396301,0.5645618438720703,-0.7126953601837158,0.8700000047683716,0.18000000715255737,-0.7126953601837158
8210,776882102,9,0,1.0710266744933568,0.7138065695762634,0.0,1,True,2.000999927520752,0.0,0.0,-0.9998316764831543,0.018347298726439476,0.0,-0.9998316764831543,0.018347298726439476,-0.7138065695762634,-0.9998316764831543,0.018347298726439476,-0.7138065695762634
8210,776882102,9,1,0.08243909047723097,0.0,0.0,0,False,1.1957262754440308,0.7795278429985046,-0.783806562423706,1.184999942779541,0.19499999284744263,-0.783806562423706,1.0440120697021484,0.19758717715740204,-0.783806562423706,1.0547384023666382,0.7821150422096252,-0.783806562423706
8210,776882102,9,2,0.33584758662664527,0.0,0.0,0,False,0.8869413137435913,0.7816158533096313,-0.6695702075958252,0.858193039894104,-0.7850131392478943,-0.6695702075958252,0.6438892483711243,-0.7810806035995483,-0.6695702075958252,0.6726375222206116,0.7855483889579773,-0.6695702075958252
8210,776882102,9,3,0.06958041996367559,0.0,0.0,0,False,0.9694967269897461,-0.22489899396896362,-0.5728976726531982,0.97589111328125,0.12356197088956833,-0.5728976726531982,1.175503134727478,0.11989901214838028,-0.5728976726531982,1.1691087484359741,-0.22856195271015167,-0.5728976726531982
8210,776882102,9,4,0.1882586824557384,0.0,0.0,0,False,0.6481608152389526,0.3746667504310608,-0.5871862173080444,0.6269227266311646,-0.7826960682868958,-0.5871862173080444,0.4643157124519348,-0.7797121405601501,-0.5871862173080444,0.4855538010597229,0.377650648355484,-0.5871862173080444
8210,776882102,9,5,0.6086198338584539,0.0,0.0,0,False,0.47947490215301514,0.39138302206993103,-0.5039346218109131,-1.0866039991378784,0.4201211929321289,-0.5039346218109131,-1.079474925994873,0.8086169362068176,-0.5039346218109131,0.4866039454936981,0.7798787355422974,-0.5039346218109131
8210,776882102,9,6,2.5252826654226794,0.0,0.0,0,False,0.4866039454936981,0.7798787355422974,-0.5039346218109131,0.4574466645717621,-0.809038519859314,-0.5039346218109131,-1.1313287019729614,-0.779883861541748,-0.5039346218109131,-1.1021714210510254,0.8090333938598633,-0.5039346218109131
8210,877016237,10,0,2.8372355950100543,0.7092270255088806,0.0,1,True,7.000999927520752,0.0,0.0,-0.999912679195404,0.013215379789471626,0.0,-0.999912679195404,0.013215379789471626,-0.7092270255088806,-0.999912679195404,0.013215379789471626,-0.7092270255088806
8210,877016237,10,1,0.5347248036692012,0.0,0.0,0,False,0.25278159976005554,-0.5227899551391602,-0.5163728594779968,0.27007073163986206,0.7853516936302185,-0.5163728594779968,0.6787660717964172,0.7799501419067383,-0.5163728594779968,0.6614769697189331,-0.5281915068626404,-0.5163728594779968
8210,877016237,10,2,0.09457857221020038,0.0,0.0,0,False,0.9274232983589172,0.18003404140472412,-0.7792270183563232,0.9326187372207642,0.5731373429298401,-0.7792270183563232,1.1731714010238647,0.5699580311775208,-0.7792270183563232,1.1679760217666626,0.17685475945472717,-0.7792270183563232
8210,877016237,10,3,0.3363050648656497,0.0,0.0,0,False,0.24561423063278198,0.7797275185585022,-0.5704492926597595,0.22499999403953552,-0.7799999713897705,-0.5704492926597595,0.009419823065400124,-0.7771507501602173,-0.5704492926597595,0.030034054070711136,0.7825767993927002,-0.5704492926597595
8210,877016237,10,4,0.17409504753897886,0.0,0.0,0,False,0.03006025031208992,-0.5204410552978516,-0.5704492926597595,0.7075191736221313,-0.5293947458267212,-0.5704492926597595,0.704123318195343,-0.7863323092460632,-0.5704492926597595,0.02666441723704338,-0.7773786187171936,-0.5704492926597595
8210,877016237,10,5,0.39766004537558786,0.0,0.0,0,False,0.6597375869750977,-0.779798150062561,-0.5704492926597595,0.680396318435669,0.7832988500595093,-0.5704492926597595,0.9347571134567261,0.7799370884895325,-0.5704492926597595,0.9140983819961548,-0.7831599116325378,-0.5704492926597595
8210,877016237,10,6,0.10362123822081326,0.0,0.0,0,False,0.9321672320365906,0.5839800834655762,-0.5704492926597595,0.926784098148346,0.1766723096370697,-0.5704492926597595,0.672423243522644,0.1800340712070465,-0.5704492926597595,0.6778064370155334,0.587341845035553,-0.5704492926597595
8210,877016237,10,7,0.24115271648936965,0.0,0.0,0,False,0.6750262975692749,0.1819821447134018,-0.5704492926597595,0.9257093667984009,0.17866897583007812,-0.5704492926597595,0.9129974842071533,-0.7831454873085022,-0.5704492926597595,0.6623144149780273,-0.7798323035240173,-0.5704492926597595
8210,877016237,10,8,0.029842298921568755,0.0,0.0,0,False,0.9293870329856873,0.5836203098297119,-0.5704492926597595,0.7774310111999512,0.5856286883354187,-0.5704492926597595,0.7800261378288269,0.7819821238517761,-0.5704492926597595,0.931982159614563,0.7799737453460693,-0.5704492926597595
8210,877016237,10,9,1.6825432316107567,0.0,0.0,0,False,-0.009385771118104458,0.7797274589538574,-0.5050524473190308,-0.03018338233232498,-0.793874979019165,-0.5050524473190308,-1.0992268323898315,-0.779745876789093,-0.5050524473190308,-1.0784292221069336,0.7938565611839294,-0.5050524473190308
8210,976888747,11,0,0.8285355587017892,0.5521761178970337,0.0,1,True,2.000999927520752,0.0,0.0,-0.9999745488166809,0.00713319331407547,0.0,-0.9999745488166809,0.00713319331407547,-0.5521761178970337,-0.9999745488166809,0.00713319331407547,-0.5521761178970337
8210,976888747,11,1,0.39296170105499684,0.0,0.0,0,False,0.8745946884155273,0.41932523250579834,-0.6221761107444763,0.8660168051719666,-0.7831814885139465,-0.6221761107444763,0.539247989654541,-0.7808505892753601,-0.6221761107444763,0.5478258728981018,0.42165619134902954,-0.6221761107444763
8210,976888747,11,2,0.06826844002485544,0.0,0.0,0,False,0.9725414514541626,-0.2246614396572113,-0.5731488466262817,0.9750076532363892,0.12106994539499283,-0.5731488466262817,1.172458529472351,0.11966145783662796,-0.5731488466262817,1.1699923276901245,-0.22606994211673737,-0.5731488466262817
8210,976888747,11,3,0.5296019177661613,0.0,0.0,0,False,0.5698067545890808,0.4679103493690491,-0.5080000758171082,-1.127139925956726,0.48001527786254883,-0.5080000758171082,-1.1249138116836548,0.7920904755592346,-0.5080000758171082,0.5720328688621521,0.7799855470657349,-0.5080000758171082
8210,976888747,11,4,2.6074149051611073,0.0,0.0,0,False,0.5339875221252441,0.779935896396637,-0.5080000758171082,0.5227761268615723,-0.7917541265487671,-0.5080000758171082,-1.1361274719238281,-0.7799206376075745,-0.5080000758171082,-1.1249160766601562,0.7917693853378296,-0.5080000758171082
8211,77060799,12,0,0.35521514354525224,0.7097213864326477,0.0,1,True,0.0010000000474974513,0.0,0.0,-0.9988422393798828,0.048105936497449875,0.0,-0.9988422393798828,0.048105936497449875,-0.7097213864326477,-0.9988422393798828,0.048105936497449875,-0.7097213864326477
8211,77060799,12,1,0.25345205040235186,0.0,0.0,0,False,0.792278528213501,0.7692946195602417,-0.6137067675590515,0.7172159552574158,-0.7892574071884155,-0.6137067675590515,0.5549721121788025,-0.7814434766769409,-0.6137067675590515,0.6300346255302429,0.7771085500717163,-0.6137067675590515
8211,77060799,12,2,0.1358754141421219,0.0,0.0,0,False,0.9236897826194763,-0.7724718451499939,-0.7797213792800903,0.9502188563346863,-0.2216392159461975,-0.7797213792800903,1.1963207721710205,-0.2334918975830078,-0.7797213792800903,1.1697916984558105,-0.784324586391449,-0.7797213792800903
8211,77060799,12,3,2.718465493786809,0.0,0.0,0,False,-1.152179479598999,-0.7786909937858582,-0.5043323040008545,-1.073645830154419,0.851936399936676,-0.5043323040008545,0.5896247029304504,0.7718306183815002,-0.5043323040008545,0.5110910534858704,-0.8587967753410339,-0.5043323040008545
8211,77060799,12,4,0.3190087134593256,0.0,0.0,0,False,0.7193524837493896,-0.7792462706565857,-0.71856290102005,0.7948663234710693,0.7886754870414734,-0.71856290102005,0.9978550672531128,0.7788991928100586,-0.71856290102005,0.9223412275314331,-0.7890225648880005,-0.71856290102005
8211,177022268,13,0,0.3538159103564478,0.7069262266159058,6.938893903907228e-18,1,True,0.0010000000474974513,0.0,0.0,-0.998092532157898,-0.06173604726791382,0.0,-0.998092532157898,-0.06173604726791382,-0.7069262266159058,-0.998092532157898,-0.06173604726791382,-0.7069262266159058
8211,177022268,13,1,0.3878007611263534,0.0,0.0,0,False,0.824773907661438,0.7818415760993958,-0.6626336574554443,0.92158442735672,-0.7833040356636047,-0.6626336574554443,0.6747558116912842,-0.7985713481903076,-0.6626336574554443,0.5779452919960022,0.7665742635726929,-0.6626336574554443
8211,177022268,13,2,0.20025016393696227,0.0,0.0,0,False,0.8704002499580383,0.17353010177612305,-0.7769262194633484,0.8336579203605652,0.7675461173057556,-0.7769262194633484,1.1694854497909546,0.7883184552192688,-0.7769262194633484,1.2062277793884277,0.19430238008499146,-0.7769262194633484
8211,177022268,13,3,0.06647405203911938,0.0,0.0,0,False,0.9877588152885437,-0.23627233505249023,-0.5785884857177734,0.9659287929534912,0.11665547639131546,-0.5785884857177734,1.1535612344741821,0.12826129794120789,-0.5785884857177734,1.1753911972045898,-0.2246665209531784,-0.5785884857177734
8211,177022268,13,4,2.854726054707468,0.0,0.0,0,False,0.5480256080627441,0.8862668871879578,-0.5069519877433777,0.6500386595726013,-0.7629877328872681,-0.5069519877433777,-1.0742831230163574,-0.869644045829773,-0.5069519877433777,-1.1762962341308594,0.7796105742454529,-0.5069519877433777
8211,276947569,14,0,1.0430964991693443,0.6952541470527649,0.0,1,True,2.000999927520752,0.0,0.0,-0.9994291663169861,0.03378339856863022,0.0,-0.9994291663169861,0.03378339856863022,-0.6952541470527649,-0.9994291663169861,0.03378339856863022,-0.6952541470527649
8211,276947569,14,1,0.18681561834275695,0.0,0.0,0,False,0.7921262979507446,0.02249155193567276,-0.6033070683479309,0.764674723148346,-0.7896227240562439,-0.6033070683479309,0.5349011421203613,-0.7818557620048523,-0.6033070683479309,0.56235271692276,0.03025849536061287,-0.6033070683479309
8211,276947569,14,2,0.49720735548374506,0.0,0.0,0,False,0.8276797533035278,-0.7719779014587402,-0.7652541399002075,0.8767380714416504,0.6793355941772461,-0.7652541399002075,1.2189383506774902,0.6677682995796204,-0.7652541399002075,1.1698800325393677,-0.783545196056366,-0.7652541399002075
8211,276947569,14,3,0.18630728628624593,0.0,0.0,0,False,0.7195322513580322,0.06741023063659668,-0.5798695087432861,0.45621350407600403,0.07631108909845352,-0.5798695087432861,0.4801027476787567,0.7830387949943542,-0.5798695087432861,0.7434214949607849,0.7741379141807556,-0.5798695087432861
8211,276947569,14,4,0.13492294095028612,0.0,0.0,0,False,0.727167546749115,-0.7766929268836975,-0.6734429597854614,0.7727489471435547,0.5717662572860718,-0.6734429597854614,0.8726918697357178,0.5683879256248474,-0.6734429597854614,0.8271104693412781,-0.7800712585449219,-0.6734429597854614
8211,276947569,14,5,1.45390900850865,0.0,0.0,0,False,0.49871766567230225,0.07373382151126862,-0.5052421689033508,0.46803900599479675,-0.8338488340377808,-0.5052421689033508,-1.1320903301239014,-0.7797603011131287,-0.5052421689033508,-1.1014117002487183,0.12782235443592072,-0.5052421689033508
8211,276947569,14,6,2.498689893002397,0.0,0.0,0,False,0.4726547300815582,0.7777130603790283,-0.5052421689033508,0.4182366728782654,-0.8321653604507446,-0.5052421689033508,-1.132090449333191,-0.7797602415084839,-0.5052421689033508,-1.0776723623275757,0.8301181197166443,-0.5052421689033508
8211,377035913,15,0,1.423589270360828,0.7121539115905762,0.0,1,True,3.000999927520752,0.0,0.0,-0.9959779977798462,-0.08959783613681793,0.0,-0.9959779977798462,-0.08959783613681793,-0.7121539115905762,-0.9959779977798462,-0.08959783613681793,-0.7121539115905762
8211,377035913,15,1,0.20634311049977683,0.0,0.0,0,False,0.8750854730606079,0.1684696078300476,-0.7821539044380188,0.8220386505126953,0.7581432461738586,-0.7821539044380188,1.1691571474075317,0.7893699407577515,-0.7821539044380188,1.2222039699554443,0.19969625771045685,-0.7821539044380188
8211,377035913,15,2,0.49205228630081876,0.0,0.0,0,False,0.5229754447937012,-0.49097731709480286,-0.6321617364883423,0.41174018383026123,0.7455219626426697,-0.6321617364883423,0.8064854145050049,0.7810331583023071,-0.6321617364883423,0.9177206754684448,-0.455466091632843,-0.6321617364883423
8211,377035913,15,3,0.0707846715288043,0.0,0.0,0,False,0.999320924282074,-0.24035421013832092,-0.5728369951248169,0.9673298597335815,0.11526180803775787,-0.5728369951248169,1.1647800207138062,0.13302434980869293,-0.5728369951248169,1.1967710256576538,-0.22259166836738586,-0.5728369951248169
8211,377035913,15,4,2.6954727424730995,0.0,0.0,0,False,0.3949377238750458,0.9207815527915955,-0.5049880146980286,0.546912670135498,-0.7685828804969788,-0.5049880146980286,-1.0358328819274902,-0.9109663963317871,-0.5049880146980286,-1.1878077983856201,0.7783980369567871,-0.5049880146980286
8211,377035913,15,5,0.5142594340710147,0.0,0.0,0,False,-1.0333855152130127,-0.6312041282653809,-0.5049880146980286,0.6667470932006836,-0.47826045751571655,-0.5049880146980286,0.6937398910522461,-0.7783141136169434,-0.5049880146980286,-1.0063927173614502,-0.9312578439712524,-0.5049880146980286
8211,377035913,15,6,0.29845005161826244,0.0,0.0,0,False,0.5271449089050293,0.7561568021774292,-0.5049880146980286,-1.1636178493499756,0.6040561199188232,-0.5049880146980286,-1.1793698072433472,0.7791571021080017,-0.5049880146980286,0.5113928914070129,0.9312577247619629,-0.5049880146980286
8211,477071173,16,0,2.1457277845748672,0.7151244282722473,0.0,1,True,5.000999927520752,0.0,0.0,-0.9999898076057434,0.004517079796642065,0.0,-0.9999898076057434,0.004517079796642065,-0.7151244282722473,-0.9999898076057434,0.004517079796642065,-0.7151244282722473
8211,477071173,16,1,0.1220162494920558,0.0,0.0,0,False,0.9441207647323608,0.1353427767753601,-0.7851244211196899,0.9465630054473877,0.6760093569755554,-0.7851244211196899,1.1722358465194702,0.6749899387359619,-0.7851244211196899,1.1697936058044434,0.134323388338089,-0.7851244211196899
8211,477071173,16,2,0.030802068641805236,0.0,0.0,0,False,0.6349999904632568,-0.03500000014901161,-0.6332579851150513,0.6369883418083191,0.405171662569046,-0.6332579851150513,0.7069643139839172,0.4048555791378021,-0.6332579851150513,0.704975962638855,-0.03531608730554581,-0.6332579851150513
8211,477071173,16,3,0.1457810589155466,0.0,0.0,0,False,0.7757343649864197,-0.5693031549453735,-0.7180430293083191,0.780003011226654,0.37567755579948425,-0.7180430293083191,0.9342687129974365,0.37498071789741516,-0.7180430293083191,0.9300000071525574,-0.5699999928474426,-0.7180430293083191
8211,477071173,16,4,2.83362838553321,0.0,0.0,0,False,0.6370466947555542,0.7799682021141052,-0.5053874254226685,0.6299632787704468,-0.7881308794021606,-0.5053874254226685,-1.1770466566085815,-0.7799682021141052,-0.5053874254226685,-1.1699632406234741,0.7881308197975159,-0.5053874254226685
8211,477071173,16,5,1.4235658899090655,0.0,0.0,0,False,-1.1668691635131836,-0.026897359639406204,-0.5053874254226685,0.7233632802963257,-0.035435695201158524,-0.5053874254226685,0.7199614644050598,-0.7885371446609497,-0.5053874254226685,-1.1702710390090942,-0.7799988389015198,-0.5053874254226685
8211,477071173,16,6,0.7520503055871508,0.0,0.0,0,False,0.8690128922462463,0.4114672839641571,-0.5053874254226685,-1.1716228723526,0.42068490386009216,-0.5053874254226685,-1.169958233833313,0.7892146110534668,-0.5053874254226685,0.8706775307655334,0.7799970507621765,-0.5053874254226685
8211,477071173,16,7,0.44677513891842935,0.0,0.0,0,False,-1.1692816019058228,-0.5609914064407349,-0.5053874254226685,0.8706766366958618,-0.570206344127655,-0.5053874254226685,0.8696873784065247,-0.7892137765884399,-0.5053874254226685,-1.1702709197998047,-0.7799988389015198,-0.5053874254226685
8211,477071173,16,8,0.0456389204762333,0.0,0.0,0,False,0.8693418502807617,0.4843027889728546,-0.5053874254226685,0.7149999737739563,0.48499998450279236,-0.5053874254226685,0.7163357138633728,0.7806941866874695,-0.5053874254226685,0.8706775307655334,0.7799969911575317,-0.5053874254226685
8211,576916558,17,0,0.36117297943192583,0.7216252088546753,6.938893903907228e-18,1,True,0.0010000000474974513,0.0,0.0,-0.9987919926643372,-0.04913800209760666,0.0,-0.9987919926643372,-0.04913800209760666,-0.7216252088546753,-0.9987919926643372,-0.04913800209760666,-0.7216252088546753
8211,576916558,17,1,0.09782814521912542,0.0,0.0,0,False,1.1697826385498047,0.7844170928001404,-0.7916252017021179,1.197238564491272,0.22634005546569824,-0.7916252017021179,1.0223667621612549,0.21773681044578552,-0.7916252017021179,0.9949108362197876,0.7758138179779053,-0.7916252017021179
8211,576916558,17,2,0.03651738721730613,0.0,0.0,0,False,1.0802173614501953,-0.22941707074642181,-0.5896141529083252,1.06306791305542,0.11916698515415192,-0.5896141529083252,1.167574167251587,0.12430842965841293,-0.5896141529083252,1.1847236156463623,-0.2242756336927414,-0.5896141529083252
8211,576916558,17,3,2.6616356492614823,0.0,0.0,0,False,-1.073433518409729,-0.8534732460975647,-0.5039296746253967,-1.1537266969680786,0.7785866260528564,-0.5039296746253967,0.4731799066066742,0.8586263060569763,-0.5039296746253967,0.5534731149673462,-0.7734335660934448,-0.5039296746253967
8211,576916558,17,4,0.18122761545938326,0.0,0.0,0,False,0.9922905564308167,0.7882302403450012,-0.7089883685112,1.021484136581421,0.19483225047588348,-0.7089883685112,0.7168150544166565,0.17984332144260406,-0.7089883685112,0.6876214146614075,0.7732412815093994,-0.7089883685112
8211,676924109,18,0,2.4617341541079534,0.7032780051231384,0.0,1,True,6.000999927520752,0.0,0.0,-0.9996998310089111,0.024499038234353065,0.0,-0.9996998310089111,0.024499038234353065,-0.7032780051231384,-0.9996998310089111,0.024499038234353065,-0.7032780051231384
8211,676924109,18,1,0.06075466073604341,0.0,0.0,0,False,0.8882883787155151,0.7795518040657043,-0.6933901309967041,0.873539388179779,0.17770768702030182,-0.6933901309967041,0.7726524472236633,0.18018005788326263,-0.6933901309967041,0.7874014973640442,0.7820242047309875,-0.6933901309967041
8211,676924109,18,2,0.15316435039745624,0.0,0.0,0,False,0.9102240800857544,0.18011704087257385,-0.773277997970581,0.9250721335411072,0.7860022783279419,-0.773277997970581,1.1777147054672241,0.779810905456543,-0.773277997970581,1.1628667116165161,0.17392568290233612,-0.773277997970581
8211,676924109,18,3,0.12011461871763096,0.0,0.0,0,False,0.758144736289978,0.4794327914714813,-0.6295508742332458,0.7344982028007507,-0.48547786474227905,-0.6295508742332458,0.6100903153419495,-0.48242905735969543,-0.6295508742332458,0.633736789226532,0.48248159885406494,-0.6295508742332458
8211,676924109,18,4,0.3650165334512434,0.0,0.0,0,False,0.630062997341156,0.1825716197490692,-0.6295508742332458,1.1785558462142944,0.16913007199764252,-0.6295508742332458,1.1622568368911743,-0.4959605932235718,-0.6295508742332458,0.6137640476226807,-0.4825190305709839,-0.6295508742332458
8211,676924109,18,5,0.10734223822440292,0.0,0.0,0,False,0.8723753094673157,0.12692610919475555,-0.6295508742332458,1.1773384809494019,0.119452565908432,-0.6295508742332458,1.1687177419662476,-0.23232047259807587,-0.6295508742332458,0.8637546300888062,-0.22484692931175232,-0.6295508742332458
8211,676924109,18,6,0.5533977488756676,0.0,0.0,0,False,0.7189196348190308,0.480914831161499,-0.5050347447395325,-1.1312181949615479,0.5262551307678223,-0.5050347447395325,-1.1238924264907837,0.8251872062683105,-0.5050347447395325,0.7262454032897949,0.7798469662666321,-0.5050347447395325
8211,676924109,18,7,2.836165486533874,0.0,0.0,0,False,0.6373475193977356,0.7798199653625488,-0.5050347447395325,0.5980600714683533,-0.8233289122581482,-0.5050347447395325,-1.1699998378753662,-0.7800000309944153,-0.5050347447395325,-1.1307123899459839,0.823148787021637,-0.5050347447395325
8211,676924109,18,8,0.627726786092083,0.0,0.0,0,False,-1.1616621017456055,-0.4397687017917633,-0.5050347447395325,0.6822304725646973,-0.48495593667030334,-0.5050347447395325,0.673892617225647,-0.8251872658729553,-0.5050347447395325,-1.1699999570846558,-0.7800000309944153,-0.5050347447395325
8211,777007786,19,0,1.0540123420558678,0.7027023434638977,6.938893903907228e-18,1,True,2.000999927520752,0.0,0.0,-0.9983249306678772,-0.05785583704710007,0.0,-0.9983249306678772,-0.05785583704710007,-0.7027023434638977,-0.9983249306678772,-0.05785583704710007,-0.7027023434638977
8211,777007786,19,1,0.20035791162761019,0.0,0.0,0,False,0.8729506134986877,0.17408594489097595,-0.7727023363113403,0.8379939198493958,0.777275800704956,-0.7727023363113403,1.1690460443496704,0.796461284160614,-0.7727023363113403,1.2040026187896729,0.19327139854431152,-0.7727023363113403
8211,777007786,19,2,0.07063073738617609,0.0,0.0,0,False,0.9756025075912476,-0.2353965938091278,-0.5844478607177734,0.9560901522636414,0.10129623115062714,-0.5844478607177734,1.165165901184082,0.1134127825498581,-0.5844478607177734,1.184678316116333,-0.22328004240989685,-0.5844478607177734
8211,777007786,19,3,0.3846368362397641,0.0,0.0,0,False,0.8528859615325928,0.41530904173851013,-0.6407318711280823,0.9219831824302673,-0.7769874334335327,-0.6407318711280823,0.6004613637924194,-0.7956206202507019,-0.6407318711280823,0.5313641428947449,0.39667588472366333,-0.6407318711280823
8211,777007786,19,4,0.8565047468875102,0.0,0.0,0,False,0.651773989200592,0.40428271889686584,-0.5045226216316223,-1.1375062465667725,0.300588458776474,-0.5045226216316223,-1.1651548147201538,0.7776728868484497,-0.5045226216316223,0.6241254806518555,0.8813671469688416,-0.5045226216316223
8211,777007786,19,5,2.751525704439093,0.0,0.0,0,False,0.502149224281311,0.8742982745170593,-0.5045226216316223,0.5973747372627258,-0.7688512802124023,-0.5045226216316223,-1.071563720703125,-0.8655713200569153,-0.5045226216316223,-1.1667892932891846,0.7775781750679016,-0.5045226216316223
8211,876953505,20,0,2.779269959185851,0.6947529911994934,0.0,1,True,7.000999927520752,0.0,0.0,-0.9997060298919678,0.024245334789156914,0.0,-0.9997060298919678,0.024245334789156914,-0.6947529911994934,-0.9997060298919678,0.024245334789156914,-0.6947529911994934
8211,876953505,20,1,0.030502071746200565,0.0,0.0,0,False,0.45906752347946167,-0.12461359798908234,-0.5526213645935059,0.4719431698322296,0.4062867760658264,-0.5526213645935059,0.5293628573417664,0.4048942029476166,-0.5526213645935059,0.5164872407913208,-0.12600617110729218,-0.5526213645935059
8211,876953505,20,2,0.1573354815533743,0.0,0.0,0,False,1.1761807203292847,0.7798500657081604,-0.764752984046936,1.1619131565093994,0.19155822694301605,-0.764752984046936,0.8946257829666138,0.19804061949253082,-0.764752984046936,0.9088932871818542,0.7863324284553528,-0.764752984046936
8211,876953505,20,3,0.22864303978454315,0.0,0.0,0,False,0.5253791213035583,-0.16436631977558136,-0.6256296038627625,1.1710906028747559,-0.18002645671367645,-0.6256296038627625,1.1625080108642578,-0.5339130163192749,-0.6256296038627625,0.5167964696884155,-0.5182529091835022,-0.6256296038627625
8211,876953505,20,4,0.3216424994078402,0.0,0.0,0,False,0.5080707669258118,-0.51804119348526,-0.6256296038627625,0.5298321843147278,0.3792482316493988,-0.6256296038627625,0.8880816102027893,0.37055981159210205,-0.6256296038627625,0.8663201928138733,-0.5267296433448792,-0.6256296038627625
8211,876953505,20,5,0.04061394460509682,0.0,0.0,0,False,0.7407819032669067,0.46340465545654297,-0.6256296038627625,0.7349030375480652,0.22100068628787994,-0.6256296038627625,0.567454993724823,0.22506169974803925,-0.6256296038627625,0.5733338594436646,0.46746566891670227,-0.6256296038627625
8211,876953505,20,6,0.46042599019168096,0.0,0.0,0,False,0.5251233577728271,0.1850900501012802,-0.6256296038627625,1.179560661315918,0.1692182868719101,-0.6256296038627625,1.1625078916549683,-0.5339130163192749,-0.6256296038627625,0.5080706477165222,-0.5180412530899048,-0.6256296038627625
8211,876953505,20,7,2.5785429110481033,0.0,0.0,0,False,0.48000001907348633,0.7799999117851257,-0.5048993229866028,0.441244900226593,-0.8179852962493896,-0.5048993229866028,-1.171427845954895,-0.7788739800453186,-0.5048993229866028,-1.132672667503357,0.8191112279891968,-0.5048993229866028
8211,876953505,20,8,1.143357909552083,0.0,0.0,0,False,-1.1546368598937988,-0.0865403264760971,-0.5048993229866028,0.4958474040031433,-0.1265687346458435,-0.5048993229866028,0.47905656695365906,-0.8189023733139038,-0.5048993229866028,-1.1714277267456055,-0.7788739800453186,-0.5048993229866028
8211,876953505,20,9,0.6389352355304458,0.0,0.0,0,False,0.5678029656410217,0.40441039204597473,-0.5048993229866028,-1.1331084966659546,0.4456618130207062,-0.5048993229866028,-1.1240036487579346,0.8210838437080383,-0.5048993229866028,0.5769078731536865,0.7798324227333069,-0.5048993229866028
8211,976920515,21,0,1.4225420760712602,0.7111172676086426,3.469446951953614e-18,1,True,3.000999927520752,0.0,0.0,-0.9998200535774231,0.018969351425766945,0.0,-0.9998200535774231,0.018969351425766945,-0.7111172676086426,-0.9998200535774231,0.018969351425766945,-0.7111172676086426
8211,976920515,21,1,0.12390171663942962,0.0,0.0,0,False,1.1805260181427002,0.7798002362251282,-0.7811172604560852,1.1693769693374634,0.19216589629650116,-0.7811172604560852,0.9586045145988464,0.1961648315191269,-0.7811172604560852,0.9697535634040833,0.7837991714477539,-0.7811172604560852
8211,976920515,21,2,0.5117708982272706,0.0,0.0,0,False,0.9571897983551025,0.522491991519928,-0.625352680683136,0.9323475360870361,-0.7868746519088745,-0.625352680683136,0.5416343808174133,-0.7794618010520935,-0.625352680683136,0.5664767026901245,0.5299049019813538,-0.625352680683136
8211,976920515,21,3,0.5525045837199833,0.0,0.0,0,False,0.5599334836006165,0.1850290298461914,-0.625352680683136,1.1325732469558716,0.17416447401046753,-0.625352680683136,1.1142741441726685,-0.7903263568878174,-0.625352680683136,0.5416344404220581,-0.7794618010520935,-0.625352680683136
8211,976920515,21,4,0.4278019521694709,0.0,0.0,0,False,0.6293684840202332,0.5367147326469421,-0.5046433210372925,-1.1289827823638916,0.570075511932373,-0.5046433210372925,-1.12436842918396,0.8132851719856262,-0.5046433210372925,0.6339828372001648,0.7799243927001953,-0.5046433210372925
8212,77097233,22,0,1.0345702437117614,0.6897259950637817,0.0,1,True,2.000999927520752,0.0,0.0,-0.9984191060066223,0.056207358837127686,0.0,-0.9984191060066223,0.056207358837127686,-0.6897259950637817,-0.9984191060066223,0.056207358837127686,-0.6897259950637817
8212,77097233,22,1,0.15586947030491416,0.0,0.0,0,False,1.181784749031067,0.7793365120887756,-0.7589694261550903,1.1466559171676636,0.1553364098072052,-0.7589694261550903,0.8976542353630066,0.16935428977012634,-0.7589694261550903,0.9327831864356995,0.7933543920516968,-0.7589694261550903
8212,77097233,22,2,0.45382346821414465,0.0,0.0,0,False,0.9082005023956299,0.45524948835372925,-0.6293309330940247,0.8375747203826904,-0.7992857098579407,-0.6293309330940247,0.47697126865386963,-0.7789850234985352,-0.6293309330940247,0.5475970506668091,0.4755501449108124,-0.6293309330940247
8212,77097233,22,3,0.05872001267984728,0.0,0.0,0,False,1.1860651969909668,0.10536964982748032,-0.5739087462425232,1.167000651359558,-0.23327559232711792,-0.5739087462425232,0.9941516518592834,-0.22354480624198914,-0.5739087462425232,1.0132161378860474,0.1151004210114479,-0.5739087462425232
8212,77097233,22,4,0.5309589391493841,0.0,0.0,0,False,0.6294924020767212,0.4709840416908264,-0.5081669688224792,-1.088573694229126,0.5677048563957214,-0.5081669688224792,-1.0712305307388306,0.8757730722427368,-0.5081669688224792,0.6468355059623718,0.779052197933197,-0.5081669688224792
8212,77097233,22,5,2.690018204812837,0.0,0.0,0,False,0.5559021830558777,0.778260350227356,-0.5081669688224792,0.4631445109844208,-0.8694067597389221,-0.5081669688224792,-1.1643199920654297,-0.777786374092102,-0.5081669688224792,-1.0715622901916504,0.869880735874176,-0.5081669688224792
8212,77097233,22,6,0.15459300842998402,0.0,0.0,0,False,-1.122746229171753,-0.679968535900116,-0.5081669688224792,0.42073965072631836,-0.7668612599372864,-0.5081669688224792,0.415118932723999,-0.8667032122612,-0.5081669688224792,-1.1283670663833618,-0.7798104286193848,-0.5081669688224792
8212,176969743,23,0,2.190469024523618,0.7300500273704529,0.0,1,True,5.000999927520752,0.0,0.0,-0.9998486042022705,0.017398912459611893,0.0,-0.9998486042022705,0.017398912459611893,-0.7300500273704529,-0.9998486042022705,0.017398912459611893,-0.7300500273704529
8212,176969743,23,1,0.09255003216855684,0.0,0.0,0,False,1.0116679668426514,0.1961890608072281,-0.8000500202178955,1.0218720436096191,0.7825775742530823,-0.8000500202178955,1.179654836654663,0.7798318862915039,-0.8000500202178955,1.1694507598876953,0.1934434026479721,-0.8000500202178955
8212,176969743,23,2,0.11534570875461458,0.0,0.0,0,False,0.9952232837677002,0.7804311513900757,-0.7207480072975159,0.9839572906494141,0.1330169439315796,-0.7207480072975159,0.8058475255966187,0.13611634075641632,-0.7207480072975159,0.8171135187149048,0.7835305333137512,-0.7207480072975159
8212,176969743,23,3,0.044554408304932736,0.0,0.0,0,False,1.0200453996658325,0.10760942846536636,-0.6313549280166626,1.1749578714370728,0.10491371899843216,-0.6313549280166626,1.169954538345337,-0.182609423995018,-0.6313549280166626,1.0150420665740967,-0.1799137145280838,-0.6313549280166626
8212,176969743,23,4,0.30100544029901677,0.0,0.0,0,False,0.7992780804634094,0.32783737778663635,-0.6313549280166626,0.7799999713897705,-0.7799999713897705,-0.6313549280166626,0.5083767771720886,-0.775273323059082,-0.6313549280166626,0.5276548862457275,0.33256402611732483,-0.6313549280166626
8212,176969743,23,5,0.5850212641542814,0.0,0.0,0,False,0.5250771641731262,0.12443608045578003,-0.6313549280166626,1.1751008033752441,0.11312462389469147,-0.6313549280166626,1.1594440937042236,-0.7866029143333435,-0.6313549280166626,0.5094204545021057,-0.7752914428710938,-0.6313549280166626
8212,176969743,23,6,0.7855359454058792,0.0,0.0,0,False,0.672646701335907,0.34476229548454285,-0.5053773522377014,-1.132027268409729,0.37616637349128723,-0.5053773522377014,-1.1244549751281738,0.8113132119178772,-0.5053773522377014,0.6802188754081726,0.7799091339111328,-0.5053773522377014
8212,176969743,23,7,2.6508078177060668,0.0,0.0,0,False,0.5302188396453857,0.7799092531204224,-0.5053773522377014,0.5025812387466431,-0.8083223104476929,-0.5053773522377014,-1.1659445762634277,-0.7792874574661255,-0.5053773522377014,-1.138306975364685,0.8089441061019897,-0.5053773522377014
8212,276901753,24,0,1.2179805643978059,0.6088976263999939,0.0,1,True,3.000999927520752,0.0,0.0,-0.9994783997535706,-0.03229482099413872,0.0,-0.9994783997535706,-0.03229482099413872,-0.6088976263999939,-0.9994783997535706,-0.03229482099413872,-0.6088976263999939
8212,276901753,24,1,0.11770424583059391,0.0,0.0,0,False,0.5877301096916199,0.3779962956905365,-0.5673345923423767,0.6150313019752502,-0.46693769097328186,-0.5673345923423767,0.4758707582950592,-0.47143420577049255,-0.5673345923423767,0.44856953620910645,0.3734997808933258,-0.5673345923423767
8212,276901753,24,2,0.030756100778829065,0.0,0.0,0,False,1.0950312614440918,-0.2259683459997177,-0.5855377912521362,1.0841089487075806,0.11206316947937012,-0.5855377912521362,1.1749999523162842,0.11500000953674316,-0.5855377912521362,1.1859222650527954,-0.22303150594234467,-0.5855377912521362
8212,276901753,24,3,0.7067845319917474,0.0,0.0,0,False,0.6446815133094788,-0.7843723297119141,-0.6788976192474365,0.5944217443466187,0.7710955739021301,-0.6788976192474365,1.0483349561691284,0.7857623100280762,-0.6788976192474365,1.0985946655273438,-0.769705593585968,-0.6788976192474365
8212,276901753,24,4,0.7749594269645277,0.0,0.0,0,False,0.5829631090164185,0.37881162762641907,-0.5043972134590149,-1.1151107549667358,0.32394397258758545,-0.5043972134590149,-1.129841685295105,0.7798435688018799,-0.5043972134590149,0.5682322382926941,0.8347111940383911,-0.5043972134590149
8212,276901753,24,5,2.515753104501483,0.0,0.0,0,False,0.43281418085098267,0.8303354978561401,-0.5043972134590149,0.48477914929389954,-0.7779068946838379,-0.5043972134590149,-1.0778766870498657,-0.8283989429473877,-0.5043972134590149,-1.1298415660858154,0.7798434495925903,-0.5043972134590149
8212,276901753,24,6,0.5229581998792447,0.0,0.0,0,False,-1.0863388776779175,-0.5238256454467773,-0.5043972134590149,0.629140317440033,-0.4683955907821655,-0.5043972134590149,0.6389802098274231,-0.7729243636131287,-0.5043972134590149,-1.0764989852905273,-0.8283544182777405,-0.5043972134590149
8212,376946055,25,0,1.724585999198642,0.6896964907646179,0.0,1,True,4.000999927520752,0.0,0.0,-0.9999998211860657,0.0005570776993408799,0.0,-0.9999998211860657,0.0005570776993408799,-0.6896964907646179,-0.9999998211860657,0.0005570776993408799,-0.6896964907646179
8212,376946055,25,1,0.2226649756705701,0.0,0.0,0,False,0.8247827887535095,0.13519228994846344,-0.7596964836120605,0.8251421451568604,0.7801920771598816,-0.7596964836120605,1.1703591346740723,0.7799997925758362,-0.7596964836120605,1.1699998378753662,0.13499999046325684,-0.7596964836120605
8212,376946055,25,2,0.31219513821265865,0.0,0.0,0,False,0.795551598072052,0.4199662506580353,-0.6255917549133301,0.7950000166893005,-0.5699999928474426,-0.6255917549133301,0.47964075207710266,-0.5698242783546448,-0.6255917549133301,0.48019230365753174,0.42014196515083313,-0.6255917549133301
8212,376946055,25,3,0.4865960017156732,0.0,0.0,0,False,0.48002520203590393,0.12027571350336075,-0.6255917549133301,1.1701668500900269,0.11989127844572067,-0.6255917549133301,1.1697741746902466,-0.5851753354072571,-0.6255917549133301,0.4796324670314789,-0.5847908854484558,-0.6255917549133301
8212,376946055,25,4,0.6904711146470603,0.0,0.0,0,False,0.8249241709709167,0.43391358852386475,-0.5064699649810791,-1.1701587438583374,0.435025155544281,-0.5064699649810791,-1.1699658632278442,0.781111478805542,-0.5064699649810791,0.8251169919967651,0.7799999117851257,-0.5064699649810791
8212,376946055,25,5,0.3902750225117977,0.0,0.0,0,False,-1.1698909997940063,-0.5843733549118042,-0.5064699649810791,0.8251082897186279,-0.5854846835136414,-0.5064699649810791,0.8249993324279785,-0.7811112403869629,-0.5064699649810791,-1.1699999570846558,-0.7799999713897705,-0.5064699649810791
8212,476950981,26,0,0.34488302004044025,0.6890794634819031,0.0,1,True,0.0010000000474974513,0.0,0.0,-0.9963568449020386,0.08528219163417816,0.0,-0.9963568449020386,0.08528219163417816,-0.6890794634819031,-0.9963568449020386,0.08528219163417816,-0.6890794634819031
8212,476950981,26,1,0.11014682052028402,0.0,0.0,0,False,0.6375828385353088,0.17036359012126923,-0.573978066444397,0.555682897567749,-0.7864779829978943,-0.573978066444397,0.44140514731407166,-0.776696503162384,-0.573978066444397,0.5233050584793091,0.18014508485794067,-0.573978066444397
8212,476950981,26,2,0.3462577138885745,0.0,0.0,0,False,0.5799016952514648,-0.7795636057853699,-0.6615519523620605,0.6867820620536804,0.46912717819213867,-0.6615519523620605,0.962061882019043,0.4455648958683014,-0.6615519523620605,0.8551815152168274,-0.8031258583068848,-0.6615519523620605
8212,476950981,26,3,0.06173553455164571,0.0,0.0,0,False,0.9906848669052124,-0.22249078750610352,-0.5723367929458618,1.020763635635376,0.1289220154285431,-0.5723367929458618,1.1951640844345093,0.11399438232183456,-0.5723367929458618,1.1650851964950562,-0.23741841316223145,-0.5723367929458618
8212,476950981,26,4,2.75724887636515,0.0,0.0,0,False,0.5539479851722717,0.8070521950721741,-0.5049130320549011,0.4065554141998291,-0.9149436950683594,-0.5049130320549011,-1.182992696762085,-0.778887927532196,-0.5049130320549011,-1.0356000661849976,0.9431079626083374,-0.5049130320549011
8212,476950981,26,5,0.051709681851370703,0.0,0.0,0,False,0.8401871919631958,-0.7774482369422913,-0.7590794563293457,0.8842862844467163,-0.2622354328632355,-0.7590794563293457,0.983922004699707,-0.27076366543769836,-0.7590794563293457,0.9398229122161865,-0.7859764099121094,-0.7590794563293457
8212,576885908,27,0,1.7758696210025444,0.7102373838424683,3.469446951953614e-18,1,True,4.000999927520752,0.0,0.0,-0.9997221827507019,0.023570634424686432,0.0,-0.9997221827507019,0.023570634424686432,-0.7102373838424683,-0.9997221827507019,0.023570634424686432,-0.7102373838424683
8212,576885908,27,1,0.13195892345476645,0.0,0.0,0,False,1.18901789188385,0.7795515656471252,-0.7802373766899109,1.1750000715255737,0.1850000023841858,-0.7802373766899109,0.9531763792037964,0.19022996723651886,-0.7802373766899109,0.9671942591667175,0.7847815752029419,-0.7802373766899109
8212,576885908,27,2,2.665188845620417,0.0,0.0,0,False,-1.171413779258728,-0.7799665927886963,-0.5047346949577332,-1.1337120532989502,0.8191077709197998,-0.5047346949577332,0.532069206237793,0.7798333168029785,-0.5047346949577332,0.4943675100803375,-0.8192410469055176,-0.5047346949577332
8212,576885908,27,3,0.09843312756875555,0.0,0.0,0,False,0.9441384673118591,0.7796667218208313,-0.699234127998352,0.9300000071525574,0.17999999225139618,-0.699234127998352,0.76594477891922,0.18386796116828918,-0.699234127998352,0.7800832986831665,0.7835346460342407,-0.699234127998352
8212,576885908,27,4,0.08936819656170591,0.0,0.0,0,False,0.9382628798484802,0.12546369433403015,-0.6349009871482849,1.193121075630188,0.11945486068725586,-0.6349009871482849,1.1848582029342651,-0.23100879788398743,-0.6349009871482849,0.9299999475479126,-0.22499996423721313,-0.6349009871482849
8212,576885908,27,5,0.18551266594763405,0.0,0.0,0,False,0.603868842124939,-0.7783229351043701,-0.6349009871482849,0.6392149925231934,0.7208437323570251,-0.6349009871482849,0.762890100479126,0.7179278135299683,-0.6349009871482849,0.7275439500808716,-0.781238853931427,-0.6349009871482849
8212,576885908,27,6,0.058692283449575555,0.0,0.0,0,False,0.74769127368927,0.7182861566543579,-0.6349009871482849,0.7349416613578796,0.17752577364444733,-0.6349009871482849,0.626465380191803,0.18008334934711456,-0.6349009871482849,0.6392149925231934,0.7208437323570251,-0.6349009871482849
8212,576885908,27,7,0.5424639931351294,0.0,0.0,0,False,0.6300582885742188,0.18247424066066742,-0.6349009871482849,1.19429349899292,0.16917113959789276,-0.6349009871482849,1.1716386079788208,-0.7917093634605408,-0.6349009871482849,0.6074033975601196,-0.7784062623977661,-0.6349009871482849
8212,676879168,28,0,1.3056849222293425,0.6526796817779541,4.336808689942018e-19,1,True,3.000999927520752,0.0,0.0,-0.9999969005584717,-0.002495421329513192,0.0,-0.9999969005584717,-0.002495421329513192,-0.6526796817779541,-0.9999969005584717,-0.002495421329513192,-0.6526796817779541
8212,676879168,28,1,0.021549006397533876,0.0,0.0,0,False,1.095150351524353,-0.18018679320812225,-0.5874000787734985,1.0944386720657349,0.10499859601259232,-0.5874000787734985,1.169999599456787,0.10518714785575867,-0.5874000787734985,1.1707112789154053,-0.1799982339143753,-0.5874000787734985
8212,676879168,28,2,0.7062298524749018,0.0,0.0,0,False,1.0797362327575684,0.7807104587554932,-0.7226796746253967,1.0836310386657715,-0.7799909114837646,-0.7226796746253967,0.631125807762146,-0.7811201810836792,-0.7226796746253967,0.6272311210632324,0.7795812487602234,-0.7226796746253967
8212,676879168,28,3,0.29994874303922314,0.0,0.0,0,False,0.6297380328178406,-0.22500064969062805,-0.7226796746253967,1.1689860820770264,-0.22365497052669525,-0.7226796746253967,1.1703741550445557,-0.7798867225646973,-0.7226796746253967,0.6311261057853699,-0.7812323570251465,-0.7226796746253967
8212,676879168,28,4,0.36049027175035087,0.0,0.0,0,False,1.1716583967208862,0.11539091914892197,-0.7226796746253967,0.6300148963928223,0.11403932422399521,-0.7226796746253967,0.6283541321754456,0.7795841097831726,-0.7226796746253967,1.1699976921081543,0.7809357047080994,-0.7226796746253967
8212,776934262,29,0,1.390061746385889,0.6948593854904175,0.0,1,True,3.000999927520752,0.0,0.0,-0.999983012676239,0.005824197083711624,0.0,-0.999983012676239,0.005824197083711624,-0.6948593854904175,-0.999983012676239,0.005824197083711624,-0.6948593854904175
8212,776934262,29,1,0.15884175478670137,0.0,0.0,0,False,1.1734064817428589,0.7798927426338196,-0.7648593783378601,1.169993281364441,0.19386428594589233,-0.7648593783378601,0.8989546298980713,0.19544288516044617,-0.7648593783378601,0.9023678302764893,0.7814713716506958,-0.7648593783378601
8212,776934262,29,2,0.07813472355436168,0.0,0.0,0,False,0.9435173273086548,-0.22455453872680664,-0.5920401811599731,0.945526659488678,0.1204337403178215,-0.5920401811599731,1.1720041036605835,0.11911466717720032,-0.5920401811599731,1.169994831085205,-0.22587360441684723,-0.5920401811599731
8212,776934262,29,3,0.19919956611711065,0.0,0.0,0,False,0.8741029500961304,0.47945189476013184,-0.6552554368972778,0.8682501912117004,-0.5254265666007996,-0.6552554368972778,0.6700244545936584,-0.524272084236145,-0.6552554368972778,0.6758771538734436,0.48060643672943115,-0.6552554368972778
8212,776934262,29,4,0.46584221650619817,0.0,0.0,0,False,0.6299404501914978,0.5147786736488342,-0.504975438117981,-1.1264852285385132,0.5250086188316345,-0.504975438117981,-1.1249405145645142,0.7902213335037231,-0.504975438117981,0.631485104560852,0.7799913883209229,-0.504975438117981
8212,776934262,29,5,2.7679912937808666,0.0,0.0,0,False,0.6378624439239502,0.779954195022583,-0.504975438117981,0.6287173628807068,-0.7902141213417053,-0.504975438117981,-1.1340856552124023,-0.77994704246521,-0.504975438117981,-1.1249405145645142,0.7902212738990784,-0.504975438117981
8212,776934262,29,6,0.4653323363489079,0.0,0.0,0,False,-1.124241590499878,-0.514782726764679,-0.504975438117981,0.630262017250061,-0.5250014662742615,-0.504975438117981,0.6287173628807068,-0.7902141213417053,-0.504975438117981,-1.1257861852645874,-0.7799953818321228,-0.504975438117981
8212,876988188,30,0,0.7061061147594622,0.7057552337646484,0.0,1,True,1.0010000467300415,0.0,0.0,-0.9999886155128479,0.004767581354826689,0.0,-0.9999886155128479,0.004767581354826689,-0.7057552337646484,-0.9999886155128479,0.004767581354826689,-0.7057552337646484
8212,876988188,30,1,0.14427130868093885,0.0,0.0,0,False,0.9281406402587891,0.18000884354114532,-0.7757552266120911,0.9310066103935242,0.7811394333839417,-0.7757552266120911,1.1710010766983032,0.7799952030181885,-0.7757552266120911,1.168135166168213,0.17886464297771454,-0.7757552266120911
8212,876988188,30,2,0.02178903174079494,0.0,0.0,0,False,1.0936412811279297,-0.17999351024627686,-0.5867335200309753,1.0950016975402832,0.10535755753517151,-0.5867335200309753,1.1713587045669556,0.10499352216720581,-0.5867335200309753,1.1699981689453125,-0.18035754561424255,-0.5867335200309753
8212,876988188,30,3,0.3936715324499662,0.0,0.0,0,False,0.929980456829071,0.7796424627304077,-0.687279462814331,0.9225424528121948,-0.7804650068283081,-0.687279462814331,0.6702120304107666,-0.7792620062828064,-0.687279462814331,0.6776500344276428,0.7808455228805542,-0.687279462814331
8212,876988188,30,4,2.8256260721074113,0.0,0.0,0,False,0.6764302253723145,0.7799931168556213,-0.5047614574432373,0.6689519882202148,-0.7885528802871704,-0.5047614574432373,-1.1324372291564941,-0.7799645066261292,-0.5047614574432373,-1.1249589920043945,0.7885814905166626,-0.5047614574432373
8212,977075657,31,0,1.0665273763485017,0.7107815742492676,2.168404344971009e-19,1,True,2.000999927520752,0.0,0.0,-0.9999985098838806,0.00174120778683573,0.0,-0.9999985098838806,0.00174120778683573,-0.7107815742492676,-0.9999985098838806,0.00174120778683573,-0.7107815742492676
8212,977075657,31,1,0.1262425063307684,0.0,0.0,0,False,1.1710184812545776,0.7799198627471924,-0.7807815670967102,1.1699732542037964,0.17966052889823914,-0.7807815670967102,0.9596606492996216,0.18002672493457794,-0.7807815670967102,0.9607058167457581,0.7802860736846924,-0.7807815670967102
8212,977075657,31,2,0.3980424958990554,0.0,0.0,0,False,0.6285901069641113,-0.4797363877296448,-0.6525225043296814,0.6307841539382935,0.7803381681442261,-0.6525225043296814,0.9466712474822998,0.7797881364822388,-0.6525225043296814,0.9444772005081177,-0.4802864193916321,-0.6525225043296814
8212,977075657,31,3,0.06229889444295189,0.0,0.0,0,False,0.9743995070457458,-0.2249206304550171,-0.563258945941925,0.9750003814697266,0.12018284201622009,-0.563258945941925,1.1555222272872925,0.11986851692199707,-0.563258945941925,1.154921293258667,-0.2252349555492401,-0.563258945941925
8212,977075657,31,4,2.743971463234791,0.0,0.0,0,False,0.6305223703384399,0.7799991965293884,-0.5052405595779419,0.6278007626533508,-0.7830520272254944,-0.5052405595779419,-1.127716302871704,-0.779995322227478,-0.5052405595779419,-1.1249947547912598,0.7830559015274048,-0.5052405595779419
8212,977075657,31,5,0.5593522033982925,0.0,0.0,0,False,-1.1247073411941528,-0.47686633467674255,-0.5052405595779419,0.7205221652984619,-0.4800792932510376,-0.5052405595779419,0.7199943661689758,-0.7832126021385193,-0.5052405595779419,-1.1252351999282837,-0.7799996137619019,-0.5052405595779419
8213,76880792,32,0,0.8209080722640988,0.6677922606468201,0.0,1,True,3.000999927520752,0.0,0.0,0.6600164175033569,0.7512511610984802,0.0,0.6600164175033569,0.7512511610984802,-0.6677922606468201,0.6600164175033569,0.7512511610984802,-0.6677922606468201
8213,76880792,32,1,0.16491792025661767,0.07646763324737549,7.23855580975899e-08,0,False,0.9273531436920166,0.11979767680168152,-0.7377922534942627,0.9281073212623596,0.7813459634780884,-0.7501899003982544,1.1689742803573608,0.7798706293106079,-0.8142598867416382,1.168220043182373,0.11832237243652344,-0.8018622994422913
8213,76880792,32,2,0.6731276295112343,0.0,0.0,0,False,0.9265444278717041,0.7797644734382629,-0.6802458167076111,0.9247661828994751,-0.7800452709197998,-0.6802458167076111,0.49322205781936646,-0.7795532941818237,-0.6802458167076111,0.49500027298927307,0.780256450176239,-0.6802458167076111
8213,76880792,32,3,0.5436721738897852,0.0,0.0,0,False,0.5700106620788574,0.12174555659294128,-0.6802458167076111,1.174214243888855,0.11804482340812683,-0.6802458167076111,1.1687030792236328,-0.7817376255989075,-0.6802458167076111,0.5644994974136353,-0.778036892414093,-0.6802458167076111
8213,76880792,32,4,2.579849579393308,0.0,0.0,0,False,0.48177844285964966,0.7799807786941528,-0.50530606508255,0.4799979031085968,-0.7818809747695923,-0.50530606508255,-1.1717784404754639,-0.7799979448318481,-0.50530606508255,-1.1699978113174438,0.781863808631897,-0.50530606508255
8213,176983427,33,0,3.8204451718040797,0.694689929485321,0.0,1,True,10.00100040435791,0.0,0.0,-0.9977931380271912,-0.06639959663152695,0.0,-0.9977931380271912,-0.06639959663152695,-0.694689929485321,-0.9977931380271912,-0.06639959663152695,-0.694689929485321
8213,176983427,33,1,0.03617971193754688,0.0,0.0,0,False,0.4912624657154083,-0.27424150705337524,-0.5602700710296631,0.45634734630584717,0.2504314184188843,-0.5602700710296631,0.5250000357627869,0.2549999952316284,-0.5602700710296631,0.5599151253700256,-0.2696729302406311,-0.5602700710296631
8213,176983427,33,2,0.05493829722030741,0.0,0.0,0,False,0.8181880116462708,0.17655208706855774,-0.6949267983436584,0.7784361839294434,0.7739068269729614,-0.6949267983436584,0.8700000047683716,0.7800000309944153,-0.6949267983436584,0.909751832485199,0.18264533579349518,-0.6949267983436584
8213,176983427,33,3,0.16437564620828127,0.0,0.0,0,False,1.169140338897705,0.792919397354126,-0.7646899223327637,1.2090905904769897,0.19258332252502441,-0.7646899223327637,0.9364917278289795,0.1744428426027298,-0.7646899223327637,0.8965414762496948,0.7747789025306702,-0.7646899223327637
8213,176983427,33,4,0.03372627739238432,0.0,0.0,0,False,0.6260248422622681,-0.27026453614234924,-0.6310936212539673,0.7793386578559875,-0.2600620687007904,-0.6310936212539673,0.7939130663871765,-0.4790741801261902,-0.6310936212539673,0.640599250793457,-0.489276647567749,-0.6310936212539673
8213,176983427,33,5,0.1656694546718427,0.0,0.0,0,False,0.6405993700027466,-0.48927661776542664,-0.6310936212539673,0.5902482867240906,0.26735466718673706,-0.6310936212539673,0.8082395792007446,0.28186121582984924,-0.6310936212539673,0.8585906624794006,-0.47477009892463684,-0.6310936212539673
8213,176983427,33,6,0.0422453055417753,0.0,0.0,0,False,0.793714702129364,0.27390724420547485,-0.6310936212539673,0.5896364450454712,0.2603265941143036,-0.6310936212539673,0.5759217739105225,0.46641939878463745,-0.6310936212539673,0.7799999713897705,0.48000001907348633,-0.6310936212539673
8213,176983427,33,7,0.06122349441522745,0.0,0.0,0,False,0.7800000309944153,0.4800000488758087,-0.6310936212539673,0.7998759746551514,0.18132267892360687,-0.6310936212539673,0.5957976579666138,0.16774199903011322,-0.6310936212539673,0.5759217739105225,0.46641936898231506,-0.6310936212539673
8213,176983427,33,8,0.20584593460204736,0.0,0.0,0,False,0.6001861095428467,0.11801600456237793,-0.6310936212539673,0.9376484155654907,0.1404729187488556,-0.6310936212539673,0.9780616164207458,-0.46681973338127136,-0.6310936212539673,0.6405993103981018,-0.489276647567749,-0.6310936212539673
8213,176983427,33,9,0.3455177415341968,0.0,0.0,0,False,0.6001861691474915,0.11801600456237793,-0.6310936212539673,1.1666253805160522,0.15571051836013794,-0.6310936212539673,1.2070385217666626,-0.4515821635723114,-0.6310936212539673,0.6405993103981018,-0.4892766773700714,-0.6310936212539673
8213,176983427,33,10,2.6596038287156825,0.0,0.0,0,False,0.41298988461494446,0.8853422999382019,-0.504707396030426,0.5236193537712097,-0.7770973443984985,-0.504707396030426,-1.069146990776062,-0.8830902576446533,-0.504707396030426,-1.1797764301300049,0.7793493866920471,-0.504707396030426
8213,176983427,33,11,0.8866612385185713,0.0,0.0,0,False,-1.1025927066802979,-0.38049623370170593,-0.504707396030426,0.6197440028190613,-0.26588118076324463,-0.504707396030426,0.6538510918617249,-0.7784128189086914,-0.504707396030426,-1.0684857368469238,-0.8930278420448303,-0.504707396030426
8213,176983427,33,12,1.093432445098164,0.0,0.0,0,False,0.5875665545463562,0.26102444529533386,-0.504707396030426,-1.1318427324295044,0.1466042548418045,-0.504707396030426,-1.1739752292633057,0.7797354459762573,-0.504707396030426,0.5454340577125549,0.8941556215286255,-0.504707396030426
8213,176983427,33,13,0.248413478293811,0.0,0.0,0,False,0.6758061647415161,0.7678853273391724,-0.504707396030426,-1.165034532546997,0.6453847885131836,-0.504707396030426,-1.1739749908447266,0.7797355055809021,-0.504707396030426,0.6668656468391418,0.9022360444068909,-0.504707396030426
8213,277160729,34,0,0.6961292641037752,0.6958399415016174,0.0,1,True,1.0010000467300415,0.0,0.0,-0.999663233757019,0.025950755923986435,0.0,-0.999663233757019,0.025950755923986435,-0.6958399415016174,-0.999663233757019,0.025950755923986435,-0.6958399415016174
8213,277160729,34,1,0.16971058370585368,0.0,0.0,0,False,1.18439781665802,0.779626190662384,-0.7658399343490601,1.1683120727539062,0.15998172760009766,-0.7658399343490601,0.8946127891540527,0.16708682477474213,-0.7658399343490601,0.910698413848877,0.7867313623428345,-0.7658399343490601
8213,277160729,34,2,0.0691696460506448,0.0,0.0,0,False,0.9711087346076965,-0.22489897906780243,-0.5745863914489746,0.980190098285675,0.12492737919092178,-0.5745863914489746,1.1777825355529785,0.1197979748249054,-0.5745863914489746,1.1687012910842896,-0.23002839088439941,-0.5745863914489746
8213,277160729,34,3,0.49136883554250943,0.0,0.0,0,False,0.8999629616737366,0.7792221903800964,-0.6498352289199829,0.8593924641609192,-0.7836185693740845,-0.6498352289199829,0.5451967120170593,-0.7754622101783752,-0.6498352289199829,0.5857672095298767,0.7873785495758057,-0.6498352289199829
8213,277160729,34,4,2.751762883483295,0.0,0.0,0,False,0.5843977928161621,0.7796262502670288,-0.5083674788475037,0.5427565574645996,-0.8244621753692627,-0.5083674788475037,-1.1715564727783203,-0.7799596190452576,-0.5083674788475037,-1.1299152374267578,0.8241288661956787,-0.5083674788475037
8213,376941072,35,0,1.390167364949232,0.6949099898338318,0.0,1,True,3.000999927520752,0.0,0.0,-0.9999998211860657,0.0006366531597450376,0.0,-0.9999998211860657,0.0006366531597450376,-0.6949099898338318,-0.9999998211860657,0.0006366531597450376,-0.6949099898338318
8213,376941072,35,1,0.1661638426531198,0.0,0.0,0,False,1.170372486114502,0.7799997925758362,-0.7649099826812744,1.1699808835983276,0.16490453481674194,-0.7649099826812744,0.8998377323150635,0.16507652401924133,-0.7649099826812744,0.9002293348312378,0.780171811580658,-0.7649099826812744
8213,376941072,35,2,0.06634480057734904,0.0,0.0,0,False,0.9748377799987793,-0.2249712347984314,-0.5894156098365784,0.9750542044639587,0.11502543836832047,-0.5894156098365784,1.1701878309249878,0.11490120738744736,-0.5894156098365784,1.1699713468551636,-0.2250954657793045,-0.5894156098365784
8213,376941072,35,3,0.2524009747070064,0.0,0.0,0,False,0.8704774975776672,0.5249519348144531,-0.6535179615020752,0.8698089718818665,-0.5250475406646729,-0.6535179615020752,0.6294270753860474,-0.5248945355415344,-0.6535179615020752,0.6300956010818481,0.5251049995422363,-0.6535179615020752
8213,376941072,35,4,0.40238854053995254,0.0,0.0,0,False,0.7799991965293884,0.5687872171401978,-0.5052469968795776,-1.125133752822876,0.5700001120567322,-0.5052469968795776,-1.1249992847442627,0.7812128663063049,-0.5052469968795776,0.7801336646080017,0.7799999713897705,-0.5052469968795776
8213,376941072,35,5,2.7400581569429328,0.0,0.0,0,False,0.6301909685134888,0.7799999713897705,-0.5052469968795776,0.6291971206665039,-0.781116783618927,-0.5052469968795776,-1.125993251800537,-0.779999315738678,-0.5052469968795776,-1.1249994039535522,0.7811173796653748,-0.5052469968795776
8213,376941072,35,6,0.4880890983911659,0.0,0.0,0,False,-1.1249229907989502,-0.5237967371940613,-0.5052469968795776,0.7801623344421387,-0.5250096321105957,-0.5052469968795776,0.7799991965293884,-0.7812128067016602,-0.5052469968795776,-1.1250860691070557,-0.7799999117851257,-0.5052469968795776
8213,476887374,36,0,1.4127820387329153,0.7062144875526428,0.0,1,True,3.000999927520752,0.0,0.0,-0.9999999403953552,0.00026176433311775327,0.0,-0.9999999403953552,0.00026176433311775327,-0.7062144875526428,-0.9999999403953552,0.00026176433311775327,-0.7062144875526428
8213,476887374,36,1,0.14766247554477685,0.0,0.0,0,False,0.9299057126045227,0.16501179337501526,-0.7762144804000854,0.930066704750061,0.7800509333610535,-0.7762144804000854,1.170153021812439,0.7799881100654602,-0.7762144804000854,1.1699919700622559,0.1649489551782608,-0.7762144804000854
8213,476887374,36,2,0.3528000146610424,0.0,0.0,0,False,0.9151570796966553,0.41994497179985046,-0.6247117519378662,0.9149371981620789,-0.42005497217178345,-0.6247117519378662,0.4949371814727783,-0.41994503140449524,-0.6247117519378662,0.49515706300735474,0.42005491256713867,-0.6247117519378662
8213,476887374,36,3,0.3645397217936841,0.0,0.0,0,False,0.4950784742832184,0.12011383473873138,-0.6247117519378662,1.1700783967971802,0.11993716657161713,-0.6247117519378662,1.169937014579773,-0.4201217293739319,-0.6247117519378662,0.49493715167045593,-0.4199450612068176,-0.6247117519378662
8213,476887374,36,4,0.6010511149249878,0.0,0.0,0,False,0.5699880719184875,0.43455633521080017,-0.5045527219772339,-1.1700901985168457,0.4350118041038513,-0.5045527219772339,-1.1699998378753662,0.7804279327392578,-0.5045527219772339,0.570078432559967,0.7799724340438843,-0.5045527219772339
8213,577076634,37,0,1.7048772203578595,0.6818256974220276,0.0,1,True,4.000999927520752,0.0,0.0,-0.9998976588249207,0.01430822815746069,0.0,-0.9998976588249207,0.01430822815746069,-0.6818256974220276,-0.9998976588249207,0.01430822815746069,-0.6818256974220276
8213,577076634,37,1,0.18692748940079085,0.0,0.0,0,False,1.1742920875549316,0.7799385786056519,-0.7518256902694702,1.1658918857574463,0.19291234016418457,-0.7518256902694702,0.8475258350372314,0.19746807217597961,-0.7518256902694702,0.8559260368347168,0.7844942808151245,-0.7518256902694702
8213,577076634,37,2,0.4113703226695691,0.0,0.0,0,False,0.8412790894508362,0.41762062907218933,-0.6233892440795898,0.8241108655929565,-0.7821337580680847,-0.6233892440795898,0.48130229115486145,-0.7772282361984253,-0.6233892440795898,0.4984704852104187,0.42252612113952637,-0.6233892440795898
8213,577076634,37,3,0.6534455247112536,0.0,0.0,0,False,0.4950675666332245,0.18472126126289368,-0.6233892440795898,1.1742215156555176,0.17500275373458862,-0.6233892440795898,1.1604561805725098,-0.786946713924408,-0.6233892440795898,0.48130232095718384,-0.7772282361984253,-0.6233892440795898
8213,577076634,37,4,0.5714344132725122,0.0,0.0,0,False,0.6733531355857849,0.45490995049476624,-0.5041279792785645,-1.0842921733856201,0.48006144165992737,-0.5041279792785645,-1.0796408653259277,0.8051084876060486,-0.5041279792785645,0.6780045032501221,0.7799569964408875,-0.5041279792785645
8213,577076634,37,5,2.5479557849916388,0.0,0.0,0,False,0.5023186802864075,0.7796806693077087,-0.5041279792785645,0.479671448469162,-0.8029624819755554,-0.5041279792785645,-1.1299359798431396,-0.7799293994903564,-0.5041279792785645,-1.1072887182235718,0.8027137517929077,-0.5041279792785645
8213,677012727,38,0,1.7670506426256947,0.7067323327064514,0.0,1,True,4.000999927520752,0.0,0.0,-0.9995276927947998,-0.030730919912457466,0.0,-0.9995276927947998,-0.030730919912457466,-0.7067323327064514,-0.9995276927947998,-0.030730919912457466,-0.7067323327064514
8213,677012727,38,1,0.15396921383571183,0.0,0.0,0,False,0.9300425052642822,0.17861777544021606,-0.776732325553894,0.9117259979248047,0.7743651270866394,-0.776732325553894,1.169929027557373,0.7823036909103394,-0.776732325553894,1.1882456541061401,0.18655633926391602,-0.776732325553894
8213,677012727,38,2,0.07027220382289379,0.0,0.0,0,False,0.9765522480010986,-0.2304864227771759,-0.5852370262145996,0.9658275842666626,0.11833444237709045,-0.5852370262145996,1.1670937538146973,0.12452246248722076,-0.5852370262145996,1.1778184175491333,-0.2242984026670456,-0.5852370262145996
8213,677012727,38,3,0.5534295440802834,0.0,0.0,0,False,0.9127965569496155,0.6795440912246704,-0.6213552355766296,0.9504927396774292,-0.5465298295021057,-0.6213552355766296,0.4995355010032654,-0.5603947043418884,-0.6213552355766296,0.46183934807777405,0.6656792163848877,-0.6213552355766296
8213,677012727,38,4,0.31542246118832984,0.0,0.0,0,False,0.9417963624000549,0.1341981440782547,-0.6213552355766296,0.9627140760421753,-0.5461540818214417,-0.6213552355766296,0.4995355010032654,-0.5603947043418884,-0.6213552355766296,0.47861775755882263,0.11995749920606613,-0.6213552355766296
8213,677012727,38,5,0.06272837641959317,0.0,0.0,0,False,0.5621672868728638,-0.27024081349372864,-0.6213552355766296,0.779801607131958,-0.2635495364665985,-0.6213552355766296,0.7886549830436707,-0.5515056252479553,-0.6213552355766296,0.5710206031799316,-0.5581969022750854,-0.6213552355766296
8213,677012727,38,6,0.27539513254356685,0.0,0.0,0,False,0.5733891725540161,0.669765830039978,-0.5049818754196167,-1.121852993965149,0.6176449060440063,-0.5049818754196167,-1.1268428564071655,0.7799432873725891,-0.5049818754196167,0.5683992505073547,0.8320642113685608,-0.5049818754196167
8213,776880279,39,0,1.3750765480080676,0.6873665452003479,0.0,1,True,3.000999927520752,0.0,0.0,-0.9999992251396179,0.0012354081263765693,0.0,-0.9999992251396179,0.0012354081263765693,-0.6873665452003479,-0.9999992251396179,0.0012354081263765693,-0.6873665452003479
8213,776880279,39,1,0.1800719889604001,0.0,0.0,0,False,0.8695738911628723,0.1801302582025528,-0.7573665380477905,0.870315432548523,0.7803701758384705,-0.7573665380477905,1.1703150272369385,0.7799995541572571,-0.7573665380477905,1.169573426246643,0.17975963652133942,-0.7573665380477905
8213,776880279,39,2,0.31264802315408957,0.0,0.0,0,False,0.8261673450469971,0.41988736391067505,-0.624841570854187,0.824999988079071,-0.5250369906425476,-0.624841570854187,0.4941295385360718,-0.524628221988678,-0.624841570854187,0.4952968955039978,0.4202961325645447,-0.624841570854187
8213,776880279,39,3,0.47611269708673754,0.0,0.0,0,False,0.49500027298927307,0.18025945127010345,-0.624841570854187,1.1704440116882324,0.17942500114440918,-0.624841570854187,1.169573187828064,-0.5254626870155334,-0.624841570854187,0.4941294491291046,-0.524628221988678,-0.624841570854187
8213,776880279,39,4,0.693170085066912,0.0,0.0,0,False,0.8248302340507507,0.43259117007255554,-0.5057855248451233,-1.1704261302947998,0.4350561201572418,-0.5057855248451233,-1.169996976852417,0.7824646234512329,-0.5057855248451233,0.8252593874931335,0.7799996733665466,-0.5057855248451233
8213,876955205,40,0,0.2844707532101283,0.5683731436729431,8.673617379884035e-19,1,True,0.0010000000474974513,0.0,0.0,-0.9999896883964539,-0.004539494402706623,0.0,-0.9999896883964539,-0.004539494402706623,-0.5683731436729431,-0.9999896883964539,-0.004539494402706623,-0.5683731436729431
8213,876955205,40,1,0.5859319360064319,0.0,0.0,0,False,0.5723208785057068,-0.7812831401824951,-0.6383731365203857,0.5652359127998352,0.779501736164093,-0.6383731365203857,0.9406366944313049,0.7812058329582214,-0.6383731365203857,0.9477216601371765,-0.7795790433883667,-0.6383731365203857
8213,876955205,40,2,0.0675476056206854,0.0,0.0,0,False,0.9756839871406555,-0.22567780315876007,-0.5882014036178589,0.9741147756576538,0.11999598145484924,-0.5882014036178589,1.169519305229187,0.1208830252289772,-0.5882014036178589,1.171088457107544,-0.2247907668352127,-0.5882014036178589
8213,876955205,40,3,2.660068952025618,0.0,0.0,0,False,0.5647221803665161,0.7876701951026917,-0.5052388906478882,0.57183837890625,-0.7799917459487915,-0.5052388906478882,-1.1249650716781616,-0.7876940965652466,-0.5052388906478882,-1.1320812702178955,0.7799677848815918,-0.5052388906478882
8213,976973549,41,0,0.3440253664832797,0.6873636841773987,3.469446951953614e-18,1,True,0.0010000000474974513,0.0,0.0,-0.9995450973510742,0.030159424990415573,0.0,-0.9995450973510742,0.030159424990415573,-0.6873636841773987,-0.9995450973510742,0.030159424990415573,-0.6873636841773987
8213,976973549,41,1,0.30662515370450016,0.0,0.0,0,False,0.6073906421661377,-0.7793177962303162,-0.6413329839706421,0.6450177431106567,0.4677150547504425,-0.6413329839706421,0.8906778693199158,0.4603026807308197,-0.6413329839706421,0.8530507683753967,-0.786730170249939,-0.6413329839706421
8213,976973549,41,2,0.060775514265683395,0.0,0.0,0,False,1.1790436506271362,0.11972711980342865,-0.5767008066177368,1.1685068607330322,-0.22948090732097626,-0.5767008066177368,0.994627058506012,-0.22423440217971802,-0.5767008066177368,1.0051637887954712,0.12497362494468689,-0.5767008066177368
8213,976973549,41,3,2.7745337730004938,0.0,0.0,0,False,0.5971816778182983,0.7791798710823059,-0.508640706539154,0.548571765422821,-0.8318545818328857,-0.508640706539154,-1.1720681190490723,-0.7799375057220459,-0.508640706539154,-1.1234581470489502,0.8310969471931458,-0.508640706539154
8213,976973549,41,4,0.09263119361762229,0.0,0.0,0,False,1.1683704853057861,0.4709972143173218,-0.7573636770248413,0.8686435222625732,0.480040967464447,-0.7573636770248413,0.8779601454734802,0.7888117432594299,-0.7573636770248413,1.177687168121338,0.7797679901123047,-0.7573636770248413
8214,76906142,42,0,0.3589042031588949,0.7170915007591248,0.0,1,True,0.0010000000474974513,0.0,0.0,-0.9997490048408508,0.022403350099921227,0.0,-0.9997490048408508,0.022403350099921227,-0.7170915007591248,-0.9997490048408508,0.022403350099921227,-0.7170915007591248
8214,76906142,42,1,0.08092426675483377,0.0,0.0,0,False,0.6767681837081909,0.1189519613981247,-0.5933955311775208,0.6565350294113159,-0.783955991268158,-0.5933955311775208,0.566953718662262,-0.7819485664367676,-0.5933955311775208,0.5871869325637817,0.12095937132835388,-0.5933955311775208
8214,76906142,42,2,0.11828738185936061,0.0,0.0,0,False,0.9676690101623535,0.19785332679748535,-0.7870914936065674,0.9808093309402466,0.7842395305633545,-0.7870914936065674,1.1824307441711426,0.7797213792800903,-0.7870914936065674,1.1692904233932495,0.19333520531654358,-0.7870914936065674
8214,76906142,42,3,0.07005239793316687,0.0,0.0,0,False,0.9672953486442566,-0.22381892800331116,-0.5904995799064636,0.9750903248786926,0.12403158843517303,-0.5904995799064636,1.1763757467269897,0.11952099204063416,-0.5904995799064636,1.1685807704925537,-0.22832952439785004,-0.5904995799064636
8214,76906142,42,4,2.7770882295170765,0.0,0.0,0,False,-1.1713438034057617,-0.7799698114395142,-0.5043984055519104,-1.1355299949645996,0.8182191848754883,-0.5043984055519104,0.6012448072433472,0.779299795627594,-0.5043984055519104,0.5654309988021851,-0.8188892006874084,-0.5043984055519104
8214,76906142,42,5,0.22695290754176867,0.0,0.0,0,False,0.6582770943641663,-0.7162639498710632,-0.6706967949867249,0.6784876585006714,0.18563610315322876,-0.6706967949867249,0.9300000071525574,0.17999999225139618,-0.6706967949867249,0.9097894430160522,-0.7219000458717346,-0.6706967949867249
8214,177070319,43,0,1.2860937974660303,0.6429420709609985,0.0,1,True,3.000999927520752,0.0,0.0,-0.999536395072937,-0.030446037650108337,0.0,-0.999536395072937,-0.030446037650108337,-0.6429420709609985,-0.999536395072937,-0.030446037650108337,-0.6429420709609985
8214,177070319,43,1,0.17299680608192958,0.0,0.0,0,False,0.5014849901199341,-0.4261991083621979,-0.5923724174499512,0.47618401050567627,0.40442684292793274,-0.5923724174499512,0.6842637658119202,0.41076499223709106,-0.5923724174499512,0.709564745426178,-0.41986095905303955,-0.5923724174499512
8214,177070319,43,2,0.024017990229407538,0.0,0.0,0,False,1.0950695276260376,-0.18228238821029663,-0.5851691961288452,1.0863269567489624,0.10473580658435822,-0.5851691961288452,1.1699304580688477,0.10728238523006439,-0.5851691961288452,1.1786730289459229,-0.17973582446575165,-0.5851691961288452
8214,177070319,43,3,0.49335371595635813,0.0,0.0,0,False,0.7203419208526611,-0.7286707758903503,-0.7129420638084412,0.674624502658844,0.7722212076187134,-0.7129420638084412,1.0030268430709839,0.7822244167327881,-0.7129420638084412,1.0487442016601562,-0.7186675667762756,-0.7129420638084412
8214,177070319,43,4,2.630433017045619,0.0,0.0,0,False,0.46267178654670715,0.8297314643859863,-0.5052418112754822,0.5116055011749268,-0.7767527103424072,-0.5052418112754822,-1.1242616176605225,-0.8265814781188965,-0.5052418112754822,-1.1731953620910645,0.7799027562141418,-0.5052418112754822
8214,177070319,43,5,0.623995858959355,0.0,0.0,0,False,-1.1340879201889038,-0.4816475212574005,-0.5052418112754822,0.6733732223510742,-0.4265919029712677,-0.5052418112754822,0.6838793158531189,-0.7715052366256714,-0.5052418112754822,-1.1235817670822144,-0.8265608549118042,-0.5052418112754822
8214,177070319,43,6,0.7833286971860973,0.0,0.0,0,False,0.684386670589447,0.4118381142616272,-0.5052418112754822,-1.160272479057312,0.3556494414806366,-0.5052418112754822,-1.1731953620910645,0.7799026370048523,-0.5052418112754822,0.6714638471603394,0.8360913395881653,-0.5052418112754822
8214,276896162,44,0,2.070338053660577,0.690028965473175,0.0,1,True,5.000999927520752,0.0,0.0,-0.9996736645698547,0.025544244796037674,0.0,-0.9996736645698547,0.025544244796037674,-0.690028965473175,-0.9996736645698547,0.025544244796037674,-0.690028965473175
8214,276896162,44,1,0.2888076868951419,0.0,0.0,0,False,0.8602814674377441,0.5690984129905701,-0.6315156817436218,0.8255143165588379,-0.7915117740631104,-0.6315156817436218,0.6133894920349121,-0.7860914468765259,-0.6315156817436218,0.6481565833091736,0.5745187401771545,-0.6315156817436218
8214,276896162,44,2,0.02733491650516262,0.0,0.0,0,False,0.4573783576488495,-0.22327208518981934,-0.555287778377533,0.4677008092403412,0.18069754540920258,-0.555287778377533,0.5353224277496338,0.1789696365594864,-0.555287778377533,0.5249999761581421,-0.22499999403953552,-0.555287778377533
8214,276896162,44,3,0.08127417888012634,0.0,0.0,0,False,0.9412184953689575,-0.22298692166805267,-0.5926454663276672,0.9504016041755676,0.13639511168003082,-0.5926454663276672,1.1764038801193237,0.13062016665935516,-0.5926454663276672,1.1672207117080688,-0.22876186668872833,-0.5926454663276672
8214,276896162,44,4,0.051562174104521574,0.0,0.0,0,False,1.1698431968688965,0.5638713240623474,-0.7600289583206177,0.9299999475479126,0.5699999332427979,-0.7600289583206177,0.9354897141456604,0.7848424315452576,-0.7600289583206177,1.175333023071289,0.7787138223648071,-0.7600289583206177
8214,276896162,44,5,0.3642492606672647,0.0,0.0,0,False,0.7187961339950562,0.5828863978385925,-0.5039977431297302,-1.1288303136825562,0.6300978660583496,-0.5039977431297302,-1.1237961053848267,0.827113687992096,-0.5039977431297302,0.7238303422927856,0.7799021601676941,-0.5039977431297302
8214,276896162,44,6,0.14122218977651002,0.0,0.0,0,False,0.651848554611206,0.7794417142868042,-0.5039977431297302,0.615774393081665,-0.632319450378418,-0.5039977431297302,0.515807032585144,-0.6297650337219238,-0.5039977431297302,0.5518811941146851,0.7819961905479431,-0.5039977431297302
8214,276896162,44,7,2.5847684257891093,0.0,0.0,0,False,0.4826812744140625,0.7799314260482788,-0.5039977431297302,0.44176867604255676,-0.8211848139762878,-0.5039977431297302,-1.1715319156646729,-0.7799608707427979,-0.5039977431297302,-1.1306194067001343,0.8211553692817688,-0.5039977431297302
8214,276896162,44,8,1.0370110076263046,0.0,0.0,0,False,-1.1562830209732056,-0.18318869173526764,-0.5039977431297302,0.5802832841873169,-0.22756248712539673,-0.5039977431297302,0.5650342106819153,-0.8243346214294434,-0.5039977431297302,-1.1715320348739624,-0.7799608111381531,-0.5039977431297302
8214,276896162,44,9,1.053935353736831,0.0,0.0,0,False,0.6223822832107544,0.18188297748565674,-0.5039977431297302,-1.139133334159851,0.2268942892551422,-0.5039977431297302,-1.1238548755645752,0.824815571308136,-0.5039977431297302,0.6376607418060303,0.7798042297363281,-0.5039977431297302
8214,377033797,45,0,1.733442622309241,0.6935369372367859,1.3877787807814457e-17,1,True,4.000999927520752,0.0,0.0,-0.9973099231719971,-0.07330036163330078,0.0,-0.9973099231719971,-0.07330036163330078,-0.6935369372367859,-0.9973099231719971,-0.07330036163330078,-0.6935369372367859
8214,377033797,45,1,0.12073796531359449,0.0,0.0,0,False,0.5950806736946106,0.4228009879589081,-0.5732035636901855,0.6535900831222534,-0.37326619029045105,-0.5732035636901855,0.5027369260787964,-0.3843536078929901,-0.5732035636901855,0.44422751665115356,0.411713570356369,-0.5732035636901855
8214,377033797,45,2,0.06476461258809785,0.0,0.0,0,False,1.022434949874878,-0.25812846422195435,-0.5748111009597778,0.9951180815696716,0.1135387271642685,-0.5748111009597778,1.1684361696243286,0.12627726793289185,-0.5748111009597778,1.1957529783248901,-0.245389923453331,-0.5748111009597778
8214,377033797,45,3,0.17657298361621798,0.0,0.0,0,False,0.9141330122947693,0.14088326692581177,-0.6643015742301941,0.9590427279472351,-0.47014811635017395,-0.6643015742301941,0.6716200709342957,-0.4912731647491455,-0.6643015742301941,0.6267103552818298,0.11975821852684021,-0.6643015742301941
8214,377033797,45,4,0.1781416413077408,0.0,0.0,0,False,1.208428144454956,0.1821565479040146,-0.7635369300842285,0.8716607689857483,0.15740475058555603,-0.7635369300842285,0.8329908847808838,0.6835379004478455,-0.7635369300842285,1.1697583198547363,0.7082896828651428,-0.7635369300842285
8214,377033797,45,5,0.8953183973908301,0.0,0.0,0,False,0.7006429433822632,0.43110713362693787,-0.5047116875648499,-1.144312858581543,0.29550641775131226,-0.5047116875648499,-1.17978835105896,0.7781780958175659,-0.5047116875648499,0.665167510509491,0.9137787818908691,-0.5047116875648499
8214,377033797,45,6,2.688864449441269,0.0,0.0,0,False,0.407151460647583,0.8948150873184204,-0.5047116875648499,0.5302189588546753,-0.7796163558959961,-0.5047116875648499,-1.0669902563095093,-0.8970081806182861,-0.5047116875648499,-1.1900577545166016,0.7774232625961304,-0.5047116875648499
8214,377033797,45,7,0.7156236808789842,0.0,0.0,0,False,-1.0959670543670654,-0.5027564764022827,-0.5047116875648499,0.6605690121650696,-0.37365442514419556,-0.5047116875648499,0.6903517246246338,-0.7788716554641724,-0.5047116875648499,-1.0661842823028564,-0.9079737067222595,-0.5047116875648499
8214,377033797,45,8,0.550459675079285,0.0,0.0,0,False,-1.0872434377670288,-0.6214475035667419,-0.5047116875648499,0.7737283706665039,-0.48466944694519043,-0.5047116875648499,0.7953517436981201,-0.7788716554641724,-0.5047116875648499,-1.0656200647354126,-0.9156497716903687,-0.5047116875648499
8214,476943932,46,0,1.7413338313051596,0.6963943243026733,0.0,1,True,4.000999927520752,0.0,0.0,-0.999999463558197,-0.0010085543617606163,0.0,-0.999999463558197,-0.0010085543617606163,-0.6963943243026733,-0.999999463558197,-0.0010085543617606163,-0.6963943243026733
8214,476943932,46,1,0.10142354597677405,0.0,0.0,0,False,0.9894096851348877,0.7801656723022461,-0.7030370235443115,0.9900301694869995,0.1649697721004486,-0.7030370235443115,0.8251665234565735,0.16480349004268646,-0.7030370235443115,0.8245460391044617,0.7799994349479675,-0.7030370235443115
8214,476943932,46,2,0.1008823157030605,0.0,0.0,0,False,1.0054943561553955,0.18482905626296997,-0.766394317150116,1.0048940181732178,0.779984712600708,-0.766394317150116,1.1743996143341064,0.7801556587219238,-0.766394317150116,1.1749999523162842,0.18500001728534698,-0.766394317150116
8214,476943932,46,3,0.29550903431928477,0.0,0.0,0,False,0.8246418237686157,0.4750399887561798,-0.621106743812561,0.8255444765090942,-0.41990870237350464,-0.621106743812561,0.495348185300827,-0.42024171352386475,-0.621106743812561,0.4944455325603485,0.4747069478034973,-0.621106743812561
8214,476943932,46,4,0.3728206796792485,0.0,0.0,0,False,0.49480339884757996,0.1199241578578949,-0.621106743812561,1.1849993467330933,0.12062028795480728,-0.621106743812561,1.1855441331863403,-0.41954559087753296,-0.621106743812561,0.4953482151031494,-0.42024174332618713,-0.621106743812561
8214,476943932,46,5,0.057072490114456365,0.0,0.0,0,False,1.019652009010315,0.11999964714050293,-0.621106743812561,1.184999704360962,0.12016641348600388,-0.621106743812561,1.1853479146957397,-0.22499963641166687,-0.621106743812561,1.0200001001358032,-0.2251664102077484,-0.621106743812561
8214,476943932,46,6,0.575049143340955,0.0,0.0,0,False,0.7803024649620056,0.4801062047481537,-0.5051409006118774,-1.1249980926513672,0.4781845211982727,-0.5051409006118774,-1.1253025531768799,0.7799996733665466,-0.5051409006118774,0.7799980640411377,0.7819213271141052,-0.5051409006118774
8214,576975692,47,0,1.3767890865006243,0.6882314682006836,0.0,1,True,3.000999927520752,0.0,0.0,-0.9999305009841919,0.011787265539169312,0.0,-0.9999305009841919,0.011787265539169312,-0.6882314682006836,-0.9999305009841919,0.011787265539169312,-0.6882314682006836
8214,576975692,47,1,0.1996506591886038,0.0,0.0,0,False,1.1904784440994263,0.7797585725784302,-0.7582314610481262,1.183373212814331,0.17701320350170135,-0.7582314610481262,0.8521837592124939,0.18091729283332825,-0.7582314610481262,0.8592889308929443,0.7836626172065735,-0.7582314610481262
8214,576975692,47,2,0.022398629085052413,0.0,0.0,0,False,1.091640830039978,-0.17996039986610413,-0.5850367546081543,1.0950103998184204,0.10588397830724716,-0.5850367546081543,1.1733590364456177,0.10496039688587189,-0.5850367546081543,1.1699894666671753,-0.1808839738368988,-0.5850367546081543
8214,576975692,47,3,0.20893332183986146,0.0,0.0,0,False,0.8371989130973816,0.4798562228679657,-0.685980498790741,0.824999988079071,-0.5550000071525574,-0.685980498790741,0.623132050037384,-0.5526204109191895,-0.685980498790741,0.6353309750556946,0.4822358191013336,-0.685980498790741
8214,576975692,47,4,0.4697299040340539,0.0,0.0,0,False,0.6297624111175537,0.5048452615737915,-0.507719099521637,-1.0817680358886719,0.5250207781791687,-0.507719099521637,-1.0785331726074219,0.7994328737258911,-0.507719099521637,0.6329971551895142,0.7792573571205139,-0.507719099521637
8214,576975692,47,5,2.704114695956342,0.0,0.0,0,False,0.6335275173187256,0.7792511582374573,-0.507719099521637,0.6149115562438965,-0.7999796271324158,-0.507719099521637,-1.0971492528915405,-0.7797977924346924,-0.507719099521637,-1.0785331726074219,0.7994329333305359,-0.507719099521637
8214,576975692,47,6,0.4115933529046707,0.0,0.0,0,False,-1.0796419382095337,-0.5396208763122559,-0.507719099521637,0.6325956583023071,-0.5598047375679016,-0.507719099521637,0.6297624111175537,-0.8001546859741211,-0.507719099521637,-1.082475185394287,-0.7799707651138306,-0.507719099521637
8214,676889619,48,0,1.764687451984388,0.7057391405105591,0.0,1,True,4.000999927520752,0.0,0.0,-0.9999530911445618,0.009685242548584938,0.0,-0.9999530911445618,0.009685242548584938,-0.7057391405105591,-0.9999530911445618,0.009685242548584938,-0.7057391405105591
8214,676889619,48,1,0.14620687081363615,0.0,0.0,0,False,0.9270945191383362,0.18002814054489136,-0.7757391333580017,0.9329279065132141,0.7822961211204529,-0.7757391333580017,1.1756656169891357,0.7799450755119324,-0.7757391333580017,1.1698322296142578,0.17767705023288727,-0.7757391333580017
8214,676889619,48,2,0.31180567472208054,0.0,0.0,0,False,0.9288617968559265,0.5237034559249878,-0.6373688578605652,0.9186927676200867,-0.5261980295181274,-0.6373688578605652,0.6217349767684937,-0.5233217477798462,-0.6373688578605652,0.6319040060043335,0.526579737663269,-0.6373688578605652
8214,676889619,48,3,0.38130258123834126,0.0,0.0,0,False,0.6300141215324402,0.1814527064561844,-0.6373688578605652,1.1709803342819214,0.17621305584907532,-0.6373688578605652,1.1641539335250854,-0.5285755395889282,-0.6373688578605652,0.6231877207756042,-0.523335874080658,-0.6373688578605652
8214,676889619,48,4,0.4356233833141232,0.0,0.0,0,False,0.7798212766647339,0.5515504479408264,-0.5064173340797424,-1.1270338296890259,0.5700196623802185,-0.5064173340797424,-1.1248213052749634,0.7984494566917419,-0.5064173340797424,0.7820338010787964,0.7799802422523499,-0.5064173340797424
8214,676889619,48,5,2.7728707922452642,0.0,0.0,0,False,0.6334865689277649,0.7799662351608276,-0.5064173340797424,0.6182136535644531,-0.7968841791152954,-0.5064173340797424,-1.1401082277297974,-0.7798536419868469,-0.5064173340797424,-1.1248353719711304,0.7969968318939209,-0.5064173340797424
8214,776952296,49,0,2.828105750755187,0.7069618701934814,3.469446951953614e-18,1,True,7.000999927520752,0.0,0.0,-0.9996922612190247,-0.024807171896100044,0.0,-0.9996922612190247,-0.024807171896100044,-0.7069618701934814,-0.9996922612190247,-0.024807171896100044,-0.7069618701934814
8214,776952296,49,1,0.08625031026026075,0.0,0.0,0,False,0.5869248509407043,0.40653666853904724,-0.5734288692474365,0.6048174500465393,-0.31450819969177246,-0.5734288692474365,0.4852725565433502,-0.31747469305992126,-0.5734288692474365,0.46737995743751526,0.40357017517089844,-0.5734288692474365
8214,776952296,49,2,0.148182453026104,0.0,0.0,0,False,0.9320076704025269,0.18909427523612976,-0.7769618630409241,0.9174537658691406,0.775594174861908,-0.7769618630409241,1.1699538230895996,0.7818599343299866,-0.7769618630409241,1.1845077276229858,0.195360004901886,-0.7769618630409241
8214,776952296,49,3,0.06652482874402077,0.0,0.0,0,False,0.9777147769927979,-0.22939932346343994,-0.5785873532295227,0.969484806060791,0.10225758701562881,-0.5785873532295227,1.1699446439743042,0.10723195970058441,-0.5785873532295227,1.178174614906311,-0.22442494332790375,-0.5785873532295227
8214,776952296,49,4,0.0493912719822589,0.0,0.0,0,False,0.7649999856948853,0.5249999165534973,-0.6488696932792664,0.7735373973846436,0.18095630407333374,-0.6488696932792664,0.6300646662712097,0.17739605903625488,-0.6488696932792664,0.6215272545814514,0.5214396715164185,-0.6488696932792664
8214,776952296,49,5,0.05092450639430712,0.0,0.0,0,False,0.7849282026290894,0.1764000654220581,-0.7158253192901611,0.7762892842292786,0.5245356559753418,-0.7158253192901611,0.9224770665168762,0.5281632542610168,-0.7158253192901611,0.931115984916687,0.18002769351005554,-0.7158253192901611
8214,776952296,49,6,0.6831831379067284,0.0,0.0,0,False,0.579249918460846,0.40724074840545654,-0.507657527923584,-1.0771745443344116,0.366136759519577,-0.507657527923584,-1.0874030590057373,0.7783274054527283,-0.507657527923584,0.569021463394165,0.8194314241409302,-0.507657527923584
8214,776952296,49,7,2.513305390991629,0.0,0.0,0,False,0.4563853442668915,0.8166361451148987,-0.507657527923584,0.49599573016166687,-0.7796030640602112,-0.507657527923584,-1.077552080154419,-0.8186503648757935,-0.507657527923584,-1.1171624660491943,0.7775888442993164,-0.507657527923584
8214,776952296,49,8,0.8887545127877274,0.0,0.0,0,False,-1.0888965129852295,-0.3614875078201294,-0.507657527923584,0.8182791471481323,-0.31416115164756775,-0.507657527923584,0.8298358917236328,-0.7798799872398376,-0.507657527923584,-1.0773396492004395,-0.8272063136100769,-0.507657527923584
8214,776952296,49,9,0.07189034242344583,0.0,0.0,0,False,0.6211930513381958,-0.42509451508522034,-0.507657527923584,0.8209090232849121,-0.42013856768608093,-0.507657527923584,0.8298359513282776,-0.7798799872398376,-0.507657527923584,0.6301199793815613,-0.7848358750343323,-0.507657527923584
8214,776952296,49,10,0.5571098543769066,0.0,0.0,0,False,0.7862952351570129,0.5263118147850037,-0.507657527923584,-1.0800000429153442,0.47999998927116394,-0.507657527923584,-1.0874029397964478,0.7783274054527283,-0.507657527923584,0.7788922786712646,0.8246392011642456,-0.507657527923584
8214,776952296,49,11,0.05566266116974816,0.0,0.0,0,False,0.6211930513381958,-0.42509448528289795,-0.507657527923584,0.7763086557388306,-0.4212453365325928,-0.507657527923584,0.7852078676223755,-0.7798708081245422,-0.507657527923584,0.6300922632217407,-0.7837199568748474,-0.507657527923584
8214,776952296,49,12,0.07189033931442435,0.0,0.0,0,False,0.6211930513381958,-0.42509451508522034,-0.507657527923584,0.8209090232849121,-0.4201385974884033,-0.507657527923584,0.8298359513282776,-0.7798799872398376,-0.507657527923584,0.6301199793815613,-0.7848358750343323,-0.507657527923584
8214,876974431,50,0,1.345660532467525,0.7053011059761047,1.1102230246251565e-16,1,True,3.000999927520752,0.0,0.0,-0.7588616013526917,0.6512519717216492,0.0,-0.7588616013526917,0.6512519717216492,-0.7053011059761047,-0.7588616013526917,0.6512519717216492,-0.7053011059761047
8214,876974431,50,1,0.07940032962966784,0.04566878080368042,4.96720876215983e-10,0,False,1.0270072221755981,-0.7821972966194153,-0.7753010988235474,1.0167133808135986,-0.26891812682151794,-0.7695935368537903,1.1660733222961426,-0.26547831296920776,-0.8095547556877136,1.176367163658142,-0.7787575721740723,-0.8152623176574707
8214,876974431,50,2,0.6333030844173639,0.0,0.0,0,False,1.0002431869506836,0.41513264179229736,-0.6438525319099426,1.024203896522522,-0.7796148061752319,-0.6438525319099426,0.4943442642688751,-0.7902411818504333,-0.6438525319099426,0.47038352489471436,0.40450629591941833,-0.6438525319099426
8214,876974431,50,3,0.3188904750322532,0.0,0.0,0,False,0.9518417716026306,-0.2670787572860718,-0.6438525319099426,0.4846714437007904,-0.277837872505188,-0.6438525319099426,0.468959242105484,0.4044002890586853,-0.6438525319099426,0.9361295700073242,0.4151594042778015,-0.6438525319099426
8214,876974431,50,4,0.11194237964462594,0.0,0.0,0,False,0.5146417617797852,-0.3302385210990906,-0.5054630041122437,0.760384202003479,-0.3245789706707001,-0.5054630041122437,0.7708696126937866,-0.7798647284507751,-0.5054630041122437,0.5251271724700928,-0.785524308681488,-0.5054630041122437
8214,977007649,51,0,2.1052597192577838,0.7016363143920898,5.421010862427522e-20,1,True,5.000999927520752,0.0,0.0,-0.9999999403953552,-0.000381838355679065,0.0,-0.9999999403953552,-0.000381838355679065,-0.7016363143920898,-0.9999999403953552,-0.000381838355679065,-0.7016363143920898
8214,977007649,51,1,0.08114372517764146,0.0,0.0,0,False,0.9150000810623169,0.780045747756958,-0.6982063055038452,0.9152292013168335,0.18000009655952454,-0.6982063055038452,0.7799999713897705,0.17994844913482666,-0.6982063055038452,0.7797708511352539,0.7799941301345825,-0.6982063055038452
8214,977007649,51,2,0.1152453373721154,0.0,0.0,0,False,0.9300687313079834,0.1949140876531601,-0.7716363072395325,0.9298854470252991,0.6749656200408936,-0.7716363072395325,1.1699540615081787,0.6750572919845581,-0.7716363072395325,1.1701374053955078,0.19500575959682465,-0.7716363072395325
8214,977007649,51,3,0.32860885630226555,0.0,0.0,0,False,0.7798682451248169,0.4650285840034485,-0.622964084148407,0.7802863717079163,-0.6299998760223389,-0.622964084148407,0.4801948070526123,-0.6301144957542419,-0.622964084148407,0.47977668046951294,0.4649139940738678,-0.622964084148407
8214,977007649,51,4,0.5176585959677904,0.0,0.0,0,False,0.47990837693214417,0.1199999749660492,-0.622964084148407,1.1699827909469604,0.12026353180408478,-0.622964084148407,1.170269250869751,-0.6298853158950806,-0.622964084148407,0.4801948666572571,-0.6301488876342773,-0.622964084148407
8214,977007649,51,5,0.08163950519995433,0.0,0.0,0,False,0.9299103021621704,0.11496751010417938,-0.622964084148407,1.1699846982955933,0.11505917459726334,-0.622964084148407,1.170114517211914,-0.22499996423721313,-0.622964084148407,0.9300401210784912,-0.22509163618087769,-0.622964084148407
8214,977007649,51,6,0.5547284682832583,0.0,0.0,0,False,0.7201145887374878,0.4800172448158264,-0.5048790574073792,-1.1249998807907104,0.4793127179145813,-0.5048790574073792,-1.1251146793365479,0.7799598574638367,-0.5048790574073792,0.7199997901916504,0.7806643843650818,-0.5048790574073792
8214,977007649,51,7,0.24971453666711518,0.0,0.0,0,False,-1.1250512599945068,-0.6453609466552734,-0.5048790574073792,0.7199884653091431,-0.6446563005447388,-0.5048790574073792,0.7200401425361633,-0.7799999713897705,-0.5048790574073792,-1.1249995231628418,-0.78070467710495,-0.5048790574073792
8215,76939368,52,0,1.6991793177348968,0.6796888709068298,6.938893903907228e-18,1,True,4.000999927520752,0.0,0.0,-0.9985926747322083,0.053034666925668716,0.0,-0.9985926747322083,0.053034666925668716,-0.6796888709068298,-0.9985926747322083,0.053034666925668716,-0.6796888709068298
8215,76939368,52,1,0.2144997386792209,0.0,0.0,0,False,0.9095091819763184,0.5205117464065552,-0.6714910864830017,0.8523123264312744,-0.5564505457878113,-0.6714910864830017,0.6537014842033386,-0.5459024310112,-0.6714910864830017,0.7108982801437378,0.5310598611831665,-0.6714910864830017
8215,76939368,52,2,0.06377043748167743,0.0,0.0,0,False,1.1857613325119019,0.11677300930023193,-0.5898878574371338,1.1659014225006104,-0.25717225670814514,-0.5898878574371338,0.9958468675613403,-0.24814075231552124,-0.5898878574371338,1.0157068967819214,0.12580449879169464,-0.5898878574371338
8215,76939368,52,3,0.062174768918105805,0.0,0.0,0,False,0.846168041229248,-0.7787342667579651,-0.7496888637542725,0.8734729886054993,-0.2646079361438751,-0.7496888637542725,0.9940657019615173,-0.271012544631958,-0.7496888637542725,0.9667607545852661,-0.7851389050483704,-0.7496888637542725
8215,76939368,52,4,0.4653651549159967,0.0,0.0,0,False,0.7778905034065247,0.5302799940109253,-0.5060176849365234,-1.0848219394683838,0.6292076110839844,-0.5060176849365234,-1.071590781211853,0.8783369064331055,-0.5060176849365234,0.7911216020584106,0.7794092893600464,-0.5060176849365234
8215,76939368,52,5,2.9774904823379096,0.0,0.0,0,False,0.7231776118278503,0.7798312306404114,-0.5060176849365234,0.635370671749115,-0.8734921216964722,-0.5060176849365234,-1.1604763269424438,-0.7781158089637756,-0.5060176849365234,-1.0726693868637085,0.8752075433731079,-0.5060176849365234
8215,76939368,52,6,0.6126520859383708,0.0,0.0,0,False,-1.1431745290756226,-0.45233699679374695,-0.5060176849365234,0.7321125864982605,-0.5519325137138367,-0.5060176849365234,0.7148106694221497,-0.8777113556861877,-0.5060176849365234,-1.1604764461517334,-0.7781158685684204,-0.5060176849365234
8215,76939368,52,7,0.19767119634938624,0.0,0.0,0,False,-1.1548939943313599,-0.6730037927627563,-0.5060176849365234,0.7203931212425232,-0.7725992202758789,-0.5060176849365234,0.7148106694221497,-0.8777112364768982,-0.5060176849365234,-1.1604764461517334,-0.7781158089637756,-0.5060176849365234
8215,176917169,53,0,0.5822175496640339,0.581329345703125,6.938893903907228e-18,1,True,3.000999927520752,0.0,0.0,0.9986284971237183,-0.052355196326971054,0.0,0.9986284971237183,-0.052355196326971054,-0.581329345703125,0.9986284971237183,-0.052355196326971054,-0.581329345703125
8215,176917169,53,1,0.2993016284747121,0.0,0.0,0,False,0.4260752201080322,-0.7724543809890747,-0.5770372152328491,0.4880310595035553,0.409297376871109,-0.5770372152328491,0.7406063079833984,0.39605557918548584,-0.5770372152328491,0.678650438785553,-0.7856961488723755,-0.5770372152328491
8215,176917169,53,2,0.07365115703006153,0.0,0.0,0,False,1.1856437921524048,0.1183934286236763,-0.5820922255516052,1.1671125888824463,-0.23507189750671387,-0.5820922255516052,0.9593149423599243,-0.22417767345905304,-0.5820922255516052,0.977846086025238,0.12928766012191772,-0.5820922255516052
8215,176917169,53,3,0.053750865687026916,0.0,0.0,0,False,0.8880378007888794,0.11905433237552643,-0.6513293385505676,0.869629979133606,-0.23205825686454773,-0.6513293385505676,0.7169623374938965,-0.22405433654785156,-0.6513293385505676,0.7353701591491699,0.1270582526922226,-0.6513293385505676
8215,176917169,53,4,2.5995754578742734,0.0,0.0,0,False,0.5066645741462708,0.7786019444465637,-0.5049722194671631,0.4207030236721039,-0.8610367178916931,-0.5049722194671631,-1.1604074239730835,-0.7781437039375305,-0.5049722194671631,-1.0744458436965942,0.8614950180053711,-0.5049722194671631
8215,176917169,53,5,0.16059395137594912,0.0,0.0,0,False,-1.1229015588760376,-0.6799727082252502,-0.5049722194671631,0.4808361530303955,-0.7640519142150879,-0.5049722194671631,0.4756006598472595,-0.8639147281646729,-0.5049722194671631,-1.1281369924545288,-0.7798355221748352,-0.5049722194671631
8215,176917169,53,6,0.6683349114579258,0.0,0.0,0,False,0.673241138458252,0.4014514982700348,-0.5049722194671631,-1.0918490886688232,0.49399012327194214,-0.5049722194671631,-1.0720524787902832,0.8715928792953491,-0.5049722194671631,0.693037748336792,0.7790542840957642,-0.5049722194671631
8215,276941638,54,0,2.2834130548328453,0.6638519167900085,0.0,1,True,6.000999927520752,0.0,0.0,-0.8592362403869629,-0.5115789771080017,0.0,-0.8592362403869629,-0.5115789771080017,-0.6638519167900085,-0.8592362403869629,-0.5115789771080017,-0.6638519167900085
8215,276941638,54,1,0.19943433096812768,0.0,0.0,0,False,0.42747989296913147,-0.3815111517906189,-0.5916458964347839,0.5032586455345154,0.41702741384506226,-0.5916458964347839,0.7507787942886353,0.39353853464126587,-0.5916458964347839,0.675000011920929,-0.4050000309944153,-0.5916458964347839
8215,276941638,54,2,0.10715929568379323,0.0,0.0,0,False,0.7074817419052124,-0.4088479280471802,-0.7338519096374512,1.007519245147705,-0.4373205304145813,-0.7338519096374512,0.9739290475845337,-0.7912859320640564,-0.7338519096374512,0.673891544342041,-0.7628133296966553,-0.7338519096374512
8215,276941638,54,3,0.7370181084435288,0.0,0.0,0,False,0.6450245380401611,-0.7600739598274231,-0.7338519096374512,0.7945537567138672,0.8156286478042603,-0.7338519096374512,1.2581185102462769,0.7716377973556519,-0.7338519096374512,1.1085892915725708,-0.8040648102760315,-0.7338519096374512
8215,276941638,54,4,0.1465975102991095,0.0,0.0,0,False,1.168259620666504,0.35666030645370483,-0.7338519096374512,0.8221065402030945,0.3895091414451599,-0.7338519096374512,0.8619371056556702,0.8092342019081116,-0.7338519096374512,1.2080901861190796,0.7763853669166565,-0.7338519096374512
8215,276941638,54,5,2.9078018043514398,0.0,0.0,0,False,0.534875214099884,0.7790628671646118,-0.505273699760437,0.37302953004837036,-0.9264286160469055,-0.505273699760437,-1.3167177438735962,-0.7660769820213318,-0.505273699760437,-1.1548720598220825,0.9394145011901855,-0.505273699760437
8215,276941638,54,6,0.9806446746310318,0.0,0.0,0,False,-1.1185235977172852,-0.23524323105812073,-0.505273699760437,0.6656286716461182,-0.4045536518096924,-0.505273699760437,0.6139349341392517,-0.949289858341217,-0.505273699760437,-1.1702173948287964,-0.7799794673919678,-0.505273699760437
8215,276941638,54,7,0.7552417163939733,0.0,0.0,0,False,0.7533082365989685,0.3937284052371979,-0.505273699760437,-1.1891632080078125,0.5780628323554993,-0.505273699760437,-1.152596116065979,0.9633972644805908,-0.505273699760437,0.7898752689361572,0.7790628671646118,-0.505273699760437
8215,376939856,55,0,1.4083451704637626,0.7040624022483826,0.0,1,True,3.000999927520752,0.0,0.0,-0.9995014667510986,0.031573086977005005,0.0,-0.9995014667510986,0.031573086977005005,-0.7040624022483826,-0.9995014667510986,0.031573086977005005,-0.7040624022483826
8215,376939856,55,1,0.09297005855539853,0.0,0.0,0,False,0.9451046586036682,0.7866303324699402,-0.7048217058181763,0.9257964491844177,0.1753944605588913,-0.7048217058181763,0.7738462686538696,0.18019439280033112,-0.7048217058181763,0.7931545376777649,0.7914302349090576,-0.7048217058181763
8215,376939856,55,2,0.12188196020216324,0.0,0.0,0,False,0.9388464093208313,0.18019434809684753,-0.7740623950958252,0.9560667872428894,0.7253364324569702,-0.7740623950958252,1.1794222593307495,0.7182808518409729,-0.7740623950958252,1.1622018814086914,0.173138827085495,-0.7740623950958252
8215,376939856,55,3,0.1552258874619561,0.0,0.0,0,False,0.7818934321403503,0.47994017601013184,-0.6310735940933228,0.7453997135162354,-0.6753284931182861,-0.6310735940933228,0.61117023229599,-0.6710883378982544,-0.6310735940933228,0.6476638913154602,0.4841803312301636,-0.6310735940933228
8215,376939856,55,4,0.5510028185139717,0.0,0.0,0,False,0.718654215335846,0.4823974668979645,-0.504436194896698,-1.1325536966323853,0.5408750772476196,-0.504436194896698,-1.1231608390808105,0.838223397731781,-0.504436194896698,0.7280471324920654,0.7797457575798035,-0.504436194896698
8215,376939856,55,5,2.8694645938905854,0.0,0.0,0,False,0.6514637470245361,0.7793220281600952,-0.504436194896698,0.6004398465156555,-0.8359262347221375,-0.504436194896698,-1.1742744445800781,-0.7798649668693542,-0.504436194896698,-1.1232504844665527,0.8353832960128784,-0.504436194896698
8215,376939856,55,6,0.2608415063569316,0.0,0.0,0,False,-1.1648178100585938,-0.6159487366676331,-0.504436194896698,0.42359718680381775,-0.6661249995231628,-0.504436194896698,0.41841498017311096,-0.8301762938499451,-0.504436194896698,-1.1699999570846558,-0.7799999713897705,-0.504436194896698
8215,476929033,56,0,1.1607320073521838,0.5802649855613708,0.0,1,True,3.000999927520752,0.0,0.0,-0.9995952844619751,0.02844824828207493,0.0,-0.9995952844619751,0.02844824828207493,-0.5802649855613708,-0.9995952844619751,0.02844824828207493,-0.5802649855613708
8215,476929033,56,1,0.2622580855788126,0.0,0.0,0,False,0.8881838917732239,0.4147866368293762,-0.6502649784088135,0.8613840341567993,-0.5268892049789429,-0.6502649784088135,0.5831079483032227,-0.5189695358276367,-0.6502649784088135,0.609907865524292,0.4227063059806824,-0.6502649784088135
8215,476929033,56,2,0.0686830023274334,0.0,0.0,0,False,0.9665054678916931,-0.2234775722026825,-0.5747593641281128,0.9761699438095093,0.1161051094532013,-0.5747593641281128,1.1782633066177368,0.11035358160734177,-0.5747593641281128,1.1685988903045654,-0.22922910749912262,-0.5747593641281128
8215,476929033,56,3,0.634694261137354,0.0,0.0,0,False,0.6735432744026184,0.4288139343261719,-0.5056535005569458,-1.133531093597412,0.4802428185939789,-0.5056535005569458,-1.1235432624816895,0.8311861157417297,-0.5056535005569458,0.6835310459136963,0.7797572016716003,-0.5056535005569458
8215,476929033,56,4,2.793492575260858,0.0,0.0,0,False,0.6113755106925964,0.7788224816322327,-0.5056535005569458,0.5656059384346008,-0.8293949961662292,-0.5056535005569458,-1.1699999570846558,-0.7800000309944153,-0.5056535005569458,-1.1242303848266602,0.8282175064086914,-0.5056535005569458
8215,476929033,56,5,0.5559004690215978,0.0,0.0,0,False,-1.1611896753311157,-0.4704321622848511,-0.5056535005569458,0.6330879330635071,-0.5214968919754028,-0.5056535005569458,0.6242777109146118,-0.8310647010803223,-0.5056535005569458,-1.1699998378753662,-0.7799999713897705,-0.5056535005569458
8215,576956418,57,0,1.3341662201244544,0.6683118343353271,2.7755575615628914e-17,1,True,3.000999927520752,0.0,0.0,-0.9888737201690674,-0.1487574577331543,0.0,-0.9888737201690674,-0.1487574577331543,-0.6683118343353271,-0.9888737201690674,-0.1487574577331543,-0.6683118343353271
8215,576956418,57,1,0.1457611611876487,0.07454937696456909,7.25783679039933e-10,0,False,0.9259892702102661,0.1956934779882431,-0.7383118271827698,0.9281939268112183,0.7818281054496765,-0.7487514019012451,1.1684188842773438,0.7797826528549194,-0.8128612041473389,1.1662142276763916,0.1936480700969696,-0.8024216294288635
8215,576956418,57,2,0.26161372806968863,0.0,0.0,0,False,0.9179883003234863,0.6144810318946838,-0.6387300491333008,0.9139254689216614,-0.46567294001579285,-0.6387300491333008,0.6717284917831421,-0.4647619426250458,-0.6387300491333008,0.675791323184967,0.6153920292854309,-0.6387300491333008
8215,576956418,57,3,0.32133717330252054,0.0,0.0,0,False,0.6750075221061707,0.18089395761489868,-0.6387300491333008,1.172908902168274,0.17665454745292664,-0.6387300491333008,1.1674141883850098,-0.46868184208869934,-0.6387300491333008,0.6695128083229065,-0.4644424319267273,-0.6387300491333008
8215,576956418,57,4,0.30687799001843885,0.0,0.0,0,False,0.8249159455299377,0.6226656436920166,-0.5055477619171143,-1.1255642175674438,0.6300020813941956,-0.5055477619171143,-1.1249724626541138,0.7873344421386719,-0.5055477619171143,0.8255077004432678,0.7799980044364929,-0.5055477619171143
8215,676953178,58,0,1.070131081505769,0.7131961584091187,1.734723475976807e-18,1,True,2.000999927520752,0.0,0.0,-0.9999170303344727,0.0128812650218606,0.0,-0.9999170303344727,0.0128812650218606,-0.7131961584091187,-0.9999170303344727,0.0128812650218606,-0.7131961584091187
8215,676953178,58,1,0.15116087905948827,0.0,0.0,0,False,0.9247909784317017,0.16564680635929108,-0.7831961512565613,0.9327446222305298,0.7830563187599182,-0.7831961512565613,1.177534818649292,0.7799028754234314,-0.7831961512565613,1.1695811748504639,0.16249334812164307,-0.7831961512565613
8215,676953178,58,2,0.36371247670893325,0.0,0.0,0,False,0.5595669746398926,-0.779865562915802,-0.6369138956069946,0.575045645236969,0.4216741621494293,-0.6369138956069946,0.8777007460594177,0.4177752435207367,-0.6369138956069946,0.8622220754623413,-0.7837644815444946,-0.6369138956069946
8215,676953178,58,3,0.06878003703201441,0.0,0.0,0,False,0.9711434245109558,-0.22437059879302979,-0.5778236985206604,0.9756119847297668,0.12250417470932007,-0.5778236985206604,1.1738640069961548,0.11995022743940353,-0.5778236985206604,1.1693954467773438,-0.22692453861236572,-0.5778236985206604
8215,676953178,58,4,2.706820186359055,0.0,0.0,0,False,0.5752164125442505,0.7799327373504639,-0.5058711767196655,0.5548420548439026,-0.8016402721405029,-0.5058711767196655,-1.156347393989563,-0.7795961499214172,-0.5058711767196655,-1.1359729766845703,0.8019769191741943,-0.5058711767196655
8215,676953178,58,5,0.5466644453082443,0.0,0.0,0,False,0.5697187781333923,0.45816802978515625,-0.5058711767196655,-1.128864049911499,0.48004981875419617,-0.5058711767196655,-1.1247186660766602,0.8018320202827454,-0.5058711767196655,0.5738641023635864,0.7799502611160278,-0.5058711767196655
8215,777035688,59,0,1.0585633912891788,0.7054916024208069,1.734723475976807e-18,1,True,2.000999927520752,0.0,0.0,-0.9998863339424133,-0.015078442171216011,0.0,-0.9998863339424133,-0.015078442171216011,-0.7054916024208069,-0.9998863339424133,-0.015078442171216011,-0.7054916024208069
8215,777035688,59,1,0.1493948597964545,0.0,0.0,0,False,0.9300205111503601,0.1786431074142456,-0.7754915952682495,0.9209744930267334,0.7785067558288574,-0.7754915952682495,1.1699658632278442,0.7822616100311279,-0.7754915952682495,1.1790119409561157,0.18239793181419373,-0.7754915952682495
8215,777035688,59,2,0.0850974743044306,0.0,0.0,0,False,0.9461649060249329,-0.2572444677352905,-0.58387291431427,0.9405683279037476,0.1138775646686554,-0.58387291431427,1.1698139905929565,0.11733462661504745,-0.58387291431427,1.1754106283187866,-0.25378739833831787,-0.58387291431427
8215,777035688,59,3,0.2774322902353623,0.0,0.0,0,False,0.9299318194389343,0.12452302128076553,-0.6570665836334229,0.9435690641403198,-0.7797953486442566,-0.6570665836334229,0.6368527412414551,-0.7844207286834717,-0.6570665836334229,0.6232154965400696,0.11989769339561462,-0.6570665836334229
8215,777035688,59,4,1.201389209824275,0.0,0.0,0,False,0.6839982867240906,0.12330253422260284,-0.5056032538414001,-1.0742210149765015,0.09678831696510315,-0.5056032538414001,-1.0845229625701904,0.7799317836761475,-0.5056032538414001,0.6736963987350464,0.8064460158348083,-0.5056032538414001
8215,777035688,59,5,2.7168176483777486,0.0,0.0,0,False,0.610614538192749,0.8054947257041931,-0.5056032538414001,0.6345230340957642,-0.7799317836761475,-0.5056032538414001,-1.0787067413330078,-0.8057675957679749,-0.5056032538414001,-1.102615237236023,0.7796589732170105,-0.5056032538414001
8215,876936490,60,0,1.7371358913286843,0.6947293877601624,0.0,1,True,4.000999927520752,0.0,0.0,-0.9998743534088135,-0.01585233025252819,0.0,-0.9998743534088135,-0.01585233025252819,-0.6947293877601624,-0.9998743534088135,-0.01585233025252819,-0.6947293877601624
8215,876936490,60,1,0.14585598774526076,0.0,0.0,0,False,1.1699509620666504,0.7830908298492432,-0.764729380607605,1.1792724132537842,0.19514700770378113,-0.764729380607605,0.9312566518783569,0.1912148892879486,-0.764729380607605,0.9219352006912231,0.7791587114334106,-0.764729380607605
8215,876936490,60,2,0.06629891908973296,0.0,0.0,0,False,0.9757509827613831,-0.22736625373363495,-0.5781663656234741,0.9704827070236206,0.10492837429046631,-0.5781663656234741,1.16995108127594,0.10809081047773361,-0.5781663656234741,1.1752192974090576,-0.22420381009578705,-0.5781663656234741
8215,876936490,60,3,0.5394581089352801,0.0,0.0,0,False,0.9254186153411865,0.4089702367782593,-0.6403130888938904,0.9442653656005859,-0.7797738313674927,-0.6403130888938904,0.49057430028915405,-0.7869668006896973,-0.6403130888938904,0.471727579832077,0.4017772674560547,-0.6403130888938904
8215,876936490,60,4,0.47194504861142406,0.0,0.0,0,False,0.9629917740821838,0.18741966784000397,-0.6403130888938904,0.9783286452293396,-0.7799472212791443,-0.6403130888938904,0.4905856251716614,-0.7876800298690796,-0.6403130888938904,0.4752487540245056,0.17968687415122986,-0.6403130888938904
8215,876936490,60,5,0.2066423230225478,0.0,0.0,0,False,0.5699999928474426,-0.26999998092651367,-0.6403130888938904,0.9701430797576904,-0.26365596055984497,-0.6403130888938904,0.9783285856246948,-0.7799472212791443,-0.6403130888938904,0.5781854391098022,-0.786291241645813,-0.6403130888938904
8215,876936490,60,6,0.7385556379750451,0.0,0.0,0,False,0.7847023010253906,0.42340394854545593,-0.5054784417152405,-1.1243362426757812,0.3931374251842499,-0.5054784417152405,-1.1304682493209839,0.7799133062362671,-0.5054784417152405,0.7785701751708984,0.8101798295974731,-0.5054784417152405
8215,976894750,61,0,0.6937189198083742,0.6933642029762268,0.0,1,True,3.000999927520752,0.0,0.0,0.9999845027923584,0.005569667089730501,0.0,0.9999845027923584,0.005569667089730501,-0.6933642029762268,0.9999845027923584,0.005569667089730501,-0.6933642029762268
8215,976894750,61,1,0.18159584976485554,0.0,0.0,0,False,1.1699986457824707,0.780250608921051,-0.7633641958236694,1.1733356714248657,0.18110468983650208,-0.7633641958236694,0.8702539205551147,0.17941659688949585,-0.7633641958236694,0.866916835308075,0.7785625457763672,-0.7633641958236694
8215,976894750,61,2,0.06806288390552062,0.0,0.0,0,False,1.1699118614196777,0.12083496898412704,-0.5760765075683594,1.171587347984314,-0.17999117076396942,-0.5760765075683594,0.945341169834137,-0.18125130236148834,-0.5760765075683594,0.943665623664856,0.11957482993602753,-0.5760765075683594
8215,976894750,61,3,0.35251905192635746,0.0,0.0,0,False,0.8685727715492249,0.3762452304363251,-0.6370944976806641,0.8735900521278381,-0.5245622396469116,-0.6370944976806641,0.4822654724121094,-0.5267418622970581,-0.6370944976806641,0.4772481918334961,0.37406566739082336,-0.6370944976806641
8215,976894750,61,4,0.7657746203080809,0.0,0.0,0,False,0.7222524881362915,0.37559738755226135,-0.5050463080406189,-1.1243611574172974,0.36531221866607666,-0.5050463080406189,-1.1266708374023438,0.7799906730651855,-0.5050463080406189,0.7199428081512451,0.7902758121490479,-0.5050463080406189
8215,976894750,61,5,2.522919527683296,0.0,0.0,0,False,0.47435280680656433,0.7889079451560974,-0.5050463080406189,0.4830911159515381,-0.7799828052520752,-0.5050463080406189,-1.1249502897262573,-0.7889391779899597,-0.5050463080406189,-1.1336885690689087,0.7799515724182129,-0.5050463080406189
8215,976894750,61,6,0.4065810881369014,0.0,0.0,0,False,-1.1261698007583618,-0.5700064897537231,-0.5050463080406189,0.7196086645126343,-0.5597259998321533,-0.5050463080406189,0.7208355069160461,-0.7799953818321228,-0.5050463080406189,-1.1249428987503052,-0.7902758717536926,-0.5050463080406189
8216,76983093,62,0,1.4128760571759957,0.7063791155815125,6.938893903907228e-18,1,True,3.000999927520752,0.0,0.0,-0.9991117119789124,-0.042140569537878036,0.0,-0.9991117119789124,-0.042140569537878036,-0.7063791155815125,-0.9991117119789124,-0.042140569537878036,-0.7063791155815125
8216,76983093,62,1,0.1546940051223209,0.0,0.0,0,False,0.9335573315620422,0.1856599897146225,-0.7763791084289551,0.9086073637008667,0.7771996855735779,-0.7763791084289551,1.1696537733078003,0.7882100939750671,-0.7763791084289551,1.194603681564331,0.19667039811611176,-0.7763791084289551
8216,76983093,62,2,0.4265212006354382,0.0,0.0,0,False,0.8516800999641418,0.5324520468711853,-0.6485174298286438,0.9024702310562134,-0.6717324256896973,-0.6485174298286438,0.5489000082015991,-0.6866453289985657,-0.6485174298286438,0.4981098771095276,0.5175391435623169,-0.6485174298286438
8216,76983093,62,3,0.07852698719818796,0.0,0.0,0,False,0.9472143054008484,-0.2324986755847931,-0.5808779001235962,0.9332403540611267,0.09880995750427246,-0.5808779001235962,1.1698400974273682,0.10878927260637283,-0.5808779001235962,1.1838140487670898,-0.22251935303211212,-0.5808779001235962
8216,76983093,62,4,0.6114465817786217,0.0,0.0,0,False,0.7306064963340759,0.5285303592681885,-0.5050737857818604,-1.1237480640411377,0.45031729340553284,-0.5050737857818604,-1.1376309394836426,0.7794672846794128,-0.5050737857818604,0.716723620891571,0.8576803207397461,-0.5050737857818604
8216,76983093,62,5,2.6406992953821664,0.0,0.0,0,False,0.4772300720214844,0.8475789427757263,-0.5050737857818604,0.5458410978317261,-0.7791209816932678,-0.5050737857818604,-1.074623703956604,-0.8474689722061157,-0.5050737857818604,-1.1432346105575562,0.7792309522628784,-0.5050737857818604
8216,76983093,62,6,0.18423136030328635,0.0,0.0,0,False,-1.0211143493652344,-0.7535786032676697,-0.5050737857818604,0.7782152891159058,-0.6776863932609558,-0.5050737857818604,0.7825261354446411,-0.7798934578895569,-0.5050737857818604,-1.016803503036499,-0.8557856678962708,-0.5050737857818604
8216,177025645,63,0,2.105910684825494,0.7018812298774719,0.0,1,True,5.000999927520752,0.0,0.0,-0.9997130632400513,0.023953428491950035,0.0,-0.9997130632400513,0.023953428491950035,-0.7018812298774719,-0.9997130632400513,0.023953428491950035,-0.7018812298774719
8216,177025645,63,1,0.03359606521367864,0.0,0.0,0,False,0.5400258302688599,0.4071558117866516,-0.5594189167022705,0.5248792171478271,-0.22499708831310272,-0.5594189167022705,0.4717642664909363,-0.22372443974018097,-0.5594189167022705,0.4869108200073242,0.40842846035957336,-0.5594189167022705
8216,177025645,63,2,0.14938197176001955,0.0,0.0,0,False,0.9192498922348022,0.18133579194545746,-0.7718812227249146,0.9337297081947327,0.7856610417366028,-0.7718812227249146,1.1807758808135986,0.7797417640686035,-0.7718812227249146,1.166296124458313,0.1754164844751358,-0.7718812227249146
8216,177025645,63,3,0.3136705365439809,0.0,0.0,0,False,0.88789963722229,0.5227741003036499,-0.6493956446647644,0.8637989163398743,-0.4830860495567322,-0.6493956446647644,0.5521347522735596,-0.47561848163604736,-0.6493956446647644,0.5762354731559753,0.5302416682243347,-0.6493956446647644
8216,177025645,63,4,0.07844789538874952,0.0,0.0,0,False,0.9414510130882263,-0.22311793267726898,-0.5790492296218872,0.9497125744819641,0.12168409675359726,-0.5790492296218872,1.1770977973937988,0.1162358745932579,-0.5790492296218872,1.168836236000061,-0.22856613993644714,-0.5790492296218872
8216,177025645,63,5,0.6348490696068154,0.0,0.0,0,False,0.5693309307098389,0.40707749128341675,-0.5042363405227661,-1.1329580545425415,0.4478647708892822,-0.5042363405227661,-1.1240274906158447,0.8205892443656921,-0.5042363405227661,0.5782614946365356,0.7798020243644714,-0.5042363405227661
8216,177025645,63,6,2.5980444290256033,0.0,0.0,0,False,0.4922127425670624,0.7797072529792786,-0.5042363405227661,0.45393526554107666,-0.8178316354751587,-0.5042363405227661,-1.1714109182357788,-0.778887927532196,-0.5042363405227661,-1.1331334114074707,0.818651020526886,-0.5042363405227661
8216,177025645,63,7,1.00618372254916,0.0,0.0,0,False,-1.157199740409851,-0.18577224016189575,-0.5042363405227661,0.5382644534111023,-0.22639602422714233,-0.5042363405227661,0.5240532755851746,-0.8195117115974426,-0.5042363405227661,-1.1714109182357788,-0.778887927532196,-0.5042363405227661
8216,177025645,63,8,0.454697729729995,0.0,0.0,0,False,0.6739930510520935,0.5279737710952759,-0.5042363405227661,-1.1300029754638672,0.571198046207428,-0.5042363405227661,-1.123967170715332,0.8231037259101868,-0.5042363405227661,0.6800287961959839,0.7798794507980347,-0.5042363405227661
8216,177025645,63,9,0.6327087750832625,0.0,0.0,0,False,-1.163194179534912,-0.43595632910728455,-0.5042363405227661,0.6807471513748169,-0.48013773560523987,-0.5042363405227661,0.6725304126739502,-0.8230693340301514,-0.5042363405227661,-1.1714109182357788,-0.778887927532196,-0.5042363405227661
8216,277018030,64,0,1.0430420237658997,0.6951598525047302,0.0,1,True,2.000999927520752,0.0,0.0,-0.9998044967651367,0.019773269072175026,0.0,-0.9998044967651367,0.019773269072175026,-0.6951598525047302,-0.9998044967651367,0.019773269072175026,-0.6951598525047302
8216,277018030,64,1,0.15485861972245019,0.0,0.0,0,False,0.8679652810096741,0.16711685061454773,-0.7651598453521729,0.8781238794326782,0.6807724833488464,-0.7651598453521729,1.1794893741607666,0.674812376499176,-0.7651598453521729,1.1693307161331177,0.16115671396255493,-0.7651598453521729
8216,277018030,64,2,0.06883641798228712,0.0,0.0,0,False,0.9420639276504517,-0.17845863103866577,-0.57228684425354,0.9480358362197876,0.12349984049797058,-0.57228684425354,1.1759132146835327,0.11899308115243912,-0.57228684425354,1.1699413061141968,-0.18296538293361664,-0.57228684425354
8216,277018030,64,3,0.3485774216521724,0.0,0.0,0,False,0.8498917818069458,0.47861775755882263,-0.6351238489151001,0.824999988079071,-0.7799999713897705,-0.6351238489151001,0.5481557250022888,-0.7745248079299927,-0.6351238489151001,0.5730474591255188,0.48409292101860046,-0.6351238489151001
8216,277018030,64,4,0.5225605715512955,0.0,0.0,0,False,0.7198893427848816,0.48940345644950867,-0.504449725151062,-1.0838550329208374,0.5250762104988098,-0.504449725151062,-1.0781277418136597,0.8146716952323914,-0.504449725151062,0.7256166934967041,0.7789989709854126,-0.504449725151062
8216,277018030,64,5,2.6388285671911262,0.0,0.0,0,False,0.5787290334701538,0.779827356338501,-0.504449725151062,0.5472437739372253,-0.8121820688247681,-0.504449725151062,-1.1096539497375488,-0.7794134616851807,-0.504449725151062,-1.0781687498092651,0.8125959634780884,-0.504449725151062
8216,377042207,65,0,2.836330795215404,0.7089947462081909,0.0,1,True,7.000999927520752,0.0,0.0,-0.9999914169311523,-0.0041491445153951645,0.0,-0.9999914169311523,-0.0041491445153951645,-0.7089947462081909,-0.9999914169311523,-0.0041491445153951645,-0.7089947462081909
8216,377042207,65,1,0.07399420765137332,0.0,0.0,0,False,0.5849982500076294,0.4652489721775055,-0.5618319511413574,0.587861180305481,-0.2247391641139984,-0.5618319511413574,0.48062318563461304,-0.2251841127872467,-0.5618319511413574,0.47776028513908386,0.4648040235042572,-0.5618319511413574
8216,377042207,65,2,0.1501397836227376,0.0,0.0,0,False,0.9161866903305054,0.19400912523269653,-0.7789947390556335,0.9137555956840515,0.7799326181411743,-0.7789947390556335,1.169995903968811,0.780995786190033,-0.7789947390556335,1.1724269390106201,0.19507229328155518,-0.7789947390556335
8216,377042207,65,3,0.0782005358818112,0.0,0.0,0,False,0.9451903700828552,-0.2258705347776413,-0.5774809122085571,0.9437558054924011,0.11987036466598511,-0.5774809122085571,1.1699343919754028,0.12080882489681244,-0.5774809122085571,1.171368956565857,-0.22493208944797516,-0.5774809122085571
8216,377042207,65,4,0.02522571465968948,0.0,0.0,0,False,0.7340031862258911,0.42024481296539307,-0.6438623666763306,0.7350000143051147,0.18000000715255737,-0.6438623666763306,0.6300017833709717,0.17956434190273285,-0.6438623666763306,0.629004955291748,0.41980916261672974,-0.6438623666763306
8216,377042207,65,5,0.5983573000034674,0.0,0.0,0,False,0.8262388110160828,0.4814366102218628,-0.5051518082618713,-1.1249723434448242,0.4733406901359558,-0.5051518082618713,-1.1262446641921997,0.7799948453903198,-0.5051518082618713,0.8249664306640625,0.7880907654762268,-0.5051518082618713
8216,377042207,65,6,2.5180529839696666,0.0,0.0,0,False,0.47580254077911377,0.7866420745849609,-0.5051518082618713,0.48230281472206116,-0.779990553855896,-0.5051518082618713,-1.1249723434448242,-0.7866594195365906,-0.5051518082618713,-1.1314725875854492,0.7799731492996216,-0.5051518082618713
8216,377042207,65,7,1.0305033726741657,0.0,0.0,0,False,-1.1271581649780273,-0.2598634958267212,-0.5051518082618713,0.8236796259880066,-0.25176915526390076,-0.5051518082618713,0.8258712887763977,-0.779996395111084,-0.5051518082618713,-1.1249665021896362,-0.788090705871582,-0.5051518082618713
8216,377042207,65,8,0.05891886216880504,0.0,0.0,0,False,0.8246232271194458,-0.47919249534606934,-0.5051518082618713,0.8258713483810425,-0.779996395111084,-0.5051518082618713,0.6300033926963806,-0.7808091044425964,-0.5051518082618713,0.6287552714347839,-0.4800051748752594,-0.5051518082618713
8216,377042207,65,9,1.0305033653310396,0.0,0.0,0,False,-1.1271580457687378,-0.2598634660243988,-0.5051518082618713,0.8236795663833618,-0.25176915526390076,-0.5051518082618713,0.8258712291717529,-0.7799964547157288,-0.5051518082618713,-1.1249663829803467,-0.788090705871582,-0.5051518082618713
8216,377042207,65,10,0.05591104678616432,0.0,0.0,0,False,0.8261791467666626,0.4958139657974243,-0.5051518082618713,0.6299999952316284,0.4950000047683716,-0.5051518082618713,0.6288175582885742,0.7799950838088989,-0.5051518082618713,0.8249966502189636,0.7808090448379517,-0.5051518082618713
8216,377042207,65,11,0.05891884734261055,0.0,0.0,0,False,0.6287552714347839,-0.4800052046775818,-0.5051518082618713,0.8246232271194458,-0.4791925251483917,-0.5051518082618713,0.8258712887763977,-0.779996395111084,-0.5051518082618713,0.6300033926963806,-0.7808091044425964,-0.5051518082618713
8216,476968675,66,0,0.35283247691269215,0.7049603462219238,0.0,1,True,0.0010000000474974513,0.0,0.0,-0.9995105862617493,-0.03128202259540558,0.0,-0.9995105862617493,-0.03128202259540558,-0.7049603462219238,-0.9995105862617493,-0.03128202259540558,-0.7049603462219238
8216,476968675,66,1,0.39454538422830865,0.0,0.0,0,False,0.8485280275344849,0.786369800567627,-0.6327958106994629,0.8974360227584839,-0.7763245105743408,-0.6327958106994629,0.6452054381370544,-0.7842186093330383,-0.6327958106994629,0.5962974429130554,0.7784757018089294,-0.6327958106994629
8216,476968675,66,2,0.18577898863980558,0.0,0.0,0,False,0.8796736001968384,0.17091354727745056,-0.7749603390693665,0.8606786727905273,0.7778303027153015,-0.7749603390693665,1.1664820909500122,0.7874011993408203,-0.7749603390693665,1.1854768991470337,0.18048438429832458,-0.7749603390693665
8216,476968675,66,3,2.7463976410986337,0.0,0.0,0,False,-1.1234440803527832,-0.8297140002250671,-0.5037344694137573,-1.1738200187683105,0.7798803448677063,-0.5037344694137573,0.5307772159576416,0.833229660987854,-0.5037344694137573,0.5811532139778137,-0.7763646841049194,-0.5037344694137573
8216,576968935,67,0,0.30751360300756775,0.6144133806228638,6.938893903907228e-18,1,True,0.0010000000474974513,0.0,0.0,-0.9990134239196777,0.0444098636507988,0.0,-0.9990134239196777,0.0444098636507988,-0.6144133806228638,-0.9990134239196777,0.0444098636507988,-0.6144133806228638
8216,576968935,67,1,0.6054942736250375,0.0,0.0,0,False,0.6073731780052185,-0.7789941430091858,-0.6844133734703064,0.6678296327590942,0.5809876322746277,-0.6844133734703064,1.1121739149093628,0.5612347722053528,-0.6844133734703064,1.0517174005508423,-0.7987470030784607,-0.6844133734703064
8216,576968935,67,2,0.025228190953250795,0.0,0.0,0,False,1.0823557376861572,-0.17943793535232544,-0.5884926915168762,1.095147967338562,0.1083274558186531,-0.5884926915168762,1.1826443672180176,0.10443791002035141,-0.5884926915168762,1.1698521375656128,-0.18332746624946594,-0.5884926915168762
8216,576968935,67,3,2.7131530417658425,0.0,0.0,0,False,-1.1466377973556519,-0.7790380716323853,-0.5046234130859375,-1.0740838050842285,0.8530856370925903,-0.5046234130859375,0.5849828720092773,0.7793338894844055,-0.5046234130859375,0.512428879737854,-0.8527898192405701,-0.5046234130859375
8216,677062528,68,0,1.0364596232769971,0.6907590627670288,0.0,1,True,2.000999927520752,0.0,0.0,-0.999894380569458,0.014532573521137238,0.0,-0.999894380569458,0.014532573521137238,-0.6907590627670288,-0.999894380569458,0.014532573521137238,-0.6907590627670288
8216,677062528,68,1,0.15873030038953218,0.0,0.0,0,False,1.1865129470825195,0.7791059017181396,-0.7607590556144714,1.1778775453567505,0.18495818972587585,-0.7607590556144714,0.9107776880264282,0.18884024024009705,-0.7607590556144714,0.9194130897521973,0.7829880118370056,-0.7607590556144714
8216,677062528,68,2,0.5183856088441505,0.0,0.0,0,False,0.884594202041626,0.7791337966918945,-0.6267601251602173,0.866189181804657,-0.4871973991394043,-0.6267601251602173,0.4569154381752014,-0.48124897480010986,-0.6267601251602173,0.475320428609848,0.785082221031189,-0.6267601251602173
8216,677062528,68,3,0.4812658020652938,0.0,0.0,0,False,0.46659228205680847,0.1845550835132599,-0.6267601251602173,1.1892735958099365,0.17405158281326294,-0.6267601251602173,1.1795967817306519,-0.4917524755001068,-0.6267601251602173,0.4569154381752014,-0.48124897480010986,-0.6267601251602173
8216,777140080,69,0,1.0484897831931523,0.6987649202346802,8.673617379884035e-19,1,True,2.000999927520752,0.0,0.0,-0.9999701380729675,0.00773070240393281,0.0,-0.9999701380729675,0.00773070240393281,-0.6987649202346802,-0.9999701380729675,0.00773070240393281,-0.6987649202346802
8216,777140080,69,1,0.29558602697154157,0.0,0.0,0,False,0.6857830882072449,0.6151486039161682,-0.581132173538208,0.6749848127365112,-0.781623363494873,-0.581132173538208,0.46337664127349854,-0.7799874544143677,-0.581132173538208,0.4741749167442322,0.6167845129966736,-0.581132173538208
8216,777140080,69,2,0.06795050675800773,0.0,0.0,0,False,0.973495364189148,-0.22464047372341156,-0.5838029384613037,0.9761686325073242,0.12115061283111572,-0.5838029384613037,1.1726642847061157,0.11963152140378952,-0.5838029384613037,1.1699910163879395,-0.22615957260131836,-0.5838029384613037
8216,777140080,69,3,0.10739631218918078,0.0,0.0,0,False,0.8723191022872925,0.11998209357261658,-0.6461304426193237,0.866868257522583,-0.585091769695282,-0.6461304426193237,0.7145581245422363,-0.5839142799377441,-0.6461304426193237,0.7200089693069458,0.12115958333015442,-0.6461304426193237
8216,777140080,69,4,0.06419615693467318,0.0,0.0,0,False,0.9749937653541565,0.1791882961988449,-0.7687649130821228,0.868144690990448,0.18001434206962585,-0.7687649130821228,0.8727892637252808,0.7807901501655579,-0.7687649130821228,0.9796382784843445,0.7799640893936157,-0.7687649130821228
8216,777140080,69,5,0.27661461624034445,0.0,0.0,0,False,0.5697827339172363,0.6168979406356812,-0.504926860332489,-1.1261595487594604,0.6300089955329895,-0.504926860332489,-1.1248986721038818,0.793103039264679,-0.504926860332489,0.5710436105728149,0.7799919843673706,-0.504926860332489
8216,777140080,69,6,2.446189732610666,0.0,0.0,0,False,0.4312477707862854,0.7799131274223328,-0.504926860332489,0.4190959930419922,-0.7919371724128723,-0.504926860332489,-1.1370595693588257,-0.779906690120697,-0.504926860332489,-1.1249077320098877,0.7919436097145081,-0.504926860332489
8216,877101549,70,0,1.9916572279863767,0.675521969795227,0.0,1,True,5.000999927520752,0.0,0.0,-0.8758691549301147,-0.48254862427711487,0.0,-0.8758691549301147,-0.48254862427711487,-0.675521969795227,-0.8758691549301147,-0.48254862427711487,-0.675521969795227
8216,877101549,70,1,0.21868849670286356,0.07941979169845581,9.270757721344027e-10,0,False,0.4534156322479248,-0.7783277034759521,-0.539687991142273,0.5016933083534241,0.38145560026168823,-0.5711235404014587,0.6835891008377075,0.3725833296775818,-0.6191077828407288,0.6353114247322083,-0.7871999144554138,-0.587672233581543
8216,877101549,70,2,0.13806083649699014,0.0676802396774292,5.7612988407134205e-08,0,False,0.9314588308334351,0.7128932476043701,-0.7455219626426697,1.1818394660949707,0.705068826675415,-0.8119538426399231,1.165531039237976,0.17259949445724487,-0.8107054233551025,0.9151504039764404,0.18042391538619995,-0.7442736029624939
8216,877101549,70,3,0.23011405246498562,0.0,0.0,0,False,0.6440157890319824,-0.6243394613265991,-0.6813502311706543,0.6859337091445923,0.3826620280742645,-0.6813502311706543,0.9140525460243225,0.3731662333011627,-0.6813502311706543,0.8721346259117126,-0.6338352560997009,-0.6813502311706543
8216,877101549,70,4,0.03818988447025973,0.0,0.0,0,False,0.8757426142692566,0.3652084469795227,-0.6813502311706543,0.6750000715255737,0.375,-0.6813502311706543,0.684257447719574,0.5647915601730347,-0.6813502311706543,0.8849999904632568,0.5550000071525574,-0.6813502311706543
8216,877101549,70,5,0.26068987367265173,0.0,0.0,0,False,0.9092804789543152,0.5542563199996948,-0.6813502311706543,0.8729220032691956,-0.6328459978103638,-0.6813502311706543,0.6535259485244751,-0.6261263489723206,-0.6813502311706543,0.6898844242095947,0.5609759092330933,-0.6813502311706543
8216,877101549,70,6,0.3481003467934465,0.0,0.0,0,False,0.677078127861023,0.18649758398532867,-0.6813502311706543,1.105097770690918,0.17312192916870117,-0.6813502311706543,1.079707384109497,-0.6393659114837646,-0.6813502311706543,0.6516878008842468,-0.6259902715682983,-0.6813502311706543
8216,877101549,70,7,2.7232632598616284,0.0,0.0,0,False,0.5049182176589966,0.7789627313613892,-0.5035465359687805,0.4372391700744629,-0.8469036221504211,-0.5035465359687805,-1.2348248958587646,-0.7773014903068542,-0.5035465359687805,-1.167145848274231,0.8485648036003113,-0.5035465359687805
8216,977000309,71,0,1.3840558010991453,0.6919984221458435,0.0,1,True,3.000999927520752,0.0,0.0,-0.9988941550254822,-0.0470162071287632,0.0,-0.9988941550254822,-0.0470162071287632,-0.6919984221458435,-0.9988941550254822,-0.0470162071287632,-0.6919984221458435
8216,977000309,71,1,0.17418379668883155,0.0,0.0,0,False,1.1699005365371704,0.7221134901046753,-0.7619984149932861,1.1950291395187378,0.18823832273483276,-0.7619984149932861,0.8694871664047241,0.17291563749313354,-0.7619984149932861,0.8443586230278015,0.7067908048629761,-0.7619984149932861
8216,977000309,71,2,0.07213290007215334,0.0,0.0,0,False,0.9775445461273193,-0.23405852913856506,-0.5746111273765564,0.9611429572105408,0.11440560221672058,-0.5746111273765564,1.1676877737045288,0.12412730604410172,-0.5746111273765564,1.1840893030166626,-0.22433681786060333,-0.5746111273765564
8216,977000309,71,3,0.295202715662068,0.0,0.0,0,False,0.848501443862915,0.5767543911933899,-0.66058349609375,0.9017008543014526,-0.553507924079895,-0.66058349609375,0.6410974860191345,-0.5657740235328674,-0.66058349609375,0.5878980755805969,0.5644882917404175,-0.66058349609375
8216,977000309,71,4,0.5337990090928191,0.0,0.0,0,False,0.6848869323730469,0.5699448585510254,-0.5042726993560791,-1.123110055923462,0.48484566807746887,-0.5042726993560791,-1.136975884437561,0.7794363498687744,-0.5042726993560791,0.6710211038589478,0.8645355105400085,-0.5042726993560791
8216,977000309,71,5,2.824631146357241,0.0,0.0,0,False,0.5690591335296631,0.8597363829612732,-0.5042726993560791,0.6462026834487915,-0.7792373895645142,-0.5042726993560791,-1.0734021663665771,-0.8601760864257812,-0.5042726993560791,-1.1505457162857056,0.7787976861000061,-0.5042726993560791
8216,977000309,71,6,0.3926683801733617,0.0,0.0,0,False,-1.0834310054779053,-0.6471060514450073,-0.5042726993560791,0.7196347713470459,-0.5622389912605286,-0.5042726993560791,0.7298625111579895,-0.7795357704162598,-0.5042726993560791,-1.073203206062317,-0.8644028306007385,-0.5042726993560791
8217,77074069,72,0,3.5172518568387834,0.7033878564834595,0.0,1,True,9.00100040435791,0.0,0.0,-0.9998759627342224,0.01574948988854885,0.0,-0.9998759627342224,0.01574948988854885,-0.7033878564834595,-0.9998759627342224,0.01574948988854885,-0.7033878564834595
8217,77074069,72,1,0.05131583688315544,0.0,0.0,0,False,0.600003719329834,0.42047247290611267,-0.5786519646644592,0.589123010635376,-0.2703011929988861,-0.5786519646644592,0.5148539543151855,-0.2691313624382019,-0.5786519646644592,0.5257346630096436,0.4216423034667969,-0.5786519646644592
8217,77074069,72,2,0.07752673302915447,0.0,0.0,0,False,0.9544262290000916,0.7786701917648315,-0.7118517160415649,0.9449925422668457,0.17976385354995728,-0.7118517160415649,0.815577507019043,0.18180233240127563,-0.7118517160415649,0.825011134147644,0.7807086706161499,-0.7118517160415649
8217,77074069,72,3,0.12241157234851441,0.0,0.0,0,False,0.9665074944496155,0.18084262311458588,-0.7733878493309021,0.975993275642395,0.7830559611320496,-0.7733878493309021,1.1792123317718506,0.779854953289032,-0.7733878493309021,1.1697264909744263,0.1776416152715683,-0.7733878493309021
8217,77074069,72,4,0.1362212954577089,0.0,0.0,0,False,0.617277979850769,-0.4326731562614441,-0.6297227740287781,0.6307346820831299,0.42164236307144165,-0.6297227740287781,0.7901459336280823,0.41913139820098877,-0.6297227740287781,0.7766892313957214,-0.435184121131897,-0.6297227740287781
8217,77074069,72,5,0.014345097487368896,0.0,0.0,0,False,0.6300334930419922,-0.327874094247818,-0.6297227740287781,0.7666534185409546,-0.3300260305404663,-0.6297227740287781,0.7649999856948853,-0.4350000023841858,-0.6297227740287781,0.6283800005912781,-0.4328480660915375,-0.6297227740287781
8217,77074069,72,6,0.03097144886738512,0.0,0.0,0,False,0.7394880652427673,0.4649293124675751,-0.6297227740287781,0.7349739670753479,0.17834649980068207,-0.6297227740287781,0.6269292235374451,0.1800483614206314,-0.6297227740287781,0.6314433217048645,0.4666311740875244,-0.6297227740287781
8217,77074069,72,7,0.3352463654216824,0.0,0.0,0,False,0.6300260424613953,0.18165349960327148,-0.6297227740287781,1.1755611896514893,0.17306052148342133,-0.6297227740287781,1.1658838987350464,-0.44131454825401306,-0.6297227740287781,0.6203486919403076,-0.4327215552330017,-0.6297227740287781
8217,77074069,72,8,0.07825993234740558,0.0,0.0,0,False,0.9451748132705688,0.11609984934329987,-0.6297227740287781,1.1746070384979248,0.11248594522476196,-0.6297227740287781,1.1692354679107666,-0.22853206098079681,-0.6297227740287781,0.9398032426834106,-0.2249181568622589,-0.6297227740287781
8217,77074069,72,9,0.5764194565968594,0.0,0.0,0,False,0.629564642906189,0.45236343145370483,-0.5088115930557251,-1.1297242641448975,0.4800744354724884,-0.5088115930557251,-1.1245646476745605,0.8076366186141968,-0.5088115930557251,0.6347241997718811,0.7799255847930908,-0.5088115930557251
8217,77074069,72,10,2.6357045032873216,0.0,0.0,0,False,0.5297242999076843,0.779925525188446,-0.5088115930557251,0.5047487616539001,-0.8056709170341492,-0.5088115930557251,-1.1571184396743774,-0.779494047164917,-0.5088115930557251,-1.1321429014205933,0.8061023950576782,-0.5088115930557251
8217,77074069,72,11,0.9458211148683615,0.0,0.0,0,False,-1.1486891508102417,-0.24434608221054077,-0.5088115930557251,0.6182734370231628,-0.27217796444892883,-0.5088115930557251,0.6098441481590271,-0.8073259592056274,-0.5088115930557251,-1.1571184396743774,-0.7794941067695618,-0.5088115930557251
8217,77074069,72,12,0.5655823870421761,0.0,0.0,0,False,0.6747879385948181,0.46653586626052856,-0.5088115930557251,-1.1294898986816406,0.49495580792427063,-0.5088115930557251,-1.1245535612106323,0.8083454966545105,-0.5088115930557251,0.6797242760658264,0.7799255847930908,-0.5088115930557251
8217,177024162,73,0,1.7320256281589828,0.6926805973052979,0.0,1,True,4.000999927520752,0.0,0.0,-0.9999199509620667,-0.012653094716370106,0.0,-0.9999199509620667,-0.012653094716370106,-0.6926805973052979,-0.9999199509620667,-0.012653094716370106,-0.6926805973052979
8217,177024162,73,1,0.21172239936023018,0.0,0.0,0,False,0.8250072002410889,0.17943064868450165,-0.7626805901527405,0.8174086809158325,0.7799039483070374,-0.7626805901527405,1.1699447631835938,0.7843649983406067,-0.7626805901527405,1.17754328250885,0.18389171361923218,-0.7626805901527405
8217,177024162,73,2,0.30005178797975596,0.0,0.0,0,False,0.820438027381897,0.48051172494888306,-0.6153374910354614,0.8318129777908325,-0.4183953106403351,-0.6153374910354614,0.4980701804161072,-0.422618567943573,-0.6153374910354614,0.48669523000717163,0.47628846764564514,-0.6153374910354614
8217,177024162,73,3,0.3682948200950493,0.0,0.0,0,False,0.4912043511867523,0.11995197832584381,-0.6153374910354614,1.1698918342590332,0.12854023277759552,-0.6153374910354614,1.1767576932907104,-0.4140303134918213,-0.6153374910354614,0.4980701506137848,-0.422618567943573,-0.6153374910354614
8217,177024162,73,4,0.616017805601321,0.0,0.0,0,False,0.7837787866592407,0.4813765585422516,-0.5083543658256531,-1.1247117519378662,0.45722609758377075,-0.5083543658256531,-1.1287956237792969,0.7799519300460815,-0.5083543658256531,0.7796949744224548,0.80410236120224,-0.5083543658256531
8217,177024162,73,5,2.542889357028865,0.0,0.0,0,False,0.4797430634498596,0.8003066182136536,-0.5083543658256531,0.499737411737442,-0.7797502875328064,-0.5083543658256531,-1.1093705892562866,-0.800112247467041,-0.5083543658256531,-1.1293649673461914,0.779944658279419,-0.5083543658256531
8217,277048047,74,0,1.7206466460984797,0.6883820295333862,0.0,1,True,4.000999927520752,0.0,0.0,-0.9976305365562439,0.06879927217960358,0.0,-0.9976305365562439,0.06879927217960358,-0.6883820295333862,-0.9976305365562439,0.06879927217960358,-0.6883820295333862
8217,277048047,74,1,0.17822682619515806,0.0,0.0,0,False,1.205253005027771,-0.2688100039958954,-0.7583820223808289,1.1690770387649536,-0.7933840751647949,-0.7583820223808289,0.8309298753738403,-0.7700645327568054,-0.7583820223808289,0.8671059012413025,-0.24549046158790588,-0.7583820223808289
8217,277048047,74,2,0.44049836171888046,0.0,0.0,0,False,1.1599531173706055,-0.26568475365638733,-0.6275854110717773,0.5319068431854248,-0.22237297892570496,-0.6275854110717773,0.5800468921661377,0.4756859838962555,-0.6275854110717773,1.2080931663513184,0.4323742091655731,-0.6275854110717773
8217,277048047,74,3,0.3302486890181626,0.0,0.0,0,False,0.9136313796043396,0.45268118381500244,-0.6275854110717773,0.8456814885139465,-0.5326329469680786,-0.6275854110717773,0.5120970010757446,-0.5096280574798584,-0.6275854110717773,0.5800468921661377,0.47568607330322266,-0.6275854110717773
8217,277048047,74,4,0.5650312061452727,0.0,0.0,0,False,0.7137573957443237,0.46698278188705444,-0.5046564340591431,-1.0888757705688477,0.5912971496582031,-0.5046564340591431,-1.0673619508743286,0.9032611846923828,-0.5046564340591431,0.7352712750434875,0.7789468169212341,-0.5046564340591431
8217,277048047,74,5,0.6912577115385119,0.0,0.0,0,False,-1.1476342678070068,-0.3956838846206665,-0.5046564340591431,0.6438456773757935,-0.5192291140556335,-0.5046564340591431,0.6173617839813232,-0.9032611846923828,-0.5046564340591431,-1.174118161201477,-0.7797159552574158,-0.5046564340591431
8217,376940974,75,0,1.0602500349364918,0.7064995169639587,3.469446951953614e-18,1,True,4.000999927520752,0.0,0.0,0.9996867179870605,0.02503003552556038,0.0,0.9996867179870605,0.02503003552556038,-0.7064995169639587,0.9996867179870605,0.02503003552556038,-0.7064995169639587
8217,376940974,75,1,0.15224780240680058,0.0,0.0,0,False,1.1699436902999878,0.7822520732879639,-0.7764995098114014,1.1848912239074707,0.1852552443742752,-0.7764995098114014,0.9300282001495361,0.17887401580810547,-0.7764995098114014,0.9150806665420532,0.7758708596229553,-0.7764995098114014
8217,376940974,75,2,0.3411852899504493,0.0,0.0,0,False,0.918587863445282,0.3810989558696747,-0.6197274923324585,0.9385181069374084,-0.4149043560028076,-0.6197274923324585,0.5101636648178101,-0.4256294369697571,-0.6197274923324585,0.490233451128006,0.37037384510040283,-0.6197274923324585
8217,376940974,75,3,0.3551548335021022,0.0,0.0,0,False,0.5156167149543762,0.11976507306098938,-0.6197274923324585,1.166968584060669,0.1360735446214676,-0.6197274923324585,1.1806122064590454,-0.4088428318500519,-0.6197274923324585,0.5292602181434631,-0.4251512885093689,-0.6197274923324585
8217,376940974,75,4,0.827570521745324,0.0,0.0,0,False,0.6850682497024536,0.37788107991218567,-0.5053110122680664,-1.1614031791687012,0.3316493630409241,-0.5053110122680664,-1.172617793083191,0.7795588374137878,-0.5053110122680664,0.6738535165786743,0.8257905840873718,-0.5053110122680664
8217,376940974,75,5,2.6392146168117403,0.0,0.0,0,False,0.4774743318557739,0.8208737373352051,-0.5053110122680664,0.5174956917762756,-0.7775589227676392,-0.5053110122680664,-1.132596492767334,-0.8188737034797668,-0.5053110122680664,-1.172617793083191,0.7795588970184326,-0.5053110122680664
8217,476904484,76,0,1.3759675686227943,0.6879055500030518,6.938893903907228e-18,1,True,3.000999927520752,0.0,0.0,-0.999273419380188,0.0381137989461422,0.0,-0.999273419380188,0.0381137989461422,-0.6879055500030518,-0.999273419380188,0.0381137989461422,-0.6879055500030518
8217,476904484,76,1,0.23569987141944182,0.0,0.0,0,False,0.6973819136619568,-0.5212767124176025,-0.6693734526634216,0.7357020378112793,0.48340603709220886,-0.6693734526634216,0.9699625372886658,0.47447097301483154,-0.6693734526634216,0.9316424131393433,-0.5302117466926575,-0.6693734526634216
8217,476904484,76,2,0.07607594890990277,0.0,0.0,0,False,0.9626059532165527,-0.24995028972625732,-0.5754289031028748,0.9767792820930481,0.12164850533008575,-0.5754289031028748,1.1812078952789307,0.11385128647089005,-0.5754289031028748,1.16703462600708,-0.25774750113487244,-0.5754289031028748
8217,476904484,76,3,0.07123491068413657,0.0,0.0,0,False,1.169564127922058,0.4685741662979126,-0.7579055428504944,0.8682861328125,0.48006537556648254,-0.7579055428504944,0.8772913217544556,0.7161643505096436,-0.7579055428504944,1.1785693168640137,0.704673171043396,-0.7579055428504944
8217,476904484,76,4,3.0304592745604406,0.0,0.0,0,False,0.7344797253608704,0.7794476747512817,-0.5095713138580322,0.6723198890686035,-0.8502689003944397,-0.5095713138580322,-1.1844797134399414,-0.7794477343559265,-0.5095713138580322,-1.1223198175430298,0.8502688407897949,-0.5095713138580322
8217,476904484,76,5,0.6557618139846664,0.0,0.0,0,False,-1.1597623825073242,-0.4515867531299591,-0.5095713138580322,0.8346247673034668,-0.5276555418968201,-0.5095713138580322,0.8221019506454468,-0.8559815883636475,-0.5095713138580322,-1.1722851991653442,-0.7799127697944641,-0.5095713138580322
8217,476904484,76,6,0.6011664494751034,0.0,0.0,0,False,0.8757129907608032,0.7797821760177612,-0.5095713138580322,0.8642523884773254,0.4793073236942291,-0.5095713138580322,-1.133562445640564,0.5555071234703064,-0.5095713138580322,-1.122101902961731,0.8559820055961609,-0.5095713138580322
8217,576889577,77,0,1.4074736285390927,0.7035645842552185,0.0,1,True,3.000999927520752,0.0,0.0,-0.9999723434448242,0.007438259199261665,0.0,-0.9999723434448242,0.007438259199261665,-0.7035645842552185,-0.9999723434448242,0.007438259199261665,-0.7035645842552185
8217,576889577,77,1,0.13582706851170023,0.0,0.0,0,False,0.867557942867279,0.19669181108474731,-0.7735645771026611,0.8708983659744263,0.6457743048667908,-0.7735645771026611,1.1733362674713135,0.6435246467590332,-0.7735645771026611,1.1699957847595215,0.19444215297698975,-0.7735645771026611
8217,576889577,77,2,0.3508152331661947,0.0,0.0,0,False,0.8328081369400024,0.5247187614440918,-0.6262945532798767,0.8249983191490173,-0.5252230763435364,-0.6262945532798767,0.4908885657787323,-0.5227378606796265,-0.6262945532798767,0.498698353767395,0.5272039771080017,-0.6262945532798767
8217,576889577,77,3,0.4482928344228856,0.0,0.0,0,False,0.49616560339927673,0.186702162027359,-0.6262945532798767,1.1280274391174316,0.18200211226940155,-0.6262945532798767,1.1227502822875977,-0.5274378657341003,-0.6262945532798767,0.49088847637176514,-0.5227378010749817,-0.6262945532798767
8217,576889577,77,4,0.43789290600173025,0.0,0.0,0,False,0.7798929214477539,0.5556076169013977,-0.5049734711647034,-1.1715611219406128,0.5701231956481934,-0.5049734711647034,-1.1698920726776123,0.794503927230835,-0.5049734711647034,0.7815619111061096,0.7799883484840393,-0.5049734711647034
8217,676906754,78,0,1.3780665263296514,0.6889234781265259,0.0,1,True,3.000999927520752,0.0,0.0,-0.9995167255401611,0.031086185947060585,0.0,-0.9995167255401611,0.031086185947060585,-0.6889234781265259,-0.9995167255401611,0.031086185947060585,-0.6889234781265259
8217,676906754,78,1,0.1664612826873464,0.0,0.0,0,False,1.174194574356079,0.7048695683479309,-0.7589234709739685,1.1572567224502563,0.16026464104652405,-0.7589234709739685,0.8518969416618347,0.16976170241832733,-0.7589234709739685,0.8688348531723022,0.714366614818573,-0.7589234709739685
8217,676906754,78,2,0.07109242837936414,0.0,0.0,0,False,0.9643239974975586,-0.22326841950416565,-0.5767725706100464,0.9751450419425964,0.1246606782078743,-0.5767725706100464,1.179277777671814,0.11831189692020416,-0.5767725706100464,1.168456792831421,-0.2296171933412552,-0.5767725706100464
8217,676906754,78,3,0.29001722566002286,0.0,0.0,0,False,0.855903148651123,0.6140389442443848,-0.6494675278663635,0.8236284852027893,-0.4236895442008972,-0.6494675278663635,0.5444254279136658,-0.41500598192214966,-0.6494675278663635,0.5767000913619995,0.6227225065231323,-0.6494675278663635
8217,676906754,78,4,0.2877150800656185,0.0,0.0,0,False,0.6747022271156311,0.6204265356063843,-0.5049422979354858,-1.1282190084457397,0.6764997243881226,-0.5049422979354858,-1.1232606172561646,0.835928201675415,-0.5049422979354858,0.6796606779098511,0.7798550724983215,-0.5049422979354858
8217,676906754,78,5,2.7513384298945684,0.0,0.0,0,False,0.5811856389045715,0.7796522378921509,-0.5049422979354858,0.5310330390930176,-0.8329043388366699,-0.5049422979354858,-1.173514723777771,-0.7798907160758972,-0.5049422979354858,-1.1233620643615723,0.8326658606529236,-0.5049422979354858
8217,676906754,78,6,0.7508851404877577,0.0,0.0,0,False,-1.1589034795761108,-0.3632156252861023,-0.5049422979354858,0.641221284866333,-0.4192018210887909,-0.5049422979354858,0.6282605528831482,-0.835928201675415,-0.5049422979354858,-1.1718642711639404,-0.7799420356750488,-0.5049422979354858
8217,776940556,79,0,1.089450861179724,0.7261459827423096,6.938893903907228e-18,1,True,2.000999927520752,0.0,0.0,-0.9994582533836365,-0.032911792397499084,0.0,-0.9994582533836365,-0.032911792397499084,-0.7261459827423096,-0.9994582533836365,-0.032911792397499084,-0.7261459827423096
8217,776940556,79,1,0.07657369796785662,0.0,0.0,0,False,1.1699025630950928,0.7829604148864746,-0.7961459755897522,1.1912165880203247,0.13569866120815277,-0.7961459755897522,1.0730407238006592,0.13180716335773468,-0.7961459755897522,1.0517265796661377,0.7790688872337341,-0.7961459755897522
8217,776940556,79,2,0.17270331610127565,0.0,0.0,0,False,0.675000011920929,0.12000000476837158,-0.7017713189125061,0.657020092010498,0.666010856628418,-0.7017713189125061,0.9729776382446289,0.676415205001831,-0.7017713189125061,0.9909575581550598,0.13040436804294586,-0.7017713189125061
8217,776940556,79,3,0.04586698405563738,0.0,0.0,0,False,0.948697566986084,-0.23228740692138672,-0.59259432554245,0.9420720338821411,-0.03108430653810501,-0.59259432554245,1.1697887182235718,-0.02358568087220192,-0.59259432554245,1.1764142513275146,-0.22478877007961273,-0.59259432554245
8217,776940556,79,4,0.2090401157802404,0.0,0.0,0,False,0.6515985727310181,0.7856506705284119,-0.6234294772148132,0.6898022890090942,-0.37451252341270447,-0.6234294772148132,0.5098158121109009,-0.380439430475235,-0.6234294772148132,0.4716120958328247,0.7797237634658813,-0.6234294772148132
8217,776940556,79,5,2.5770762472525153,0.0,0.0,0,False,0.46839335560798645,0.8324698209762573,-0.5042255520820618,0.5214301347732544,-0.7781417369842529,-0.5042255520820618,-1.076897382736206,-0.8307740688323975,-0.5042255520820618,-1.1299341917037964,0.7798374891281128,-0.5042255520820618
8217,776940556,79,6,0.6591530006614477,0.0,0.0,0,False,-1.0894293785095215,-0.4336470067501068,-0.5042255520820618,0.5686514377593994,-0.37904706597328186,-0.5042255520820618,0.5817281007766724,-0.7761561870574951,-0.5042255520820618,-1.0763527154922485,-0.8307561278343201,-0.5042255520820618
8217,876969399,80,0,1.7180763366628287,0.6870937943458557,0.0,1,True,4.000999927520752,0.0,0.0,-0.9999939203262329,0.0034862179309129715,0.0,-0.9999939203262329,0.0034862179309129715,-0.6870937943458557,-0.9999939203262329,0.0034862179309129715,-0.6870937943458557
8217,876969399,80,1,0.18931054452244078,0.0,0.0,0,False,1.170732021331787,0.7799973487854004,-0.7570937871932983,1.1686369180679321,0.17901118099689484,-0.7570937871932983,0.8536408543586731,0.18010932207107544,-0.7570937871932983,0.8557360768318176,0.7810955047607422,-0.7570937871932983
8217,876969399,80,2,0.24348335191859327,0.0,0.0,0,False,0.8282939791679382,0.4648316204547882,-0.6670107245445251,0.8249989151954651,-0.480313777923584,-0.6670107245445251,0.5673873424530029,-0.4794156551361084,-0.6670107245445251,0.5706824064254761,0.4657297432422638,-0.6670107245445251
8217,876969399,80,3,0.32773203588040056,0.0,0.0,0,False,0.5700035095214844,0.18099357187747955,-0.6670107245445251,1.066252589225769,0.17926354706287384,-0.6670107245445251,1.0639503002166748,-0.48114681243896484,-0.6670107245445251,0.5677011609077454,-0.47941678762435913,-0.6670107245445251
8217,876969399,80,4,0.584369164679992,0.0,0.0,0,False,0.7796630859375,0.4733597934246063,-0.5054858922958374,-1.1260459423065186,0.48000368475914,-0.5054858922958374,-1.1249768733978271,0.7866412997245789,-0.5054858922958374,0.7807320952415466,0.7799974083900452,-0.5054858922958374
8217,876969399,80,5,2.6558217175432386,0.0,0.0,0,False,0.5710459351539612,0.7799962759017944,-0.5054858922958374,0.5655867457389832,-0.7858937978744507,-0.5054858922958374,-1.1304386854171753,-0.7799809575080872,-0.5054858922958374,-1.1249794960021973,0.7859091758728027,-0.5054858922958374
8217,977145242,81,0,1.8148055097511986,0.7258124947547913,0.0,1,True,4.000999927520752,0.0,0.0,-0.99969482421875,-0.02470322512090206,0.0,-0.99969482421875,-0.02470322512090206,-0.7258124947547913,-0.99969482421875,-0.02470322512090206,-0.7258124947547913
8217,977145242,81,1,0.12629508055540395,0.0,0.0,0,False,0.9754894375801086,0.17519350349903107,-0.7958124876022339,0.9605896472930908,0.7781612277030945,-0.7958124876022339,1.1699175834655762,0.7833338975906372,-0.7958124876022339,1.1848174333572388,0.1803661584854126,-0.7958124876022339
8217,977145242,81,2,0.09000747698646094,0.0,0.0,0,False,0.929935872554779,0.7825929522514343,-0.7173798084259033,0.9447807669639587,0.18184788525104523,-0.7173798084259033,0.795045793056488,0.1781478226184845,-0.7173798084259033,0.7802008986473083,0.7788929343223572,-0.7173798084259033
8217,977145242,81,3,0.3575010578180715,0.0,0.0,0,False,0.6188869476318359,0.11972538381814957,-0.6324331164360046,1.1696704626083374,0.1333356648683548,-0.6324331164360046,1.1856999397277832,-0.5153454542160034,-0.6324331164360046,0.634916365146637,-0.5289557576179504,-0.6324331164360046
8217,977145242,81,4,0.17082446829447218,0.0,0.0,0,False,0.7799999713897705,0.48000001907348633,-0.6324331164360046,0.8048282861709595,-0.5247571468353271,-0.6324331164360046,0.634916365146637,-0.5289558172225952,-0.6324331164360046,0.610088050365448,0.47580137848854065,-0.6324331164360046
8217,977145242,81,5,0.2310082243135927,0.0,0.0,0,False,0.6188869476318359,0.11972539126873016,-0.6324331164360046,0.9747894406318665,0.12852001190185547,-0.6324331164360046,0.9908188581466675,-0.5201611518859863,-0.6324331164360046,0.634916365146637,-0.5289558172225952,-0.6324331164360046
8217,977145242,81,6,0.6408173847799059,0.0,0.0,0,False,0.7873445749282837,0.4827761650085449,-0.5046652555465698,-1.07892906665802,0.4366591274738312,-0.5046652555465698,-1.0874087810516357,0.7798169255256653,-0.5046652555465698,0.778864860534668,0.8259339332580566,-0.5046652555465698
8218,76907211,82,0,1.7352563976908577,0.6940361261367798,0.0,1,True,4.000999927520752,0.0,0.0,-0.9993484020233154,0.036094292998313904,0.0,-0.9993484020233154,0.036094292998313904,-0.6940361261367798,-0.9993484020233154,0.036094292998313904,-0.6940361261367798
8218,76907211,82,1,0.13314999158191565,0.0,0.0,0,False,0.6468835473060608,0.4193902313709259,-0.5807598829269409,0.6148827075958252,-0.4666211009025574,-0.5807598829269409,0.4647982716560364,-0.46120038628578186,-0.5807598829269409,0.4967990815639496,0.4248109459877014,-0.5807598829269409
8218,76907211,82,2,0.15330207855665368,0.0,0.0,0,False,0.9009519815444946,0.1810491681098938,-0.7640361189842224,0.9227116703987122,0.7835138440132141,-0.7640361189842224,1.1768383979797363,0.7743353247642517,-0.7640361189842224,1.155078649520874,0.1718706637620926,-0.7640361189842224
8218,76907211,82,3,0.055860829680372426,0.0,0.0,0,False,1.002820611000061,-0.22221243381500244,-0.5728751420974731,1.0149999856948853,0.11500002443790436,-0.5728751420974731,1.1804388761520386,0.10902472585439682,-0.5728751420974731,1.1682595014572144,-0.22818772494792938,-0.5728751420974731
8218,76907211,82,4,0.20734294763810457,0.0,0.0,0,False,0.6176533102989197,-0.4168452322483063,-0.6628008484840393,0.6481677293777466,0.4280121326446533,-0.6628008484840393,0.8932657241821289,0.4191597104072571,-0.6628008484840393,0.8627512454986572,-0.4256976544857025,-0.6628008484840393
8218,76907211,82,5,0.6341570284023508,0.0,0.0,0,False,0.6278504133224487,0.4204833209514618,-0.5048003196716309,-1.1356843709945679,0.48417824506759644,-0.5048003196716309,-1.122713565826416,0.8433040380477905,-0.5048003196716309,0.6408212184906006,0.7796091437339783,-0.5048003196716309
8218,76907211,82,6,2.6278834033001814,0.0,0.0,0,False,0.4996475279331207,0.7792903780937195,-0.5048003196716309,0.4412274956703186,-0.8381940126419067,-0.5048003196716309,-1.1813290119171143,-0.7795907855033875,-0.5048003196716309,-1.1229089498519897,0.8378936052322388,-0.5048003196716309
8218,76907211,82,7,0.6940965887442649,0.0,0.0,0,False,-1.1585924625396729,-0.4041590690612793,-0.5048003196716309,0.6861680746078491,-0.4707876741886139,-0.5048003196716309,0.6725963950157166,-0.846550464630127,-0.5048003196716309,-1.1721640825271606,-0.77992182970047,-0.5048003196716309
8218,76907211,82,8,0.6552421492535183,0.0,0.0,0,False,0.7175047993659973,0.4259133040904999,-0.5048003196716309,-1.1353718042373657,0.49283525347709656,-0.5048003196716309,-1.1226158142089844,0.8460096120834351,-0.5048003196716309,0.7302607297897339,0.7790876626968384,-0.5048003196716309
8218,176975721,83,0,1.365890329882171,0.6831855177879333,1.3877787807814457e-17,1,True,3.000999927520752,0.0,0.0,-0.996791660785675,-0.08004007488489151,0.0,-0.996791660785675,-0.08004007488489151,-0.6831855177879333,-0.996791660785675,-0.08004007488489151,-0.6831855177879333
8218,176975721,83,1,0.2393582422952596,0.0,0.0,0,False,0.826013445854187,0.16737869381904602,-0.753185510635376,0.7771300673484802,0.7761561274528503,-0.753185510635376,1.1677898168563843,0.8075251579284668,-0.753185510635376,1.2166731357574463,0.19874773919582367,-0.753185510635376
8218,176975721,83,2,0.44272124978321514,0.0,0.0,0,False,0.7959898114204407,0.481283962726593,-0.6189272403717041,0.8955556750297546,-0.7586764693260193,-0.6189272403717041,0.5407983660697937,-0.7871626019477844,-0.6189272403717041,0.4412325322628021,0.4527978003025055,-0.6189272403717041
8218,176975721,83,3,0.24133387163654163,0.0,0.0,0,False,0.42257678508758545,0.7479096055030823,-0.50428706407547,-1.1209025382995605,0.6239719390869141,-0.50428706407547,-1.133377194404602,0.7793273329734802,-0.50428706407547,0.41010212898254395,0.9032649397850037,-0.50428706407547
8218,176975721,83,4,0.7236238995122108,0.0,0.0,0,False,0.5010520815849304,0.45782437920570374,-0.50428706407547,-1.0972559452056885,0.3294840455055237,-0.50428706407547,-1.1333773136138916,0.7793272733688354,-0.50428706407547,0.4649307429790497,0.9076676368713379,-0.50428706407547
8218,176975721,83,5,2.6024279738429374,0.0,0.0,0,False,0.40335366129875183,0.9027231335639954,-0.50428706407547,0.537713348865509,-0.7705478668212891,-0.50428706407547,-1.007616639137268,-0.8946341872215271,-0.50428706407547,-1.141976237297058,0.7786368131637573,-0.50428706407547
8218,276978314,84,0,1.0614169240580522,0.7073876857757568,0.0,1,True,2.000999927520752,0.0,0.0,-0.999922513961792,-0.012449407950043678,0.0,-0.999922513961792,-0.012449407950043678,-0.7073876857757568,-0.999922513961792,-0.012449407950043678,-0.7073876857757568
8218,276978314,84,1,0.12220688791023804,0.0,0.0,0,False,0.7063573598861694,0.3757639229297638,-0.6016193628311157,0.7207469344139099,-0.7799907326698303,-0.6016193628311157,0.6150255799293518,-0.7813069820404053,-0.6016193628311157,0.6006360054016113,0.37444767355918884,-0.6016193628311157
8218,276978314,84,2,0.13489309899575774,0.0,0.0,0,False,0.9337717890739441,0.22205886244773865,-0.7773876786231995,0.9268280267715454,0.7797737121582031,-0.7773876786231995,1.1686580181121826,0.7827845811843872,-0.7773876786231995,1.175601840019226,0.22506974637508392,-0.7773876786231995
8218,276978314,84,3,0.022456139370347294,0.0,0.0,0,False,1.095011591911316,-0.1809336394071579,-0.5839876532554626,1.0914522409439087,0.10495582967996597,-0.5839876532554626,1.1699883937835693,0.10593362897634506,-0.5839876532554626,1.1735477447509766,-0.1799558401107788,-0.5839876532554626
8218,276978314,84,4,0.20163257580730143,0.0,0.0,0,False,0.7381431460380554,-0.6274510025978088,-0.7087877988815308,0.7256637215614319,0.374883770942688,-0.7087877988815308,0.9267954230308533,0.3773879110813141,-0.7087877988815308,0.9392749071121216,-0.6249468326568604,-0.7087877988815308
8218,276978314,84,5,0.778677911257172,0.0,0.0,0,False,0.6792854070663452,0.37580034136772156,-0.5076490640640259,-1.1513645648956299,0.3530084490776062,-0.5076490640640259,-1.156659483909607,0.7782984972000122,-0.5076490640640259,0.6739904284477234,0.80109041929245,-0.5076490640640259
8218,276978314,84,6,2.723060589412082,0.0,0.0,0,False,0.5684464573860168,0.7997767329216003,-0.5076490640640259,0.5880962014198303,-0.7784674167633057,-0.5076490640640259,-1.137009859085083,-0.7999456524848938,-0.5076490640640259,-1.1566596031188965,0.7782984972000122,-0.5076490640640259
8218,377064324,85,0,2.0397595596649887,0.6798099875450134,1.734723475976807e-18,1,True,5.000999927520752,0.0,0.0,-0.9999637007713318,0.008518216200172901,0.0,-0.9999637007713318,0.008518216200172901,-0.6798099875450134,-0.9999637007713318,0.008518216200172901,-0.6798099875450134
8218,377064324,85,1,0.024381868162051568,0.0,0.0,0,False,0.47719237208366394,-0.2545927166938782,-0.5591905117034912,0.48153650760650635,0.25537022948265076,-0.5591905117034912,0.5293440818786621,0.2549629807472229,-0.5591905117034912,0.5249999761581421,-0.25499996542930603,-0.5591905117034912
8218,377064324,85,2,0.25558589643863705,0.0,0.0,0,False,0.8485506772994995,0.7789048552513123,-0.639478862285614,0.8383259177207947,-0.4213912785053253,-0.639478862285614,0.6254056692123413,-0.4195775091648102,-0.639478862285614,0.6356304287910461,0.7807186245918274,-0.639478862285614
8218,377064324,85,3,0.06763564351516527,0.0,0.0,0,False,0.973349928855896,-0.2237081378698349,-0.5898908972740173,0.9762853384017944,0.12088348716497421,-0.5898908972740173,1.172548770904541,0.11921161413192749,-0.5898908972740173,1.1696133613586426,-0.22538001835346222,-0.5898908972740173
8218,377064324,85,4,0.07507718831346022,0.0,0.0,0,False,0.8498903512954712,0.18017131090164185,-0.749809980392456,0.8550021648406982,0.7802554965019226,-0.749809980392456,0.9801042079925537,0.7791898250579834,-0.749809980392456,0.9749923348426819,0.17910562455654144,-0.749809980392456
8218,377064324,85,5,2.6027632784747894,0.0,0.0,0,False,0.484719842672348,0.7790652513504028,-0.5046731233596802,0.4713197946548462,-0.7939815521240234,-0.5046731233596802,-1.1831601858139038,-0.7798877954483032,-0.5046731233596802,-1.1697601079940796,0.793159008026123,-0.5046731233596802
8218,377064324,85,6,0.9345007129285943,0.0,0.0,0,False,-1.1660473346710205,-0.2559781074523926,-0.5046731233596802,0.6171622276306152,-0.27116838097572327,-0.5046731233596802,0.6126984357833862,-0.7951858043670654,-0.5046731233596802,-1.1705111265182495,-0.7799955606460571,-0.5046731233596802
8218,377064324,85,7,0.9417768035174001,0.0,0.0,0,False,0.6285982131958008,0.255445271730423,-0.5046731233596802,-1.174209713935852,0.27080249786376953,-0.5046731233596802,-1.16975998878479,0.793159008026123,-0.5046731233596802,0.633047878742218,0.7778018116950989,-0.5046731233596802
8218,377064324,85,8,0.14553303395524608,0.0,0.0,0,False,0.6335601210594177,0.6744586229324341,-0.5046731233596802,0.6211632490158081,-0.7808191180229187,-0.5046731233596802,0.5211669206619263,-0.7799673080444336,-0.5046731233596802,0.5335637331008911,0.6753104329109192,-0.5046731233596802
8218,377064324,85,9,0.6748225645330068,0.0,0.0,0,False,-1.167318344116211,-0.4052005708217621,-0.5046731233596802,0.6330620646476746,-0.42053720355033875,-0.5046731233596802,0.6298693418502808,-0.7953321933746338,-0.5046731233596802,-1.17051100730896,-0.7799956202507019,-0.5046731233596802
8218,476881418,86,0,1.418601210035711,0.709123432636261,0.0,1,True,3.000999927520752,0.0,0.0,-0.9999992847442627,0.0011862138053402305,0.0,-0.9999992847442627,0.0011862138053402305,-0.709123432636261,-0.9999992847442627,0.0011862138053402305,-0.709123432636261
8218,476881418,86,1,0.13538158080726737,0.0,0.0,0,False,0.944412887096405,0.18008966743946075,-0.7791234254837036,0.9451248049736023,0.7802667617797852,-0.7791234254837036,1.1706938743591309,0.7799991965293884,-0.7791234254837036,1.1699819564819336,0.17982208728790283,-0.7791234254837036
8218,476881418,86,2,0.33486202320801706,0.0,0.0,0,False,0.9158182144165039,0.46478551626205444,-0.6396448016166687,0.914715051651001,-0.4652487635612488,-0.6396448016166687,0.5546621084213257,-0.4648216664791107,-0.6396448016166687,0.5557653307914734,0.4652126133441925,-0.6396448016166687
8218,476881418,86,3,0.06742196557702695,0.0,0.0,0,False,0.9746442437171936,-0.22494617104530334,-0.578102707862854,0.975053608417511,0.12017786502838135,-0.578102707862854,1.170409083366394,0.11994612962007523,-0.578102707862854,1.1699997186660767,-0.22517791390419006,-0.578102707862854
8218,476881418,86,4,0.5894809849921838,0.0,0.0,0,False,0.7798905372619629,0.47774040699005127,-0.5046420693397522,-1.1703556776046753,0.48005378246307373,-0.5046420693397522,-1.1699970960617065,0.7823131680488586,-0.5046420693397522,0.7802490592002869,0.7799997329711914,-0.5046420693397522
8218,476881418,86,5,2.650494580982631,0.0,0.0,0,False,0.5268504619598389,0.7799977660179138,-0.5046420693397522,0.5249975919723511,-0.7820106148719788,-0.5046420693397522,-1.1718504428863525,-0.7799978256225586,-0.5046420693397522,-1.1699975728988647,0.782010555267334,-0.5046420693397522
8218,476881418,86,6,0.5892882189656383,0.0,0.0,0,False,-1.1697126626968384,-0.4778117835521698,-0.5046420693397522,0.78035569190979,-0.48012498021125793,-0.5046420693397522,0.7799972295761108,-0.7823130488395691,-0.5046420693397522,-1.1700711250305176,-0.779999852180481,-0.5046420693397522
8218,576985803,87,0,2.1285740656656764,0.7096522450447083,0.0,1,True,5.000999927520752,0.0,0.0,-0.9975064396858215,0.07057535648345947,0.0,-0.9975064396858215,0.07057535648345947,-0.7096522450447083,-0.9975064396858215,0.07057535648345947,-0.7096522450447083
8218,576985803,87,1,0.08857725543332018,0.0,0.0,0,False,0.7771975994110107,-0.7766178846359253,-0.7000248432159424,0.8149043917655945,-0.2436729520559311,-0.7000248432159424,0.9802799820899963,-0.2553735673427582,-0.7000248432159424,0.9425731301307678,-0.7883184552192688,-0.7000248432159424
8218,576985803,87,2,0.10406031510912506,0.0,0.0,0,False,1.1896154880523682,-0.29275548458099365,-0.7796522378921509,1.1545436382293701,-0.7884579300880432,-0.7796522378921509,0.9456642866134644,-0.7736793160438538,-0.7796522378921509,0.9807361364364624,-0.2779769003391266,-0.7796522378921509
8218,576985803,87,3,0.41870145905142664,0.0,0.0,0,False,0.8638474941253662,0.47406765818595886,-0.6171775460243225,0.7735753059387207,-0.8018321990966797,-0.6171775460243225,0.447048157453537,-0.7787297964096069,-0.6171775460243225,0.5373203158378601,0.49717003107070923,-0.6171775460243225
8218,576985803,87,4,0.3636852033579827,0.0,0.0,0,False,1.1643664836883545,-0.25962355732917786,-0.6171775460243225,0.65388023853302,-0.22350575029850006,-0.6171775460243225,0.7040347456932068,0.48537468910217285,-0.6171775460243225,1.214521050453186,0.44925686717033386,-0.6171775460243225
8218,576985803,87,5,0.06004426911491301,0.0,0.0,0,False,1.166084885597229,-0.23533576726913452,-0.6171775460243225,0.9957122206687927,-0.2232816070318222,-0.6171775460243225,1.020522952079773,0.12739193439483643,-0.6171775460243225,1.190895676612854,0.11533777415752411,-0.6171775460243225
8218,576985803,87,6,2.7236500288699794,0.0,0.0,0,False,0.5566797256469727,0.7777585387229919,-0.504464328289032,0.43841415643692017,-0.8937980532646179,-0.504464328289032,-1.1828793287277222,-0.7790886759757996,-0.504464328289032,-1.0646138191223145,0.8924679160118103,-0.504464328289032
8218,576985803,87,7,0.18339692246894135,0.0,0.0,0,False,-1.166084885597229,-0.6646642088890076,-0.504464328289032,0.4202194809913635,-0.7768980264663696,-0.504464328289032,0.41208043694496155,-0.891934871673584,-0.504464328289032,-1.1742238998413086,-0.7797010540962219,-0.504464328289032
8218,676916354,88,0,1.7189982694943353,0.6874623894691467,4.336808689942018e-19,1,True,4.000999927520752,0.0,0.0,-0.9999948740005493,-0.0031981596257537603,0.0,-0.9999948740005493,-0.0031981596257537603,-0.6874623894691467,-0.9999948740005493,-0.0031981596257537603,-0.6874623894691467
8218,676916354,88,1,0.034934117602707815,0.0,0.0,0,False,0.5252884030342102,-0.3151909410953522,-0.5844764709472656,0.5234173536300659,0.26985102891921997,-0.5844764709472656,0.5831288695335388,0.27004197239875793,-0.5844764709472656,0.5849999785423279,-0.3149999976158142,-0.5844764709472656
8218,676916354,88,2,0.3037784648773263,0.0,0.0,0,False,0.6304812431335449,-0.4804781973361969,-0.6502934098243713,0.6274110078811646,0.47951197624206543,-0.6502934098243713,0.9438469409942627,0.4805240035057068,-0.6502934098243713,0.9469171166419983,-0.47946617007255554,-0.6502934098243713
8218,676916354,88,3,0.06655930590398995,0.0,0.0,0,False,0.9754817485809326,-0.22562208771705627,-0.5779088139533997,0.9743927717208862,0.11487013101577759,-0.5779088139533997,1.1698704957962036,0.11549530923366547,-0.5779088139533997,1.1709593534469604,-0.2249969244003296,-0.5779088139533997
8218,676916354,88,4,0.043337773148365955,0.0,0.0,0,False,1.1705756187438965,0.5250018239021301,-0.7574623823165894,0.9300024509429932,0.5242324471473694,-0.7574623823165894,0.929426372051239,0.7043744325637817,-0.7574623823165894,1.1699994802474976,0.7051438689231873,-0.7574623823165894
8218,676916354,88,5,2.5852332943607976,0.0,0.0,0,False,0.5216251015663147,0.785266101360321,-0.5057611465454102,0.5266309976577759,-0.7799947261810303,-0.5057611465454102,-1.1249830722808838,-0.7852768301963806,-0.5057611465454102,-1.1299890279769897,0.7799839973449707,-0.5057611465454102
8218,676916354,88,6,0.7994417228957253,0.0,0.0,0,False,-1.1264383792877197,-0.33019644021987915,-0.5057611465454102,0.6296948790550232,-0.32458072900772095,-0.5057611465454102,0.6311505436897278,-0.7798044681549072,-0.5057611465454102,-1.1249827146530151,-0.7854201793670654,-0.5057611465454102
8218,676916354,88,7,0.8737087370384202,0.0,0.0,0,False,0.5716298818588257,0.2702929973602295,-0.5057611465454102,-1.1244559288024902,0.2648693323135376,-0.5057611465454102,-1.126103162765503,0.7799964547157288,-0.5057611465454102,0.569982647895813,0.7854201197624207,-0.5057611465454102
8218,676916354,88,8,0.5761141768900631,0.0,0.0,0,False,-1.1259245872497559,-0.49088767170906067,-0.5057611465454102,0.8246790766716003,-0.4846492409706116,-0.5057611465454102,0.825623631477356,-0.7799979448318481,-0.5057611465454102,-1.1249799728393555,-0.7862364053726196,-0.5057611465454102
8218,776987198,89,0,1.72815910244091,0.6911254525184631,0.0,1,True,4.000999927520752,0.0,0.0,-0.9999997615814209,0.0006773893255740404,0.0,-0.9999997615814209,0.0006773893255740404,-0.6911254525184631,-0.9999997615814209,0.0006773893255740404,-0.6911254525184631
8218,776987198,89,1,0.14403155947512758,0.0,0.0,0,False,1.1702030897140503,0.779999852180481,-0.7611254453659058,1.1697965860366821,0.17986804246902466,-0.7611254453659058,0.9297968149185181,0.18003061413764954,-0.7611254453659058,0.9302033185958862,0.7801623940467834,-0.7611254453659058
8218,776987198,89,2,0.48007296871359806,0.0,0.0,0,False,0.9251996874809265,0.4198508560657501,-0.6270942687988281,0.9243869185447693,-0.7801282405853271,-0.6270942687988281,0.5243192911148071,-0.7798572182655334,-0.6270942687988281,0.5251321196556091,0.42012184858322144,-0.6270942687988281
8218,776987198,89,3,0.6194730100049957,0.0,0.0,0,False,0.5250000357627869,0.18020321428775787,-0.6270942687988281,1.170243501663208,0.17976614832878113,-0.6270942687988281,1.1695932149887085,-0.7802942991256714,-0.6270942687988281,0.5243497490882874,-0.7798572182655334,-0.6270942687988281
8218,776987198,89,4,0.5711138047400972,0.0,0.0,0,False,0.524968683719635,0.4338824152946472,-0.5039666295051575,-1.125233769416809,0.4350001811981201,-0.5039666295051575,-1.1249994039535522,0.7810871601104736,-0.5039666295051575,0.5252031087875366,0.779969334602356,-0.5039666295051575
8218,776987198,89,5,2.576316103100069,0.0,0.0,0,False,0.5253351926803589,0.7799692749977112,-0.5039666295051575,0.5242778062820435,-0.7811171412467957,-0.5039666295051575,-1.1260567903518677,-0.7799992561340332,-0.5039666295051575,-1.1249994039535522,0.7810871601104736,-0.5039666295051575
8218,877020125,90,0,0.7085378602608401,0.7082265615463257,0.0,1,True,1.0010000467300415,0.0,0.0,-0.999758243560791,-0.02198660932481289,0.0,-0.999758243560791,-0.02198660932481289,-0.7082265615463257,-0.999758243560791,-0.02198660932481289,-0.7082265615463257
8218,877020125,90,1,0.15066794467602485,0.0,0.0,0,False,0.931010901927948,0.1790325939655304,-0.7782265543937683,0.9178729057312012,0.7764344215393066,-0.7782265543937683,1.1699563264846802,0.781978189945221,-0.7782265543937683,1.1830943822860718,0.1845763921737671,-0.7782265543937683
8218,877020125,90,2,0.06061627595620078,0.0,0.0,0,False,0.9750725030899048,-0.18329718708992004,-0.5765064358711243,0.9684273600578308,0.11886581778526306,-0.5765064358711243,1.1689382791519165,0.12327543646097183,-0.5765064358711243,1.1755833625793457,-0.17888757586479187,-0.5765064358711243
8218,877020125,90,3,0.4026660588527271,0.0,0.0,0,False,0.9167894124984741,0.7806990742683411,-0.666054368019104,0.9510729312896729,-0.7782169580459595,-0.666054368019104,0.6928990483283997,-0.7838947176933289,-0.666054368019104,0.6586155295372009,0.7750213146209717,-0.666054368019104
8218,877020125,90,4,2.8456897007795696,0.0,0.0,0,False,0.6474226117134094,0.8189789652824402,-0.5052979588508606,0.6825835108757019,-0.779833197593689,-0.5052979588508606,-1.0964335203170776,-0.8189571499824524,-0.5052979588508606,-1.1315944194793701,0.7798550128936768,-0.5052979588508606
8218,976893218,91,0,1.0477774511852327,0.6982959508895874,0.0,1,True,2.000999927520752,0.0,0.0,-0.9999330043792725,0.011574635282158852,0.0,-0.9999330043792725,0.011574635282158852,-0.6982959508895874,-0.9999330043792725,0.011574635282158852,-0.6982959508895874
8218,976893218,91,1,0.11429876253816218,0.0,0.0,0,False,0.5943586826324463,0.17919713258743286,-0.5718644857406616,0.5832357406616211,-0.7817158102989197,-0.5718644857406616,0.464303582906723,-0.7803391218185425,-0.5718644857406616,0.4754265248775482,0.18057382106781006,-0.5718644857406616
8218,976893218,91,2,0.1412887910171441,0.0,0.0,0,False,1.1732985973358154,0.7049617767333984,-0.76829594373703,1.1671900749206543,0.17725442349910736,-0.76829594373703,0.899485170841217,0.18035320937633514,-0.76829594373703,0.9055936336517334,0.7080605626106262,-0.76829594373703
8218,976893218,91,3,0.3422548271624519,0.0,0.0,0,False,0.6189011931419373,-0.7788297533988953,-0.6739984750747681,0.63002610206604,0.18225690722465515,-0.6739984750747681,0.9860907793045044,0.17813532054424286,-0.6739984750747681,0.9749658107757568,-0.782951295375824,-0.6739984750747681
8218,976893218,91,4,0.05649603478920673,0.0,0.0,0,False,1.0161947011947632,-0.253740519285202,-0.5893046259880066,1.020470380783081,0.11563120782375336,-0.5893046259880066,1.1734015941619873,0.11386097222566605,-0.5893046259880066,1.1691259145736694,-0.25551074743270874,-0.5893046259880066
8218,976893218,91,5,0.9226188880902815,0.0,0.0,0,False,0.478575736284256,0.2069588303565979,-0.5046011805534363,-1.1314175128936768,0.225595161318779,-0.5046011805534363,-1.12478506565094,0.7985759973526001,-0.5046011805534363,0.4852082431316376,0.7799396514892578,-0.5046011805534363
8218,976893218,91,6,2.5567873596289203,0.0,0.0,0,False,0.48173609375953674,0.7799798250198364,-0.5046011805534363,0.4634658992290497,-0.7983871102333069,-0.5046011805534363,-1.156211256980896,-0.7796387076377869,-0.5046011805534363,-1.1379410028457642,0.7987282276153564,-0.5046011805534363
8219,76928186,92,0,1.7192272478201485,0.6875789165496826,0.0,1,True,4.000999927520752,0.0,0.0,-0.9997680187225342,-0.021537495777010918,0.0,-0.9997680187225342,-0.021537495777010918,-0.6875789165496826,-0.9997680187225342,-0.021537495777010918,-0.6875789165496826
8219,76928186,92,1,0.21941044265137188,0.0,0.0,0,False,0.8286362886428833,0.16120068728923798,-0.7575789093971252,0.8153102993965149,0.7797911763191223,-0.7575789093971252,1.1698399782180786,0.787428617477417,-0.7575789093971252,1.1831659078598022,0.16883814334869385,-0.7575789093971252
8219,76928186,92,2,0.35107016243888634,0.0,0.0,0,False,0.8185193538665771,0.48082980513572693,-0.6148301959037781,0.8433546423912048,-0.6720194816589355,-0.6148301959037781,0.5389719605445862,-0.6785765886306763,-0.6148301959037781,0.5141367316246033,0.47427263855934143,-0.6148301959037781
8219,76928186,92,3,0.5202758922404915,0.0,0.0,0,False,0.5216558575630188,0.12523382902145386,-0.6148301959037781,1.1686174869537354,0.13917098939418793,-0.6148301959037781,1.1859335899353027,-0.6646394729614258,-0.6148301959037781,0.5389719009399414,-0.678576648235321,-0.6148301959037781
8219,76928186,92,4,0.5708883125413848,0.0,0.0,0,False,0.5314596891403198,0.48013919591903687,-0.5082820057868958,-1.1650148630142212,0.4435928761959076,-0.5082820057868958,-1.1722608804702759,0.779951274394989,-0.5082820057868958,0.5242137312889099,0.8164976239204407,-0.5082820057868958
8219,76928186,92,5,2.6723503497206877,0.0,0.0,0,False,0.5016046166419983,0.816010594367981,-0.5082820057868958,0.5359815955162048,-0.7797633409500122,-0.5082820057868958,-1.1378837823867798,-0.8158226013183594,-0.5082820057868958,-1.1722607612609863,0.7799513339996338,-0.5082820057868958
8219,177096738,93,0,1.382141024812088,0.6908978223800659,0.0,1,True,3.000999927520752,0.0,0.0,-0.9999998211860657,0.0006448166095651686,0.0,-0.9999998211860657,0.0006448166095651686,-0.6908978223800659,-0.9999998211860657,0.0006448166095651686,-0.6908978223800659
8219,177096738,93,1,0.1845614235968438,0.0,0.0,0,False,0.869767963886261,0.1650678664445877,-0.7608978152275085,0.8701645731925964,0.7801933884620667,-0.7608978152275085,1.1702030897140503,0.7799999117851257,-0.7608978152275085,1.1698064804077148,0.16487440466880798,-0.7608978152275085
8219,177096738,93,2,0.06630500704523756,0.0,0.0,0,False,0.9749710559844971,-0.22499997913837433,-0.5834765434265137,0.975190281867981,0.11502567678689957,-0.5834765434265137,1.1701902151107788,0.11489993333816528,-0.5834765434265137,1.169970989227295,-0.22512571513652802,-0.5834765434265137
8219,177096738,93,3,0.17583518943818977,0.0,0.0,0,False,0.8254545331001282,0.47997066378593445,-0.6505383253097534,0.824874222278595,-0.42009663581848145,-0.6505383253097534,0.6295164823532104,-0.41997069120407104,-0.6505383253097534,0.6300967931747437,0.48009663820266724,-0.6505383253097534
8219,177096738,93,4,0.5797851286326638,0.0,0.0,0,False,0.854941189289093,0.4937041103839874,-0.5085597038269043,-1.170183777809143,0.49500980973243713,-0.5085597038269043,-1.169999122619629,0.7813056707382202,-0.5085597038269043,0.8551257848739624,0.7799999713897705,-0.5085597038269043
8219,177096738,93,5,2.8103898539667416,0.0,0.0,0,False,0.6301934719085693,0.779999852180481,-0.5085597038269043,0.6291869282722473,-0.7811600565910339,-0.5085597038269043,-1.1710058450698853,-0.779999315738678,-0.5085597038269043,-1.1699992418289185,0.7811605334281921,-0.5085597038269043
8219,177096738,93,6,0.7205097107001759,0.0,0.0,0,False,-1.1698057651519775,-0.41884922981262207,-0.5085597038269043,0.8252320885658264,-0.4201355576515198,-0.5085597038269043,0.824999213218689,-0.7812862992286682,-0.5085597038269043,-1.1700387001037598,-0.7799999713897705,-0.5085597038269043
8219,276905665,94,0,0.8548868458046888,0.569858968257904,0.0,1,True,2.000999927520752,0.0,0.0,-0.9990183711051941,0.044297631829977036,0.0,-0.9990183711051941,0.044297631829977036,-0.569858968257904,-0.9990183711051941,0.044297631829977036,-0.569858968257904
8219,276905665,94,1,0.2570751807431435,0.0,0.0,0,False,0.8294593691825867,0.5548022985458374,-0.6398589611053467,0.7698503732681274,-0.789526641368866,-0.6398589611053467,0.5789962410926819,-0.7810640335083008,-0.6398589611053467,0.6386052370071411,0.5632649064064026,-0.6398589611053467
8219,276905665,94,2,0.08285641974232538,0.0,0.0,0,False,0.9337151646614075,-0.22449959814548492,-0.5877452492713928,0.949394941329956,0.12911677360534668,-0.5877452492713928,1.1832467317581177,0.11874750256538391,-0.5877452492713928,1.1675670146942139,-0.2348688691854477,-0.5877452492713928
8219,276905665,94,3,0.3809147475767549,0.0,0.0,0,False,0.6747056841850281,0.5633618831634521,-0.5039518475532532,-1.0834887027740479,0.6413214802742004,-0.5039518475532532,-1.0739010572433472,0.8575474619865417,-0.5039518475532532,0.684293270111084,0.7795878648757935,-0.5039518475532532
8219,276905665,94,4,2.812569299020696,0.0,0.0,0,False,0.6432762742042542,0.779411256313324,-0.5039518475532532,0.5707961320877075,-0.8551933765411377,-0.5039518475532532,-1.1464694738388062,-0.779047966003418,-0.5039518475532532,-1.0739892721176147,0.8555566668510437,-0.5039518475532532
8219,377069258,95,0,1.0237731614093346,0.6822881102561951,0.0,1,True,2.000999927520752,0.0,0.0,-0.999999463558197,0.0010248614707961679,0.0,-0.999999463558197,0.0010248614707961679,-0.6822881102561951,-0.999999463558197,0.0010248614707961679,-0.6822881102561951
8219,377069258,95,1,0.39043138647562614,0.0,0.0,0,False,0.6149999499320984,-0.7799999713897705,-0.6400819420814514,0.6162144541740417,0.4051678478717804,-0.6400819420814514,0.9456453919410706,0.40483027696609497,-0.6400819420814514,0.944430947303772,-0.7803375124931335,-0.6400819420814514
8219,377069258,95,2,0.06738786554149279,0.0,0.0,0,False,0.9746464490890503,-0.22495350241661072,-0.575681209564209,0.9750000238418579,0.11999999731779099,-0.575681209564209,1.1703532934188843,0.11979979276657104,-0.575681209564209,1.1699997186660767,-0.22515371441841125,-0.575681209564209
8219,377069258,95,3,0.124305173807425,0.0,0.0,0,False,1.1698919534683228,0.41964659094810486,-0.7522881031036377,0.8249385356903076,0.4200000762939453,-0.7522881031036377,0.8253077864646912,0.7803531885147095,-0.7522881031036377,1.170261263847351,0.7799996733665466,-0.7522881031036377
8219,377069258,95,4,2.7194358024759424,0.0,0.0,0,False,0.6162911057472229,0.7799525260925293,-0.507880449295044,0.6146907210350037,-0.7817827463150024,-0.507880449295044,-1.126598596572876,-0.7799983620643616,-0.507880449295044,-1.1249982118606567,0.7817369103431702,-0.507880449295044
8219,377069258,95,5,0.6350079596266607,0.0,0.0,0,False,0.6303688883781433,0.7799996137619019,-0.507880449295044,0.6299982070922852,0.4182477593421936,-0.507880449295044,-1.1253688335418701,0.42004650831222534,-0.507880449295044,-1.1249982118606567,0.7817983627319336,-0.507880449295044
8219,477041810,96,0,1.4665005690314792,0.7330671548843384,2.168404344971009e-19,1,True,3.000999927520752,0.0,0.0,-0.9999991059303284,0.0013212143676355481,0.0,-0.9999991059303284,0.0013212143676355481,-0.7330671548843384,-0.9999991059303284,0.0013212143676355481,-0.7330671548843384
8219,477041810,96,1,0.08810096397120493,0.0,0.0,0,False,1.019425392150879,0.1950998306274414,-0.803067147731781,1.0201984643936157,0.7801978588104248,-0.803067147731781,1.170772910118103,0.7799988985061646,-0.803067147731781,1.1699998378753662,0.19490088522434235,-0.803067147731781
8219,477041810,96,2,0.4815470039272438,0.0,0.0,0,False,1.0154025554656982,0.41966915130615234,-0.6193364858627319,1.01421320438385,-0.48050764203071594,-0.6193364858627319,0.4792669713497162,-0.479800820350647,-0.6193364858627319,0.4804563522338867,0.4203759431838989,-0.6193364858627319
8219,477041810,96,3,0.45574465076138715,0.0,0.0,0,False,0.48013925552368164,0.18037636578083038,-0.6193364858627319,1.170474886894226,0.17946426570415497,-0.6193364858627319,1.169602632522583,-0.4807129502296448,-0.6193364858627319,0.4792670011520386,-0.47980085015296936,-0.6193364858627319
8219,477041810,96,4,0.6055495384178826,0.0,0.0,0,False,0.5699244141578674,0.4228265881538391,-0.5043139457702637,-1.1254689693450928,0.42506664991378784,-0.5043139457702637,-1.1249970197677612,0.7822394967079163,-0.5043139457702637,0.570396363735199,0.7799994349479675,-0.5043139457702637
8219,576067028,97,0,0.7550799389717614,0.6020449995994568,0.0,1,True,3.000999927520752,0.0,0.0,0.6187956929206848,0.7855519652366638,0.0,0.6187956929206848,0.7855519652366638,-0.6020449995994568,0.6187956929206848,0.7855519652366638,-0.6020449995994568
8219,576067028,97,1,0.596634812256544,0.2503328323364258,1.821342662799985e-08,0,False,0.5440382957458496,0.38590967655181885,-0.5892044901847839,0.9791337847709656,0.4970594644546509,-0.6974027752876282,1.2635961771011353,-0.7548279762268066,-0.8395373225212097,0.8285007476806641,-0.8659778237342834,-0.7313390374183655
8219,576067028,97,2,0.06649068535681614,0.06732094287872314,6.028257371754053e-08,0,False,0.9633298516273499,0.6305106282234192,-0.6720449924468994,0.7635948061943054,0.524768590927124,-0.6242339015007019,0.6328905820846558,0.7804758548736572,-0.6047240495681763,0.8326256275177002,0.8862178325653076,-0.6525352001190186
8219,576067028,97,3,3.623697270638729,0.0,0.0,0,False,0.36878859996795654,1.1194288730621338,-0.5057590007781982,0.796442985534668,-0.7626301646232605,-0.5057590007781982,-1.0344158411026,-1.1786503791809082,-0.5057590007781982,-1.4620702266693115,0.7034086585044861,-0.5057590007781982
8219,576067028,97,4,1.3939710021078322,0.0,0.0,0,False,0.4538920223712921,0.6876482963562012,-0.5057590007781982,-1.0478515625,-0.10739167779684067,-0.5057590007781982,-1.4316891431808472,0.6176354289054871,-0.5057590007781982,0.0700545385479927,1.412675380706787,-0.5057590007781982
8219,576067028,97,5,2.279999296417735,0.0,0.0,0,False,0.2527034878730774,1.4842100143432617,-0.5057590007781982,0.758080005645752,0.49550092220306396,-0.5057590007781982,-1.0702617168426514,-0.43905210494995117,-0.5057590007781982,-1.5756382942199707,0.5496569871902466,-0.5057590007781982
8219,676972913,98,0,2.5700346601626483,0.734231173992157,3.469446951953614e-18,1,True,6.000999927520752,0.0,0.0,-0.9995502233505249,0.02998976781964302,0.0,-0.9995502233505249,0.02998976781964302,-0.734231173992157,-0.9995502233505249,0.02998976781964302,-0.734231173992157
8219,676972913,98,1,0.06936873396637422,0.0,0.0,0,False,1.0350135564804077,0.7058996558189392,-0.7406507730484009,1.017751693725586,0.13056696951389313,-0.7406507730484009,0.8972886204719543,0.13418126106262207,-0.7406507730484009,0.9145504832267761,0.7095139622688293,-0.7406507730484009
8219,676972913,98,2,0.1987473998650442,0.0,0.0,0,False,0.8086061477661133,-0.7714073061943054,-0.7545880675315857,0.82509446144104,-0.22185251116752625,-0.7545880675315857,1.1864209175109863,-0.23269341886043549,-0.7545880675315857,1.16993248462677,-0.7822481989860535,-0.7545880675315857
8219,676972913,98,3,0.0641488574055451,0.0,0.0,0,False,1.022531270980835,0.13942453265190125,-0.8042311668395996,1.0355709791183472,0.5740333199501038,-0.8042311668395996,1.1830395460128784,0.5696088075637817,-0.8042311668395996,1.1699999570846558,0.13499999046325684,-0.8042311668395996
8219,676972913,98,4,0.2136201636103916,0.0,0.0,0,False,0.887864351272583,0.4154135584831238,-0.6251552700996399,0.8696897625923157,-0.19034184515476227,-0.6251552700996399,0.5173560380935669,-0.17977067828178406,-0.6251552700996399,0.535530686378479,0.4259847104549408,-0.6251552700996399
8219,676972913,98,5,0.1551799617371159,0.0,0.0,0,False,0.5266186594963074,0.12895244359970093,-0.6251552700996399,1.0288175344467163,0.1138848140835762,-0.6251552700996399,1.019554853439331,-0.194838285446167,-0.6251552700996399,0.5173559784889221,-0.17977066338062286,-0.6251552700996399
8219,676972913,98,6,0.2766367022469236,0.0,0.0,0,False,0.8429046869277954,0.41676247119903564,-0.6251552700996399,0.8159262537956238,-0.48242807388305664,-0.6251552700996399,0.5085521340370178,-0.47320589423179626,-0.6251552700996399,0.5355305671691895,0.425984650850296,-0.6251552700996399
8219,676972913,98,7,0.20148830330661438,0.0,0.0,0,False,1.1694198846817017,-0.19933459162712097,-0.6251552700996399,0.5173560976982117,-0.17977067828178406,-0.6251552700996399,0.5266187191009521,0.12895233929157257,-0.6251552700996399,1.1786824464797974,0.10938842594623566,-0.6251552700996399
8219,676972913,98,8,0.04559894172098389,0.0,0.0,0,False,1.0210342407226562,0.1094694435596466,-0.6251552700996399,1.178543210029602,0.10474365949630737,-0.6251552700996399,1.1698651313781738,-0.1844964623451233,-0.6251552700996399,1.0123560428619385,-0.17977067828178406,-0.6251552700996399
8219,676972913,98,9,0.6710179955193638,0.0,0.0,0,False,-1.1593478918075562,-0.4249640107154846,-0.5097495317459106,0.7289523482322693,-0.4816187620162964,-0.5097495317459106,0.7183002233505249,-0.8366547226905823,-0.5097495317459106,-1.1700000762939453,-0.7799999713897705,-0.5097495317459106
8219,777113173,99,0,1.534249168067083,0.626535177230835,0.0,1,True,4.000999927520752,0.0,0.0,-0.8720529079437256,0.4894115924835205,0.0,-0.8720529079437256,0.4894115924835205,-0.626535177230835,-0.8720529079437256,0.4894115924835205,-0.626535177230835
8219,777113173,99,1,0.5702624105220764,0.2116072177886963,1.1989172176742058e-09,0,False,0.7535868883132935,-0.8490425944328308,-0.6965351700782776,0.5701760053634644,0.3962390124797821,-0.5961362719535828,1.0018330812454224,0.4687814712524414,-0.7073445916175842,1.1852439641952515,-0.7765001058578491,-0.807743489742279
8219,777113173,99,2,0.02140039410786299,0.02168053388595581,5.022571627597145e-08,0,False,0.542297899723053,0.22457659244537354,-0.5769625306129456,0.539231538772583,-0.22520485520362854,-0.5674816966056824,0.4932582676410675,-0.2246342897415161,-0.5552819967269897,0.4963245987892151,0.22514717280864716,-0.5647627711296082
8219,777113173,99,3,1.1422334284319824,0.0,0.0,0,False,0.673822283744812,0.4142398536205292,-0.5044335722923279,-1.0555238723754883,0.12361326813697815,-0.5044335722923279,-1.1634758710861206,0.7659714818000793,-0.5044335722923279,0.5658702850341797,1.0565980672836304,-0.5044335722923279
8219,777113173,99,4,0.8734353386653453,0.0,0.0,0,False,0.5671422481536865,0.24974325299263,-0.5044335722923279,-1.0863263607025146,0.2702646553516388,-0.5044335722923279,-1.0797712802886963,0.7984275817871094,-0.5044335722923279,0.5736973285675049,0.7779061794281006,-0.5044335722923279
8219,777113173,99,5,2.465976887488452,0.0,0.0,0,False,0.4906311333179474,0.7794162034988403,-0.5044335722923279,0.47992751002311707,-0.7906346321105957,-0.5044335722923279,-1.0906345844268799,-0.7799274921417236,-0.5044335722923279,-1.0799309015274048,0.7901233434677124,-0.5044335722923279
8219,777113173,99,6,0.9845715767511196,0.0,0.0,0,False,-1.0773401260375977,-0.20567214488983154,-0.5044335722923279,0.6368637681007385,-0.22694680094718933,-0.5044335722923279,0.629736602306366,-0.8012191653251648,-0.5044335722923279,-1.0844672918319702,-0.7799445390701294,-0.5044335722923279
8219,876920350,100,0,1.0762777762026918,0.7172489762306213,0.0,1,True,4.000999927520752,0.0,0.0,0.9999043941497803,0.013829220086336136,0.0,0.9999043941497803,0.013829220086336136,-0.7172489762306213,0.9999043941497803,0.013829220086336136,-0.7172489762306213
8219,876920350,100,1,0.06719091821172185,0.0,0.0,0,False,0.8262531161308289,0.17939496040344238,-0.7117817401885986,0.8179592490196228,0.7790728211402893,-0.7117817401885986,0.9299828410148621,0.7806221842765808,-0.7117817401885986,0.9382767081260681,0.1809443235397339,-0.7117817401885986
8219,876920350,100,2,0.11843017187897065,0.0,0.0,0,False,1.1699827909469604,0.7812445163726807,-0.787248969078064,1.1780893802642822,0.19511188566684723,-0.787248969078064,0.9760744571685791,0.1923179030418396,-0.787248969078064,0.9679679274559021,0.7784505486488342,-0.787248969078064
8219,876920350,100,3,0.26992410634090813,0.0,0.0,0,False,0.8222748637199402,0.42203694581985474,-0.6246928572654724,0.8345240354537964,-0.4636235535144806,-0.6246928572654724,0.5298107862472534,-0.4678378999233246,-0.6246928572654724,0.5175616145133972,0.41782256960868835,-0.6246928572654724
8219,876920350,100,4,0.32780992166258494,0.0,0.0,0,False,0.5216812491416931,0.11995410174131393,-0.6246928572654724,1.079271674156189,0.12766596674919128,-0.6246928572654724,1.087401270866394,-0.4601261019706726,-0.6246928572654724,0.5298108458518982,-0.46783795952796936,-0.6246928572654724
8219,876920350,100,5,0.04769628586304364,0.0,0.0,0,False,0.9416869878768921,0.11953926086425781,-0.6246928572654724,1.079357624053955,0.12144332379102707,-0.6246928572654724,1.0841482877731323,-0.2249426245689392,-0.6246928572654724,0.9464777112007141,-0.22684669494628906,-0.6246928572654724
8219,876920350,100,6,0.7297712214594636,0.0,0.0,0,False,0.7849206328392029,0.42421725392341614,-0.5085604190826416,-1.1244856119155884,0.39780914783477783,-0.5085604190826416,-1.1297706365585327,0.7799340486526489,-0.5085604190826416,0.7796356678009033,0.8063421249389648,-0.5085604190826416
8219,976968735,101,0,1.2908365601401839,0.6452783346176147,0.0,1,True,3.000999927520752,0.0,0.0,-0.9998234510421753,0.018790462985634804,0.0,-0.9998234510421753,0.018790462985634804,-0.6452783346176147,-0.9998234510421753,0.018790462985634804,-0.6452783346176147
8219,976968735,101,1,0.026203129270955916,0.0,0.0,0,False,1.088810920715332,-0.22431987524032593,-0.5837486386299133,1.0950266122817993,0.10640903562307358,-0.5837486386299133,1.174226999282837,0.10492055863142014,-0.5837486386299133,1.1680114269256592,-0.22580835223197937,-0.5837486386299133
8219,976968735,101,2,0.7282611902312048,0.0,0.0,0,False,1.105362892150879,0.7795233726501465,-0.7152783274650574,1.0760494470596313,-0.7802076935768127,-0.7152783274650574,0.6092997193336487,-0.7714356184005737,-0.7152783274650574,0.6386131644248962,0.7882954478263855,-0.7152783274650574
8219,976968735,101,3,0.2545909598587883,0.0,0.0,0,False,0.6759673357009888,-0.21853432059288025,-0.7152783274650574,1.135389804840088,-0.22716860473155975,-0.7152783274650574,1.1249788999557495,-0.7811272144317627,-0.7152783274650574,0.6655563116073608,-0.7724929451942444,-0.7152783274650574
8219,976968735,101,4,0.35782481401630806,0.0,0.0,0,False,1.16022789478302,0.1100349873304367,-0.7152783274650574,0.6260547637939453,0.12007413804531097,-0.7152783274650574,0.6386396288871765,0.7897043228149414,-0.7152783274650574,1.172812819480896,0.7796651721000671,-0.7152783274650574
8220,76936328,102,0,1.408052895720103,0.7038522362709045,0.0,1,True,3.000999927520752,0.0,0.0,-0.9999868273735046,0.005132092162966728,0.0,-0.9999868273735046,0.005132092162966728,-0.7038522362709045,-0.9999868273735046,0.005132092162966728,-0.7038522362709045
8220,76936328,102,1,0.141859194200868,0.0,0.0,0,False,0.9273096323013306,0.19578364491462708,-0.7738522291183472,0.9303142428398132,0.781230092048645,-0.7738522291183472,1.1726173162460327,0.779986560344696,-0.7738522291183472,1.1696126461029053,0.1945400983095169,-0.7738522291183472
8220,76936328,102,2,0.3147157256779245,0.0,0.0,0,False,0.927277147769928,0.4187052845954895,-0.640011191368103,0.9227368831634521,-0.4659634828567505,-0.640011191368103,0.5670021176338196,-0.4641377925872803,-0.640011191368103,0.5715423822402954,0.4205309748649597,-0.640011191368103
8220,76936328,102,3,0.7089558852754783,0.0,0.0,0,False,0.8689466714859009,0.42476674914360046,-0.5080733895301819,-1.1267706155776978,0.4350091218948364,-0.5080733895301819,-1.1249475479125977,0.7902383804321289,-0.5080733895301819,0.8707697987556458,0.7799960374832153,-0.5080733895301819
8220,76936328,102,4,2.6611694135794206,0.0,0.0,0,False,0.5714625716209412,0.7799925208091736,-0.5080733895301819,0.5634119510650635,-0.788665235042572,-0.5080733895301819,-1.1330060958862305,-0.7799589037895203,-0.5080733895301819,-1.1249555349349976,0.7886987924575806,-0.5080733895301819
8220,76936328,102,5,0.6122934548634547,0.0,0.0,0,False,-1.1249538660049438,-0.4709932804107666,-0.5080733895301819,0.8565337061882019,-0.4811626076698303,-0.5080733895301819,0.8549478650093079,-0.7901614308357239,-0.5080733895301819,-1.126539707183838,-0.7799921035766602,-0.5080733895301819
8220,176958463,103,0,0.3533293275444812,0.7059527039527893,0.0,1,True,0.0010000000474974513,0.0,0.0,-0.9999998807907104,-0.00048385519767180085,0.0,-0.9999998807907104,-0.00048385519767180085,-0.7059527039527893,-0.9999998807907104,-0.00048385519767180085,-0.7059527039527893
8220,176958463,103,1,0.45909620481659275,0.0,0.0,0,False,0.9449709057807922,0.7801450490951538,-0.6594701409339905,0.9456750154495239,-0.674956202507019,-0.6594701409339905,0.6301670074462891,-0.6751088500022888,-0.6594701409339905,0.6294628977775574,0.779992401599884,-0.6594701409339905
8220,176958463,103,2,0.056932469751697745,0.0,0.0,0,False,1.1699999570846558,0.12007258087396622,-0.5728867650032043,1.1701668500900269,-0.22492732107639313,-0.5728867650032043,1.0051451921463013,-0.22500717639923096,-0.5728867650032043,1.0049782991409302,0.11999273300170898,-0.5728867650032043
8220,176958463,103,3,2.7167704495304505,0.0,0.0,0,False,-1.1699994802474976,-0.7808419466018677,-0.5067906379699707,-1.1707547903060913,0.7799995541572571,-0.5067906379699707,0.5698254108428955,0.7808418273925781,-0.5067906379699707,0.5705807209014893,-0.7799996733665466,-0.5067906379699707
8220,176958463,103,4,0.034499994871686646,0.0,0.0,0,False,0.8751670122146606,0.2249516397714615,-0.7759526968002319,0.8750000596046448,0.5699516534805298,-0.7759526968002319,0.9750000238418579,0.5699999928474426,-0.7759526968002319,0.9751669764518738,0.2250000238418579,-0.7759526968002319
8220,276959599,104,0,0.5945547617507498,0.5942584276199341,0.0,1,True,1.0010000467300415,0.0,0.0,-0.9999945759773254,-0.003288011532276869,0.0,-0.9999945759773254,-0.003288011532276869,-0.5942584276199341,-0.9999945759773254,-0.003288011532276869,-0.5942584276199341
8220,276959599,104,1,0.2674461237810668,0.0,0.0,0,False,0.7171867489814758,0.33048391342163086,-0.5950157046318054,0.7208380103111267,-0.7799972891807556,-0.5950157046318054,0.48000258207321167,-0.7807891368865967,-0.5950157046318054,0.4763512909412384,0.3296920657157898,-0.5950157046318054
8220,276959599,104,2,0.07264529953495402,0.0,0.0,0,False,0.9753475189208984,-0.2256893366575241,-0.5572699308395386,0.9742109179496765,0.11999740451574326,-0.5572699308395386,1.184356451034546,0.12068837136030197,-0.5572699308395386,1.185492992401123,-0.2249983698129654,-0.5572699308395386
8220,276959599,104,3,0.348468373307357,0.0,0.0,0,False,0.7216792702674866,-0.7807342410087585,-0.6642584204673767,0.7165487408638,0.7796433568000793,-0.6642584204673767,0.9398694634437561,0.7803776264190674,-0.6642584204673767,0.9449999332427979,-0.7799999713897705,-0.6642584204673767
8220,276959599,104,4,0.731138387463468,0.0,0.0,0,False,0.4812822937965393,0.3300042152404785,-0.5087472796440125,-1.1246373653411865,0.32472407817840576,-0.5087472796440125,-1.1261342763900757,0.7799962162971497,-0.5087472796440125,0.47978541254997253,0.7852763533592224,-0.5087472796440125
8220,276959599,104,5,2.426050110528408,0.0,0.0,0,False,0.41998329758644104,0.7850798964500427,-0.5087472796440125,0.4251292645931244,-0.7799831628799438,-0.5087472796440125,-1.124983310699463,-0.7850799560546875,-0.5087472796440125,-1.1301292181015015,0.7799831032752991,-0.5087472796440125
8220,377073900,105,0,1.0549227771231668,0.7031129002571106,0.0,1,True,2.000999927520752,0.0,0.0,-0.999581515789032,-0.028926558792591095,0.0,-0.999581515789032,-0.028926558792591095,-0.7031129002571106,-0.999581515789032,-0.028926558792591095,-0.7031129002571106
8220,377073900,105,1,0.41980062452257005,0.0,0.0,0,False,0.5784539580345154,-0.5621346235275269,-0.6400733590126038,0.5484898090362549,0.47330036759376526,-0.6400733590126038,0.9535846710205078,0.48502326011657715,-0.6400733590126038,0.9835487604141235,-0.5504117012023926,-0.6400733590126038
8220,377073900,105,2,0.06206918313665266,0.0,0.0,0,False,0.9751631021499634,-0.18563830852508545,-0.5761394500732422,0.9663256406784058,0.11974897235631943,-0.5761394500732422,1.1694029569625854,0.12562575936317444,-0.5761394500732422,1.1782405376434326,-0.17976151406764984,-0.5761394500732422
8220,377073900,105,3,0.05684746388333917,0.0,0.0,0,False,1.1752045154571533,0.4951505959033966,-0.7731128931045532,0.8711184859275818,0.48635077476501465,-0.7731128931045532,0.8657130599021912,0.6731396317481995,-0.7731128931045532,1.1697992086410522,0.6819394826889038,-0.7731128931045532
8220,377073900,105,4,2.659459355098651,0.0,0.0,0,False,0.5278122425079346,0.8278303146362305,-0.5087161064147949,0.5743371248245239,-0.7798744440078735,-0.5087161064147949,-1.0784751176834106,-0.827704668045044,-0.5087161064147949,-1.125,0.7800000309944153,-0.5087161064147949
8220,377073900,105,5,0.4272727830922598,0.0,0.0,0,False,-1.0831574201583862,-0.6108949184417725,-0.5087161064147949,0.8215497732162476,-0.5557751655578613,-0.5087161064147949,0.8280360102653503,-0.7799121141433716,-0.5087161064147949,-1.0766712427139282,-0.8350318670272827,-0.5087161064147949
8220,476880202,106,0,0.6987191716432058,0.6983863115310669,1.734723475976807e-18,1,True,1.0010000467300415,0.0,0.0,-0.9999064207077026,-0.01367927435785532,0.0,-0.9999064207077026,-0.01367927435785532,-0.6983863115310669,-0.9999064207077026,-0.01367927435785532,-0.6983863115310669
8220,476880202,106,1,0.16403505409017605,0.0,0.0,0,False,1.169983148574829,0.7812309861183167,-0.7683863043785095,1.1781094074249268,0.1872314214706421,-0.7683863043785095,0.9020075798034668,0.18345420062541962,-0.7683863043785095,0.8938813209533691,0.7774537205696106,-0.7683863043785095
8220,476880202,106,2,0.513251072603019,0.0,0.0,0,False,0.8856212496757507,0.7808292508125305,-0.6538671851158142,0.9069786071777344,-0.7803149223327637,-0.6538671851158142,0.578274130821228,-0.784811794757843,-0.6538671851158142,0.5569168329238892,0.7763323783874512,-0.6538671851158142
8220,476880202,106,3,0.05569583571983916,0.0,0.0,0,False,1.1699718236923218,0.10705169290304184,-0.5701559782028198,1.1745052337646484,-0.22432272136211395,-0.5701559782028198,1.0064613819122314,-0.22662165760993958,-0.5701559782028198,1.0019280910491943,0.10475276410579681,-0.5701559782028198
8220,476880202,106,4,2.7026194255225775,0.0,0.0,0,False,0.5503968596458435,0.8029202222824097,-0.5049821138381958,0.5720236301422119,-0.7779201865196228,-0.5049821138381958,-1.1372658014297485,-0.8013041615486145,-0.5049821138381958,-1.1588925123214722,0.7795361876487732,-0.5049821138381958
8220,577006170,107,0,1.75555465761834,0.7020978331565857,0.0,1,True,4.000999927520752,0.0,0.0,-0.9998542070388794,0.017073718830943108,0.0,-0.9998542070388794,0.017073718830943108,-0.7020978331565857,-0.9998542070388794,0.017073718830943108,-0.7020978331565857
8220,577006170,107,1,0.16111602457260732,0.0,0.0,0,False,1.1776819229125977,0.7798687815666199,-0.7720978260040283,1.1674531698226929,0.18085981905460358,-0.7720978260040283,0.8985605835914612,0.185451477766037,-0.7720978260040283,0.9087893962860107,0.7844604849815369,-0.7720978260040283
8220,577006170,107,2,0.04486158220359604,0.0,0.0,0,False,0.7782293558120728,0.16631095111370087,-0.6963858604431152,0.7861717939376831,0.6314314007759094,-0.6963858604431152,0.8825952410697937,0.629784882068634,-0.6963858604431152,0.8746527433395386,0.1646644026041031,-0.6963858604431152
8220,577006170,107,3,0.11649528616800175,0.0,0.0,0,False,0.8743837475776672,0.13671813905239105,-0.6184276342391968,1.1750644445419312,0.13158366084098816,-0.6184276342391968,1.1684503555297852,-0.2557419538497925,-0.6184276342391968,0.867769718170166,-0.2506074905395508,-0.6184276342391968
8220,577006170,107,4,0.25959989586926335,0.0,0.0,0,False,0.7508761286735535,0.4647288918495178,-0.6184276342391968,0.7350000143051147,-0.4649999737739563,-0.6184276342391968,0.45586031675338745,-0.4602333605289459,-0.6184276342391968,0.47173646092414856,0.4694955050945282,-0.6184276342391968
8220,577006170,107,5,0.4696841521012409,0.0,0.0,0,False,0.4661729335784912,0.1436888575553894,-0.6184276342391968,1.1750644445419312,0.13158366084098816,-0.6184276342391968,1.163753628730774,-0.5307846069335938,-0.6184276342391968,0.45486217737197876,-0.5186794400215149,-0.6184276342391968
8220,577006170,107,6,0.24449791787581,0.0,0.0,0,False,0.674475371837616,0.6442723870277405,-0.5082684755325317,-1.1267924308776855,0.6750307083129883,-0.5082684755325317,-1.1244752407073975,0.8107277154922485,-0.5082684755325317,0.6767925024032593,0.7799693942070007,-0.5082684755325317
8220,677049597,108,0,1.0585497072736452,0.7054663300514221,0.0,1,True,2.000999927520752,0.0,0.0,-0.99998939037323,0.00460628978908062,0.0,-0.99998939037323,0.00460628978908062,-0.7054663300514221,-0.99998939037323,0.00460628978908062,-0.7054663300514221
8220,677049597,108,1,0.15048106860667243,0.0,0.0,0,False,0.9130675792694092,0.19549255073070526,-0.7754663228988647,0.9157654047012329,0.7811710238456726,-0.7754663228988647,1.1726945638656616,0.7799875140190125,-0.7754663228988647,1.169996738433838,0.1943090558052063,-0.7754663228988647
8220,677049597,108,2,0.36500485602066224,0.0,0.0,0,False,0.8752473592758179,0.4192848801612854,-0.649426281452179,0.8697230219841003,-0.7799986600875854,-0.649426281452179,0.5653770565986633,-0.7785967588424683,-0.649426281452179,0.5709013938903809,0.420686811208725,-0.649426281452179
8220,677049597,108,3,0.06487176157463082,0.0,0.0,0,False,0.9738264083862305,-0.22478730976581573,-0.5707361102104187,0.9753496050834656,0.10589662194252014,-0.5707361102104187,1.1715199947357178,0.10499299317598343,-0.5707361102104187,1.169996738433838,-0.22569093108177185,-0.5707361102104187
8220,677049597,108,4,0.6901889331625233,0.0,0.0,0,False,0.7793377041816711,0.4262279272079468,-0.5052962899208069,-1.1715881824493408,0.4352146089076996,-0.5052962899208069,-1.1699585914611816,0.7889821529388428,-0.5052962899208069,0.7809672951698303,0.7799955010414124,-0.5052962899208069
8220,677049597,108,5,2.7312132372837947,0.0,0.0,0,False,0.5718655586242676,0.7799912691116333,-0.5052962899208069,0.5646428465843201,-0.787990391254425,-0.5052962899208069,-1.1771857738494873,-0.7799668908119202,-0.5052962899208069,-1.169963002204895,0.7880147695541382,-0.5052962899208069
8220,776960607,109,0,0.35620560471867146,0.7116999626159668,0.0,1,True,0.0010000000474974513,0.0,0.0,-0.9993460178375244,-0.03616033494472504,0.0,-0.9993460178375244,-0.03616033494472504,-0.7116999626159668,-0.9993460178375244,-0.03616033494472504,-0.7116999626159668
8220,776960607,109,1,0.3793069913556142,0.0,0.0,0,False,0.9827849268913269,-0.7851458787918091,-0.7816999554634094,0.9292004108428955,0.6957441568374634,-0.7816999554634094,1.184999942779541,0.7049999833106995,-0.7816999554634094,1.2385845184326172,-0.775890052318573,-0.7816999554634094
8220,776960607,109,2,3.0128844190448163,0.0,0.0,0,False,-1.1225876808166504,-0.8466722369194031,-0.5053802728652954,-1.1814321279525757,0.7795863151550293,-0.5053802728652954,0.6687932014465332,0.8465349078178406,-0.5053802728652954,0.727637767791748,-0.7797236442565918,-0.5053802728652954
8220,776960607,109,3,0.24525490275028972,0.0,0.0,0,False,0.787843644618988,-0.6367721557617188,-0.7065843939781189,0.74048912525177,0.6719420552253723,-0.7065843939781189,0.9276455044746399,0.6787141561508179,-0.7065843939781189,0.9750000238418579,-0.6300000548362732,-0.7065843939781189
8220,876993825,110,0,1.4025505586995877,0.7011013031005859,0.0,1,True,3.000999927520752,0.0,0.0,-0.9999902248382568,-0.0044150748290121555,0.0,-0.9999902248382568,-0.0044150748290121555,-0.7011013031005859,-0.9999902248382568,-0.0044150748290121555,-0.7011013031005859
8220,876993825,110,1,0.19465650316745498,0.0,0.0,0,False,1.169997215270996,0.7805959582328796,-0.7711012959480286,1.1727118492126465,0.1657404750585556,-0.7711012959480286,0.856128990650177,0.1643427312374115,-0.7711012959480286,0.8534143567085266,0.7791982293128967,-0.7711012959480286
8220,876993825,110,2,0.06740283465915287,0.0,0.0,0,False,0.9752024412155151,-0.22586002945899963,-0.581652820110321,0.973676323890686,0.11979546397924423,-0.581652820110321,1.1686725616455078,0.12065639346837997,-0.581652820110321,1.170198678970337,-0.2249990999698639,-0.581652820110321
8220,876993825,110,3,0.25631662973955915,0.0,0.0,0,False,0.8239380717277527,0.42052513360977173,-0.6485753059387207,0.828112006187439,-0.5248537063598633,-0.6485753059387207,0.556991457939148,-0.5260507464408875,-0.6485753059387207,0.5528175234794617,0.41932812333106995,-0.6485753059387207
8220,876993825,110,4,0.623432110027621,0.0,0.0,0,False,0.5715894103050232,0.42000702023506165,-0.5040141940116882,-1.1249006986618042,0.41251689195632935,-0.5040141940116882,-1.1265231370925903,0.7799932360649109,-0.5040141940116882,0.5699669718742371,0.7874833345413208,-0.5040141940116882
8220,876993825,110,5,2.6349868609502707,0.0,0.0,0,False,0.5500665903091431,0.7873955368995667,-0.5040141940116882,0.556983232498169,-0.7791964411735535,-0.5040141940116882,-1.1249706745147705,-0.7866224050521851,-0.5040141940116882,-1.1318873167037964,0.7799695730209351,-0.5040141940116882
8220,876993825,110,6,0.35212663936994204,0.0,0.0,0,False,-1.125976324081421,-0.5588454008102417,-0.5040141940116882,0.4199206233024597,-0.5520201325416565,-0.5040141940116882,0.4209262728691101,-0.7797971367835999,-0.5040141940116882,-1.1249706745147705,-0.7866224050521851,-0.5040141940116882
8220,976881502,111,0,2.8814033915517077,0.7326036691665649,0.0,1,True,7.000999927520752,0.0,0.0,-0.8472431302070618,0.5312052965164185,0.0,-0.8472431302070618,0.5312052965164185,-0.7326036691665649,-0.8472431302070618,0.5312052965164185,-0.7326036691665649
8220,976881502,111,1,0.33206583075474355,0.20460665225982666,1.5107737514133412e-08,0,False,0.34164905548095703,0.21664437651634216,-0.5391746759414673,0.7032691836357117,0.43626275658607483,-0.6315929889678955,1.0758634805679321,-0.22445546090602875,-0.743781328201294,0.7142434120178223,-0.4440738260746002,-0.6513630151748657
8220,976881502,111,2,0.0974551390912381,0.03528517484664917,7.641475642557855e-09,0,False,1.169284701347351,-0.7800300121307373,-0.8026036620140076,0.973937451839447,-0.7802351713180542,-0.7798877358436584,0.9748787879943848,-0.2848533093929291,-0.7673184871673584,1.170225977897644,-0.2846481204032898,-0.7900344133377075
8220,976881502,111,3,0.10856333118071813,0.03671872615814209,2.218344663778432e-09,0,False,-0.18099258840084076,-0.5848674774169922,-0.46531912684440613,-0.18071788549423218,-0.284896582365036,-0.45409974455833435,0.18003959953784943,-0.28618064522743225,-0.42860040068626404,0.17976489663124084,-0.5861515998840332,-0.4398197829723358
8220,976881502,111,4,0.6722787628915414,0.0,0.0,0,False,-0.0843164250254631,0.9692997932434082,-0.5082834362983704,0.7723099589347839,-0.5497480034828186,-0.5082834362983704,0.43652641773223877,-0.7391042113304138,-0.5082834362983704,-0.42009997367858887,0.7799436450004578,-0.5082834362983704
8220,976881502,111,5,0.02434980575341683,0.0,0.0,0,False,0.6294021010398865,0.5696628093719482,-0.5082834362983704,0.5142171382904053,0.7739192843437195,-0.5082834362983704,0.6046655774116516,0.8249253034591675,-0.5082834362983704,0.7198505401611328,0.6206688284873962,-0.5082834362983704
8220,976881502,111,6,2.771020655726191,0.0,0.0,0,False,0.8015722036361694,0.4974919259548187,-0.5082834362983704,-1.1061217784881592,-0.661084771156311,-0.5082834362983704,-1.7505818605422974,0.40007296204566956,-0.5082834362983704,0.15711210668087006,1.5586496591567993,-0.5082834362983704
8220,976881502,111,7,0.2966926541014274,0.0,0.0,0,False,-1.1249321699142456,-0.6109424233436584,-0.5082834362983704,0.6300455927848816,-0.6171892881393433,-0.5082834362983704,0.629443883895874,-0.7862449288368225,-0.5082834362983704,-1.125533938407898,-0.7799980640411377,-0.5082834362983704
8220,976881502,111,8,0.19904404338874304,0.0,0.0,0,False,0.1798214465379715,-0.7799997925758362,-0.5082834362983704,0.18028877675533295,-0.2696842849254608,-0.5082834362983704,0.5703296065330505,-0.27004149556159973,-0.5082834362983704,0.5698622465133667,-0.7803570032119751,-0.5082834362983704
8220,976881502,111,9,1.538897644149892,0.0,0.0,0,False,0.32998231053352356,-0.27496519684791565,-0.5082834362983704,-1.1287364959716797,-0.26977312564849854,-0.5082834362983704,-1.1249815225601196,0.7851787805557251,-0.5082834362983704,0.33373725414276123,0.7799866795539856,-0.5082834362983704
8220,976881502,111,10,1.4753810595848238,0.0,0.0,0,False,-0.1797664910554886,0.7799997925758362,-0.5082834362983704,-0.18119587004184723,-0.7808642387390137,-0.5082834362983704,-1.1264286041259766,-0.7799986600875854,-0.5082834362983704,-1.1249992847442627,0.7808653712272644,-0.5082834362983704
8221,76900721,112,0,2.569745873497378,0.6547151803970337,0.0,1,True,7.000999927520752,0.0,0.0,-0.8290217518806458,0.559216320514679,0.0,-0.8290217518806458,0.559216320514679,-0.6547151803970337,-0.8290217518806458,0.559216320514679,-0.6547151803970337
8221,76900721,112,1,0.2786251140217839,0.0,0.0,0,False,0.8087197542190552,0.4345305263996124,-0.5755046606063843,0.5316318869590759,-0.7815110683441162,-0.5755046606063843,0.3138163089752197,-0.7318795323371887,-0.5755046606063843,0.590904176235199,0.4841621220111847,-0.5755046606063843
8221,76900721,112,2,0.05005309178480373,0.01911252737045288,2.320870275476783e-19,0,False,-0.030197009444236755,-0.33034297823905945,-0.4352610409259796,0.16495366394519806,-0.3303932249546051,-0.43380606174468994,0.1650194525718689,-0.5862618684768677,-0.45146360993385315,-0.030131220817565918,-0.586211621761322,-0.4529185891151428
8221,76900721,112,3,0.536759365027176,0.0,0.0,0,False,0.5630519390106201,-0.6587900519371033,-0.7247151732444763,0.7576746344566345,0.19534078240394592,-0.7247151732444763,1.3550844192504883,0.05921466648578644,-0.7247151732444763,1.1604617834091187,-0.7949161529541016,-0.7247151732444763
8221,76900721,112,4,0.3335968334624919,0.0,0.0,0,False,0.5198174118995667,0.5022554993629456,-0.5074688196182251,-0.6761897802352905,0.7747784852981567,-0.5074688196182251,-0.615770697593689,1.0399367809295654,-0.5074688196182251,0.580236554145813,0.7674137949943542,-0.5074688196182251
8221,76900721,112,5,0.2706500873006217,0.0,0.0,0,False,0.6450502276420593,0.7526452541351318,-0.5074688196182251,0.2901042401790619,-0.805088460445404,-0.5074688196182251,0.12493389844894409,-0.7674526572227478,-0.5074688196182251,0.47987988591194153,0.7902810573577881,-0.5074688196182251
8221,76900721,112,6,0.5842032707651992,0.0,0.0,0,False,-1.0791337490081787,-0.4161977171897888,-0.5074688196182251,0.48184940218925476,-0.7718839049339294,-0.5074688196182251,0.4007810056209564,-1.1276650428771973,-0.5074688196182251,-1.160202145576477,-0.7719788551330566,-0.5074688196182251
8221,76900721,112,7,1.700896628569465,0.0,0.0,0,False,-0.035271331667900085,0.7802801132202148,-0.5074688196182251,-0.03487015888094902,-0.7799896001815796,-0.5074688196182251,-1.125,-0.7802698612213135,-0.5074688196182251,-1.1254011392593384,0.7799997925758362,-0.5074688196182251
8221,76900721,112,8,0.23064276055120114,0.0,0.0,0,False,-1.1249845027923584,-0.6146678328514099,-0.5074688196182251,0.27004244923591614,-0.6150270104408264,-0.5074688196182251,0.2699998617172241,-0.780359148979187,-0.5074688196182251,-1.125027060508728,-0.7799999117851257,-0.5074688196182251
8221,76900721,112,9,0.20361594805545513,0.0,0.0,0,False,0.1800784170627594,-0.5750011801719666,-0.5074688196182251,0.17973001301288605,0.779999852180481,-0.5074688196182251,0.3299999535083771,0.7800384759902954,-0.5074688196182251,0.3303483724594116,-0.5749625563621521,-0.5074688196182251
8221,76900721,112,10,1.6658789872995574,0.0,0.0,0,False,0.37499991059303284,-0.3303746283054352,-0.5074688196182251,-1.1252857446670532,-0.3299883306026459,-0.5074688196182251,-1.1249998807907104,0.7803860902786255,-0.5074688196182251,0.375285804271698,0.779999852180481,-0.5074688196182251
8221,176963689,113,0,1.0749206126649427,0.7165087461471558,0.0,1,True,2.000999927520752,0.0,0.0,-0.9991597533226013,0.04098491743206978,0.0,-0.9991597533226013,0.04098491743206978,-0.7165087461471558,-0.9991597533226013,0.04098491743206978,-0.7165087461471558
8221,176963689,113,1,0.35836543702448154,0.0,0.0,0,False,0.44513851404190063,-0.774878203868866,-0.6023305058479309,0.4985789358615875,0.5279296040534973,-0.6023305058479309,0.7731884717941284,0.5166652798652649,-0.6023305058479309,0.7197480797767639,-0.7861425280570984,-0.6023305058479309
8221,176963689,113,2,0.573914861786065,0.0,0.0,0,False,0.7342581748962402,-0.6351248621940613,-0.7302281856536865,0.7928646206855774,0.7936239242553711,-0.7302281856536865,1.1938804388046265,0.7771745324134827,-0.7302281856536865,1.1352739334106445,-0.6515742540359497,-0.7302281856536865
8221,176963689,113,3,0.043463444934648265,0.0,0.0,0,False,1.0700839757919312,-0.700901448726654,-0.7865087389945984,1.0878974199295044,-0.26663219928741455,-0.7865087389945984,1.187813401222229,-0.2707307040691376,-0.7865087389945984,1.1699999570846558,-0.7049999237060547,-0.7865087389945984
8221,176963689,113,4,2.5646221452821436,0.0,0.0,0,False,0.504337728023529,0.7790015935897827,-0.5049660205841064,0.4377588927745819,-0.8441034555435181,-0.5049660205841064,-1.1396585702896118,-0.7793986797332764,-0.5049660205841064,-1.0730797052383423,0.8437063097953796,-0.5049660205841064
8221,176963689,113,5,0.4210013637147956,0.0,0.0,0,False,0.5681606531143188,0.5251592397689819,-0.5049660205841064,-1.0833674669265747,0.5929039716720581,-0.5049660205841064,-1.072928547859192,0.8473920226097107,-0.5049660205841064,0.5785996317863464,0.7796472907066345,-0.5049660205841064
8221,277076532,114,0,0.3506327305560298,0.7005649209022522,0.0,1,True,0.0010000000474974513,0.0,0.0,-0.9999697804450989,-0.007773539982736111,0.0,-0.9999697804450989,-0.007773539982736111,-0.7005649209022522,-0.9999697804450989,-0.007773539982736111,-0.7005649209022522
8221,277076532,114,1,0.11066157180178354,0.0,0.0,0,False,0.6599926948547363,0.630699634552002,-0.5743574500083923,0.6646512746810913,0.03143543377518654,-0.5743574500083923,0.47999998927116394,0.030000001192092896,-0.5743574500083923,0.47534146904945374,0.6292641758918762,-0.5743574500083923
8221,277076532,114,2,0.1872484995096233,0.0,0.0,0,False,0.8704727292060852,0.16418743133544922,-0.7705649137496948,0.8656893968582153,0.7795000076293945,-0.7705649137496948,1.1699854135513306,0.7818655371665955,-0.7705649137496948,1.1747688055038452,0.16655296087265015,-0.7705649137496948
8221,277076532,114,3,0.06800010387777089,0.0,0.0,0,False,0.9753606915473938,-0.22639648616313934,-0.582011342048645,0.9726707339286804,0.11963207274675369,-0.582011342048645,1.1691747903823853,0.12115965038537979,-0.582011342048645,1.171864628791809,-0.22486890852451324,-0.582011342048645
8221,277076532,114,4,2.501897508296283,0.0,0.0,0,False,0.43939998745918274,0.7925111651420593,-0.5033069252967834,0.4516197144985199,-0.77940434217453,-0.5033069252967834,-1.1399074792861938,-0.7917765378952026,-0.5033069252967834,-1.1521272659301758,0.7801389694213867,-0.5033069252967834
8221,277076532,114,5,0.09276301077558058,0.0,0.0,0,False,0.8249909281730652,0.7811660170555115,-0.657483696937561,0.8296639919281006,0.180036261677742,-0.657483696937561,0.6753588914871216,0.17883671820163727,-0.657483696937561,0.6706857681274414,0.7799664735794067,-0.657483696937561
8221,377014084,115,0,1.3988707211772948,0.6992633938789368,0.0,1,True,3.000999927520752,0.0,0.0,-0.9999783635139465,-0.006580181885510683,0.0,-0.9999783635139465,-0.006580181885510683,-0.6992633938789368,-0.9999783635139465,-0.006580181885510683,-0.6992633938789368
8221,377014084,115,1,0.16360754338759964,0.0,0.0,0,False,1.1699955463409424,0.7806908488273621,-0.7692633867263794,1.17393958568573,0.18130910396575928,-0.7692633867263794,0.9009909629821777,0.17951302230358124,-0.7692633867263794,0.8970468044281006,0.7788947820663452,-0.7692633867263794
8221,377014084,115,2,0.0647380291479922,0.0,0.0,0,False,0.9759916067123413,-0.22568440437316895,-0.5762424468994141,0.973820149898529,0.10430130362510681,-0.5762424468994141,1.1699960231781006,0.10559220612049103,-0.5762424468994141,1.172167420387268,-0.22439351677894592,-0.5762424468994141
8221,377014084,115,3,0.3763285604177806,0.0,0.0,0,False,0.8699967265129089,0.6754935383796692,-0.6486006379127502,0.87809157371521,-0.5546506643295288,-0.6486006379127502,0.5721824765205383,-0.5566636323928833,-0.6486006379127502,0.5640876889228821,0.6734805703163147,-0.6486006379127502
8221,377014084,115,4,0.22374232958283358,0.0,0.0,0,False,0.7802953720092773,0.6751006841659546,-0.5085854530334473,-1.1249182224273682,0.662563681602478,-0.5085854530334473,-1.1256909370422363,0.7799954414367676,-0.5085854530334473,0.7795226573944092,0.7925325036048889,-0.5085854530334473
8221,377014084,115,5,2.6665365531118326,0.0,0.0,0,False,0.5629856586456299,0.7911076545715332,-0.5085854530334473,0.5733175277709961,-0.7789911031723022,-0.5085854530334473,-1.124933123588562,-0.7901661992073059,-0.5085854530334473,-1.1352648735046387,0.7799324989318848,-0.5085854530334473
8221,377014084,115,6,0.4235672660606422,0.0,0.0,0,False,-1.1263799667358398,-0.5703051686286926,-0.5085854530334473,0.7795246243476868,-0.5577636361122131,-0.5085854530334473,0.7809869647026062,-0.77999347448349,-0.5085854530334473,-1.1249176263809204,-0.7925350666046143,-0.5085854530334473
8221,477093386,116,0,0.7056335588103416,0.7052809000015259,2.710505431213761e-20,1,True,1.0010000467300415,0.0,0.0,-1.0,-0.00014606335025746375,0.0,-1.0,-0.00014606335025746375,-0.7052809000015259,-1.0,-0.00014606335025746375,-0.7052809000015259
8221,477093386,116,1,0.1404505525084776,0.0,0.0,0,False,0.9300044178962708,0.1949649304151535,-0.7752808928489685,0.9299189448356628,0.7799780964851379,-0.7752808928489685,1.1699999570846558,0.7800131440162659,-0.7752808928489685,1.1700854301452637,0.19500000774860382,-0.7752808928489685
8221,477093386,116,2,0.4680851637109562,0.0,0.0,0,False,0.5700811147689819,-0.7800372242927551,-0.6448922157287598,0.5698532462120056,0.7799846529960632,-0.6448922157287598,0.8699036240577698,0.7800284624099731,-0.6448922157287598,0.8701314926147461,-0.7799934148788452,-0.6448922157287598
8221,477093386,116,3,0.06728475372814824,0.0,0.0,0,False,0.97501540184021,-0.22502189874649048,-0.5865864753723145,0.97496497631073,0.1199934333562851,-0.5865864753723145,1.1699845790863037,0.12002191692590714,-0.5865864753723145,1.1700350046157837,-0.22499340772628784,-0.5865864753723145
8221,477093386,116,4,2.6446749951679465,0.0,0.0,0,False,0.5698312520980835,0.7802476286888123,-0.5043798685073853,0.5700591802597046,-0.7799780964851379,-0.5043798685073853,-1.125,-0.7802256941795349,-0.5043798685073853,-1.125227928161621,0.7800000309944153,-0.5043798685073853
8221,577123396,117,0,1.7587432229434317,0.7035399079322815,6.938893903907228e-18,1,True,4.000999927520752,0.0,0.0,-0.9983717799186707,-0.05704158917069435,0.0,-0.9983717799186707,-0.05704158917069435,-0.7035399079322815,-0.9983717799186707,-0.05704158917069435,-0.7035399079322815
8221,577123396,117,1,0.16941071749832748,0.0,0.0,0,False,0.9157809019088745,0.1813322901725769,-0.7735399007797241,0.8822218775749207,0.7687000036239624,-0.7735399007797241,1.1697070598602295,0.7851253747940063,-0.7735399007797241,1.2032660245895386,0.19775764644145966,-0.7735399007797241
8221,577123396,117,2,0.05876082879870026,0.0,0.0,0,False,1.023001790046692,-0.23254163563251495,-0.5765701532363892,1.0029152631759644,0.1190238744020462,-0.5765701532363892,1.1695119142532349,0.12854230403900146,-0.5765701532363892,1.1895984411239624,-0.2230232059955597,-0.5765701532363892
8221,577123396,117,3,0.4575241517160906,0.0,0.0,0,False,0.8844022750854492,0.5655372142791748,-0.6434838771820068,0.9436778426170349,-0.47193458676338196,-0.6434838771820068,0.5041136145591736,-0.49704891443252563,-0.6434838771820068,0.4448380470275879,0.5404228568077087,-0.6434838771820068
8221,577123396,117,4,0.295518917853272,0.0,0.0,0,False,0.9285255670547485,0.16834381222724915,-0.6434838771820068,0.9650378227233887,-0.4707142412662506,-0.6434838771820068,0.5041135549545288,-0.497048944234848,-0.6434838771820068,0.4676012694835663,0.14200912415981293,-0.6434838771820068
8221,577123396,117,5,0.02717447225201841,0.0,0.0,0,False,0.5824372172355652,-0.2701463997364044,-0.6434838771820068,0.7046094536781311,-0.2631661593914032,-0.6434838771820068,0.7172764539718628,-0.48486992716789246,-0.6434838771820068,0.5951041579246521,-0.49185019731521606,-0.6434838771820068
8221,577123396,117,6,0.610389551759603,0.0,0.0,0,False,0.729275107383728,0.5576616525650024,-0.5050868988037109,-1.144749402999878,0.45059001445770264,-0.5050868988037109,-1.16329824924469,0.7752407789230347,-0.5050868988037109,0.7107263207435608,0.8823124170303345,-0.5050868988037109
8221,677060656,118,0,2.4789599040531183,0.7081736922264099,4.336808689942018e-19,1,True,6.000999927520752,0.0,0.0,-0.9999931454658508,0.003705242183059454,0.0,-0.9999931454658508,0.003705242183059454,-0.7081736922264099,-0.9999931454658508,0.003705242183059454,-0.7081736922264099
8221,677060656,118,1,0.15383687546562275,0.0,0.0,0,False,0.6455543637275696,0.674720048904419,-0.5670695304870605,0.6421078443527222,-0.2554338872432709,-0.5670695304870605,0.47672152519226074,-0.2548210918903351,-0.5670695304870605,0.4801679849624634,0.6753328442573547,-0.5670695304870605
8221,677060656,118,2,0.12322772827396822,0.0,0.0,0,False,1.1720563173294067,0.7799923419952393,-0.7781736850738525,1.1698861122131348,0.19427788257598877,-0.7781736850738525,0.959500253200531,0.19505742192268372,-0.7781736850738525,0.961670458316803,0.7807718515396118,-0.7781736850738525
8221,677060656,118,3,0.2449776995221873,0.0,0.0,0,False,0.6717208623886108,-0.47998782992362976,-0.6309300661087036,0.6750560402870178,0.42011094093322754,-0.6309300661087036,0.9472198486328125,0.4191024899482727,-0.6309300661087036,0.9438847303390503,-0.4809962809085846,-0.6309300661087036
8221,677060656,118,4,0.053808035306339264,0.0,0.0,0,False,0.5700034499168396,-0.26905518770217896,-0.6309300661087036,0.8255558013916016,-0.2700020670890808,-0.6309300661087036,0.8247756361961365,-0.48055499792099,-0.6309300661087036,0.5692232847213745,-0.47960811853408813,-0.6309300661087036
8221,677060656,118,5,0.24497773837403525,0.0,0.0,0,False,0.9472198486328125,0.4191025197505951,-0.6309300661087036,0.9438847899436951,-0.4809962809085846,-0.6309300661087036,0.6717209219932556,-0.47998785972595215,-0.6309300661087036,0.675055980682373,0.4201109707355499,-0.6309300661087036
8221,677060656,118,6,0.2982373062976995,0.0,0.0,0,False,0.6750020980834961,0.1805557906627655,-0.6309300661087036,1.1264965534210205,0.1788828819990158,-0.6309300661087036,1.1240490674972534,-0.48166391253471375,-0.6309300661087036,0.672554612159729,-0.47999098896980286,-0.6309300661087036
8221,677060656,118,7,0.21062196945683098,0.0,0.0,0,False,0.8249979019165039,0.6744441986083984,-0.5049546957015991,-1.1703636646270752,0.6818374991416931,-0.5049546957015991,-1.169972538948059,0.7873918414115906,-0.5049546957015991,0.82538902759552,0.7799985408782959,-0.5049546957015991
8221,677060656,118,8,2.58440015052435,0.0,0.0,0,False,0.48022234439849854,0.7799991965293884,-0.5049546957015991,0.47441956400871277,-0.7860929369926453,-0.5049546957015991,-1.1757800579071045,-0.7799785137176514,-0.5049546957015991,-1.1699773073196411,0.7861136198043823,-0.5049546957015991
8221,776929666,119,0,1.0452572740413326,0.6967235207557678,0.0,1,True,2.000999927520752,0.0,0.0,-0.9992408752441406,0.03895747289061546,0.0,-0.9992408752441406,0.03895747289061546,-0.6967235207557678,-0.9992408752441406,0.03895747289061546,-0.6967235207557678
8221,776929666,119,1,0.23082982216926817,0.0,0.0,0,False,0.720697283744812,0.21912474930286407,-0.5964783430099487,0.681438148021698,-0.787853479385376,-0.5964783430099487,0.4525558650493622,-0.7789300680160522,-0.5964783430099487,0.4918149709701538,0.2280482053756714,-0.5964783430099487
8221,776929666,119,2,0.15775845529598254,0.0,0.0,0,False,1.1758391857147217,0.7797723412513733,-0.7667235136032104,1.1521865129470825,0.17309202253818512,-0.7667235136032104,0.8925455808639526,0.18321466445922852,-0.7667235136032104,0.9161983132362366,0.7898949980735779,-0.7667235136032104
8221,776929666,119,3,0.024755863002006162,0.0,0.0,0,False,1.083905577659607,-0.17956747114658356,-0.5845475196838379,1.0951138734817505,0.1079195961356163,-0.5845475196838379,1.1810944080352783,0.10456746816635132,-0.5845475196838379,1.1698861122131348,-0.18291959166526794,-0.5845475196838379
8221,776929666,119,4,0.1461526554718482,0.0,0.0,0,False,0.6876645684242249,-0.6696457266807556,-0.6901078224182129,0.7210162281990051,0.1858084499835968,-0.6901078224182129,0.8916049599647522,0.17915768921375275,-0.6901078224182129,0.8582533001899719,-0.6762964725494385,-0.6901078224182129
8221,776929666,119,5,0.9176551156616233,0.0,0.0,0,False,0.5583431720733643,0.22600917518138885,-0.5034254789352417,-1.0967435836791992,0.29053619503974915,-0.5034254789352417,-1.0751601457595825,0.8441400527954102,-0.5034254789352417,0.579926609992981,0.7796130180358887,-0.5034254789352417
8221,776929666,119,6,2.5599195091567886,0.0,0.0,0,False,0.5023935437202454,0.7791268825531006,-0.5034254789352417,0.43923017382621765,-0.8409847021102905,-0.5034254789352417,-1.1384601593017578,-0.779475212097168,-0.5034254789352417,-1.0752967596054077,0.8406363725662231,-0.5034254789352417
8221,876883551,120,0,1.7791402484244723,0.7115148305892944,0.0,1,True,4.000999927520752,0.0,0.0,-0.9999909996986389,0.0042492905631661415,0.0,-0.9999909996986389,0.0042492905631661415,-0.7115148305892944,-0.9999909996986389,0.0042492905631661415,-0.7115148305892944
8221,876883551,120,1,0.12649482110313137,0.0,0.0,0,False,1.1725494861602783,0.7799891829490662,-0.7815148234367371,1.169994592666626,0.1787252426147461,-0.7815148234367371,0.9596168398857117,0.1796192079782486,-0.7815148234367371,0.9621717929840088,0.7808831334114075,-0.7815148234367371
8221,876883551,120,2,0.3783524404832468,0.0,0.0,0,False,0.9466529488563538,0.4189731478691101,-0.6286752223968506,0.9428308010101318,-0.4805007576942444,-0.6286752223968506,0.5222009420394897,-0.47871336340904236,-0.6286752223968506,0.5260230302810669,0.42076054215431213,-0.6286752223968506
8221,876883551,120,3,0.42658084606779223,0.0,0.0,0,False,0.5250037312507629,0.18089234828948975,-0.6286752223968506,1.1717129945755005,0.17814427614212036,-0.6286752223968506,1.1689101457595825,-0.48146143555641174,-0.6286752223968506,0.5222008228302002,-0.47871336340904236,-0.6286752223968506
8221,876883551,120,4,0.7050858099500683,0.0,0.0,0,False,0.8243911862373352,0.42671647667884827,-0.5052873492240906,-1.1714013814926147,0.43519720435142517,-0.5052873492240906,-1.1699001789093018,0.7884769439697266,-0.5052873492240906,0.8258923888206482,0.7799962162971497,-0.5052873492240906
8221,876883551,120,5,2.6583334519416706,0.0,0.0,0,False,0.5265297293663025,0.77999347448349,-0.5052873492240906,0.5198710560798645,-0.7869896292686462,-0.5052873492240906,-1.1765642166137695,-0.7797808647155762,-0.5052873492240906,-1.169905662536621,0.7872021794319153,-0.5052873492240906
8221,976887019,121,0,0.9815310307372871,0.6688156127929688,0.0,1,True,2.000999927520752,0.0,0.0,-0.9022985696792603,0.4311116933822632,0.0,-0.9022985696792603,0.4311116933822632,-0.6688156127929688,-0.9022985696792603,0.4311116933822632,-0.6688156127929688
8221,976887019,121,1,0.12734411186981384,0.0749632716178894,4.8792001997727263e-08,0,False,0.8324857354164124,-0.32327428460121155,-0.7388156056404114,1.0469692945480347,-0.24025078117847443,-0.7663873434066772,1.2393746376037598,-0.7530508041381836,-0.8137788772583008,1.0248911380767822,-0.8360743522644043,-0.7862071990966797
8221,976887019,121,2,0.3434404557667454,0.0,0.0,0,False,0.5849999785423279,0.3299999535083771,-0.6300056576728821,0.9796996116638184,-0.7219558358192444,-0.6300056576728821,0.6935109496116638,-0.8293353915214539,-0.6300056576728821,0.2988113760948181,0.2226204127073288,-0.6300056576728821
8221,976887019,121,3,0.009830791801872962,0.0,0.0,0,False,0.8478284478187561,-0.7209081649780273,-0.7168159484863281,0.9398707747459412,-0.6863734126091003,-0.7168159484863281,0.9750000238418579,-0.7799999713897705,-0.7168159484863281,0.8829576373100281,-0.8145347833633423,-0.7168159484863281
8221,976887019,121,4,1.971178245881383,0.0,0.0,0,False,0.7197924256324768,0.38077211380004883,-0.5035872459411621,-1.0587865114212036,-0.28656044602394104,-0.5035872459411621,-1.423305630683899,0.684958279132843,-0.5035872459411621,0.3552732765674591,1.3522908687591553,-0.5035872459411621
8221,976887019,121,5,3.480974007370872,0.0,0.0,0,False,-0.06896809488534927,1.193113088607788,-0.5035872459411621,0.6403360962867737,-0.6973288059234619,-0.5035872459411621,-0.9737840890884399,-1.3029555082321167,-0.5035872459411621,-1.6830883026123047,0.5874863862991333,-0.5035872459411621
8222,76979446,122,0,2.4776963417368707,0.7078171372413635,0.0,1,True,6.000999927520752,0.0,0.0,-0.9999422430992126,-0.010746697895228863,0.0,-0.9999422430992126,-0.010746697895228863,-0.7078171372413635,-0.9999422430992126,-0.010746697895228863,-0.7078171372413635
8222,76979446,122,1,0.057174384632522224,0.0,0.0,0,False,0.5849965214729309,0.40516114234924316,-0.5657086372375488,0.5905746817588806,-0.11386536061763763,-0.5657086372375488,0.4804304242134094,-0.11504911631345749,-0.5657086372375488,0.4748522937297821,0.4039773941040039,-0.5657086372375488
8222,76979446,122,2,0.1465552432249484,0.0,0.0,0,False,0.9321058392524719,0.1790553480386734,-0.7778171300888062,0.9256599545478821,0.7788248658180237,-0.7778171300888062,1.1699843406677246,0.7814506888389587,-0.7778171300888062,1.1764302253723145,0.18168118596076965,-0.7778171300888062
8222,76979446,122,3,0.06220884197100851,0.0,0.0,0,False,0.9754956960678101,-0.2261231392621994,-0.5647783279418945,0.9717813730239868,0.11948177963495255,-0.5647783279418945,1.151760458946228,0.12141606956720352,-0.5647783279418945,1.1554747819900513,-0.22418884932994843,-0.5647783279418945
8222,76979446,122,4,0.28095302396944266,0.0,0.0,0,False,0.6316309571266174,-0.5267557501792908,-0.6501165628433228,0.6216197609901428,0.40474873781204224,-0.6501165628433228,0.9231970310211182,0.40798988938331604,-0.6501165628433228,0.9332082271575928,-0.5235145688056946,-0.6501165628433228
8222,76979446,122,5,0.0048429308955846295,0.0,0.0,0,False,0.8711283802986145,0.42001214623451233,-0.7151737809181213,0.8250051736831665,0.4195164442062378,-0.7151737809181213,0.8238768577575684,0.5245042443275452,-0.7151737809181213,0.8700000047683716,0.5249999761581421,-0.7151737809181213
8222,76979446,122,6,0.7359768626882222,0.0,0.0,0,False,0.7838338613510132,0.42326533794403076,-0.5058548450469971,-1.1670690774917603,0.4022984802722931,-0.5058548450469971,-1.1711230278015137,0.7795042395591736,-0.5058548450469971,0.7797799706459045,0.8004711270332336,-0.5058548450469971
8222,76979446,122,7,2.611313344840191,0.0,0.0,0,False,0.4694983959197998,0.7971365451812744,-0.5058548450469971,0.48644760251045227,-0.7799306511878967,-0.5058548450469971,-1.1691646575927734,-0.7977240085601807,-0.5058548450469971,-1.1861138343811035,0.7793431878089905,-0.5058548450469971
8222,76979446,122,8,1.200865043601589,0.0,0.0,0,False,-1.1763089895248413,-0.1329645961523056,-0.5058548450469971,0.6255785226821899,-0.11359912902116776,-0.5058548450469971,0.6327401995658875,-0.7799705862998962,-0.5058548450469971,-1.169147253036499,-0.7993360161781311,-0.5058548450469971
8222,76979446,122,9,0.466205503256786,0.0,0.0,0,False,-1.171634554862976,-0.5679143667221069,-0.5058548450469971,0.8245857954025269,-0.5464602708816528,-0.5058548450469971,0.8270954489707947,-0.7799774408340454,-0.5058548450469971,-1.1691248416900635,-0.8014314770698547,-0.5058548450469971
8222,76979446,122,10,0.5493182120369742,0.0,0.0,0,False,0.8270885348320007,0.5256671905517578,-0.5058548450469971,-1.168164610862732,0.5042235255241394,-0.5058548450469971,-1.1711231470108032,0.7795042395591736,-0.5058548450469971,0.8241299986839294,0.8009479641914368,-0.5058548450469971
8222,76979446,122,11,0.7359771303285783,0.0,0.0,0,False,0.7797799110412598,0.800471305847168,-0.5058548450469971,0.7838338613510132,0.42326539754867554,-0.5058548450469971,-1.1670691967010498,0.40229836106300354,-0.5058548450469971,-1.1711231470108032,0.7795042395591736,-0.5058548450469971
8222,176962789,123,0,0.7095261802448408,0.7092018127441406,0.0,1,True,1.0010000467300415,0.0,0.0,-0.9998294711112976,-0.01846715435385704,0.0,-0.9998294711112976,-0.01846715435385704,-0.7092018127441406,-0.9998294711112976,-0.01846715435385704,-0.7092018127441406
8222,176962789,123,1,0.161442603741202,0.0,0.0,0,False,0.9325386881828308,0.13255339860916138,-0.7792018055915833,0.9205833673477173,0.7798260450363159,-0.7792018055915833,1.1699180603027344,0.7844313383102417,-0.7792018055915833,1.1818734407424927,0.13715869188308716,-0.7792018055915833
8222,176962789,123,2,0.02297858338120129,0.0,0.0,0,False,1.0950255393981934,-0.18138478696346283,-0.5892289280891418,1.0897377729415894,0.10490280389785767,-0.5892289280891418,1.1699743270874023,0.10638479888439178,-0.5892289280891418,1.175262212753296,-0.1799027919769287,-0.5892289280891418
8222,176962789,123,3,0.48105830607870814,0.0,0.0,0,False,0.9177626371383667,0.7825444936752319,-0.6856313943862915,0.9465817809104919,-0.7777543663978577,-0.6856313943862915,0.6383752822875977,-0.7834470272064209,-0.6856313943862915,0.6095561385154724,0.7768518328666687,-0.6856313943862915
8222,176962789,123,4,2.7668327869412224,0.0,0.0,0,False,0.6061367988586426,0.8119745850563049,-0.5048090219497681,0.635539174079895,-0.7798976898193359,-0.5048090219497681,-1.1019678115844727,-0.811989963054657,-0.5048090219497681,-1.131370186805725,0.7798823118209839,-0.5048090219497681
8222,277055508,124,0,1.7658545700912542,0.7062094807624817,0.0,1,True,4.000999927520752,0.0,0.0,-0.9999213814735413,-0.012537757866084576,0.0,-0.9999213814735413,-0.012537757866084576,-0.7062094807624817,-0.9999213814735413,-0.012537757866084576,-0.7062094807624817
8222,277055508,124,1,0.042937501313808024,0.0,0.0,0,False,0.8776494860649109,0.780660092830658,-0.6878070831298828,0.8851880431175232,0.17943811416625977,-0.6878070831298828,0.8137822151184082,0.17854277789592743,-0.6878070831298828,0.8062436580657959,0.779764711856842,-0.6878070831298828
8222,277055508,124,2,0.14409387385669703,0.0,0.0,0,False,0.9317301511764526,0.19201238453388214,-0.7762094736099243,0.9243749380111694,0.7786127924919128,-0.7762094736099243,1.1699786186218262,0.781692385673523,-0.7762094736099243,1.1773338317871094,0.19509194791316986,-0.7762094736099243
8222,277055508,124,3,0.030781263659661384,0.0,0.0,0,False,0.4668899476528168,-0.2257286012172699,-0.5543144941329956,0.4608722925186157,0.254195898771286,-0.5543144941329956,0.5249999165534973,0.25499996542930603,-0.5543144941329956,0.5310176014900208,-0.22492453455924988,-0.5543144941329956
8222,277055508,124,4,0.10859999143764831,0.0,0.0,0,False,0.7863935828208923,0.2700801491737366,-0.625386118888855,0.5745461583137512,0.2674238681793213,-0.625386118888855,0.5681195259094238,0.7799763679504395,-0.625386118888855,0.7799669504165649,0.78263258934021,-0.625386118888855
8222,277055508,124,5,2.450750985215537,0.0,0.0,0,False,0.4534740447998047,0.7992278337478638,-0.5048156976699829,0.47326722741127014,-0.7793320417404175,-0.5048156976699829,-1.0790120363235474,-0.7987957000732422,-0.5048156976699829,-1.0988051891326904,0.7797641754150391,-0.5048156976699829
8222,277055508,124,6,0.8839393056924649,0.0,0.0,0,False,-1.0856881141662598,-0.2663559913635254,-0.5048156976699829,0.5683777332305908,-0.24561643600463867,-0.5048156976699829,0.5750772953033447,-0.7799363732337952,-0.5048156976699829,-1.0789885520935059,-0.8006759285926819,-0.5048156976699829
8222,277055508,124,7,0.874134892383907,0.0,0.0,0,False,0.5735588073730469,0.2711730897426605,-0.5048156976699829,-1.0771222114562988,0.2504759728908539,-0.5048156976699829,-1.0837610960006714,0.779952883720398,-0.5048156976699829,0.5669199228286743,0.8006500005722046,-0.5048156976699829
8222,277055508,124,8,0.8741347939956512,0.0,0.0,0,False,0.5669199228286743,0.8006499409675598,-0.5048156976699829,0.5735588073730469,0.2711730897426605,-0.5048156976699829,-1.0771222114562988,0.2504759728908539,-0.5048156976699829,-1.0837610960006714,0.7799528241157532,-0.5048156976699829
8222,376897976,125,0,1.7559613748345637,0.7024125456809998,0.0,1,True,4.000999927520752,0.0,0.0,-0.9985012412071228,-0.05472911149263382,0.0,-0.9985012412071228,-0.05472911149263382,-0.7024125456809998,-0.9985012412071228,-0.05472911149263382,-0.7024125456809998
8222,376897976,125,1,0.14376891258076618,0.0,0.0,0,False,0.6718523502349854,0.5747604966163635,-0.5999626517295837,0.7287715077400208,-0.46369704604148865,-0.5999626517295837,0.5907415151596069,-0.4712626338005066,-0.5999626517295837,0.5338223576545715,0.5671948790550232,-0.5999626517295837
8222,376897976,125,2,0.17893916067936066,0.0,0.0,0,False,0.9285646080970764,0.127521812915802,-0.7724125385284424,0.8931824564933777,0.773048996925354,-0.7724125385284424,1.1695506572723389,0.7881971001625061,-0.7724125385284424,1.2049328088760376,0.1426699012517929,-0.7724125385284424
8222,376897976,125,3,0.02612108861927176,0.0,0.0,0,False,1.0952247381210327,-0.18409854173660278,-0.588502049446106,1.079425573348999,0.10414633899927139,-0.588502049446106,1.169775366783142,0.10909852385520935,-0.588502049446106,1.1855744123458862,-0.17914636433124542,-0.588502049446106
8222,376897976,125,4,0.31692461807483063,0.0,0.0,0,False,0.7472130656242371,-0.792485237121582,-0.6926603317260742,0.6722603440284729,0.5749837756156921,-0.6926603317260742,0.903326153755188,0.5876488089561462,-0.6926603317260742,0.9782788753509521,-0.7798202633857727,-0.6926603317260742
8222,376897976,125,5,0.5146716331158929,0.0,0.0,0,False,0.5333078503608704,0.5684276819229126,-0.5077239871025085,-1.159074068069458,0.4756658375263214,-0.5077239871025085,-1.1756929159164429,0.7788657546043396,-0.5077239871025085,0.5166890621185303,0.8716275691986084,-0.5077239871025085
8222,376897976,125,6,2.8162645166827005,0.0,0.0,0,False,0.516689121723175,0.8716273903846741,-0.5077239871025085,0.6066560745239258,-0.7697691917419434,-0.5077239871025085,-1.1039780378341675,-0.8635311722755432,-0.5077239871025085,-1.193945050239563,0.7778654098510742,-0.5077239871025085
8222,376897976,125,7,0.495823118111284,0.0,0.0,0,False,-1.0918234586715698,-0.564289927482605,-0.5077239871025085,0.5688088536262512,-0.47326868772506714,-0.5077239871025085,0.5851250886917114,-0.7709493041038513,-0.5077239871025085,-1.0755071640014648,-0.8619704842567444,-0.5077239871025085
8222,376897976,125,8,0.5146715725605748,0.0,0.0,0,False,0.5333078503608704,0.5684275031089783,-0.5077239871025085,-1.1590741872787476,0.4756659269332886,-0.5077239871025085,-1.1756929159164429,0.7788657546043396,-0.5077239871025085,0.516689121723175,0.8716273903846741,-0.5077239871025085
8222,476890945,126,0,0.7034081594172213,0.7031135559082031,0.0,1,True,1.0010000467300415,0.0,0.0,-0.9996760487556458,-0.02545291744172573,0.0,-0.9996760487556458,-0.02545291744172573,-0.7031135559082031,-0.9996760487556458,-0.02545291744172573,-0.7031135559082031
8222,476890945,126,1,0.1482550018928901,0.0,0.0,0,False,0.9335905909538269,0.18898074328899384,-0.7731135487556458,0.9185791015625,0.7785634994506836,-0.7731135487556458,1.1698737144470215,0.7849617600440979,-0.7731135487556458,1.1848851442337036,0.19537898898124695,-0.7731135487556458
8222,476890945,126,2,0.46110608440432355,0.0,0.0,0,False,0.7198542952537537,0.7857251167297363,-0.5762255191802979,0.7596936821937561,-0.7789893746376038,-0.5762255191802979,0.46519437432289124,-0.7864876389503479,-0.5762255191802979,0.4253549575805664,0.7782268524169922,-0.5762255191802979
8222,476890945,126,3,0.055134177637288895,0.0,0.0,0,False,1.1571455001831055,0.12349189072847366,-0.5638484358787537,1.1660113334655762,-0.22471964359283447,-0.5638484358787537,1.0077786445617676,-0.22874844074249268,-0.5638484358787537,0.9989127516746521,0.11946310847997665,-0.5638484358787537
8222,476890945,126,4,0.14914390173029268,0.0,0.0,0,False,0.7491509914398193,-0.3307853937149048,-0.648957371711731,0.7288933396339417,0.4648445248603821,-0.648957371711731,0.916225790977478,0.4696142077445984,-0.648957371711731,0.9364833831787109,-0.3260157108306885,-0.648957371711731
8222,476890945,126,5,2.544968802387359,0.0,0.0,0,False,0.4189699590206146,0.8204571008682251,-0.5033778548240662,0.4596353769302368,-0.7766993641853333,-0.5033778548240662,-1.1327697038650513,-0.8172438144683838,-0.5033778548240662,-1.173435091972351,0.7799126505851746,-0.5033778548240662
8222,576974913,127,0,2.1201434029798576,0.706598699092865,0.0,1,True,5.000999927520752,0.0,0.0,-0.9999797344207764,-0.006362851243466139,0.0,-0.9999797344207764,-0.006362851243466139,-0.706598699092865,-0.9999797344207764,-0.006362851243466139,-0.706598699092865
8222,576974913,127,1,0.07317661593802383,0.0,0.0,0,False,0.8846152424812317,0.7803792953491211,-0.6866294145584106,0.8884347081184387,0.18011729419231415,-0.6866294145584106,0.7665318250656128,0.1793416142463684,-0.6866294145584106,0.7627124190330505,0.7796036601066589,-0.6866294145584106
8222,576974913,127,2,0.14612685850398588,0.0,0.0,0,False,0.9305781126022339,0.17914466559886932,-0.7765986919403076,0.9267555475234985,0.779883861541748,-0.7765986919403076,1.1699907779693604,0.7814316153526306,-0.7765986919403076,1.1738133430480957,0.1806923747062683,-0.7765986919403076
8222,576974913,127,3,0.06818476518971739,0.0,0.0,0,False,0.9750078916549683,-0.22624070942401886,-0.581102728843689,0.9728066921234131,0.11969970911741257,-0.581102728843689,1.1698983907699585,0.12095379829406738,-0.581102728843689,1.1720997095108032,-0.22498661279678345,-0.581102728843689
8222,576974913,127,4,0.3137358000001713,0.0,0.0,0,False,0.7337550520896912,0.4206601679325104,-0.6156936287879944,0.7413920760154724,-0.7795774936676025,-0.6156936287879944,0.48000791668891907,-0.781240701675415,-0.6156936287879944,0.4723709225654602,0.41899698972702026,-0.6156936287879944
8222,576974913,127,5,0.40970792095199005,0.0,0.0,0,False,0.4742596745491028,0.12213189899921417,-0.6156936287879944,0.9277727603912354,0.12501764297485352,-0.6156936287879944,0.933521032333374,-0.7783550024032593,-0.6156936287879944,0.48000791668891907,-0.7812407612800598,-0.6156936287879944
8222,576974913,127,6,0.4097078458892398,0.0,0.0,0,False,0.9277728199958801,0.12501762807369232,-0.6156936287879944,0.9335209131240845,-0.7783550024032593,-0.6156936287879944,0.4800078868865967,-0.7812406420707703,-0.6156936287879944,0.47425976395606995,0.12213194370269775,-0.6156936287879944
8222,576974913,127,7,0.17793021625752203,0.0,0.0,0,False,0.4767568111419678,-0.27030694484710693,-0.6156936287879944,0.8249878883361816,-0.2680911421775818,-0.6156936287879944,0.8282389640808105,-0.7790248990058899,-0.6156936287879944,0.4800078868865967,-0.781240701675415,-0.6156936287879944
8222,576974913,127,8,0.611545761922665,0.0,0.0,0,False,0.4822905361652374,0.42001453042030334,-0.5045768022537231,-1.1683106422424316,0.409511923789978,-0.5045768022537231,-1.1706680059432983,0.7799957394599915,-0.5045768022537231,0.4799332022666931,0.7904983162879944,-0.5045768022537231
8222,676945715,128,0,1.768769382404995,0.7073698043823242,1.734723475976807e-18,1,True,4.000999927520752,0.0,0.0,-0.999968945980072,0.007879571989178658,0.0,-0.999968945980072,0.007879571989178658,-0.7073698043823242,-0.999968945980072,0.007879571989178658,-0.7073698043823242
8222,676945715,128,1,0.14622329961918368,0.0,0.0,0,False,0.9269270300865173,0.18002420663833618,-0.7773697972297668,0.9316695332527161,0.7818779945373535,-0.7773697972297668,1.1746093034744263,0.7799636721611023,-0.7773697972297668,1.1698668003082275,0.17810988426208496,-0.7773697972297668
8222,676945715,128,2,0.40620630919747036,0.0,0.0,0,False,0.9199472665786743,0.402833491563797,-0.625091016292572,0.9126288294792175,-0.5259268283843994,-0.625091016292572,0.47529199719429016,-0.5224807262420654,-0.625091016292572,0.48261046409606934,0.40627962350845337,-0.625091016292572
8222,676945715,128,3,0.4875091130006304,0.0,0.0,0,False,0.48084312677383423,0.1820027232170105,-0.625091016292572,1.1728094816207886,0.17655014991760254,-0.625091016292572,1.1672582626342773,-0.5279332995414734,-0.625091016292572,0.475291907787323,-0.5224807262420654,-0.625091016292572
8222,676945715,128,4,0.6701129310701379,0.0,0.0,0,False,0.6744183301925659,0.40617549419403076,-0.5047495365142822,-1.1278338432312012,0.4203769266605377,-0.5047495365142822,-1.1249041557312012,0.7921735644340515,-0.5047495365142822,0.6773480176925659,0.7779721617698669,-0.5047495365142822
8222,676945715,128,5,2.5272768539811157,0.0,0.0,0,False,0.4826001524925232,0.7795066833496094,-0.5047495365142822,0.470212459564209,-0.7925699949264526,-0.5047495365142822,-1.1372917890548706,-0.7799031734466553,-0.5047495365142822,-1.1249040365219116,0.7921735644340515,-0.5047495365142822
8222,777056225,129,0,1.396386568842889,0.6980192065238953,0.0,1,True,3.000999927520752,0.0,0.0,-0.9999968409538269,-0.0025065462104976177,0.0,-0.9999968409538269,-0.0025065462104976177,-0.6980192065238953,-0.9999968409538269,-0.0025065462104976177,-0.6980192065238953
8222,777056225,129,1,0.13814132036012694,0.0,0.0,0,False,1.1699997186660767,0.7051128149032593,-0.7680191993713379,1.1712782382965088,0.19504079222679138,-0.7680191993713379,0.9004528522491455,0.19436195492744446,-0.7680191993713379,0.8991743326187134,0.7044339776039124,-0.7680191993713379
8222,777056225,129,2,0.06759067950971187,0.0,0.0,0,False,0.9751140475273132,-0.22548846900463104,-0.5758882761001587,0.9742480516433716,0.11999811977148056,-0.5758882761001587,1.1698858737945557,0.1204884946346283,-0.5758882761001587,1.170751929283142,-0.2249981015920639,-0.5758882761001587
8222,777056225,129,3,0.2528421702170167,0.0,0.0,0,False,0.869246780872345,0.4204868972301483,-0.6410965919494629,0.87135249376297,-0.4195829927921295,-0.6410965919494629,0.5703768134117126,-0.42033740878105164,-0.6410965919494629,0.5682711601257324,0.4197324812412262,-0.6410965919494629
8222,777056225,129,4,0.6937331354295759,0.0,0.0,0,False,0.7809004187583923,0.42075419425964355,-0.5061941146850586,-1.1248395442962646,0.4159773886203766,-0.5061941146850586,-1.1257519721984863,0.7799980640411377,-0.5061941146850586,0.7799879908561707,0.784774899482727,-0.5061941146850586
8222,777056225,129,5,2.652972751611234,0.0,0.0,0,False,0.5670942664146423,0.7842413187026978,-0.5061941146850586,0.5710151195526123,-0.7799974679946899,-0.5061941146850586,-1.12498939037323,-0.7842485904693604,-0.5061941146850586,-1.1289103031158447,0.7799901962280273,-0.5061941146850586
8222,777056225,129,6,0.6771978244936205,0.0,0.0,0,False,-1.1258788108825684,-0.4293886721134186,-0.5061941146850586,0.7796355485916138,-0.424612432718277,-0.5061941146850586,0.780526340007782,-0.7799986600875854,-0.5061941146850586,-1.124988079071045,-0.784774899482727,-0.5061941146850586
8222,876999026,130,0,1.7627430197046259,0.7049652338027954,1.734723475976807e-18,1,True,4.000999927520752,0.0,0.0,-0.999920129776001,0.012640492059290409,0.0,-0.999920129776001,0.012640492059290409,-0.7049652338027954,-0.999920129776001,0.012640492059290409,-0.7049652338027954
8222,876999026,130,1,0.14756326100623252,0.0,0.0,0,False,0.9250707030296326,0.18006230890750885,-0.774965226650238,0.9326927065849304,0.7829999923706055,-0.774965226650238,1.177394151687622,0.7799065709114075,-0.774965226650238,1.1697720289230347,0.17696891725063324,-0.774965226650238
8222,876999026,130,2,0.041702118245937836,0.0,0.0,0,False,0.7745018005371094,0.18006949126720428,-0.6874104142189026,0.7800143957138062,0.6161375641822815,-0.6874104142189026,0.8756312131881714,0.6149288415908813,-0.6874104142189026,0.8701186776161194,0.17886075377464294,-0.6874104142189026
8222,876999026,130,3,0.10577079497690667,0.0,0.0,0,False,0.870040774345398,0.12322307378053665,-0.6311834454536438,1.1737847328186035,0.1193832978606224,-0.6311834454536438,1.1693832874298096,-0.22878466546535492,-0.6311834454536438,0.8656394481658936,-0.22494488954544067,-0.6311834454536438
8222,876999026,130,4,0.10942164810578969,0.0,0.0,0,False,0.7469444274902344,0.46484899520874023,-0.6311834454536438,0.7350000739097595,-0.4800000488758087,-0.6311834454536438,0.6192099452018738,-0.4785362780094147,-0.6311834454536438,0.6311543583869934,0.4663127660751343,-0.6311834454536438
8222,876999026,130,5,0.3834341574489084,0.0,0.0,0,False,0.6300168037414551,0.18132714927196503,-0.6311834454536438,1.1744807958602905,0.17444433271884918,-0.6311834454536438,1.1655795574188232,-0.5296846628189087,-0.6311834454536438,0.6211155652999878,-0.5228018760681152,-0.6311834454536438
8222,876999026,130,6,0.29238779710763296,0.0,0.0,0,False,0.7187042832374573,0.6175014972686768,-0.5052735209465027,-1.080439567565918,0.6402450203895569,-0.5052735209465027,-1.0783854722976685,0.8027340173721313,-0.5052735209465027,0.7207583785057068,0.7799904942512512,-0.5052735209465027
8222,976922578,131,0,1.065222464186837,0.7099093794822693,4.336808689942018e-19,1,True,4.000999927520752,0.0,0.0,0.9999926686286926,-0.003821576712653041,0.0,0.9999926686286926,-0.003821576712653041,-0.7099093794822693,0.9999926686286926,-0.003821576712653041,-0.7099093794822693
8222,976922578,131,1,0.14473467586246347,0.0,0.0,0,False,1.1722354888916016,0.7799913883209229,-0.7799093723297119,1.1699390411376953,0.17908301949501038,-0.7799093723297119,0.9290827512741089,0.18000347912311554,-0.7799093723297119,0.9313791990280151,0.7809118628501892,-0.7799093723297119
8222,976922578,131,2,0.3723083247122787,0.0,0.0,0,False,0.917232096195221,0.4040742516517639,-0.6204810738563538,0.9138509035110474,-0.48068350553512573,-0.6204810738563538,0.49305447936058044,-0.4790753722190857,-0.6204810738563538,0.4964357018470764,0.40568238496780396,-0.6204810738563538
8222,976922578,131,3,0.4462528789089246,0.0,0.0,0,False,0.49557745456695557,0.1810869574546814,-0.6204810738563538,1.1715420484542847,0.17850369215011597,-0.6204810738563538,1.169019103050232,-0.4816586673259735,-0.6204810738563538,0.4930545687675476,-0.4790754020214081,-0.6204810738563538
8222,976922578,131,4,0.6991885014213759,0.0,0.0,0,False,0.7794004082679749,0.41312339901924133,-0.506104052066803,-1.1263742446899414,0.4204065501689911,-0.506104052066803,-1.1249722242355347,0.7872800827026367,-0.506104052066803,0.7808024883270264,0.779996931552887,-0.506104052066803
8222,976922578,131,5,2.5229444805368484,0.0,0.0,0,False,0.4859616756439209,0.7799772024154663,-0.506104052066803,0.4799765944480896,-0.7861335277557373,-0.506104052066803,-1.1309616565704346,-0.7799771428108215,-0.506104052066803,-1.1249765157699585,0.7861335873603821,-0.506104052066803
8223,77026672,132,0,1.4162295722462663,0.7079591751098633,0.0,1,True,3.000999927520752,0.0,0.0,-0.9998390674591064,0.01793825440108776,0.0,-0.9998390674591064,0.01793825440108776,-0.7079591751098633,-0.9998390674591064,0.01793825440108776,-0.7079591751098633
8223,77026672,132,1,0.15291033065533188,0.0,0.0,0,False,0.9115074276924133,0.1803317815065384,-0.7779591679573059,0.9223458766937256,0.7844431400299072,-0.7779591679573059,1.1753805875778198,0.7799034118652344,-0.7779591679573059,1.1645420789718628,0.17579203844070435,-0.7779591679573059
8223,77026672,132,2,0.3881055925156143,0.0,0.0,0,False,0.887962281703949,0.3711791932582855,-0.6279674768447876,0.8699999451637268,-0.6299999356269836,-0.6279674768447876,0.48247620463371277,-0.6230473518371582,-0.6279674768447876,0.5004385113716125,0.37813183665275574,-0.6279674768447876
8223,77026672,132,3,0.5486330674506412,0.0,0.0,0,False,0.49696049094200134,0.1842707097530365,-0.6279674768447876,1.176316738128662,0.17208224534988403,-0.6279674768447876,1.1618324518203735,-0.6352357864379883,-0.6279674768447876,0.48247623443603516,-0.6230472922325134,-0.6279674768447876
8223,77026672,132,4,0.769777999788607,0.0,0.0,0,False,0.821427583694458,0.38588619232177734,-0.5060660243034363,-1.1314421892166138,0.4209229052066803,-0.5060660243034363,-1.1243724822998047,0.8149738907814026,-0.5060660243034363,0.8284973502159119,0.779937207698822,-0.5060660243034363
8223,177100723,133,0,1.0637496034548866,0.708972156047821,3.469446951953614e-18,1,True,2.000999927520752,0.0,0.0,-0.9997330904006958,0.023102449253201485,0.0,-0.9997330904006958,0.023102449253201485,-0.708972156047821,-0.9997330904006958,0.023102449253201485,-0.708972156047821
8223,177100723,133,1,0.15117757487156513,0.0,0.0,0,False,0.9251737594604492,0.16615143418312073,-0.7789721488952637,0.9394820332527161,0.7853268980979919,-0.7789721488952637,1.1835112571716309,0.7796877026557922,-0.7789721488952637,1.1692029237747192,0.16051225364208221,-0.7789721488952637
8223,177100723,133,2,0.06927098059233061,0.0,0.0,0,False,0.9680951237678528,-0.22380053997039795,-0.5853212475776672,0.9760633111000061,0.12101531028747559,-0.5853212475776672,1.1768487691879272,0.11637543886899948,-0.5853212475776672,1.168880581855774,-0.22844041883945465,-0.5853212475776672
8223,177100723,133,3,0.30322843871070226,0.0,0.0,0,False,0.8848250508308411,0.4165377616882324,-0.6504684090614319,0.857109546661377,-0.7828217148780823,-0.6504684090614319,0.6044191718101501,-0.7769824266433716,-0.6504684090614319,0.6321346759796143,0.4223770797252655,-0.6504684090614319
8223,177100723,133,4,0.6121761469242273,0.0,0.0,0,False,0.6299439072608948,0.4325748682022095,-0.5088524222373962,-1.1320874691009521,0.4732929468154907,-0.5088524222373962,-1.12406325340271,0.8205338716506958,-0.5088524222373962,0.6379681825637817,0.7798157930374146,-0.5088524222373962
8223,177100723,133,5,2.8386083246361835,0.0,0.0,0,False,0.6379681825637817,0.7798157930374146,-0.5088524222373962,0.6009773015975952,-0.8209248185157776,-0.5088524222373962,-1.171385645866394,-0.7799679636955261,-0.5088524222373962,-1.1343947649002075,0.8207725882530212,-0.5088524222373962
8223,277014942,134,0,0.6931817069094356,0.6928650736808777,0.0,1,True,1.0010000467300415,0.0,0.0,-0.9998279809951782,0.01854638196527958,0.0,-0.9998279809951782,0.01854638196527958,-0.6928650736808777,-0.9998279809951782,0.01854638196527958,-0.6928650736808777
8223,277014942,134,1,0.4031090463440563,0.0,0.0,0,False,0.8886255025863647,0.7796544432640076,-0.6430766582489014,0.8596156239509583,-0.7842592000961304,-0.6430766582489014,0.6019476652145386,-0.7794795632362366,-0.6430766582489014,0.6309576034545898,0.7844340801239014,-0.6430766582489014
8223,277014942,134,2,0.06821143286989773,0.0,0.0,0,False,0.9713995456695557,-0.22409847378730774,-0.5750425457954407,0.9777969717979431,0.12078285217285156,-0.5750425457954407,1.1755112409591675,0.11711534112691879,-0.5750425457954407,1.1691138744354248,-0.2277659922838211,-0.5750425457954407
8223,277014942,134,3,0.05557390980029142,0.0,0.0,0,False,0.8750017285346985,0.1660202443599701,-0.7628650665283203,0.8853086829185486,0.721663773059845,-0.7628650665283203,0.9852914810180664,0.7198091149330139,-0.7628650665283203,0.9749845266342163,0.16416560113430023,-0.7628650665283203
8223,277014942,134,4,2.719133695865926,0.0,0.0,0,False,0.6300000548362732,0.7799999713897705,-0.5083758234977722,0.6004844307899475,-0.8111721873283386,-0.5083758234977722,-1.107814908027649,-0.77948397397995,-0.5083758234977722,-1.0782992839813232,0.811688244342804,-0.5083758234977722
8223,377024827,135,0,1.4018655962683404,0.7007759213447571,3.469446951953614e-18,1,True,3.000999927520752,0.0,0.0,-0.9998607039451599,0.016690693795681,0.0,-0.9998607039451599,0.016690693795681,-0.7007759213447571,-0.9998607039451599,0.016690693795681,-0.7007759213447571
8223,377024827,135,1,0.18096294569839566,0.0,0.0,0,False,0.8613013625144958,0.19890111684799194,-0.7707759141921997,0.8710849285125732,0.7849897742271423,-0.7707759141921997,1.1797627210617065,0.7798370122909546,-0.7707759141921997,1.1699790954589844,0.1937483698129654,-0.7707759141921997
8223,377024827,135,2,0.3272618663892004,0.0,0.0,0,False,0.8417717814445496,0.7797200083732605,-0.6310766935348511,0.8209613561630249,-0.46693575382232666,-0.6310766935348511,0.5585227012634277,-0.4625548720359802,-0.6310766935348511,0.5793330669403076,0.7841008901596069,-0.6310766935348511
8223,377024827,135,3,0.3616735789938934,0.0,0.0,0,False,0.5725867748260498,0.18496470153331757,-0.6310766935348511,1.1309367418289185,0.175644189119339,-0.6310766935348511,1.120126724243164,-0.4719296991825104,-0.6310766935348511,0.561776876449585,-0.462609201669693,-0.6310766935348511
8223,377024827,135,4,2.668746485106352,0.0,0.0,0,False,0.5760077834129333,0.7798996567726135,-0.5046433806419373,0.5495017766952515,-0.8079524040222168,-0.5046433806419373,-1.130757451057434,-0.7799038887023926,-0.5046433806419373,-1.1042513847351074,0.8079481720924377,-0.5046433806419373
8223,477072920,136,0,1.0404436739150644,0.6935250163078308,0.0,1,True,2.000999927520752,0.0,0.0,-0.9991757869720459,0.04059217497706413,0.0,-0.9991757869720459,0.04059217497706413,-0.6935250163078308,-0.9991757869720459,0.04059217497706413,-0.6935250163078308
8223,477072920,136,1,0.25372067959580136,0.0,0.0,0,False,0.9118215441703796,0.41159772872924805,-0.6581437587738037,0.873641848564148,-0.528194785118103,-0.6581437587738037,0.6041114926338196,-0.5172449946403503,-0.6581437587738037,0.6422911882400513,0.4225475788116455,-0.6581437587738037
8223,477072920,136,2,0.07224429151964218,0.0,0.0,0,False,0.9610813856124878,-0.2226063758134842,-0.5776724219322205,0.9752471446990967,0.12608380615711212,-0.5776724219322205,1.1820933818817139,0.11768054217100143,-0.5776724219322205,1.167927622795105,-0.23100964725017548,-0.5776724219322205
8223,477072920,136,3,0.10953896725528622,0.0,0.0,0,False,1.163421869277954,0.4080795347690582,-0.7635250091552734,0.8691107034683228,0.4200361371040344,-0.7635250091552734,0.8842061758041382,0.7916105389595032,-0.7635250091552734,1.17851722240448,0.7796539664268494,-0.7635250091552734
8223,477072920,136,4,2.803779687917684,0.0,0.0,0,False,0.6439927220344543,0.7794315218925476,-0.5080331563949585,0.5778293609619141,-0.8491785526275635,-0.5080331563949585,-1.1409121751785278,-0.7793534994125366,-0.5080331563949585,-1.0747488737106323,0.8492565751075745,-0.5080331563949585
8223,477072920,136,5,0.6481248368060264,0.0,0.0,0,False,-1.1176061630249023,-0.4480031132698059,-0.5080331563949585,0.8328309059143066,-0.527240514755249,-0.5080331563949585,0.8193534016609192,-0.8589901924133301,-0.5080331563949585,-1.131083607673645,-0.7797528505325317,-0.5080331563949585
8223,576932305,137,0,1.4632625841486826,0.5852251648902893,0.0,1,True,4.000999927520752,0.0,0.0,-0.9996030926704407,0.028172045946121216,0.0,-0.9996030926704407,0.028172045946121216,-0.5852251648902893,-0.9996030926704407,0.028172045946121216,-0.5852251648902893
8223,576932305,137,1,0.1046828929430581,0.0,0.0,0,False,0.6150357127189636,0.46753549575805664,-0.5724179744720459,0.5912377238273621,-0.37686678767204285,-0.5724179744720459,0.4673633575439453,-0.37337562441825867,-0.5724179744720459,0.4911613166332245,0.4710266590118408,-0.5724179744720459
8223,576932305,137,2,0.3190832195707074,0.0,0.0,0,False,0.90876704454422,0.6139074563980103,-0.6552251577377319,0.8693040609359741,-0.7863215804100037,-0.6552251577377319,0.6416056156158447,-0.779904305934906,-0.6552251577377319,0.6810685992240906,0.6203247308731079,-0.6552251577377319
8223,576932305,137,3,0.08350986924226067,0.0,0.0,0,False,0.9357664585113525,-0.22262603044509888,-0.5918001532554626,0.9459400773048401,0.13835549354553223,-0.5918001532554626,1.1770975589752197,0.13184073567390442,-0.5918001532554626,1.166923999786377,-0.22914078831672668,-0.5918001532554626
8223,576932305,137,4,0.5671822193413893,0.0,0.0,0,False,0.6741847395896912,0.46607235074043274,-0.5035836696624756,-1.1324124336242676,0.5169878602027893,-0.5035836696624756,-1.1235713958740234,0.8306892514228821,-0.5035836696624756,0.6830257773399353,0.7797737717628479,-0.5035836696624756
8223,576932305,137,5,2.604132571266871,0.0,0.0,0,False,0.4974900484085083,0.7778159976005554,-0.5035836696624756,0.4523329436779022,-0.8244542479515076,-0.5035836696624756,-1.1716538667678833,-0.7786850929260254,-0.5035836696624756,-1.1264967918395996,0.8235851526260376,-0.5035836696624756
8223,576932305,137,6,0.8078773259431422,0.0,0.0,0,False,-1.1589868068695068,-0.32923102378845215,-0.5035836696624756,0.6370500326156616,-0.3798489272594452,-0.5035836696624756,0.6243829727172852,-0.8293030261993408,-0.5035836696624756,-1.1716538667678833,-0.7786851525306702,-0.5035836696624756
8223,576932305,137,7,0.2951301296771067,0.0,0.0,0,False,0.7197262048721313,0.6202844977378845,-0.5035836696624756,-1.1280336380004883,0.6723603010177612,-0.5035836696624756,-1.1235356330871582,0.8319567441940308,-0.5035836696624756,0.7242241501808167,0.779880940914154,-0.5035836696624756
8223,676983607,138,0,1.7252005535567527,0.6900938749313354,0.0,1,True,4.000999927520752,0.0,0.0,-0.9986266493797302,0.052391327917575836,0.0,-0.9986266493797302,0.052391327917575836,-0.6900938749313354,-0.9986266493797302,0.052391327917575836,-0.6900938749313354
8223,676983607,138,1,0.14829282375484176,0.0,0.0,0,False,0.47166216373443604,-0.26484084129333496,-0.5876928567886353,0.5077625513076782,0.4232652485370636,-0.5876928567886353,0.7226796746253967,0.4119899570941925,-0.5876928567886353,0.6865792870521545,-0.27611613273620605,-0.5876928567886353
8223,676983607,138,2,0.07283784126162285,0.0,0.0,0,False,0.9594277143478394,-0.22182217240333557,-0.5783705711364746,0.9777661561965942,0.12772439420223236,-0.5783705711364746,1.1855722665786743,0.11682217568159103,-0.5783705711364746,1.1672338247299194,-0.2327243834733963,-0.5783705711364746
8223,676983607,138,3,0.3372866840039954,0.0,0.0,0,False,0.6756029725074768,-0.6671621203422546,-0.6809785962104797,0.7521394491195679,0.7916919589042664,-0.6809785962104797,0.9827045798301697,0.7795957326889038,-0.6809785962104797,0.9061681032180786,-0.6792583465576172,-0.6809785962104797
8223,676983607,138,4,0.04044438619923163,0.0,0.0,0,False,0.8348938822746277,-0.6700104475021362,-0.7600938677787781,0.8560832738876343,-0.266122043132782,-0.7600938677787781,0.9559459090232849,-0.27136117219924927,-0.7600938677787781,0.9347565770149231,-0.6752495765686035,-0.7600938677787781
8223,676983607,138,5,2.633291284438968,0.0,0.0,0,False,0.5249999761581421,0.7799999713897705,-0.5089298486709595,0.4388527274131775,-0.8620449900627136,-0.5089298486709595,-1.1604112386703491,-0.7781422138214111,-0.5089298486709595,-1.0742639303207397,0.863902747631073,-0.5089298486709595
8223,676983607,138,6,1.0889791481686797,0.0,0.0,0,False,-1.1291917562484741,-0.18307165801525116,-0.5089298486709595,0.6957852244377136,-0.27881622314453125,-0.5089298486709595,0.6645657420158386,-0.87388676404953,-0.5089298486709595,-1.1604112386703491,-0.7781422138214111,-0.5089298486709595
8223,676983607,138,7,0.6637546207563405,0.0,0.0,0,False,0.7141048312187195,0.41263148188591003,-0.5089298486709595,-1.0911568403244019,0.5073416829109192,-0.5089298486709595,-1.0719201564788818,0.8740102648735046,-0.5089298486709595,0.7333415150642395,0.7793000340461731,-0.5089298486709595
8223,676983607,138,8,0.3839646430784356,0.0,0.0,0,False,-1.1496810913085938,-0.5736185908317566,-0.5089298486709595,0.7225266695022583,-0.6718409657478333,-0.5089298486709595,0.7117966413497925,-0.8763645887374878,-0.5089298486709595,-1.1604111194610596,-0.7781422138214111,-0.5089298486709595
8223,776959950,139,0,1.1735427585826064,0.5866277813911438,8.673617379884035e-19,1,True,3.000999927520752,0.0,0.0,-0.9999722838401794,-0.007446782197803259,0.0,-0.9999722838401794,-0.007446782197803259,-0.5866277813911438,-0.9999722838401794,-0.007446782197803259,-0.5866277813911438
8223,776959950,139,1,0.2564321456461851,0.0,0.0,0,False,0.8808605074882507,0.6757511496543884,-0.6566277742385864,0.8897972106933594,-0.5242940187454224,-0.6566277742385864,0.6761236786842346,-0.5258852243423462,-0.6566277742385864,0.6671869158744812,0.6741599440574646,-0.6566277742385864
8223,776959950,139,2,0.05790921143114569,0.0,0.0,0,False,0.9457943439483643,-0.1816696673631668,-0.59050053358078,0.9438871741294861,0.07443319261074066,-0.59050053358078,1.1699916124343872,0.07611698657274246,-0.59050053358078,1.1718988418579102,-0.1799858659505844,-0.59050053358078
8223,776959950,139,3,0.1993984765693373,0.0,0.0,0,False,0.5703350901603699,0.6750024557113647,-0.5041415691375732,-1.1249059438705444,0.662378191947937,-0.5041415691375732,-1.1257818937301636,0.7799941301345825,-0.5041415691375732,0.5694591999053955,0.792618453502655,-0.5041415691375732
8223,776959950,139,4,2.835486007643423,0.0,0.0,0,False,0.6655174493789673,0.7933339476585388,-0.5041415691375732,0.6772339940071106,-0.7799832820892334,-0.5041415691375732,-1.124900221824646,-0.7934038639068604,-0.5041415691375732,-1.1366167068481445,0.7799133658409119,-0.5041415691375732
8223,776959950,139,5,0.41780545570976635,0.0,0.0,0,False,-1.1266270875930786,-0.5614909529685974,-0.5041415691375732,0.6748366951942444,-0.5480756163597107,-0.5041415691375732,0.6765637397766113,-0.7799882888793945,-0.5041415691375732,-1.1249001026153564,-0.7934036254882812,-0.5041415691375732
8223,876931627,140,0,1.3102374164136166,0.6549787521362305,3.469446951953614e-18,1,True,3.000999927520752,0.0,0.0,-0.9998064041137695,0.019677337259054184,0.0,-0.9998064041137695,0.019677337259054184,-0.6549787521362305,-0.9998064041137695,0.019677337259054184,-0.6549787521362305
8223,876931627,140,1,0.07363474443550011,0.0,0.0,0,False,0.6164426803588867,-0.41884756088256836,-0.6289239525794983,0.6329684257507324,0.4208272695541382,-0.6289239525794983,0.7206288576126099,0.4191020131111145,-0.6289239525794983,0.7041030526161194,-0.42057281732559204,-0.6289239525794983
8223,876931627,140,2,0.5929026197600713,0.0,0.0,0,False,1.1129451990127563,0.7802372574806213,-0.7249787449836731,1.082161545753479,-0.7838804721832275,-0.7249787449836731,0.7032430768013,-0.776422917842865,-0.7249787449836731,0.7340267896652222,0.7876948118209839,-0.7249787449836731
8223,876931627,140,3,0.03296408329546896,0.0,0.0,0,False,1.0850193500518799,-0.22303228080272675,-0.5830733776092529,1.091505765914917,0.1065448746085167,-0.5830733776092529,1.1914863586425781,0.10457713901996613,-0.5830733776092529,1.184999942779541,-0.2250000238418579,-0.5830733776092529
8223,876931627,140,4,2.8800713187532523,0.0,0.0,0,False,0.6370824575424194,0.7798606157302856,-0.5057044625282288,0.6056948304176331,-0.8149477243423462,-0.5057044625282288,-1.1995102167129517,-0.7794193029403687,-0.5057044625282288,-1.16812264919281,0.815389096736908,-0.5057044625282288
8223,876931627,140,5,0.7297454277847288,0.0,0.0,0,False,-1.1634010076522827,-0.3847038447856903,-0.5057044625282288,0.6820650696754456,-0.42102473974227905,-0.5057044625282288,0.6742856502532959,-0.816297709941864,-0.5057044625282288,-1.1711803674697876,-0.7799768447875977,-0.5057044625282288
8223,876931627,140,6,0.6212968425860854,0.0,0.0,0,False,0.6742914319038391,0.44399750232696533,-0.5057044625282288,-1.1747158765792847,0.4803880453109741,-0.5057044625282288,-1.1681052446365356,0.8162744045257568,-0.5057044625282288,0.6809020638465881,0.7798838019371033,-0.5057044625282288
