cell_index,x_index,y_index,x_m,y_m,elevation_observations,elevation_median,slope_observations,slope_median,accessibility_observations,accessibility_median
0,0,0,1.485,1.485,0,nan,142,0.0,142,0.0
1,1,0,1.455,1.485,0,nan,142,0.0,142,0.0
2,2,0,1.425,1.485,0,nan,142,0.0,142,0.0
3,3,0,1.395,1.485,0,nan,142,0.0,142,0.0
4,4,0,1.365,1.485,0,nan,142,0.0,142,0.0
5,5,0,1.335,1.485,0,nan,142,0.0,142,0.0
6,6,0,1.305,1.485,0,nan,142,0.0,142,0.0
7,7,0,1.275,1.485,0,nan,142,0.0,142,0.0
8,8,0,1.245,1.485,0,nan,142,0.0,142,0.0
9,9,0,1.215,1.485,0,nan,142,0.0,142,0.0
10,10,0,1.185,1.485,0,nan,142,0.0,142,0.0
11,11,0,1.155,1.485,0,nan,142,0.0,142,0.0
12,12,0,1.125,1.485,0,nan,142,0.0,142,0.0
13,13,0,1.095,1.485,0,nan,142,0.0,142,0.0
14,14,0,1.065,1.485,0,nan,142,0.0,142,0.0
15,15,0,1.0350000000000001,1.485,0,nan,142,0.0,142,0.0
16,16,0,1.005,1.485,0,nan,142,0.0,142,0.0
17,17,0,0.975,1.485,0,nan,142,0.0,142,0.0
18,18,0,0.9450000000000001,1.485,0,nan,142,0.0,142,0.0
19,19,0,0.915,1.485,0,nan,142,0.0,142,0.0
20,20,0,0.885,1.485,0,nan,142,0.0,142,0.0
21,21,0,0.855,1.485,0,nan,142,0.0,142,0.0
22,22,0,0.8250000000000001,1.485,0,nan,142,0.0,142,0.0
23,23,0,0.795,1.485,0,nan,142,0.0,142,0.0
24,24,0,0.765,1.485,0,nan,142,0.0,142,0.0
25,25,0,0.735,1.485,0,nan,142,0.0,142,0.0
26,26,0,0.7050000000000001,1.485,0,nan,142,0.0,142,0.0
27,27,0,0.675,1.485,0,nan,142,0.0,142,0.0
28,28,0,0.645,1.485,0,nan,142,0.0,142,0.0
29,29,0,0.615,1.485,0,nan,142,0.0,142,0.0
30,30,0,0.5850000000000001,1.485,0,nan,142,0.0,142,0.0
31,31,0,0.555,1.485,0,nan,142,0.0,142,0.0
32,32,0,0.525,1.485,0,nan,142,0.0,142,0.0
33,33,0,0.4950000000000001,1.485,0,nan,142,0.0,142,0.0
34,34,0,0.4650000000000001,1.485,0,nan,142,0.0,142,0.0
35,35,0,0.43500000000000005,1.485,0,nan,142,0.0,142,0.0
36,36,0,0.405,1.485,0,nan,142,0.0,142,0.0
37,37,0,0.375,1.485,0,nan,142,0.0,142,0.0
38,38,0,0.345,1.485,0,nan,142,0.0,142,0.0
39,39,0,0.31499999999999995,1.485,0,nan,142,0.0,142,0.0
40,40,0,0.28500000000000014,1.485,0,nan,142,0.0,142,0.0
41,41,0,0.2550000000000001,1.485,0,nan,142,0.0,142,0.0
42,42,0,0.2250000000000001,1.485,0,nan,142,0.0,142,0.0
43,43,0,0.19500000000000006,1.485,0,nan,142,0.0,142,0.0
44,44,0,0.16500000000000004,1.485,0,nan,142,0.0,142,0.0
45,45,0,0.135,1.485,0,nan,142,0.0,142,0.0
46,46,0,0.10499999999999998,1.485,0,nan,142,0.0,142,0.0
47,47,0,0.07499999999999996,1.485,0,nan,142,0.0,142,0.0
48,48,0,0.04500000000000015,1.485,0,nan,142,0.0,142,0.0
49,49,0,0.015000000000000124,1.485,0,nan,142,0.0,142,0.0
50,50,0,-0.014999999999999902,1.485,0,nan,142,0.0,142,0.0
51,51,0,-0.04499999999999993,1.485,0,nan,142,0.0,142,0.0
52,52,0,-0.07499999999999996,1.485,0,nan,142,0.0,142,0.0
53,53,0,-0.10499999999999998,1.485,0,nan,142,0.0,142,0.0
54,54,0,-0.135,1.485,0,nan,142,0.0,142,0.0
55,55,0,-0.16500000000000004,1.485,0,nan,142,0.0,142,0.0
56,56,0,-0.19499999999999984,1.485,0,nan,142,0.0,142,0.0
57,57,0,-0.22499999999999987,1.485,0,nan,142,0.0,142,0.0
58,58,0,-0.2549999999999999,1.485,0,nan,142,0.0,142,0.0
59,59,0,-0.2849999999999999,1.485,0,nan,142,0.0,142,0.0
60,60,0,-0.31499999999999995,1.485,0,nan,142,0.0,142,0.0
61,61,0,-0.345,1.485,0,nan,142,0.0,142,0.0
62,62,0,-0.375,1.485,0,nan,142,0.0,142,0.0
63,63,0,-0.405,1.485,0,nan,142,0.0,142,0.0
64,64,0,-0.43499999999999983,1.485,0,nan,142,0.0,142,0.0
65,65,0,-0.46499999999999986,1.485,0,nan,142,0.0,142,0.0
66,66,0,-0.4949999999999999,1.485,0,nan,142,0.0,142,0.0
67,67,0,-0.5249999999999999,1.485,0,nan,142,0.0,142,0.0
68,68,0,-0.5549999999999997,1.485,0,nan,142,0.0,142,0.0
69,69,0,-0.585,1.485,0,nan,142,0.0,142,0.0
70,70,0,-0.6149999999999998,1.485,0,nan,142,0.0,142,0.0
71,71,0,-0.645,1.485,0,nan,142,0.0,142,0.0
72,72,0,-0.6749999999999998,1.485,0,nan,142,0.0,142,0.0
73,73,0,-0.7050000000000001,1.485,0,nan,142,0.0,142,0.0
74,74,0,-0.7349999999999999,1.485,0,nan,142,0.0,142,0.0
75,75,0,-0.7650000000000001,1.485,0,nan,142,0.0,142,0.0
76,76,0,-0.7949999999999999,1.485,0,nan,142,0.0,142,0.0
77,77,0,-0.8249999999999997,1.485,0,nan,142,0.0,142,0.0
78,78,0,-0.855,1.485,0,nan,142,0.0,142,0.0
79,79,0,-0.8849999999999998,1.485,0,nan,142,0.0,142,0.0
80,80,0,-0.915,1.485,0,nan,142,0.0,142,0.0
81,81,0,-0.9449999999999998,1.485,0,nan,142,0.0,142,0.0
82,82,0,-0.9750000000000001,1.485,0,nan,142,0.0,142,0.0
83,83,0,-1.005,1.485,0,nan,142,0.0,142,0.0
84,84,0,-1.0349999999999997,1.485,0,nan,142,0.0,142,0.0
85,85,0,-1.065,1.485,0,nan,142,0.0,142,0.0
86,86,0,-1.0949999999999998,1.485,0,nan,142,0.0,142,0.0
87,87,0,-1.125,1.485,0,nan,142,0.0,142,0.0
88,88,0,-1.1549999999999998,1.485,0,nan,142,0.0,142,0.0
89,89,0,-1.185,1.485,0,nan,142,0.0,142,0.0
90,90,0,-1.2149999999999999,1.485,0,nan,142,0.0,142,0.0
91,91,0,-1.245,1.485,0,nan,142,0.0,142,0.0
92,92,0,-1.275,1.485,0,nan,142,0.0,142,0.0
93,93,0,-1.3049999999999997,1.485,0,nan,142,0.0,142,0.0
94,94,0,-1.335,1.485,0,nan,142,0.0,142,0.0
95,95,0,-1.3649999999999998,1.485,0,nan,142,0.0,142,0.0
96,96,0,-1.395,1.485,0,nan,142,0.0,142,0.0
97,97,0,-1.4249999999999998,1.485,0,nan,142,0.0,142,0.0
98,98,0,-1.455,1.485,0,nan,142,0.0,142,0.0
99,99,0,-1.4849999999999999,1.485,0,nan,142,0.0,142,0.0
100,0,1,1.485,1.455,0,nan,142,0.0,142,0.0
101,1,1,1.455,1.455,0,nan,142,0.0,142,0.0
102,2,1,1.425,1.455,0,nan,142,0.0,142,0.0
103,3,1,1.395,1.455,0,nan,142,0.0,142,0.0
104,4,1,1.365,1.455,0,nan,142,0.0,142,0.0
105,5,1,1.335,1.455,0,nan,142,0.0,142,0.0
106,6,1,1.305,1.455,0,nan,142,0.0,142,0.0
107,7,1,1.275,1.455,0,nan,142,0.0,142,0.0
108,8,1,1.245,1.455,0,nan,142,0.0,142,0.0
109,9,1,1.215,1.455,0,nan,142,0.0,142,0.0
110,10,1,1.185,1.455,0,nan,142,0.0,142,0.0
111,11,1,1.155,1.455,0,nan,142,0.0,142,0.0
112,12,1,1.125,1.455,0,nan,142,0.0,142,0.0
113,13,1,1.095,1.455,0,nan,142,0.0,142,0.0
114,14,1,1.065,1.455,0,nan,142,0.0,142,0.0
115,15,1,1.0350000000000001,1.455,0,nan,142,0.0,142,0.0
116,16,1,1.005,1.455,0,nan,142,0.0,142,0.0
117,17,1,0.975,1.455,0,nan,142,0.0,142,0.0
118,18,1,0.9450000000000001,1.455,0,nan,142,0.0,142,0.0
119,19,1,0.915,1.455,0,nan,142,0.0,142,0.0
120,20,1,0.885,1.455,0,nan,142,0.0,142,0.0
121,21,1,0.855,1.455,0,nan,142,0.0,142,0.0
122,22,1,0.8250000000000001,1.455,0,nan,142,0.0,142,0.0
123,23,1,0.795,1.455,0,nan,142,0.0,142,0.0
124,24,1,0.765,1.455,0,nan,142,0.0,142,0.0
125,25,1,0.735,1.455,0,nan,142,0.0,142,0.0
126,26,1,0.7050000000000001,1.455,0,nan,142,0.0,142,0.0
127,27,1,0.675,1.455,0,nan,142,0.0,142,0.0
128,28,1,0.645,1.455,0,nan,142,0.0,142,0.0
129,29,1,0.615,1.455,0,nan,142,0.0,142,0.0
130,30,1,0.5850000000000001,1.455,0,nan,142,0.0,142,0.0
131,31,1,0.555,1.455,0,nan,142,0.0,142,0.0
132,32,1,0.525,1.455,0,nan,142,0.0,142,0.0
133,33,1,0.4950000000000001,1.455,0,nan,142,0.0,142,0.0
134,34,1,0.4650000000000001,1.455,0,nan,142,0.0,142,0.0
135,35,1,0.43500000000000005,1.455,0,nan,142,0.0,142,0.0
136,36,1,0.405,1.455,0,nan,142,0.0,142,0.0
137,37,1,0.375,1.455,0,nan,142,0.0,142,0.0
138,38,1,0.345,1.455,0,nan,142,0.0,142,0.0
139,39,1,0.31499999999999995,1.455,0,nan,142,0.0,142,0.0
140,40,1,0.28500000000000014,1.455,0,nan,142,0.0,142,0.0
141,41,1,0.2550000000000001,1.455,0,nan,142,0.0,142,0.0
142,42,1,0.2250000000000001,1.455,0,nan,142,0.0,142,0.0
143,43,1,0.19500000000000006,1.455,0,nan,142,0.0,142,0.0
144,44,1,0.16500000000000004,1.455,0,nan,142,0.0,142,0.0
145,45,1,0.135,1.455,0,nan,142,0.0,142,0.0
146,46,1,0.10499999999999998,1.455,0,nan,142,0.0,142,0.0
147,47,1,0.07499999999999996,1.455,0,nan,142,0.0,142,0.0
148,48,1,0.04500000000000015,1.455,0,nan,142,0.0,142,0.0
149,49,1,0.015000000000000124,1.455,0,nan,142,0.0,142,0.0
150,50,1,-0.014999999999999902,1.455,0,nan,142,0.0,142,0.0
151,51,1,-0.04499999999999993,1.455,0,nan,142,0.0,142,0.0
152,52,1,-0.07499999999999996,1.455,0,nan,142,0.0,142,0.0
153,53,1,-0.10499999999999998,1.455,0,nan,142,0.0,142,0.0
154,54,1,-0.135,1.455,0,nan,142,0.0,142,0.0
155,55,1,-0.16500000000000004,1.455,0,nan,142,0.0,142,0.0
156,56,1,-0.19499999999999984,1.455,0,nan,142,0.0,142,0.0
157,57,1,-0.22499999999999987,1.455,0,nan,142,0.0,142,0.0
158,58,1,-0.2549999999999999,1.455,0,nan,142,0.0,142,0.0
159,59,1,-0.2849999999999999,1.455,0,nan,142,0.0,142,0.0
160,60,1,-0.31499999999999995,1.455,0,nan,142,0.0,142,0.0
161,61,1,-0.345,1.455,0,nan,142,0.0,142,0.0
162,62,1,-0.375,1.455,0,nan,142,0.0,142,0.0
163,63,1,-0.405,1.455,0,nan,142,0.0,142,0.0
164,64,1,-0.43499999999999983,1.455,0,nan,142,0.0,142,0.0
165,65,1,-0.46499999999999986,1.455,0,nan,142,0.0,142,0.0
166,66,1,-0.4949999999999999,1.455,0,nan,142,0.0,142,0.0
167,67,1,-0.5249999999999999,1.455,0,nan,142,0.0,142,0.0
168,68,1,-0.5549999999999997,1.455,0,nan,142,0.0,142,0.0
169,69,1,-0.585,1.455,0,nan,142,0.0,142,0.0
170,70,1,-0.6149999999999998,1.455,0,nan,142,0.0,142,0.0
171,71,1,-0.645,1.455,0,nan,142,0.0,142,0.0
172,72,1,-0.6749999999999998,1.455,0,nan,142,0.0,142,0.0
173,73,1,-0.7050000000000001,1.455,0,nan,142,0.0,142,0.0
174,74,1,-0.7349999999999999,1.455,0,nan,142,0.0,142,0.0
175,75,1,-0.7650000000000001,1.455,0,nan,142,0.0,142,0.0
176,76,1,-0.7949999999999999,1.455,0,nan,142,0.0,142,0.0
177,77,1,-0.8249999999999997,1.455,0,nan,142,0.0,142,0.0
178,78,1,-0.855,1.455,0,nan,142,0.0,142,0.0
179,79,1,-0.8849999999999998,1.455,0,nan,142,0.0,142,0.0
180,80,1,-0.915,1.455,0,nan,142,0.0,142,0.0
181,81,1,-0.9449999999999998,1.455,0,nan,142,0.0,142,0.0
182,82,1,-0.9750000000000001,1.455,0,nan,142,0.0,142,0.0
183,83,1,-1.005,1.455,0,nan,142,0.0,142,0.0
184,84,1,-1.0349999999999997,1.455,0,nan,142,0.0,142,0.0
185,85,1,-1.065,1.455,0,nan,142,0.0,142,0.0
186,86,1,-1.0949999999999998,1.455,0,nan,142,0.0,142,0.0
187,87,1,-1.125,1.455,0,nan,142,0.0,142,0.0
188,88,1,-1.1549999999999998,1.455,0,nan,142,0.0,142,0.0
189,89,1,-1.185,1.455,0,nan,142,0.0,142,0.0
190,90,1,-1.2149999999999999,1.455,0,nan,142,0.0,142,0.0
191,91,1,-1.245,1.455,0,nan,142,0.0,142,0.0
192,92,1,-1.275,1.455,0,nan,142,0.0,142,0.0
193,93,1,-1.3049999999999997,1.455,0,nan,142,0.0,142,0.0
194,94,1,-1.335,1.455,0,nan,142,0.0,142,0.0
195,95,1,-1.3649999999999998,1.455,0,nan,142,0.0,142,0.0
196,96,1,-1.395,1.455,0,nan,142,0.0,142,0.0
197,97,1,-1.4249999999999998,1.455,0,nan,142,0.0,142,0.0
198,98,1,-1.455,1.455,0,nan,142,0.0,142,0.0
199,99,1,-1.4849999999999999,1.455,0,nan,142,0.0,142,0.0
200,0,2,1.485,1.425,0,nan,142,0.0,142,0.0
201,1,2,1.455,1.425,0,nan,142,0.0,142,0.0
202,2,2,1.425,1.425,0,nan,142,0.0,142,0.0
203,3,2,1.395,1.425,0,nan,142,0.0,142,0.0
204,4,2,1.365,1.425,0,nan,142,0.0,142,0.0
205,5,2,1.335,1.425,0,nan,142,0.0,142,0.0
206,6,2,1.305,1.425,0,nan,142,0.0,142,0.0
207,7,2,1.275,1.425,0,nan,142,0.0,142,0.0
208,8,2,1.245,1.425,0,nan,142,0.0,142,0.0
209,9,2,1.215,1.425,0,nan,142,0.0,142,0.0
210,10,2,1.185,1.425,0,nan,142,0.0,142,0.0
211,11,2,1.155,1.425,0,nan,142,0.0,142,0.0
212,12,2,1.125,1.425,0,nan,142,0.0,142,0.0
213,13,2,1.095,1.425,0,nan,142,0.0,142,0.0
214,14,2,1.065,1.425,0,nan,142,0.0,142,0.0
215,15,2,1.0350000000000001,1.425,0,nan,142,0.0,142,0.0
216,16,2,1.005,1.425,0,nan,142,0.0,142,0.0
217,17,2,0.975,1.425,0,nan,142,0.0,142,0.0
218,18,2,0.9450000000000001,1.425,0,nan,142,0.0,142,0.0
219,19,2,0.915,1.425,0,nan,142,0.0,142,0.0
220,20,2,0.885,1.425,0,nan,142,0.0,142,0.0
221,21,2,0.855,1.425,0,nan,142,0.0,142,0.0
222,22,2,0.8250000000000001,1.425,0,nan,142,0.0,142,0.0
223,23,2,0.795,1.425,0,nan,142,0.0,142,0.0
224,24,2,0.765,1.425,0,nan,142,0.0,142,0.0
225,25,2,0.735,1.425,0,nan,142,0.0,142,0.0
226,26,2,0.7050000000000001,1.425,0,nan,142,0.0,142,0.0
227,27,2,0.675,1.425,0,nan,142,0.0,142,0.0
228,28,2,0.645,1.425,0,nan,142,0.0,142,0.0
229,29,2,0.615,1.425,0,nan,142,0.0,142,0.0
230,30,2,0.5850000000000001,1.425,0,nan,142,0.0,142,0.0
231,31,2,0.555,1.425,0,nan,142,0.0,142,0.0
232,32,2,0.525,1.425,0,nan,142,0.0,142,0.0
233,33,2,0.4950000000000001,1.425,0,nan,142,0.0,142,0.0
234,34,2,0.4650000000000001,1.425,0,nan,142,0.0,142,0.0
235,35,2,0.43500000000000005,1.425,0,nan,142,0.0,142,0.0
236,36,2,0.405,1.425,0,nan,142,0.0,142,0.0
237,37,2,0.375,1.425,0,nan,142,0.0,142,0.0
238,38,2,0.345,1.425,0,nan,142,0.0,142,0.0
239,39,2,0.31499999999999995,1.425,0,nan,142,0.0,142,0.0
240,40,2,0.28500000000000014,1.425,0,nan,142,0.0,142,0.0
241,41,2,0.2550000000000001,1.425,0,nan,142,0.0,142,0.0
242,42,2,0.2250000000000001,1.425,0,nan,142,0.0,142,0.0
243,43,2,0.19500000000000006,1.425,0,nan,142,0.0,142,0.0
244,44,2,0.16500000000000004,1.425,0,nan,142,0.0,142,0.0
245,45,2,0.135,1.425,0,nan,142,0.0,142,0.0
246,46,2,0.10499999999999998,1.425,0,nan,142,0.0,142,0.0
247,47,2,0.07499999999999996,1.425,0,nan,142,0.0,142,0.0
248,48,2,0.04500000000000015,1.425,0,nan,142,0.0,142,0.0
249,49,2,0.015000000000000124,1.425,0,nan,142,0.0,142,0.0
250,50,2,-0.014999999999999902,1.425,0,nan,142,0.0,142,0.0
251,51,2,-0.04499999999999993,1.425,0,nan,142,0.0,142,0.0
252,52,2,-0.07499999999999996,1.425,0,nan,142,0.0,142,0.0
253,53,2,-0.10499999999999998,1.425,0,nan,142,0.0,142,0.0
254,54,2,-0.135,1.425,0,nan,142,0.0,142,0.0
255,55,2,-0.16500000000000004,1.425,0,nan,142,0.0,142,0.0
256,56,2,-0.19499999999999984,1.425,0,nan,142,0.0,142,0.0
257,57,2,-0.22499999999999987,1.425,0,nan,142,0.0,142,0.0
258,58,2,-0.2549999999999999,1.425,0,nan,142,0.0,142,0.0
259,59,2,-0.2849999999999999,1.425,0,nan,142,0.0,142,0.0
260,60,2,-0.31499999999999995,1.425,0,nan,142,0.0,142,0.0
261,61,2,-0.345,1.425,0,nan,142,0.0,142,0.0
262,62,2,-0.375,1.425,0,nan,142,0.0,142,0.0
263,63,2,-0.405,1.425,0,nan,142,0.0,142,0.0
264,64,2,-0.43499999999999983,1.425,0,nan,142,0.0,142,0.0
265,65,2,-0.46499999999999986,1.425,0,nan,142,0.0,142,0.0
266,66,2,-0.4949999999999999,1.425,0,nan,142,0.0,142,0.0
267,67,2,-0.5249999999999999,1.425,0,nan,142,0.0,142,0.0
268,68,2,-0.5549999999999997,1.425,0,nan,142,0.0,142,0.0
269,69,2,-0.585,1.425,0,nan,142,0.0,142,0.0
270,70,2,-0.6149999999999998,1.425,0,nan,142,0.0,142,0.0
271,71,2,-0.645,1.425,0,nan,142,0.0,142,0.0
272,72,2,-0.6749999999999998,1.425,0,nan,142,0.0,142,0.0
273,73,2,-0.7050000000000001,1.425,0,nan,142,0.0,142,0.0
274,74,2,-0.7349999999999999,1.425,0,nan,142,0.0,142,0.0
275,75,2,-0.7650000000000001,1.425,0,nan,142,0.0,142,0.0
276,76,2,-0.7949999999999999,1.425,0,nan,142,0.0,142,0.0
277,77,2,-0.8249999999999997,1.425,0,nan,142,0.0,142,0.0
278,78,2,-0.855,1.425,0,nan,142,0.0,142,0.0
279,79,2,-0.8849999999999998,1.425,0,nan,142,0.0,142,0.0
280,80,2,-0.915,1.425,0,nan,142,0.0,142,0.0
281,81,2,-0.9449999999999998,1.425,0,nan,142,0.0,142,0.0
282,82,2,-0.9750000000000001,1.425,0,nan,142,0.0,142,0.0
283,83,2,-1.005,1.425,0,nan,142,0.0,142,0.0
284,84,2,-1.0349999999999997,1.425,0,nan,142,0.0,142,0.0
285,85,2,-1.065,1.425,0,nan,142,0.0,142,0.0
286,86,2,-1.0949999999999998,1.425,0,nan,142,0.0,142,0.0
287,87,2,-1.125,1.425,0,nan,142,0.0,142,0.0
288,88,2,-1.1549999999999998,1.425,0,nan,142,0.0,142,0.0
289,89,2,-1.185,1.425,0,nan,142,0.0,142,0.0
290,90,2,-1.2149999999999999,1.425,0,nan,142,0.0,142,0.0
291,91,2,-1.245,1.425,0,nan,142,0.0,142,0.0
292,92,2,-1.275,1.425,0,nan,142,0.0,142,0.0
293,93,2,-1.3049999999999997,1.425,0,nan,142,0.0,142,0.0
294,94,2,-1.335,1.425,0,nan,142,0.0,142,0.0
295,95,2,-1.3649999999999998,1.425,0,nan,142,0.0,142,0.0
296,96,2,-1.395,1.425,0,nan,142,0.0,142,0.0
297,97,2,-1.4249999999999998,1.425,0,nan,142,0.0,142,0.0
298,98,2,-1.455,1.425,0,nan,142,0.0,142,0.0
299,99,2,-1.4849999999999999,1.425,0,nan,142,0.0,142,0.0
300,0,3,1.485,1.395,0,nan,142,0.0,142,0.0
301,1,3,1.455,1.395,0,nan,142,0.0,142,0.0
302,2,3,1.425,1.395,0,nan,142,0.0,142,0.0
303,3,3,1.395,1.395,0,nan,142,0.0,142,0.02199999988079071
304,4,3,1.365,1.395,0,nan,142,0.0,142,0.02199999988079071
305,5,3,1.335,1.395,0,nan,142,0.0,142,0.02199999988079071
306,6,3,1.305,1.395,0,nan,142,0.0,142,0.02199999988079071
307,7,3,1.275,1.395,0,nan,142,0.0,142,0.02199999988079071
308,8,3,1.245,1.395,0,nan,142,0.0,142,0.02199999988079071
309,9,3,1.215,1.395,0,nan,142,0.0,142,0.02199999988079071
310,10,3,1.185,1.395,0,nan,142,0.0,142,0.02199999988079071
311,11,3,1.155,1.395,0,nan,142,0.0,142,0.02199999988079071
312,12,3,1.125,1.395,0,nan,142,0.0,142,0.02199999988079071
313,13,3,1.095,1.395,0,nan,142,0.0,142,0.02199999988079071
314,14,3,1.065,1.395,0,nan,142,0.0,142,0.02199999988079071
315,15,3,1.0350000000000001,1.395,0,nan,142,0.0,142,0.02199999988079071
316,16,3,1.005,1.395,0,nan,142,0.0,142,0.02199999988079071
317,17,3,0.975,1.395,0,nan,142,0.0,142,0.02199999988079071
318,18,3,0.9450000000000001,1.395,0,nan,142,0.0,142,0.02199999988079071
319,19,3,0.915,1.395,0,nan,142,0.0,142,0.02199999988079071
320,20,3,0.885,1.395,0,nan,142,0.0,142,0.02199999988079071
321,21,3,0.855,1.395,0,nan,142,0.0,142,0.02199999988079071
322,22,3,0.8250000000000001,1.395,0,nan,142,0.0,142,0.02199999988079071
323,23,3,0.795,1.395,0,nan,142,0.0,142,0.02199999988079071
324,24,3,0.765,1.395,0,nan,142,0.0,142,0.02199999988079071
325,25,3,0.735,1.395,0,nan,142,0.0,142,0.02199999988079071
326,26,3,0.7050000000000001,1.395,0,nan,142,0.0,142,0.02199999988079071
327,27,3,0.675,1.395,0,nan,142,0.0,142,0.02199999988079071
328,28,3,0.645,1.395,0,nan,142,0.0,142,0.02199999988079071
329,29,3,0.615,1.395,0,nan,142,0.0,142,0.02199999988079071
330,30,3,0.5850000000000001,1.395,0,nan,142,0.0,142,0.02199999988079071
331,31,3,0.555,1.395,0,nan,142,0.0,142,0.02199999988079071
332,32,3,0.525,1.395,0,nan,142,0.0,142,0.02199999988079071
333,33,3,0.4950000000000001,1.395,0,nan,142,0.0,142,0.02199999988079071
334,34,3,0.4650000000000001,1.395,0,nan,142,0.0,142,0.02199999988079071
335,35,3,0.43500000000000005,1.395,0,nan,142,0.0,142,0.02199999988079071
336,36,3,0.405,1.395,0,nan,142,0.0,142,0.02199999988079071
337,37,3,0.375,1.395,0,nan,142,0.0,142,0.02199999988079071
338,38,3,0.345,1.395,0,nan,142,0.0,142,0.02199999988079071
339,39,3,0.31499999999999995,1.395,0,nan,142,0.0,142,0.02199999988079071
340,40,3,0.28500000000000014,1.395,0,nan,142,0.0,142,0.02199999988079071
341,41,3,0.2550000000000001,1.395,0,nan,142,0.0,142,0.02199999988079071
342,42,3,0.2250000000000001,1.395,0,nan,142,0.0,142,0.02199999988079071
343,43,3,0.19500000000000006,1.395,0,nan,142,0.0,142,0.02199999988079071
344,44,3,0.16500000000000004,1.395,0,nan,142,0.0,142,0.02199999988079071
345,45,3,0.135,1.395,0,nan,142,0.0,142,0.02199999988079071
346,46,3,0.10499999999999998,1.395,0,nan,142,0.0,142,0.02199999988079071
347,47,3,0.07499999999999996,1.395,0,nan,142,0.0,142,0.02199999988079071
348,48,3,0.04500000000000015,1.395,0,nan,142,0.0,142,0.02199999988079071
349,49,3,0.015000000000000124,1.395,0,nan,142,0.0,142,0.02199999988079071
350,50,3,-0.014999999999999902,1.395,0,nan,142,0.0,142,0.02199999988079071
351,51,3,-0.04499999999999993,1.395,0,nan,142,0.0,142,0.02199999988079071
352,52,3,-0.07499999999999996,1.395,0,nan,142,0.0,142,0.02199999988079071
353,53,3,-0.10499999999999998,1.395,0,nan,142,0.0,142,0.02199999988079071
354,54,3,-0.135,1.395,0,nan,142,0.0,142,0.02199999988079071
355,55,3,-0.16500000000000004,1.395,0,nan,142,0.0,142,0.02199999988079071
356,56,3,-0.19499999999999984,1.395,0,nan,142,0.0,142,0.02199999988079071
357,57,3,-0.22499999999999987,1.395,0,nan,142,0.0,142,0.02199999988079071
358,58,3,-0.2549999999999999,1.395,0,nan,142,0.0,142,0.02199999988079071
359,59,3,-0.2849999999999999,1.395,0,nan,142,0.0,142,0.02199999988079071
360,60,3,-0.31499999999999995,1.395,0,nan,142,0.0,142,0.02199999988079071
361,61,3,-0.345,1.395,0,nan,142,0.0,142,0.02199999988079071
362,62,3,-0.375,1.395,0,nan,142,0.0,142,0.02199999988079071
363,63,3,-0.405,1.395,0,nan,142,0.0,142,0.02199999988079071
364,64,3,-0.43499999999999983,1.395,0,nan,142,0.0,142,0.02199999988079071
365,65,3,-0.46499999999999986,1.395,0,nan,142,0.0,142,0.02199999988079071
366,66,3,-0.4949999999999999,1.395,0,nan,142,0.0,142,0.02199999988079071
367,67,3,-0.5249999999999999,1.395,0,nan,142,0.0,142,0.02199999988079071
368,68,3,-0.5549999999999997,1.395,0,nan,142,0.0,142,0.02199999988079071
369,69,3,-0.585,1.395,0,nan,142,0.0,142,0.02199999988079071
370,70,3,-0.6149999999999998,1.395,0,nan,142,0.0,142,0.02199999988079071
371,71,3,-0.645,1.395,0,nan,142,0.0,142,0.02199999988079071
372,72,3,-0.6749999999999998,1.395,0,nan,142,0.0,142,0.02199999988079071
373,73,3,-0.7050000000000001,1.395,0,nan,142,0.0,142,0.02199999988079071
374,74,3,-0.7349999999999999,1.395,0,nan,142,0.0,142,0.02199999988079071
375,75,3,-0.7650000000000001,1.395,0,nan,142,0.0,142,0.02199999988079071
376,76,3,-0.7949999999999999,1.395,0,nan,142,0.0,142,0.02199999988079071
377,77,3,-0.8249999999999997,1.395,0,nan,142,0.0,142,0.02199999988079071
378,78,3,-0.855,1.395,0,nan,142,0.0,142,0.02199999988079071
379,79,3,-0.8849999999999998,1.395,0,nan,142,0.0,142,0.02199999988079071
380,80,3,-0.915,1.395,0,nan,142,0.0,142,0.02199999988079071
381,81,3,-0.9449999999999998,1.395,0,nan,142,0.0,142,0.02199999988079071
382,82,3,-0.9750000000000001,1.395,0,nan,142,0.0,142,0.02199999988079071
383,83,3,-1.005,1.395,0,nan,142,0.0,142,0.02199999988079071
384,84,3,-1.0349999999999997,1.395,0,nan,142,0.0,142,0.02199999988079071
385,85,3,-1.065,1.395,0,nan,142,0.0,142,0.02199999988079071
386,86,3,-1.0949999999999998,1.395,0,nan,142,0.0,142,0.02199999988079071
387,87,3,-1.125,1.395,0,nan,142,0.0,142,0.02199999988079071
388,88,3,-1.1549999999999998,1.395,0,nan,142,0.0,142,0.02199999988079071
389,89,3,-1.185,1.395,0,nan,142,0.0,142,0.02199999988079071
390,90,3,-1.2149999999999999,1.395,0,nan,142,0.0,142,0.02199999988079071
391,91,3,-1.245,1.395,0,nan,142,0.0,142,0.02199999988079071
392,92,3,-1.275,1.395,0,nan,142,0.0,142,0.02199999988079071
393,93,3,-1.3049999999999997,1.395,0,nan,142,0.0,142,0.02199999988079071
394,94,3,-1.335,1.395,0,nan,142,0.0,142,0.02199999988079071
395,95,3,-1.3649999999999998,1.395,0,nan,142,0.0,142,0.02199999988079071
396,96,3,-1.395,1.395,0,nan,142,0.0,142,0.02199999988079071
397,97,3,-1.4249999999999998,1.395,0,nan,142,0.0,142,0.0
398,98,3,-1.455,1.395,0,nan,142,0.0,142,0.0
399,99,3,-1.4849999999999999,1.395,0,nan,142,0.0,142,0.0
400,0,4,1.485,1.365,0,nan,142,0.0,142,0.0
401,1,4,1.455,1.365,0,nan,142,0.0,142,0.0
402,2,4,1.425,1.365,0,nan,142,0.0,142,0.0
403,3,4,1.395,1.365,0,nan,142,0.0,142,0.02199999988079071
404,4,4,1.365,1.365,0,nan,142,0.0,142,0.02199999988079071
405,5,4,1.335,1.365,0,nan,142,0.0,142,0.02199999988079071
406,6,4,1.305,1.365,0,nan,142,0.0,142,0.02199999988079071
407,7,4,1.275,1.365,0,nan,142,0.0,142,0.02199999988079071
408,8,4,1.245,1.365,0,nan,142,0.0,142,0.02199999988079071
409,9,4,1.215,1.365,0,nan,142,0.0,142,0.02199999988079071
410,10,4,1.185,1.365,0,nan,142,0.0,142,0.02199999988079071
411,11,4,1.155,1.365,0,nan,142,0.0,142,0.02199999988079071
412,12,4,1.125,1.365,0,nan,142,0.0,142,0.02199999988079071
413,13,4,1.095,1.365,0,nan,142,0.0,142,0.02199999988079071
414,14,4,1.065,1.365,0,nan,142,0.0,142,0.02199999988079071
415,15,4,1.0350000000000001,1.365,0,nan,142,0.0,142,0.02199999988079071
416,16,4,1.005,1.365,0,nan,142,0.0,142,0.02199999988079071
417,17,4,0.975,1.365,0,nan,142,0.0,142,0.02199999988079071
418,18,4,0.9450000000000001,1.365,0,nan,142,0.0,142,0.02199999988079071
419,19,4,0.915,1.365,0,nan,142,0.0,142,0.02199999988079071
420,20,4,0.885,1.365,0,nan,142,0.0,142,0.02199999988079071
421,21,4,0.855,1.365,0,nan,142,0.0,142,0.02199999988079071
422,22,4,0.8250000000000001,1.365,0,nan,142,0.0,142,0.02199999988079071
423,23,4,0.795,1.365,0,nan,142,0.0,142,0.02199999988079071
424,24,4,0.765,1.365,0,nan,142,0.0,142,0.02199999988079071
425,25,4,0.735,1.365,0,nan,142,0.0,142,0.02199999988079071
426,26,4,0.7050000000000001,1.365,0,nan,142,0.0,142,0.02199999988079071
427,27,4,0.675,1.365,0,nan,142,0.0,142,0.02199999988079071
428,28,4,0.645,1.365,0,nan,142,0.0,142,0.02199999988079071
429,29,4,0.615,1.365,0,nan,142,0.0,142,0.02199999988079071
430,30,4,0.5850000000000001,1.365,0,nan,142,0.0,142,0.02199999988079071
431,31,4,0.555,1.365,0,nan,142,0.0,142,0.02199999988079071
432,32,4,0.525,1.365,0,nan,142,0.0,142,0.02199999988079071
433,33,4,0.4950000000000001,1.365,0,nan,142,0.0,142,0.02199999988079071
434,34,4,0.4650000000000001,1.365,0,nan,142,0.0,142,0.02199999988079071
435,35,4,0.43500000000000005,1.365,0,nan,142,0.0,142,0.02199999988079071
436,36,4,0.405,1.365,0,nan,142,0.0,142,0.02199999988079071
437,37,4,0.375,1.365,0,nan,142,0.0,142,0.02199999988079071
438,38,4,0.345,1.365,0,nan,142,0.0,142,0.02199999988079071
439,39,4,0.31499999999999995,1.365,0,nan,142,0.0,142,0.02199999988079071
440,40,4,0.28500000000000014,1.365,0,nan,142,0.0,142,0.02199999988079071
441,41,4,0.2550000000000001,1.365,0,nan,142,0.0,142,0.02199999988079071
442,42,4,0.2250000000000001,1.365,0,nan,142,0.0,142,0.02199999988079071
443,43,4,0.19500000000000006,1.365,0,nan,142,0.0,142,0.02199999988079071
444,44,4,0.16500000000000004,1.365,0,nan,142,0.0,142,0.02199999988079071
445,45,4,0.135,1.365,0,nan,142,0.0,142,0.02199999988079071
446,46,4,0.10499999999999998,1.365,0,nan,142,0.0,142,0.02199999988079071
447,47,4,0.07499999999999996,1.365,0,nan,142,0.0,142,0.02199999988079071
448,48,4,0.04500000000000015,1.365,0,nan,142,0.0,142,0.02199999988079071
449,49,4,0.015000000000000124,1.365,0,nan,142,0.0,142,0.02199999988079071
450,50,4,-0.014999999999999902,1.365,0,nan,142,0.0,142,0.02199999988079071
451,51,4,-0.04499999999999993,1.365,0,nan,142,0.0,142,0.02199999988079071
452,52,4,-0.07499999999999996,1.365,0,nan,142,0.0,142,0.02199999988079071
453,53,4,-0.10499999999999998,1.365,0,nan,142,0.0,142,0.02199999988079071
454,54,4,-0.135,1.365,0,nan,142,0.0,142,0.02199999988079071
455,55,4,-0.16500000000000004,1.365,0,nan,142,0.0,142,0.02199999988079071
456,56,4,-0.19499999999999984,1.365,0,nan,142,0.0,142,0.02199999988079071
457,57,4,-0.22499999999999987,1.365,0,nan,142,0.0,142,0.02199999988079071
458,58,4,-0.2549999999999999,1.365,0,nan,142,0.0,142,0.02199999988079071
459,59,4,-0.2849999999999999,1.365,0,nan,142,0.0,142,0.02199999988079071
460,60,4,-0.31499999999999995,1.365,0,nan,142,0.0,142,0.02199999988079071
461,61,4,-0.345,1.365,0,nan,142,0.0,142,0.02199999988079071
462,62,4,-0.375,1.365,0,nan,142,0.0,142,0.02199999988079071
463,63,4,-0.405,1.365,0,nan,142,0.0,142,0.02199999988079071
464,64,4,-0.43499999999999983,1.365,0,nan,142,0.0,142,0.02199999988079071
465,65,4,-0.46499999999999986,1.365,0,nan,142,0.0,142,0.02199999988079071
466,66,4,-0.4949999999999999,1.365,0,nan,142,0.0,142,0.02199999988079071
467,67,4,-0.5249999999999999,1.365,0,nan,142,0.0,142,0.02199999988079071
468,68,4,-0.5549999999999997,1.365,0,nan,142,0.0,142,0.02199999988079071
469,69,4,-0.585,1.365,0,nan,142,0.0,142,0.02199999988079071
470,70,4,-0.6149999999999998,1.365,0,nan,142,0.0,142,0.02199999988079071
471,71,4,-0.645,1.365,0,nan,142,0.0,142,0.02199999988079071
472,72,4,-0.6749999999999998,1.365,0,nan,142,0.0,142,0.02199999988079071
473,73,4,-0.7050000000000001,1.365,0,nan,142,0.0,142,0.02199999988079071
474,74,4,-0.7349999999999999,1.365,0,nan,142,0.0,142,0.02199999988079071
475,75,4,-0.7650000000000001,1.365,0,nan,142,0.0,142,0.02199999988079071
476,76,4,-0.7949999999999999,1.365,0,nan,142,0.0,142,0.02199999988079071
477,77,4,-0.8249999999999997,1.365,0,nan,142,0.0,142,0.02199999988079071
478,78,4,-0.855,1.365,0,nan,142,0.0,142,0.02199999988079071
479,79,4,-0.8849999999999998,1.365,0,nan,142,0.0,142,0.02199999988079071
480,80,4,-0.915,1.365,0,nan,142,0.0,142,0.02199999988079071
481,81,4,-0.9449999999999998,1.365,0,nan,142,0.0,142,0.02199999988079071
482,82,4,-0.9750000000000001,1.365,0,nan,142,0.0,142,0.02199999988079071
483,83,4,-1.005,1.365,0,nan,142,0.0,142,0.02199999988079071
484,84,4,-1.0349999999999997,1.365,0,nan,142,0.0,142,0.02199999988079071
485,85,4,-1.065,1.365,0,nan,142,0.0,142,0.02199999988079071
486,86,4,-1.0949999999999998,1.365,0,nan,142,0.0,142,0.02199999988079071
487,87,4,-1.125,1.365,0,nan,142,0.0,142,0.02199999988079071
488,88,4,-1.1549999999999998,1.365,0,nan,142,0.0,142,0.02199999988079071
489,89,4,-1.185,1.365,0,nan,142,0.0,142,0.02199999988079071
490,90,4,-1.2149999999999999,1.365,0,nan,142,0.0,142,0.02199999988079071
491,91,4,-1.245,1.365,0,nan,142,0.0,142,0.02199999988079071
492,92,4,-1.275,1.365,0,nan,142,0.0,142,0.02199999988079071
493,93,4,-1.3049999999999997,1.365,0,nan,142,0.0,142,0.02199999988079071
494,94,4,-1.335,1.365,0,nan,142,0.0,142,0.02199999988079071
495,95,4,-1.3649999999999998,1.365,0,nan,142,0.0,142,0.02199999988079071
496,96,4,-1.395,1.365,0,nan,142,0.0,142,0.02199999988079071
497,97,4,-1.4249999999999998,1.365,0,nan,142,0.0,142,0.0
498,98,4,-1.455,1.365,0,nan,142,0.0,142,0.0
499,99,4,-1.4849999999999999,1.365,0,nan,142,0.0,142,0.0
500,0,5,1.485,1.335,0,nan,142,0.0,142,0.0
501,1,5,1.455,1.335,0,nan,142,0.0,142,0.0
502,2,5,1.425,1.335,0,nan,142,0.0,142,0.0
503,3,5,1.395,1.335,0,nan,142,0.0,142,0.02199999988079071
504,4,5,1.365,1.335,0,nan,142,0.0,142,0.02199999988079071
505,5,5,1.335,1.335,0,nan,142,0.0,142,0.02199999988079071
506,6,5,1.305,1.335,0,nan,142,0.0,142,0.02199999988079071
507,7,5,1.275,1.335,0,nan,142,0.0,142,0.02199999988079071
508,8,5,1.245,1.335,0,nan,142,0.0,142,0.02199999988079071
509,9,5,1.215,1.335,0,nan,142,0.0,142,0.02199999988079071
510,10,5,1.185,1.335,0,nan,142,0.0,142,0.02199999988079071
511,11,5,1.155,1.335,0,nan,142,0.0,142,0.02199999988079071
512,12,5,1.125,1.335,0,nan,142,0.0,142,0.02199999988079071
513,13,5,1.095,1.335,0,nan,142,0.0,142,0.02199999988079071
514,14,5,1.065,1.335,0,nan,142,0.0,142,0.02199999988079071
515,15,5,1.0350000000000001,1.335,0,nan,142,0.0,142,0.02199999988079071
516,16,5,1.005,1.335,0,nan,142,0.0,142,0.02199999988079071
517,17,5,0.975,1.335,0,nan,142,0.0,142,0.02199999988079071
518,18,5,0.9450000000000001,1.335,0,nan,142,0.0,142,0.02199999988079071
519,19,5,0.915,1.335,0,nan,142,0.0,142,0.02199999988079071
520,20,5,0.885,1.335,0,nan,142,0.0,142,0.02199999988079071
521,21,5,0.855,1.335,0,nan,142,0.0,142,0.02199999988079071
522,22,5,0.8250000000000001,1.335,0,nan,142,0.0,142,0.02199999988079071
523,23,5,0.795,1.335,0,nan,142,0.0,142,0.02199999988079071
524,24,5,0.765,1.335,0,nan,142,0.0,142,0.02199999988079071
525,25,5,0.735,1.335,0,nan,142,0.0,142,0.02199999988079071
526,26,5,0.7050000000000001,1.335,0,nan,142,0.0,142,0.02199999988079071
527,27,5,0.675,1.335,0,nan,142,0.0,142,0.02199999988079071
528,28,5,0.645,1.335,0,nan,142,0.0,142,0.02199999988079071
529,29,5,0.615,1.335,0,nan,142,0.0,142,0.02199999988079071
530,30,5,0.5850000000000001,1.335,0,nan,142,0.0,142,0.02199999988079071
531,31,5,0.555,1.335,0,nan,142,0.0,142,0.02199999988079071
532,32,5,0.525,1.335,0,nan,142,0.0,142,0.02199999988079071
533,33,5,0.4950000000000001,1.335,0,nan,142,0.0,142,0.02199999988079071
534,34,5,0.4650000000000001,1.335,0,nan,142,0.0,142,0.02199999988079071
535,35,5,0.43500000000000005,1.335,0,nan,142,0.0,142,0.02199999988079071
536,36,5,0.405,1.335,0,nan,142,0.0,142,0.02199999988079071
537,37,5,0.375,1.335,0,nan,142,0.0,142,0.02199999988079071
538,38,5,0.345,1.335,0,nan,142,0.0,142,0.02199999988079071
539,39,5,0.31499999999999995,1.335,0,nan,142,0.0,142,0.02199999988079071
540,40,5,0.28500000000000014,1.335,0,nan,142,0.0,142,0.02199999988079071
541,41,5,0.2550000000000001,1.335,0,nan,142,0.0,142,0.02199999988079071
542,42,5,0.2250000000000001,1.335,0,nan,142,0.0,142,0.02199999988079071
543,43,5,0.19500000000000006,1.335,0,nan,142,0.0,142,0.02199999988079071
544,44,5,0.16500000000000004,1.335,0,nan,142,0.0,142,0.02199999988079071
545,45,5,0.135,1.335,0,nan,142,0.0,142,0.02199999988079071
546,46,5,0.10499999999999998,1.335,0,nan,142,0.0,142,0.02199999988079071
547,47,5,0.07499999999999996,1.335,0,nan,142,0.0,142,0.02199999988079071
548,48,5,0.04500000000000015,1.335,0,nan,142,0.0,142,0.02199999988079071
549,49,5,0.015000000000000124,1.335,0,nan,142,0.0,142,0.02199999988079071
550,50,5,-0.014999999999999902,1.335,0,nan,142,0.0,142,0.02199999988079071
551,51,5,-0.04499999999999993,1.335,0,nan,142,0.0,142,0.02199999988079071
552,52,5,-0.07499999999999996,1.335,0,nan,142,0.0,142,0.02199999988079071
553,53,5,-0.10499999999999998,1.335,0,nan,142,0.0,142,0.02199999988079071
554,54,5,-0.135,1.335,0,nan,142,0.0,142,0.02199999988079071
555,55,5,-0.16500000000000004,1.335,0,nan,142,0.0,142,0.02199999988079071
556,56,5,-0.19499999999999984,1.335,0,nan,142,0.0,142,0.02199999988079071
557,57,5,-0.22499999999999987,1.335,0,nan,142,0.0,142,0.02199999988079071
558,58,5,-0.2549999999999999,1.335,0,nan,142,0.0,142,0.02199999988079071
559,59,5,-0.2849999999999999,1.335,0,nan,142,0.0,142,0.02199999988079071
560,60,5,-0.31499999999999995,1.335,0,nan,142,0.0,142,0.02199999988079071
561,61,5,-0.345,1.335,0,nan,142,0.0,142,0.02199999988079071
562,62,5,-0.375,1.335,0,nan,142,0.0,142,0.02199999988079071
563,63,5,-0.405,1.335,0,nan,142,0.0,142,0.02199999988079071
564,64,5,-0.43499999999999983,1.335,0,nan,142,0.0,142,0.02199999988079071
565,65,5,-0.46499999999999986,1.335,0,nan,142,0.0,142,0.02199999988079071
566,66,5,-0.4949999999999999,1.335,0,nan,142,0.0,142,0.02199999988079071
567,67,5,-0.5249999999999999,1.335,0,nan,142,0.0,142,0.02199999988079071
568,68,5,-0.5549999999999997,1.335,0,nan,142,0.0,142,0.02199999988079071
569,69,5,-0.585,1.335,0,nan,142,0.0,142,0.02199999988079071
570,70,5,-0.6149999999999998,1.335,0,nan,142,0.0,142,0.02199999988079071
571,71,5,-0.645,1.335,0,nan,142,0.0,142,0.02199999988079071
572,72,5,-0.6749999999999998,1.335,0,nan,142,0.0,142,0.02199999988079071
573,73,5,-0.7050000000000001,1.335,0,nan,142,0.0,142,0.02199999988079071
574,74,5,-0.7349999999999999,1.335,0,nan,142,0.0,142,0.02199999988079071
575,75,5,-0.7650000000000001,1.335,0,nan,142,0.0,142,0.02199999988079071
576,76,5,-0.7949999999999999,1.335,0,nan,142,0.0,142,0.02199999988079071
577,77,5,-0.8249999999999997,1.335,0,nan,142,0.0,142,0.02199999988079071
578,78,5,-0.855,1.335,0,nan,142,0.0,142,0.02199999988079071
579,79,5,-0.8849999999999998,1.335,0,nan,142,0.0,142,0.02199999988079071
580,80,5,-0.915,1.335,0,nan,142,0.0,142,0.02199999988079071
581,81,5,-0.9449999999999998,1.335,0,nan,142,0.0,142,0.02199999988079071
582,82,5,-0.9750000000000001,1.335,0,nan,142,0.0,142,0.02199999988079071
583,83,5,-1.005,1.335,0,nan,142,0.0,142,0.02199999988079071
584,84,5,-1.0349999999999997,1.335,0,nan,142,0.0,142,0.02199999988079071
585,85,5,-1.065,1.335,0,nan,142,0.0,142,0.02199999988079071
586,86,5,-1.0949999999999998,1.335,0,nan,142,0.0,142,0.02199999988079071
587,87,5,-1.125,1.335,0,nan,142,0.0,142,0.02199999988079071
588,88,5,-1.1549999999999998,1.335,0,nan,142,0.0,142,0.02199999988079071
589,89,5,-1.185,1.335,0,nan,142,0.0,142,0.02199999988079071
590,90,5,-1.2149999999999999,1.335,0,nan,142,0.0,142,0.02199999988079071
591,91,5,-1.245,1.335,0,nan,142,0.0,142,0.02199999988079071
592,92,5,-1.275,1.335,0,nan,142,0.0,142,0.02199999988079071
593,93,5,-1.3049999999999997,1.335,0,nan,142,0.0,142,0.02199999988079071
594,94,5,-1.335,1.335,0,nan,142,0.0,142,0.02199999988079071
595,95,5,-1.3649999999999998,1.335,0,nan,142,0.0,142,0.02199999988079071
596,96,5,-1.395,1.335,0,nan,142,0.0,142,0.02199999988079071
597,97,5,-1.4249999999999998,1.335,0,nan,142,0.0,142,0.0
598,98,5,-1.455,1.335,0,nan,142,0.0,142,0.0
599,99,5,-1.4849999999999999,1.335,0,nan,142,0.0,142,0.0
600,0,6,1.485,1.305,0,nan,142,0.0,142,0.0
601,1,6,1.455,1.305,0,nan,142,0.0,142,0.0
602,2,6,1.425,1.305,0,nan,142,0.0,142,0.0
603,3,6,1.395,1.305,0,nan,142,0.0,142,0.02199999988079071
604,4,6,1.365,1.305,0,nan,142,0.0,142,0.02199999988079071
605,5,6,1.335,1.305,0,nan,142,0.0,142,0.02199999988079071
606,6,6,1.305,1.305,0,nan,142,0.0,142,0.02199999988079071
607,7,6,1.275,1.305,0,nan,142,0.0,142,0.02199999988079071
608,8,6,1.245,1.305,0,nan,142,0.0,142,0.02199999988079071
609,9,6,1.215,1.305,0,nan,142,0.0,142,0.02199999988079071
610,10,6,1.185,1.305,0,nan,142,0.0,142,0.02199999988079071
611,11,6,1.155,1.305,0,nan,142,0.0,142,0.02199999988079071
612,12,6,1.125,1.305,0,nan,142,0.0,142,0.02199999988079071
613,13,6,1.095,1.305,0,nan,142,0.0,142,0.02199999988079071
614,14,6,1.065,1.305,0,nan,142,0.0,142,0.02199999988079071
615,15,6,1.0350000000000001,1.305,0,nan,142,0.0,142,0.02199999988079071
616,16,6,1.005,1.305,0,nan,142,0.0,142,0.02199999988079071
617,17,6,0.975,1.305,0,nan,142,0.0,142,0.02199999988079071
618,18,6,0.9450000000000001,1.305,0,nan,142,0.0,142,0.02199999988079071
619,19,6,0.915,1.305,0,nan,142,0.0,142,0.02199999988079071
620,20,6,0.885,1.305,0,nan,142,0.0,142,0.02199999988079071
621,21,6,0.855,1.305,0,nan,142,0.0,142,0.02199999988079071
622,22,6,0.8250000000000001,1.305,0,nan,142,0.0,142,0.02199999988079071
623,23,6,0.795,1.305,0,nan,142,0.0,142,0.02199999988079071
624,24,6,0.765,1.305,0,nan,142,0.0,142,0.02199999988079071
625,25,6,0.735,1.305,0,nan,142,0.0,142,0.02199999988079071
626,26,6,0.7050000000000001,1.305,0,nan,142,0.0,142,0.02199999988079071
627,27,6,0.675,1.305,0,nan,142,0.0,142,0.02199999988079071
628,28,6,0.645,1.305,0,nan,142,0.0,142,0.02199999988079071
629,29,6,0.615,1.305,0,nan,142,0.0,142,0.02199999988079071
630,30,6,0.5850000000000001,1.305,0,nan,142,0.0,142,0.02199999988079071
631,31,6,0.555,1.305,0,nan,142,0.0,142,0.02199999988079071
632,32,6,0.525,1.305,0,nan,142,0.0,142,0.02199999988079071
633,33,6,0.4950000000000001,1.305,0,nan,142,0.0,142,0.02199999988079071
634,34,6,0.4650000000000001,1.305,0,nan,142,0.0,142,0.02199999988079071
635,35,6,0.43500000000000005,1.305,0,nan,142,0.0,142,0.02199999988079071
636,36,6,0.405,1.305,0,nan,142,0.0,142,0.02199999988079071
637,37,6,0.375,1.305,0,nan,142,0.0,142,0.02199999988079071
638,38,6,0.345,1.305,0,nan,142,0.0,142,0.02199999988079071
639,39,6,0.31499999999999995,1.305,0,nan,142,0.0,142,0.02199999988079071
640,40,6,0.28500000000000014,1.305,0,nan,142,0.0,142,0.02199999988079071
641,41,6,0.2550000000000001,1.305,0,nan,142,0.0,142,0.02199999988079071
642,42,6,0.2250000000000001,1.305,0,nan,142,0.0,142,0.02199999988079071
643,43,6,0.19500000000000006,1.305,0,nan,142,0.0,142,0.02199999988079071
644,44,6,0.16500000000000004,1.305,0,nan,142,0.0,142,0.02199999988079071
645,45,6,0.135,1.305,0,nan,142,0.0,142,0.02199999988079071
646,46,6,0.10499999999999998,1.305,0,nan,142,0.0,142,0.02199999988079071
647,47,6,0.07499999999999996,1.305,0,nan,142,0.0,142,0.02199999988079071
648,48,6,0.04500000000000015,1.305,0,nan,142,0.0,142,0.02199999988079071
649,49,6,0.015000000000000124,1.305,0,nan,142,0.0,142,0.02199999988079071
650,50,6,-0.014999999999999902,1.305,0,nan,142,0.0,142,0.02199999988079071
651,51,6,-0.04499999999999993,1.305,0,nan,142,0.0,142,0.02199999988079071
652,52,6,-0.07499999999999996,1.305,0,nan,142,0.0,142,0.02199999988079071
653,53,6,-0.10499999999999998,1.305,0,nan,142,0.0,142,0.02199999988079071
654,54,6,-0.135,1.305,0,nan,142,0.0,142,0.02199999988079071
655,55,6,-0.16500000000000004,1.305,0,nan,142,0.0,142,0.02199999988079071
656,56,6,-0.19499999999999984,1.305,0,nan,142,0.0,142,0.02199999988079071
657,57,6,-0.22499999999999987,1.305,0,nan,142,0.0,142,0.02199999988079071
658,58,6,-0.2549999999999999,1.305,0,nan,142,0.0,142,0.02199999988079071
659,59,6,-0.2849999999999999,1.305,0,nan,142,0.0,142,0.02199999988079071
660,60,6,-0.31499999999999995,1.305,0,nan,142,0.0,142,0.02199999988079071
661,61,6,-0.345,1.305,0,nan,142,0.0,142,0.02199999988079071
662,62,6,-0.375,1.305,0,nan,142,0.0,142,0.02199999988079071
663,63,6,-0.405,1.305,0,nan,142,0.0,142,0.02199999988079071
664,64,6,-0.43499999999999983,1.305,0,nan,142,0.0,142,0.02199999988079071
665,65,6,-0.46499999999999986,1.305,0,nan,142,0.0,142,0.02199999988079071
666,66,6,-0.4949999999999999,1.305,0,nan,142,0.0,142,0.02199999988079071
667,67,6,-0.5249999999999999,1.305,0,nan,142,0.0,142,0.02199999988079071
668,68,6,-0.5549999999999997,1.305,0,nan,142,0.0,142,0.02199999988079071
669,69,6,-0.585,1.305,0,nan,142,0.0,142,0.02199999988079071
670,70,6,-0.6149999999999998,1.305,0,nan,142,0.0,142,0.02199999988079071
671,71,6,-0.645,1.305,0,nan,142,0.0,142,0.02199999988079071
672,72,6,-0.6749999999999998,1.305,0,nan,142,0.0,142,0.02199999988079071
673,73,6,-0.7050000000000001,1.305,0,nan,142,0.0,142,0.02199999988079071
674,74,6,-0.7349999999999999,1.305,0,nan,142,0.0,142,0.02199999988079071
675,75,6,-0.7650000000000001,1.305,0,nan,142,0.0,142,0.02199999988079071
676,76,6,-0.7949999999999999,1.305,0,nan,142,0.0,142,0.02199999988079071
677,77,6,-0.8249999999999997,1.305,0,nan,142,0.0,142,0.02199999988079071
678,78,6,-0.855,1.305,0,nan,142,0.0,142,0.02199999988079071
679,79,6,-0.8849999999999998,1.305,0,nan,142,0.0,142,0.02199999988079071
680,80,6,-0.915,1.305,0,nan,142,0.0,142,0.02199999988079071
681,81,6,-0.9449999999999998,1.305,0,nan,142,0.0,142,0.02199999988079071
682,82,6,-0.9750000000000001,1.305,0,nan,142,0.0,142,0.02199999988079071
683,83,6,-1.005,1.305,0,nan,142,0.0,142,0.02199999988079071
684,84,6,-1.0349999999999997,1.305,0,nan,142,0.0,142,0.02199999988079071
685,85,6,-1.065,1.305,0,nan,142,0.0,142,0.02199999988079071
686,86,6,-1.0949999999999998,1.305,0,nan,142,0.0,142,0.02199999988079071
687,87,6,-1.125,1.305,0,nan,142,0.0,142,0.02199999988079071
688,88,6,-1.1549999999999998,1.305,0,nan,142,0.0,142,0.02199999988079071
689,89,6,-1.185,1.305,0,nan,142,0.0,142,0.02199999988079071
690,90,6,-1.2149999999999999,1.305,0,nan,142,0.0,142,0.02199999988079071
691,91,6,-1.245,1.305,0,nan,142,0.0,142,0.02199999988079071
692,92,6,-1.275,1.305,0,nan,142,0.0,142,0.02199999988079071
693,93,6,-1.3049999999999997,1.305,0,nan,142,0.0,142,0.02199999988079071
694,94,6,-1.335,1.305,0,nan,142,0.0,142,0.02199999988079071
695,95,6,-1.3649999999999998,1.305,0,nan,142,0.0,142,0.02199999988079071
696,96,6,-1.395,1.305,0,nan,142,0.0,142,0.02199999988079071
697,97,6,-1.4249999999999998,1.305,0,nan,142,0.0,142,0.0
698,98,6,-1.455,1.305,0,nan,142,0.0,142,0.0
699,99,6,-1.4849999999999999,1.305,0,nan,142,0.0,142,0.0
700,0,7,1.485,1.275,0,nan,142,0.0,142,0.0
701,1,7,1.455,1.275,0,nan,142,0.0,142,0.0
702,2,7,1.425,1.275,0,nan,142,0.0,142,0.0
703,3,7,1.395,1.275,0,nan,142,0.0,142,0.02199999988079071
704,4,7,1.365,1.275,0,nan,142,0.0,142,0.02199999988079071
705,5,7,1.335,1.275,0,nan,142,0.0,142,0.02199999988079071
706,6,7,1.305,1.275,0,nan,142,0.0,142,0.02199999988079071
707,7,7,1.275,1.275,0,nan,142,0.0,142,0.02199999988079071
708,8,7,1.245,1.275,0,nan,142,0.0,142,0.02199999988079071
709,9,7,1.215,1.275,0,nan,142,0.0,142,0.02199999988079071
710,10,7,1.185,1.275,0,nan,142,0.0,142,0.02199999988079071
711,11,7,1.155,1.275,0,nan,142,0.0,142,0.02199999988079071
712,12,7,1.125,1.275,0,nan,142,0.0,142,0.02199999988079071
713,13,7,1.095,1.275,0,nan,142,0.0,142,0.02199999988079071
714,14,7,1.065,1.275,0,nan,142,0.0,142,0.02199999988079071
715,15,7,1.0350000000000001,1.275,0,nan,142,0.0,142,0.02199999988079071
716,16,7,1.005,1.275,0,nan,142,0.0,142,0.02199999988079071
717,17,7,0.975,1.275,0,nan,142,0.0,142,0.02199999988079071
718,18,7,0.9450000000000001,1.275,0,nan,142,0.0,142,0.02199999988079071
719,19,7,0.915,1.275,0,nan,142,0.0,142,0.02199999988079071
720,20,7,0.885,1.275,0,nan,142,0.0,142,0.02199999988079071
721,21,7,0.855,1.275,0,nan,142,0.0,142,0.02199999988079071
722,22,7,0.8250000000000001,1.275,0,nan,142,0.0,142,0.02199999988079071
723,23,7,0.795,1.275,0,nan,142,0.0,142,0.02199999988079071
724,24,7,0.765,1.275,0,nan,142,0.0,142,0.02199999988079071
725,25,7,0.735,1.275,0,nan,142,0.0,142,0.02199999988079071
726,26,7,0.7050000000000001,1.275,0,nan,142,0.0,142,0.02199999988079071
727,27,7,0.675,1.275,0,nan,142,0.0,142,0.02199999988079071
728,28,7,0.645,1.275,0,nan,142,0.0,142,0.02199999988079071
729,29,7,0.615,1.275,0,nan,142,0.0,142,0.02199999988079071
730,30,7,0.5850000000000001,1.275,0,nan,142,0.0,142,0.02199999988079071
731,31,7,0.555,1.275,0,nan,142,0.0,142,0.02199999988079071
732,32,7,0.525,1.275,0,nan,142,0.0,142,0.02199999988079071
733,33,7,0.4950000000000001,1.275,0,nan,142,0.0,142,0.02199999988079071
734,34,7,0.4650000000000001,1.275,0,nan,142,0.0,142,0.02199999988079071
735,35,7,0.43500000000000005,1.275,0,nan,142,0.0,142,0.02199999988079071
736,36,7,0.405,1.275,0,nan,142,0.0,142,0.02199999988079071
737,37,7,0.375,1.275,0,nan,142,0.0,142,0.02199999988079071
738,38,7,0.345,1.275,0,nan,142,0.0,142,0.02199999988079071
739,39,7,0.31499999999999995,1.275,0,nan,142,0.0,142,0.02199999988079071
740,40,7,0.28500000000000014,1.275,0,nan,142,0.0,142,0.02199999988079071
741,41,7,0.2550000000000001,1.275,0,nan,142,0.0,142,0.02199999988079071
742,42,7,0.2250000000000001,1.275,0,nan,142,0.0,142,0.02199999988079071
743,43,7,0.19500000000000006,1.275,0,nan,142,0.0,142,0.02199999988079071
744,44,7,0.16500000000000004,1.275,0,nan,142,0.0,142,0.02199999988079071
745,45,7,0.135,1.275,0,nan,142,0.0,142,0.02199999988079071
746,46,7,0.10499999999999998,1.275,0,nan,142,0.0,142,0.02199999988079071
747,47,7,0.07499999999999996,1.275,0,nan,142,0.0,142,0.02199999988079071
748,48,7,0.04500000000000015,1.275,0,nan,142,0.0,142,0.02199999988079071
749,49,7,0.015000000000000124,1.275,0,nan,142,0.0,142,0.02199999988079071
750,50,7,-0.014999999999999902,1.275,0,nan,142,0.0,142,0.02199999988079071
751,51,7,-0.04499999999999993,1.275,0,nan,142,0.0,142,0.02199999988079071
752,52,7,-0.07499999999999996,1.275,0,nan,142,0.0,142,0.02199999988079071
753,53,7,-0.10499999999999998,1.275,0,nan,142,0.0,142,0.02199999988079071
754,54,7,-0.135,1.275,0,nan,142,0.0,142,0.02199999988079071
755,55,7,-0.16500000000000004,1.275,0,nan,142,0.0,142,0.02199999988079071
756,56,7,-0.19499999999999984,1.275,0,nan,142,0.0,142,0.02199999988079071
757,57,7,-0.22499999999999987,1.275,0,nan,142,0.0,142,0.02199999988079071
758,58,7,-0.2549999999999999,1.275,0,nan,142,0.0,142,0.02199999988079071
759,59,7,-0.2849999999999999,1.275,0,nan,142,0.0,142,0.02199999988079071
760,60,7,-0.31499999999999995,1.275,0,nan,142,0.0,142,0.02199999988079071
761,61,7,-0.345,1.275,0,nan,142,0.0,142,0.02199999988079071
762,62,7,-0.375,1.275,0,nan,142,0.0,142,0.02199999988079071
763,63,7,-0.405,1.275,0,nan,142,0.0,142,0.02199999988079071
764,64,7,-0.43499999999999983,1.275,0,nan,142,0.0,142,0.02199999988079071
765,65,7,-0.46499999999999986,1.275,0,nan,142,0.0,142,0.02199999988079071
766,66,7,-0.4949999999999999,1.275,0,nan,142,0.0,142,0.02199999988079071
767,67,7,-0.5249999999999999,1.275,0,nan,142,0.0,142,0.02199999988079071
768,68,7,-0.5549999999999997,1.275,0,nan,142,0.0,142,0.02199999988079071
769,69,7,-0.585,1.275,0,nan,142,0.0,142,0.02199999988079071
770,70,7,-0.6149999999999998,1.275,0,nan,142,0.0,142,0.02199999988079071
771,71,7,-0.645,1.275,0,nan,142,0.0,142,0.02199999988079071
772,72,7,-0.6749999999999998,1.275,0,nan,142,0.0,142,0.02199999988079071
773,73,7,-0.7050000000000001,1.275,0,nan,142,0.0,142,0.02199999988079071
774,74,7,-0.7349999999999999,1.275,0,nan,142,0.0,142,0.02199999988079071
775,75,7,-0.7650000000000001,1.275,0,nan,142,0.0,142,0.02199999988079071
776,76,7,-0.7949999999999999,1.275,0,nan,142,0.0,142,0.02199999988079071
777,77,7,-0.8249999999999997,1.275,0,nan,142,0.0,142,0.02199999988079071
778,78,7,-0.855,1.275,0,nan,142,0.0,142,0.02199999988079071
779,79,7,-0.8849999999999998,1.275,0,nan,142,0.0,142,0.02199999988079071
780,80,7,-0.915,1.275,0,nan,142,0.0,142,0.02199999988079071
781,81,7,-0.9449999999999998,1.275,0,nan,142,0.0,142,0.02199999988079071
782,82,7,-0.9750000000000001,1.275,0,nan,142,0.0,142,0.02199999988079071
783,83,7,-1.005,1.275,0,nan,142,0.0,142,0.02199999988079071
784,84,7,-1.0349999999999997,1.275,0,nan,142,0.0,142,0.02199999988079071
785,85,7,-1.065,1.275,0,nan,142,0.0,142,0.02199999988079071
786,86,7,-1.0949999999999998,1.275,0,nan,142,0.0,142,0.02199999988079071
787,87,7,-1.125,1.275,0,nan,142,0.0,142,0.02199999988079071
788,88,7,-1.1549999999999998,1.275,0,nan,142,0.0,142,0.02199999988079071
789,89,7,-1.185,1.275,0,nan,142,0.0,142,0.02199999988079071
790,90,7,-1.2149999999999999,1.275,0,nan,142,0.0,142,0.02199999988079071
791,91,7,-1.245,1.275,0,nan,142,0.0,142,0.02199999988079071
792,92,7,-1.275,1.275,0,nan,142,0.0,142,0.02199999988079071
793,93,7,-1.3049999999999997,1.275,0,nan,142,0.0,142,0.02199999988079071
794,94,7,-1.335,1.275,0,nan,142,0.0,142,0.02199999988079071
795,95,7,-1.3649999999999998,1.275,0,nan,142,0.0,142,0.02199999988079071
796,96,7,-1.395,1.275,0,nan,142,0.0,142,0.02199999988079071
797,97,7,-1.4249999999999998,1.275,0,nan,142,0.0,142,0.0
798,98,7,-1.455,1.275,0,nan,142,0.0,142,0.0
799,99,7,-1.4849999999999999,1.275,0,nan,142,0.0,142,0.0
800,0,8,1.485,1.245,0,nan,142,0.0,142,0.0
801,1,8,1.455,1.245,0,nan,142,0.0,142,0.0
802,2,8,1.425,1.245,0,nan,142,0.0,142,0.0
803,3,8,1.395,1.245,0,nan,142,0.0,142,0.02199999988079071
804,4,8,1.365,1.245,0,nan,142,0.0,142,0.02199999988079071
805,5,8,1.335,1.245,0,nan,142,0.0,142,0.02199999988079071
806,6,8,1.305,1.245,0,nan,142,0.0,142,0.02199999988079071
807,7,8,1.275,1.245,0,nan,142,0.0,142,0.02199999988079071
808,8,8,1.245,1.245,0,nan,142,0.0,142,0.02199999988079071
809,9,8,1.215,1.245,0,nan,142,0.0,142,0.02199999988079071
810,10,8,1.185,1.245,0,nan,142,0.0,142,0.02199999988079071
811,11,8,1.155,1.245,0,nan,142,0.0,142,0.02199999988079071
812,12,8,1.125,1.245,0,nan,142,0.0,142,0.02199999988079071
813,13,8,1.095,1.245,0,nan,142,0.0,142,0.02199999988079071
814,14,8,1.065,1.245,0,nan,142,0.0,142,0.02199999988079071
815,15,8,1.0350000000000001,1.245,0,nan,142,0.0,142,0.02199999988079071
816,16,8,1.005,1.245,0,nan,142,0.0,142,0.02199999988079071
817,17,8,0.975,1.245,0,nan,142,0.0,142,0.02199999988079071
818,18,8,0.9450000000000001,1.245,0,nan,142,0.0,142,0.02199999988079071
819,19,8,0.915,1.245,0,nan,142,0.0,142,0.02199999988079071
820,20,8,0.885,1.245,0,nan,142,0.0,142,0.02199999988079071
821,21,8,0.855,1.245,0,nan,142,0.0,142,0.02199999988079071
822,22,8,0.8250000000000001,1.245,0,nan,142,0.0,142,0.02199999988079071
823,23,8,0.795,1.245,0,nan,142,0.0,142,0.02199999988079071
824,24,8,0.765,1.245,0,nan,142,0.0,142,0.02199999988079071
825,25,8,0.735,1.245,0,nan,142,0.0,142,0.02199999988079071
826,26,8,0.7050000000000001,1.245,0,nan,142,0.0,142,0.02199999988079071
827,27,8,0.675,1.245,0,nan,142,0.0,142,0.02199999988079071
828,28,8,0.645,1.245,0,nan,142,0.0,142,0.02199999988079071
829,29,8,0.615,1.245,0,nan,142,0.0,142,0.02199999988079071
830,30,8,0.5850000000000001,1.245,0,nan,142,0.0,142,0.02199999988079071
831,31,8,0.555,1.245,0,nan,142,0.0,142,0.02199999988079071
832,32,8,0.525,1.245,0,nan,142,0.0,142,0.02199999988079071
833,33,8,0.4950000000000001,1.245,0,nan,142,0.0,142,0.02199999988079071
834,34,8,0.4650000000000001,1.245,0,nan,142,0.0,142,0.02199999988079071
835,35,8,0.43500000000000005,1.245,0,nan,142,0.0,142,0.02199999988079071
836,36,8,0.405,1.245,0,nan,142,0.0,142,0.02199999988079071
837,37,8,0.375,1.245,0,nan,142,0.0,142,0.02199999988079071
838,38,8,0.345,1.245,0,nan,142,0.0,142,0.02199999988079071
839,39,8,0.31499999999999995,1.245,0,nan,142,0.0,142,0.02199999988079071
840,40,8,0.28500000000000014,1.245,0,nan,142,0.0,142,0.02199999988079071
841,41,8,0.2550000000000001,1.245,0,nan,142,0.0,142,0.02199999988079071
842,42,8,0.2250000000000001,1.245,0,nan,142,0.0,142,0.02199999988079071
843,43,8,0.19500000000000006,1.245,0,nan,142,0.0,142,0.02199999988079071
844,44,8,0.16500000000000004,1.245,0,nan,142,0.0,142,0.02199999988079071
845,45,8,0.135,1.245,0,nan,142,0.0,142,0.02199999988079071
846,46,8,0.10499999999999998,1.245,0,nan,142,0.0,142,0.02199999988079071
847,47,8,0.07499999999999996,1.245,0,nan,142,0.0,142,0.02199999988079071
848,48,8,0.04500000000000015,1.245,0,nan,142,0.0,142,0.02199999988079071
849,49,8,0.015000000000000124,1.245,0,nan,142,0.0,142,0.02199999988079071
850,50,8,-0.014999999999999902,1.245,0,nan,142,0.0,142,0.02199999988079071
851,51,8,-0.04499999999999993,1.245,0,nan,142,0.0,142,0.02199999988079071
852,52,8,-0.07499999999999996,1.245,0,nan,142,0.0,142,0.02199999988079071
853,53,8,-0.10499999999999998,1.245,0,nan,142,0.0,142,0.02199999988079071
854,54,8,-0.135,1.245,0,nan,142,0.0,142,0.02199999988079071
855,55,8,-0.16500000000000004,1.245,0,nan,142,0.0,142,0.02199999988079071
856,56,8,-0.19499999999999984,1.245,0,nan,142,0.0,142,0.02199999988079071
857,57,8,-0.22499999999999987,1.245,0,nan,142,0.0,142,0.02199999988079071
858,58,8,-0.2549999999999999,1.245,0,nan,142,0.0,142,0.02199999988079071
859,59,8,-0.2849999999999999,1.245,0,nan,142,0.0,142,0.02199999988079071
860,60,8,-0.31499999999999995,1.245,0,nan,142,0.0,142,0.02199999988079071
861,61,8,-0.345,1.245,0,nan,142,0.0,142,0.02199999988079071
862,62,8,-0.375,1.245,0,nan,142,0.0,142,0.02199999988079071
863,63,8,-0.405,1.245,0,nan,142,0.0,142,0.02199999988079071
864,64,8,-0.43499999999999983,1.245,0,nan,142,0.0,142,0.02199999988079071
865,65,8,-0.46499999999999986,1.245,0,nan,142,0.0,142,0.02199999988079071
866,66,8,-0.4949999999999999,1.245,0,nan,142,0.0,142,0.02199999988079071
867,67,8,-0.5249999999999999,1.245,0,nan,142,0.0,142,0.02199999988079071
868,68,8,-0.5549999999999997,1.245,0,nan,142,0.0,142,0.02199999988079071
869,69,8,-0.585,1.245,0,nan,142,0.0,142,0.02199999988079071
870,70,8,-0.6149999999999998,1.245,0,nan,142,0.0,142,0.02199999988079071
871,71,8,-0.645,1.245,0,nan,142,0.0,142,0.02199999988079071
872,72,8,-0.6749999999999998,1.245,0,nan,142,0.0,142,0.02199999988079071
873,73,8,-0.7050000000000001,1.245,0,nan,142,0.0,142,0.02199999988079071
874,74,8,-0.7349999999999999,1.245,0,nan,142,0.0,142,0.02199999988079071
875,75,8,-0.7650000000000001,1.245,0,nan,142,0.0,142,0.02199999988079071
876,76,8,-0.7949999999999999,1.245,0,nan,142,0.0,142,0.02199999988079071
877,77,8,-0.8249999999999997,1.245,0,nan,142,0.0,142,0.02199999988079071
878,78,8,-0.855,1.245,0,nan,142,0.0,142,0.02199999988079071
879,79,8,-0.8849999999999998,1.245,0,nan,142,0.0,142,0.02199999988079071
880,80,8,-0.915,1.245,0,nan,142,0.0,142,0.02199999988079071
881,81,8,-0.9449999999999998,1.245,0,nan,142,0.0,142,0.02199999988079071
882,82,8,-0.9750000000000001,1.245,0,nan,142,0.0,142,0.02199999988079071
883,83,8,-1.005,1.245,0,nan,142,0.0,142,0.02199999988079071
884,84,8,-1.0349999999999997,1.245,0,nan,142,0.0,142,0.02199999988079071
885,85,8,-1.065,1.245,0,nan,142,0.0,142,0.02199999988079071
886,86,8,-1.0949999999999998,1.245,0,nan,142,0.0,142,0.02199999988079071
887,87,8,-1.125,1.245,0,nan,142,0.0,142,0.02199999988079071
888,88,8,-1.1549999999999998,1.245,0,nan,142,0.0,142,0.02199999988079071
889,89,8,-1.185,1.245,0,nan,142,0.0,142,0.02199999988079071
890,90,8,-1.2149999999999999,1.245,0,nan,142,0.0,142,0.02199999988079071
891,91,8,-1.245,1.245,0,nan,142,0.0,142,0.02199999988079071
892,92,8,-1.275,1.245,0,nan,142,0.0,142,0.02199999988079071
893,93,8,-1.3049999999999997,1.245,0,nan,142,0.0,142,0.02199999988079071
894,94,8,-1.335,1.245,0,nan,142,0.0,142,0.02199999988079071
895,95,8,-1.3649999999999998,1.245,0,nan,142,0.0,142,0.02199999988079071
896,96,8,-1.395,1.245,0,nan,142,0.0,142,0.02199999988079071
897,97,8,-1.4249999999999998,1.245,0,nan,142,0.0,142,0.0
898,98,8,-1.455,1.245,0,nan,142,0.0,142,0.0
899,99,8,-1.4849999999999999,1.245,0,nan,142,0.0,142,0.0
900,0,9,1.485,1.215,0,nan,142,0.0,142,0.0
901,1,9,1.455,1.215,0,nan,142,0.0,142,0.0
902,2,9,1.425,1.215,0,nan,142,0.0,142,0.0
903,3,9,1.395,1.215,0,nan,142,0.0,142,0.02199999988079071
904,4,9,1.365,1.215,0,nan,142,0.0,142,0.02199999988079071
905,5,9,1.335,1.215,0,nan,142,0.0,142,0.02199999988079071
906,6,9,1.305,1.215,0,nan,142,0.0,142,0.02199999988079071
907,7,9,1.275,1.215,0,nan,142,0.0,142,0.02199999988079071
908,8,9,1.245,1.215,0,nan,142,0.0,142,0.02199999988079071
909,9,9,1.215,1.215,0,nan,142,0.0,142,0.02199999988079071
910,10,9,1.185,1.215,0,nan,142,0.0,142,0.02199999988079071
911,11,9,1.155,1.215,0,nan,142,0.0,142,0.02199999988079071
912,12,9,1.125,1.215,0,nan,142,0.0,142,0.02199999988079071
913,13,9,1.095,1.215,0,nan,142,0.0,142,0.02199999988079071
914,14,9,1.065,1.215,0,nan,142,0.0,142,0.02199999988079071
915,15,9,1.0350000000000001,1.215,0,nan,142,0.0,142,0.02199999988079071
916,16,9,1.005,1.215,0,nan,142,0.0,142,0.02199999988079071
917,17,9,0.975,1.215,0,nan,142,0.0,142,0.02199999988079071
918,18,9,0.9450000000000001,1.215,0,nan,142,0.0,142,0.02199999988079071
919,19,9,0.915,1.215,0,nan,142,0.0,142,0.02199999988079071
920,20,9,0.885,1.215,0,nan,142,0.0,142,0.02199999988079071
921,21,9,0.855,1.215,0,nan,142,0.0,142,0.02199999988079071
922,22,9,0.8250000000000001,1.215,0,nan,142,0.0,142,0.02199999988079071
923,23,9,0.795,1.215,0,nan,142,0.0,142,0.02199999988079071
924,24,9,0.765,1.215,0,nan,142,0.0,142,0.02199999988079071
925,25,9,0.735,1.215,0,nan,142,0.0,142,0.02199999988079071
926,26,9,0.7050000000000001,1.215,0,nan,142,0.0,142,0.02199999988079071
927,27,9,0.675,1.215,0,nan,142,0.0,142,0.02199999988079071
928,28,9,0.645,1.215,0,nan,142,0.0,142,0.02199999988079071
929,29,9,0.615,1.215,0,nan,142,0.0,142,0.02199999988079071
930,30,9,0.5850000000000001,1.215,0,nan,142,0.0,142,0.02199999988079071
931,31,9,0.555,1.215,0,nan,142,0.0,142,0.02199999988079071
932,32,9,0.525,1.215,0,nan,142,0.0,142,0.02199999988079071
933,33,9,0.4950000000000001,1.215,0,nan,142,0.0,142,0.02199999988079071
934,34,9,0.4650000000000001,1.215,0,nan,142,0.0,142,0.02199999988079071
935,35,9,0.43500000000000005,1.215,0,nan,142,0.0,142,0.02199999988079071
936,36,9,0.405,1.215,0,nan,142,0.0,142,0.02199999988079071
937,37,9,0.375,1.215,0,nan,142,0.0,142,0.02199999988079071
938,38,9,0.345,1.215,0,nan,142,0.0,142,0.02199999988079071
939,39,9,0.31499999999999995,1.215,0,nan,142,0.0,142,0.02199999988079071
940,40,9,0.28500000000000014,1.215,0,nan,142,0.0,142,0.02199999988079071
941,41,9,0.2550000000000001,1.215,0,nan,142,0.0,142,0.02199999988079071
942,42,9,0.2250000000000001,1.215,0,nan,142,0.0,142,0.02199999988079071
943,43,9,0.19500000000000006,1.215,0,nan,142,0.0,142,0.02199999988079071
944,44,9,0.16500000000000004,1.215,0,nan,142,0.0,142,0.02199999988079071
945,45,9,0.135,1.215,0,nan,142,0.0,142,0.02199999988079071
946,46,9,0.10499999999999998,1.215,0,nan,142,0.0,142,0.02199999988079071
947,47,9,0.07499999999999996,1.215,0,nan,142,0.0,142,0.02199999988079071
948,48,9,0.04500000000000015,1.215,0,nan,142,0.0,142,0.02199999988079071
949,49,9,0.015000000000000124,1.215,0,nan,142,0.0,142,0.02199999988079071
950,50,9,-0.014999999999999902,1.215,0,nan,142,0.0,142,0.02199999988079071
951,51,9,-0.04499999999999993,1.215,0,nan,142,0.0,142,0.02199999988079071
952,52,9,-0.07499999999999996,1.215,0,nan,142,0.0,142,0.02199999988079071
953,53,9,-0.10499999999999998,1.215,0,nan,142,0.0,142,0.02199999988079071
954,54,9,-0.135,1.215,0,nan,142,0.0,142,0.02199999988079071
955,55,9,-0.16500000000000004,1.215,0,nan,142,0.0,142,0.02199999988079071
956,56,9,-0.19499999999999984,1.215,0,nan,142,0.0,142,0.02199999988079071
957,57,9,-0.22499999999999987,1.215,0,nan,142,0.0,142,0.02199999988079071
958,58,9,-0.2549999999999999,1.215,0,nan,142,0.0,142,0.02199999988079071
959,59,9,-0.2849999999999999,1.215,0,nan,142,0.0,142,0.02199999988079071
960,60,9,-0.31499999999999995,1.215,0,nan,142,0.0,142,0.02199999988079071
961,61,9,-0.345,1.215,0,nan,142,0.0,142,0.02199999988079071
962,62,9,-0.375,1.215,0,nan,142,0.0,142,0.02199999988079071
963,63,9,-0.405,1.215,0,nan,142,0.0,142,0.02199999988079071
964,64,9,-0.43499999999999983,1.215,0,nan,142,0.0,142,0.02199999988079071
965,65,9,-0.46499999999999986,1.215,0,nan,142,0.0,142,0.02199999988079071
966,66,9,-0.4949999999999999,1.215,0,nan,142,0.0,142,0.02199999988079071
967,67,9,-0.5249999999999999,1.215,0,nan,142,0.0,142,0.02199999988079071
968,68,9,-0.5549999999999997,1.215,0,nan,142,0.0,142,0.02199999988079071
969,69,9,-0.585,1.215,0,nan,142,0.0,142,0.02199999988079071
970,70,9,-0.6149999999999998,1.215,0,nan,142,0.0,142,0.02199999988079071
971,71,9,-0.645,1.215,0,nan,142,0.0,142,0.02199999988079071
972,72,9,-0.6749999999999998,1.215,0,nan,142,0.0,142,0.02199999988079071
973,73,9,-0.7050000000000001,1.215,0,nan,142,0.0,142,0.02199999988079071
974,74,9,-0.7349999999999999,1.215,0,nan,142,0.0,142,0.02199999988079071
975,75,9,-0.7650000000000001,1.215,0,nan,142,0.0,142,0.02199999988079071
976,76,9,-0.7949999999999999,1.215,0,nan,142,0.0,142,0.02199999988079071
977,77,9,-0.8249999999999997,1.215,0,nan,142,0.0,142,0.02199999988079071
978,78,9,-0.855,1.215,0,nan,142,0.0,142,0.02199999988079071
979,79,9,-0.8849999999999998,1.215,0,nan,142,0.0,142,0.02199999988079071
980,80,9,-0.915,1.215,0,nan,142,0.0,142,0.02199999988079071
981,81,9,-0.9449999999999998,1.215,0,nan,142,0.0,142,0.02199999988079071
982,82,9,-0.9750000000000001,1.215,0,nan,142,0.0,142,0.02199999988079071
983,83,9,-1.005,1.215,0,nan,142,0.0,142,0.02199999988079071
984,84,9,-1.0349999999999997,1.215,0,nan,142,0.0,142,0.02199999988079071
985,85,9,-1.065,1.215,0,nan,142,0.0,142,0.02199999988079071
986,86,9,-1.0949999999999998,1.215,0,nan,142,0.0,142,0.02199999988079071
987,87,9,-1.125,1.215,0,nan,142,0.0,142,0.02199999988079071
988,88,9,-1.1549999999999998,1.215,0,nan,142,0.0,142,0.02199999988079071
989,89,9,-1.185,1.215,0,nan,142,0.0,142,0.02199999988079071
990,90,9,-1.2149999999999999,1.215,0,nan,142,0.0,142,0.02199999988079071
991,91,9,-1.245,1.215,0,nan,142,0.0,142,0.02199999988079071
992,92,9,-1.275,1.215,0,nan,142,0.0,142,0.02199999988079071
993,93,9,-1.3049999999999997,1.215,0,nan,142,0.0,142,0.02199999988079071
994,94,9,-1.335,1.215,0,nan,142,0.0,142,0.02199999988079071
995,95,9,-1.3649999999999998,1.215,0,nan,142,0.0,142,0.02199999988079071
996,96,9,-1.395,1.215,0,nan,142,0.0,142,0.02199999988079071
997,97,9,-1.4249999999999998,1.215,0,nan,142,0.0,142,0.0
998,98,9,-1.455,1.215,0,nan,142,0.0,142,0.0
999,99,9,-1.4849999999999999,1.215,0,nan,142,0.0,142,0.0
1000,0,10,1.485,1.185,0,nan,142,0.0,142,0.0
1001,1,10,1.455,1.185,0,nan,142,0.0,142,0.0
1002,2,10,1.425,1.185,0,nan,142,0.0,142,0.0
1003,3,10,1.395,1.185,0,nan,142,0.0,142,0.02199999988079071
1004,4,10,1.365,1.185,0,nan,142,0.0,142,0.02199999988079071
1005,5,10,1.335,1.185,0,nan,142,0.0,142,0.02199999988079071
1006,6,10,1.305,1.185,0,nan,142,0.0,142,0.02199999988079071
1007,7,10,1.275,1.185,0,nan,142,0.0,142,0.02199999988079071
1008,8,10,1.245,1.185,0,nan,142,0.0,142,0.02199999988079071
1009,9,10,1.215,1.185,0,nan,142,0.0,142,0.02199999988079071
1010,10,10,1.185,1.185,0,nan,142,0.0,142,0.02199999988079071
1011,11,10,1.155,1.185,0,nan,142,0.0,142,0.02199999988079071
1012,12,10,1.125,1.185,0,nan,142,0.0,142,0.02199999988079071
1013,13,10,1.095,1.185,0,nan,142,0.0,142,0.02199999988079071
1014,14,10,1.065,1.185,0,nan,142,0.0,142,0.02199999988079071
1015,15,10,1.0350000000000001,1.185,0,nan,142,0.0,142,0.02199999988079071
1016,16,10,1.005,1.185,0,nan,142,0.0,142,0.02199999988079071
1017,17,10,0.975,1.185,0,nan,142,0.0,142,0.02199999988079071
1018,18,10,0.9450000000000001,1.185,0,nan,142,0.0,142,0.02199999988079071
1019,19,10,0.915,1.185,0,nan,142,0.0,142,0.02199999988079071
1020,20,10,0.885,1.185,0,nan,142,0.0,142,0.02199999988079071
1021,21,10,0.855,1.185,0,nan,142,0.0,142,0.02199999988079071
1022,22,10,0.8250000000000001,1.185,0,nan,142,0.0,142,0.02199999988079071
1023,23,10,0.795,1.185,0,nan,142,0.0,142,0.02199999988079071
1024,24,10,0.765,1.185,0,nan,142,0.0,142,0.02199999988079071
1025,25,10,0.735,1.185,0,nan,142,0.0,142,0.02199999988079071
1026,26,10,0.7050000000000001,1.185,0,nan,142,0.0,142,0.02199999988079071
1027,27,10,0.675,1.185,0,nan,142,0.0,142,0.02199999988079071
1028,28,10,0.645,1.185,0,nan,142,0.0,142,0.02199999988079071
1029,29,10,0.615,1.185,0,nan,142,0.0,142,0.02199999988079071
1030,30,10,0.5850000000000001,1.185,0,nan,142,0.0,142,0.02199999988079071
1031,31,10,0.555,1.185,0,nan,142,0.0,142,0.02199999988079071
1032,32,10,0.525,1.185,0,nan,142,0.0,142,0.02199999988079071
1033,33,10,0.4950000000000001,1.185,0,nan,142,0.0,142,0.02199999988079071
1034,34,10,0.4650000000000001,1.185,0,nan,142,0.0,142,0.02199999988079071
1035,35,10,0.43500000000000005,1.185,0,nan,142,0.0,142,0.02199999988079071
1036,36,10,0.405,1.185,0,nan,142,0.0,142,0.02199999988079071
1037,37,10,0.375,1.185,0,nan,142,0.0,142,0.02199999988079071
1038,38,10,0.345,1.185,0,nan,142,0.0,142,0.02199999988079071
1039,39,10,0.31499999999999995,1.185,0,nan,142,0.0,142,0.02199999988079071
1040,40,10,0.28500000000000014,1.185,0,nan,142,0.0,142,0.02199999988079071
1041,41,10,0.2550000000000001,1.185,0,nan,142,0.0,142,0.02199999988079071
1042,42,10,0.2250000000000001,1.185,0,nan,142,0.0,142,0.02199999988079071
1043,43,10,0.19500000000000006,1.185,0,nan,142,0.0,142,0.02199999988079071
1044,44,10,0.16500000000000004,1.185,0,nan,142,0.0,142,0.02199999988079071
1045,45,10,0.135,1.185,0,nan,142,0.0,142,0.02199999988079071
1046,46,10,0.10499999999999998,1.185,0,nan,142,0.0,142,0.02199999988079071
1047,47,10,0.07499999999999996,1.185,0,nan,142,0.0,142,0.02199999988079071
1048,48,10,0.04500000000000015,1.185,0,nan,142,0.0,142,0.02199999988079071
1049,49,10,0.015000000000000124,1.185,0,nan,142,0.0,142,0.02199999988079071
1050,50,10,-0.014999999999999902,1.185,0,nan,142,0.0,142,0.02199999988079071
1051,51,10,-0.04499999999999993,1.185,0,nan,142,0.0,142,0.02199999988079071
1052,52,10,-0.07499999999999996,1.185,0,nan,142,0.0,142,0.02199999988079071
1053,53,10,-0.10499999999999998,1.185,0,nan,142,0.0,142,0.02199999988079071
1054,54,10,-0.135,1.185,0,nan,142,0.0,142,0.02199999988079071
1055,55,10,-0.16500000000000004,1.185,0,nan,142,0.0,142,0.02199999988079071
1056,56,10,-0.19499999999999984,1.185,0,nan,142,0.0,142,0.02199999988079071
1057,57,10,-0.22499999999999987,1.185,0,nan,142,0.0,142,0.02199999988079071
1058,58,10,-0.2549999999999999,1.185,0,nan,142,0.0,142,0.02199999988079071
1059,59,10,-0.2849999999999999,1.185,0,nan,142,0.0,142,0.02199999988079071
1060,60,10,-0.31499999999999995,1.185,0,nan,142,0.0,142,0.02199999988079071
1061,61,10,-0.345,1.185,0,nan,142,0.0,142,0.02199999988079071
1062,62,10,-0.375,1.185,0,nan,142,0.0,142,0.02199999988079071
1063,63,10,-0.405,1.185,0,nan,142,0.0,142,0.02199999988079071
1064,64,10,-0.43499999999999983,1.185,0,nan,142,0.0,142,0.02199999988079071
1065,65,10,-0.46499999999999986,1.185,0,nan,142,0.0,142,0.02199999988079071
1066,66,10,-0.4949999999999999,1.185,0,nan,142,0.0,142,0.02199999988079071
1067,67,10,-0.5249999999999999,1.185,0,nan,142,0.0,142,0.02199999988079071
1068,68,10,-0.5549999999999997,1.185,0,nan,142,0.0,142,0.02199999988079071
1069,69,10,-0.585,1.185,0,nan,142,0.0,142,0.02199999988079071
1070,70,10,-0.6149999999999998,1.185,0,nan,142,0.0,142,0.02199999988079071
1071,71,10,-0.645,1.185,0,nan,142,0.0,142,0.02199999988079071
1072,72,10,-0.6749999999999998,1.185,0,nan,142,0.0,142,0.02199999988079071
1073,73,10,-0.7050000000000001,1.185,0,nan,142,0.0,142,0.02199999988079071
1074,74,10,-0.7349999999999999,1.185,0,nan,142,0.0,142,0.02199999988079071
1075,75,10,-0.7650000000000001,1.185,0,nan,142,0.0,142,0.02199999988079071
1076,76,10,-0.7949999999999999,1.185,0,nan,142,0.0,142,0.02199999988079071
1077,77,10,-0.8249999999999997,1.185,0,nan,142,0.0,142,0.02199999988079071
1078,78,10,-0.855,1.185,0,nan,142,0.0,142,0.02199999988079071
1079,79,10,-0.8849999999999998,1.185,0,nan,142,0.0,142,0.02199999988079071
1080,80,10,-0.915,1.185,0,nan,142,0.0,142,0.02199999988079071
1081,81,10,-0.9449999999999998,1.185,0,nan,142,0.0,142,0.02199999988079071
1082,82,10,-0.9750000000000001,1.185,0,nan,142,0.0,142,0.02199999988079071
1083,83,10,-1.005,1.185,0,nan,142,0.0,142,0.02199999988079071
1084,84,10,-1.0349999999999997,1.185,0,nan,142,0.0,142,0.02199999988079071
1085,85,10,-1.065,1.185,0,nan,142,0.0,142,0.02199999988079071
1086,86,10,-1.0949999999999998,1.185,0,nan,142,0.0,142,0.02199999988079071
1087,87,10,-1.125,1.185,0,nan,142,0.0,142,0.02199999988079071
1088,88,10,-1.1549999999999998,1.185,0,nan,142,0.0,142,0.02199999988079071
1089,89,10,-1.185,1.185,0,nan,142,0.0,142,0.02199999988079071
1090,90,10,-1.2149999999999999,1.185,0,nan,142,0.0,142,0.02199999988079071
1091,91,10,-1.245,1.185,0,nan,142,0.0,142,0.02199999988079071
1092,92,10,-1.275,1.185,0,nan,142,0.0,142,0.02199999988079071
1093,93,10,-1.3049999999999997,1.185,0,nan,142,0.0,142,0.02199999988079071
1094,94,10,-1.335,1.185,0,nan,142,0.0,142,0.02199999988079071
1095,95,10,-1.3649999999999998,1.185,0,nan,142,0.0,142,0.02199999988079071
1096,96,10,-1.395,1.185,0,nan,142,0.0,142,0.02199999988079071
1097,97,10,-1.4249999999999998,1.185,0,nan,142,0.0,142,0.0
1098,98,10,-1.455,1.185,0,nan,142,0.0,142,0.0
1099,99,10,-1.4849999999999999,1.185,0,nan,142,0.0,142,0.0
1100,0,11,1.485,1.155,0,nan,142,0.0,142,0.0
1101,1,11,1.455,1.155,0,nan,142,0.0,142,0.0
1102,2,11,1.425,1.155,0,nan,142,0.0,142,0.0
1103,3,11,1.395,1.155,0,nan,142,0.0,142,0.02199999988079071
1104,4,11,1.365,1.155,0,nan,142,0.0,142,0.02199999988079071
1105,5,11,1.335,1.155,0,nan,142,0.0,142,0.02199999988079071
1106,6,11,1.305,1.155,0,nan,142,0.0,142,0.02199999988079071
1107,7,11,1.275,1.155,0,nan,142,0.0,142,0.02199999988079071
1108,8,11,1.245,1.155,0,nan,142,0.0,142,0.02199999988079071
1109,9,11,1.215,1.155,0,nan,142,0.0,142,0.02199999988079071
1110,10,11,1.185,1.155,0,nan,142,0.0,142,0.02199999988079071
1111,11,11,1.155,1.155,0,nan,142,0.0,142,0.02199999988079071
1112,12,11,1.125,1.155,0,nan,142,0.0,142,0.02199999988079071
1113,13,11,1.095,1.155,0,nan,142,0.0,142,0.02199999988079071
1114,14,11,1.065,1.155,0,nan,142,0.0,142,0.02199999988079071
1115,15,11,1.0350000000000001,1.155,0,nan,142,0.0,142,0.02199999988079071
1116,16,11,1.005,1.155,0,nan,142,0.0,142,0.02199999988079071
1117,17,11,0.975,1.155,0,nan,142,0.0,142,0.02199999988079071
1118,18,11,0.9450000000000001,1.155,0,nan,142,0.0,142,0.02199999988079071
1119,19,11,0.915,1.155,0,nan,142,0.0,142,0.02199999988079071
1120,20,11,0.885,1.155,0,nan,142,0.0,142,0.02199999988079071
1121,21,11,0.855,1.155,0,nan,142,0.0,142,0.02199999988079071
1122,22,11,0.8250000000000001,1.155,0,nan,142,0.0,142,0.02199999988079071
1123,23,11,0.795,1.155,0,nan,142,0.0,142,0.02199999988079071
1124,24,11,0.765,1.155,0,nan,142,0.0,142,0.02199999988079071
1125,25,11,0.735,1.155,0,nan,142,0.0,142,0.02199999988079071
1126,26,11,0.7050000000000001,1.155,0,nan,142,0.0,142,0.02199999988079071
1127,27,11,0.675,1.155,0,nan,142,0.0,142,0.02199999988079071
1128,28,11,0.645,1.155,0,nan,142,0.0,142,0.02199999988079071
1129,29,11,0.615,1.155,0,nan,142,0.0,142,0.02199999988079071
1130,30,11,0.5850000000000001,1.155,0,nan,142,0.0,142,0.02199999988079071
1131,31,11,0.555,1.155,0,nan,142,0.0,142,0.02199999988079071
1132,32,11,0.525,1.155,0,nan,142,0.0,142,0.02199999988079071
1133,33,11,0.4950000000000001,1.155,0,nan,142,0.0,142,0.02199999988079071
1134,34,11,0.4650000000000001,1.155,0,nan,142,0.0,142,0.02199999988079071
1135,35,11,0.43500000000000005,1.155,0,nan,142,0.0,142,0.02199999988079071
1136,36,11,0.405,1.155,0,nan,142,0.0,142,0.02199999988079071
1137,37,11,0.375,1.155,0,nan,142,0.0,142,0.02199999988079071
1138,38,11,0.345,1.155,0,nan,142,0.0,142,0.02199999988079071
1139,39,11,0.31499999999999995,1.155,0,nan,142,0.0,142,0.02199999988079071
1140,40,11,0.28500000000000014,1.155,0,nan,142,0.0,142,0.02199999988079071
1141,41,11,0.2550000000000001,1.155,0,nan,142,0.0,142,0.02199999988079071
1142,42,11,0.2250000000000001,1.155,0,nan,142,0.0,142,0.02199999988079071
1143,43,11,0.19500000000000006,1.155,0,nan,142,0.0,142,0.02199999988079071
1144,44,11,0.16500000000000004,1.155,0,nan,142,0.0,142,0.02199999988079071
1145,45,11,0.135,1.155,0,nan,142,0.0,142,0.02199999988079071
1146,46,11,0.10499999999999998,1.155,0,nan,142,0.0,142,0.02199999988079071
1147,47,11,0.07499999999999996,1.155,0,nan,142,0.0,142,0.02199999988079071
1148,48,11,0.04500000000000015,1.155,0,nan,142,0.0,142,0.02199999988079071
1149,49,11,0.015000000000000124,1.155,0,nan,142,0.0,142,0.02199999988079071
1150,50,11,-0.014999999999999902,1.155,0,nan,142,0.0,142,0.02199999988079071
1151,51,11,-0.04499999999999993,1.155,0,nan,142,0.0,142,0.02199999988079071
1152,52,11,-0.07499999999999996,1.155,0,nan,142,0.0,142,0.02199999988079071
1153,53,11,-0.10499999999999998,1.155,0,nan,142,0.0,142,0.02199999988079071
1154,54,11,-0.135,1.155,0,nan,142,0.0,142,0.02199999988079071
1155,55,11,-0.16500000000000004,1.155,0,nan,142,0.0,142,0.02199999988079071
1156,56,11,-0.19499999999999984,1.155,0,nan,142,0.0,142,0.02199999988079071
1157,57,11,-0.22499999999999987,1.155,0,nan,142,0.0,142,0.02199999988079071
1158,58,11,-0.2549999999999999,1.155,0,nan,142,0.0,142,0.02199999988079071
1159,59,11,-0.2849999999999999,1.155,0,nan,142,0.0,142,0.02199999988079071
1160,60,11,-0.31499999999999995,1.155,0,nan,142,0.0,142,0.02199999988079071
1161,61,11,-0.345,1.155,0,nan,142,0.0,142,0.02199999988079071
1162,62,11,-0.375,1.155,0,nan,142,0.0,142,0.02199999988079071
1163,63,11,-0.405,1.155,0,nan,142,0.0,142,0.02199999988079071
1164,64,11,-0.43499999999999983,1.155,0,nan,142,0.0,142,0.02199999988079071
1165,65,11,-0.46499999999999986,1.155,0,nan,142,0.0,142,0.02199999988079071
1166,66,11,-0.4949999999999999,1.155,0,nan,142,0.0,142,0.02199999988079071
1167,67,11,-0.5249999999999999,1.155,0,nan,142,0.0,142,0.02199999988079071
1168,68,11,-0.5549999999999997,1.155,0,nan,142,0.0,142,0.02199999988079071
1169,69,11,-0.585,1.155,0,nan,142,0.0,142,0.02199999988079071
1170,70,11,-0.6149999999999998,1.155,0,nan,142,0.0,142,0.02199999988079071
1171,71,11,-0.645,1.155,0,nan,142,0.0,142,0.02199999988079071
1172,72,11,-0.6749999999999998,1.155,0,nan,142,0.0,142,0.02199999988079071
1173,73,11,-0.7050000000000001,1.155,0,nan,142,0.0,142,0.02199999988079071
1174,74,11,-0.7349999999999999,1.155,0,nan,142,0.0,142,0.02199999988079071
1175,75,11,-0.7650000000000001,1.155,0,nan,142,0.0,142,0.02199999988079071
1176,76,11,-0.7949999999999999,1.155,0,nan,142,0.0,142,0.02199999988079071
1177,77,11,-0.8249999999999997,1.155,0,nan,142,0.0,142,0.02199999988079071
1178,78,11,-0.855,1.155,0,nan,142,0.0,142,0.02199999988079071
1179,79,11,-0.8849999999999998,1.155,0,nan,142,0.0,142,0.02199999988079071
1180,80,11,-0.915,1.155,0,nan,142,0.0,142,0.02199999988079071
1181,81,11,-0.9449999999999998,1.155,0,nan,142,0.0,142,0.02199999988079071
1182,82,11,-0.9750000000000001,1.155,0,nan,142,0.0,142,0.02199999988079071
1183,83,11,-1.005,1.155,0,nan,142,0.0,142,0.02199999988079071
1184,84,11,-1.0349999999999997,1.155,0,nan,142,0.0,142,0.02199999988079071
1185,85,11,-1.065,1.155,0,nan,142,0.0,142,0.02199999988079071
1186,86,11,-1.0949999999999998,1.155,0,nan,142,0.0,142,0.02199999988079071
1187,87,11,-1.125,1.155,0,nan,142,0.0,142,0.02199999988079071
1188,88,11,-1.1549999999999998,1.155,0,nan,142,0.0,142,0.02199999988079071
1189,89,11,-1.185,1.155,0,nan,142,0.0,142,0.02199999988079071
1190,90,11,-1.2149999999999999,1.155,0,nan,142,0.0,142,0.02199999988079071
1191,91,11,-1.245,1.155,0,nan,142,0.0,142,0.02199999988079071
1192,92,11,-1.275,1.155,0,nan,142,0.0,142,0.02199999988079071
1193,93,11,-1.3049999999999997,1.155,0,nan,142,0.0,142,0.02199999988079071
1194,94,11,-1.335,1.155,0,nan,142,0.0,142,0.02199999988079071
1195,95,11,-1.3649999999999998,1.155,0,nan,142,0.0,142,0.02199999988079071
1196,96,11,-1.395,1.155,0,nan,142,0.0,142,0.02199999988079071
1197,97,11,-1.4249999999999998,1.155,0,nan,142,0.0,142,0.0
1198,98,11,-1.455,1.155,0,nan,142,0.0,142,0.0
1199,99,11,-1.4849999999999999,1.155,0,nan,142,0.0,142,0.0
1200,0,12,1.485,1.125,0,nan,142,0.0,142,0.0
1201,1,12,1.455,1.125,0,nan,142,0.0,142,0.0
1202,2,12,1.425,1.125,0,nan,142,0.0,142,0.0
1203,3,12,1.395,1.125,0,nan,142,0.0,142,0.02199999988079071
1204,4,12,1.365,1.125,0,nan,142,0.0,142,0.02199999988079071
1205,5,12,1.335,1.125,0,nan,142,0.0,142,0.02199999988079071
1206,6,12,1.305,1.125,0,nan,142,0.0,142,0.02199999988079071
1207,7,12,1.275,1.125,0,nan,142,0.0,142,0.02199999988079071
1208,8,12,1.245,1.125,0,nan,142,0.0,142,0.02199999988079071
1209,9,12,1.215,1.125,0,nan,142,0.0,142,0.02199999988079071
1210,10,12,1.185,1.125,0,nan,142,0.0,142,0.02199999988079071
1211,11,12,1.155,1.125,0,nan,142,0.0,142,0.02199999988079071
1212,12,12,1.125,1.125,0,nan,142,0.0,142,0.02199999988079071
1213,13,12,1.095,1.125,0,nan,142,0.0,142,0.02199999988079071
1214,14,12,1.065,1.125,0,nan,142,0.0,142,0.02199999988079071
1215,15,12,1.0350000000000001,1.125,0,nan,142,0.0,142,0.02199999988079071
1216,16,12,1.005,1.125,0,nan,142,0.0,142,0.02199999988079071
1217,17,12,0.975,1.125,0,nan,142,0.0,142,0.02199999988079071
1218,18,12,0.9450000000000001,1.125,0,nan,142,0.0,142,0.02199999988079071
1219,19,12,0.915,1.125,0,nan,142,0.0,142,0.02199999988079071
1220,20,12,0.885,1.125,0,nan,142,0.0,142,0.02199999988079071
1221,21,12,0.855,1.125,0,nan,142,0.0,142,0.02199999988079071
1222,22,12,0.8250000000000001,1.125,0,nan,142,0.0,142,0.02199999988079071
1223,23,12,0.795,1.125,0,nan,142,0.0,142,0.02199999988079071
1224,24,12,0.765,1.125,0,nan,142,0.0,142,0.02199999988079071
1225,25,12,0.735,1.125,0,nan,142,0.0,142,0.02199999988079071
1226,26,12,0.7050000000000001,1.125,0,nan,142,0.0,142,0.02199999988079071
1227,27,12,0.675,1.125,0,nan,142,0.0,142,0.02199999988079071
1228,28,12,0.645,1.125,0,nan,142,0.0,142,0.02199999988079071
1229,29,12,0.615,1.125,0,nan,142,0.0,142,0.02199999988079071
1230,30,12,0.5850000000000001,1.125,0,nan,142,0.0,142,0.02199999988079071
1231,31,12,0.555,1.125,0,nan,142,0.0,142,0.02199999988079071
1232,32,12,0.525,1.125,0,nan,142,0.0,142,0.02199999988079071
1233,33,12,0.4950000000000001,1.125,0,nan,142,0.0,142,0.02199999988079071
1234,34,12,0.4650000000000001,1.125,0,nan,142,0.0,142,0.02199999988079071
1235,35,12,0.43500000000000005,1.125,0,nan,142,0.0,142,0.02199999988079071
1236,36,12,0.405,1.125,0,nan,142,0.0,142,0.02199999988079071
1237,37,12,0.375,1.125,0,nan,142,0.0,142,0.02199999988079071
1238,38,12,0.345,1.125,0,nan,142,0.0,142,0.02199999988079071
1239,39,12,0.31499999999999995,1.125,0,nan,142,0.0,142,0.02199999988079071
1240,40,12,0.28500000000000014,1.125,0,nan,142,0.0,142,0.02199999988079071
1241,41,12,0.2550000000000001,1.125,0,nan,142,0.0,142,0.02199999988079071
1242,42,12,0.2250000000000001,1.125,0,nan,142,0.0,142,0.02199999988079071
1243,43,12,0.19500000000000006,1.125,0,nan,142,0.0,142,0.02199999988079071
1244,44,12,0.16500000000000004,1.125,0,nan,142,0.0,142,0.02199999988079071
1245,45,12,0.135,1.125,0,nan,142,0.0,142,0.02199999988079071
1246,46,12,0.10499999999999998,1.125,0,nan,142,0.0,142,0.02199999988079071
1247,47,12,0.07499999999999996,1.125,0,nan,142,0.0,142,0.02199999988079071
1248,48,12,0.04500000000000015,1.125,0,nan,142,0.0,142,0.02199999988079071
1249,49,12,0.015000000000000124,1.125,0,nan,142,0.0,142,0.02199999988079071
1250,50,12,-0.014999999999999902,1.125,0,nan,142,0.0,142,0.02199999988079071
1251,51,12,-0.04499999999999993,1.125,0,nan,142,0.0,142,0.02199999988079071
1252,52,12,-0.07499999999999996,1.125,0,nan,142,0.0,142,0.02199999988079071
1253,53,12,-0.10499999999999998,1.125,0,nan,142,0.0,142,0.02199999988079071
1254,54,12,-0.135,1.125,0,nan,142,0.0,142,0.02199999988079071
1255,55,12,-0.16500000000000004,1.125,0,nan,142,0.0,142,0.02199999988079071
1256,56,12,-0.19499999999999984,1.125,0,nan,142,0.0,142,0.02199999988079071
1257,57,12,-0.22499999999999987,1.125,0,nan,142,0.0,142,0.02199999988079071
1258,58,12,-0.2549999999999999,1.125,0,nan,142,0.0,142,0.02199999988079071
1259,59,12,-0.2849999999999999,1.125,0,nan,142,0.0,142,0.02199999988079071
1260,60,12,-0.31499999999999995,1.125,0,nan,142,0.0,142,0.02199999988079071
1261,61,12,-0.345,1.125,0,nan,142,0.0,142,0.02199999988079071
1262,62,12,-0.375,1.125,0,nan,142,0.0,142,0.02199999988079071
1263,63,12,-0.405,1.125,0,nan,142,0.0,142,0.02199999988079071
1264,64,12,-0.43499999999999983,1.125,0,nan,142,0.0,142,0.02199999988079071
1265,65,12,-0.46499999999999986,1.125,0,nan,142,0.0,142,0.02199999988079071
1266,66,12,-0.4949999999999999,1.125,0,nan,142,0.0,142,0.02199999988079071
1267,67,12,-0.5249999999999999,1.125,0,nan,142,0.0,142,0.02199999988079071
1268,68,12,-0.5549999999999997,1.125,0,nan,142,0.0,142,0.02199999988079071
1269,69,12,-0.585,1.125,0,nan,142,0.0,142,0.02199999988079071
1270,70,12,-0.6149999999999998,1.125,0,nan,142,0.0,142,0.02199999988079071
1271,71,12,-0.645,1.125,0,nan,142,0.0,142,0.02199999988079071
1272,72,12,-0.6749999999999998,1.125,0,nan,142,0.0,142,0.02199999988079071
1273,73,12,-0.7050000000000001,1.125,0,nan,142,0.0,142,0.02199999988079071
1274,74,12,-0.7349999999999999,1.125,0,nan,142,0.0,142,0.02199999988079071
1275,75,12,-0.7650000000000001,1.125,0,nan,142,0.0,142,0.02199999988079071
1276,76,12,-0.7949999999999999,1.125,0,nan,142,0.0,142,0.02199999988079071
1277,77,12,-0.8249999999999997,1.125,0,nan,142,0.0,142,0.02199999988079071
1278,78,12,-0.855,1.125,0,nan,142,0.0,142,0.02199999988079071
1279,79,12,-0.8849999999999998,1.125,0,nan,142,0.0,142,0.02199999988079071
1280,80,12,-0.915,1.125,0,nan,142,0.0,142,0.02199999988079071
1281,81,12,-0.9449999999999998,1.125,0,nan,142,0.0,142,0.02199999988079071
1282,82,12,-0.9750000000000001,1.125,0,nan,142,0.0,142,0.02199999988079071
1283,83,12,-1.005,1.125,0,nan,142,0.0,142,0.02199999988079071
1284,84,12,-1.0349999999999997,1.125,0,nan,142,0.0,142,0.02199999988079071
1285,85,12,-1.065,1.125,0,nan,142,0.0,142,0.02199999988079071
1286,86,12,-1.0949999999999998,1.125,0,nan,142,0.0,142,0.02199999988079071
1287,87,12,-1.125,1.125,0,nan,142,0.0,142,0.02199999988079071
1288,88,12,-1.1549999999999998,1.125,0,nan,142,0.0,142,0.02199999988079071
1289,89,12,-1.185,1.125,0,nan,142,0.0,142,0.02199999988079071
1290,90,12,-1.2149999999999999,1.125,0,nan,142,0.0,142,0.02199999988079071
1291,91,12,-1.245,1.125,0,nan,142,0.0,142,0.02199999988079071
1292,92,12,-1.275,1.125,0,nan,142,0.0,142,0.02199999988079071
1293,93,12,-1.3049999999999997,1.125,0,nan,142,0.0,142,0.02199999988079071
1294,94,12,-1.335,1.125,0,nan,142,0.0,142,0.02199999988079071
1295,95,12,-1.3649999999999998,1.125,0,nan,142,0.0,142,0.02199999988079071
1296,96,12,-1.395,1.125,0,nan,142,0.0,142,0.02199999988079071
1297,97,12,-1.4249999999999998,1.125,0,nan,142,0.0,142,0.0
1298,98,12,-1.455,1.125,0,nan,142,0.0,142,0.0
1299,99,12,-1.4849999999999999,1.125,0,nan,142,0.0,142,0.0
1300,0,13,1.485,1.095,0,nan,142,0.0,142,0.0
1301,1,13,1.455,1.095,0,nan,142,0.0,142,0.0
1302,2,13,1.425,1.095,0,nan,142,0.0,142,0.0
1303,3,13,1.395,1.095,0,nan,142,0.0,142,0.02199999988079071
1304,4,13,1.365,1.095,0,nan,142,0.0,142,0.02199999988079071
1305,5,13,1.335,1.095,0,nan,142,0.0,142,0.02199999988079071
1306,6,13,1.305,1.095,0,nan,142,0.0,142,0.02199999988079071
1307,7,13,1.275,1.095,0,nan,142,0.0,142,0.02199999988079071
1308,8,13,1.245,1.095,0,nan,142,0.0,142,0.02199999988079071
1309,9,13,1.215,1.095,0,nan,142,0.0,142,0.02199999988079071
1310,10,13,1.185,1.095,0,nan,142,0.0,142,0.02199999988079071
1311,11,13,1.155,1.095,0,nan,142,0.0,142,0.02199999988079071
1312,12,13,1.125,1.095,0,nan,142,0.0,142,0.02199999988079071
1313,13,13,1.095,1.095,0,nan,142,0.0,142,0.02199999988079071
1314,14,13,1.065,1.095,0,nan,142,0.0,142,0.02199999988079071
1315,15,13,1.0350000000000001,1.095,0,nan,142,0.0,142,0.02199999988079071
1316,16,13,1.005,1.095,0,nan,142,0.0,142,0.02199999988079071
1317,17,13,0.975,1.095,0,nan,142,0.0,142,0.02199999988079071
1318,18,13,0.9450000000000001,1.095,0,nan,142,0.0,142,0.02199999988079071
1319,19,13,0.915,1.095,0,nan,142,0.0,142,0.02199999988079071
1320,20,13,0.885,1.095,0,nan,142,0.0,142,0.02199999988079071
1321,21,13,0.855,1.095,0,nan,142,0.0,142,0.02199999988079071
1322,22,13,0.8250000000000001,1.095,0,nan,142,0.0,142,0.02199999988079071
1323,23,13,0.795,1.095,0,nan,142,0.0,142,0.02199999988079071
1324,24,13,0.765,1.095,0,nan,142,0.0,142,0.02199999988079071
1325,25,13,0.735,1.095,0,nan,142,0.0,142,0.02199999988079071
1326,26,13,0.7050000000000001,1.095,0,nan,142,0.0,142,0.02199999988079071
1327,27,13,0.675,1.095,0,nan,142,0.0,142,0.02199999988079071
1328,28,13,0.645,1.095,0,nan,142,0.0,142,0.02199999988079071
1329,29,13,0.615,1.095,0,nan,142,0.0,142,0.02199999988079071
1330,30,13,0.5850000000000001,1.095,0,nan,142,0.0,142,0.02199999988079071
1331,31,13,0.555,1.095,0,nan,142,0.0,142,0.02199999988079071
1332,32,13,0.525,1.095,0,nan,142,0.0,142,0.02199999988079071
1333,33,13,0.4950000000000001,1.095,0,nan,142,0.0,142,0.02199999988079071
1334,34,13,0.4650000000000001,1.095,0,nan,142,0.0,142,0.02199999988079071
1335,35,13,0.43500000000000005,1.095,0,nan,142,0.0,142,0.02199999988079071
1336,36,13,0.405,1.095,0,nan,142,0.0,142,0.02199999988079071
1337,37,13,0.375,1.095,0,nan,142,0.0,142,0.02199999988079071
1338,38,13,0.345,1.095,0,nan,142,0.0,142,0.02199999988079071
1339,39,13,0.31499999999999995,1.095,0,nan,142,0.0,142,0.02199999988079071
1340,40,13,0.28500000000000014,1.095,0,nan,142,0.0,142,0.02199999988079071
1341,41,13,0.2550000000000001,1.095,0,nan,142,0.0,142,0.02199999988079071
1342,42,13,0.2250000000000001,1.095,0,nan,142,0.0,142,0.02199999988079071
1343,43,13,0.19500000000000006,1.095,0,nan,142,0.0,142,0.02199999988079071
1344,44,13,0.16500000000000004,1.095,0,nan,142,0.0,142,0.02199999988079071
1345,45,13,0.135,1.095,0,nan,142,0.0,142,0.02199999988079071
1346,46,13,0.10499999999999998,1.095,0,nan,142,0.0,142,0.02199999988079071
1347,47,13,0.07499999999999996,1.095,0,nan,142,0.0,142,0.02199999988079071
1348,48,13,0.04500000000000015,1.095,0,nan,142,0.0,142,0.02199999988079071
1349,49,13,0.015000000000000124,1.095,0,nan,142,0.0,142,0.02199999988079071
1350,50,13,-0.014999999999999902,1.095,0,nan,142,0.0,142,0.02199999988079071
1351,51,13,-0.04499999999999993,1.095,0,nan,142,0.0,142,0.02199999988079071
1352,52,13,-0.07499999999999996,1.095,0,nan,142,0.0,142,0.02199999988079071
1353,53,13,-0.10499999999999998,1.095,0,nan,142,0.0,142,0.02199999988079071
1354,54,13,-0.135,1.095,0,nan,142,0.0,142,0.02199999988079071
1355,55,13,-0.16500000000000004,1.095,0,nan,142,0.0,142,0.02199999988079071
1356,56,13,-0.19499999999999984,1.095,0,nan,142,0.0,142,0.02199999988079071
1357,57,13,-0.22499999999999987,1.095,0,nan,142,0.0,142,0.02199999988079071
1358,58,13,-0.2549999999999999,1.095,0,nan,142,0.0,142,0.02199999988079071
1359,59,13,-0.2849999999999999,1.095,0,nan,142,0.0,142,0.02199999988079071
1360,60,13,-0.31499999999999995,1.095,0,nan,142,0.0,142,0.02199999988079071
1361,61,13,-0.345,1.095,0,nan,142,0.0,142,0.02199999988079071
1362,62,13,-0.375,1.095,0,nan,142,0.0,142,0.02199999988079071
1363,63,13,-0.405,1.095,0,nan,142,0.0,142,0.02199999988079071
1364,64,13,-0.43499999999999983,1.095,0,nan,142,0.0,142,0.02199999988079071
1365,65,13,-0.46499999999999986,1.095,0,nan,142,0.0,142,0.02199999988079071
1366,66,13,-0.4949999999999999,1.095,0,nan,142,0.0,142,0.02199999988079071
1367,67,13,-0.5249999999999999,1.095,0,nan,142,0.0,142,0.02199999988079071
1368,68,13,-0.5549999999999997,1.095,0,nan,142,0.0,142,0.02199999988079071
1369,69,13,-0.585,1.095,0,nan,142,0.0,142,0.02199999988079071
1370,70,13,-0.6149999999999998,1.095,0,nan,142,0.0,142,0.02199999988079071
1371,71,13,-0.645,1.095,0,nan,142,0.0,142,0.02199999988079071
1372,72,13,-0.6749999999999998,1.095,0,nan,142,0.0,142,0.02199999988079071
1373,73,13,-0.7050000000000001,1.095,0,nan,142,0.0,142,0.02199999988079071
1374,74,13,-0.7349999999999999,1.095,0,nan,142,0.0,142,0.02199999988079071
1375,75,13,-0.7650000000000001,1.095,0,nan,142,0.0,142,0.02199999988079071
1376,76,13,-0.7949999999999999,1.095,0,nan,142,0.0,142,0.02199999988079071
1377,77,13,-0.8249999999999997,1.095,0,nan,142,0.0,142,0.02199999988079071
1378,78,13,-0.855,1.095,0,nan,142,0.0,142,0.02199999988079071
1379,79,13,-0.8849999999999998,1.095,0,nan,142,0.0,142,0.02199999988079071
1380,80,13,-0.915,1.095,0,nan,142,0.0,142,0.02199999988079071
1381,81,13,-0.9449999999999998,1.095,0,nan,142,0.0,142,0.02199999988079071
1382,82,13,-0.9750000000000001,1.095,0,nan,142,0.0,142,0.02199999988079071
1383,83,13,-1.005,1.095,0,nan,142,0.0,142,0.02199999988079071
1384,84,13,-1.0349999999999997,1.095,0,nan,142,0.0,142,0.02199999988079071
1385,85,13,-1.065,1.095,0,nan,142,0.0,142,0.02199999988079071
1386,86,13,-1.0949999999999998,1.095,0,nan,142,0.0,142,0.02199999988079071
1387,87,13,-1.125,1.095,0,nan,142,0.0,142,0.02199999988079071
1388,88,13,-1.1549999999999998,1.095,0,nan,142,0.0,142,0.02199999988079071
1389,89,13,-1.185,1.095,0,nan,142,0.0,142,0.02199999988079071
1390,90,13,-1.2149999999999999,1.095,0,nan,142,0.0,142,0.02199999988079071
1391,91,13,-1.245,1.095,0,nan,142,0.0,142,0.02199999988079071
1392,92,13,-1.275,1.095,0,nan,142,0.0,142,0.02199999988079071
1393,93,13,-1.3049999999999997,1.095,0,nan,142,0.0,142,0.02199999988079071
1394,94,13,-1.335,1.095,0,nan,142,0.0,142,0.02199999988079071
1395,95,13,-1.3649999999999998,1.095,0,nan,142,0.0,142,0.02199999988079071
1396,96,13,-1.395,1.095,0,nan,142,0.0,142,0.02199999988079071
1397,97,13,-1.4249999999999998,1.095,0,nan,142,0.0,142,0.0
1398,98,13,-1.455,1.095,0,nan,142,0.0,142,0.0
1399,99,13,-1.4849999999999999,1.095,0,nan,142,0.0,142,0.0
1400,0,14,1.485,1.065,0,nan,142,0.0,142,0.0
1401,1,14,1.455,1.065,0,nan,142,0.0,142,0.0
1402,2,14,1.425,1.065,0,nan,142,0.0,142,0.0
1403,3,14,1.395,1.065,0,nan,142,0.0,142,0.02199999988079071
1404,4,14,1.365,1.065,0,nan,142,0.0,142,0.02199999988079071
1405,5,14,1.335,1.065,0,nan,142,0.0,142,0.02199999988079071
1406,6,14,1.305,1.065,0,nan,142,0.0,142,0.02199999988079071
1407,7,14,1.275,1.065,0,nan,142,0.0,142,0.02199999988079071
1408,8,14,1.245,1.065,0,nan,142,0.0,142,0.02199999988079071
1409,9,14,1.215,1.065,0,nan,142,0.0,142,0.02199999988079071
1410,10,14,1.185,1.065,0,nan,142,0.0,142,0.02199999988079071
1411,11,14,1.155,1.065,0,nan,142,0.0,142,0.02199999988079071
1412,12,14,1.125,1.065,0,nan,142,0.0,142,0.02199999988079071
1413,13,14,1.095,1.065,0,nan,142,0.0,142,0.02199999988079071
1414,14,14,1.065,1.065,0,nan,142,0.0,142,0.02199999988079071
1415,15,14,1.0350000000000001,1.065,0,nan,142,0.0,142,0.02199999988079071
1416,16,14,1.005,1.065,0,nan,142,0.0,142,0.02199999988079071
1417,17,14,0.975,1.065,0,nan,142,0.0,142,0.02199999988079071
1418,18,14,0.9450000000000001,1.065,0,nan,142,0.0,142,0.02199999988079071
1419,19,14,0.915,1.065,0,nan,142,0.0,142,0.02199999988079071
1420,20,14,0.885,1.065,0,nan,142,0.0,142,0.02199999988079071
1421,21,14,0.855,1.065,0,nan,142,0.0,142,0.02199999988079071
1422,22,14,0.8250000000000001,1.065,0,nan,142,0.0,142,0.02199999988079071
1423,23,14,0.795,1.065,0,nan,142,0.0,142,0.02199999988079071
1424,24,14,0.765,1.065,0,nan,142,0.0,142,0.02199999988079071
1425,25,14,0.735,1.065,0,nan,142,0.0,142,0.02199999988079071
1426,26,14,0.7050000000000001,1.065,0,nan,142,0.0,142,0.02199999988079071
1427,27,14,0.675,1.065,0,nan,142,0.0,142,0.02199999988079071
1428,28,14,0.645,1.065,0,nan,142,0.0,142,0.02199999988079071
1429,29,14,0.615,1.065,0,nan,142,0.0,142,0.02199999988079071
1430,30,14,0.5850000000000001,1.065,0,nan,142,0.0,142,0.02199999988079071
1431,31,14,0.555,1.065,0,nan,142,0.0,142,0.02199999988079071
1432,32,14,0.525,1.065,0,nan,142,0.0,142,0.02199999988079071
1433,33,14,0.4950000000000001,1.065,0,nan,142,0.0,142,0.02199999988079071
1434,34,14,0.4650000000000001,1.065,0,nan,142,0.0,142,0.02199999988079071
1435,35,14,0.43500000000000005,1.065,0,nan,142,0.0,142,0.02199999988079071
1436,36,14,0.405,1.065,0,nan,142,0.0,142,0.02199999988079071
1437,37,14,0.375,1.065,0,nan,142,0.0,142,0.02199999988079071
1438,38,14,0.345,1.065,0,nan,142,0.0,142,0.02199999988079071
1439,39,14,0.31499999999999995,1.065,0,nan,142,0.0,142,0.02199999988079071
1440,40,14,0.28500000000000014,1.065,0,nan,142,0.0,142,0.02199999988079071
1441,41,14,0.2550000000000001,1.065,0,nan,142,0.0,142,0.02199999988079071
1442,42,14,0.2250000000000001,1.065,0,nan,142,0.0,142,0.02199999988079071
1443,43,14,0.19500000000000006,1.065,0,nan,142,0.0,142,0.02199999988079071
1444,44,14,0.16500000000000004,1.065,0,nan,142,0.0,142,0.02199999988079071
1445,45,14,0.135,1.065,0,nan,142,0.0,142,0.02199999988079071
1446,46,14,0.10499999999999998,1.065,0,nan,142,0.0,142,0.02199999988079071
1447,47,14,0.07499999999999996,1.065,0,nan,142,0.0,142,0.02199999988079071
1448,48,14,0.04500000000000015,1.065,0,nan,142,0.0,142,0.02199999988079071
1449,49,14,0.015000000000000124,1.065,0,nan,142,0.0,142,0.02199999988079071
1450,50,14,-0.014999999999999902,1.065,0,nan,142,0.0,142,0.02199999988079071
1451,51,14,-0.04499999999999993,1.065,0,nan,142,0.0,142,0.02199999988079071
1452,52,14,-0.07499999999999996,1.065,0,nan,142,0.0,142,0.02199999988079071
1453,53,14,-0.10499999999999998,1.065,0,nan,142,0.0,142,0.02199999988079071
1454,54,14,-0.135,1.065,0,nan,142,0.0,142,0.02199999988079071
1455,55,14,-0.16500000000000004,1.065,0,nan,142,0.0,142,0.02199999988079071
1456,56,14,-0.19499999999999984,1.065,0,nan,142,0.0,142,0.02199999988079071
1457,57,14,-0.22499999999999987,1.065,0,nan,142,0.0,142,0.02199999988079071
1458,58,14,-0.2549999999999999,1.065,0,nan,142,0.0,142,0.02199999988079071
1459,59,14,-0.2849999999999999,1.065,0,nan,142,0.0,142,0.02199999988079071
1460,60,14,-0.31499999999999995,1.065,0,nan,142,0.0,142,0.02199999988079071
1461,61,14,-0.345,1.065,0,nan,142,0.0,142,0.02199999988079071
1462,62,14,-0.375,1.065,0,nan,142,0.0,142,0.02199999988079071
1463,63,14,-0.405,1.065,0,nan,142,0.0,142,0.02199999988079071
1464,64,14,-0.43499999999999983,1.065,0,nan,142,0.0,142,0.02199999988079071
1465,65,14,-0.46499999999999986,1.065,0,nan,142,0.0,142,0.02199999988079071
1466,66,14,-0.4949999999999999,1.065,0,nan,142,0.0,142,0.02199999988079071
1467,67,14,-0.5249999999999999,1.065,0,nan,142,0.0,142,0.02199999988079071
1468,68,14,-0.5549999999999997,1.065,0,nan,142,0.0,142,0.02199999988079071
1469,69,14,-0.585,1.065,0,nan,142,0.0,142,0.02199999988079071
1470,70,14,-0.6149999999999998,1.065,0,nan,142,0.0,142,0.02199999988079071
1471,71,14,-0.645,1.065,0,nan,142,0.0,142,0.02199999988079071
1472,72,14,-0.6749999999999998,1.065,0,nan,142,0.0,142,0.02199999988079071
1473,73,14,-0.7050000000000001,1.065,0,nan,142,0.0,142,0.02199999988079071
1474,74,14,-0.7349999999999999,1.065,0,nan,142,0.0,142,0.02199999988079071
1475,75,14,-0.7650000000000001,1.065,0,nan,142,0.0,142,0.02199999988079071
1476,76,14,-0.7949999999999999,1.065,0,nan,142,0.0,142,0.02199999988079071
1477,77,14,-0.8249999999999997,1.065,0,nan,142,0.0,142,0.02199999988079071
1478,78,14,-0.855,1.065,0,nan,142,0.0,142,0.02199999988079071
1479,79,14,-0.8849999999999998,1.065,0,nan,142,0.0,142,0.02199999988079071
1480,80,14,-0.915,1.065,0,nan,142,0.0,142,0.02199999988079071
1481,81,14,-0.9449999999999998,1.065,0,nan,142,0.0,142,0.02199999988079071
1482,82,14,-0.9750000000000001,1.065,0,nan,142,0.0,142,0.02199999988079071
1483,83,14,-1.005,1.065,0,nan,142,0.0,142,0.02199999988079071
1484,84,14,-1.0349999999999997,1.065,0,nan,142,0.0,142,0.02199999988079071
1485,85,14,-1.065,1.065,0,nan,142,0.0,142,0.02199999988079071
1486,86,14,-1.0949999999999998,1.065,0,nan,142,0.0,142,0.02199999988079071
1487,87,14,-1.125,1.065,0,nan,142,0.0,142,0.02199999988079071
1488,88,14,-1.1549999999999998,1.065,0,nan,142,0.0,142,0.02199999988079071
1489,89,14,-1.185,1.065,0,nan,142,0.0,142,0.02199999988079071
1490,90,14,-1.2149999999999999,1.065,0,nan,142,0.0,142,0.02199999988079071
1491,91,14,-1.245,1.065,0,nan,142,0.0,142,0.02199999988079071
1492,92,14,-1.275,1.065,0,nan,142,0.0,142,0.02199999988079071
1493,93,14,-1.3049999999999997,1.065,0,nan,142,0.0,142,0.02199999988079071
1494,94,14,-1.335,1.065,0,nan,142,0.0,142,0.02199999988079071
1495,95,14,-1.3649999999999998,1.065,0,nan,142,0.0,142,0.02199999988079071
1496,96,14,-1.395,1.065,0,nan,142,0.0,142,0.02199999988079071
1497,97,14,-1.4249999999999998,1.065,0,nan,142,0.0,142,0.0
1498,98,14,-1.455,1.065,0,nan,142,0.0,142,0.0
1499,99,14,-1.4849999999999999,1.065,0,nan,142,0.0,142,0.0
1500,0,15,1.485,1.0350000000000001,0,nan,142,0.0,142,0.0
1501,1,15,1.455,1.0350000000000001,0,nan,142,0.0,142,0.0
1502,2,15,1.425,1.0350000000000001,0,nan,142,0.0,142,0.0
1503,3,15,1.395,1.0350000000000001,0,nan,142,0.0,142,0.02199999988079071
1504,4,15,1.365,1.0350000000000001,0,nan,142,0.0,142,0.02199999988079071
1505,5,15,1.335,1.0350000000000001,0,nan,142,0.0,142,0.02199999988079071
1506,6,15,1.305,1.0350000000000001,0,nan,142,0.0,142,0.02199999988079071
1507,7,15,1.275,1.0350000000000001,0,nan,142,0.0,142,0.02199999988079071
1508,8,15,1.245,1.0350000000000001,0,nan,142,0.0,142,0.02199999988079071
1509,9,15,1.215,1.0350000000000001,0,nan,142,0.0,142,0.02199999988079071
1510,10,15,1.185,1.0350000000000001,0,nan,142,0.0,142,0.02199999988079071
1511,11,15,1.155,1.0350000000000001,0,nan,142,0.0,142,0.02199999988079071
1512,12,15,1.125,1.0350000000000001,0,nan,142,0.0,142,0.02199999988079071
1513,13,15,1.095,1.0350000000000001,0,nan,142,0.0,142,0.02199999988079071
1514,14,15,1.065,1.0350000000000001,0,nan,142,0.0,142,0.02199999988079071
1515,15,15,1.0350000000000001,1.0350000000000001,0,nan,142,0.0,142,0.02199999988079071
1516,16,15,1.005,1.0350000000000001,0,nan,142,0.0,142,0.02199999988079071
1517,17,15,0.975,1.0350000000000001,0,nan,142,0.0,142,0.02199999988079071
1518,18,15,0.9450000000000001,1.0350000000000001,0,nan,142,0.0,142,0.02199999988079071
1519,19,15,0.915,1.0350000000000001,0,nan,142,0.0,142,0.02199999988079071
1520,20,15,0.885,1.0350000000000001,0,nan,142,0.0,142,0.02199999988079071
1521,21,15,0.855,1.0350000000000001,0,nan,142,0.0,142,0.02199999988079071
1522,22,15,0.8250000000000001,1.0350000000000001,0,nan,142,0.0,142,0.02199999988079071
1523,23,15,0.795,1.0350000000000001,0,nan,142,0.0,142,0.02199999988079071
1524,24,15,0.765,1.0350000000000001,0,nan,142,0.0,142,0.02199999988079071
1525,25,15,0.735,1.0350000000000001,0,nan,142,0.0,142,0.02199999988079071
1526,26,15,0.7050000000000001,1.0350000000000001,0,nan,142,0.0,142,0.02199999988079071
1527,27,15,0.675,1.0350000000000001,0,nan,142,0.0,142,0.02199999988079071
1528,28,15,0.645,1.0350000000000001,0,nan,142,0.0,142,0.02199999988079071
1529,29,15,0.615,1.0350000000000001,0,nan,142,0.0,142,0.02199999988079071
1530,30,15,0.5850000000000001,1.0350000000000001,0,nan,142,0.0,142,0.02199999988079071
1531,31,15,0.555,1.0350000000000001,0,nan,142,0.0,142,0.02199999988079071
1532,32,15,0.525,1.0350000000000001,0,nan,142,0.0,142,0.02199999988079071
1533,33,15,0.4950000000000001,1.0350000000000001,0,nan,142,0.0,142,0.02199999988079071
1534,34,15,0.4650000000000001,1.0350000000000001,0,nan,142,0.0,142,0.02199999988079071
1535,35,15,0.43500000000000005,1.0350000000000001,0,nan,142,0.0,142,0.02199999988079071
1536,36,15,0.405,1.0350000000000001,0,nan,142,0.0,142,0.02199999988079071
1537,37,15,0.375,1.0350000000000001,0,nan,142,0.0,142,0.02199999988079071
1538,38,15,0.345,1.0350000000000001,0,nan,142,0.0,142,0.02199999988079071
1539,39,15,0.31499999999999995,1.0350000000000001,0,nan,142,0.0,142,0.02199999988079071
1540,40,15,0.28500000000000014,1.0350000000000001,0,nan,142,0.0,142,0.02199999988079071
1541,41,15,0.2550000000000001,1.0350000000000001,0,nan,142,0.0,142,0.02199999988079071
1542,42,15,0.2250000000000001,1.0350000000000001,0,nan,142,0.0,142,0.02199999988079071
1543,43,15,0.19500000000000006,1.0350000000000001,0,nan,142,0.0,142,0.02199999988079071
1544,44,15,0.16500000000000004,1.0350000000000001,0,nan,142,0.0,142,0.02199999988079071
1545,45,15,0.135,1.0350000000000001,0,nan,142,0.0,142,0.02199999988079071
1546,46,15,0.10499999999999998,1.0350000000000001,0,nan,142,0.0,142,0.02199999988079071
1547,47,15,0.07499999999999996,1.0350000000000001,0,nan,142,0.0,142,0.02199999988079071
1548,48,15,0.04500000000000015,1.0350000000000001,0,nan,142,0.0,142,0.02199999988079071
1549,49,15,0.015000000000000124,1.0350000000000001,0,nan,142,0.0,142,0.02199999988079071
1550,50,15,-0.014999999999999902,1.0350000000000001,0,nan,142,0.0,142,0.02199999988079071
1551,51,15,-0.04499999999999993,1.0350000000000001,0,nan,142,0.0,142,0.02199999988079071
1552,52,15,-0.07499999999999996,1.0350000000000001,0,nan,142,0.0,142,0.02199999988079071
1553,53,15,-0.10499999999999998,1.0350000000000001,0,nan,142,0.0,142,0.02199999988079071
1554,54,15,-0.135,1.0350000000000001,0,nan,142,0.0,142,0.02199999988079071
1555,55,15,-0.16500000000000004,1.0350000000000001,0,nan,142,0.0,142,0.02199999988079071
1556,56,15,-0.19499999999999984,1.0350000000000001,0,nan,142,0.0,142,0.02199999988079071
1557,57,15,-0.22499999999999987,1.0350000000000001,0,nan,142,0.0,142,0.02199999988079071
1558,58,15,-0.2549999999999999,1.0350000000000001,0,nan,142,0.0,142,0.02199999988079071
1559,59,15,-0.2849999999999999,1.0350000000000001,0,nan,142,0.0,142,0.02199999988079071
1560,60,15,-0.31499999999999995,1.0350000000000001,0,nan,142,0.0,142,0.02199999988079071
1561,61,15,-0.345,1.0350000000000001,0,nan,142,0.0,142,0.02199999988079071
1562,62,15,-0.375,1.0350000000000001,0,nan,142,0.0,142,0.02199999988079071
1563,63,15,-0.405,1.0350000000000001,0,nan,142,0.0,142,0.02199999988079071
1564,64,15,-0.43499999999999983,1.0350000000000001,0,nan,142,0.0,142,0.02199999988079071
1565,65,15,-0.46499999999999986,1.0350000000000001,0,nan,142,0.0,142,0.02199999988079071
1566,66,15,-0.4949999999999999,1.0350000000000001,0,nan,142,0.0,142,0.02199999988079071
1567,67,15,-0.5249999999999999,1.0350000000000001,0,nan,142,0.0,142,0.02199999988079071
1568,68,15,-0.5549999999999997,1.0350000000000001,0,nan,142,0.0,142,0.02199999988079071
1569,69,15,-0.585,1.0350000000000001,0,nan,142,0.0,142,0.02199999988079071
1570,70,15,-0.6149999999999998,1.0350000000000001,0,nan,142,0.0,142,0.02199999988079071
1571,71,15,-0.645,1.0350000000000001,0,nan,142,0.0,142,0.02199999988079071
1572,72,15,-0.6749999999999998,1.0350000000000001,0,nan,142,0.0,142,0.02199999988079071
1573,73,15,-0.7050000000000001,1.0350000000000001,0,nan,142,0.0,142,0.02199999988079071
1574,74,15,-0.7349999999999999,1.0350000000000001,0,nan,142,0.0,142,0.02199999988079071
1575,75,15,-0.7650000000000001,1.0350000000000001,0,nan,142,0.0,142,0.02199999988079071
1576,76,15,-0.7949999999999999,1.0350000000000001,0,nan,142,0.0,142,0.02199999988079071
1577,77,15,-0.8249999999999997,1.0350000000000001,0,nan,142,0.0,142,0.02199999988079071
1578,78,15,-0.855,1.0350000000000001,0,nan,142,0.0,142,0.02199999988079071
1579,79,15,-0.8849999999999998,1.0350000000000001,0,nan,142,0.0,142,0.02199999988079071
1580,80,15,-0.915,1.0350000000000001,0,nan,142,0.0,142,0.02199999988079071
1581,81,15,-0.9449999999999998,1.0350000000000001,0,nan,142,0.0,142,0.02199999988079071
1582,82,15,-0.9750000000000001,1.0350000000000001,0,nan,142,0.0,142,0.02199999988079071
1583,83,15,-1.005,1.0350000000000001,0,nan,142,0.0,142,0.02199999988079071
1584,84,15,-1.0349999999999997,1.0350000000000001,0,nan,142,0.0,142,0.02199999988079071
1585,85,15,-1.065,1.0350000000000001,0,nan,142,0.0,142,0.02199999988079071
1586,86,15,-1.0949999999999998,1.0350000000000001,0,nan,142,0.0,142,0.02199999988079071
1587,87,15,-1.125,1.0350000000000001,0,nan,142,0.0,142,0.02199999988079071
1588,88,15,-1.1549999999999998,1.0350000000000001,0,nan,142,0.0,142,0.02199999988079071
1589,89,15,-1.185,1.0350000000000001,0,nan,142,0.0,142,0.02199999988079071
1590,90,15,-1.2149999999999999,1.0350000000000001,0,nan,142,0.0,142,0.02199999988079071
1591,91,15,-1.245,1.0350000000000001,0,nan,142,0.0,142,0.02199999988079071
1592,92,15,-1.275,1.0350000000000001,0,nan,142,0.0,142,0.02199999988079071
1593,93,15,-1.3049999999999997,1.0350000000000001,0,nan,142,0.0,142,0.02199999988079071
1594,94,15,-1.335,1.0350000000000001,0,nan,142,0.0,142,0.02199999988079071
1595,95,15,-1.3649999999999998,1.0350000000000001,0,nan,142,0.0,142,0.02199999988079071
1596,96,15,-1.395,1.0350000000000001,0,nan,142,0.0,142,0.02199999988079071
1597,97,15,-1.4249999999999998,1.0350000000000001,0,nan,142,0.0,142,0.0
1598,98,15,-1.455,1.0350000000000001,0,nan,142,0.0,142,0.0
1599,99,15,-1.4849999999999999,1.0350000000000001,0,nan,142,0.0,142,0.0
1600,0,16,1.485,1.005,0,nan,142,0.0,142,0.0
1601,1,16,1.455,1.005,0,nan,142,0.0,142,0.0
1602,2,16,1.425,1.005,0,nan,142,0.0,142,0.0
1603,3,16,1.395,1.005,0,nan,142,0.0,142,0.02199999988079071
1604,4,16,1.365,1.005,0,nan,142,0.0,142,0.02199999988079071
1605,5,16,1.335,1.005,0,nan,142,0.0,142,0.02199999988079071
1606,6,16,1.305,1.005,0,nan,142,0.0,142,0.02199999988079071
1607,7,16,1.275,1.005,0,nan,142,0.0,142,0.02199999988079071
1608,8,16,1.245,1.005,0,nan,142,0.0,142,0.02199999988079071
1609,9,16,1.215,1.005,0,nan,142,0.0,142,0.02199999988079071
1610,10,16,1.185,1.005,0,nan,142,0.0,142,0.02199999988079071
1611,11,16,1.155,1.005,0,nan,142,0.0,142,0.02199999988079071
1612,12,16,1.125,1.005,0,nan,142,0.0,142,0.02199999988079071
1613,13,16,1.095,1.005,0,nan,142,0.0,142,0.02199999988079071
1614,14,16,1.065,1.005,0,nan,142,0.0,142,0.02199999988079071
1615,15,16,1.0350000000000001,1.005,0,nan,142,0.0,142,0.02199999988079071
1616,16,16,1.005,1.005,0,nan,142,0.0,142,0.02199999988079071
1617,17,16,0.975,1.005,0,nan,142,0.0,142,0.02199999988079071
1618,18,16,0.9450000000000001,1.005,0,nan,142,0.0,142,0.02199999988079071
1619,19,16,0.915,1.005,0,nan,142,0.0,142,0.02199999988079071
1620,20,16,0.885,1.005,0,nan,142,0.0,142,0.02199999988079071
1621,21,16,0.855,1.005,0,nan,142,0.0,142,0.02199999988079071
1622,22,16,0.8250000000000001,1.005,0,nan,142,0.0,142,0.02199999988079071
1623,23,16,0.795,1.005,0,nan,142,0.0,142,0.02199999988079071
1624,24,16,0.765,1.005,0,nan,142,0.0,142,0.02199999988079071
1625,25,16,0.735,1.005,0,nan,142,0.0,142,0.02199999988079071
1626,26,16,0.7050000000000001,1.005,0,nan,142,0.0,142,0.02199999988079071
1627,27,16,0.675,1.005,0,nan,142,0.0,142,0.02199999988079071
1628,28,16,0.645,1.005,0,nan,142,0.0,142,0.02199999988079071
1629,29,16,0.615,1.005,0,nan,142,0.0,142,0.02199999988079071
1630,30,16,0.5850000000000001,1.005,0,nan,142,0.0,142,0.02199999988079071
1631,31,16,0.555,1.005,0,nan,142,0.0,142,0.02199999988079071
1632,32,16,0.525,1.005,0,nan,142,0.0,142,0.02199999988079071
1633,33,16,0.4950000000000001,1.005,0,nan,142,0.0,142,0.02199999988079071
1634,34,16,0.4650000000000001,1.005,0,nan,142,0.0,142,0.02199999988079071
1635,35,16,0.43500000000000005,1.005,0,nan,142,0.0,142,0.02199999988079071
1636,36,16,0.405,1.005,0,nan,142,0.0,142,0.02199999988079071
1637,37,16,0.375,1.005,0,nan,142,0.0,142,0.02199999988079071
1638,38,16,0.345,1.005,0,nan,142,0.0,142,0.02199999988079071
1639,39,16,0.31499999999999995,1.005,0,nan,142,0.0,142,0.02199999988079071
1640,40,16,0.28500000000000014,1.005,0,nan,142,0.0,142,0.02199999988079071
1641,41,16,0.2550000000000001,1.005,0,nan,142,0.0,142,0.02199999988079071
1642,42,16,0.2250000000000001,1.005,0,nan,142,0.0,142,0.02199999988079071
1643,43,16,0.19500000000000006,1.005,0,nan,142,0.0,142,0.02199999988079071
1644,44,16,0.16500000000000004,1.005,0,nan,142,0.0,142,0.02199999988079071
1645,45,16,0.135,1.005,0,nan,142,0.0,142,0.02199999988079071
1646,46,16,0.10499999999999998,1.005,0,nan,142,0.0,142,0.02199999988079071
1647,47,16,0.07499999999999996,1.005,0,nan,142,0.0,142,0.02199999988079071
1648,48,16,0.04500000000000015,1.005,0,nan,142,0.0,142,0.02199999988079071
1649,49,16,0.015000000000000124,1.005,0,nan,142,0.0,142,0.02199999988079071
1650,50,16,-0.014999999999999902,1.005,0,nan,142,0.0,142,0.02199999988079071
1651,51,16,-0.04499999999999993,1.005,0,nan,142,0.0,142,0.02199999988079071
1652,52,16,-0.07499999999999996,1.005,0,nan,142,0.0,142,0.02199999988079071
1653,53,16,-0.10499999999999998,1.005,0,nan,142,0.0,142,0.02199999988079071
1654,54,16,-0.135,1.005,0,nan,142,0.0,142,0.02199999988079071
1655,55,16,-0.16500000000000004,1.005,0,nan,142,0.0,142,0.02199999988079071
1656,56,16,-0.19499999999999984,1.005,0,nan,142,0.0,142,0.02199999988079071
1657,57,16,-0.22499999999999987,1.005,0,nan,142,0.0,142,0.02199999988079071
1658,58,16,-0.2549999999999999,1.005,0,nan,142,0.0,142,0.02199999988079071
1659,59,16,-0.2849999999999999,1.005,0,nan,142,0.0,142,0.02199999988079071
1660,60,16,-0.31499999999999995,1.005,0,nan,142,0.0,142,0.02199999988079071
1661,61,16,-0.345,1.005,0,nan,142,0.0,142,0.02199999988079071
1662,62,16,-0.375,1.005,0,nan,142,0.0,142,0.02199999988079071
1663,63,16,-0.405,1.005,0,nan,142,0.0,142,0.02199999988079071
1664,64,16,-0.43499999999999983,1.005,0,nan,142,0.0,142,0.02199999988079071
1665,65,16,-0.46499999999999986,1.005,0,nan,142,0.0,142,0.02199999988079071
1666,66,16,-0.4949999999999999,1.005,0,nan,142,0.0,142,0.02199999988079071
1667,67,16,-0.5249999999999999,1.005,0,nan,142,0.0,142,0.02199999988079071
1668,68,16,-0.5549999999999997,1.005,0,nan,142,0.0,142,0.02199999988079071
1669,69,16,-0.585,1.005,0,nan,142,0.0,142,0.02199999988079071
1670,70,16,-0.6149999999999998,1.005,0,nan,142,0.0,142,0.02199999988079071
1671,71,16,-0.645,1.005,0,nan,142,0.0,142,0.02199999988079071
1672,72,16,-0.6749999999999998,1.005,0,nan,142,0.0,142,0.02199999988079071
1673,73,16,-0.7050000000000001,1.005,0,nan,142,0.0,142,0.02199999988079071
1674,74,16,-0.7349999999999999,1.005,0,nan,142,0.0,142,0.02199999988079071
1675,75,16,-0.7650000000000001,1.005,0,nan,142,0.0,142,0.02199999988079071
1676,76,16,-0.7949999999999999,1.005,0,nan,142,0.0,142,0.02199999988079071
1677,77,16,-0.8249999999999997,1.005,0,nan,142,0.0,142,0.02199999988079071
1678,78,16,-0.855,1.005,0,nan,142,0.0,142,0.02199999988079071
1679,79,16,-0.8849999999999998,1.005,0,nan,142,0.0,142,0.02199999988079071
1680,80,16,-0.915,1.005,0,nan,142,0.0,142,0.02199999988079071
1681,81,16,-0.9449999999999998,1.005,0,nan,142,0.0,142,0.02199999988079071
1682,82,16,-0.9750000000000001,1.005,0,nan,142,0.0,142,0.02199999988079071
1683,83,16,-1.005,1.005,0,nan,142,0.0,142,0.02199999988079071
1684,84,16,-1.0349999999999997,1.005,0,nan,142,0.0,142,0.02199999988079071
1685,85,16,-1.065,1.005,0,nan,142,0.0,142,0.02199999988079071
1686,86,16,-1.0949999999999998,1.005,0,nan,142,0.0,142,0.02199999988079071
1687,87,16,-1.125,1.005,0,nan,142,0.0,142,0.02199999988079071
1688,88,16,-1.1549999999999998,1.005,0,nan,142,0.0,142,0.02199999988079071
1689,89,16,-1.185,1.005,0,nan,142,0.0,142,0.02199999988079071
1690,90,16,-1.2149999999999999,1.005,0,nan,142,0.0,142,0.02199999988079071
1691,91,16,-1.245,1.005,0,nan,142,0.0,142,0.02199999988079071
1692,92,16,-1.275,1.005,0,nan,142,0.0,142,0.02199999988079071
1693,93,16,-1.3049999999999997,1.005,0,nan,142,0.0,142,0.02199999988079071
1694,94,16,-1.335,1.005,0,nan,142,0.0,142,0.02199999988079071
1695,95,16,-1.3649999999999998,1.005,0,nan,142,0.0,142,0.02199999988079071
1696,96,16,-1.395,1.005,0,nan,142,0.0,142,0.02199999988079071
1697,97,16,-1.4249999999999998,1.005,0,nan,142,0.0,142,0.0
1698,98,16,-1.455,1.005,0,nan,142,0.0,142,0.0
1699,99,16,-1.4849999999999999,1.005,0,nan,142,0.0,142,0.0
1700,0,17,1.485,0.975,0,nan,142,0.0,142,0.0
1701,1,17,1.455,0.975,0,nan,142,0.0,142,0.0
1702,2,17,1.425,0.975,0,nan,142,0.0,142,0.0
1703,3,17,1.395,0.975,0,nan,142,0.0,142,0.02199999988079071
1704,4,17,1.365,0.975,0,nan,142,0.0,142,0.02199999988079071
1705,5,17,1.335,0.975,0,nan,142,0.0,142,0.02199999988079071
1706,6,17,1.305,0.975,0,nan,142,0.0,142,0.02199999988079071
1707,7,17,1.275,0.975,0,nan,142,0.0,142,0.02199999988079071
1708,8,17,1.245,0.975,0,nan,142,0.0,142,0.02199999988079071
1709,9,17,1.215,0.975,0,nan,142,0.0,142,0.02199999988079071
1710,10,17,1.185,0.975,0,nan,142,0.0,142,0.02199999988079071
1711,11,17,1.155,0.975,0,nan,142,0.0,142,0.02199999988079071
1712,12,17,1.125,0.975,0,nan,142,0.0,142,0.02199999988079071
1713,13,17,1.095,0.975,0,nan,142,0.0,142,0.02199999988079071
1714,14,17,1.065,0.975,0,nan,142,0.0,142,0.02199999988079071
1715,15,17,1.0350000000000001,0.975,0,nan,142,0.0,142,0.02199999988079071
1716,16,17,1.005,0.975,0,nan,142,0.0,142,0.02199999988079071
1717,17,17,0.975,0.975,0,nan,142,0.0,142,0.02199999988079071
1718,18,17,0.9450000000000001,0.975,0,nan,142,0.0,142,0.02199999988079071
1719,19,17,0.915,0.975,0,nan,142,0.0,142,0.02199999988079071
1720,20,17,0.885,0.975,0,nan,142,0.0,142,0.02199999988079071
1721,21,17,0.855,0.975,0,nan,142,0.0,142,0.02199999988079071
1722,22,17,0.8250000000000001,0.975,0,nan,142,0.0,142,0.02199999988079071
1723,23,17,0.795,0.975,0,nan,142,0.0,142,0.02199999988079071
1724,24,17,0.765,0.975,0,nan,142,0.0,142,0.02199999988079071
1725,25,17,0.735,0.975,0,nan,142,0.0,142,0.02199999988079071
1726,26,17,0.7050000000000001,0.975,0,nan,142,0.0,142,0.02199999988079071
1727,27,17,0.675,0.975,0,nan,142,0.0,142,0.02199999988079071
1728,28,17,0.645,0.975,0,nan,142,0.0,142,0.02199999988079071
1729,29,17,0.615,0.975,0,nan,142,0.0,142,0.02199999988079071
1730,30,17,0.5850000000000001,0.975,0,nan,142,0.0,142,0.02199999988079071
1731,31,17,0.555,0.975,0,nan,142,0.0,142,0.02199999988079071
1732,32,17,0.525,0.975,0,nan,142,0.0,142,0.02199999988079071
1733,33,17,0.4950000000000001,0.975,0,nan,142,0.0,142,0.02199999988079071
1734,34,17,0.4650000000000001,0.975,0,nan,142,0.0,142,0.02199999988079071
1735,35,17,0.43500000000000005,0.975,0,nan,142,0.0,142,0.02199999988079071
1736,36,17,0.405,0.975,0,nan,142,0.0,142,0.02199999988079071
1737,37,17,0.375,0.975,0,nan,142,0.0,142,0.02199999988079071
1738,38,17,0.345,0.975,0,nan,142,0.0,142,0.02199999988079071
1739,39,17,0.31499999999999995,0.975,0,nan,142,0.0,142,0.02199999988079071
1740,40,17,0.28500000000000014,0.975,0,nan,142,0.0,142,0.02199999988079071
1741,41,17,0.2550000000000001,0.975,0,nan,142,0.0,142,0.02199999988079071
1742,42,17,0.2250000000000001,0.975,0,nan,142,0.0,142,0.02199999988079071
1743,43,17,0.19500000000000006,0.975,0,nan,142,0.0,142,0.02199999988079071
1744,44,17,0.16500000000000004,0.975,0,nan,142,0.0,142,0.02199999988079071
1745,45,17,0.135,0.975,0,nan,142,0.0,142,0.02199999988079071
1746,46,17,0.10499999999999998,0.975,0,nan,142,0.0,142,0.02199999988079071
1747,47,17,0.07499999999999996,0.975,0,nan,142,0.0,142,0.02199999988079071
1748,48,17,0.04500000000000015,0.975,0,nan,142,0.0,142,0.02199999988079071
1749,49,17,0.015000000000000124,0.975,0,nan,142,0.0,142,0.02199999988079071
1750,50,17,-0.014999999999999902,0.975,0,nan,142,0.0,142,0.02199999988079071
1751,51,17,-0.04499999999999993,0.975,0,nan,142,0.0,142,0.02199999988079071
1752,52,17,-0.07499999999999996,0.975,0,nan,142,0.0,142,0.02199999988079071
1753,53,17,-0.10499999999999998,0.975,0,nan,142,0.0,142,0.02199999988079071
1754,54,17,-0.135,0.975,0,nan,142,0.0,142,0.02199999988079071
1755,55,17,-0.16500000000000004,0.975,0,nan,142,0.0,142,0.02199999988079071
1756,56,17,-0.19499999999999984,0.975,0,nan,142,0.0,142,0.02199999988079071
1757,57,17,-0.22499999999999987,0.975,0,nan,142,0.0,142,0.02199999988079071
1758,58,17,-0.2549999999999999,0.975,0,nan,142,0.0,142,0.02199999988079071
1759,59,17,-0.2849999999999999,0.975,0,nan,142,0.0,142,0.02199999988079071
1760,60,17,-0.31499999999999995,0.975,0,nan,142,0.0,142,0.02199999988079071
1761,61,17,-0.345,0.975,0,nan,142,0.0,142,0.02199999988079071
1762,62,17,-0.375,0.975,0,nan,142,0.0,142,0.02199999988079071
1763,63,17,-0.405,0.975,0,nan,142,0.0,142,0.02199999988079071
1764,64,17,-0.43499999999999983,0.975,0,nan,142,0.0,142,0.02199999988079071
1765,65,17,-0.46499999999999986,0.975,0,nan,142,0.0,142,0.02199999988079071
1766,66,17,-0.4949999999999999,0.975,0,nan,142,0.0,142,0.02199999988079071
1767,67,17,-0.5249999999999999,0.975,0,nan,142,0.0,142,0.02199999988079071
1768,68,17,-0.5549999999999997,0.975,0,nan,142,0.0,142,0.02199999988079071
1769,69,17,-0.585,0.975,0,nan,142,0.0,142,0.02199999988079071
1770,70,17,-0.6149999999999998,0.975,0,nan,142,0.0,142,0.02199999988079071
1771,71,17,-0.645,0.975,0,nan,142,0.0,142,0.02199999988079071
1772,72,17,-0.6749999999999998,0.975,0,nan,142,0.0,142,0.02199999988079071
1773,73,17,-0.7050000000000001,0.975,0,nan,142,0.0,142,0.02199999988079071
1774,74,17,-0.7349999999999999,0.975,0,nan,142,0.0,142,0.02199999988079071
1775,75,17,-0.7650000000000001,0.975,0,nan,142,0.0,142,0.02199999988079071
1776,76,17,-0.7949999999999999,0.975,0,nan,142,0.0,142,0.02199999988079071
1777,77,17,-0.8249999999999997,0.975,0,nan,142,0.0,142,0.02199999988079071
1778,78,17,-0.855,0.975,0,nan,142,0.0,142,0.02199999988079071
1779,79,17,-0.8849999999999998,0.975,0,nan,142,0.0,142,0.02199999988079071
1780,80,17,-0.915,0.975,0,nan,142,0.0,142,0.02199999988079071
1781,81,17,-0.9449999999999998,0.975,0,nan,142,0.0,142,0.02199999988079071
1782,82,17,-0.9750000000000001,0.975,0,nan,142,0.0,142,0.02199999988079071
1783,83,17,-1.005,0.975,0,nan,142,0.0,142,0.02199999988079071
1784,84,17,-1.0349999999999997,0.975,0,nan,142,0.0,142,0.02199999988079071
1785,85,17,-1.065,0.975,0,nan,142,0.0,142,0.02199999988079071
1786,86,17,-1.0949999999999998,0.975,0,nan,142,0.0,142,0.02199999988079071
1787,87,17,-1.125,0.975,0,nan,142,0.0,142,0.02199999988079071
1788,88,17,-1.1549999999999998,0.975,0,nan,142,0.0,142,0.02199999988079071
1789,89,17,-1.185,0.975,0,nan,142,0.0,142,0.02199999988079071
1790,90,17,-1.2149999999999999,0.975,0,nan,142,0.0,142,0.02199999988079071
1791,91,17,-1.245,0.975,0,nan,142,0.0,142,0.02199999988079071
1792,92,17,-1.275,0.975,0,nan,142,0.0,142,0.02199999988079071
1793,93,17,-1.3049999999999997,0.975,0,nan,142,0.0,142,0.02199999988079071
1794,94,17,-1.335,0.975,0,nan,142,0.0,142,0.02199999988079071
1795,95,17,-1.3649999999999998,0.975,0,nan,142,0.0,142,0.02199999988079071
1796,96,17,-1.395,0.975,0,nan,142,0.0,142,0.02199999988079071
1797,97,17,-1.4249999999999998,0.975,0,nan,142,0.0,142,0.0
1798,98,17,-1.455,0.975,0,nan,142,0.0,142,0.0
1799,99,17,-1.4849999999999999,0.975,0,nan,142,0.0,142,0.0
1800,0,18,1.485,0.9450000000000001,0,nan,142,0.0,142,0.0
1801,1,18,1.455,0.9450000000000001,0,nan,142,0.0,142,0.0
1802,2,18,1.425,0.9450000000000001,0,nan,142,0.0,142,0.0
1803,3,18,1.395,0.9450000000000001,0,nan,142,0.0,142,0.02199999988079071
1804,4,18,1.365,0.9450000000000001,0,nan,142,0.0,142,0.02199999988079071
1805,5,18,1.335,0.9450000000000001,0,nan,142,0.0,142,0.02199999988079071
1806,6,18,1.305,0.9450000000000001,0,nan,142,0.0,142,0.02199999988079071
1807,7,18,1.275,0.9450000000000001,0,nan,142,0.0,142,0.02199999988079071
1808,8,18,1.245,0.9450000000000001,0,nan,142,0.0,142,0.02199999988079071
1809,9,18,1.215,0.9450000000000001,0,nan,142,0.0,142,0.02199999988079071
1810,10,18,1.185,0.9450000000000001,0,nan,142,0.0,142,0.02199999988079071
1811,11,18,1.155,0.9450000000000001,0,nan,142,0.0,142,0.02199999988079071
1812,12,18,1.125,0.9450000000000001,0,nan,142,0.0,142,0.02199999988079071
1813,13,18,1.095,0.9450000000000001,0,nan,142,0.0,142,0.02199999988079071
1814,14,18,1.065,0.9450000000000001,0,nan,142,0.0,142,0.02199999988079071
1815,15,18,1.0350000000000001,0.9450000000000001,0,nan,142,0.0,142,0.02199999988079071
1816,16,18,1.005,0.9450000000000001,0,nan,142,0.0,142,0.02199999988079071
1817,17,18,0.975,0.9450000000000001,0,nan,142,0.0,142,0.02199999988079071
1818,18,18,0.9450000000000001,0.9450000000000001,0,nan,142,0.0,142,0.02199999988079071
1819,19,18,0.915,0.9450000000000001,0,nan,142,0.0,142,0.02199999988079071
1820,20,18,0.885,0.9450000000000001,0,nan,142,0.0,142,0.02199999988079071
1821,21,18,0.855,0.9450000000000001,0,nan,142,0.0,142,0.02199999988079071
1822,22,18,0.8250000000000001,0.9450000000000001,0,nan,142,0.0,142,0.02199999988079071
1823,23,18,0.795,0.9450000000000001,0,nan,142,0.0,142,0.02199999988079071
1824,24,18,0.765,0.9450000000000001,0,nan,142,0.0,142,0.02199999988079071
1825,25,18,0.735,0.9450000000000001,0,nan,142,0.0,142,0.02199999988079071
1826,26,18,0.7050000000000001,0.9450000000000001,0,nan,142,0.0,142,0.02199999988079071
1827,27,18,0.675,0.9450000000000001,0,nan,142,0.0,142,0.02199999988079071
1828,28,18,0.645,0.9450000000000001,0,nan,142,0.0,142,0.02199999988079071
1829,29,18,0.615,0.9450000000000001,0,nan,142,0.0,142,0.02199999988079071
1830,30,18,0.5850000000000001,0.9450000000000001,0,nan,142,0.0,142,0.02199999988079071
1831,31,18,0.555,0.9450000000000001,0,nan,142,0.0,142,0.02199999988079071
1832,32,18,0.525,0.9450000000000001,0,nan,142,0.0,142,0.02199999988079071
1833,33,18,0.4950000000000001,0.9450000000000001,0,nan,142,0.0,142,0.02199999988079071
1834,34,18,0.4650000000000001,0.9450000000000001,0,nan,142,0.0,142,0.02199999988079071
1835,35,18,0.43500000000000005,0.9450000000000001,0,nan,142,0.0,142,0.02199999988079071
1836,36,18,0.405,0.9450000000000001,0,nan,142,0.0,142,0.02199999988079071
1837,37,18,0.375,0.9450000000000001,0,nan,142,0.0,142,0.02199999988079071
1838,38,18,0.345,0.9450000000000001,0,nan,142,0.0,142,0.02199999988079071
1839,39,18,0.31499999999999995,0.9450000000000001,0,nan,142,0.0,142,0.02199999988079071
1840,40,18,0.28500000000000014,0.9450000000000001,0,nan,142,0.0,142,0.02199999988079071
1841,41,18,0.2550000000000001,0.9450000000000001,0,nan,142,0.0,142,0.02199999988079071
1842,42,18,0.2250000000000001,0.9450000000000001,0,nan,142,0.0,142,0.02199999988079071
1843,43,18,0.19500000000000006,0.9450000000000001,0,nan,142,0.0,142,0.02199999988079071
1844,44,18,0.16500000000000004,0.9450000000000001,0,nan,142,0.0,142,0.02199999988079071
1845,45,18,0.135,0.9450000000000001,0,nan,142,0.0,142,0.02199999988079071
1846,46,18,0.10499999999999998,0.9450000000000001,0,nan,142,0.0,142,0.02199999988079071
1847,47,18,0.07499999999999996,0.9450000000000001,0,nan,142,0.0,142,0.02199999988079071
1848,48,18,0.04500000000000015,0.9450000000000001,0,nan,142,0.0,142,0.02199999988079071
1849,49,18,0.015000000000000124,0.9450000000000001,0,nan,142,0.0,142,0.02199999988079071
1850,50,18,-0.014999999999999902,0.9450000000000001,0,nan,142,0.0,142,0.02199999988079071
1851,51,18,-0.04499999999999993,0.9450000000000001,0,nan,142,0.0,142,0.02199999988079071
1852,52,18,-0.07499999999999996,0.9450000000000001,0,nan,142,0.0,142,0.02199999988079071
1853,53,18,-0.10499999999999998,0.9450000000000001,0,nan,142,0.0,142,0.02199999988079071
1854,54,18,-0.135,0.9450000000000001,0,nan,142,0.0,142,0.02199999988079071
1855,55,18,-0.16500000000000004,0.9450000000000001,0,nan,142,0.0,142,0.02199999988079071
1856,56,18,-0.19499999999999984,0.9450000000000001,0,nan,142,0.0,142,0.02199999988079071
1857,57,18,-0.22499999999999987,0.9450000000000001,0,nan,142,0.0,142,0.02199999988079071
1858,58,18,-0.2549999999999999,0.9450000000000001,0,nan,142,0.0,142,0.02199999988079071
1859,59,18,-0.2849999999999999,0.9450000000000001,0,nan,142,0.0,142,0.02199999988079071
1860,60,18,-0.31499999999999995,0.9450000000000001,0,nan,142,0.0,142,0.02199999988079071
1861,61,18,-0.345,0.9450000000000001,0,nan,142,0.0,142,0.02199999988079071
1862,62,18,-0.375,0.9450000000000001,0,nan,142,0.0,142,0.02199999988079071
1863,63,18,-0.405,0.9450000000000001,0,nan,142,0.0,142,0.02199999988079071
1864,64,18,-0.43499999999999983,0.9450000000000001,0,nan,142,0.0,142,0.02199999988079071
1865,65,18,-0.46499999999999986,0.9450000000000001,0,nan,142,0.0,142,0.02199999988079071
1866,66,18,-0.4949999999999999,0.9450000000000001,0,nan,142,0.0,142,0.02199999988079071
1867,67,18,-0.5249999999999999,0.9450000000000001,0,nan,142,0.0,142,0.02199999988079071
1868,68,18,-0.5549999999999997,0.9450000000000001,0,nan,142,0.0,142,0.02199999988079071
1869,69,18,-0.585,0.9450000000000001,0,nan,142,0.0,142,0.02199999988079071
1870,70,18,-0.6149999999999998,0.9450000000000001,0,nan,142,0.0,142,0.02199999988079071
1871,71,18,-0.645,0.9450000000000001,0,nan,142,0.0,142,0.02199999988079071
1872,72,18,-0.6749999999999998,0.9450000000000001,0,nan,142,0.0,142,0.02199999988079071
1873,73,18,-0.7050000000000001,0.9450000000000001,0,nan,142,0.0,142,0.02199999988079071
1874,74,18,-0.7349999999999999,0.9450000000000001,0,nan,142,0.0,142,0.02199999988079071
1875,75,18,-0.7650000000000001,0.9450000000000001,0,nan,142,0.0,142,0.02199999988079071
1876,76,18,-0.7949999999999999,0.9450000000000001,0,nan,142,0.0,142,0.02199999988079071
1877,77,18,-0.8249999999999997,0.9450000000000001,0,nan,142,0.0,142,0.02199999988079071
1878,78,18,-0.855,0.9450000000000001,0,nan,142,0.0,142,0.02199999988079071
1879,79,18,-0.8849999999999998,0.9450000000000001,0,nan,142,0.0,142,0.02199999988079071
1880,80,18,-0.915,0.9450000000000001,0,nan,142,0.0,142,0.02199999988079071
1881,81,18,-0.9449999999999998,0.9450000000000001,0,nan,142,0.0,142,0.02199999988079071
1882,82,18,-0.9750000000000001,0.9450000000000001,0,nan,142,0.0,142,0.02199999988079071
1883,83,18,-1.005,0.9450000000000001,0,nan,142,0.0,142,0.02199999988079071
1884,84,18,-1.0349999999999997,0.9450000000000001,0,nan,142,0.0,142,0.02199999988079071
1885,85,18,-1.065,0.9450000000000001,0,nan,142,0.0,142,0.02199999988079071
1886,86,18,-1.0949999999999998,0.9450000000000001,0,nan,142,0.0,142,0.02199999988079071
1887,87,18,-1.125,0.9450000000000001,0,nan,142,0.0,142,0.02199999988079071
1888,88,18,-1.1549999999999998,0.9450000000000001,0,nan,142,0.0,142,0.02199999988079071
1889,89,18,-1.185,0.9450000000000001,0,nan,142,0.0,142,0.02199999988079071
1890,90,18,-1.2149999999999999,0.9450000000000001,0,nan,142,0.0,142,0.02199999988079071
1891,91,18,-1.245,0.9450000000000001,0,nan,142,0.0,142,0.02199999988079071
1892,92,18,-1.275,0.9450000000000001,0,nan,142,0.0,142,0.02199999988079071
1893,93,18,-1.3049999999999997,0.9450000000000001,0,nan,142,0.0,142,0.02199999988079071
1894,94,18,-1.335,0.9450000000000001,0,nan,142,0.0,142,0.02199999988079071
1895,95,18,-1.3649999999999998,0.9450000000000001,0,nan,142,0.0,142,0.02199999988079071
1896,96,18,-1.395,0.9450000000000001,0,nan,142,0.0,142,0.02199999988079071
1897,97,18,-1.4249999999999998,0.9450000000000001,0,nan,142,0.0,142,0.0
1898,98,18,-1.455,0.9450000000000001,0,nan,142,0.0,142,0.0
1899,99,18,-1.4849999999999999,0.9450000000000001,0,nan,142,0.0,142,0.0
1900,0,19,1.485,0.915,0,nan,142,0.0,142,0.0
1901,1,19,1.455,0.915,0,nan,142,0.0,142,0.0
1902,2,19,1.425,0.915,0,nan,142,0.0,142,0.0
1903,3,19,1.395,0.915,0,nan,142,0.0,142,0.02199999988079071
1904,4,19,1.365,0.915,0,nan,142,0.0,142,0.02199999988079071
1905,5,19,1.335,0.915,0,nan,142,0.0,142,0.02199999988079071
1906,6,19,1.305,0.915,0,nan,142,0.0,142,0.02199999988079071
1907,7,19,1.275,0.915,0,nan,142,0.0,142,0.02199999988079071
1908,8,19,1.245,0.915,0,nan,142,0.0,142,0.02199999988079071
1909,9,19,1.215,0.915,0,nan,142,0.0,142,0.02199999988079071
1910,10,19,1.185,0.915,0,nan,142,0.0,142,0.02199999988079071
1911,11,19,1.155,0.915,0,nan,142,0.0,142,0.02199999988079071
1912,12,19,1.125,0.915,0,nan,142,0.0,142,0.02199999988079071
1913,13,19,1.095,0.915,0,nan,142,0.0,142,0.02199999988079071
1914,14,19,1.065,0.915,0,nan,142,0.0,142,0.02199999988079071
1915,15,19,1.0350000000000001,0.915,0,nan,142,0.0,142,0.02199999988079071
1916,16,19,1.005,0.915,0,nan,142,0.0,142,0.02199999988079071
1917,17,19,0.975,0.915,0,nan,142,0.0,142,0.02199999988079071
1918,18,19,0.9450000000000001,0.915,0,nan,142,0.0,142,0.02199999988079071
1919,19,19,0.915,0.915,0,nan,142,0.0,142,0.02199999988079071
1920,20,19,0.885,0.915,0,nan,142,0.0,142,0.02199999988079071
1921,21,19,0.855,0.915,0,nan,142,0.0,142,0.02199999988079071
1922,22,19,0.8250000000000001,0.915,0,nan,142,0.0,142,0.02199999988079071
1923,23,19,0.795,0.915,0,nan,142,0.0,142,0.02199999988079071
1924,24,19,0.765,0.915,0,nan,142,0.0,142,0.02199999988079071
1925,25,19,0.735,0.915,0,nan,142,0.0,142,0.02199999988079071
1926,26,19,0.7050000000000001,0.915,0,nan,142,0.0,142,0.02199999988079071
1927,27,19,0.675,0.915,0,nan,142,0.0,142,0.02199999988079071
1928,28,19,0.645,0.915,0,nan,142,0.0,142,0.02199999988079071
1929,29,19,0.615,0.915,0,nan,142,0.0,142,0.02199999988079071
1930,30,19,0.5850000000000001,0.915,0,nan,142,0.0,142,0.02199999988079071
1931,31,19,0.555,0.915,0,nan,142,0.0,142,0.02199999988079071
1932,32,19,0.525,0.915,0,nan,142,0.0,142,0.02199999988079071
1933,33,19,0.4950000000000001,0.915,0,nan,142,0.0,142,0.02199999988079071
1934,34,19,0.4650000000000001,0.915,0,nan,142,0.0,142,0.02199999988079071
1935,35,19,0.43500000000000005,0.915,0,nan,142,0.0,142,0.02199999988079071
1936,36,19,0.405,0.915,0,nan,142,0.0,142,0.02199999988079071
1937,37,19,0.375,0.915,0,nan,142,0.0,142,0.02199999988079071
1938,38,19,0.345,0.915,0,nan,142,0.0,142,0.02199999988079071
1939,39,19,0.31499999999999995,0.915,0,nan,142,0.0,142,0.02199999988079071
1940,40,19,0.28500000000000014,0.915,0,nan,142,0.0,142,0.02199999988079071
1941,41,19,0.2550000000000001,0.915,0,nan,142,0.0,142,0.02199999988079071
1942,42,19,0.2250000000000001,0.915,0,nan,142,0.0,142,0.02199999988079071
1943,43,19,0.19500000000000006,0.915,0,nan,142,0.0,142,0.02199999988079071
1944,44,19,0.16500000000000004,0.915,0,nan,142,0.0,142,0.02199999988079071
1945,45,19,0.135,0.915,0,nan,142,0.0,142,0.02199999988079071
1946,46,19,0.10499999999999998,0.915,0,nan,142,0.0,142,0.02199999988079071
1947,47,19,0.07499999999999996,0.915,0,nan,142,0.0,142,0.02199999988079071
1948,48,19,0.04500000000000015,0.915,0,nan,142,0.0,142,0.02199999988079071
1949,49,19,0.015000000000000124,0.915,0,nan,142,0.0,142,0.02199999988079071
1950,50,19,-0.014999999999999902,0.915,0,nan,142,0.0,142,0.02199999988079071
1951,51,19,-0.04499999999999993,0.915,0,nan,142,0.0,142,0.02199999988079071
1952,52,19,-0.07499999999999996,0.915,0,nan,142,0.0,142,0.02199999988079071
1953,53,19,-0.10499999999999998,0.915,0,nan,142,0.0,142,0.02199999988079071
1954,54,19,-0.135,0.915,0,nan,142,0.0,142,0.02199999988079071
1955,55,19,-0.16500000000000004,0.915,0,nan,142,0.0,142,0.02199999988079071
1956,56,19,-0.19499999999999984,0.915,0,nan,142,0.0,142,0.02199999988079071
1957,57,19,-0.22499999999999987,0.915,0,nan,142,0.0,142,0.02199999988079071
1958,58,19,-0.2549999999999999,0.915,0,nan,142,0.0,142,0.02199999988079071
1959,59,19,-0.2849999999999999,0.915,0,nan,142,0.0,142,0.02199999988079071
1960,60,19,-0.31499999999999995,0.915,0,nan,142,0.0,142,0.02199999988079071
1961,61,19,-0.345,0.915,0,nan,142,0.0,142,0.02199999988079071
1962,62,19,-0.375,0.915,0,nan,142,0.0,142,0.02199999988079071
1963,63,19,-0.405,0.915,0,nan,142,0.0,142,0.02199999988079071
1964,64,19,-0.43499999999999983,0.915,0,nan,142,0.0,142,0.02199999988079071
1965,65,19,-0.46499999999999986,0.915,0,nan,142,0.0,142,0.02199999988079071
1966,66,19,-0.4949999999999999,0.915,0,nan,142,0.0,142,0.02199999988079071
1967,67,19,-0.5249999999999999,0.915,0,nan,142,0.0,142,0.02199999988079071
1968,68,19,-0.5549999999999997,0.915,0,nan,142,0.0,142,0.02199999988079071
1969,69,19,-0.585,0.915,0,nan,142,0.0,142,0.02199999988079071
1970,70,19,-0.6149999999999998,0.915,0,nan,142,0.0,142,0.02199999988079071
1971,71,19,-0.645,0.915,0,nan,142,0.0,142,0.02199999988079071
1972,72,19,-0.6749999999999998,0.915,0,nan,142,0.0,142,0.02199999988079071
1973,73,19,-0.7050000000000001,0.915,0,nan,142,0.0,142,0.02199999988079071
1974,74,19,-0.7349999999999999,0.915,0,nan,142,0.0,142,0.02199999988079071
1975,75,19,-0.7650000000000001,0.915,0,nan,142,0.0,142,0.02199999988079071
1976,76,19,-0.7949999999999999,0.915,0,nan,142,0.0,142,0.02199999988079071
1977,77,19,-0.8249999999999997,0.915,0,nan,142,0.0,142,0.02199999988079071
1978,78,19,-0.855,0.915,0,nan,142,0.0,142,0.02199999988079071
1979,79,19,-0.8849999999999998,0.915,0,nan,142,0.0,142,0.02199999988079071
1980,80,19,-0.915,0.915,0,nan,142,0.0,142,0.02199999988079071
1981,81,19,-0.9449999999999998,0.915,0,nan,142,0.0,142,0.02199999988079071
1982,82,19,-0.9750000000000001,0.915,0,nan,142,0.0,142,0.02199999988079071
1983,83,19,-1.005,0.915,0,nan,142,0.0,142,0.02199999988079071
1984,84,19,-1.0349999999999997,0.915,0,nan,142,0.0,142,0.02199999988079071
1985,85,19,-1.065,0.915,0,nan,142,0.0,142,0.02199999988079071
1986,86,19,-1.0949999999999998,0.915,0,nan,142,0.0,142,0.02199999988079071
1987,87,19,-1.125,0.915,0,nan,142,0.0,142,0.02199999988079071
1988,88,19,-1.1549999999999998,0.915,0,nan,142,0.0,142,0.02199999988079071
1989,89,19,-1.185,0.915,0,nan,142,0.0,142,0.02199999988079071
1990,90,19,-1.2149999999999999,0.915,0,nan,142,0.0,142,0.02199999988079071
1991,91,19,-1.245,0.915,0,nan,142,0.0,142,0.02199999988079071
1992,92,19,-1.275,0.915,0,nan,142,0.0,142,0.02199999988079071
1993,93,19,-1.3049999999999997,0.915,0,nan,142,0.0,142,0.02199999988079071
1994,94,19,-1.335,0.915,0,nan,142,0.0,142,0.02199999988079071
1995,95,19,-1.3649999999999998,0.915,0,nan,142,0.0,142,0.02199999988079071
1996,96,19,-1.395,0.915,0,nan,142,0.0,142,0.02199999988079071
1997,97,19,-1.4249999999999998,0.915,0,nan,142,0.0,142,0.0
1998,98,19,-1.455,0.915,0,nan,142,0.0,142,0.0
1999,99,19,-1.4849999999999999,0.915,0,nan,142,0.0,142,0.0
2000,0,20,1.485,0.885,0,nan,142,0.0,142,0.0
2001,1,20,1.455,0.885,0,nan,142,0.0,142,0.0
2002,2,20,1.425,0.885,0,nan,142,0.0,142,0.0
2003,3,20,1.395,0.885,0,nan,142,0.0,142,0.02199999988079071
2004,4,20,1.365,0.885,0,nan,142,0.0,142,0.02199999988079071
2005,5,20,1.335,0.885,0,nan,142,0.0,142,0.02199999988079071
2006,6,20,1.305,0.885,0,nan,142,0.0,142,0.02199999988079071
2007,7,20,1.275,0.885,0,nan,142,0.0,142,0.02199999988079071
2008,8,20,1.245,0.885,0,nan,142,0.0,142,0.02199999988079071
2009,9,20,1.215,0.885,0,nan,142,0.0,142,0.02199999988079071
2010,10,20,1.185,0.885,0,nan,142,0.0,142,0.02199999988079071
2011,11,20,1.155,0.885,0,nan,142,0.0,142,0.02199999988079071
2012,12,20,1.125,0.885,0,nan,142,0.0,142,0.02199999988079071
2013,13,20,1.095,0.885,0,nan,142,0.0,142,0.02199999988079071
2014,14,20,1.065,0.885,0,nan,142,0.0,142,0.02199999988079071
2015,15,20,1.0350000000000001,0.885,0,nan,142,0.0,142,0.02199999988079071
2016,16,20,1.005,0.885,0,nan,142,0.0,142,0.02199999988079071
2017,17,20,0.975,0.885,0,nan,142,0.0,142,0.02199999988079071
2018,18,20,0.9450000000000001,0.885,0,nan,142,0.0,142,0.02199999988079071
2019,19,20,0.915,0.885,0,nan,142,0.0,142,0.02199999988079071
2020,20,20,0.885,0.885,0,nan,142,0.0,142,0.02199999988079071
2021,21,20,0.855,0.885,0,nan,142,0.0,142,0.02199999988079071
2022,22,20,0.8250000000000001,0.885,0,nan,142,0.0,142,0.02199999988079071
2023,23,20,0.795,0.885,0,nan,142,0.0,142,0.02199999988079071
2024,24,20,0.765,0.885,0,nan,142,0.0,142,0.02199999988079071
2025,25,20,0.735,0.885,0,nan,142,0.0,142,0.02199999988079071
2026,26,20,0.7050000000000001,0.885,0,nan,142,0.0,142,0.02199999988079071
2027,27,20,0.675,0.885,0,nan,142,0.0,142,0.02199999988079071
2028,28,20,0.645,0.885,0,nan,142,0.0,142,0.02199999988079071
2029,29,20,0.615,0.885,0,nan,142,0.0,142,0.02199999988079071
2030,30,20,0.5850000000000001,0.885,0,nan,142,0.0,142,0.02199999988079071
2031,31,20,0.555,0.885,0,nan,142,0.0,142,0.02199999988079071
2032,32,20,0.525,0.885,0,nan,142,0.0,142,0.02199999988079071
2033,33,20,0.4950000000000001,0.885,0,nan,142,0.0,142,0.02199999988079071
2034,34,20,0.4650000000000001,0.885,0,nan,142,0.0,142,0.02199999988079071
2035,35,20,0.43500000000000005,0.885,0,nan,142,0.0,142,0.02199999988079071
2036,36,20,0.405,0.885,0,nan,142,0.0,142,0.02199999988079071
2037,37,20,0.375,0.885,0,nan,142,0.0,142,0.02199999988079071
2038,38,20,0.345,0.885,0,nan,142,0.0,142,0.02199999988079071
2039,39,20,0.31499999999999995,0.885,0,nan,142,0.0,142,0.02199999988079071
2040,40,20,0.28500000000000014,0.885,0,nan,142,0.0,142,0.02199999988079071
2041,41,20,0.2550000000000001,0.885,0,nan,142,0.0,142,0.02199999988079071
2042,42,20,0.2250000000000001,0.885,0,nan,142,0.0,142,0.02199999988079071
2043,43,20,0.19500000000000006,0.885,0,nan,142,0.0,142,0.02199999988079071
2044,44,20,0.16500000000000004,0.885,0,nan,142,0.0,142,0.02199999988079071
2045,45,20,0.135,0.885,0,nan,142,0.0,142,0.02199999988079071
2046,46,20,0.10499999999999998,0.885,0,nan,142,0.0,142,0.02199999988079071
2047,47,20,0.07499999999999996,0.885,0,nan,142,0.0,142,0.02199999988079071
2048,48,20,0.04500000000000015,0.885,0,nan,142,0.0,142,0.02199999988079071
2049,49,20,0.015000000000000124,0.885,0,nan,142,0.0,142,0.02199999988079071
2050,50,20,-0.014999999999999902,0.885,0,nan,142,0.0,142,0.02199999988079071
2051,51,20,-0.04499999999999993,0.885,0,nan,142,0.0,142,0.02199999988079071
2052,52,20,-0.07499999999999996,0.885,0,nan,142,0.0,142,0.02199999988079071
2053,53,20,-0.10499999999999998,0.885,0,nan,142,0.0,142,0.02199999988079071
2054,54,20,-0.135,0.885,0,nan,142,0.0,142,0.02199999988079071
2055,55,20,-0.16500000000000004,0.885,0,nan,142,0.0,142,0.02199999988079071
2056,56,20,-0.19499999999999984,0.885,0,nan,142,0.0,142,0.02199999988079071
2057,57,20,-0.22499999999999987,0.885,0,nan,142,0.0,142,0.02199999988079071
2058,58,20,-0.2549999999999999,0.885,0,nan,142,0.0,142,0.02199999988079071
2059,59,20,-0.2849999999999999,0.885,0,nan,142,0.0,142,0.02199999988079071
2060,60,20,-0.31499999999999995,0.885,0,nan,142,0.0,142,0.02199999988079071
2061,61,20,-0.345,0.885,0,nan,142,0.0,142,0.02199999988079071
2062,62,20,-0.375,0.885,0,nan,142,0.0,142,0.02199999988079071
2063,63,20,-0.405,0.885,0,nan,142,0.0,142,0.02199999988079071
2064,64,20,-0.43499999999999983,0.885,0,nan,142,0.0,142,0.02199999988079071
2065,65,20,-0.46499999999999986,0.885,0,nan,142,0.0,142,0.02199999988079071
2066,66,20,-0.4949999999999999,0.885,0,nan,142,0.0,142,0.02199999988079071
2067,67,20,-0.5249999999999999,0.885,0,nan,142,0.0,142,0.02199999988079071
2068,68,20,-0.5549999999999997,0.885,0,nan,142,0.0,142,0.02199999988079071
2069,69,20,-0.585,0.885,0,nan,142,0.0,142,0.02199999988079071
2070,70,20,-0.6149999999999998,0.885,0,nan,142,0.0,142,0.02199999988079071
2071,71,20,-0.645,0.885,0,nan,142,0.0,142,0.02199999988079071
2072,72,20,-0.6749999999999998,0.885,0,nan,142,0.0,142,0.02199999988079071
2073,73,20,-0.7050000000000001,0.885,0,nan,142,0.0,142,0.02199999988079071
2074,74,20,-0.7349999999999999,0.885,0,nan,142,0.0,142,0.02199999988079071
2075,75,20,-0.7650000000000001,0.885,0,nan,142,0.0,142,0.02199999988079071
2076,76,20,-0.7949999999999999,0.885,0,nan,142,0.0,142,0.02199999988079071
2077,77,20,-0.8249999999999997,0.885,0,nan,142,0.0,142,0.02199999988079071
2078,78,20,-0.855,0.885,0,nan,142,0.0,142,0.02199999988079071
2079,79,20,-0.8849999999999998,0.885,0,nan,142,0.0,142,0.02199999988079071
2080,80,20,-0.915,0.885,0,nan,142,0.0,142,0.02199999988079071
2081,81,20,-0.9449999999999998,0.885,0,nan,142,0.0,142,0.02199999988079071
2082,82,20,-0.9750000000000001,0.885,0,nan,142,0.0,142,0.02199999988079071
2083,83,20,-1.005,0.885,0,nan,142,0.0,142,0.02199999988079071
2084,84,20,-1.0349999999999997,0.885,0,nan,142,0.0,142,0.02199999988079071
2085,85,20,-1.065,0.885,0,nan,142,0.0,142,0.02199999988079071
2086,86,20,-1.0949999999999998,0.885,0,nan,142,0.0,142,0.02199999988079071
2087,87,20,-1.125,0.885,0,nan,142,0.0,142,0.02199999988079071
2088,88,20,-1.1549999999999998,0.885,0,nan,142,0.0,142,0.02199999988079071
2089,89,20,-1.185,0.885,0,nan,142,0.0,142,0.02199999988079071
2090,90,20,-1.2149999999999999,0.885,0,nan,142,0.0,142,0.02199999988079071
2091,91,20,-1.245,0.885,0,nan,142,0.0,142,0.02199999988079071
2092,92,20,-1.275,0.885,0,nan,142,0.0,142,0.02199999988079071
2093,93,20,-1.3049999999999997,0.885,0,nan,142,0.0,142,0.02199999988079071
2094,94,20,-1.335,0.885,0,nan,142,0.0,142,0.02199999988079071
2095,95,20,-1.3649999999999998,0.885,0,nan,142,0.0,142,0.02199999988079071
2096,96,20,-1.395,0.885,0,nan,142,0.0,142,0.02199999988079071
2097,97,20,-1.4249999999999998,0.885,0,nan,142,0.0,142,0.0
2098,98,20,-1.455,0.885,0,nan,142,0.0,142,0.0
2099,99,20,-1.4849999999999999,0.885,0,nan,142,0.0,142,0.0
2100,0,21,1.485,0.855,0,nan,142,0.0,142,0.0
2101,1,21,1.455,0.855,0,nan,142,0.0,142,0.0
2102,2,21,1.425,0.855,0,nan,142,0.0,142,0.0
2103,3,21,1.395,0.855,0,nan,142,0.0,142,0.02199999988079071
2104,4,21,1.365,0.855,0,nan,142,0.0,142,0.02199999988079071
2105,5,21,1.335,0.855,0,nan,142,0.0,142,0.02199999988079071
2106,6,21,1.305,0.855,0,nan,142,0.0,142,0.02199999988079071
2107,7,21,1.275,0.855,0,nan,142,0.0,142,0.02199999988079071
2108,8,21,1.245,0.855,0,nan,142,0.0,142,0.02199999988079071
2109,9,21,1.215,0.855,0,nan,142,0.0,142,0.02199999988079071
2110,10,21,1.185,0.855,0,nan,142,0.0,142,0.02199999988079071
2111,11,21,1.155,0.855,0,nan,142,0.0,142,0.02199999988079071
2112,12,21,1.125,0.855,0,nan,142,0.0,142,0.02199999988079071
2113,13,21,1.095,0.855,0,nan,142,0.0,142,0.02199999988079071
2114,14,21,1.065,0.855,0,nan,142,0.0,142,0.02199999988079071
2115,15,21,1.0350000000000001,0.855,0,nan,142,0.0,142,0.02199999988079071
2116,16,21,1.005,0.855,0,nan,142,0.0,142,0.02199999988079071
2117,17,21,0.975,0.855,0,nan,142,0.0,142,0.02199999988079071
2118,18,21,0.9450000000000001,0.855,0,nan,142,0.0,142,0.02199999988079071
2119,19,21,0.915,0.855,0,nan,142,0.0,142,0.02199999988079071
2120,20,21,0.885,0.855,0,nan,142,0.0,142,0.02199999988079071
2121,21,21,0.855,0.855,0,nan,142,0.0,142,0.02199999988079071
2122,22,21,0.8250000000000001,0.855,0,nan,142,0.0,142,0.02199999988079071
2123,23,21,0.795,0.855,0,nan,142,0.0,142,0.02199999988079071
2124,24,21,0.765,0.855,0,nan,142,0.0,142,0.02199999988079071
2125,25,21,0.735,0.855,0,nan,142,0.0,142,0.02199999988079071
2126,26,21,0.7050000000000001,0.855,0,nan,142,0.0,142,0.02199999988079071
2127,27,21,0.675,0.855,0,nan,142,0.0,142,0.02199999988079071
2128,28,21,0.645,0.855,0,nan,142,0.0,142,0.02199999988079071
2129,29,21,0.615,0.855,0,nan,142,0.0,142,0.02199999988079071
2130,30,21,0.5850000000000001,0.855,0,nan,142,0.0,142,0.02199999988079071
2131,31,21,0.555,0.855,0,nan,142,0.0,142,0.02199999988079071
2132,32,21,0.525,0.855,0,nan,142,0.0,142,0.02199999988079071
2133,33,21,0.4950000000000001,0.855,0,nan,142,0.0,142,0.02199999988079071
2134,34,21,0.4650000000000001,0.855,0,nan,142,0.0,142,0.02199999988079071
2135,35,21,0.43500000000000005,0.855,0,nan,142,0.0,142,0.02199999988079071
2136,36,21,0.405,0.855,0,nan,142,0.0,142,0.02199999988079071
2137,37,21,0.375,0.855,0,nan,142,0.0,142,0.02199999988079071
2138,38,21,0.345,0.855,0,nan,142,0.0,142,0.02199999988079071
2139,39,21,0.31499999999999995,0.855,0,nan,142,0.0,142,0.02199999988079071
2140,40,21,0.28500000000000014,0.855,0,nan,142,0.0,142,0.02199999988079071
2141,41,21,0.2550000000000001,0.855,0,nan,142,0.0,142,0.02199999988079071
2142,42,21,0.2250000000000001,0.855,0,nan,142,0.0,142,0.02199999988079071
2143,43,21,0.19500000000000006,0.855,0,nan,142,0.0,142,0.02199999988079071
2144,44,21,0.16500000000000004,0.855,0,nan,142,0.0,142,0.02199999988079071
2145,45,21,0.135,0.855,0,nan,142,0.0,142,0.02199999988079071
2146,46,21,0.10499999999999998,0.855,0,nan,142,0.0,142,0.02199999988079071
2147,47,21,0.07499999999999996,0.855,0,nan,142,0.0,142,0.02199999988079071
2148,48,21,0.04500000000000015,0.855,0,nan,142,0.0,142,0.02199999988079071
2149,49,21,0.015000000000000124,0.855,0,nan,142,0.0,142,0.02199999988079071
2150,50,21,-0.014999999999999902,0.855,0,nan,142,0.0,142,0.02199999988079071
2151,51,21,-0.04499999999999993,0.855,0,nan,142,0.0,142,0.02199999988079071
2152,52,21,-0.07499999999999996,0.855,0,nan,142,0.0,142,0.02199999988079071
2153,53,21,-0.10499999999999998,0.855,0,nan,142,0.0,142,0.02199999988079071
2154,54,21,-0.135,0.855,0,nan,142,0.0,142,0.02199999988079071
2155,55,21,-0.16500000000000004,0.855,0,nan,142,0.0,142,0.02199999988079071
2156,56,21,-0.19499999999999984,0.855,0,nan,142,0.0,142,0.02199999988079071
2157,57,21,-0.22499999999999987,0.855,0,nan,142,0.0,142,0.02199999988079071
2158,58,21,-0.2549999999999999,0.855,0,nan,142,0.0,142,0.02199999988079071
2159,59,21,-0.2849999999999999,0.855,0,nan,142,0.0,142,0.02199999988079071
2160,60,21,-0.31499999999999995,0.855,0,nan,142,0.0,142,0.02199999988079071
2161,61,21,-0.345,0.855,0,nan,142,0.0,142,0.02199999988079071
2162,62,21,-0.375,0.855,0,nan,142,0.0,142,0.02199999988079071
2163,63,21,-0.405,0.855,0,nan,142,0.0,142,0.02199999988079071
2164,64,21,-0.43499999999999983,0.855,0,nan,142,0.0,142,0.02199999988079071
2165,65,21,-0.46499999999999986,0.855,0,nan,142,0.0,142,0.02199999988079071
2166,66,21,-0.4949999999999999,0.855,0,nan,142,0.0,142,0.02199999988079071
2167,67,21,-0.5249999999999999,0.855,0,nan,142,0.0,142,0.02199999988079071
2168,68,21,-0.5549999999999997,0.855,0,nan,142,0.0,142,0.02199999988079071
2169,69,21,-0.585,0.855,0,nan,142,0.0,142,0.02199999988079071
2170,70,21,-0.6149999999999998,0.855,0,nan,142,0.0,142,0.02199999988079071
2171,71,21,-0.645,0.855,0,nan,142,0.0,142,0.02199999988079071
2172,72,21,-0.6749999999999998,0.855,0,nan,142,0.0,142,0.02199999988079071
2173,73,21,-0.7050000000000001,0.855,0,nan,142,0.0,142,0.02199999988079071
2174,74,21,-0.7349999999999999,0.855,0,nan,142,0.0,142,0.02199999988079071
2175,75,21,-0.7650000000000001,0.855,0,nan,142,0.0,142,0.02199999988079071
2176,76,21,-0.7949999999999999,0.855,0,nan,142,0.0,142,0.02199999988079071
2177,77,21,-0.8249999999999997,0.855,0,nan,142,0.0,142,0.02199999988079071
2178,78,21,-0.855,0.855,0,nan,142,0.0,142,0.02199999988079071
2179,79,21,-0.8849999999999998,0.855,0,nan,142,0.0,142,0.02199999988079071
2180,80,21,-0.915,0.855,0,nan,142,0.0,142,0.02199999988079071
2181,81,21,-0.9449999999999998,0.855,0,nan,142,0.0,142,0.02199999988079071
2182,82,21,-0.9750000000000001,0.855,0,nan,142,0.0,142,0.02199999988079071
2183,83,21,-1.005,0.855,0,nan,142,0.0,142,0.02199999988079071
2184,84,21,-1.0349999999999997,0.855,0,nan,142,0.0,142,0.02199999988079071
2185,85,21,-1.065,0.855,0,nan,142,0.0,142,0.02199999988079071
2186,86,21,-1.0949999999999998,0.855,0,nan,142,0.0,142,0.02199999988079071
2187,87,21,-1.125,0.855,0,nan,142,0.0,142,0.02199999988079071
2188,88,21,-1.1549999999999998,0.855,0,nan,142,0.0,142,0.02199999988079071
2189,89,21,-1.185,0.855,0,nan,142,0.0,142,0.02199999988079071
2190,90,21,-1.2149999999999999,0.855,0,nan,142,0.0,142,0.02199999988079071
2191,91,21,-1.245,0.855,0,nan,142,0.0,142,0.02199999988079071
2192,92,21,-1.275,0.855,0,nan,142,0.0,142,0.02199999988079071
2193,93,21,-1.3049999999999997,0.855,0,nan,142,0.0,142,0.02199999988079071
2194,94,21,-1.335,0.855,0,nan,142,0.0,142,0.02199999988079071
2195,95,21,-1.3649999999999998,0.855,0,nan,142,0.0,142,0.02199999988079071
2196,96,21,-1.395,0.855,0,nan,142,0.0,142,0.02199999988079071
2197,97,21,-1.4249999999999998,0.855,0,nan,142,0.0,142,0.0
2198,98,21,-1.455,0.855,0,nan,142,0.0,142,0.0
2199,99,21,-1.4849999999999999,0.855,0,nan,142,0.0,142,0.0
2200,0,22,1.485,0.8250000000000001,0,nan,142,0.0,142,0.0
2201,1,22,1.455,0.8250000000000001,0,nan,142,0.0,142,0.0
2202,2,22,1.425,0.8250000000000001,0,nan,142,0.0,142,0.0
2203,3,22,1.395,0.8250000000000001,0,nan,142,0.0,142,0.02199999988079071
2204,4,22,1.365,0.8250000000000001,0,nan,142,0.0,142,0.02199999988079071
2205,5,22,1.335,0.8250000000000001,0,nan,142,0.0,142,0.02199999988079071
2206,6,22,1.305,0.8250000000000001,0,nan,142,0.0,142,0.02199999988079071
2207,7,22,1.275,0.8250000000000001,0,nan,142,0.0,142,0.02199999988079071
2208,8,22,1.245,0.8250000000000001,0,nan,142,0.0,142,0.02199999988079071
2209,9,22,1.215,0.8250000000000001,0,nan,142,0.0,142,0.02199999988079071
2210,10,22,1.185,0.8250000000000001,0,nan,142,0.0,142,0.02199999988079071
2211,11,22,1.155,0.8250000000000001,0,nan,142,0.0,142,0.02199999988079071
2212,12,22,1.125,0.8250000000000001,0,nan,142,0.0,142,0.02199999988079071
2213,13,22,1.095,0.8250000000000001,0,nan,142,0.0,142,0.02199999988079071
2214,14,22,1.065,0.8250000000000001,0,nan,142,0.0,142,0.02199999988079071
2215,15,22,1.0350000000000001,0.8250000000000001,0,nan,142,0.0,142,0.02199999988079071
2216,16,22,1.005,0.8250000000000001,0,nan,142,0.0,142,0.02199999988079071
2217,17,22,0.975,0.8250000000000001,0,nan,142,0.0,142,0.02199999988079071
2218,18,22,0.9450000000000001,0.8250000000000001,0,nan,142,0.0,142,0.02199999988079071
2219,19,22,0.915,0.8250000000000001,0,nan,142,0.0,142,0.02199999988079071
2220,20,22,0.885,0.8250000000000001,0,nan,142,0.0,142,0.02199999988079071
2221,21,22,0.855,0.8250000000000001,0,nan,142,0.0,142,0.02199999988079071
2222,22,22,0.8250000000000001,0.8250000000000001,0,nan,142,0.0,142,0.02199999988079071
2223,23,22,0.795,0.8250000000000001,0,nan,142,0.0,142,0.02199999988079071
2224,24,22,0.765,0.8250000000000001,0,nan,142,0.0,142,0.02199999988079071
2225,25,22,0.735,0.8250000000000001,0,nan,142,0.0,142,0.02199999988079071
2226,26,22,0.7050000000000001,0.8250000000000001,0,nan,142,0.0,142,0.02199999988079071
2227,27,22,0.675,0.8250000000000001,0,nan,142,0.0,142,0.02199999988079071
2228,28,22,0.645,0.8250000000000001,0,nan,142,0.0,142,0.02199999988079071
2229,29,22,0.615,0.8250000000000001,0,nan,142,0.0,142,0.02199999988079071
2230,30,22,0.5850000000000001,0.8250000000000001,0,nan,142,0.0,142,0.02199999988079071
2231,31,22,0.555,0.8250000000000001,0,nan,142,0.0,142,0.02199999988079071
2232,32,22,0.525,0.8250000000000001,0,nan,142,0.0,142,0.02199999988079071
2233,33,22,0.4950000000000001,0.8250000000000001,0,nan,142,0.0,142,0.02199999988079071
2234,34,22,0.4650000000000001,0.8250000000000001,0,nan,142,0.0,142,0.02199999988079071
2235,35,22,0.43500000000000005,0.8250000000000001,0,nan,142,0.0,142,0.02199999988079071
2236,36,22,0.405,0.8250000000000001,0,nan,142,0.0,142,0.02199999988079071
2237,37,22,0.375,0.8250000000000001,0,nan,142,0.0,142,0.02199999988079071
2238,38,22,0.345,0.8250000000000001,0,nan,142,0.0,142,0.02199999988079071
2239,39,22,0.31499999999999995,0.8250000000000001,0,nan,142,0.0,142,0.02199999988079071
2240,40,22,0.28500000000000014,0.8250000000000001,0,nan,142,0.0,142,0.02199999988079071
2241,41,22,0.2550000000000001,0.8250000000000001,0,nan,142,0.0,142,0.02199999988079071
2242,42,22,0.2250000000000001,0.8250000000000001,0,nan,142,0.0,142,0.02199999988079071
2243,43,22,0.19500000000000006,0.8250000000000001,0,nan,142,0.0,142,0.02199999988079071
2244,44,22,0.16500000000000004,0.8250000000000001,0,nan,142,0.0,142,0.02199999988079071
2245,45,22,0.135,0.8250000000000001,0,nan,142,0.0,142,0.02199999988079071
2246,46,22,0.10499999999999998,0.8250000000000001,0,nan,142,0.0,142,0.02199999988079071
2247,47,22,0.07499999999999996,0.8250000000000001,0,nan,142,0.0,142,0.02199999988079071
2248,48,22,0.04500000000000015,0.8250000000000001,0,nan,142,0.0,142,0.02199999988079071
2249,49,22,0.015000000000000124,0.8250000000000001,0,nan,142,0.0,142,0.02199999988079071
2250,50,22,-0.014999999999999902,0.8250000000000001,0,nan,142,0.0,142,0.02199999988079071
2251,51,22,-0.04499999999999993,0.8250000000000001,0,nan,142,0.0,142,0.02199999988079071
2252,52,22,-0.07499999999999996,0.8250000000000001,0,nan,142,0.0,142,0.02199999988079071
2253,53,22,-0.10499999999999998,0.8250000000000001,0,nan,142,0.0,142,0.02199999988079071
2254,54,22,-0.135,0.8250000000000001,0,nan,142,0.0,142,0.02199999988079071
2255,55,22,-0.16500000000000004,0.8250000000000001,0,nan,142,0.0,142,0.02199999988079071
2256,56,22,-0.19499999999999984,0.8250000000000001,0,nan,142,0.0,142,0.02199999988079071
2257,57,22,-0.22499999999999987,0.8250000000000001,0,nan,142,0.0,142,0.02199999988079071
2258,58,22,-0.2549999999999999,0.8250000000000001,0,nan,142,0.0,142,0.02199999988079071
2259,59,22,-0.2849999999999999,0.8250000000000001,0,nan,142,0.0,142,0.02199999988079071
2260,60,22,-0.31499999999999995,0.8250000000000001,0,nan,142,0.0,142,0.02199999988079071
2261,61,22,-0.345,0.8250000000000001,0,nan,142,0.0,142,0.02199999988079071
2262,62,22,-0.375,0.8250000000000001,0,nan,142,0.0,142,0.02199999988079071
2263,63,22,-0.405,0.8250000000000001,0,nan,142,0.0,142,0.02199999988079071
2264,64,22,-0.43499999999999983,0.8250000000000001,0,nan,142,0.0,142,0.02199999988079071
2265,65,22,-0.46499999999999986,0.8250000000000001,0,nan,142,0.0,142,0.02199999988079071
2266,66,22,-0.4949999999999999,0.8250000000000001,0,nan,142,0.0,142,0.02199999988079071
2267,67,22,-0.5249999999999999,0.8250000000000001,0,nan,142,0.0,142,0.02199999988079071
2268,68,22,-0.5549999999999997,0.8250000000000001,0,nan,142,0.0,142,0.02199999988079071
2269,69,22,-0.585,0.8250000000000001,0,nan,142,0.0,142,0.02199999988079071
2270,70,22,-0.6149999999999998,0.8250000000000001,0,nan,142,0.0,142,0.02199999988079071
2271,71,22,-0.645,0.8250000000000001,0,nan,142,0.0,142,0.02199999988079071
2272,72,22,-0.6749999999999998,0.8250000000000001,0,nan,142,0.0,142,0.02199999988079071
2273,73,22,-0.7050000000000001,0.8250000000000001,0,nan,142,0.0,142,0.02199999988079071
2274,74,22,-0.7349999999999999,0.8250000000000001,0,nan,142,0.0,142,0.02199999988079071
2275,75,22,-0.7650000000000001,0.8250000000000001,0,nan,142,0.0,142,0.02199999988079071
2276,76,22,-0.7949999999999999,0.8250000000000001,0,nan,142,0.0,142,0.02199999988079071
2277,77,22,-0.8249999999999997,0.8250000000000001,0,nan,142,0.0,142,0.02199999988079071
2278,78,22,-0.855,0.8250000000000001,0,nan,142,0.0,142,0.02199999988079071
2279,79,22,-0.8849999999999998,0.8250000000000001,0,nan,142,0.0,142,0.02199999988079071
2280,80,22,-0.915,0.8250000000000001,0,nan,142,0.0,142,0.02199999988079071
2281,81,22,-0.9449999999999998,0.8250000000000001,0,nan,142,0.0,142,0.02199999988079071
2282,82,22,-0.9750000000000001,0.8250000000000001,0,nan,142,0.0,142,0.02199999988079071
2283,83,22,-1.005,0.8250000000000001,0,nan,142,0.0,142,0.02199999988079071
2284,84,22,-1.0349999999999997,0.8250000000000001,0,nan,142,0.0,142,0.02199999988079071
2285,85,22,-1.065,0.8250000000000001,0,nan,142,0.0,142,0.02199999988079071
2286,86,22,-1.0949999999999998,0.8250000000000001,0,nan,142,0.0,142,0.02199999988079071
2287,87,22,-1.125,0.8250000000000001,0,nan,142,0.0,142,0.02199999988079071
2288,88,22,-1.1549999999999998,0.8250000000000001,0,nan,142,0.0,142,0.02199999988079071
2289,89,22,-1.185,0.8250000000000001,0,nan,142,0.0,142,0.02199999988079071
2290,90,22,-1.2149999999999999,0.8250000000000001,0,nan,142,0.0,142,0.02199999988079071
2291,91,22,-1.245,0.8250000000000001,0,nan,142,0.0,142,0.02199999988079071
2292,92,22,-1.275,0.8250000000000001,0,nan,142,0.0,142,0.02199999988079071
2293,93,22,-1.3049999999999997,0.8250000000000001,0,nan,142,0.0,142,0.02199999988079071
2294,94,22,-1.335,0.8250000000000001,0,nan,142,0.0,142,0.02199999988079071
2295,95,22,-1.3649999999999998,0.8250000000000001,0,nan,142,0.0,142,0.02199999988079071
2296,96,22,-1.395,0.8250000000000001,0,nan,142,0.0,142,0.02199999988079071
2297,97,22,-1.4249999999999998,0.8250000000000001,0,nan,142,0.0,142,0.0
2298,98,22,-1.455,0.8250000000000001,0,nan,142,0.0,142,0.0
2299,99,22,-1.4849999999999999,0.8250000000000001,0,nan,142,0.0,142,0.0
2300,0,23,1.485,0.795,0,nan,142,0.0,142,0.0
2301,1,23,1.455,0.795,0,nan,142,0.0,142,0.0
2302,2,23,1.425,0.795,0,nan,142,0.0,142,0.0
2303,3,23,1.395,0.795,0,nan,142,0.0,142,0.02199999988079071
2304,4,23,1.365,0.795,0,nan,142,0.0,142,0.02199999988079071
2305,5,23,1.335,0.795,0,nan,142,0.0,142,0.02199999988079071
2306,6,23,1.305,0.795,0,nan,142,0.0,142,0.02199999988079071
2307,7,23,1.275,0.795,0,nan,142,0.0,142,0.02199999988079071
2308,8,23,1.245,0.795,0,nan,142,0.0,142,0.02199999988079071
2309,9,23,1.215,0.795,0,nan,142,0.0,142,0.02199999988079071
2310,10,23,1.185,0.795,135,-0.7940762639045715,142,0.0,142,0.0
2311,11,23,1.155,0.795,142,-0.79383984208107,142,0.0,142,0.0
2312,12,23,1.125,0.795,136,-0.7940596044063568,142,0.0,142,0.0
2313,13,23,1.095,0.795,140,-0.793973296880722,142,0.1819506660103798,142,0.0
2314,14,23,1.065,0.795,141,-0.7770349383354187,142,0.6484577655792236,142,0.0
2315,15,23,1.0350000000000001,0.795,142,-0.733529269695282,142,0.4979795962572098,142,0.0
2316,16,23,1.005,0.795,142,-0.7231139242649078,142,0.0,142,0.0
2317,17,23,0.975,0.795,141,-0.7174645662307739,142,0.0,142,0.0
2318,18,23,0.9450000000000001,0.795,141,-0.6944170594215393,142,0.0,142,0.0
2319,19,23,0.915,0.795,142,-0.6834472119808197,142,0.0036833392223343253,142,0.0
2320,20,23,0.885,0.795,139,-0.6626265645027161,142,0.014177321456372738,142,0.0
2321,21,23,0.855,0.795,142,-0.5153733193874359,142,0.01999644748866558,142,0.0
2322,22,23,0.8250000000000001,0.795,141,-0.5148628950119019,142,0.029797458089888096,142,0.0
2323,23,23,0.795,0.795,142,-0.5142314434051514,142,0.018960557878017426,142,0.0
2324,24,23,0.765,0.795,142,-0.5131411254405975,142,0.0,142,0.0
2325,25,23,0.735,0.795,140,-0.5130174160003662,142,0.0,142,0.0
2326,26,23,0.7050000000000001,0.795,141,-0.5128611922264099,142,0.0,142,0.0
2327,27,23,0.675,0.795,140,-0.5127983391284943,142,0.0,142,0.0
2328,28,23,0.645,0.795,140,-0.5127983391284943,142,0.0,142,0.0
2329,29,23,0.615,0.795,142,-0.5126870572566986,142,0.0,142,0.0
2330,30,23,0.5850000000000001,0.795,140,-0.5127516090869904,142,0.0,142,0.0
2331,31,23,0.555,0.795,142,-0.5128722190856934,142,0.0,142,0.0
2332,32,23,0.525,0.795,142,-0.5132153928279877,142,0.0,142,0.0
2333,33,23,0.4950000000000001,0.795,142,-0.5132425427436829,142,0.0,142,0.0
2334,34,23,0.4650000000000001,0.795,141,-0.5132458209991455,142,0.0,142,0.0
2335,35,23,0.43500000000000005,0.795,142,-0.5133765935897827,142,0.0,142,0.0
2336,36,23,0.405,0.795,142,-0.5133765935897827,142,0.0,142,0.0
2337,37,23,0.375,0.795,142,-0.5134191811084747,142,0.0,142,0.0
2338,38,23,0.345,0.795,142,-0.5132115185260773,142,0.0,142,0.0
2339,39,23,0.31499999999999995,0.795,142,-0.513106495141983,142,0.0,142,0.0
2340,40,23,0.28500000000000014,0.795,142,-0.5127591490745544,142,0.0,142,0.0
2341,41,23,0.2550000000000001,0.795,142,-0.5126252472400665,142,0.0,142,0.0
2342,42,23,0.2250000000000001,0.795,142,-0.5125123262405396,142,0.0,142,0.0
2343,43,23,0.19500000000000006,0.795,142,-0.5121619999408722,142,0.0036114786053076386,142,0.0
2344,44,23,0.16500000000000004,0.795,142,-0.5117055177688599,142,0.008094707038253546,142,0.0
2345,45,23,0.135,0.795,142,-0.5112889111042023,142,0.008704146835952997,142,0.0
2346,46,23,0.10499999999999998,0.795,142,-0.5108749270439148,142,0.006489966297522187,142,0.0
2347,47,23,0.07499999999999996,0.795,142,-0.5104336440563202,142,0.0019783222232945263,142,0.0
2348,48,23,0.04500000000000015,0.795,142,-0.5101867318153381,142,0.0,142,0.0
2349,49,23,0.015000000000000124,0.795,142,-0.5101188123226166,142,0.0,142,0.0
2350,50,23,-0.014999999999999902,0.795,142,-0.5100505948066711,142,0.0,142,0.0
2351,51,23,-0.04499999999999993,0.795,142,-0.5100352168083191,142,0.0,142,0.0
2352,52,23,-0.07499999999999996,0.795,142,-0.5100352168083191,142,0.0,142,0.0
2353,53,23,-0.10499999999999998,0.795,142,-0.509942352771759,142,9.777734248928027e-05,142,0.0
2354,54,23,-0.135,0.795,142,-0.5100265741348267,142,0.005139396991580725,142,0.0
2355,55,23,-0.16500000000000004,0.795,142,-0.5099453330039978,142,0.0064200772903859615,142,0.0
2356,56,23,-0.19499999999999984,0.795,142,-0.5097251534461975,142,0.009003997314721346,142,0.0
2357,57,23,-0.22499999999999987,0.795,142,-0.5092970132827759,142,0.01063102763146162,142,0.0
2358,58,23,-0.2549999999999999,0.795,142,-0.5086046457290649,142,0.011342437472194433,142,0.0
2359,59,23,-0.2849999999999999,0.795,142,-0.5080349743366241,142,0.008404924534261227,142,0.0
2360,60,23,-0.31499999999999995,0.795,142,-0.5076882839202881,142,0.0021499234717339277,142,0.0
2361,61,23,-0.345,0.795,142,-0.5073558688163757,142,0.0,142,0.0
2362,62,23,-0.375,0.795,142,-0.5071406662464142,142,0.0,142,0.0
2363,63,23,-0.405,0.795,142,-0.5068353414535522,142,0.00019084251835010946,142,0.0
2364,64,23,-0.43499999999999983,0.795,142,-0.5064368546009064,142,0.0,142,0.0
2365,65,23,-0.46499999999999986,0.795,142,-0.5063114166259766,142,0.0,142,0.0
2366,66,23,-0.4949999999999999,0.795,142,-0.5060615241527557,142,0.0,142,0.0
2367,67,23,-0.5249999999999999,0.795,142,-0.5059514045715332,142,0.0,142,0.0
2368,68,23,-0.5549999999999997,0.795,142,-0.505767285823822,142,0.0,142,0.0
2369,69,23,-0.585,0.795,142,-0.5055884718894958,142,0.0,142,0.0
2370,70,23,-0.6149999999999998,0.795,142,-0.5054660439491272,142,0.0,142,0.0
2371,71,23,-0.645,0.795,142,-0.5053179264068604,142,0.003594986046664417,142,0.0
2372,72,23,-0.6749999999999998,0.795,142,-0.5049237608909607,142,0.0,142,0.0
2373,73,23,-0.7050000000000001,0.795,142,-0.5045366287231445,142,0.0,142,0.0
2374,74,23,-0.7349999999999999,0.795,142,-0.5044096112251282,142,0.0,142,0.0
2375,75,23,-0.7650000000000001,0.795,142,-0.504247397184372,142,0.0,142,0.0
2376,76,23,-0.7949999999999999,0.795,142,-0.5041817128658295,142,0.0,142,0.0
2377,77,23,-0.8249999999999997,0.795,142,-0.5041704773902893,142,0.0,142,0.0
2378,78,23,-0.855,0.795,142,-0.5040547549724579,142,0.0,142,0.0
2379,79,23,-0.8849999999999998,0.795,142,-0.5039517283439636,142,0.0,142,0.0
2380,80,23,-0.915,0.795,142,-0.5037919580936432,142,0.0,142,0.0
2381,81,23,-0.9449999999999998,0.795,142,-0.5034623146057129,142,0.005219896323978901,142,0.0
2382,82,23,-0.9750000000000001,0.795,142,-0.5032452642917633,142,0.009992137085646391,142,0.0
2383,83,23,-1.005,0.795,142,-0.5028629004955292,142,0.01264704717323184,142,0.0
2384,84,23,-1.0349999999999997,0.795,142,-0.5022801458835602,142,0.010328663978725672,142,0.0
2385,85,23,-1.065,0.795,137,-0.501822292804718,142,0.007187767885625362,142,0.0
2386,86,23,-1.0949999999999998,0.795,134,-0.5012985169887543,142,0.0,142,0.0
2387,87,23,-1.125,0.795,129,-0.5012929439544678,142,0.0,142,0.0
2388,88,23,-1.1549999999999998,0.795,114,-0.5012199282646179,142,0.0,142,0.0
2389,89,23,-1.185,0.795,86,-0.5011086463928223,142,0.0,142,0.0
2390,90,23,-1.2149999999999999,0.795,0,nan,142,0.0,142,0.02199999988079071
2391,91,23,-1.245,0.795,0,nan,142,0.0,142,0.02199999988079071
2392,92,23,-1.275,0.795,0,nan,142,0.0,142,0.02199999988079071
2393,93,23,-1.3049999999999997,0.795,0,nan,142,0.0,142,0.02199999988079071
2394,94,23,-1.335,0.795,0,nan,142,0.0,142,0.02199999988079071
2395,95,23,-1.3649999999999998,0.795,0,nan,142,0.0,142,0.02199999988079071
2396,96,23,-1.395,0.795,0,nan,142,0.0,142,0.02199999988079071
2397,97,23,-1.4249999999999998,0.795,0,nan,142,0.0,142,0.0
2398,98,23,-1.455,0.795,0,nan,142,0.0,142,0.0
2399,99,23,-1.4849999999999999,0.795,0,nan,142,0.0,142,0.0
2400,0,24,1.485,0.765,0,nan,142,0.0,142,0.0
2401,1,24,1.455,0.765,0,nan,142,0.0,142,0.0
2402,2,24,1.425,0.765,0,nan,142,0.0,142,0.0
2403,3,24,1.395,0.765,0,nan,142,0.0,142,0.02199999988079071
2404,4,24,1.365,0.765,0,nan,142,0.0,142,0.02199999988079071
2405,5,24,1.335,0.765,0,nan,142,0.0,142,0.02199999988079071
2406,6,24,1.305,0.765,0,nan,142,0.0,142,0.02199999988079071
2407,7,24,1.275,0.765,0,nan,142,0.0,142,0.02199999988079071
2408,8,24,1.245,0.765,0,nan,142,0.0,142,0.02199999988079071
2409,9,24,1.215,0.765,0,nan,142,0.0,142,0.02199999988079071
2410,10,24,1.185,0.765,137,-0.7940429449081421,142,0.0,142,0.0
2411,11,24,1.155,0.765,142,-0.79383984208107,142,0.0,142,0.0
2412,12,24,1.125,0.765,142,-0.79383984208107,142,0.0,142,0.0
2413,13,24,1.095,0.765,142,-0.79383984208107,142,0.23015141487121582,142,0.0
2414,14,24,1.065,0.765,142,-0.7771295011043549,142,0.856316089630127,142,0.10000000149011612
2415,15,24,1.0350000000000001,0.765,142,-0.733529269695282,142,0.6298998892307281,142,0.0
2416,16,24,1.005,0.765,142,-0.7231139242649078,142,0.0,142,0.0
2417,17,24,0.975,0.765,142,-0.7174353897571564,142,0.0,142,0.0
2418,18,24,0.9450000000000001,0.765,142,-0.6954133212566376,142,0.0,142,0.0
2419,19,24,0.915,0.765,142,-0.6834472119808197,142,0.004659096477553248,142,0.0
2420,20,24,0.885,0.765,142,-0.6606727540493011,142,0.029120842926204205,142,0.0
2421,21,24,0.855,0.765,142,-0.5153733193874359,142,0.025293728336691856,142,0.0
2422,22,24,0.8250000000000001,0.765,142,-0.5148373544216156,142,0.038782259449362755,142,0.0
2423,23,24,0.795,0.765,142,-0.5142314434051514,142,0.025406479835510254,142,0.0
2424,24,24,0.765,0.765,142,-0.5131411254405975,142,0.0,142,0.0
2425,25,24,0.735,0.765,142,-0.5130174160003662,142,0.0,142,0.0
2426,26,24,0.7050000000000001,0.765,142,-0.5128730237483978,142,0.0,142,0.0
2427,27,24,0.675,0.765,142,-0.5127983391284943,142,0.0,142,0.0
2428,28,24,0.645,0.765,142,-0.5127516090869904,142,0.0,142,0.0
2429,29,24,0.615,0.765,142,-0.5126870572566986,142,0.0,142,0.0
2430,30,24,0.5850000000000001,0.765,142,-0.5127983391284943,142,0.0,142,0.0
2431,31,24,0.555,0.765,142,-0.5128722190856934,142,0.0,142,0.0
2432,32,24,0.525,0.765,142,-0.5132153928279877,142,0.0,142,0.0
2433,33,24,0.4950000000000001,0.765,142,-0.5132425427436829,142,0.0,142,0.0
2434,34,24,0.4650000000000001,0.765,142,-0.513266533613205,142,0.0,142,0.0
2435,35,24,0.43500000000000005,0.765,142,-0.5133765935897827,142,0.0,142,0.0
2436,36,24,0.405,0.765,142,-0.5133765935897827,142,0.0,142,0.0
2437,37,24,0.375,0.765,142,-0.5134191811084747,142,0.0,142,0.0
2438,38,24,0.345,0.765,142,-0.5132115185260773,142,0.0,142,0.0
2439,39,24,0.31499999999999995,0.765,142,-0.513106495141983,142,0.0,142,0.0
2440,40,24,0.28500000000000014,0.765,142,-0.5127591490745544,142,0.0,142,0.0
2441,41,24,0.2550000000000001,0.765,142,-0.5126252472400665,142,0.0,142,0.0
2442,42,24,0.2250000000000001,0.765,142,-0.5125123262405396,142,0.0,142,0.0
2443,43,24,0.19500000000000006,0.765,142,-0.5121619999408722,142,0.004568199394270778,142,0.0
2444,44,24,0.16500000000000004,0.765,142,-0.5117055177688599,142,0.010239084716886282,142,0.0
2445,45,24,0.135,0.765,142,-0.5112889111042023,142,0.011009971611201763,142,0.0
2446,46,24,0.10499999999999998,0.765,142,-0.5108749270439148,142,0.008254249580204487,142,0.0
2447,47,24,0.07499999999999996,0.765,142,-0.5104336440563202,142,0.002502401592209935,142,0.0
2448,48,24,0.04500000000000015,0.765,142,-0.5101867318153381,142,0.0,142,0.0
2449,49,24,0.015000000000000124,0.765,142,-0.5101188123226166,142,0.0,142,0.0
2450,50,24,-0.014999999999999902,0.765,142,-0.5100505948066711,142,0.0,142,0.0
2451,51,24,-0.04499999999999993,0.765,142,-0.5100352168083191,142,0.0,142,0.0
2452,52,24,-0.07499999999999996,0.765,142,-0.5100352168083191,142,0.0,142,0.0
2453,53,24,-0.10499999999999998,0.765,142,-0.509942352771759,142,0.00012367964063741965,142,0.0
2454,54,24,-0.135,0.765,142,-0.5100265741348267,142,0.0054026644211262465,142,0.0
2455,55,24,-0.16500000000000004,0.765,142,-0.5099453330039978,142,0.007419784786179662,142,0.0
2456,56,24,-0.19499999999999984,0.765,142,-0.5097251534461975,142,0.011061628349125385,142,0.0
2457,57,24,-0.22499999999999987,0.765,142,-0.5092970132827759,142,0.013386209961026907,142,0.0
2458,58,24,-0.2549999999999999,0.765,142,-0.5086046457290649,142,0.014466047286987305,142,0.0
2459,59,24,-0.2849999999999999,0.765,142,-0.5080349743366241,142,0.010631481651216745,142,0.0
2460,60,24,-0.31499999999999995,0.765,142,-0.5076882839202881,142,0.0027194619178771973,142,0.0
2461,61,24,-0.345,0.765,142,-0.5073558688163757,142,0.0,142,0.0
2462,62,24,-0.375,0.765,142,-0.5071406662464142,142,0.0,142,0.0
2463,63,24,-0.405,0.765,142,-0.5068353414535522,142,0.00024139881134033203,142,0.0
2464,64,24,-0.43499999999999983,0.765,142,-0.5064368546009064,142,0.0,142,0.0
2465,65,24,-0.46499999999999986,0.765,142,-0.5063114166259766,142,0.0,142,0.0
2466,66,24,-0.4949999999999999,0.765,142,-0.5060615241527557,142,0.0,142,0.0
2467,67,24,-0.5249999999999999,0.765,142,-0.5059514045715332,142,0.0,142,0.0
2468,68,24,-0.5549999999999997,0.765,142,-0.505767285823822,142,0.0,142,0.0
2469,69,24,-0.585,0.765,142,-0.5055884718894958,142,0.0,142,0.0
2470,70,24,-0.6149999999999998,0.765,142,-0.5054660439491272,142,0.0,142,0.0
2471,71,24,-0.645,0.765,142,-0.5053179264068604,142,0.004547337768599391,142,0.0
2472,72,24,-0.6749999999999998,0.765,142,-0.5049237608909607,142,0.0,142,0.0
2473,73,24,-0.7050000000000001,0.765,142,-0.5045366287231445,142,0.0,142,0.0
2474,74,24,-0.7349999999999999,0.765,142,-0.5044096112251282,142,0.0,142,0.0
2475,75,24,-0.7650000000000001,0.765,142,-0.504247397184372,142,0.0,142,0.0
2476,76,24,-0.7949999999999999,0.765,142,-0.5041817128658295,142,0.0,142,0.0
2477,77,24,-0.8249999999999997,0.765,142,-0.5041704773902893,142,0.0,142,0.0
2478,78,24,-0.855,0.765,142,-0.5040547549724579,142,0.0,142,0.0
2479,79,24,-0.8849999999999998,0.765,142,-0.5039517283439636,142,0.0,142,0.0
2480,80,24,-0.915,0.765,142,-0.5037919580936432,142,0.0,142,0.0
2481,81,24,-0.9449999999999998,0.765,142,-0.5034623146057129,142,0.005800028797239065,142,0.0
2482,82,24,-0.9750000000000001,0.765,142,-0.5032452642917633,142,0.012268622871488333,142,0.0
2483,83,24,-1.005,0.765,142,-0.5028629004955292,142,0.015997390262782574,142,0.0
2484,84,24,-1.0349999999999997,0.765,142,-0.5022801458835602,142,0.0131949782371521,142,0.0
2485,85,24,-1.065,0.765,142,-0.5018444061279297,142,0.009964903350919485,142,0.0
2486,86,24,-1.0949999999999998,0.765,142,-0.5013810694217682,142,0.0011275211872998625,142,0.0
2487,87,24,-1.125,0.765,142,-0.5013810694217682,142,0.0,142,0.0
2488,88,24,-1.1549999999999998,0.765,140,-0.5013624131679535,142,0.0,142,0.0
2489,89,24,-1.185,0.765,128,-0.5013211369514465,142,0.0,142,0.0
2490,90,24,-1.2149999999999999,0.765,0,nan,142,0.0,142,0.02199999988079071
2491,91,24,-1.245,0.765,0,nan,142,0.0,142,0.02199999988079071
2492,92,24,-1.275,0.765,0,nan,142,0.0,142,0.02199999988079071
2493,93,24,-1.3049999999999997,0.765,0,nan,142,0.0,142,0.02199999988079071
2494,94,24,-1.335,0.765,0,nan,142,0.0,142,0.02199999988079071
2495,95,24,-1.3649999999999998,0.765,0,nan,142,0.0,142,0.02199999988079071
2496,96,24,-1.395,0.765,0,nan,142,0.0,142,0.02199999988079071
2497,97,24,-1.4249999999999998,0.765,0,nan,142,0.0,142,0.0
2498,98,24,-1.455,0.765,0,nan,142,0.0,142,0.0
2499,99,24,-1.4849999999999999,0.765,0,nan,142,0.0,142,0.0
2500,0,25,1.485,0.735,0,nan,142,0.0,142,0.0
2501,1,25,1.455,0.735,0,nan,142,0.0,142,0.0
2502,2,25,1.425,0.735,0,nan,142,0.0,142,0.0
2503,3,25,1.395,0.735,0,nan,142,0.0,142,0.02199999988079071
2504,4,25,1.365,0.735,0,nan,142,0.0,142,0.02199999988079071
2505,5,25,1.335,0.735,0,nan,142,0.0,142,0.02199999988079071
2506,6,25,1.305,0.735,0,nan,142,0.0,142,0.02199999988079071
2507,7,25,1.275,0.735,0,nan,142,0.0,142,0.02199999988079071
2508,8,25,1.245,0.735,0,nan,142,0.0,142,0.02199999988079071
2509,9,25,1.215,0.735,0,nan,142,0.0,142,0.02199999988079071
2510,10,25,1.185,0.735,137,-0.7940762639045715,142,0.0,142,0.0
2511,11,25,1.155,0.735,134,-0.7942214906215668,142,0.0,142,0.0
2512,12,25,1.125,0.735,133,-0.7942950129508972,142,0.0,142,0.0
2513,13,25,1.095,0.735,141,-0.793903648853302,142,0.32616008818149567,142,0.0
2514,14,25,1.065,0.735,142,-0.7771295011043549,142,0.8757834732532501,142,0.10000000149011612
2515,15,25,1.0350000000000001,0.735,142,-0.733529269695282,142,0.631067156791687,142,0.0
2516,16,25,1.005,0.735,142,-0.7231139242649078,142,0.0,142,0.0
2517,17,25,0.975,0.735,142,-0.7174353897571564,142,0.0,142,0.0
2518,18,25,0.9450000000000001,0.735,142,-0.6954133212566376,142,0.0,142,0.0
2519,19,25,0.915,0.735,142,-0.6834472119808197,142,0.005939602851867676,142,0.0
2520,20,25,0.885,0.735,142,-0.6606727540493011,142,0.029120842926204205,142,0.0
2521,21,25,0.855,0.735,142,-0.5153733193874359,142,0.025293728336691856,142,0.0
2522,22,25,0.8250000000000001,0.735,142,-0.5148373544216156,142,0.038782259449362755,142,0.0
2523,23,25,0.795,0.735,142,-0.5142314434051514,142,0.025406479835510254,142,0.0
2524,24,25,0.765,0.735,142,-0.5131411254405975,142,0.0,142,0.0
2525,25,25,0.735,0.735,142,-0.5130174160003662,142,0.0,142,0.0
2526,26,25,0.7050000000000001,0.735,142,-0.5128730237483978,142,0.0,142,0.0
2527,27,25,0.675,0.735,142,-0.5127983391284943,142,0.0,142,0.0
2528,28,25,0.645,0.735,142,-0.5127516090869904,142,0.0,142,0.0
2529,29,25,0.615,0.735,142,-0.5126870572566986,142,0.0,142,0.0
2530,30,25,0.5850000000000001,0.735,142,-0.5127983391284943,142,0.0,142,0.0
2531,31,25,0.555,0.735,142,-0.5128722190856934,142,0.0,142,0.0
2532,32,25,0.525,0.735,142,-0.5132153928279877,142,0.0,142,0.0
2533,33,25,0.4950000000000001,0.735,142,-0.5132425427436829,142,0.0,142,0.0
2534,34,25,0.4650000000000001,0.735,142,-0.513266533613205,142,0.0,142,0.0
2535,35,25,0.43500000000000005,0.735,142,-0.5133765935897827,142,0.0,142,0.0
2536,36,25,0.405,0.735,142,-0.5133765935897827,142,0.0,142,0.0
2537,37,25,0.375,0.735,142,-0.5134191811084747,142,0.0,142,0.0
2538,38,25,0.345,0.735,142,-0.5132115185260773,142,0.0,142,0.0
2539,39,25,0.31499999999999995,0.735,142,-0.513106495141983,142,0.0,142,0.0
2540,40,25,0.28500000000000014,0.735,142,-0.5127591490745544,142,0.0,142,0.0
2541,41,25,0.2550000000000001,0.735,142,-0.5126252472400665,142,0.0,142,0.0
2542,42,25,0.2250000000000001,0.735,142,-0.5125123262405396,142,0.0,142,0.0
2543,43,25,0.19500000000000006,0.735,142,-0.5121619999408722,142,0.004568199394270778,142,0.0
2544,44,25,0.16500000000000004,0.735,142,-0.5117055177688599,142,0.010239084716886282,142,0.0
2545,45,25,0.135,0.735,142,-0.5112889111042023,142,0.011009971611201763,142,0.0
2546,46,25,0.10499999999999998,0.735,142,-0.5108749270439148,142,0.008254249580204487,142,0.0
2547,47,25,0.07499999999999996,0.735,142,-0.5104336440563202,142,0.002502401592209935,142,0.0
2548,48,25,0.04500000000000015,0.735,142,-0.5101867318153381,142,0.0,142,0.0
2549,49,25,0.015000000000000124,0.735,142,-0.5101188123226166,142,0.0,142,0.0
2550,50,25,-0.014999999999999902,0.735,142,-0.5100505948066711,142,0.0,142,0.0
2551,51,25,-0.04499999999999993,0.735,142,-0.5100352168083191,142,0.0,142,0.0
2552,52,25,-0.07499999999999996,0.735,142,-0.5100352168083191,142,0.0,142,0.0
2553,53,25,-0.10499999999999998,0.735,142,-0.509942352771759,142,0.00012367964063741965,142,0.0
2554,54,25,-0.135,0.735,142,-0.5100265741348267,142,0.0054026644211262465,142,0.0
2555,55,25,-0.16500000000000004,0.735,142,-0.5099453330039978,142,0.007419784786179662,142,0.0
2556,56,25,-0.19499999999999984,0.735,142,-0.5097251534461975,142,0.011061628349125385,142,0.0
2557,57,25,-0.22499999999999987,0.735,142,-0.5092970132827759,142,0.013386209961026907,142,0.0
2558,58,25,-0.2549999999999999,0.735,142,-0.5086046457290649,142,0.014466047286987305,142,0.0
2559,59,25,-0.2849999999999999,0.735,142,-0.5080349743366241,142,0.010631481651216745,142,0.0
2560,60,25,-0.31499999999999995,0.735,142,-0.5076882839202881,142,0.0027194619178771973,142,0.0
2561,61,25,-0.345,0.735,142,-0.5073558688163757,142,0.0,142,0.0
2562,62,25,-0.375,0.735,142,-0.5071406662464142,142,0.0,142,0.0
2563,63,25,-0.405,0.735,142,-0.5068353414535522,142,0.00024139881134033203,142,0.0
2564,64,25,-0.43499999999999983,0.735,142,-0.5064368546009064,142,0.0,142,0.0
2565,65,25,-0.46499999999999986,0.735,142,-0.5063114166259766,142,0.0,142,0.0
2566,66,25,-0.4949999999999999,0.735,142,-0.5060615241527557,142,0.0,142,0.0
2567,67,25,-0.5249999999999999,0.735,142,-0.5059514045715332,142,0.0,142,0.0
2568,68,25,-0.5549999999999997,0.735,142,-0.505767285823822,142,0.0,142,0.0
2569,69,25,-0.585,0.735,142,-0.5055884718894958,142,0.0,142,0.0
2570,70,25,-0.6149999999999998,0.735,142,-0.5054660439491272,142,0.0,142,0.0
2571,71,25,-0.645,0.735,142,-0.5053179264068604,142,0.004547337768599391,142,0.0
2572,72,25,-0.6749999999999998,0.735,142,-0.5049237608909607,142,0.0,142,0.0
2573,73,25,-0.7050000000000001,0.735,142,-0.5045366287231445,142,0.0,142,0.0
2574,74,25,-0.7349999999999999,0.735,142,-0.5044096112251282,142,0.0,142,0.0
2575,75,25,-0.7650000000000001,0.735,142,-0.504247397184372,142,0.0,142,0.0
2576,76,25,-0.7949999999999999,0.735,142,-0.5041817128658295,142,0.0,142,0.0
2577,77,25,-0.8249999999999997,0.735,142,-0.5041704773902893,142,0.0,142,0.0
2578,78,25,-0.855,0.735,142,-0.5040547549724579,142,0.0,142,0.0
2579,79,25,-0.8849999999999998,0.735,142,-0.5039517283439636,142,0.0,142,0.0
2580,80,25,-0.915,0.735,142,-0.5037919580936432,142,0.0,142,0.0
2581,81,25,-0.9449999999999998,0.735,142,-0.5034623146057129,142,0.005800028797239065,142,0.0
2582,82,25,-0.9750000000000001,0.735,142,-0.5032452642917633,142,0.012268622871488333,142,0.0
2583,83,25,-1.005,0.735,142,-0.5028629004955292,142,0.015997390262782574,142,0.0
2584,84,25,-1.0349999999999997,0.735,142,-0.5022801458835602,142,0.0131949782371521,142,0.0
2585,85,25,-1.065,0.735,142,-0.5018444061279297,142,0.010316073894500732,142,0.0
2586,86,25,-1.0949999999999998,0.735,142,-0.5013810694217682,142,0.0011275211872998625,142,0.0
2587,87,25,-1.125,0.735,142,-0.5013810694217682,142,0.0,142,0.0
2588,88,25,-1.1549999999999998,0.735,142,-0.5013624131679535,142,0.0,142,0.0
2589,89,25,-1.185,0.735,142,-0.5013624131679535,142,0.0,142,0.0
2590,90,25,-1.2149999999999999,0.735,0,nan,142,0.0,142,0.02199999988079071
2591,91,25,-1.245,0.735,0,nan,142,0.0,142,0.02199999988079071
2592,92,25,-1.275,0.735,0,nan,142,0.0,142,0.02199999988079071
2593,93,25,-1.3049999999999997,0.735,0,nan,142,0.0,142,0.02199999988079071
2594,94,25,-1.335,0.735,0,nan,142,0.0,142,0.02199999988079071
2595,95,25,-1.3649999999999998,0.735,0,nan,142,0.0,142,0.02199999988079071
2596,96,25,-1.395,0.735,0,nan,142,0.0,142,0.02199999988079071
2597,97,25,-1.4249999999999998,0.735,0,nan,142,0.0,142,0.0
2598,98,25,-1.455,0.735,0,nan,142,0.0,142,0.0
2599,99,25,-1.4849999999999999,0.735,0,nan,142,0.0,142,0.0
2600,0,26,1.485,0.7050000000000001,0,nan,142,0.0,142,0.0
2601,1,26,1.455,0.7050000000000001,0,nan,142,0.0,142,0.0
2602,2,26,1.425,0.7050000000000001,0,nan,142,0.0,142,0.0
2603,3,26,1.395,0.7050000000000001,0,nan,142,0.0,142,0.02199999988079071
2604,4,26,1.365,0.7050000000000001,0,nan,142,0.0,142,0.02199999988079071
2605,5,26,1.335,0.7050000000000001,0,nan,142,0.0,142,0.02199999988079071
2606,6,26,1.305,0.7050000000000001,0,nan,142,0.0,142,0.02199999988079071
2607,7,26,1.275,0.7050000000000001,0,nan,142,0.0,142,0.02199999988079071
2608,8,26,1.245,0.7050000000000001,0,nan,142,0.0,142,0.02199999988079071
2609,9,26,1.215,0.7050000000000001,0,nan,142,0.0,142,0.02199999988079071
2610,10,26,1.185,0.7050000000000001,138,-0.7966093122959137,142,0.011297798249870539,142,0.0
2611,11,26,1.155,0.7050000000000001,134,-0.7960084676742554,142,0.0074669718742370605,142,0.0
2612,12,26,1.125,0.7050000000000001,132,-0.7959388792514801,142,0.003857910633087158,142,0.0
2613,13,26,1.095,0.7050000000000001,116,-0.7957760393619537,142,0.24133221805095673,142,0.0
2614,14,26,1.065,0.7050000000000001,116,-0.7792620956897736,142,0.7232125103473663,142,0.02199999988079071
2615,15,26,1.0350000000000001,0.7050000000000001,141,-0.7336394786834717,142,0.9169598817825317,142,0.10000000149011612
2616,16,26,1.005,0.7050000000000001,142,-0.7237292230129242,142,0.5133232176303864,142,0.0
2617,17,26,0.975,0.7050000000000001,142,-0.7174911797046661,142,0.24491393566131592,142,0.0
2618,18,26,0.9450000000000001,0.7050000000000001,142,-0.6979504525661469,142,0.15897253900766373,142,0.0
2619,19,26,0.915,0.7050000000000001,142,-0.6834472119808197,142,0.1501409262418747,142,0.0
2620,20,26,0.885,0.7050000000000001,142,-0.6606727540493011,142,0.3038843423128128,142,0.0
2621,21,26,0.855,0.7050000000000001,142,-0.5153733193874359,142,0.16564030945301056,142,0.0
2622,22,26,0.8250000000000001,0.7050000000000001,142,-0.5148373544216156,142,0.049487749114632607,142,0.0
2623,23,26,0.795,0.7050000000000001,142,-0.5142314434051514,142,0.035403089597821236,142,0.0
2624,24,26,0.765,0.7050000000000001,142,-0.5131411254405975,142,0.024693136103451252,142,0.0
2625,25,26,0.735,0.7050000000000001,142,-0.5130174160003662,142,0.01202055299654603,142,0.0
2626,26,26,0.7050000000000001,0.7050000000000001,142,-0.5128730237483978,142,0.013167217373847961,142,0.0
2627,27,26,0.675,0.7050000000000001,142,-0.5127983391284943,142,0.013025318272411823,142,0.0
2628,28,26,0.645,0.7050000000000001,142,-0.5127516090869904,142,0.014224767684936523,142,0.0
2629,29,26,0.615,0.7050000000000001,142,-0.5126870572566986,142,0.017904923297464848,142,0.0
2630,30,26,0.5850000000000001,0.7050000000000001,142,-0.5127983391284943,142,0.019019131548702717,142,0.0
2631,31,26,0.555,0.7050000000000001,141,-0.512859582901001,142,0.020016737282276154,142,0.0
2632,32,26,0.525,0.7050000000000001,142,-0.5132153928279877,142,0.027476748451590538,142,0.0
2633,33,26,0.4950000000000001,0.7050000000000001,142,-0.5132425427436829,142,0.02476238366216421,142,0.0
2634,34,26,0.4650000000000001,0.7050000000000001,142,-0.513266533613205,142,0.021150224842131138,142,0.0
2635,35,26,0.43500000000000005,0.7050000000000001,142,-0.5133765935897827,142,0.012422104831784964,142,0.0
2636,36,26,0.405,0.7050000000000001,142,-0.5133765935897827,142,0.010372633580118418,142,0.0
2637,37,26,0.375,0.7050000000000001,142,-0.5134191811084747,142,0.008199612377211452,142,0.0
2638,38,26,0.345,0.7050000000000001,142,-0.5132115185260773,142,0.008064343594014645,142,0.0
2639,39,26,0.31499999999999995,0.7050000000000001,142,-0.513106495141983,142,0.007179358508437872,142,0.0
2640,40,26,0.28500000000000014,0.7050000000000001,142,-0.5127591490745544,142,0.006426870822906494,142,0.0
2641,41,26,0.2550000000000001,0.7050000000000001,142,-0.5126252472400665,142,0.006149835418909788,142,0.0
2642,42,26,0.2250000000000001,0.7050000000000001,142,-0.5125123262405396,142,0.008383044507354498,142,0.0
2643,43,26,0.19500000000000006,0.7050000000000001,142,-0.5121619999408722,142,0.014124349225312471,142,0.0
2644,44,26,0.16500000000000004,0.7050000000000001,142,-0.5117055177688599,142,0.016834041103720665,142,0.0
2645,45,26,0.135,0.7050000000000001,142,-0.5112889111042023,142,0.01742818858474493,142,0.0
2646,46,26,0.10499999999999998,0.7050000000000001,142,-0.5108749270439148,142,0.015098883304744959,142,0.0
2647,47,26,0.07499999999999996,0.7050000000000001,142,-0.5104336440563202,142,0.012280429247766733,142,0.0
2648,48,26,0.04500000000000015,0.7050000000000001,142,-0.5101867318153381,142,0.006902456749230623,142,0.0
2649,49,26,0.015000000000000124,0.7050000000000001,142,-0.5101188123226166,142,0.0006357828679028898,142,0.0
2650,50,26,-0.014999999999999902,0.7050000000000001,142,-0.5100505948066711,142,0.0,142,0.0
2651,51,26,-0.04499999999999993,0.7050000000000001,142,-0.5100352168083191,142,0.0,142,0.0
2652,52,26,-0.07499999999999996,0.7050000000000001,142,-0.5100352168083191,142,0.00016635918291285634,142,0.0
2653,53,26,-0.10499999999999998,0.7050000000000001,142,-0.509942352771759,142,0.00802874588407576,142,0.0
2654,54,26,-0.135,0.7050000000000001,142,-0.5100265741348267,142,0.009993579238653183,142,0.0
2655,55,26,-0.16500000000000004,0.7050000000000001,142,-0.5099453330039978,142,0.009988745208829641,142,0.0
2656,56,26,-0.19499999999999984,0.7050000000000001,142,-0.5097251534461975,142,0.013988713268190622,142,0.0
2657,57,26,-0.22499999999999987,0.7050000000000001,142,-0.5092970132827759,142,0.016873886808753014,142,0.0
2658,58,26,-0.2549999999999999,0.7050000000000001,142,-0.5086046457290649,142,0.01892298460006714,142,0.0
2659,59,26,-0.2849999999999999,0.7050000000000001,142,-0.5080349743366241,142,0.01708233170211315,142,0.0
2660,60,26,-0.31499999999999995,0.7050000000000001,142,-0.5076882839202881,142,0.011771341785788536,142,0.0
2661,61,26,-0.345,0.7050000000000001,142,-0.5073558688163757,142,0.012633914593607187,142,0.0
2662,62,26,-0.375,0.7050000000000001,142,-0.5071406662464142,142,0.012315585743635893,142,0.0
2663,63,26,-0.405,0.7050000000000001,142,-0.5068353414535522,142,0.013397634029388428,142,0.0
2664,64,26,-0.43499999999999983,0.7050000000000001,142,-0.5064368546009064,142,0.012772033922374249,142,0.0
2665,65,26,-0.46499999999999986,0.7050000000000001,142,-0.5063114166259766,142,0.009677995461970568,142,0.0
2666,66,26,-0.4949999999999999,0.7050000000000001,142,-0.5060615241527557,142,0.009487057570368052,142,0.0
2667,67,26,-0.5249999999999999,0.7050000000000001,142,-0.5059514045715332,142,0.008296469692140818,142,0.0
2668,68,26,-0.5549999999999997,0.7050000000000001,142,-0.505767285823822,142,0.010010103695094585,142,0.0
2669,69,26,-0.585,0.7050000000000001,142,-0.5055884718894958,142,0.007354716537520289,142,0.0
2670,70,26,-0.6149999999999998,0.7050000000000001,142,-0.5054660439491272,142,0.009192195255309343,142,0.0
2671,71,26,-0.645,0.7050000000000001,142,-0.5053179264068604,142,0.009438483975827694,142,0.0
2672,72,26,-0.6749999999999998,0.7050000000000001,142,-0.5049237608909607,142,0.003811220289207995,142,0.0
2673,73,26,-0.7050000000000001,0.7050000000000001,142,-0.5045366287231445,142,0.0,142,0.0
2674,74,26,-0.7349999999999999,0.7050000000000001,142,-0.5044096112251282,142,0.0,142,0.0
2675,75,26,-0.7650000000000001,0.7050000000000001,142,-0.504247397184372,142,0.0,142,0.0
2676,76,26,-0.7949999999999999,0.7050000000000001,142,-0.5041817128658295,142,0.0,142,0.0
2677,77,26,-0.8249999999999997,0.7050000000000001,142,-0.5041704773902893,142,0.0,142,0.0
2678,78,26,-0.855,0.7050000000000001,142,-0.5040547549724579,142,0.0,142,0.0
2679,79,26,-0.8849999999999998,0.7050000000000001,142,-0.5039517283439636,142,0.0007296602125279605,142,0.0
2680,80,26,-0.915,0.7050000000000001,142,-0.5037919580936432,142,0.00618298863992095,142,0.0
2681,81,26,-0.9449999999999998,0.7050000000000001,142,-0.5034623146057129,142,0.014693978242576122,142,0.0
2682,82,26,-0.9750000000000001,0.7050000000000001,142,-0.5032452642917633,142,0.01793139334768057,142,0.0
2683,83,26,-1.005,0.7050000000000001,142,-0.5028629004955292,142,0.01896278467029333,142,0.0
2684,84,26,-1.0349999999999997,0.7050000000000001,142,-0.5022801458835602,142,0.017541276291012764,142,0.0
2685,85,26,-1.065,0.7050000000000001,142,-0.5018444061279297,142,0.016184771433472633,142,0.0
2686,86,26,-1.0949999999999998,0.7050000000000001,142,-0.5013810694217682,142,0.010291238315403461,142,0.0
2687,87,26,-1.125,0.7050000000000001,142,-0.5013810694217682,142,0.0033688313560560346,142,0.0
2688,88,26,-1.1549999999999998,0.7050000000000001,142,-0.5013624131679535,142,0.0005233233678154647,142,0.0
2689,89,26,-1.185,0.7050000000000001,142,-0.5013624131679535,142,0.0,142,0.0
2690,90,26,-1.2149999999999999,0.7050000000000001,0,nan,142,0.0,142,0.02199999988079071
2691,91,26,-1.245,0.7050000000000001,0,nan,142,0.0,142,0.02199999988079071
2692,92,26,-1.275,0.7050000000000001,0,nan,142,0.0,142,0.02199999988079071
2693,93,26,-1.3049999999999997,0.7050000000000001,0,nan,142,0.0,142,0.02199999988079071
2694,94,26,-1.335,0.7050000000000001,0,nan,142,0.0,142,0.02199999988079071
2695,95,26,-1.3649999999999998,0.7050000000000001,0,nan,142,0.0,142,0.02199999988079071
2696,96,26,-1.395,0.7050000000000001,0,nan,142,0.0,142,0.02199999988079071
2697,97,26,-1.4249999999999998,0.7050000000000001,0,nan,142,0.0,142,0.0
2698,98,26,-1.455,0.7050000000000001,0,nan,142,0.0,142,0.0
2699,99,26,-1.4849999999999999,0.7050000000000001,0,nan,142,0.0,142,0.0
2700,0,27,1.485,0.675,0,nan,142,0.0,142,0.0
2701,1,27,1.455,0.675,0,nan,142,0.0,142,0.0
2702,2,27,1.425,0.675,0,nan,142,0.0,142,0.0
2703,3,27,1.395,0.675,0,nan,142,0.0,142,0.02199999988079071
2704,4,27,1.365,0.675,0,nan,142,0.0,142,0.02199999988079071
2705,5,27,1.335,0.675,0,nan,142,0.0,142,0.02199999988079071
2706,6,27,1.305,0.675,0,nan,142,0.0,142,0.02199999988079071
2707,7,27,1.275,0.675,0,nan,142,0.0,142,0.02199999988079071
2708,8,27,1.245,0.675,0,nan,142,0.0,142,0.02199999988079071
2709,9,27,1.215,0.675,0,nan,142,0.0,142,0.02199999988079071
2710,10,27,1.185,0.675,138,-0.7979136407375336,142,0.011297798249870539,142,0.0
2711,11,27,1.155,0.675,139,-0.7978923320770264,142,0.016048551071435213,142,0.0
2712,12,27,1.125,0.675,136,-0.797785609960556,142,0.016048551071435213,142,0.0
2713,13,27,1.095,0.675,133,-0.7978509664535522,142,0.22809431701898575,142,0.0
2714,14,27,1.065,0.675,127,-0.7855080366134644,142,0.6010190546512604,142,0.0
2715,15,27,1.0350000000000001,0.675,121,-0.7729206085205078,142,0.7434174418449402,142,0.02199999988079071
2716,16,27,1.005,0.675,120,-0.7564078569412231,142,0.6816498041152954,142,0.02199999988079071
2717,17,27,0.975,0.675,140,-0.724343866109848,142,0.7419582009315491,142,0.0
2718,18,27,0.9450000000000001,0.675,142,-0.713079422712326,142,0.8538878262042999,142,0.05000000074505806
2719,19,27,0.915,0.675,142,-0.6912959516048431,142,0.42246899008750916,142,0.0
2720,20,27,0.885,0.675,142,-0.6829915046691895,142,0.4908745586872101,142,0.0
2721,21,27,0.855,0.675,142,-0.5168127119541168,142,0.3331090062856674,142,0.0
2722,22,27,0.8250000000000001,0.675,142,-0.5150479674339294,142,0.06676528602838516,142,0.0
2723,23,27,0.795,0.675,142,-0.5142314434051514,142,0.042288005352020264,142,0.0
2724,24,27,0.765,0.675,142,-0.5127516090869904,142,0.037697797641158104,142,0.0
2725,25,27,0.735,0.675,142,-0.5120023488998413,142,0.02641518320888281,142,0.0
2726,26,27,0.7050000000000001,0.675,142,-0.5119187831878662,142,0.03403785824775696,142,0.0
2727,27,27,0.675,0.675,142,-0.5118011832237244,142,0.03936055675148964,142,0.0
2728,28,27,0.645,0.675,142,-0.5115485489368439,142,0.042723990976810455,142,0.0
2729,29,27,0.615,0.675,142,-0.5113458335399628,142,0.04374178312718868,142,0.0
2730,30,27,0.5850000000000001,0.675,142,-0.5113393664360046,142,0.04650503396987915,142,0.0
2731,31,27,0.555,0.675,142,-0.5114796459674835,142,0.04945260472595692,142,0.0
2732,32,27,0.525,0.675,141,-0.5116612911224365,142,0.05217128433287144,142,0.0
2733,33,27,0.4950000000000001,0.675,142,-0.5118984878063202,142,0.047563862055540085,142,0.0
2734,34,27,0.4650000000000001,0.675,142,-0.5122809410095215,142,0.04162674769759178,142,0.0
2735,35,27,0.43500000000000005,0.675,142,-0.5124256908893585,142,0.03581303544342518,142,0.0
2736,36,27,0.405,0.675,142,-0.5125265121459961,142,0.026767375878989697,142,0.0
2737,37,27,0.375,0.675,142,-0.5125424563884735,142,0.022278926335275173,142,0.0
2738,38,27,0.345,0.675,142,-0.5124945640563965,142,0.02093861810863018,142,0.0
2739,39,27,0.31499999999999995,0.675,142,-0.512470543384552,142,0.01982042007148266,142,0.0
2740,40,27,0.28500000000000014,0.675,142,-0.5124345123767853,142,0.01796372700482607,142,0.0
2741,41,27,0.2550000000000001,0.675,142,-0.5121779143810272,142,0.01636594533920288,142,0.0
2742,42,27,0.2250000000000001,0.675,142,-0.5121086239814758,142,0.016393412835896015,142,0.0
2743,43,27,0.19500000000000006,0.675,142,-0.5118933022022247,142,0.021199683658778667,142,0.0
2744,44,27,0.16500000000000004,0.675,142,-0.5114780366420746,142,0.02442196011543274,142,0.0
2745,45,27,0.135,0.675,142,-0.5108751952648163,142,0.02490387763828039,142,0.0
2746,46,27,0.10499999999999998,0.675,142,-0.5104599297046661,142,0.023631738498806953,142,0.0
2747,47,27,0.07499999999999996,0.675,142,-0.5100303888320923,142,0.01994139887392521,142,0.0
2748,48,27,0.04500000000000015,0.675,142,-0.5099034905433655,142,0.01742045022547245,142,0.0
2749,49,27,0.015000000000000124,0.675,142,-0.5098101198673248,142,0.01563485199585557,142,0.0
2750,50,27,-0.014999999999999902,0.675,142,-0.509794682264328,142,0.012220799922943115,142,0.0
2751,51,27,-0.04499999999999993,0.675,142,-0.5097760558128357,142,0.01101096486672759,142,0.0
2752,52,27,-0.07499999999999996,0.675,142,-0.5097825825214386,142,0.011133214458823204,142,0.0
2753,53,27,-0.10499999999999998,0.675,142,-0.5097106099128723,142,0.012915298342704773,142,0.0
2754,54,27,-0.135,0.675,142,-0.5099172294139862,142,0.012874299194663763,142,0.0
2755,55,27,-0.16500000000000004,0.675,142,-0.5099680125713348,142,0.014653027523308992,142,0.0
2756,56,27,-0.19499999999999984,0.675,142,-0.5098377466201782,142,0.0164354732260108,142,0.0
2757,57,27,-0.22499999999999987,0.675,142,-0.509360283613205,142,0.023720942437648773,142,0.0
2758,58,27,-0.2549999999999999,0.675,142,-0.5086194276809692,142,0.024755889549851418,142,0.0
2759,59,27,-0.2849999999999999,0.675,142,-0.5078982710838318,142,0.022503341548144817,142,0.0
2760,60,27,-0.31499999999999995,0.675,142,-0.5074149668216705,142,0.0239504212513566,142,0.0
2761,61,27,-0.345,0.675,142,-0.5069653391838074,142,0.028535581193864346,142,0.0
2762,62,27,-0.375,0.675,142,-0.5066646933555603,142,0.03161836229264736,142,0.0
2763,63,27,-0.405,0.675,142,-0.5062784850597382,142,0.029026083648204803,142,0.0
2764,64,27,-0.43499999999999983,0.675,142,-0.5059849619865417,142,0.02818462625145912,142,0.0
2765,65,27,-0.46499999999999986,0.675,142,-0.5057355463504791,142,0.025885303504765034,142,0.0
2766,66,27,-0.4949999999999999,0.675,142,-0.5056398808956146,142,0.023455459624528885,142,0.0
2767,67,27,-0.5249999999999999,0.675,142,-0.5055607855319977,142,0.02102106809616089,142,0.0
2768,68,27,-0.5549999999999997,0.675,142,-0.5054582059383392,142,0.02128695696592331,142,0.0
2769,69,27,-0.585,0.675,142,-0.5052227973937988,142,0.017398329451680183,142,0.0
2770,70,27,-0.6149999999999998,0.675,142,-0.5050928890705109,142,0.016548752784729004,142,0.0
2771,71,27,-0.645,0.675,142,-0.505077600479126,142,0.015907983295619488,142,0.0
2772,72,27,-0.6749999999999998,0.675,142,-0.5048578977584839,142,0.008694922551512718,142,0.0
2773,73,27,-0.7050000000000001,0.675,142,-0.5045366287231445,142,0.003287739004008472,142,0.0
2774,74,27,-0.7349999999999999,0.675,142,-0.5044314861297607,142,0.00038006261456757784,142,0.0
2775,75,27,-0.7650000000000001,0.675,142,-0.5043042600154877,142,0.0,142,0.0
2776,76,27,-0.7949999999999999,0.675,142,-0.5042839646339417,142,0.0,142,0.0
2777,77,27,-0.8249999999999997,0.675,142,-0.504279226064682,142,0.0006420318968594074,142,0.0
2778,78,27,-0.855,0.675,142,-0.5041880011558533,142,0.003502554725855589,142,0.0
2779,79,27,-0.8849999999999998,0.675,142,-0.5041880011558533,142,0.007702186703681946,142,0.0
2780,80,27,-0.915,0.675,142,-0.5041525065898895,142,0.01286457758396864,142,0.0
2781,81,27,-0.9449999999999998,0.675,142,-0.5038662552833557,142,0.017763515934348106,142,0.0
2782,82,27,-0.9750000000000001,0.675,142,-0.5035558640956879,142,0.0193913783878088,142,0.0
2783,83,27,-1.005,0.675,142,-0.5030220746994019,142,0.024683712050318718,142,0.0
2784,84,27,-1.0349999999999997,0.675,142,-0.502466470003128,142,0.021005088463425636,142,0.0
2785,85,27,-1.065,0.675,142,-0.5022767782211304,142,0.018402205780148506,142,0.0
2786,86,27,-1.0949999999999998,0.675,142,-0.5019557476043701,142,0.015850849449634552,142,0.0
2787,87,27,-1.125,0.675,142,-0.5019490122795105,142,0.009868291206657887,142,0.0
2788,88,27,-1.1549999999999998,0.675,142,-0.5014456212520599,142,0.007339038886129856,142,0.0
2789,89,27,-1.185,0.675,132,-0.5012985169887543,142,0.0,142,0.0
2790,90,27,-1.2149999999999999,0.675,0,nan,142,0.0,142,0.02199999988079071
2791,91,27,-1.245,0.675,0,nan,142,0.0,142,0.02199999988079071
2792,92,27,-1.275,0.675,0,nan,142,0.0,142,0.02199999988079071
2793,93,27,-1.3049999999999997,0.675,0,nan,142,0.0,142,0.02199999988079071
2794,94,27,-1.335,0.675,0,nan,142,0.0,142,0.02199999988079071
2795,95,27,-1.3649999999999998,0.675,0,nan,142,0.0,142,0.02199999988079071
2796,96,27,-1.395,0.675,0,nan,142,0.0,142,0.02199999988079071
2797,97,27,-1.4249999999999998,0.675,0,nan,142,0.0,142,0.0
2798,98,27,-1.455,0.675,0,nan,142,0.0,142,0.0
2799,99,27,-1.4849999999999999,0.675,0,nan,142,0.0,142,0.0
2800,0,28,1.485,0.645,0,nan,142,0.0,142,0.0
2801,1,28,1.455,0.645,0,nan,142,0.0,142,0.0
2802,2,28,1.425,0.645,0,nan,142,0.0,142,0.0
2803,3,28,1.395,0.645,0,nan,142,0.0,142,0.02199999988079071
2804,4,28,1.365,0.645,0,nan,142,0.0,142,0.02199999988079071
2805,5,28,1.335,0.645,0,nan,142,0.0,142,0.02199999988079071
2806,6,28,1.305,0.645,0,nan,142,0.0,142,0.02199999988079071
2807,7,28,1.275,0.645,0,nan,142,0.0,142,0.02199999988079071
2808,8,28,1.245,0.645,0,nan,142,0.0,142,0.02199999988079071
2809,9,28,1.215,0.645,0,nan,142,0.0,142,0.02199999988079071
2810,10,28,1.185,0.645,138,-0.7987880110740662,142,0.0,142,0.0
2811,11,28,1.155,0.645,140,-0.7987880110740662,142,0.0,142,0.0
2812,12,28,1.125,0.645,140,-0.7987880110740662,142,0.0,142,0.0
2813,13,28,1.095,0.645,141,-0.7987493872642517,142,0.19118761271238327,142,0.0
2814,14,28,1.065,0.645,141,-0.7865638136863708,142,0.386896088719368,142,0.0
2815,15,28,1.0350000000000001,0.645,141,-0.775134801864624,142,0.4312526732683182,142,0.0
2816,16,28,1.005,0.645,136,-0.7632628381252289,142,0.5710498988628387,142,0.0
2817,17,28,0.975,0.645,131,-0.7497056722640991,142,0.7138638198375702,142,0.0
2818,18,28,0.9450000000000001,0.645,140,-0.7224185168743134,142,0.889848530292511,142,0.10000000149011612
2819,19,28,0.915,0.645,142,-0.6925643086433411,142,0.7803578972816467,142,0.0
2820,20,28,0.885,0.645,142,-0.6837219297885895,142,0.6488185226917267,142,0.0
2821,21,28,0.855,0.645,142,-0.6481935381889343,142,0.3331090062856674,142,0.0
2822,22,28,0.8250000000000001,0.645,142,-0.5151631534099579,142,0.07955135777592659,142,0.0
2823,23,28,0.795,0.645,142,-0.5142314434051514,142,0.04313737154006958,142,0.0
2824,24,28,0.765,0.645,142,-0.5127230584621429,142,0.044053295627236366,142,0.0
2825,25,28,0.735,0.645,142,-0.5119187831878662,142,0.029909610748291016,142,0.0
2826,26,28,0.7050000000000001,0.645,142,-0.5110068321228027,142,0.024304824881255627,142,0.0
2827,27,28,0.675,0.645,142,-0.510578453540802,142,0.03122567106038332,142,0.0
2828,28,28,0.645,0.645,142,-0.5103826820850372,142,0.03281370550394058,142,0.0
2829,29,28,0.615,0.645,142,-0.5103351473808289,142,0.03191796783357859,142,0.0
2830,30,28,0.5850000000000001,0.645,142,-0.5102687478065491,142,0.031910644844174385,142,0.0
2831,31,28,0.555,0.645,142,-0.5102209448814392,142,0.03435959480702877,142,0.0
2832,32,28,0.525,0.645,142,-0.5101651251316071,142,0.040092071518301964,142,0.0
2833,33,28,0.4950000000000001,0.645,142,-0.5106037855148315,142,0.041176896542310715,142,0.0
2834,34,28,0.4650000000000001,0.645,142,-0.5110483467578888,142,0.03819023445248604,142,0.0
2835,35,28,0.43500000000000005,0.645,142,-0.5114468038082123,142,0.02677371259778738,142,0.0
2836,36,28,0.405,0.645,142,-0.5115960538387299,142,0.02216314058750868,142,0.0
2837,37,28,0.375,0.645,142,-0.5117893815040588,142,0.019173506647348404,142,0.0
2838,38,28,0.345,0.645,142,-0.5118268132209778,142,0.02037059422582388,142,0.0
2839,39,28,0.31499999999999995,0.645,142,-0.5118498504161835,142,0.0176251158118248,142,0.0
2840,40,28,0.28500000000000014,0.645,142,-0.5118231177330017,142,0.018063838593661785,142,0.0
2841,41,28,0.2550000000000001,0.645,142,-0.5117544829845428,142,0.0174105167388916,142,0.0
2842,42,28,0.2250000000000001,0.645,142,-0.5116708278656006,142,0.01720682717859745,142,0.0
2843,43,28,0.19500000000000006,0.645,142,-0.5114983022212982,142,0.027221902273595333,142,0.0
2844,44,28,0.16500000000000004,0.645,142,-0.5110473036766052,142,0.02978327963501215,142,0.0
2845,45,28,0.135,0.645,142,-0.5104629695415497,142,0.028041532263159752,142,0.0
2846,46,28,0.10499999999999998,0.645,142,-0.509904682636261,142,0.02526968903839588,142,0.0
2847,47,28,0.07499999999999996,0.645,142,-0.5095288157463074,142,0.02116759680211544,142,0.0
2848,48,28,0.04500000000000015,0.645,142,-0.5094049870967865,142,0.019440552219748497,142,0.0
2849,49,28,0.015000000000000124,0.645,142,-0.5093085467815399,142,0.01495679235085845,142,0.0
2850,50,28,-0.014999999999999902,0.645,142,-0.5092779695987701,142,0.013355414383113384,142,0.0
2851,51,28,-0.04499999999999993,0.645,142,-0.5092449486255646,142,0.012304240837693214,142,0.0
2852,52,28,-0.07499999999999996,0.645,142,-0.509261280298233,142,0.012325743678957224,142,0.0
2853,53,28,-0.10499999999999998,0.645,142,-0.5093085467815399,142,0.01496522082015872,142,0.0
2854,54,28,-0.135,0.645,142,-0.5098268985748291,142,0.01358274882659316,142,0.0
2855,55,28,-0.16500000000000004,0.645,142,-0.510017067193985,142,0.013822975568473339,142,0.0
2856,56,28,-0.19499999999999984,0.645,142,-0.5099362432956696,142,0.019454866647720337,142,0.0
2857,57,28,-0.22499999999999987,0.645,142,-0.5093548595905304,142,0.025537011213600636,142,0.0
2858,58,28,-0.2549999999999999,0.645,142,-0.5084551870822906,142,0.026672574691474438,142,0.0
2859,59,28,-0.2849999999999999,0.645,142,-0.5077624917030334,142,0.023791830986738205,142,0.0
2860,60,28,-0.31499999999999995,0.645,142,-0.5071399807929993,142,0.033516665920615196,142,0.0
2861,61,28,-0.345,0.645,142,-0.5060213506221771,142,0.033442720770835876,142,0.0
2862,62,28,-0.375,0.645,142,-0.5055938065052032,142,0.03390671871602535,142,0.0
2863,63,28,-0.405,0.645,142,-0.5051063001155853,142,0.03053574450314045,142,0.0
2864,64,28,-0.43499999999999983,0.645,142,-0.5048052966594696,142,0.026547471061348915,142,0.0
2865,65,28,-0.46499999999999986,0.645,142,-0.5047240555286407,142,0.022008411586284637,142,0.0
2866,66,28,-0.4949999999999999,0.645,142,-0.504698783159256,142,0.020075418055057526,142,0.0
2867,67,28,-0.5249999999999999,0.645,142,-0.5046357810497284,142,0.0190292801707983,142,0.0
2868,68,28,-0.5549999999999997,0.645,142,-0.5045540034770966,142,0.01681347656995058,142,0.0
2869,69,28,-0.585,0.645,142,-0.5045212805271149,142,0.01615193672478199,142,0.0
2870,70,28,-0.6149999999999998,0.645,142,-0.5047127306461334,142,0.01779864076524973,142,0.0
2871,71,28,-0.645,0.645,142,-0.5050480663776398,142,0.01533066388219595,142,0.0
2872,72,28,-0.6749999999999998,0.645,142,-0.5048402845859528,142,0.011236372869461775,142,0.0
2873,73,28,-0.7050000000000001,0.645,142,-0.5045366287231445,142,0.0017071763868443668,142,0.0
2874,74,28,-0.7349999999999999,0.645,142,-0.5044748783111572,142,0.0009989749523811042,142,0.0
2875,75,28,-0.7650000000000001,0.645,142,-0.5043254494667053,142,1.3907750144426245e-05,142,0.0
2876,76,28,-0.7949999999999999,0.645,142,-0.5042932033538818,142,0.0,142,0.0
2877,77,28,-0.8249999999999997,0.645,142,-0.5042802095413208,142,0.0,142,0.0
2878,78,28,-0.855,0.645,142,-0.5042658746242523,142,0.0018169482937082648,142,0.0
2879,79,28,-0.8849999999999998,0.645,142,-0.5042512714862823,142,0.006286799907684326,142,0.0
2880,80,28,-0.915,0.645,142,-0.5042932033538818,142,0.010985517408698797,142,0.0
2881,81,28,-0.9449999999999998,0.645,142,-0.5041470527648926,142,0.012405470944941044,142,0.0
2882,82,28,-0.9750000000000001,0.645,142,-0.5038045048713684,142,0.015962389763444662,142,0.0
2883,83,28,-1.005,0.645,142,-0.5033378303050995,142,0.02108215168118477,142,0.0
2884,84,28,-1.0349999999999997,0.645,142,-0.5027146637439728,142,0.018834267742931843,142,0.0
2885,85,28,-1.065,0.645,142,-0.5025759339332581,142,0.015156823676079512,142,0.0
2886,86,28,-1.0949999999999998,0.645,142,-0.5022665858268738,142,0.011230859905481339,142,0.0
2887,87,28,-1.125,0.645,140,-0.5022481977939606,142,0.009321162011474371,142,0.0
2888,88,28,-1.1549999999999998,0.645,110,-0.5017008781433105,142,0.006009899079799652,142,0.0
2889,89,28,-1.185,0.645,77,-0.5013754963874817,142,0.0,142,0.0
2890,90,28,-1.2149999999999999,0.645,0,nan,142,0.0,142,0.02199999988079071
2891,91,28,-1.245,0.645,0,nan,142,0.0,142,0.02199999988079071
2892,92,28,-1.275,0.645,0,nan,142,0.0,142,0.02199999988079071
2893,93,28,-1.3049999999999997,0.645,0,nan,142,0.0,142,0.02199999988079071
2894,94,28,-1.335,0.645,0,nan,142,0.0,142,0.02199999988079071
2895,95,28,-1.3649999999999998,0.645,0,nan,142,0.0,142,0.02199999988079071
2896,96,28,-1.395,0.645,0,nan,142,0.0,142,0.02199999988079071
2897,97,28,-1.4249999999999998,0.645,0,nan,142,0.0,142,0.0
2898,98,28,-1.455,0.645,0,nan,142,0.0,142,0.0
2899,99,28,-1.4849999999999999,0.645,0,nan,142,0.0,142,0.0
2900,0,29,1.485,0.615,0,nan,142,0.0,142,0.0
2901,1,29,1.455,0.615,0,nan,142,0.0,142,0.0
2902,2,29,1.425,0.615,0,nan,142,0.0,142,0.0
2903,3,29,1.395,0.615,0,nan,142,0.0,142,0.02199999988079071
2904,4,29,1.365,0.615,0,nan,142,0.0,142,0.02199999988079071
2905,5,29,1.335,0.615,0,nan,142,0.0,142,0.02199999988079071
2906,6,29,1.305,0.615,0,nan,142,0.0,142,0.02199999988079071
2907,7,29,1.275,0.615,0,nan,142,0.0,142,0.02199999988079071
2908,8,29,1.245,0.615,0,nan,142,0.0,142,0.02199999988079071
2909,9,29,1.215,0.615,0,nan,142,0.0,142,0.02199999988079071
2910,10,29,1.185,0.615,139,-0.7987493872642517,142,0.0,142,0.0
2911,11,29,1.155,0.615,141,-0.7988266348838806,142,0.0,142,0.0
2912,12,29,1.125,0.615,141,-0.7988266348838806,142,0.0,142,0.0
2913,13,29,1.095,0.615,141,-0.7988266348838806,142,0.19882967323064804,142,0.0
2914,14,29,1.065,0.615,141,-0.7877252697944641,142,0.39725659787654877,142,0.0
2915,15,29,1.0350000000000001,0.615,142,-0.7756369411945343,142,0.3928668797016144,142,0.0
2916,16,29,1.005,0.615,141,-0.7641631364822388,142,0.38809046149253845,142,0.0
2917,17,29,0.975,0.615,139,-0.7525230050086975,142,0.5165247023105621,142,0.0
2918,18,29,0.9450000000000001,0.615,129,-0.7408928275108337,142,0.6543703377246857,142,0.0
2919,19,29,0.915,0.615,127,-0.7247234582901001,142,0.7461008727550507,142,0.0
2920,20,29,0.885,0.615,142,-0.6847624182701111,142,0.9766713082790375,142,0.10000000149011612
2921,21,29,0.855,0.615,142,-0.6572858691215515,142,0.6173580884933472,142,0.0
2922,22,29,0.8250000000000001,0.615,142,-0.5162631273269653,142,0.08926540613174438,142,0.0
2923,23,29,0.795,0.615,142,-0.5142314434051514,142,0.053541362285614014,142,0.0
2924,24,29,0.765,0.615,142,-0.5127230584621429,142,0.044640401378273964,142,0.0
2925,25,29,0.735,0.615,142,-0.511880099773407,142,0.030544896610081196,142,0.0
2926,26,29,0.7050000000000001,0.615,142,-0.5107489228248596,142,0.0255986163392663,142,0.0
2927,27,29,0.675,0.615,142,-0.5099159181118011,142,0.023564191535115242,142,0.0
2928,28,29,0.645,0.615,142,-0.5097250640392303,142,0.02519629057496786,142,0.0
2929,29,29,0.615,0.615,142,-0.5097107887268066,142,0.02836038637906313,142,0.0
2930,30,29,0.5850000000000001,0.615,142,-0.5096610188484192,142,0.028626620769500732,142,0.0
2931,31,29,0.555,0.615,142,-0.509553462266922,142,0.026713311672210693,142,0.0
2932,32,29,0.525,0.615,142,-0.5094826817512512,142,0.03045800421386957,142,0.0
2933,33,29,0.4950000000000001,0.615,142,-0.509553462266922,142,0.0377799067646265,142,0.0
2934,34,29,0.4650000000000001,0.615,142,-0.5102714002132416,142,0.02928547654300928,142,0.0
2935,35,29,0.43500000000000005,0.615,142,-0.5105667412281036,142,0.02305476740002632,142,0.0
2936,36,29,0.405,0.615,142,-0.5108932256698608,142,0.01579558663070202,142,0.0
2937,37,29,0.375,0.615,142,-0.5114645659923553,142,0.01776276808232069,142,0.0
2938,38,29,0.345,0.615,142,-0.5115632712841034,142,0.017087422311306,142,0.0
2939,39,29,0.31499999999999995,0.615,142,-0.5116171538829803,142,0.016806594096124172,142,0.0
2940,40,29,0.28500000000000014,0.615,142,-0.5115632712841034,142,0.018498815596103668,142,0.0
2941,41,29,0.2550000000000001,0.615,142,-0.5113120675086975,142,0.01811759267002344,142,0.0
2942,42,29,0.2250000000000001,0.615,142,-0.5111202299594879,142,0.018078829161822796,142,0.0
2943,43,29,0.19500000000000006,0.615,142,-0.5109860897064209,142,0.02515818178653717,142,0.0
2944,44,29,0.16500000000000004,0.615,142,-0.5104763805866241,142,0.030272645875811577,142,0.0
2945,45,29,0.135,0.615,142,-0.5099225640296936,142,0.029041703790426254,142,0.0
2946,46,29,0.10499999999999998,0.615,142,-0.5092341303825378,142,0.022863132879137993,142,0.0
2947,47,29,0.07499999999999996,0.615,142,-0.5088469386100769,142,0.018977469764649868,142,0.0
2948,48,29,0.04500000000000015,0.615,142,-0.5088375210762024,142,0.014872756786644459,142,0.0
2949,49,29,0.015000000000000124,0.615,142,-0.5088375210762024,142,0.014483601320534945,142,0.0
2950,50,29,-0.014999999999999902,0.615,142,-0.5088294148445129,142,0.013239729683846235,142,0.0
2951,51,29,-0.04499999999999993,0.615,142,-0.5088294148445129,142,0.012794137001037598,142,0.0
2952,52,29,-0.07499999999999996,0.615,142,-0.5088824927806854,142,0.012706825509667397,142,0.0
2953,53,29,-0.10499999999999998,0.615,142,-0.5090124905109406,142,0.01901070959866047,142,0.0
2954,54,29,-0.135,0.615,142,-0.509588748216629,142,0.01789585780352354,142,0.0
2955,55,29,-0.16500000000000004,0.615,142,-0.5099809467792511,142,0.01770561747252941,142,0.0
2956,56,29,-0.19499999999999984,0.615,142,-0.5099599063396454,142,0.0220616664737463,142,0.0
2957,57,29,-0.22499999999999987,0.615,142,-0.5093734860420227,142,0.02639168780297041,142,0.0
2958,58,29,-0.2549999999999999,0.615,142,-0.5083633065223694,142,0.029156457632780075,142,0.0
2959,59,29,-0.2849999999999999,0.615,142,-0.507708340883255,142,0.02334016002714634,142,0.0
2960,60,29,-0.31499999999999995,0.615,142,-0.5070317089557648,142,0.03446086868643761,142,0.0
2961,61,29,-0.345,0.615,142,-0.5057843923568726,142,0.03542696684598923,142,0.0
2962,62,29,-0.375,0.615,142,-0.5047188401222229,142,0.024148713797330856,142,0.0
2963,63,29,-0.405,0.615,142,-0.5043906271457672,142,0.017251177690923214,142,0.0
2964,64,29,-0.43499999999999983,0.615,142,-0.5043034255504608,142,0.00979055929929018,142,0.0
2965,65,29,-0.46499999999999986,0.615,142,-0.5042940378189087,142,0.007462004665285349,142,0.0
2966,66,29,-0.4949999999999999,0.615,142,-0.5042459666728973,142,0.0074165326077491045,142,0.0
2967,67,29,-0.5249999999999999,0.615,142,-0.5042320787906647,142,0.008257726673036814,142,0.0
2968,68,29,-0.5549999999999997,0.615,142,-0.5042100548744202,142,0.008077297359704971,142,0.0
2969,69,29,-0.585,0.615,142,-0.5042371153831482,142,0.009538344573229551,142,0.0
2970,70,29,-0.6149999999999998,0.615,142,-0.5045073330402374,142,0.018663006834685802,142,0.0
2971,71,29,-0.645,0.615,142,-0.5049698650836945,142,0.01587019767612219,142,0.0
2972,72,29,-0.6749999999999998,0.615,142,-0.5046608150005341,142,0.012835363857448101,142,0.0
2973,73,29,-0.7050000000000001,0.615,142,-0.5045366287231445,142,0.01056923484429717,142,0.0
2974,74,29,-0.7349999999999999,0.615,142,-0.5045126974582672,142,0.006400936283171177,142,0.0
2975,75,29,-0.7650000000000001,0.615,142,-0.5044025182723999,142,0.005887932609766722,142,0.0
2976,76,29,-0.7949999999999999,0.615,142,-0.5043254494667053,142,0.0,142,0.0
2977,77,29,-0.8249999999999997,0.615,142,-0.5042932033538818,142,0.001247039472218603,142,0.0
2978,78,29,-0.855,0.615,142,-0.5042932033538818,142,0.0028420627349987626,142,0.0
2979,79,29,-0.8849999999999998,0.615,142,-0.5042802095413208,142,0.007969141006469727,142,0.0
2980,80,29,-0.915,0.615,142,-0.5043578147888184,142,0.010944902896881104,142,0.0
2981,81,29,-0.9449999999999998,0.615,142,-0.5041908621788025,142,0.00989634357392788,142,0.0
2982,82,29,-0.9750000000000001,0.615,142,-0.5038472414016724,142,0.012084344867616892,142,0.0
2983,83,29,-1.005,0.615,142,-0.5034512877464294,142,0.0180358262732625,142,0.0
2984,84,29,-1.0349999999999997,0.615,142,-0.5028153955936432,142,0.016056470572948456,142,0.0
2985,85,29,-1.065,0.615,142,-0.5026459991931915,142,0.010437766555696726,142,0.0
2986,86,29,-1.0949999999999998,0.615,142,-0.5023150444030762,142,0.003689030883833766,142,0.0
2987,87,29,-1.125,0.615,133,-0.5022847056388855,142,0.001226045424118638,142,0.0
2988,88,29,-1.1549999999999998,0.615,39,-0.5020878314971924,142,0.0,142,0.02199999988079071
2989,89,29,-1.185,0.615,4,-0.5006018280982971,142,0.0,142,0.02199999988079071
2990,90,29,-1.2149999999999999,0.615,0,nan,142,0.0,142,0.02199999988079071
2991,91,29,-1.245,0.615,0,nan,142,0.0,142,0.02199999988079071
2992,92,29,-1.275,0.615,0,nan,142,0.0,142,0.02199999988079071
2993,93,29,-1.3049999999999997,0.615,0,nan,142,0.0,142,0.02199999988079071
2994,94,29,-1.335,0.615,0,nan,142,0.0,142,0.02199999988079071
2995,95,29,-1.3649999999999998,0.615,0,nan,142,0.0,142,0.02199999988079071
2996,96,29,-1.395,0.615,0,nan,142,0.0,142,0.02199999988079071
2997,97,29,-1.4249999999999998,0.615,0,nan,142,0.0,142,0.0
2998,98,29,-1.455,0.615,0,nan,142,0.0,142,0.0
2999,99,29,-1.4849999999999999,0.615,0,nan,142,0.0,142,0.0
3000,0,30,1.485,0.5850000000000001,0,nan,142,0.0,142,0.0
3001,1,30,1.455,0.5850000000000001,0,nan,142,0.0,142,0.0
3002,2,30,1.425,0.5850000000000001,0,nan,142,0.0,142,0.0
3003,3,30,1.395,0.5850000000000001,0,nan,142,0.0,142,0.02199999988079071
3004,4,30,1.365,0.5850000000000001,0,nan,142,0.0,142,0.02199999988079071
3005,5,30,1.335,0.5850000000000001,0,nan,142,0.0,142,0.02199999988079071
3006,6,30,1.305,0.5850000000000001,0,nan,142,0.0,142,0.02199999988079071
3007,7,30,1.275,0.5850000000000001,0,nan,142,0.0,142,0.02199999988079071
3008,8,30,1.245,0.5850000000000001,0,nan,142,0.0,142,0.02199999988079071
3009,9,30,1.215,0.5850000000000001,0,nan,142,0.0,142,0.02199999988079071
3010,10,30,1.185,0.5850000000000001,140,-0.7992171943187714,142,0.0,142,0.0
3011,11,30,1.155,0.5850000000000001,141,-0.7992388606071472,142,0.0,142,0.0
3012,12,30,1.125,0.5850000000000001,141,-0.7992388606071472,142,0.0,142,0.0
3013,13,30,1.095,0.5850000000000001,141,-0.7992388606071472,142,0.2018660083413124,142,0.0
3014,14,30,1.065,0.5850000000000001,141,-0.7883291244506836,142,0.3877802640199661,142,0.0
3015,15,30,1.0350000000000001,0.5850000000000001,142,-0.7763849794864655,142,0.38811834156513214,142,0.0
3016,16,30,1.005,0.5850000000000001,142,-0.7649057507514954,142,0.37541463971138,142,0.0
3017,17,30,0.975,0.5850000000000001,142,-0.7535394132137299,142,0.3874960094690323,142,0.0
3018,18,30,0.9450000000000001,0.5850000000000001,136,-0.7421223521232605,142,0.42150990664958954,142,0.0
3019,19,30,0.915,0.5850000000000001,131,-0.7296537160873413,142,0.5698170959949493,142,0.0
3020,20,30,0.885,0.5850000000000001,114,-0.7160421013832092,142,0.7295263111591339,142,0.02199999988079071
3021,21,30,0.855,0.5850000000000001,139,-0.6626265645027161,142,0.9443211555480957,142,0.10000000149011612
3022,22,30,0.8250000000000001,0.5850000000000001,142,-0.635472446680069,142,1.0067182183265686,142,0.10000000149011612
3023,23,30,0.795,0.5850000000000001,142,-0.5145081877708435,142,0.5300714373588562,142,0.0
3024,24,30,0.765,0.5850000000000001,142,-0.5127230584621429,142,0.052425265312194824,142,0.0
3025,25,30,0.735,0.5850000000000001,142,-0.511880099773407,142,0.03891289234161377,142,0.0
3026,26,30,0.7050000000000001,0.5850000000000001,142,-0.5107489228248596,142,0.03221382573246956,142,0.0
3027,27,30,0.675,0.5850000000000001,142,-0.5098430216312408,142,0.02463021967560053,142,0.0
3028,28,30,0.645,0.5850000000000001,142,-0.5092673599720001,142,0.015874404460191727,142,0.0
3029,29,30,0.615,0.5850000000000001,142,-0.5089829862117767,142,0.020623628050088882,142,0.0
3030,30,30,0.5850000000000001,0.5850000000000001,142,-0.5088542401790619,142,0.01649955939501524,142,0.0
3031,31,30,0.555,0.5850000000000001,142,-0.5087484419345856,142,0.017438937909901142,142,0.0
3032,32,30,0.525,0.5850000000000001,142,-0.5087484419345856,142,0.024581451900303364,142,0.0
3033,33,30,0.4950000000000001,0.5850000000000001,142,-0.508660227060318,142,0.03308703564107418,142,0.0
3034,34,30,0.4650000000000001,0.5850000000000001,142,-0.5091949701309204,142,0.03262348845601082,142,0.0
3035,35,30,0.43500000000000005,0.5850000000000001,142,-0.5092983245849609,142,0.020039455965161324,142,0.0
3036,36,30,0.405,0.5850000000000001,142,-0.5098351538181305,142,0.017469624057412148,142,0.0
3037,37,30,0.375,0.5850000000000001,142,-0.5108837783336639,142,0.02094060182571411,142,0.0
3038,38,30,0.345,0.5850000000000001,142,-0.5108244717121124,142,0.02050797175616026,142,0.0
3039,39,30,0.31499999999999995,0.5850000000000001,142,-0.5108837783336639,142,0.01777187269181013,142,0.0
3040,40,30,0.28500000000000014,0.5850000000000001,142,-0.5108827650547028,142,0.01864025928080082,142,0.0
3041,41,30,0.2550000000000001,0.5850000000000001,142,-0.5106947720050812,142,0.019553800113499165,142,0.0
3042,42,30,0.2250000000000001,0.5850000000000001,142,-0.5105168521404266,142,0.01563280774280429,142,0.0
3043,43,30,0.19500000000000006,0.5850000000000001,142,-0.510371744632721,142,0.02011507749557495,142,0.0
3044,44,30,0.16500000000000004,0.5850000000000001,142,-0.5097748935222626,142,0.027483987621963024,142,0.0
3045,45,30,0.135,0.5850000000000001,142,-0.5093377828598022,142,0.029321526177227497,142,0.0
3046,46,30,0.10499999999999998,0.5850000000000001,142,-0.5087620615959167,142,0.025604519993066788,142,0.0
3047,47,30,0.07499999999999996,0.5850000000000001,142,-0.5084981918334961,142,0.020715298131108284,142,0.0
3048,48,30,0.04500000000000015,0.5850000000000001,142,-0.5084286630153656,142,0.017405053600668907,142,0.0
3049,49,30,0.015000000000000124,0.5850000000000001,142,-0.5083600282669067,142,0.016495089046657085,142,0.0
3050,50,30,-0.014999999999999902,0.5850000000000001,142,-0.5083600282669067,142,0.01624971628189087,142,0.0
3051,51,30,-0.04499999999999993,0.5850000000000001,142,-0.5084286630153656,142,0.016891729086637497,142,0.0
3052,52,30,-0.07499999999999996,0.5850000000000001,142,-0.5084827542304993,142,0.01715044490993023,142,0.0
3053,53,30,-0.10499999999999998,0.5850000000000001,142,-0.508738100528717,142,0.021102041006088257,142,0.0
3054,54,30,-0.135,0.5850000000000001,142,-0.5093651115894318,142,0.02314994763582945,142,0.0
3055,55,30,-0.16500000000000004,0.5850000000000001,142,-0.5098589956760406,142,0.02009868621826172,142,0.0
3056,56,30,-0.19499999999999984,0.5850000000000001,142,-0.5099282562732697,142,0.0220616664737463,142,0.0
3057,57,30,-0.22499999999999987,0.5850000000000001,142,-0.5095199942588806,142,0.02465025708079338,142,0.0
3058,58,30,-0.2549999999999999,0.5850000000000001,142,-0.5083384215831757,142,0.030293814837932587,142,0.0
3059,59,30,-0.2849999999999999,0.5850000000000001,142,-0.5077063739299774,142,0.02498504053801298,142,0.0
3060,60,30,-0.31499999999999995,0.5850000000000001,142,-0.5070453584194183,142,0.0362887978553772,142,0.0
3061,61,30,-0.345,0.5850000000000001,142,-0.5057011842727661,142,0.038992952555418015,142,0.0
3062,62,30,-0.375,0.5850000000000001,142,-0.5042381882667542,142,0.02009570598602295,142,0.0
3063,63,30,-0.405,0.5850000000000001,142,-0.5041106343269348,142,0.0049211448058485985,142,0.0
3064,64,30,-0.43499999999999983,0.5850000000000001,142,-0.5040634870529175,142,0.0008134800882544369,142,0.0
3065,65,30,-0.46499999999999986,0.5850000000000001,142,-0.5040069222450256,142,0.0,142,0.0
3066,66,30,-0.4949999999999999,0.5850000000000001,142,-0.5039925575256348,142,0.0,142,0.0
3067,67,30,-0.5249999999999999,0.5850000000000001,142,-0.5039808750152588,142,0.0006740442768204957,142,0.0
3068,68,30,-0.5549999999999997,0.5850000000000001,142,-0.5039925575256348,142,0.00075703309266828,142,0.0
3069,69,30,-0.585,0.5850000000000001,142,-0.5039933025836945,142,0.005520529812201858,142,0.0
3070,70,30,-0.6149999999999998,0.5850000000000001,142,-0.504174530506134,142,0.018193195573985577,142,0.0
3071,71,30,-0.645,0.5850000000000001,142,-0.5045208930969238,142,0.017359847202897072,142,0.0
3072,72,30,-0.6749999999999998,0.5850000000000001,142,-0.5044596195220947,142,0.01645634602755308,142,0.0
3073,73,30,-0.7050000000000001,0.5850000000000001,142,-0.5042954683303833,142,0.00882903952151537,142,0.0
3074,74,30,-0.7349999999999999,0.5850000000000001,142,-0.5041515231132507,142,0.006818303605541587,142,0.0
3075,75,30,-0.7650000000000001,0.5850000000000001,142,-0.5040853321552277,142,0.0065600567031651735,142,0.0
3076,76,30,-0.7949999999999999,0.5850000000000001,142,-0.5040918588638306,142,0.0006407499313354492,142,0.0
3077,77,30,-0.8249999999999997,0.5850000000000001,142,-0.5040555894374847,142,0.0006407499313354492,142,0.0
3078,78,30,-0.855,0.5850000000000001,142,-0.5040555894374847,142,0.0017778784385882318,142,0.0
3079,79,30,-0.8849999999999998,0.5850000000000001,142,-0.5040833055973053,142,0.007637842325493693,142,0.0
3080,80,30,-0.915,0.5850000000000001,142,-0.5041360855102539,142,0.007919967407360673,142,0.0
3081,81,30,-0.9449999999999998,0.5850000000000001,142,-0.5041670799255371,142,0.007977713597938418,142,0.0
3082,82,30,-0.9750000000000001,0.5850000000000001,142,-0.5038259923458099,142,0.010491410735994577,142,0.0
3083,83,30,-1.005,0.5850000000000001,142,-0.5034285187721252,142,0.01375029468908906,142,0.0
3084,84,30,-1.0349999999999997,0.5850000000000001,142,-0.5027970373630524,142,0.013631582260131836,142,0.0
3085,85,30,-1.065,0.5850000000000001,142,-0.5026313662528992,142,0.008713205344974995,142,0.0
3086,86,30,-1.0949999999999998,0.5850000000000001,142,-0.5023819506168365,142,0.0,142,0.0
3087,87,30,-1.125,0.5850000000000001,130,-0.5023150444030762,142,0.0,142,0.0
3088,88,30,-1.1549999999999998,0.5850000000000001,25,-0.5022847056388855,142,0.0,142,0.02199999988079071
3089,89,30,-1.185,0.5850000000000001,0,nan,142,0.0,142,0.02199999988079071
3090,90,30,-1.2149999999999999,0.5850000000000001,0,nan,142,0.0,142,0.02199999988079071
3091,91,30,-1.245,0.5850000000000001,0,nan,142,0.0,142,0.02199999988079071
3092,92,30,-1.275,0.5850000000000001,0,nan,142,0.0,142,0.02199999988079071
3093,93,30,-1.3049999999999997,0.5850000000000001,0,nan,142,0.0,142,0.02199999988079071
3094,94,30,-1.335,0.5850000000000001,0,nan,142,0.0,142,0.02199999988079071
3095,95,30,-1.3649999999999998,0.5850000000000001,0,nan,142,0.0,142,0.02199999988079071
3096,96,30,-1.395,0.5850000000000001,0,nan,142,0.0,142,0.02199999988079071
3097,97,30,-1.4249999999999998,0.5850000000000001,0,nan,142,0.0,142,0.0
3098,98,30,-1.455,0.5850000000000001,0,nan,142,0.0,142,0.0
3099,99,30,-1.4849999999999999,0.5850000000000001,0,nan,142,0.0,142,0.0
3100,0,31,1.485,0.555,0,nan,142,0.0,142,0.0
3101,1,31,1.455,0.555,0,nan,142,0.0,142,0.0
3102,2,31,1.425,0.555,0,nan,142,0.0,142,0.0
3103,3,31,1.395,0.555,0,nan,142,0.0,142,0.02199999988079071
3104,4,31,1.365,0.555,0,nan,142,0.0,142,0.02199999988079071
3105,5,31,1.335,0.555,0,nan,142,0.0,142,0.02199999988079071
3106,6,31,1.305,0.555,0,nan,142,0.0,142,0.02199999988079071
3107,7,31,1.275,0.555,0,nan,142,0.0,142,0.02199999988079071
3108,8,31,1.245,0.555,0,nan,142,0.0,142,0.02199999988079071
3109,9,31,1.215,0.555,0,nan,142,0.0,142,0.02199999988079071
3110,10,31,1.185,0.555,140,-0.7992427051067352,142,0.0,142,0.0
3111,11,31,1.155,0.555,141,-0.7992388606071472,142,0.0,142,0.0
3112,12,31,1.125,0.555,141,-0.7992388606071472,142,0.0,142,0.0
3113,13,31,1.095,0.555,141,-0.7992388606071472,142,0.18657927215099335,142,0.0
3114,14,31,1.065,0.555,141,-0.7885009050369263,142,0.3783498704433441,142,0.0
3115,15,31,1.0350000000000001,0.555,141,-0.7765933871269226,142,0.37922149896621704,142,0.0
3116,16,31,1.005,0.555,141,-0.7656776309013367,142,0.3725602477788925,142,0.0
3117,17,31,0.975,0.555,142,-0.7542807459831238,142,0.381714403629303,142,0.0
3118,18,31,0.9450000000000001,0.555,142,-0.7432693541049957,142,0.3929336816072464,142,0.0
3119,19,31,0.915,0.555,139,-0.7308028340339661,142,0.4106482267379761,142,0.0
3120,20,31,0.885,0.555,133,-0.7186061143875122,142,0.616742730140686,142,0.0
3121,21,31,0.855,0.555,124,-0.7051648795604706,142,0.7151297330856323,142,0.02199999988079071
3122,22,31,0.8250000000000001,0.555,129,-0.6908608078956604,142,0.9124559164047241,142,0.10000000149011612
3123,23,31,0.795,0.555,142,-0.5648205578327179,142,2.2068240642547607,142,0.10000000149011612
3124,24,31,0.765,0.555,142,-0.5127230584621429,142,1.0102480053901672,142,0.10000000149011612
3125,25,31,0.735,0.555,142,-0.511880099773407,142,0.04522154852747917,142,0.0
3126,26,31,0.7050000000000001,0.555,142,-0.5107489228248596,142,0.03249170631170273,142,0.0
3127,27,31,0.675,0.555,142,-0.5098430216312408,142,0.026787320151925087,142,0.0
3128,28,31,0.645,0.555,142,-0.5092673599720001,142,0.01688748598098755,142,0.0
3129,29,31,0.615,0.555,142,-0.508881002664566,142,0.008076942525804043,142,0.0
3130,30,31,0.5850000000000001,0.555,142,-0.5083619654178619,142,0.0,142,0.0
3131,31,31,0.555,0.555,142,-0.508118599653244,142,0.0,142,0.0
3132,32,31,0.525,0.555,142,-0.508118599653244,142,0.005647043231874704,142,0.0
3133,33,31,0.4950000000000001,0.555,142,-0.5079042315483093,142,0.011580189224332571,142,0.0
3134,34,31,0.4650000000000001,0.555,142,-0.5084491968154907,142,0.015105975791811943,142,0.0
3135,35,31,0.43500000000000005,0.555,142,-0.5089093744754791,142,0.01702911499887705,142,0.0
3136,36,31,0.405,0.555,142,-0.5092600882053375,142,0.009019176475703716,142,0.0
3137,37,31,0.375,0.555,142,-0.5099801123142242,142,0.016178167425096035,142,0.0
3138,38,31,0.345,0.555,142,-0.510271430015564,142,0.012848603073507547,142,0.0
3139,39,31,0.31499999999999995,0.555,142,-0.510271430015564,142,0.00981225073337555,142,0.0
3140,40,31,0.28500000000000014,0.555,142,-0.5103035569190979,142,0.00839764578267932,142,0.0
3141,41,31,0.2550000000000001,0.555,142,-0.5101124346256256,142,0.009748470969498158,142,0.0
3142,42,31,0.2250000000000001,0.555,142,-0.5099356770515442,142,0.009518292732536793,142,0.0
3143,43,31,0.19500000000000006,0.555,142,-0.5096965134143829,142,0.01726001501083374,142,0.0
3144,44,31,0.16500000000000004,0.555,142,-0.5092686712741852,142,0.021742403507232666,142,0.0
3145,45,31,0.135,0.555,142,-0.508840024471283,142,0.028427548706531525,142,0.0
3146,46,31,0.10499999999999998,0.555,142,-0.5083721876144409,142,0.02823476865887642,142,0.0
3147,47,31,0.07499999999999996,0.555,142,-0.5077369809150696,142,0.02184013556689024,142,0.0
3148,48,31,0.04500000000000015,0.555,142,-0.5077167451381683,142,0.015675028320401907,142,0.0
3149,49,31,0.015000000000000124,0.555,142,-0.5077167451381683,142,0.014789898879826069,142,0.0
3150,50,31,-0.014999999999999902,0.555,142,-0.5077167451381683,142,0.013148287776857615,142,0.0
3151,51,31,-0.04499999999999993,0.555,142,-0.5077257752418518,142,0.014224143233150244,142,0.0
3152,52,31,-0.07499999999999996,0.555,142,-0.5078179240226746,142,0.015982977114617825,142,0.0
3153,53,31,-0.10499999999999998,0.555,142,-0.5081832408905029,142,0.027170621789991856,142,0.0
3154,54,31,-0.135,0.555,142,-0.5092417895793915,142,0.029668862000107765,142,0.0
3155,55,31,-0.16500000000000004,0.555,142,-0.5097917914390564,142,0.0238786144182086,142,0.0
3156,56,31,-0.19499999999999984,0.555,142,-0.5098429918289185,142,0.02156195417046547,142,0.0
3157,57,31,-0.22499999999999987,0.555,142,-0.5096520483493805,142,0.02234446443617344,142,0.0
3158,58,31,-0.2549999999999999,0.555,142,-0.5084698498249054,142,0.029419400729238987,142,0.0
3159,59,31,-0.2849999999999999,0.555,142,-0.5076940655708313,142,0.025967762805521488,142,0.0
3160,60,31,-0.31499999999999995,0.555,142,-0.5070257484912872,142,0.03690241277217865,142,0.0
3161,61,31,-0.345,0.555,142,-0.5057011842727661,142,0.04004041291773319,142,0.0
3162,62,31,-0.375,0.555,142,-0.5042088329792023,142,0.019597385078668594,142,0.0
3163,63,31,-0.405,0.555,142,-0.5040187537670135,142,0.0,142,0.0
3164,64,31,-0.43499999999999983,0.555,142,-0.5039973258972168,142,0.0,142,0.0
3165,65,31,-0.46499999999999986,0.555,142,-0.5039896667003632,142,0.0,142,0.0
3166,66,31,-0.4949999999999999,0.555,142,-0.5039681494235992,142,0.0,142,0.0
3167,67,31,-0.5249999999999999,0.555,142,-0.5039428174495697,142,0.0,142,0.0
3168,68,31,-0.5549999999999997,0.555,142,-0.5039459764957428,142,0.0,142,0.0
3169,69,31,-0.585,0.555,142,-0.5039459764957428,142,0.0038681499427184463,142,0.0
3170,70,31,-0.6149999999999998,0.555,142,-0.5040563642978668,142,0.016198058612644672,142,0.0
3171,71,31,-0.645,0.555,142,-0.5043254494667053,142,0.01743418723344803,142,0.0
3172,72,31,-0.6749999999999998,0.555,142,-0.5040903985500336,142,0.021942803636193275,142,0.0
3173,73,31,-0.7050000000000001,0.555,142,-0.503940761089325,142,0.01763603463768959,142,0.0
3174,74,31,-0.7349999999999999,0.555,142,-0.5039124488830566,142,0.011238137260079384,142,0.0
3175,75,31,-0.7650000000000001,0.555,142,-0.5039098262786865,142,0.009948773309588432,142,0.0
3176,76,31,-0.7949999999999999,0.555,142,-0.503914475440979,142,0.009622176643460989,142,0.0
3177,77,31,-0.8249999999999997,0.555,142,-0.503914475440979,142,0.0067427754402160645,142,0.0
3178,78,31,-0.855,0.555,142,-0.5039325654506683,142,0.006430347915738821,142,0.0
3179,79,31,-0.8849999999999998,0.555,142,-0.5039796233177185,142,0.009269898757338524,142,0.0
3180,80,31,-0.915,0.555,142,-0.5041215121746063,142,0.009472389705479145,142,0.0
3181,81,31,-0.9449999999999998,0.555,142,-0.5041470527648926,142,0.008619036991149187,142,0.0
3182,82,31,-0.9750000000000001,0.555,142,-0.5038259923458099,142,0.010126111563295126,142,0.0
3183,83,31,-1.005,0.555,142,-0.5034285187721252,142,0.012773275375366211,142,0.0
3184,84,31,-1.0349999999999997,0.555,142,-0.5027970373630524,142,0.01174272270873189,142,0.0
3185,85,31,-1.065,0.555,142,-0.5026522576808929,142,0.007214230252429843,142,0.0
3186,86,31,-1.0949999999999998,0.555,142,-0.5025447010993958,142,0.00039190053939819336,142,0.0
3187,87,31,-1.125,0.555,130,-0.5025124847888947,142,0.0,142,0.0
3188,88,31,-1.1549999999999998,0.555,25,-0.5026409029960632,142,0.0,142,0.02199999988079071
3189,89,31,-1.185,0.555,0,nan,142,0.0,142,0.02199999988079071
3190,90,31,-1.2149999999999999,0.555,0,nan,142,0.0,142,0.02199999988079071
3191,91,31,-1.245,0.555,0,nan,142,0.0,142,0.02199999988079071
3192,92,31,-1.275,0.555,0,nan,142,0.0,142,0.02199999988079071
3193,93,31,-1.3049999999999997,0.555,0,nan,142,0.0,142,0.02199999988079071
3194,94,31,-1.335,0.555,0,nan,142,0.0,142,0.02199999988079071
3195,95,31,-1.3649999999999998,0.555,0,nan,142,0.0,142,0.02199999988079071
3196,96,31,-1.395,0.555,0,nan,142,0.0,142,0.02199999988079071
3197,97,31,-1.4249999999999998,0.555,0,nan,142,0.0,142,0.0
3198,98,31,-1.455,0.555,0,nan,142,0.0,142,0.0
3199,99,31,-1.4849999999999999,0.555,0,nan,142,0.0,142,0.0
3200,0,32,1.485,0.525,0,nan,142,0.0,142,0.0
3201,1,32,1.455,0.525,0,nan,142,0.0,142,0.0
3202,2,32,1.425,0.525,0,nan,142,0.0,142,0.0
3203,3,32,1.395,0.525,0,nan,142,0.0,142,0.02199999988079071
3204,4,32,1.365,0.525,0,nan,142,0.0,142,0.02199999988079071
3205,5,32,1.335,0.525,0,nan,142,0.0,142,0.02199999988079071
3206,6,32,1.305,0.525,0,nan,142,0.0,142,0.02199999988079071
3207,7,32,1.275,0.525,0,nan,142,0.0,142,0.02199999988079071
3208,8,32,1.245,0.525,0,nan,142,0.0,142,0.02199999988079071
3209,9,32,1.215,0.525,0,nan,142,0.0,142,0.02199999988079071
3210,10,32,1.185,0.525,141,-0.7992465496063232,142,0.0,142,0.0
3211,11,32,1.155,0.525,141,-0.7992388606071472,142,0.0,142,0.0
3212,12,32,1.125,0.525,141,-0.7992388606071472,142,0.0,142,0.0
3213,13,32,1.095,0.525,141,-0.7992388606071472,142,0.18157362937927246,142,0.0
3214,14,32,1.065,0.525,141,-0.7885009050369263,142,0.36764462292194366,142,0.0
3215,15,32,1.0350000000000001,0.525,142,-0.7768382132053375,142,0.3753749281167984,142,0.0
3216,16,32,1.005,0.525,141,-0.7660305500030518,142,0.3731602728366852,142,0.0
3217,17,32,0.975,0.525,142,-0.7542807459831238,142,0.3728179931640625,142,0.0
3218,18,32,0.9450000000000001,0.525,142,-0.7437024116516113,142,0.375428169965744,142,0.0
3219,19,32,0.915,0.525,140,-0.7316275537014008,142,0.400288388133049,142,0.0
3220,20,32,0.885,0.525,138,-0.7202197313308716,142,0.421605184674263,142,0.0
3221,21,32,0.855,0.525,137,-0.7064406275749207,142,0.4690641015768051,142,0.0
3222,22,32,0.8250000000000001,0.525,123,-0.6936153769493103,142,0.6989438235759735,142,0.02199999988079071
3223,23,32,0.795,0.525,111,-0.6784427762031555,142,1.0540712475776672,142,0.10000000149011612
3224,24,32,0.765,0.525,142,-0.5132817924022675,142,2.2347739934921265,142,0.10000000149011612
3225,25,32,0.735,0.525,142,-0.5119755864143372,142,0.9405314922332764,142,0.10000000149011612
3226,26,32,0.7050000000000001,0.525,142,-0.5107489228248596,142,0.03947516344487667,142,0.0
3227,27,32,0.675,0.525,142,-0.5098430216312408,142,0.03119607735425234,142,0.0
3228,28,32,0.645,0.525,142,-0.5092673599720001,142,0.024652481079101562,142,0.0
3229,29,32,0.615,0.525,142,-0.508881002664566,142,0.009635587222874165,142,0.0
3230,30,32,0.5850000000000001,0.525,142,-0.5083619654178619,142,0.0,142,0.0
3231,31,32,0.555,0.525,142,-0.5078943967819214,142,0.0,142,0.0
3232,32,32,0.525,0.525,142,-0.5078943967819214,142,0.0,142,0.0
3233,33,32,0.4950000000000001,0.525,142,-0.5078784823417664,142,0.0,142,0.0
3234,34,32,0.4650000000000001,0.525,142,-0.5083619654178619,142,0.0019336740369908512,142,0.0
3235,35,32,0.43500000000000005,0.525,142,-0.5086471140384674,142,0.004771848558448255,142,0.0
3236,36,32,0.405,0.525,142,-0.5088799297809601,142,0.008671978954225779,142,0.0
3237,37,32,0.375,0.525,142,-0.5097723007202148,142,0.015302460175007582,142,0.0
3238,38,32,0.345,0.525,142,-0.5098351538181305,142,0.005356956971809268,142,0.0
3239,39,32,0.31499999999999995,0.525,142,-0.5098828375339508,142,0.002754727960564196,142,0.0
3240,40,32,0.28500000000000014,0.525,142,-0.5098828375339508,142,0.0,142,0.0
3241,41,32,0.2550000000000001,0.525,142,-0.5098614394664764,142,0.002829564269632101,142,0.0
3242,42,32,0.2250000000000001,0.525,142,-0.5096655189990997,142,0.004082918167114258,142,0.0
3243,43,32,0.19500000000000006,0.525,142,-0.5095539391040802,142,0.011504688765853643,142,0.0
3244,44,32,0.16500000000000004,0.525,142,-0.5088803768157959,142,0.020531236194074154,142,0.0
3245,45,32,0.135,0.525,142,-0.5084596872329712,142,0.02653368189930916,142,0.0
3246,46,32,0.10499999999999998,0.525,142,-0.5077869892120361,142,0.024357307702302933,142,0.0
3247,47,32,0.07499999999999996,0.525,142,-0.5073466598987579,142,0.012614233419299126,142,0.0
3248,48,32,0.04500000000000015,0.525,142,-0.5072979927062988,142,0.007387995719909668,142,0.0
3249,49,32,0.015000000000000124,0.525,142,-0.5072979927062988,142,0.0059460599441081285,142,0.0
3250,50,32,-0.014999999999999902,0.525,142,-0.5072979927062988,142,0.003173450706526637,142,0.0
3251,51,32,-0.04499999999999993,0.525,142,-0.5073794722557068,142,0.0073115029372274876,142,0.0
3252,52,32,-0.07499999999999996,0.525,142,-0.5075461864471436,142,0.00956210820004344,142,0.0
3253,53,32,-0.10499999999999998,0.525,142,-0.5078842043876648,142,0.02702135406434536,142,0.0
3254,54,32,-0.135,0.525,142,-0.5089936554431915,142,0.03391396626830101,142,0.0
3255,55,32,-0.16500000000000004,0.525,142,-0.5097754895687103,142,0.024227093905210495,142,0.0
3256,56,32,-0.19499999999999984,0.525,142,-0.5099282562732697,142,0.022047261707484722,142,0.0
3257,57,32,-0.22499999999999987,0.525,142,-0.5097037553787231,142,0.021583128720521927,142,0.0
3258,58,32,-0.2549999999999999,0.525,142,-0.5085446834564209,142,0.026926176622509956,142,0.0
3259,59,32,-0.2849999999999999,0.525,142,-0.507753312587738,142,0.02712273132055998,142,0.0
3260,60,32,-0.31499999999999995,0.525,142,-0.5070899128913879,142,0.039641523733735085,142,0.0
3261,61,32,-0.345,0.525,142,-0.5056638419628143,142,0.04080633260309696,142,0.0
3262,62,32,-0.375,0.525,142,-0.5041873157024384,142,0.019316375255584717,142,0.0
3263,63,32,-0.405,0.525,142,-0.5040069222450256,142,0.0,142,0.0
3264,64,32,-0.43499999999999983,0.525,142,-0.5039896667003632,142,0.0,142,0.0
3265,65,32,-0.46499999999999986,0.525,142,-0.5039428174495697,142,0.0,142,0.0
3266,66,32,-0.4949999999999999,0.525,142,-0.5039227902889252,142,0.0,142,0.0
3267,67,32,-0.5249999999999999,0.525,142,-0.5038953125476837,142,0.0,142,0.0
3268,68,32,-0.5549999999999997,0.525,142,-0.5038003027439117,142,0.0,142,0.0
3269,69,32,-0.585,0.525,142,-0.503695547580719,142,0.00401838927064091,142,0.0
3270,70,32,-0.6149999999999998,0.525,142,-0.5037140846252441,142,0.013877409044653177,142,0.0
3271,71,32,-0.645,0.525,142,-0.5039069652557373,142,0.01977731753140688,142,0.0
3272,72,32,-0.6749999999999998,0.525,142,-0.5035188794136047,142,0.02409382350742817,142,0.0
3273,73,32,-0.7050000000000001,0.525,142,-0.5030821561813354,142,0.01990146841853857,142,0.0
3274,74,32,-0.7349999999999999,0.525,142,-0.5031343698501587,142,0.015704830642789602,142,0.0
3275,75,32,-0.7650000000000001,0.525,142,-0.5032056570053101,142,0.014420008286833763,142,0.0
3276,76,32,-0.7949999999999999,0.525,142,-0.5033128559589386,142,0.016193313524127007,142,0.0
3277,77,32,-0.8249999999999997,0.525,142,-0.503372848033905,142,0.015907983295619488,142,0.0
3278,78,32,-0.855,0.525,142,-0.5034488141536713,142,0.013824995141476393,142,0.0
3279,79,32,-0.8849999999999998,0.525,142,-0.5035094916820526,142,0.01613948494195938,142,0.0
3280,80,32,-0.915,0.525,142,-0.5039069056510925,142,0.014957785606384277,142,0.0
3281,81,32,-0.9449999999999998,0.525,142,-0.504117339849472,142,0.013218679931014776,142,0.0
3282,82,32,-0.9750000000000001,0.525,142,-0.5038259923458099,142,0.01281363656744361,142,0.0
3283,83,32,-1.005,0.525,142,-0.503412663936615,142,0.01328516285866499,142,0.0
3284,84,32,-1.0349999999999997,0.525,142,-0.5027970373630524,142,0.010894735809415579,142,0.0
3285,85,32,-1.065,0.525,142,-0.5028277933597565,142,0.0024205108638852835,142,0.0
3286,86,32,-1.0949999999999998,0.525,142,-0.5028061270713806,142,0.0,142,0.0
3287,87,32,-1.125,0.525,130,-0.5026602149009705,142,0.0,142,0.0
3288,88,32,-1.1549999999999998,0.525,25,-0.5026409029960632,142,0.0,142,0.02199999988079071
3289,89,32,-1.185,0.525,0,nan,142,0.0,142,0.02199999988079071
3290,90,32,-1.2149999999999999,0.525,0,nan,142,0.0,142,0.02199999988079071
3291,91,32,-1.245,0.525,0,nan,142,0.0,142,0.02199999988079071
3292,92,32,-1.275,0.525,0,nan,142,0.0,142,0.02199999988079071
3293,93,32,-1.3049999999999997,0.525,0,nan,142,0.0,142,0.02199999988079071
3294,94,32,-1.335,0.525,0,nan,142,0.0,142,0.02199999988079071
3295,95,32,-1.3649999999999998,0.525,0,nan,142,0.0,142,0.02199999988079071
3296,96,32,-1.395,0.525,0,nan,142,0.0,142,0.02199999988079071
3297,97,32,-1.4249999999999998,0.525,0,nan,142,0.0,142,0.0
3298,98,32,-1.455,0.525,0,nan,142,0.0,142,0.0
3299,99,32,-1.4849999999999999,0.525,0,nan,142,0.0,142,0.0
3300,0,33,1.485,0.4950000000000001,0,nan,142,0.0,142,0.0
3301,1,33,1.455,0.4950000000000001,0,nan,142,0.0,142,0.0
3302,2,33,1.425,0.4950000000000001,0,nan,142,0.0,142,0.0
3303,3,33,1.395,0.4950000000000001,0,nan,142,0.0,142,0.02199999988079071
3304,4,33,1.365,0.4950000000000001,0,nan,142,0.0,142,0.02199999988079071
3305,5,33,1.335,0.4950000000000001,0,nan,142,0.0,142,0.02199999988079071
3306,6,33,1.305,0.4950000000000001,0,nan,142,0.0,142,0.02199999988079071
3307,7,33,1.275,0.4950000000000001,0,nan,142,0.0,142,0.02199999988079071
3308,8,33,1.245,0.4950000000000001,0,nan,142,0.0,142,0.02199999988079071
3309,9,33,1.215,0.4950000000000001,0,nan,142,0.0,142,0.02199999988079071
3310,10,33,1.185,0.4950000000000001,141,-0.799151599407196,142,0.0,142,0.0
3311,11,33,1.155,0.4950000000000001,140,-0.7991180121898651,142,0.0,142,0.0
3312,12,33,1.125,0.4950000000000001,141,-0.7990844249725342,142,0.0,142,0.0
3313,13,33,1.095,0.4950000000000001,141,-0.7990844249725342,142,0.18006175011396408,142,0.0
3314,14,33,1.065,0.4950000000000001,141,-0.7884434461593628,142,0.35715147852897644,142,0.0
3315,15,33,1.0350000000000001,0.4950000000000001,142,-0.7770758271217346,142,0.36350029706954956,142,0.0
3316,16,33,1.005,0.4950000000000001,142,-0.7661590278148651,142,0.36465416848659515,142,0.0
3317,17,33,0.975,0.4950000000000001,142,-0.7544861137866974,142,0.36232520639896393,142,0.0
3318,18,33,0.9450000000000001,0.4950000000000001,142,-0.7445080578327179,142,0.3705000579357147,142,0.0
3319,19,33,0.915,0.4950000000000001,141,-0.7325414419174194,142,0.37690019607543945,142,0.0
3320,20,33,0.885,0.4950000000000001,139,-0.7207888960838318,142,0.4278704524040222,142,0.0
3321,21,33,0.855,0.4950000000000001,138,-0.7073405981063843,142,0.43816258013248444,142,0.0
3322,22,33,0.8250000000000001,0.4950000000000001,137,-0.6941092610359192,142,0.43627768754959106,142,0.0
3323,23,33,0.795,0.4950000000000001,135,-0.6799929738044739,142,1.1515133380889893,142,0.10000000149011612
3324,24,33,0.765,0.4950000000000001,114,-0.6661001443862915,142,2.17643666267395,142,0.10000000149011612
3325,25,33,0.735,0.4950000000000001,140,-0.5122604072093964,142,2.3720752000808716,142,0.10000000149011612
3326,26,33,0.7050000000000001,0.4950000000000001,142,-0.5108307003974915,142,0.902179628610611,142,0.10000000149011612
3327,27,33,0.675,0.4950000000000001,142,-0.5098430216312408,142,0.0790029764175415,142,0.0
3328,28,33,0.645,0.4950000000000001,142,-0.5092673599720001,142,0.03954271413385868,142,0.0
3329,29,33,0.615,0.4950000000000001,142,-0.508881002664566,142,0.024927656166255474,142,0.0
3330,30,33,0.5850000000000001,0.4950000000000001,142,-0.5083619654178619,142,0.0,142,0.0
3331,31,33,0.555,0.4950000000000001,142,-0.5078784823417664,142,0.0,142,0.0
3332,32,33,0.525,0.4950000000000001,142,-0.5078784823417664,142,0.0,142,0.0
3333,33,33,0.4950000000000001,0.4950000000000001,142,-0.5077104270458221,142,0.0,142,0.0
3334,34,33,0.4650000000000001,0.4950000000000001,142,-0.5080786645412445,142,0.0004659096448449418,142,0.0
3335,35,33,0.43500000000000005,0.4950000000000001,142,-0.5083141028881073,142,0.0010669231705833226,142,0.0
3336,36,33,0.405,0.4950000000000001,142,-0.5088241100311279,142,0.009029110427945852,142,0.0
3337,37,33,0.375,0.4950000000000001,142,-0.5096160173416138,142,0.012399256229400635,142,0.0
3338,38,33,0.345,0.4950000000000001,142,-0.5096233487129211,142,0.010347348637878895,142,0.0
3339,39,33,0.31499999999999995,0.4950000000000001,142,-0.5096655189990997,142,0.00573487370274961,142,0.0
3340,40,33,0.28500000000000014,0.4950000000000001,142,-0.5096655189990997,142,0.0020906328572891653,142,0.0
3341,41,33,0.2550000000000001,0.4950000000000001,142,-0.5096655189990997,142,0.005170206073671579,142,0.0
3342,42,33,0.2250000000000001,0.4950000000000001,142,-0.5096032321453094,142,0.005082289222627878,142,0.0
3343,43,33,0.19500000000000006,0.4950000000000001,142,-0.5094506740570068,142,0.01417696475982666,142,0.0
3344,44,33,0.16500000000000004,0.4950000000000001,142,-0.5087820887565613,142,0.02060995250940323,142,0.0
3345,45,33,0.135,0.4950000000000001,142,-0.5081685781478882,142,0.025259454734623432,142,0.0
3346,46,33,0.10499999999999998,0.4950000000000001,142,-0.5073872208595276,142,0.018593613989651203,142,0.0
3347,47,33,0.07499999999999996,0.4950000000000001,142,-0.5070345103740692,142,0.0041604043217375875,142,0.0
3348,48,33,0.04500000000000015,0.4950000000000001,142,-0.5070345103740692,142,0.0,142,0.0
3349,49,33,0.015000000000000124,0.4950000000000001,142,-0.5070616006851196,142,0.0,142,0.0
3350,50,33,-0.014999999999999902,0.4950000000000001,142,-0.5070616006851196,142,0.0,142,0.0
3351,51,33,-0.04499999999999993,0.4950000000000001,142,-0.507103830575943,142,4.4206779421074316e-05,142,0.0
3352,52,33,-0.07499999999999996,0.4950000000000001,142,-0.5073872208595276,142,0.007633864879608154,142,0.0
3353,53,33,-0.10499999999999998,0.4950000000000001,142,-0.5077361464500427,142,0.02233802154660225,142,0.0
3354,54,33,-0.135,0.4950000000000001,142,-0.5088351666927338,142,0.03400406986474991,142,0.0
3355,55,33,-0.16500000000000004,0.4950000000000001,142,-0.5096070468425751,142,0.02500041015446186,142,0.0
3356,56,33,-0.19499999999999984,0.4950000000000001,142,-0.5098731219768524,142,0.022706739604473114,142,0.0
3357,57,33,-0.22499999999999987,0.4950000000000001,142,-0.5096667110919952,142,0.02091825008392334,142,0.0
3358,58,33,-0.2549999999999999,0.4950000000000001,142,-0.5086781084537506,142,0.02265934646129608,142,0.0
3359,59,33,-0.2849999999999999,0.4950000000000001,142,-0.5078592598438263,142,0.028126279823482037,142,0.0
3360,60,33,-0.31499999999999995,0.4950000000000001,142,-0.5070899128913879,142,0.044510677456855774,142,0.0
3361,61,33,-0.345,0.4950000000000001,142,-0.5056171119213104,142,0.044368309900164604,142,0.0
3362,62,33,-0.375,0.4950000000000001,142,-0.5041873157024384,142,0.019806127063930035,142,0.0
3363,63,33,-0.405,0.4950000000000001,142,-0.5040069222450256,142,0.0,142,0.0
3364,64,33,-0.43499999999999983,0.4950000000000001,142,-0.5039681494235992,142,0.0,142,0.0
3365,65,33,-0.46499999999999986,0.4950000000000001,142,-0.5039227902889252,142,0.0,142,0.0
3366,66,33,-0.4949999999999999,0.4950000000000001,142,-0.5039227902889252,142,0.0,142,0.0
3367,67,33,-0.5249999999999999,0.4950000000000001,142,-0.5038953125476837,142,0.0,142,0.0
3368,68,33,-0.5549999999999997,0.4950000000000001,142,-0.5037468671798706,142,0.0,142,0.0
3369,69,33,-0.585,0.4950000000000001,142,-0.503613293170929,142,0.002150121086742729,142,0.0
3370,70,33,-0.6149999999999998,0.4950000000000001,142,-0.5036531090736389,142,0.008212525863200426,142,0.0
3371,71,33,-0.645,0.4950000000000001,142,-0.5037756264209747,142,0.011704473290592432,142,0.0
3372,72,33,-0.6749999999999998,0.4950000000000001,142,-0.5030742585659027,142,0.013658854179084301,142,0.0
3373,73,33,-0.7050000000000001,0.4950000000000001,142,-0.5028299689292908,142,0.005405147792771459,142,0.0
3374,74,33,-0.7349999999999999,0.4950000000000001,142,-0.5028652846813202,142,0.0024158459855243564,142,0.0
3375,75,33,-0.7650000000000001,0.4950000000000001,142,-0.5028029978275299,142,0.000998874515062198,142,0.0
3376,76,33,-0.7949999999999999,0.4950000000000001,142,-0.5029250979423523,142,0.004705296130850911,142,0.0
3377,77,33,-0.8249999999999997,0.4950000000000001,142,-0.5030000507831573,142,0.007550418376922607,142,0.0
3378,78,33,-0.855,0.4950000000000001,142,-0.5030533671379089,142,0.008005897514522076,142,0.0
3379,79,33,-0.8849999999999998,0.4950000000000001,142,-0.5030533671379089,142,0.013414522167295218,142,0.0
3380,80,33,-0.915,0.4950000000000001,142,-0.5034510791301727,142,0.017288952134549618,142,0.0
3381,81,33,-0.9449999999999998,0.4950000000000001,142,-0.50384920835495,142,0.014848965220153332,142,0.0
3382,82,33,-0.9750000000000001,0.4950000000000001,142,-0.5036604702472687,142,0.0163215771317482,142,0.0
3383,83,33,-1.005,0.4950000000000001,142,-0.5033117234706879,142,0.019271880388259888,142,0.0
3384,84,33,-1.0349999999999997,0.4950000000000001,142,-0.5027523934841156,142,0.012655189726501703,142,0.0
3385,85,33,-1.065,0.4950000000000001,142,-0.5028331577777863,142,0.0,142,0.0
3386,86,33,-1.0949999999999998,0.4950000000000001,142,-0.5028277933597565,142,0.0,142,0.0
3387,87,33,-1.125,0.4950000000000001,130,-0.5026602149009705,142,0.0,142,0.0
3388,88,33,-1.1549999999999998,0.4950000000000001,25,-0.5026409029960632,142,0.0,142,0.02199999988079071
3389,89,33,-1.185,0.4950000000000001,0,nan,142,0.0,142,0.02199999988079071
3390,90,33,-1.2149999999999999,0.4950000000000001,0,nan,142,0.0,142,0.02199999988079071
3391,91,33,-1.245,0.4950000000000001,0,nan,142,0.0,142,0.02199999988079071
3392,92,33,-1.275,0.4950000000000001,0,nan,142,0.0,142,0.02199999988079071
3393,93,33,-1.3049999999999997,0.4950000000000001,0,nan,142,0.0,142,0.02199999988079071
3394,94,33,-1.335,0.4950000000000001,0,nan,142,0.0,142,0.02199999988079071
3395,95,33,-1.3649999999999998,0.4950000000000001,0,nan,142,0.0,142,0.02199999988079071
3396,96,33,-1.395,0.4950000000000001,0,nan,142,0.0,142,0.02199999988079071
3397,97,33,-1.4249999999999998,0.4950000000000001,0,nan,142,0.0,142,0.0
3398,98,33,-1.455,0.4950000000000001,0,nan,142,0.0,142,0.0
3399,99,33,-1.4849999999999999,0.4950000000000001,0,nan,142,0.0,142,0.0
3400,0,34,1.485,0.4650000000000001,0,nan,142,0.0,142,0.0
3401,1,34,1.455,0.4650000000000001,0,nan,142,0.0,142,0.0
3402,2,34,1.425,0.4650000000000001,0,nan,142,0.0,142,0.0
3403,3,34,1.395,0.4650000000000001,0,nan,142,0.0,142,0.02199999988079071
3404,4,34,1.365,0.4650000000000001,0,nan,142,0.0,142,0.02199999988079071
3405,5,34,1.335,0.4650000000000001,0,nan,142,0.0,142,0.02199999988079071
3406,6,34,1.305,0.4650000000000001,0,nan,142,0.0,142,0.02199999988079071
3407,7,34,1.275,0.4650000000000001,0,nan,142,0.0,142,0.02199999988079071
3408,8,34,1.245,0.4650000000000001,0,nan,142,0.0,142,0.02199999988079071
3409,9,34,1.215,0.4650000000000001,0,nan,142,0.0,142,0.02199999988079071
3410,10,34,1.185,0.4650000000000001,141,-0.7987194657325745,142,0.0,142,0.0
3411,11,34,1.155,0.4650000000000001,141,-0.7987194657325745,142,0.0,142,0.0
3412,12,34,1.125,0.4650000000000001,142,-0.7986511588096619,142,0.0,142,0.0
3413,13,34,1.095,0.4650000000000001,142,-0.7986511588096619,142,0.1763882040977478,142,0.0
3414,14,34,1.065,0.4650000000000001,142,-0.7884256541728973,142,0.34338682889938354,142,0.0
3415,15,34,1.0350000000000001,0.4650000000000001,142,-0.7770240902900696,142,0.3555580973625183,142,0.0
3416,16,34,1.005,0.4650000000000001,142,-0.766104131937027,142,0.3569531738758087,142,0.0
3417,17,34,0.975,0.4650000000000001,142,-0.7553887069225311,142,0.35189709067344666,142,0.0
3418,18,34,0.9450000000000001,0.4650000000000001,142,-0.745001882314682,142,0.3619283437728882,142,0.0
3419,19,34,0.915,0.4650000000000001,141,-0.7333938479423523,142,0.37899166345596313,142,0.0
3420,20,34,0.885,0.4650000000000001,140,-0.7213247716426849,142,0.43286482989788055,142,0.0
3421,21,34,0.855,0.4650000000000001,140,-0.7081872224807739,142,0.4463265687227249,142,0.0
3422,22,34,0.8250000000000001,0.4650000000000001,140,-0.6948994398117065,142,0.43583936989307404,142,0.0
3423,23,34,0.795,0.4650000000000001,138,-0.6810732185840607,142,0.4374927878379822,142,0.0
3424,24,34,0.765,0.4650000000000001,138,-0.6683908700942993,142,1.1167414784431458,142,0.10000000149011612
3425,25,34,0.735,0.4650000000000001,124,-0.6551293134689331,142,2.012577533721924,142,0.10000000149011612
3426,26,34,0.7050000000000001,0.4650000000000001,139,-0.5153524279594421,142,2.3259531259536743,142,0.10000000149011612
3427,27,34,0.675,0.4650000000000001,142,-0.5100290179252625,142,1.1676843166351318,142,0.10000000149011612
3428,28,34,0.645,0.4650000000000001,142,-0.5092673599720001,142,0.14299998432397842,142,0.0
3429,29,34,0.615,0.4650000000000001,142,-0.508881002664566,142,0.04036327078938484,142,0.0
3430,30,34,0.5850000000000001,0.4650000000000001,142,-0.5083619654178619,142,0.025824706070125103,142,0.0
3431,31,34,0.555,0.4650000000000001,142,-0.5078784823417664,142,0.0,142,0.0
3432,32,34,0.525,0.4650000000000001,142,-0.5077997446060181,142,0.0,142,0.0
3433,33,34,0.4950000000000001,0.4650000000000001,142,-0.5076528489589691,142,0.0,142,0.0
3434,34,34,0.4650000000000001,0.4650000000000001,142,-0.5078784823417664,142,0.001113613456254825,142,0.0
3435,35,34,0.43500000000000005,0.4650000000000001,142,-0.5078944265842438,142,0.002855062484741211,142,0.0
3436,36,34,0.405,0.4650000000000001,142,-0.5084248185157776,142,0.010483463760465384,142,0.0
3437,37,34,0.375,0.4650000000000001,142,-0.5094012022018433,142,0.01588686741888523,142,0.0
3438,38,34,0.345,0.4650000000000001,142,-0.5094012022018433,142,0.008687094552442431,142,0.0
3439,39,34,0.31499999999999995,0.4650000000000001,142,-0.5094667673110962,142,0.009464516304433346,142,0.0
3440,40,34,0.28500000000000014,0.4650000000000001,142,-0.5093479156494141,142,0.004689395427703857,142,0.0
3441,41,34,0.2550000000000001,0.4650000000000001,142,-0.5093479156494141,142,0.008302927250042558,142,0.0
3442,42,34,0.2250000000000001,0.4650000000000001,142,-0.509198784828186,142,0.00820709252730012,142,0.0
3443,43,34,0.19500000000000006,0.4650000000000001,142,-0.5088951289653778,142,0.01224130392074585,142,0.0
3444,44,34,0.16500000000000004,0.4650000000000001,142,-0.5082072913646698,142,0.02004794217646122,142,0.0
3445,45,34,0.135,0.4650000000000001,142,-0.5077816247940063,142,0.018737176433205605,142,0.0
3446,46,34,0.10499999999999998,0.4650000000000001,142,-0.5071271657943726,142,0.007646108511835337,142,0.0
3447,47,34,0.07499999999999996,0.4650000000000001,142,-0.506961315870285,142,0.0,142,0.0
3448,48,34,0.04500000000000015,0.4650000000000001,142,-0.506961315870285,142,0.0,142,0.0
3449,49,34,0.015000000000000124,0.4650000000000001,142,-0.506966769695282,142,0.0,142,0.0
3450,50,34,-0.014999999999999902,0.4650000000000001,142,-0.506994217634201,142,0.0,142,0.0
3451,51,34,-0.04499999999999993,0.4650000000000001,142,-0.5070128738880157,142,0.0,142,0.0
3452,52,34,-0.07499999999999996,0.4650000000000001,142,-0.5072101056575775,142,0.0050301754381507635,142,0.0
3453,53,34,-0.10499999999999998,0.4650000000000001,142,-0.5076558291912079,142,0.02012445591390133,142,0.0
3454,54,34,-0.135,0.4650000000000001,142,-0.5086571872234344,142,0.033738790079951286,142,0.0
3455,55,34,-0.16500000000000004,0.4650000000000001,142,-0.5094627737998962,142,0.0238786144182086,142,0.0
3456,56,34,-0.19499999999999984,0.4650000000000001,142,-0.5098429918289185,142,0.022817324846982956,142,0.0
3457,57,34,-0.22499999999999987,0.4650000000000001,142,-0.5096667110919952,142,0.017619142308831215,142,0.0
3458,58,34,-0.2549999999999999,0.4650000000000001,142,-0.508677065372467,142,0.023868204094469547,142,0.0
3459,59,34,-0.2849999999999999,0.4650000000000001,142,-0.5078592598438263,142,0.030039561912417412,142,0.0
3460,60,34,-0.31499999999999995,0.4650000000000001,142,-0.507013201713562,142,0.043908534571528435,142,0.0
3461,61,34,-0.345,0.4650000000000001,142,-0.5053899586200714,142,0.044548964127898216,142,0.0
3462,62,34,-0.375,0.4650000000000001,142,-0.5041516423225403,142,0.02449615951627493,142,0.0
3463,63,34,-0.405,0.4650000000000001,142,-0.5039928257465363,142,0.0,142,0.0
3464,64,34,-0.43499999999999983,0.4650000000000001,142,-0.5039428174495697,142,0.0,142,0.0
3465,65,34,-0.46499999999999986,0.4650000000000001,142,-0.5038953125476837,142,0.0,142,0.0
3466,66,34,-0.4949999999999999,0.4650000000000001,142,-0.5039227902889252,142,0.0,142,0.0
3467,67,34,-0.5249999999999999,0.4650000000000001,142,-0.5038953125476837,142,0.0034327309112995863,142,0.0
3468,68,34,-0.5549999999999997,0.4650000000000001,142,-0.5038003027439117,142,0.006084052845835686,142,0.0
3469,69,34,-0.585,0.4650000000000001,142,-0.5036007165908813,142,0.006449521519243717,142,0.0
3470,70,34,-0.6149999999999998,0.4650000000000001,142,-0.5036227107048035,142,0.008190787397325039,142,0.0
3471,71,34,-0.645,0.4650000000000001,142,-0.5037273168563843,142,0.007418294670060277,142,0.0
3472,72,34,-0.6749999999999998,0.4650000000000001,142,-0.5030514001846313,142,0.007393459556624293,142,0.0
3473,73,34,-0.7050000000000001,0.4650000000000001,142,-0.5027723908424377,142,0.0,142,0.0
3474,74,34,-0.7349999999999999,0.4650000000000001,142,-0.5028527081012726,142,0.0,142,0.0
3475,75,34,-0.7650000000000001,0.4650000000000001,142,-0.5028000175952911,142,0.0,142,0.0
3476,76,34,-0.7949999999999999,0.4650000000000001,142,-0.5028622150421143,142,0.0001519918441772461,142,0.0
3477,77,34,-0.8249999999999997,0.4650000000000001,142,-0.5026962459087372,142,0.0037173429736867547,142,0.0
3478,78,34,-0.855,0.4650000000000001,142,-0.5028413534164429,142,0.005682593677192926,142,0.0
3479,79,34,-0.8849999999999998,0.4650000000000001,142,-0.5027940273284912,142,0.008419156074523926,142,0.0
3480,80,34,-0.915,0.4650000000000001,142,-0.503156989812851,142,0.010211850516498089,142,0.0
3481,81,34,-0.9449999999999998,0.4650000000000001,142,-0.5034348964691162,142,0.010702013969421387,142,0.0
3482,82,34,-0.9750000000000001,0.4650000000000001,142,-0.5033307671546936,142,0.01485993480309844,142,0.0
3483,83,34,-1.005,0.4650000000000001,142,-0.5030297935009003,142,0.016314087435603142,142,0.0
3484,84,34,-1.0349999999999997,0.4650000000000001,142,-0.502653032541275,142,0.016137227416038513,142,0.0
3485,85,34,-1.065,0.4650000000000001,142,-0.5028331577777863,142,0.0,142,0.0
3486,86,34,-1.0949999999999998,0.4650000000000001,142,-0.5028277933597565,142,0.0,142,0.0
3487,87,34,-1.125,0.4650000000000001,126,-0.5026602149009705,142,0.0,142,0.0
3488,88,34,-1.1549999999999998,0.4650000000000001,10,-0.5027490556240082,142,0.0,142,0.02199999988079071
3489,89,34,-1.185,0.4650000000000001,0,nan,142,0.0,142,0.02199999988079071
3490,90,34,-1.2149999999999999,0.4650000000000001,0,nan,142,0.0,142,0.02199999988079071
3491,91,34,-1.245,0.4650000000000001,0,nan,142,0.0,142,0.02199999988079071
3492,92,34,-1.275,0.4650000000000001,0,nan,142,0.0,142,0.02199999988079071
3493,93,34,-1.3049999999999997,0.4650000000000001,0,nan,142,0.0,142,0.02199999988079071
3494,94,34,-1.335,0.4650000000000001,0,nan,142,0.0,142,0.02199999988079071
3495,95,34,-1.3649999999999998,0.4650000000000001,0,nan,142,0.0,142,0.02199999988079071
3496,96,34,-1.395,0.4650000000000001,0,nan,142,0.0,142,0.02199999988079071
3497,97,34,-1.4249999999999998,0.4650000000000001,0,nan,142,0.0,142,0.0
3498,98,34,-1.455,0.4650000000000001,0,nan,142,0.0,142,0.0
3499,99,34,-1.4849999999999999,0.4650000000000001,0,nan,142,0.0,142,0.0
3500,0,35,1.485,0.43500000000000005,0,nan,142,0.0,142,0.0
3501,1,35,1.455,0.43500000000000005,0,nan,142,0.0,142,0.0
3502,2,35,1.425,0.43500000000000005,0,nan,142,0.0,142,0.0
3503,3,35,1.395,0.43500000000000005,0,nan,142,0.0,142,0.02199999988079071
3504,4,35,1.365,0.43500000000000005,0,nan,142,0.0,142,0.02199999988079071
3505,5,35,1.335,0.43500000000000005,0,nan,142,0.0,142,0.02199999988079071
3506,6,35,1.305,0.43500000000000005,0,nan,142,0.0,142,0.02199999988079071
3507,7,35,1.275,0.43500000000000005,0,nan,142,0.0,142,0.02199999988079071
3508,8,35,1.245,0.43500000000000005,0,nan,142,0.0,142,0.02199999988079071
3509,9,35,1.215,0.43500000000000005,0,nan,142,0.0,142,0.02199999988079071
3510,10,35,1.185,0.43500000000000005,141,-0.7983875870704651,142,0.0,142,0.0
3511,11,35,1.155,0.43500000000000005,141,-0.7983875870704651,142,0.0,142,0.0
3512,12,35,1.125,0.43500000000000005,141,-0.7983875870704651,142,0.0,142,0.0
3513,13,35,1.095,0.43500000000000005,142,-0.7983517050743103,142,0.16805777698755264,142,0.0
3514,14,35,1.065,0.43500000000000005,142,-0.7880779504776001,142,0.33276331424713135,142,0.0
3515,15,35,1.0350000000000001,0.43500000000000005,142,-0.7765454649925232,142,0.33842822909355164,142,0.0
3516,16,35,1.005,0.43500000000000005,142,-0.766139954328537,142,0.352072536945343,142,0.0
3517,17,35,0.975,0.43500000000000005,142,-0.7553887069225311,142,0.34593839943408966,142,0.0
3518,18,35,0.9450000000000001,0.43500000000000005,142,-0.7451015412807465,142,0.3449403643608093,142,0.0
3519,19,35,0.915,0.43500000000000005,142,-0.7339941561222076,142,0.3747379183769226,142,0.0
3520,20,35,0.885,0.43500000000000005,140,-0.7218205034732819,142,0.43419401347637177,142,0.0
3521,21,35,0.855,0.43500000000000005,140,-0.7084722220897675,142,0.44574061036109924,142,0.0
3522,22,35,0.8250000000000001,0.43500000000000005,140,-0.6949879825115204,142,0.4189387708902359,142,0.0
3523,23,35,0.795,0.43500000000000005,141,-0.6815670132637024,142,0.42838703095912933,142,0.0
3524,24,35,0.765,0.43500000000000005,142,-0.6689503490924835,142,0.41419242322444916,142,0.0
3525,25,35,0.735,0.43500000000000005,141,-0.6558986306190491,142,0.8453537225723267,142,0.061000000685453415
3526,26,35,0.7050000000000001,0.43500000000000005,129,-0.6431658267974854,142,1.8511707782745361,142,0.10000000149011612
3527,27,35,0.675,0.43500000000000005,135,-0.5718080401420593,142,2.179487943649292,142,0.10000000149011612
3528,28,35,0.645,0.43500000000000005,142,-0.5093085765838623,142,1.1352012157440186,142,0.10000000149011612
3529,29,35,0.615,0.43500000000000005,142,-0.5089330673217773,142,0.24829109013080597,142,0.0
3530,30,35,0.5850000000000001,0.43500000000000005,142,-0.5083752572536469,142,0.0467886533588171,142,0.0
3531,31,35,0.555,0.43500000000000005,142,-0.5081181824207306,142,0.022144118323922157,142,0.0
3532,32,35,0.525,0.43500000000000005,142,-0.5077997446060181,142,0.004057708662003279,142,0.0
3533,33,35,0.4950000000000001,0.43500000000000005,142,-0.5076528489589691,142,0.005563293816521764,142,0.0
3534,34,35,0.4650000000000001,0.43500000000000005,142,-0.5078784823417664,142,0.008026675321161747,142,0.0
3535,35,35,0.43500000000000005,0.43500000000000005,142,-0.5079706311225891,142,0.008887030649930239,142,0.0
3536,36,35,0.405,0.43500000000000005,142,-0.5084240436553955,142,0.014745189342647791,142,0.0
3537,37,35,0.375,0.43500000000000005,142,-0.5093198120594025,142,0.014111189171671867,142,0.0
3538,38,35,0.345,0.43500000000000005,142,-0.5092273652553558,142,0.00919252634048462,142,0.0
3539,39,35,0.31499999999999995,0.43500000000000005,142,-0.5092746317386627,142,0.006833175662904978,142,0.0
3540,40,35,0.28500000000000014,0.43500000000000005,142,-0.5090951919555664,142,0.002962350845336914,142,0.0
3541,41,35,0.2550000000000001,0.43500000000000005,142,-0.5090951919555664,142,0.002010166645050049,142,0.0
3542,42,35,0.2250000000000001,0.43500000000000005,142,-0.5089783668518066,142,0.003558397409506142,142,0.0
3543,43,35,0.19500000000000006,0.43500000000000005,142,-0.508771538734436,142,0.010046432260423899,142,0.0
3544,44,35,0.16500000000000004,0.43500000000000005,142,-0.5080836117267609,142,0.010209085419774055,142,0.0
3545,45,35,0.135,0.43500000000000005,142,-0.5076992809772491,142,0.008403117768466473,142,0.0
3546,46,35,0.10499999999999998,0.43500000000000005,142,-0.5070822834968567,142,0.0028242007829248905,142,0.0
3547,47,35,0.07499999999999996,0.43500000000000005,142,-0.5069300532341003,142,0.0,142,0.0
3548,48,35,0.04500000000000015,0.43500000000000005,142,-0.5069300532341003,142,0.0,142,0.0
3549,49,35,0.015000000000000124,0.43500000000000005,142,-0.5069336593151093,142,0.0,142,0.0
3550,50,35,-0.014999999999999902,0.43500000000000005,142,-0.506948709487915,142,0.0,142,0.0
3551,51,35,-0.04499999999999993,0.43500000000000005,142,-0.506966769695282,142,0.0,142,0.0
3552,52,35,-0.07499999999999996,0.43500000000000005,142,-0.5071934461593628,142,0.0033747488632798195,142,0.0
3553,53,35,-0.10499999999999998,0.43500000000000005,142,-0.5076420605182648,142,0.02003411389887333,142,0.0
3554,54,35,-0.135,0.43500000000000005,142,-0.5085738003253937,142,0.03360811620950699,142,0.0
3555,55,35,-0.16500000000000004,0.43500000000000005,142,-0.5093874037265778,142,0.021653374657034874,142,0.0
3556,56,35,-0.19499999999999984,0.43500000000000005,142,-0.509806901216507,142,0.021640664897859097,142,0.0
3557,57,35,-0.22499999999999987,0.43500000000000005,142,-0.5097039341926575,142,0.019144837744534016,142,0.0
3558,58,35,-0.2549999999999999,0.43500000000000005,142,-0.5091512501239777,142,0.022160014137625694,142,0.0
3559,59,35,-0.2849999999999999,0.43500000000000005,142,-0.5081018805503845,142,0.030088715255260468,142,0.0
3560,60,35,-0.31499999999999995,0.43500000000000005,142,-0.5070698857307434,142,0.040716128423810005,142,0.0
3561,61,35,-0.345,0.43500000000000005,142,-0.5058372914791107,142,0.03976770117878914,142,0.0
3562,62,35,-0.375,0.43500000000000005,142,-0.5042088329792023,142,0.025697573088109493,142,0.0
3563,63,35,-0.405,0.43500000000000005,142,-0.5040518343448639,142,0.0,142,0.0
3564,64,35,-0.43499999999999983,0.43500000000000005,142,-0.5039832890033722,142,0.0,142,0.0
3565,65,35,-0.46499999999999986,0.43500000000000005,142,-0.5039681494235992,142,0.0,142,0.0
3566,66,35,-0.4949999999999999,0.43500000000000005,142,-0.5039832890033722,142,0.0,142,0.0
3567,67,35,-0.5249999999999999,0.43500000000000005,142,-0.5040069222450256,142,0.006238252390176058,142,0.0
3568,68,35,-0.5549999999999997,0.43500000000000005,142,-0.5039554238319397,142,0.008750355336815119,142,0.0
3569,69,35,-0.585,0.43500000000000005,142,-0.5035997629165649,142,0.010869416408240795,142,0.0
3570,70,35,-0.6149999999999998,0.43500000000000005,142,-0.5035279095172882,142,0.008973844349384308,142,0.0
3571,71,35,-0.645,0.43500000000000005,142,-0.5033945739269257,142,0.006117167416960001,142,0.0
3572,72,35,-0.6749999999999998,0.43500000000000005,142,-0.5029531121253967,142,0.0034490516409277916,142,0.0
3573,73,35,-0.7050000000000001,0.43500000000000005,142,-0.502740353345871,142,0.0,142,0.0
3574,74,35,-0.7349999999999999,0.43500000000000005,142,-0.5028000175952911,142,0.0,142,0.0
3575,75,35,-0.7650000000000001,0.43500000000000005,142,-0.5027332305908203,142,0.0,142,0.0
3576,76,35,-0.7949999999999999,0.43500000000000005,142,-0.5027332305908203,142,0.0014190872898325324,142,0.0
3577,77,35,-0.8249999999999997,0.43500000000000005,142,-0.5025734603404999,142,0.004349648952484131,142,0.0
3578,78,35,-0.855,0.43500000000000005,142,-0.5027158558368683,142,0.0030959646683186293,142,0.0
3579,79,35,-0.8849999999999998,0.43500000000000005,142,-0.5027158558368683,142,0.007254382129758596,142,0.0
3580,80,35,-0.915,0.43500000000000005,142,-0.5030328035354614,142,0.0035603840369731188,142,0.0
3581,81,35,-0.9449999999999998,0.43500000000000005,142,-0.5033056139945984,142,0.003398458124138415,142,0.0
3582,82,35,-0.9750000000000001,0.43500000000000005,142,-0.5031343698501587,142,0.0017200906877405941,142,0.0
3583,83,35,-1.005,0.43500000000000005,142,-0.5029872357845306,142,0.010428825858980417,142,0.0
3584,84,35,-1.0349999999999997,0.43500000000000005,142,-0.5026417374610901,142,0.01664702780544758,142,0.0
3585,85,35,-1.065,0.43500000000000005,142,-0.5028751194477081,142,0.0,142,0.0
3586,86,35,-1.0949999999999998,0.43500000000000005,142,-0.5028331577777863,142,0.0,142,0.0
3587,87,35,-1.125,0.43500000000000005,69,-0.5027772784233093,142,0.0,142,0.02199999988079071
3588,88,35,-1.1549999999999998,0.43500000000000005,0,nan,142,0.0,142,0.02199999988079071
3589,89,35,-1.185,0.43500000000000005,0,nan,142,0.0,142,0.02199999988079071
3590,90,35,-1.2149999999999999,0.43500000000000005,0,nan,142,0.0,142,0.02199999988079071
3591,91,35,-1.245,0.43500000000000005,0,nan,142,0.0,142,0.02199999988079071
3592,92,35,-1.275,0.43500000000000005,0,nan,142,0.0,142,0.02199999988079071
3593,93,35,-1.3049999999999997,0.43500000000000005,0,nan,142,0.0,142,0.02199999988079071
3594,94,35,-1.335,0.43500000000000005,0,nan,142,0.0,142,0.02199999988079071
3595,95,35,-1.3649999999999998,0.43500000000000005,0,nan,142,0.0,142,0.02199999988079071
3596,96,35,-1.395,0.43500000000000005,0,nan,142,0.0,142,0.02199999988079071
3597,97,35,-1.4249999999999998,0.43500000000000005,0,nan,142,0.0,142,0.0
3598,98,35,-1.455,0.43500000000000005,0,nan,142,0.0,142,0.0
3599,99,35,-1.4849999999999999,0.43500000000000005,0,nan,142,0.0,142,0.0
3600,0,36,1.485,0.405,0,nan,142,0.0,142,0.0
3601,1,36,1.455,0.405,0,nan,142,0.0,142,0.0
3602,2,36,1.425,0.405,0,nan,142,0.0,142,0.0
3603,3,36,1.395,0.405,0,nan,142,0.0,142,0.02199999988079071
3604,4,36,1.365,0.405,0,nan,142,0.0,142,0.02199999988079071
3605,5,36,1.335,0.405,0,nan,142,0.0,142,0.02199999988079071
3606,6,36,1.305,0.405,0,nan,142,0.0,142,0.02199999988079071
3607,7,36,1.275,0.405,0,nan,142,0.0,142,0.02199999988079071
3608,8,36,1.245,0.405,0,nan,142,0.0,142,0.02199999988079071
3609,9,36,1.215,0.405,0,nan,142,0.0,142,0.02199999988079071
3610,10,36,1.185,0.405,141,-0.7980170845985413,142,0.0,142,0.0
3611,11,36,1.155,0.405,141,-0.7980170845985413,142,0.0,142,0.0
3612,12,36,1.125,0.405,141,-0.7980170845985413,142,0.0,142,0.0
3613,13,36,1.095,0.405,142,-0.798009067773819,142,0.16568664461374283,142,0.0
3614,14,36,1.065,0.405,142,-0.787093997001648,142,0.32896822690963745,142,0.0
3615,15,36,1.0350000000000001,0.405,142,-0.7763327062129974,142,0.3263995051383972,142,0.0
3616,16,36,1.005,0.405,142,-0.7658762633800507,142,0.34849902987480164,142,0.0
3617,17,36,0.975,0.405,142,-0.7555141150951385,142,0.34013403952121735,142,0.0
3618,18,36,0.9450000000000001,0.405,142,-0.7450873255729675,142,0.33738067746162415,142,0.0
3619,19,36,0.915,0.405,142,-0.7342901825904846,142,0.3672727048397064,142,0.0
3620,20,36,0.885,0.405,140,-0.7227672934532166,142,0.4339420050382614,142,0.0
3621,21,36,0.855,0.405,140,-0.7085189521312714,142,0.44377295672893524,142,0.0
3622,22,36,0.8250000000000001,0.405,140,-0.695070743560791,142,0.4117707461118698,142,0.0
3623,23,36,0.795,0.405,141,-0.6816698908805847,142,0.4263569861650467,142,0.0
3624,24,36,0.765,0.405,142,-0.6693622171878815,142,0.40749111771583557,142,0.0
3625,25,36,0.735,0.405,142,-0.6570552289485931,142,0.4294845908880234,142,0.0
3626,26,36,0.7050000000000001,0.405,138,-0.6438891887664795,142,0.7297034859657288,142,0.0
3627,27,36,0.675,0.405,129,-0.6290834546089172,142,1.4016132950782776,142,0.10000000149011612
3628,28,36,0.645,0.405,141,-0.563532292842865,142,1.8363734483718872,142,0.10000000149011612
3629,29,36,0.615,0.405,142,-0.5335429310798645,142,0.7317214012145996,142,0.0
3630,30,36,0.5850000000000001,0.405,142,-0.5094804763793945,142,0.25549735128879547,142,0.0
3631,31,36,0.555,0.405,142,-0.5090627670288086,142,0.022144118323922157,142,0.0
3632,32,36,0.525,0.405,142,-0.5085620284080505,142,0.051985183730721474,142,0.0
3633,33,36,0.4950000000000001,0.405,142,-0.5079706311225891,142,0.01931687258183956,142,0.0
3634,34,36,0.4650000000000001,0.405,142,-0.5081933438777924,142,0.005550968460738659,142,0.0
3635,35,36,0.43500000000000005,0.405,142,-0.508377730846405,142,0.0067343313712626696,142,0.0
3636,36,36,0.405,0.405,142,-0.508844405412674,142,0.0107496976852417,142,0.0
3637,37,36,0.375,0.405,142,-0.5094545185565948,142,0.01134723424911499,142,0.0
3638,38,36,0.345,0.405,142,-0.5094124972820282,142,0.007854957599192858,142,0.0
3639,39,36,0.31499999999999995,0.405,142,-0.5094236731529236,142,0.00949949026107788,142,0.0
3640,40,36,0.28500000000000014,0.405,142,-0.509198784828186,142,0.0032876929035410285,142,0.0
3641,41,36,0.2550000000000001,0.405,142,-0.509198784828186,142,0.0009755293431226164,142,0.0
3642,42,36,0.2250000000000001,0.405,142,-0.5089196860790253,142,0.0017717481241561472,142,0.0
3643,43,36,0.19500000000000006,0.405,142,-0.5085608065128326,142,0.0057312981225550175,142,0.0
3644,44,36,0.16500000000000004,0.405,142,-0.5080668926239014,142,0.007348298793658614,142,0.0
3645,45,36,0.135,0.405,142,-0.5076605379581451,142,0.004610758740454912,142,0.0
3646,46,36,0.10499999999999998,0.405,142,-0.5070822834968567,142,0.0016675630467943847,142,0.0
3647,47,36,0.07499999999999996,0.405,142,-0.5069300532341003,142,0.0,142,0.0
3648,48,36,0.04500000000000015,0.405,142,-0.5069300532341003,142,0.0,142,0.0
3649,49,36,0.015000000000000124,0.405,142,-0.5069336593151093,142,0.0,142,0.0
3650,50,36,-0.014999999999999902,0.405,142,-0.506948709487915,142,0.0,142,0.0
3651,51,36,-0.04499999999999993,0.405,142,-0.506966769695282,142,0.0,142,0.0
3652,52,36,-0.07499999999999996,0.405,142,-0.5071934461593628,142,0.00433916668407619,142,0.0
3653,53,36,-0.10499999999999998,0.405,142,-0.5076115131378174,142,0.019723673351109028,142,0.0
3654,54,36,-0.135,0.405,142,-0.508620947599411,142,0.03274083137512207,142,0.0
3655,55,36,-0.16500000000000004,0.405,142,-0.509402334690094,142,0.020261053927242756,142,0.0
3656,56,36,-0.19499999999999984,0.405,142,-0.5095928311347961,142,0.01979003380984068,142,0.0
3657,57,36,-0.22499999999999987,0.405,142,-0.5094528496265411,142,0.016979873180389404,142,0.0
3658,58,36,-0.2549999999999999,0.405,142,-0.5087582767009735,142,0.019203126430511475,142,0.0
3659,59,36,-0.2849999999999999,0.405,142,-0.5080693960189819,142,0.0229251217097044,142,0.0
3660,60,36,-0.31499999999999995,0.405,142,-0.5071972608566284,142,0.036356426775455475,142,0.0
3661,61,36,-0.345,0.405,142,-0.505909651517868,142,0.03669348917901516,142,0.0
3662,62,36,-0.375,0.405,142,-0.5042381882667542,142,0.023227433674037457,142,0.0
3663,63,36,-0.405,0.405,142,-0.5040815472602844,142,0.0,142,0.0
3664,64,36,-0.43499999999999983,0.405,142,-0.5039965808391571,142,0.0,142,0.0
3665,65,36,-0.46499999999999986,0.405,142,-0.5039832890033722,142,0.0,142,0.0
3666,66,36,-0.4949999999999999,0.405,142,-0.5039965808391571,142,0.0,142,0.0
3667,67,36,-0.5249999999999999,0.405,142,-0.5040135383605957,142,0.005205262918025255,142,0.0
3668,68,36,-0.5549999999999997,0.405,142,-0.5039554238319397,142,0.010647376533597708,142,0.0
3669,69,36,-0.585,0.405,142,-0.5035279095172882,142,0.008787214756011963,142,0.0
3670,70,36,-0.6149999999999998,0.405,142,-0.50330451130867,142,0.008896688465029001,142,0.0
3671,71,36,-0.645,0.405,142,-0.5031289160251617,142,0.0078544020652771,142,0.0
3672,72,36,-0.6749999999999998,0.405,142,-0.5029531121253967,142,0.007955733686685562,142,0.0
3673,73,36,-0.7050000000000001,0.405,142,-0.5027182996273041,142,0.0013720709539484233,142,0.0
3674,74,36,-0.7349999999999999,0.405,142,-0.5027903914451599,142,0.001978784508537501,142,0.0
3675,75,36,-0.7650000000000001,0.405,142,-0.5027332305908203,142,0.0016180381062440574,142,0.0
3676,76,36,-0.7949999999999999,0.405,142,-0.5027182996273041,142,0.0051436948124319315,142,0.0
3677,77,36,-0.8249999999999997,0.405,142,-0.5023550987243652,142,0.005574486451223493,142,0.0
3678,78,36,-0.855,0.405,142,-0.5025005340576172,142,0.004273653030395508,142,0.0
3679,79,36,-0.8849999999999998,0.405,142,-0.5025379657745361,142,0.005123028298839927,142,0.0
3680,80,36,-0.915,0.405,142,-0.5027700364589691,142,0.004110733512789011,142,0.0
3681,81,36,-0.9449999999999998,0.405,142,-0.5030938982963562,142,0.003398458124138415,142,0.0
3682,82,36,-0.9750000000000001,0.405,142,-0.5029493868350983,142,0.001138369261752814,142,0.0
3683,83,36,-1.005,0.405,142,-0.5027774572372437,142,0.010389314498752356,142,0.0
3684,84,36,-1.0349999999999997,0.405,142,-0.5026417374610901,142,0.019013582728803158,142,0.0
3685,85,36,-1.065,0.405,142,-0.5029307007789612,142,0.006192690227180719,142,0.0
3686,86,36,-1.0949999999999998,0.405,107,-0.5028244853019714,142,0.0,142,0.0
3687,87,36,-1.125,0.405,0,nan,142,0.0,142,0.02199999988079071
3688,88,36,-1.1549999999999998,0.405,0,nan,142,0.0,142,0.02199999988079071
3689,89,36,-1.185,0.405,0,nan,142,0.0,142,0.02199999988079071
3690,90,36,-1.2149999999999999,0.405,0,nan,142,0.0,142,0.02199999988079071
3691,91,36,-1.245,0.405,0,nan,142,0.0,142,0.02199999988079071
3692,92,36,-1.275,0.405,0,nan,142,0.0,142,0.02199999988079071
3693,93,36,-1.3049999999999997,0.405,0,nan,142,0.0,142,0.02199999988079071
3694,94,36,-1.335,0.405,0,nan,142,0.0,142,0.02199999988079071
3695,95,36,-1.3649999999999998,0.405,0,nan,142,0.0,142,0.02199999988079071
3696,96,36,-1.395,0.405,0,nan,142,0.0,142,0.02199999988079071
3697,97,36,-1.4249999999999998,0.405,0,nan,142,0.0,142,0.0
3698,98,36,-1.455,0.405,0,nan,142,0.0,142,0.0
3699,99,36,-1.4849999999999999,0.405,0,nan,142,0.0,142,0.0
3700,0,37,1.485,0.375,0,nan,142,0.0,142,0.0
3701,1,37,1.455,0.375,0,nan,142,0.0,142,0.0
3702,2,37,1.425,0.375,0,nan,142,0.0,142,0.0
3703,3,37,1.395,0.375,0,nan,142,0.0,142,0.02199999988079071
3704,4,37,1.365,0.375,0,nan,142,0.0,142,0.02199999988079071
3705,5,37,1.335,0.375,0,nan,142,0.0,142,0.02199999988079071
3706,6,37,1.305,0.375,0,nan,142,0.0,142,0.02199999988079071
3707,7,37,1.275,0.375,0,nan,142,0.0,142,0.02199999988079071
3708,8,37,1.245,0.375,0,nan,142,0.0,142,0.02199999988079071
3709,9,37,1.215,0.375,0,nan,142,0.0,142,0.02199999988079071
3710,10,37,1.185,0.375,140,-0.7978236377239227,142,0.0,142,0.0
3711,11,37,1.155,0.375,140,-0.7977780103683472,142,0.0,142,0.0
3712,12,37,1.125,0.375,140,-0.7977780103683472,142,0.0,142,0.0
3713,13,37,1.095,0.375,141,-0.7977650165557861,142,0.1637124866247177,142,0.0
3714,14,37,1.065,0.375,142,-0.7868751287460327,142,0.32966098189353943,142,0.0
3715,15,37,1.0350000000000001,0.375,142,-0.776292622089386,142,0.3197813183069229,142,0.0
3716,16,37,1.005,0.375,142,-0.765682727098465,142,0.35287024080753326,142,0.0
3717,17,37,0.975,0.375,142,-0.7555401623249054,142,0.3472049981355667,142,0.0
3718,18,37,0.9450000000000001,0.375,142,-0.745026022195816,142,0.34006230533123016,142,0.0
3719,19,37,0.915,0.375,142,-0.7343928515911102,142,0.37502141296863556,142,0.0
3720,20,37,0.885,0.375,141,-0.7229638695716858,142,0.42775073647499084,142,0.0
3721,21,37,0.855,0.375,141,-0.7087388038635254,142,0.44227656722068787,142,0.0
3722,22,37,0.8250000000000001,0.375,141,-0.6951504349708557,142,0.40823066234588623,142,0.0
3723,23,37,0.795,0.375,141,-0.6817129254341125,142,0.4254128187894821,142,0.0
3724,24,37,0.765,0.375,142,-0.6694445312023163,142,0.40632452070713043,142,0.0
3725,25,37,0.735,0.375,142,-0.6576173007488251,142,0.4239186644554138,142,0.0
3726,26,37,0.7050000000000001,0.375,140,-0.6441487371921539,142,0.45660409331321716,142,0.0
3727,27,37,0.675,0.375,140,-0.6298636496067047,142,0.7150144875049591,142,0.0
3728,28,37,0.645,0.375,134,-0.6169109046459198,142,1.0863402485847473,142,0.10000000149011612
3729,29,37,0.615,0.375,137,-0.5660833716392517,142,1.2071824073791504,142,0.10000000149011612
3730,30,37,0.5850000000000001,0.375,142,-0.5468121469020844,142,0.6595351994037628,142,0.0
3731,31,37,0.555,0.375,142,-0.5173220038414001,142,0.13003979623317719,142,0.0
3732,32,37,0.525,0.375,142,-0.5160038769245148,142,0.14379697293043137,142,0.0
3733,33,37,0.4950000000000001,0.375,142,-0.5093159973621368,142,0.10413775965571404,142,0.0
3734,34,37,0.4650000000000001,0.375,142,-0.5092819631099701,142,0.0053102069068700075,142,0.0
3735,35,37,0.43500000000000005,0.375,142,-0.508880615234375,142,0.004689691122621298,142,0.0
3736,36,37,0.405,0.375,142,-0.5092233121395111,142,0.0060061614494770765,142,0.0
3737,37,37,0.375,0.375,142,-0.5095383524894714,142,0.009902538266032934,142,0.0
3738,38,37,0.345,0.375,142,-0.5095383524894714,142,0.009319751057773829,142,0.0
3739,39,37,0.31499999999999995,0.375,142,-0.5095383524894714,142,0.012936194892972708,142,0.0
3740,40,37,0.28500000000000014,0.375,142,-0.5094124972820282,142,0.010320823173969984,142,0.0
3741,41,37,0.2550000000000001,0.375,142,-0.5092860162258148,142,0.007954736473038793,142,0.0
3742,42,37,0.2250000000000001,0.375,142,-0.5089783668518066,142,0.00849285488948226,142,0.0
3743,43,37,0.19500000000000006,0.375,142,-0.5085322260856628,142,0.009156267158687115,142,0.0
3744,44,37,0.16500000000000004,0.375,142,-0.5079883933067322,142,0.009214768651872873,142,0.0
3745,45,37,0.135,0.375,142,-0.5076008141040802,142,0.009030649904161692,142,0.0
3746,46,37,0.10499999999999998,0.375,142,-0.5070822834968567,142,0.004018843173980713,142,0.0
3747,47,37,0.07499999999999996,0.375,142,-0.5069300532341003,142,0.0,142,0.0
3748,48,37,0.04500000000000015,0.375,142,-0.5069300532341003,142,0.0,142,0.0
3749,49,37,0.015000000000000124,0.375,142,-0.5069336593151093,142,0.0,142,0.0
3750,50,37,-0.014999999999999902,0.375,142,-0.506948709487915,142,0.0,142,0.0
3751,51,37,-0.04499999999999993,0.375,142,-0.506966769695282,142,0.0,142,0.0
3752,52,37,-0.07499999999999996,0.375,142,-0.5071765780448914,142,0.006863343762233853,142,0.0
3753,53,37,-0.10499999999999998,0.375,142,-0.5076067447662354,142,0.021682752296328545,142,0.0
3754,54,37,-0.135,0.375,142,-0.5086612403392792,142,0.033478936180472374,142,0.0
3755,55,37,-0.16500000000000004,0.375,142,-0.5094263851642609,142,0.020150325261056423,142,0.0
3756,56,37,-0.19499999999999984,0.375,142,-0.5095737874507904,142,0.01895775366574526,142,0.0
3757,57,37,-0.22499999999999987,0.375,142,-0.5094573199748993,142,0.0171670475974679,142,0.0
3758,58,37,-0.2549999999999999,0.375,142,-0.5086735785007477,142,0.019000312313437462,142,0.0
3759,59,37,-0.2849999999999999,0.375,142,-0.507987916469574,142,0.02480127289891243,142,0.0
3760,60,37,-0.31499999999999995,0.375,142,-0.5070984363555908,142,0.030369561165571213,142,0.0
3761,61,37,-0.345,0.375,142,-0.5060579776763916,142,0.028611324727535248,142,0.0
3762,62,37,-0.375,0.375,142,-0.5044191479682922,142,0.023227433674037457,142,0.0
3763,63,37,-0.405,0.375,142,-0.5042465925216675,142,0.0,142,0.0
3764,64,37,-0.43499999999999983,0.375,142,-0.5041873157024384,142,0.0,142,0.0
3765,65,37,-0.46499999999999986,0.375,142,-0.5041539072990417,142,0.0,142,0.0
3766,66,37,-0.4949999999999999,0.375,142,-0.5041539072990417,142,0.0,142,0.0
3767,67,37,-0.5249999999999999,0.375,142,-0.5041785836219788,142,0.009824832435697317,142,0.0
3768,68,37,-0.5549999999999997,0.375,142,-0.5040119886398315,142,0.014767050743103027,142,0.0
3769,69,37,-0.585,0.375,142,-0.5035525858402252,142,0.011301751714199781,142,0.0
3770,70,37,-0.6149999999999998,0.375,142,-0.5032526254653931,142,0.009873155504465103,142,0.0
3771,71,37,-0.645,0.375,142,-0.5029851198196411,142,0.009383301250636578,142,0.0
3772,72,37,-0.6749999999999998,0.375,142,-0.5027903914451599,142,0.007948714308440685,142,0.0
3773,73,37,-0.7050000000000001,0.375,142,-0.5023935735225677,142,0.002145270584151149,142,0.0
3774,74,37,-0.7349999999999999,0.375,142,-0.5024069547653198,142,0.004301468376070261,142,0.0
3775,75,37,-0.7650000000000001,0.375,142,-0.5024530291557312,142,0.006081888219341636,142,0.0
3776,76,37,-0.7949999999999999,0.375,142,-0.5023612976074219,142,0.008147128392010927,142,0.0
3777,77,37,-0.8249999999999997,0.375,142,-0.5022709369659424,142,0.006789627019315958,142,0.0
3778,78,37,-0.855,0.375,142,-0.5023209750652313,142,0.0029919048538431525,142,0.0
3779,79,37,-0.8849999999999998,0.375,142,-0.5024740695953369,142,0.004610419273376465,142,0.0
3780,80,37,-0.915,0.375,142,-0.5026327073574066,142,0.0013937552575953305,142,0.0
3781,81,37,-0.9449999999999998,0.375,142,-0.5029515624046326,142,0.001278519630432129,142,0.0
3782,82,37,-0.9750000000000001,0.375,142,-0.5028278529644012,142,0.0001745853151078336,142,0.0
3783,83,37,-1.005,0.375,142,-0.5027544498443604,142,0.010499565862119198,142,0.0
3784,84,37,-1.0349999999999997,0.375,142,-0.5027175843715668,142,0.024260621517896652,142,0.0
3785,85,37,-1.065,0.375,142,-0.5035032331943512,142,0.02123740315437317,142,0.0
3786,86,37,-1.0949999999999998,0.375,46,-0.5050119757652283,142,0.0,142,0.02199999988079071
3787,87,37,-1.125,0.375,0,nan,142,0.0,142,0.02199999988079071
3788,88,37,-1.1549999999999998,0.375,0,nan,142,0.0,142,0.02199999988079071
3789,89,37,-1.185,0.375,0,nan,142,0.0,142,0.02199999988079071
3790,90,37,-1.2149999999999999,0.375,0,nan,142,0.0,142,0.02199999988079071
3791,91,37,-1.245,0.375,0,nan,142,0.0,142,0.02199999988079071
3792,92,37,-1.275,0.375,0,nan,142,0.0,142,0.02199999988079071
3793,93,37,-1.3049999999999997,0.375,0,nan,142,0.0,142,0.02199999988079071
3794,94,37,-1.335,0.375,0,nan,142,0.0,142,0.02199999988079071
3795,95,37,-1.3649999999999998,0.375,0,nan,142,0.0,142,0.02199999988079071
3796,96,37,-1.395,0.375,0,nan,142,0.0,142,0.02199999988079071
3797,97,37,-1.4249999999999998,0.375,0,nan,142,0.0,142,0.0
3798,98,37,-1.455,0.375,0,nan,142,0.0,142,0.0
3799,99,37,-1.4849999999999999,0.375,0,nan,142,0.0,142,0.0
3800,0,38,1.485,0.345,0,nan,142,0.0,142,0.0
3801,1,38,1.455,0.345,0,nan,142,0.0,142,0.0
3802,2,38,1.425,0.345,0,nan,142,0.0,142,0.0
3803,3,38,1.395,0.345,0,nan,142,0.0,142,0.02199999988079071
3804,4,38,1.365,0.345,0,nan,142,0.0,142,0.02199999988079071
3805,5,38,1.335,0.345,0,nan,142,0.0,142,0.02199999988079071
3806,6,38,1.305,0.345,0,nan,142,0.0,142,0.02199999988079071
3807,7,38,1.275,0.345,0,nan,142,0.0,142,0.02199999988079071
3808,8,38,1.245,0.345,0,nan,142,0.0,142,0.02199999988079071
3809,9,38,1.215,0.345,0,nan,142,0.0,142,0.02199999988079071
3810,10,38,1.185,0.345,137,-0.7974052429199219,142,0.0,142,0.0
3811,11,38,1.155,0.345,140,-0.7972712814807892,142,0.0,142,0.0
3812,12,38,1.125,0.345,140,-0.7972712814807892,142,0.0,142,0.0
3813,13,38,1.095,0.345,141,-0.7972214818000793,142,0.15542654693126678,142,0.0
3814,14,38,1.065,0.345,142,-0.7863412499427795,142,0.32112039625644684,142,0.0
3815,15,38,1.0350000000000001,0.345,142,-0.7765454649925232,142,0.3158739507198334,142,0.0
3816,16,38,1.005,0.345,142,-0.7656847536563873,142,0.33562178909778595,142,0.0
3817,17,38,0.975,0.345,142,-0.7554611563682556,142,0.342555433511734,142,0.0
3818,18,38,0.9450000000000001,0.345,142,-0.7448194921016693,142,0.34005217254161835,142,0.0
3819,19,38,0.915,0.345,142,-0.7348004579544067,142,0.37229932844638824,142,0.0
3820,20,38,0.885,0.345,142,-0.7229178547859192,142,0.4370165318250656,142,0.0
3821,21,38,0.855,0.345,141,-0.7069903016090393,142,0.4273633360862732,142,0.0
3822,22,38,0.8250000000000001,0.345,141,-0.6948328614234924,142,0.3899288922548294,142,0.0
3823,23,38,0.795,0.345,141,-0.6824712753295898,142,0.40356817841529846,142,0.0
3824,24,38,0.765,0.345,142,-0.6696909964084625,142,0.405789315700531,142,0.0
3825,25,38,0.735,0.345,142,-0.6578581035137177,142,0.4127111881971359,142,0.0
3826,26,38,0.7050000000000001,0.345,141,-0.6443619132041931,142,0.4599303752183914,142,0.0
3827,27,38,0.675,0.345,141,-0.6300305128097534,142,0.4448004364967346,142,0.0
3828,28,38,0.645,0.345,140,-0.6178320050239563,142,0.60516557097435,142,0.0
3829,29,38,0.615,0.345,138,-0.6040060818195343,142,0.9935619235038757,142,0.10000000149011612
3830,30,38,0.5850000000000001,0.345,142,-0.5605025887489319,142,1.4211085438728333,142,0.10000000149011612
3831,31,38,0.555,0.345,142,-0.517874538898468,142,0.512753814458847,142,0.0
3832,32,38,0.525,0.345,142,-0.5168801546096802,142,0.1981775462627411,142,0.0
3833,33,38,0.4950000000000001,0.345,142,-0.5107738077640533,142,0.1329382285475731,142,0.0
3834,34,38,0.4650000000000001,0.345,142,-0.5101199746131897,142,0.019768050871789455,142,0.0
3835,35,38,0.43500000000000005,0.345,142,-0.5095727443695068,142,0.006515073589980602,142,0.0
3836,36,38,0.405,0.345,142,-0.5095727443695068,142,0.0,142,0.0
3837,37,38,0.375,0.345,142,-0.5097484290599823,142,0.005791088100522757,142,0.0
3838,38,38,0.345,0.345,142,-0.5097484290599823,142,0.010822154115885496,142,0.0
3839,39,38,0.31499999999999995,0.345,142,-0.5097484290599823,142,0.013213457074016333,142,0.0
3840,40,38,0.28500000000000014,0.345,142,-0.5095116496086121,142,0.012233190704137087,142,0.0
3841,41,38,0.2550000000000001,0.345,142,-0.5093232989311218,142,0.009503960609436035,142,0.0
3842,42,38,0.2250000000000001,0.345,142,-0.5089450180530548,142,0.01087449211627245,142,0.0
3843,43,38,0.19500000000000006,0.345,142,-0.5086219012737274,142,0.011430873535573483,142,0.0
3844,44,38,0.16500000000000004,0.345,142,-0.5080938041210175,142,0.009632585104554892,142,0.0
3845,45,38,0.135,0.345,142,-0.5076415240764618,142,0.013363165315240622,142,0.0
3846,46,38,0.10499999999999998,0.345,142,-0.5070945620536804,142,0.010417432524263859,142,0.0
3847,47,38,0.07499999999999996,0.345,142,-0.5069099068641663,142,0.0016604860429652035,142,0.0
3848,48,38,0.04500000000000015,0.345,142,-0.5069099068641663,142,0.0,142,0.0
3849,49,38,0.015000000000000124,0.345,142,-0.5069194138050079,142,0.0,142,0.0
3850,50,38,-0.014999999999999902,0.345,142,-0.5069336593151093,142,0.0,142,0.0
3851,51,38,-0.04499999999999993,0.345,142,-0.506948709487915,142,3.725290298461914e-05,142,0.0
3852,52,38,-0.07499999999999996,0.345,142,-0.5071934461593628,142,0.009350429754704237,142,0.0
3853,53,38,-0.10499999999999998,0.345,142,-0.5075453519821167,142,0.02454181294888258,142,0.0
3854,54,38,-0.135,0.345,142,-0.5086697340011597,142,0.03581327386200428,142,0.0
3855,55,38,-0.16500000000000004,0.345,142,-0.5096027553081512,142,0.023992502130568027,142,0.0
3856,56,38,-0.19499999999999984,0.345,142,-0.5098429918289185,142,0.02131609246134758,142,0.0
3857,57,38,-0.22499999999999987,0.345,142,-0.5096667110919952,142,0.02251109667122364,142,0.0
3858,58,38,-0.2549999999999999,0.345,142,-0.5086900293827057,142,0.025413919240236282,142,0.0
3859,59,38,-0.2849999999999999,0.345,142,-0.5079438984394073,142,0.032814767211675644,142,0.0
3860,60,38,-0.31499999999999995,0.345,142,-0.5069743990898132,142,0.030597050674259663,142,0.0
3861,61,38,-0.345,0.345,142,-0.5059612393379211,142,0.02658019494265318,142,0.0
3862,62,38,-0.375,0.345,142,-0.5048407316207886,142,0.020688531920313835,142,0.0
3863,63,38,-0.405,0.345,142,-0.5046084821224213,142,8.841355884214863e-05,142,0.0
3864,64,38,-0.43499999999999983,0.345,142,-0.5042397081851959,142,0.0,142,0.0
3865,65,38,-0.46499999999999986,0.345,142,-0.5042325854301453,142,0.0,142,0.0
3866,66,38,-0.4949999999999999,0.345,142,-0.5042325854301453,142,0.0,142,0.0
3867,67,38,-0.5249999999999999,0.345,142,-0.5043196082115173,142,0.012243787292391062,142,0.0
3868,68,38,-0.5549999999999997,0.345,142,-0.5042325854301453,142,0.016060471534729004,142,0.0
3869,69,38,-0.585,0.345,142,-0.5037041008472443,142,0.013557421509176493,142,0.0
3870,70,38,-0.6149999999999998,0.345,142,-0.5032863020896912,142,0.011400382034480572,142,0.0
3871,71,38,-0.645,0.345,142,-0.5030514001846313,142,0.008675239514559507,142,0.0
3872,72,38,-0.6749999999999998,0.345,142,-0.5025825500488281,142,0.008032222744077444,142,0.0
3873,73,38,-0.7050000000000001,0.345,142,-0.502289205789566,142,0.007809901377186179,142,0.0
3874,74,38,-0.7349999999999999,0.345,142,-0.5023033320903778,142,0.005505735985934734,142,0.0
3875,75,38,-0.7650000000000001,0.345,142,-0.5023805201053619,142,0.005536112003028393,142,0.0
3876,76,38,-0.7949999999999999,0.345,142,-0.5022474527359009,142,0.002236664295196533,142,0.0
3877,77,38,-0.8249999999999997,0.345,142,-0.5021930932998657,142,0.0,142,0.0
3878,78,38,-0.855,0.345,142,-0.5022571682929993,142,0.0,142,0.0
3879,79,38,-0.8849999999999998,0.345,142,-0.5022979974746704,142,0.00036444909710553475,142,0.0
3880,80,38,-0.915,0.345,142,-0.5025162398815155,142,0.0,142,0.0
3881,81,38,-0.9449999999999998,0.345,142,-0.5025379657745361,142,0.0,142,0.0
3882,82,38,-0.9750000000000001,0.345,142,-0.5025264024734497,142,0.000482300907606259,142,0.0
3883,83,38,-1.005,0.345,142,-0.5027126967906952,142,0.010072260163724422,142,0.0
3884,84,38,-1.0349999999999997,0.345,142,-0.502989798784256,142,0.028892358765006065,142,0.0
3885,85,38,-1.065,0.345,142,-0.5041064321994781,142,0.02774545643478632,142,0.0
3886,86,38,-1.0949999999999998,0.345,44,-0.5051762461662292,142,0.0,142,0.02199999988079071
3887,87,38,-1.125,0.345,0,nan,142,0.0,142,0.02199999988079071
3888,88,38,-1.1549999999999998,0.345,0,nan,142,0.0,142,0.02199999988079071
3889,89,38,-1.185,0.345,0,nan,142,0.0,142,0.02199999988079071
3890,90,38,-1.2149999999999999,0.345,0,nan,142,0.0,142,0.02199999988079071
3891,91,38,-1.245,0.345,0,nan,142,0.0,142,0.02199999988079071
3892,92,38,-1.275,0.345,0,nan,142,0.0,142,0.02199999988079071
3893,93,38,-1.3049999999999997,0.345,0,nan,142,0.0,142,0.02199999988079071
3894,94,38,-1.335,0.345,0,nan,142,0.0,142,0.02199999988079071
3895,95,38,-1.3649999999999998,0.345,0,nan,142,0.0,142,0.02199999988079071
3896,96,38,-1.395,0.345,0,nan,142,0.0,142,0.02199999988079071
3897,97,38,-1.4249999999999998,0.345,0,nan,142,0.0,142,0.0
3898,98,38,-1.455,0.345,0,nan,142,0.0,142,0.0
3899,99,38,-1.4849999999999999,0.345,0,nan,142,0.0,142,0.0
3900,0,39,1.485,0.31499999999999995,0,nan,142,0.0,142,0.0
3901,1,39,1.455,0.31499999999999995,0,nan,142,0.0,142,0.0
3902,2,39,1.425,0.31499999999999995,0,nan,142,0.0,142,0.0
3903,3,39,1.395,0.31499999999999995,0,nan,142,0.0,142,0.02199999988079071
3904,4,39,1.365,0.31499999999999995,0,nan,142,0.0,142,0.02199999988079071
3905,5,39,1.335,0.31499999999999995,0,nan,142,0.0,142,0.02199999988079071
3906,6,39,1.305,0.31499999999999995,0,nan,142,0.0,142,0.02199999988079071
3907,7,39,1.275,0.31499999999999995,0,nan,142,0.0,142,0.02199999988079071
3908,8,39,1.245,0.31499999999999995,0,nan,142,0.0,142,0.02199999988079071
3909,9,39,1.215,0.31499999999999995,0,nan,142,0.0,142,0.02199999988079071
3910,10,39,1.185,0.31499999999999995,137,-0.7971126437187195,142,0.0,142,0.0
3911,11,39,1.155,0.31499999999999995,140,-0.7969033718109131,142,0.0,142,0.0
3912,12,39,1.125,0.31499999999999995,140,-0.7969033718109131,142,0.0,142,0.0
3913,13,39,1.095,0.31499999999999995,141,-0.7968716025352478,142,0.15581349283456802,142,0.0
3914,14,39,1.065,0.31499999999999995,142,-0.7858700156211853,142,0.3167109191417694,142,0.0
3915,15,39,1.0350000000000001,0.31499999999999995,142,-0.7759357392787933,142,0.31983180344104767,142,0.0
3916,16,39,1.005,0.31499999999999995,142,-0.7657254934310913,142,0.32398757338523865,142,0.0
3917,17,39,0.975,0.31499999999999995,142,-0.7546550035476685,142,0.34692226350307465,142,0.0
3918,18,39,0.9450000000000001,0.31499999999999995,142,-0.7443151772022247,142,0.3236299455165863,142,0.0
3919,19,39,0.915,0.31499999999999995,142,-0.7348935604095459,142,0.3756303936243057,142,0.0
3920,20,39,0.885,0.31499999999999995,142,-0.7216410040855408,142,0.4437374025583267,142,0.0
3921,21,39,0.855,0.31499999999999995,142,-0.7060465812683105,142,0.43750129640102386,142,0.0
3922,22,39,0.8250000000000001,0.31499999999999995,142,-0.693601667881012,142,0.3800235241651535,142,0.0
3923,23,39,0.795,0.31499999999999995,142,-0.682169497013092,142,0.4030887335538864,142,0.0
3924,24,39,0.765,0.31499999999999995,142,-0.6697885990142822,142,0.4058157652616501,142,0.0
3925,25,39,0.735,0.31499999999999995,142,-0.6579934358596802,142,0.4119705259799957,142,0.0
3926,26,39,0.7050000000000001,0.31499999999999995,142,-0.6446276605129242,142,0.45333006978034973,142,0.0
3927,27,39,0.675,0.31499999999999995,142,-0.6303524374961853,142,0.43610382080078125,142,0.0
3928,28,39,0.645,0.31499999999999995,142,-0.6181761026382446,142,0.4303402602672577,142,0.0
3929,29,39,0.615,0.31499999999999995,142,-0.6047795414924622,142,0.6322616040706635,142,0.0
3930,30,39,0.5850000000000001,0.31499999999999995,140,-0.5918232500553131,142,1.179627537727356,142,0.10000000149011612
3931,31,39,0.555,0.31499999999999995,142,-0.535546213388443,142,1.2913886904716492,142,0.10000000149011612
3932,32,39,0.525,0.31499999999999995,142,-0.5172583162784576,142,0.5057635009288788,142,0.0
3933,33,39,0.4950000000000001,0.31499999999999995,142,-0.5125315189361572,142,0.1427599936723709,142,0.0
3934,34,39,0.4650000000000001,0.31499999999999995,142,-0.5113081932067871,142,0.024994333274662495,142,0.0
3935,35,39,0.43500000000000005,0.31499999999999995,142,-0.5104160904884338,142,0.003800721955485642,142,0.0
3936,36,39,0.405,0.31499999999999995,142,-0.5104160904884338,142,0.0,142,0.0
3937,37,39,0.375,0.31499999999999995,142,-0.5103473961353302,142,0.0,142,0.0
3938,38,39,0.345,0.31499999999999995,142,-0.5102218091487885,142,0.006559491157531738,142,0.0
3939,39,39,0.31499999999999995,0.31499999999999995,142,-0.5102218091487885,142,0.012930471915751696,142,0.0
3940,40,39,0.28500000000000014,0.31499999999999995,142,-0.5097666084766388,142,0.013213457074016333,142,0.0
3941,41,39,0.2550000000000001,0.31499999999999995,142,-0.5094149708747864,142,0.014265761710703373,142,0.0
3942,42,39,0.2250000000000001,0.31499999999999995,142,-0.5089637339115143,142,0.013335702009499073,142,0.0
3943,43,39,0.19500000000000006,0.31499999999999995,142,-0.5085454285144806,142,0.014013131614774466,142,0.0
3944,44,39,0.16500000000000004,0.31499999999999995,142,-0.5081131756305695,142,0.013533842749893665,142,0.0
3945,45,39,0.135,0.31499999999999995,142,-0.5077334344387054,142,0.0141189219430089,142,0.0
3946,46,39,0.10499999999999998,0.31499999999999995,142,-0.5071524679660797,142,0.013849139213562012,142,0.0
3947,47,39,0.07499999999999996,0.31499999999999995,142,-0.5069932341575623,142,0.006388556910678744,142,0.0
3948,48,39,0.04500000000000015,0.31499999999999995,142,-0.5069397687911987,142,0.0,142,0.0
3949,49,39,0.015000000000000124,0.31499999999999995,142,-0.5069362819194794,142,0.0,142,0.0
3950,50,39,-0.014999999999999902,0.31499999999999995,142,-0.5069397687911987,142,0.0,142,0.0
3951,51,39,-0.04499999999999993,0.31499999999999995,142,-0.506994217634201,142,0.00541011500172317,142,0.0
3952,52,39,-0.07499999999999996,0.31499999999999995,142,-0.5070947110652924,142,0.014036396984010935,142,0.0
3953,53,39,-0.10499999999999998,0.31499999999999995,142,-0.507463276386261,142,0.030840271152555943,142,0.0
3954,54,39,-0.135,0.31499999999999995,142,-0.5085366666316986,142,0.03997614607214928,142,0.0
3955,55,39,-0.16500000000000004,0.31499999999999995,142,-0.5095737874507904,142,0.02933533489704132,142,0.0
3956,56,39,-0.19499999999999984,0.31499999999999995,142,-0.5098276436328888,142,0.02539009600877762,142,0.0
3957,57,39,-0.22499999999999987,0.31499999999999995,142,-0.5097216069698334,142,0.022822177037596703,142,0.0
3958,58,39,-0.2549999999999999,0.31499999999999995,142,-0.5088692605495453,142,0.02621859312057495,142,0.0
3959,59,39,-0.2849999999999999,0.31499999999999995,142,-0.5078251957893372,142,0.037454068660736084,142,0.0
3960,60,39,-0.31499999999999995,0.31499999999999995,142,-0.5067309141159058,142,0.03274756856262684,142,0.0
3961,61,39,-0.345,0.31499999999999995,142,-0.505909651517868,142,0.02991954516619444,142,0.0
3962,62,39,-0.375,0.31499999999999995,142,-0.5048771798610687,142,0.022901480086147785,142,0.0
3963,63,39,-0.405,0.31499999999999995,142,-0.5046925246715546,142,0.0031796118710190058,142,0.0
3964,64,39,-0.43499999999999983,0.31499999999999995,142,-0.5042325854301453,142,0.0010530153813306242,142,0.0
3965,65,39,-0.46499999999999986,0.31499999999999995,142,-0.5042192935943604,142,0.0,142,0.0
3966,66,39,-0.4949999999999999,0.31499999999999995,142,-0.5042397081851959,142,0.0034812093945220113,142,0.0
3967,67,39,-0.5249999999999999,0.31499999999999995,142,-0.5044639408588409,142,0.013977177441120148,142,0.0
3968,68,39,-0.5549999999999997,0.31499999999999995,142,-0.5042486488819122,142,0.019909528084099293,142,0.0
3969,69,39,-0.585,0.31499999999999995,142,-0.5036994516849518,142,0.016507335007190704,142,0.0
3970,70,39,-0.6149999999999998,0.31499999999999995,142,-0.5032583475112915,142,0.015226814430207014,142,0.0
3971,71,39,-0.645,0.31499999999999995,142,-0.5031309127807617,142,0.016040106303989887,142,0.0
3972,72,39,-0.6749999999999998,0.31499999999999995,142,-0.5027670860290527,142,0.012298425193876028,142,0.0
3973,73,39,-0.7050000000000001,0.31499999999999995,142,-0.502440482378006,142,0.009318689350038767,142,0.0
3974,74,39,-0.7349999999999999,0.31499999999999995,142,-0.5024698972702026,142,0.00839776685461402,142,0.0
3975,75,39,-0.7650000000000001,0.31499999999999995,142,-0.5026639997959137,142,0.006780088879168034,142,0.0
3976,76,39,-0.7949999999999999,0.31499999999999995,142,-0.5023657977581024,142,0.0038176773814484477,142,0.0
3977,77,39,-0.8249999999999997,0.31499999999999995,142,-0.5022709369659424,142,0.0,142,0.0
3978,78,39,-0.855,0.31499999999999995,142,-0.5023209750652313,142,0.0,142,0.0
3979,79,39,-0.8849999999999998,0.31499999999999995,142,-0.5023910999298096,142,0.0,142,0.0
3980,80,39,-0.915,0.31499999999999995,142,-0.5025379657745361,142,0.0,142,0.0
3981,81,39,-0.9449999999999998,0.31499999999999995,142,-0.5025555789470673,142,0.0,142,0.0
3982,82,39,-0.9750000000000001,0.31499999999999995,142,-0.5025379657745361,142,0.0007390975952148438,142,0.0
3983,83,39,-1.005,0.31499999999999995,142,-0.5027260184288025,142,0.014748175628483295,142,0.0
3984,84,39,-1.0349999999999997,0.31499999999999995,142,-0.5033064484596252,142,0.033722465857863426,142,0.0
3985,85,39,-1.065,0.31499999999999995,142,-0.5052094459533691,142,0.03462998755276203,142,0.0
3986,86,39,-1.0949999999999998,0.31499999999999995,44,-0.5060022175312042,142,0.0,142,0.02199999988079071
3987,87,39,-1.125,0.31499999999999995,0,nan,142,0.0,142,0.02199999988079071
3988,88,39,-1.1549999999999998,0.31499999999999995,0,nan,142,0.0,142,0.02199999988079071
3989,89,39,-1.185,0.31499999999999995,0,nan,142,0.0,142,0.02199999988079071
3990,90,39,-1.2149999999999999,0.31499999999999995,0,nan,142,0.0,142,0.02199999988079071
3991,91,39,-1.245,0.31499999999999995,0,nan,142,0.0,142,0.02199999988079071
3992,92,39,-1.275,0.31499999999999995,0,nan,142,0.0,142,0.02199999988079071
3993,93,39,-1.3049999999999997,0.31499999999999995,0,nan,142,0.0,142,0.02199999988079071
3994,94,39,-1.335,0.31499999999999995,0,nan,142,0.0,142,0.02199999988079071
3995,95,39,-1.3649999999999998,0.31499999999999995,0,nan,142,0.0,142,0.02199999988079071
3996,96,39,-1.395,0.31499999999999995,0,nan,142,0.0,142,0.02199999988079071
3997,97,39,-1.4249999999999998,0.31499999999999995,0,nan,142,0.0,142,0.0
3998,98,39,-1.455,0.31499999999999995,0,nan,142,0.0,142,0.0
3999,99,39,-1.4849999999999999,0.31499999999999995,0,nan,142,0.0,142,0.0
4000,0,40,1.485,0.28500000000000014,0,nan,142,0.0,142,0.0
4001,1,40,1.455,0.28500000000000014,0,nan,142,0.0,142,0.0
4002,2,40,1.425,0.28500000000000014,0,nan,142,0.0,142,0.0
4003,3,40,1.395,0.28500000000000014,0,nan,142,0.0,142,0.02199999988079071
4004,4,40,1.365,0.28500000000000014,0,nan,142,0.0,142,0.02199999988079071
4005,5,40,1.335,0.28500000000000014,0,nan,142,0.0,142,0.02199999988079071
4006,6,40,1.305,0.28500000000000014,0,nan,142,0.0,142,0.02199999988079071
4007,7,40,1.275,0.28500000000000014,0,nan,142,0.0,142,0.02199999988079071
4008,8,40,1.245,0.28500000000000014,0,nan,142,0.0,142,0.02199999988079071
4009,9,40,1.215,0.28500000000000014,0,nan,142,0.0,142,0.02199999988079071
4010,10,40,1.185,0.28500000000000014,137,-0.7963773608207703,142,0.0,142,0.0
4011,11,40,1.155,0.28500000000000014,140,-0.7962838113307953,142,0.0,142,0.0
4012,12,40,1.125,0.28500000000000014,140,-0.7962838113307953,142,0.0,142,0.0
4013,13,40,1.095,0.28500000000000014,141,-0.7962802648544312,142,0.1544376015663147,142,0.0
4014,14,40,1.065,0.28500000000000014,142,-0.7855565249919891,142,0.3049425184726715,142,0.0
4015,15,40,1.0350000000000001,0.28500000000000014,142,-0.7751542329788208,142,0.30661478638648987,142,0.0
4016,16,40,1.005,0.28500000000000014,142,-0.7659268081188202,142,0.32392680644989014,142,0.0
4017,17,40,0.975,0.28500000000000014,142,-0.7543970048427582,142,0.352555051445961,142,0.0
4018,18,40,0.9450000000000001,0.28500000000000014,142,-0.7439427375793457,142,0.32090502977371216,142,0.0
4019,19,40,0.915,0.28500000000000014,142,-0.7344868183135986,142,0.39928747713565826,142,0.0
4020,20,40,0.885,0.28500000000000014,142,-0.721245288848877,142,0.44385743141174316,142,0.0
4021,21,40,0.855,0.28500000000000014,142,-0.7055395245552063,142,0.4611579030752182,142,0.0
4022,22,40,0.8250000000000001,0.28500000000000014,142,-0.6929586231708527,142,0.3633655458688736,142,0.0
4023,23,40,0.795,0.28500000000000014,142,-0.6818789541721344,142,0.37701137363910675,142,0.0
4024,24,40,0.765,0.28500000000000014,142,-0.6696473062038422,142,0.39317283034324646,142,0.0
4025,25,40,0.735,0.28500000000000014,142,-0.6580810248851776,142,0.40846970677375793,142,0.0
4026,26,40,0.7050000000000001,0.28500000000000014,142,-0.6446522176265717,142,0.4504476338624954,142,0.0
4027,27,40,0.675,0.28500000000000014,142,-0.6305420696735382,142,0.4320994019508362,142,0.0
4028,28,40,0.645,0.28500000000000014,142,-0.6184880137443542,142,0.4212177097797394,142,0.0
4029,29,40,0.615,0.28500000000000014,142,-0.6053712666034698,142,0.46126440167427063,142,0.0
4030,30,40,0.5850000000000001,0.28500000000000014,142,-0.5927085280418396,142,0.6491180062294006,142,0.0
4031,31,40,0.555,0.28500000000000014,140,-0.5772527158260345,142,1.225551962852478,142,0.10000000149011612
4032,32,40,0.525,0.28500000000000014,142,-0.5176977217197418,142,1.0535942316055298,142,0.10000000149011612
4033,33,40,0.4950000000000001,0.28500000000000014,142,-0.5152404606342316,142,0.38144123554229736,142,0.0
4034,34,40,0.4650000000000001,0.28500000000000014,142,-0.5129514336585999,142,0.026614953763782978,142,0.0
4035,35,40,0.43500000000000005,0.28500000000000014,142,-0.5110368430614471,142,0.008876397274434566,142,0.0
4036,36,40,0.405,0.28500000000000014,142,-0.5110368430614471,142,0.0,142,0.0
4037,37,40,0.375,0.28500000000000014,142,-0.5110368430614471,142,0.0,142,0.0
4038,38,40,0.345,0.28500000000000014,142,-0.5109603703022003,142,0.00257965677883476,142,0.0
4039,39,40,0.31499999999999995,0.28500000000000014,142,-0.5108967423439026,142,0.012195606715977192,142,0.0
4040,40,40,0.28500000000000014,0.28500000000000014,142,-0.5101686716079712,142,0.016883160918951035,142,0.0
4041,41,40,0.2550000000000001,0.28500000000000014,142,-0.5094919800758362,142,0.01787294913083315,142,0.0
4042,42,40,0.2250000000000001,0.28500000000000014,142,-0.509113073348999,142,0.013327598571777344,142,0.0
4043,43,40,0.19500000000000006,0.28500000000000014,142,-0.508539617061615,142,0.01629276294261217,142,0.0
4044,44,40,0.16500000000000004,0.28500000000000014,142,-0.5080872774124146,142,0.016740115359425545,142,0.0
4045,45,40,0.135,0.28500000000000014,142,-0.5077157020568848,142,0.01735395472496748,142,0.0
4046,46,40,0.10499999999999998,0.28500000000000014,142,-0.5071469247341156,142,0.018542250618338585,142,0.0
4047,47,40,0.07499999999999996,0.28500000000000014,142,-0.5068136155605316,142,0.013589562382549047,142,0.0
4048,48,40,0.04500000000000015,0.28500000000000014,142,-0.5066925883293152,142,0.010272363666445017,142,0.0
4049,49,40,0.015000000000000124,0.28500000000000014,142,-0.5066372454166412,142,0.008843839168548584,142,0.0
4050,50,40,-0.014999999999999902,0.28500000000000014,142,-0.5066372454166412,142,0.009094675071537495,142,0.0
4051,51,40,-0.04499999999999993,0.28500000000000014,142,-0.5066372454166412,142,0.011830809060484171,142,0.0
4052,52,40,-0.07499999999999996,0.28500000000000014,142,-0.5067311227321625,142,0.019981118850409985,142,0.0
4053,53,40,-0.10499999999999998,0.28500000000000014,142,-0.5071761608123779,142,0.035296281799674034,142,0.0
4054,54,40,-0.135,0.28500000000000014,142,-0.5084646344184875,142,0.04578270949423313,142,0.0
4055,55,40,-0.16500000000000004,0.28500000000000014,142,-0.5096027553081512,142,0.032215140759944916,142,0.0
4056,56,40,-0.19499999999999984,0.28500000000000014,142,-0.5098088979721069,142,0.026994106359779835,142,0.0
4057,57,40,-0.22499999999999987,0.28500000000000014,142,-0.5097041130065918,142,0.025340914726257324,142,0.0
4058,58,40,-0.2549999999999999,0.28500000000000014,142,-0.5089014172554016,142,0.032810112461447716,142,0.0
4059,59,40,-0.2849999999999999,0.28500000000000014,142,-0.5078266263008118,142,0.03795226290822029,142,0.0
4060,60,40,-0.31499999999999995,0.28500000000000014,142,-0.5064113140106201,142,0.030324142426252365,142,0.0
4061,61,40,-0.345,0.28500000000000014,142,-0.5056496858596802,142,0.026930931955575943,142,0.0
4062,62,40,-0.375,0.28500000000000014,142,-0.5044743418693542,142,0.023946285247802734,142,0.0
4063,63,40,-0.405,0.28500000000000014,142,-0.5045051872730255,142,0.008962384425103664,142,0.0
4064,64,40,-0.43499999999999983,0.28500000000000014,142,-0.504145473241806,142,0.007132689002901316,142,0.0
4065,65,40,-0.46499999999999986,0.28500000000000014,142,-0.5040417313575745,142,0.0,142,0.0
4066,66,40,-0.4949999999999999,0.28500000000000014,142,-0.5042465925216675,142,0.01052092295140028,142,0.0
4067,67,40,-0.5249999999999999,0.28500000000000014,142,-0.5044639408588409,142,0.020171810872852802,142,0.0
4068,68,40,-0.5549999999999997,0.28500000000000014,142,-0.504461407661438,142,0.02644956111907959,142,0.0
4069,69,40,-0.585,0.28500000000000014,142,-0.5038949847221375,142,0.022316187620162964,142,0.0
4070,70,40,-0.6149999999999998,0.28500000000000014,142,-0.5035525858402252,142,0.01869761198759079,142,0.0
4071,71,40,-0.645,0.28500000000000014,142,-0.5032512545585632,142,0.012292324099689722,142,0.0
4072,72,40,-0.6749999999999998,0.28500000000000014,142,-0.5028993189334869,142,0.011191020254045725,142,0.0
4073,73,40,-0.7050000000000001,0.28500000000000014,142,-0.5027593672275543,142,0.005167335970327258,142,0.0
4074,74,40,-0.7349999999999999,0.28500000000000014,142,-0.5025175213813782,142,0.005750109674409032,142,0.0
4075,75,40,-0.7650000000000001,0.28500000000000014,142,-0.5026206076145172,142,0.0042091174982488155,142,0.0
4076,76,40,-0.7949999999999999,0.28500000000000014,142,-0.5022474527359009,142,0.0029235351248644292,142,0.0
4077,77,40,-0.8249999999999997,0.28500000000000014,142,-0.5021385252475739,142,0.0,142,0.0
4078,78,40,-0.855,0.28500000000000014,142,-0.5022571682929993,142,0.0,142,0.0
4079,79,40,-0.8849999999999998,0.28500000000000014,142,-0.5022709369659424,142,0.0,142,0.0
4080,80,40,-0.915,0.28500000000000014,142,-0.5023209750652313,142,0.0009557144658174366,142,0.0
4081,81,40,-0.9449999999999998,0.28500000000000014,142,-0.5024375319480896,142,2.6325384169467725e-05,142,0.0
4082,82,40,-0.9750000000000001,0.28500000000000014,142,-0.5023734271526337,142,0.005064002238214016,142,0.0
4083,83,40,-1.005,0.28500000000000014,142,-0.502929151058197,142,0.019326145760715008,142,0.0
4084,84,40,-1.0349999999999997,0.28500000000000014,142,-0.5037513375282288,142,0.045257894322276115,142,0.0
4085,85,40,-1.065,0.28500000000000014,142,-0.5054305493831635,142,0.0366838201880455,142,0.0
4086,86,40,-1.0949999999999998,0.28500000000000014,44,-0.506440132856369,142,0.0,142,0.02199999988079071
4087,87,40,-1.125,0.28500000000000014,0,nan,142,0.0,142,0.02199999988079071
4088,88,40,-1.1549999999999998,0.28500000000000014,0,nan,142,0.0,142,0.02199999988079071
4089,89,40,-1.185,0.28500000000000014,0,nan,142,0.0,142,0.02199999988079071
4090,90,40,-1.2149999999999999,0.28500000000000014,0,nan,142,0.0,142,0.02199999988079071
4091,91,40,-1.245,0.28500000000000014,0,nan,142,0.0,142,0.02199999988079071
4092,92,40,-1.275,0.28500000000000014,0,nan,142,0.0,142,0.02199999988079071
4093,93,40,-1.3049999999999997,0.28500000000000014,0,nan,142,0.0,142,0.02199999988079071
4094,94,40,-1.335,0.28500000000000014,0,nan,142,0.0,142,0.02199999988079071
4095,95,40,-1.3649999999999998,0.28500000000000014,0,nan,142,0.0,142,0.02199999988079071
4096,96,40,-1.395,0.28500000000000014,0,nan,142,0.0,142,0.02199999988079071
4097,97,40,-1.4249999999999998,0.28500000000000014,0,nan,142,0.0,142,0.0
4098,98,40,-1.455,0.28500000000000014,0,nan,142,0.0,142,0.0
4099,99,40,-1.4849999999999999,0.28500000000000014,0,nan,142,0.0,142,0.0
4100,0,41,1.485,0.2550000000000001,0,nan,142,0.0,142,0.0
4101,1,41,1.455,0.2550000000000001,0,nan,142,0.0,142,0.0
4102,2,41,1.425,0.2550000000000001,0,nan,142,0.0,142,0.0
4103,3,41,1.395,0.2550000000000001,0,nan,142,0.0,142,0.02199999988079071
4104,4,41,1.365,0.2550000000000001,0,nan,142,0.0,142,0.02199999988079071
4105,5,41,1.335,0.2550000000000001,0,nan,142,0.0,142,0.02199999988079071
4106,6,41,1.305,0.2550000000000001,0,nan,142,0.0,142,0.02199999988079071
4107,7,41,1.275,0.2550000000000001,0,nan,142,0.0,142,0.02199999988079071
4108,8,41,1.245,0.2550000000000001,0,nan,142,0.0,142,0.02199999988079071
4109,9,41,1.215,0.2550000000000001,0,nan,142,0.0,142,0.02199999988079071
4110,10,41,1.185,0.2550000000000001,137,-0.7958770394325256,142,0.0,142,0.0
4111,11,41,1.155,0.2550000000000001,140,-0.7957511246204376,142,0.0,142,0.0
4112,12,41,1.125,0.2550000000000001,140,-0.7957511246204376,142,0.0,142,0.0
4113,13,41,1.095,0.2550000000000001,141,-0.795684814453125,142,0.15393345803022385,142,0.0
4114,14,41,1.065,0.2550000000000001,142,-0.7850473523139954,142,0.30721065402030945,142,0.0
4115,15,41,1.0350000000000001,0.2550000000000001,142,-0.7744885981082916,142,0.29134073853492737,142,0.0
4116,16,41,1.005,0.2550000000000001,142,-0.7657254934310913,142,0.3273003250360489,142,0.0
4117,17,41,0.975,0.2550000000000001,142,-0.7540109157562256,142,0.34477703273296356,142,0.0
4118,18,41,0.9450000000000001,0.2550000000000001,142,-0.7438144683837891,142,0.32710912823677063,142,0.0
4119,19,41,0.915,0.2550000000000001,142,-0.734081894159317,142,0.4133223742246628,142,0.0
4120,20,41,0.885,0.2550000000000001,142,-0.7209600508213043,142,0.4453802555799484,142,0.0
4121,21,41,0.855,0.2550000000000001,142,-0.7048474252223969,142,0.451471284031868,142,0.0
4122,22,41,0.8250000000000001,0.2550000000000001,142,-0.6929566264152527,142,0.3543239086866379,142,0.0
4123,23,41,0.795,0.2550000000000001,142,-0.681596428155899,142,0.3749374598264694,142,0.0
4124,24,41,0.765,0.2550000000000001,142,-0.6699431538581848,142,0.4031817764043808,142,0.0
4125,25,41,0.735,0.2550000000000001,142,-0.6574976444244385,142,0.40255574882030487,142,0.0
4126,26,41,0.7050000000000001,0.2550000000000001,142,-0.6446276605129242,142,0.44496963918209076,142,0.0
4127,27,41,0.675,0.2550000000000001,142,-0.6306374967098236,142,0.4305640906095505,142,0.0
4128,28,41,0.645,0.2550000000000001,142,-0.618665874004364,142,0.42014653980731964,142,0.0
4129,29,41,0.615,0.2550000000000001,142,-0.6055171489715576,142,0.44997185468673706,142,0.0
4130,30,41,0.5850000000000001,0.2550000000000001,142,-0.5933082699775696,142,0.44801948964595795,142,0.0
4131,31,41,0.555,0.2550000000000001,142,-0.57952019572258,142,0.6789213716983795,142,0.0
4132,32,41,0.525,0.2550000000000001,142,-0.5646498501300812,142,1.134400486946106,142,0.10000000149011612
4133,33,41,0.4950000000000001,0.2550000000000001,142,-0.5154688954353333,142,0.7567330300807953,142,0.0
4134,34,41,0.4650000000000001,0.2550000000000001,142,-0.5133582353591919,142,0.0382586270570755,142,0.0
4135,35,41,0.43500000000000005,0.2550000000000001,142,-0.511792004108429,142,0.013495141174644232,142,0.0
4136,36,41,0.405,0.2550000000000001,142,-0.5117790102958679,142,0.0,142,0.0
4137,37,41,0.375,0.2550000000000001,142,-0.5116745829582214,142,0.0,142,0.0
4138,38,41,0.345,0.2550000000000001,142,-0.5115698277950287,142,0.004024306777864695,142,0.0
4139,39,41,0.31499999999999995,0.2550000000000001,142,-0.5114107429981232,142,0.012877086643129587,142,0.0
4140,40,41,0.28500000000000014,0.2550000000000001,142,-0.5104516744613647,142,0.02127041481435299,142,0.0
4141,41,41,0.2550000000000001,0.2550000000000001,142,-0.5095361173152924,142,0.02175360545516014,142,0.0
4142,42,41,0.2250000000000001,0.2550000000000001,142,-0.5091739296913147,142,0.018821656703948975,142,0.0
4143,43,41,0.19500000000000006,0.2550000000000001,142,-0.5086808800697327,142,0.021811415441334248,142,0.0
4144,44,41,0.16500000000000004,0.2550000000000001,142,-0.5080989897251129,142,0.02037366945296526,142,0.0
4145,45,41,0.135,0.2550000000000001,142,-0.5076242983341217,142,0.022333316504955292,142,0.0
4146,46,41,0.10499999999999998,0.2550000000000001,142,-0.5070240795612335,142,0.0241189394146204,142,0.0
4147,47,41,0.07499999999999996,0.2550000000000001,142,-0.5065065026283264,142,0.017806445248425007,142,0.0
4148,48,41,0.04500000000000015,0.2550000000000001,142,-0.5063900947570801,142,0.013242165092378855,142,0.0
4149,49,41,0.015000000000000124,0.2550000000000001,142,-0.5062938332557678,142,0.012479225639253855,142,0.0
4150,50,41,-0.014999999999999902,0.2550000000000001,142,-0.5063169598579407,142,0.012077887542545795,142,0.0
4151,51,41,-0.04499999999999993,0.2550000000000001,142,-0.5063169598579407,142,0.013090670108795166,142,0.0
4152,52,41,-0.07499999999999996,0.2550000000000001,142,-0.5064285099506378,142,0.022812475450336933,142,0.0
4153,53,41,-0.10499999999999998,0.2550000000000001,142,-0.5068194270133972,142,0.041480207815766335,142,0.0
4154,54,41,-0.135,0.2550000000000001,142,-0.5083369314670563,142,0.05004591681063175,142,0.0
4155,55,41,-0.16500000000000004,0.2550000000000001,142,-0.509705513715744,142,0.0369290504604578,142,0.0
4156,56,41,-0.19499999999999984,0.2550000000000001,142,-0.5098276436328888,142,0.029945948161184788,142,0.0
4157,57,41,-0.22499999999999987,0.2550000000000001,142,-0.509697675704956,142,0.027250250801444054,142,0.0
4158,58,41,-0.2549999999999999,0.2550000000000001,142,-0.5088159441947937,142,0.042340656742453575,142,0.0
4159,59,41,-0.2849999999999999,0.2550000000000001,142,-0.5074887275695801,142,0.055409882217645645,142,0.0
4160,60,41,-0.31499999999999995,0.2550000000000001,142,-0.5059975981712341,142,0.04218997247517109,142,0.0
4161,61,41,-0.345,0.2550000000000001,142,-0.5053641498088837,142,0.022070487961173058,142,0.0
4162,62,41,-0.375,0.2550000000000001,142,-0.5044686496257782,142,0.01976548694074154,142,0.0
4163,63,41,-0.405,0.2550000000000001,142,-0.5044686496257782,142,0.012105799280107021,142,0.0
4164,64,41,-0.43499999999999983,0.2550000000000001,142,-0.5039323270320892,142,0.009014610666781664,142,0.0
4165,65,41,-0.46499999999999986,0.2550000000000001,142,-0.503844827413559,142,0.0,142,0.0
4166,66,41,-0.4949999999999999,0.2550000000000001,142,-0.5042393505573273,142,0.0195242278277874,142,0.0
4167,67,41,-0.5249999999999999,0.2550000000000001,142,-0.5046725273132324,142,0.024700164794921875,142,0.0
4168,68,41,-0.5549999999999997,0.2550000000000001,142,-0.5047155320644379,142,0.02604686561971903,142,0.0
4169,69,41,-0.585,0.2550000000000001,142,-0.5040821731090546,142,0.021151204593479633,142,0.0
4170,70,41,-0.6149999999999998,0.2550000000000001,142,-0.503725677728653,142,0.018224120140075684,142,0.0
4171,71,41,-0.645,0.2550000000000001,142,-0.50352343916893,142,0.0068920457269996405,142,0.0
4172,72,41,-0.6749999999999998,0.2550000000000001,142,-0.5029563307762146,142,0.006319582462310791,142,0.0
4173,73,41,-0.7050000000000001,0.2550000000000001,142,-0.5028173625469208,142,0.0038181741256266832,142,0.0
4174,74,41,-0.7349999999999999,0.2550000000000001,142,-0.5026959478855133,142,0.004998296266421676,142,0.0
4175,75,41,-0.7650000000000001,0.2550000000000001,142,-0.5026959478855133,142,0.001963330723810941,142,0.0
4176,76,41,-0.7949999999999999,0.2550000000000001,142,-0.5021635591983795,142,0.0015495381667278707,142,0.0
4177,77,41,-0.8249999999999997,0.2550000000000001,142,-0.5020248293876648,142,0.0,142,0.0
4178,78,41,-0.855,0.2550000000000001,142,-0.5020543932914734,142,0.0,142,0.0
4179,79,41,-0.8849999999999998,0.2550000000000001,142,-0.502079427242279,142,0.0,142,0.0
4180,80,41,-0.915,0.2550000000000001,142,-0.5021896958351135,142,0.0,142,0.0
4181,81,41,-0.9449999999999998,0.2550000000000001,142,-0.5021896958351135,142,0.0,142,0.0
4182,82,41,-0.9750000000000001,0.2550000000000001,142,-0.5023674070835114,142,0.006615231977775693,142,0.0
4183,83,41,-1.005,0.2550000000000001,142,-0.5029876828193665,142,0.02555896807461977,142,0.0
4184,84,41,-1.0349999999999997,0.2550000000000001,142,-0.5042355060577393,142,0.048878198489546776,142,0.0
4185,85,41,-1.065,0.2550000000000001,142,-0.5055663287639618,142,0.030497213825583458,142,0.0
4186,86,41,-1.0949999999999998,0.2550000000000001,44,-0.5065129995346069,142,0.0,142,0.02199999988079071
4187,87,41,-1.125,0.2550000000000001,0,nan,142,0.0,142,0.02199999988079071
4188,88,41,-1.1549999999999998,0.2550000000000001,0,nan,142,0.0,142,0.02199999988079071
4189,89,41,-1.185,0.2550000000000001,0,nan,142,0.0,142,0.02199999988079071
4190,90,41,-1.2149999999999999,0.2550000000000001,0,nan,142,0.0,142,0.02199999988079071
4191,91,41,-1.245,0.2550000000000001,0,nan,142,0.0,142,0.02199999988079071
4192,92,41,-1.275,0.2550000000000001,0,nan,142,0.0,142,0.02199999988079071
4193,93,41,-1.3049999999999997,0.2550000000000001,0,nan,142,0.0,142,0.02199999988079071
4194,94,41,-1.335,0.2550000000000001,0,nan,142,0.0,142,0.02199999988079071
4195,95,41,-1.3649999999999998,0.2550000000000001,0,nan,142,0.0,142,0.02199999988079071
4196,96,41,-1.395,0.2550000000000001,0,nan,142,0.0,142,0.02199999988079071
4197,97,41,-1.4249999999999998,0.2550000000000001,0,nan,142,0.0,142,0.0
4198,98,41,-1.455,0.2550000000000001,0,nan,142,0.0,142,0.0
4199,99,41,-1.4849999999999999,0.2550000000000001,0,nan,142,0.0,142,0.0
4200,0,42,1.485,0.2250000000000001,0,nan,142,0.0,142,0.0
4201,1,42,1.455,0.2250000000000001,0,nan,142,0.0,142,0.0
4202,2,42,1.425,0.2250000000000001,0,nan,142,0.0,142,0.0
4203,3,42,1.395,0.2250000000000001,0,nan,142,0.0,142,0.02199999988079071
4204,4,42,1.365,0.2250000000000001,0,nan,142,0.0,142,0.02199999988079071
4205,5,42,1.335,0.2250000000000001,0,nan,142,0.0,142,0.02199999988079071
4206,6,42,1.305,0.2250000000000001,0,nan,142,0.0,142,0.02199999988079071
4207,7,42,1.275,0.2250000000000001,0,nan,142,0.0,142,0.02199999988079071
4208,8,42,1.245,0.2250000000000001,0,nan,142,0.0,142,0.02199999988079071
4209,9,42,1.215,0.2250000000000001,0,nan,142,0.0,142,0.02199999988079071
4210,10,42,1.185,0.2250000000000001,137,-0.7947590947151184,142,0.0,142,0.0
4211,11,42,1.155,0.2250000000000001,140,-0.7944347858428955,142,0.0,142,0.0
4212,12,42,1.125,0.2250000000000001,140,-0.7944347858428955,142,0.0,142,0.0
4213,13,42,1.095,0.2250000000000001,141,-0.7943139672279358,142,0.1490839719772339,142,0.0
4214,14,42,1.065,0.2250000000000001,142,-0.7848337292671204,142,0.30771641433238983,142,0.0
4215,15,42,1.0350000000000001,0.2250000000000001,142,-0.7740091681480408,142,0.2825806587934494,142,0.0
4216,16,42,1.005,0.2250000000000001,142,-0.7657183706760406,142,0.3160717338323593,142,0.0
4217,17,42,0.975,0.2250000000000001,142,-0.7536199688911438,142,0.34475891292095184,142,0.0
4218,18,42,0.9450000000000001,0.2250000000000001,142,-0.7430096566677094,142,0.3473682105541229,142,0.0
4219,19,42,0.915,0.2250000000000001,142,-0.733087420463562,142,0.41230878233909607,142,0.0
4220,20,42,0.885,0.2250000000000001,142,-0.7198973894119263,142,0.44462698698043823,142,0.0
4221,21,42,0.855,0.2250000000000001,142,-0.704161673784256,142,0.4414745271205902,142,0.0
4222,22,42,0.8250000000000001,0.2250000000000001,142,-0.6923730373382568,142,0.3477148711681366,142,0.0
4223,23,42,0.795,0.2250000000000001,142,-0.681596428155899,142,0.37575899064540863,142,0.0
4224,24,42,0.765,0.2250000000000001,142,-0.6696610450744629,142,0.39937347173690796,142,0.0
4225,25,42,0.735,0.2250000000000001,142,-0.6574549376964569,142,0.4025125801563263,142,0.0
4226,26,42,0.7050000000000001,0.2250000000000001,142,-0.6446522176265717,142,0.44095467031002045,142,0.0
4227,27,42,0.675,0.2250000000000001,142,-0.6306374967098236,142,0.4305640906095505,142,0.0
4228,28,42,0.645,0.2250000000000001,142,-0.6188386976718903,142,0.4164859801530838,142,0.0
4229,29,42,0.615,0.2250000000000001,142,-0.6056787967681885,142,0.43932579457759857,142,0.0
4230,30,42,0.5850000000000001,0.2250000000000001,142,-0.5935152471065521,142,0.42741845548152924,142,0.0
4231,31,42,0.555,0.2250000000000001,142,-0.5798071026802063,142,0.46489599347114563,142,0.0
4232,32,42,0.525,0.2250000000000001,142,-0.5663154125213623,142,0.9573588073253632,142,0.10000000149011612
4233,33,42,0.4950000000000001,0.2250000000000001,142,-0.5158961713314056,142,0.9239438474178314,142,0.10000000149011612
4234,34,42,0.4650000000000001,0.2250000000000001,142,-0.5141158103942871,142,0.26847557723522186,142,0.0
4235,35,42,0.43500000000000005,0.2250000000000001,142,-0.5125315189361572,142,0.031899116933345795,142,0.0
4236,36,42,0.405,0.2250000000000001,142,-0.512460857629776,142,0.0,142,0.0
4237,37,42,0.375,0.2250000000000001,142,-0.512460857629776,142,0.005651513580232859,142,0.0
4238,38,42,0.345,0.2250000000000001,142,-0.5123256146907806,142,0.015313289128243923,142,0.0
4239,39,42,0.31499999999999995,0.2250000000000001,142,-0.5120836794376373,142,0.0219907583668828,142,0.0
4240,40,42,0.28500000000000014,0.2250000000000001,142,-0.5109603703022003,142,0.03160601481795311,142,0.0
4241,41,42,0.2550000000000001,0.2250000000000001,142,-0.5100035965442657,142,0.03527303226292133,142,0.0
4242,42,42,0.2250000000000001,0.2250000000000001,142,-0.5094392001628876,142,0.027913476340472698,142,0.0
4243,43,42,0.19500000000000006,0.2250000000000001,142,-0.5088294744491577,142,0.028471937403082848,142,0.0
4244,44,42,0.16500000000000004,0.2250000000000001,142,-0.5081138908863068,142,0.026732570491731167,142,0.0
4245,45,42,0.135,0.2250000000000001,142,-0.5073753893375397,142,0.026380758732557297,142,0.0
4246,46,42,0.10499999999999998,0.2250000000000001,142,-0.5066317319869995,142,0.023745394311845303,142,0.0
4247,47,42,0.07499999999999996,0.2250000000000001,142,-0.5057914555072784,142,0.014334911480545998,142,0.0
4248,48,42,0.04500000000000015,0.2250000000000001,142,-0.50574591755867,142,0.005693379091098905,142,0.0
4249,49,42,0.015000000000000124,0.2250000000000001,142,-0.5057180821895599,142,0.001143194065662101,142,0.0
4250,50,42,-0.014999999999999902,0.2250000000000001,142,-0.5057180821895599,142,0.0,142,0.0
4251,51,42,-0.04499999999999993,0.2250000000000001,142,-0.5057384967803955,142,0.0007010233675828204,142,0.0
4252,52,42,-0.07499999999999996,0.2250000000000001,142,-0.5057682991027832,142,0.01654106006026268,142,0.0
4253,53,42,-0.10499999999999998,0.2250000000000001,142,-0.5064285099506378,142,0.041335467249155045,142,0.0
4254,54,42,-0.135,0.2250000000000001,142,-0.50814089179039,142,0.05550566874444485,142,0.0
4255,55,42,-0.16500000000000004,0.2250000000000001,142,-0.5095983147621155,142,0.03784644044935703,142,0.0
4256,56,42,-0.19499999999999984,0.2250000000000001,142,-0.509705513715744,142,0.029613717459142208,142,0.0
4257,57,42,-0.22499999999999987,0.2250000000000001,142,-0.5095652341842651,142,0.028660893440246582,142,0.0
4258,58,42,-0.2549999999999999,0.2250000000000001,142,-0.5086777806282043,142,0.04877706803381443,142,0.0
4259,59,42,-0.2849999999999999,0.2250000000000001,142,-0.5072437226772308,142,0.05299309082329273,142,0.0
4260,60,42,-0.31499999999999995,0.2250000000000001,142,-0.5053070783615112,142,0.038428425788879395,142,0.0
4261,61,42,-0.345,0.2250000000000001,142,-0.5042750835418701,142,0.01993773691356182,142,0.0
4262,62,42,-0.375,0.2250000000000001,142,-0.5038999915122986,142,0.00918967416509986,142,0.0
4263,63,42,-0.405,0.2250000000000001,142,-0.5038999915122986,142,0.01036720722913742,142,0.0
4264,64,42,-0.43499999999999983,0.2250000000000001,142,-0.5037244856357574,142,0.008092100732028484,142,0.0
4265,65,42,-0.46499999999999986,0.2250000000000001,142,-0.5037244856357574,142,0.0013374431291595101,142,0.0
4266,66,42,-0.4949999999999999,0.2250000000000001,142,-0.5039323270320892,142,0.021815350279211998,142,0.0
4267,67,42,-0.5249999999999999,0.2250000000000001,142,-0.504490464925766,142,0.025154092349112034,142,0.0
4268,68,42,-0.5549999999999997,0.2250000000000001,142,-0.5045490860939026,142,0.024884098209440708,142,0.0
4269,69,42,-0.585,0.2250000000000001,142,-0.5040014982223511,142,0.021480116061866283,142,0.0
4270,70,42,-0.6149999999999998,0.2250000000000001,142,-0.5037545561790466,142,0.014778474811464548,142,0.0
4271,71,42,-0.645,0.2250000000000001,142,-0.5036889016628265,142,0.009758247062563896,142,0.0
4272,72,42,-0.6749999999999998,0.2250000000000001,142,-0.5031051933765411,142,0.01093273377045989,142,0.0
4273,73,42,-0.7050000000000001,0.2250000000000001,142,-0.5028541684150696,142,0.006256362656131387,142,0.0
4274,74,42,-0.7349999999999999,0.2250000000000001,142,-0.5026795566082001,142,0.006018638843670487,142,0.0
4275,75,42,-0.7650000000000001,0.2250000000000001,142,-0.5026795566082001,142,0.006224421551451087,142,0.0
4276,76,42,-0.7949999999999999,0.2250000000000001,142,-0.502081423997879,142,0.0012144446081947535,142,0.0
4277,77,42,-0.8249999999999997,0.2250000000000001,142,-0.5019873976707458,142,0.0,142,0.0
4278,78,42,-0.855,0.2250000000000001,142,-0.5019873976707458,142,0.0,142,0.0
4279,79,42,-0.8849999999999998,0.2250000000000001,142,-0.5020248293876648,142,0.0,142,0.0
4280,80,42,-0.915,0.2250000000000001,142,-0.5020563900470734,142,0.0,142,0.0
4281,81,42,-0.9449999999999998,0.2250000000000001,142,-0.5020563900470734,142,0.0,142,0.0
4282,82,42,-0.9750000000000001,0.2250000000000001,142,-0.5022667944431305,142,0.012855231761932373,142,0.0
4283,83,42,-1.005,0.2250000000000001,142,-0.5030653774738312,142,0.03377055563032627,142,0.0
4284,84,42,-1.0349999999999997,0.2250000000000001,142,-0.5044713914394379,142,0.04551633633673191,142,0.0
4285,85,42,-1.065,0.2250000000000001,142,-0.5056215524673462,142,0.024328128434717655,142,0.0
4286,86,42,-1.0949999999999998,0.2250000000000001,44,-0.5065129995346069,142,0.0,142,0.02199999988079071
4287,87,42,-1.125,0.2250000000000001,0,nan,142,0.0,142,0.02199999988079071
4288,88,42,-1.1549999999999998,0.2250000000000001,0,nan,142,0.0,142,0.02199999988079071
4289,89,42,-1.185,0.2250000000000001,0,nan,142,0.0,142,0.02199999988079071
4290,90,42,-1.2149999999999999,0.2250000000000001,0,nan,142,0.0,142,0.02199999988079071
4291,91,42,-1.245,0.2250000000000001,0,nan,142,0.0,142,0.02199999988079071
4292,92,42,-1.275,0.2250000000000001,0,nan,142,0.0,142,0.02199999988079071
4293,93,42,-1.3049999999999997,0.2250000000000001,0,nan,142,0.0,142,0.02199999988079071
4294,94,42,-1.335,0.2250000000000001,0,nan,142,0.0,142,0.02199999988079071
4295,95,42,-1.3649999999999998,0.2250000000000001,0,nan,142,0.0,142,0.02199999988079071
4296,96,42,-1.395,0.2250000000000001,0,nan,142,0.0,142,0.02199999988079071
4297,97,42,-1.4249999999999998,0.2250000000000001,0,nan,142,0.0,142,0.0
4298,98,42,-1.455,0.2250000000000001,0,nan,142,0.0,142,0.0
4299,99,42,-1.4849999999999999,0.2250000000000001,0,nan,142,0.0,142,0.0
4300,0,43,1.485,0.19500000000000006,0,nan,142,0.0,142,0.0
4301,1,43,1.455,0.19500000000000006,0,nan,142,0.0,142,0.0
4302,2,43,1.425,0.19500000000000006,0,nan,142,0.0,142,0.0
4303,3,43,1.395,0.19500000000000006,0,nan,142,0.0,142,0.02199999988079071
4304,4,43,1.365,0.19500000000000006,0,nan,142,0.0,142,0.02199999988079071
4305,5,43,1.335,0.19500000000000006,0,nan,142,0.0,142,0.02199999988079071
4306,6,43,1.305,0.19500000000000006,0,nan,142,0.0,142,0.02199999988079071
4307,7,43,1.275,0.19500000000000006,0,nan,142,0.0,142,0.02199999988079071
4308,8,43,1.245,0.19500000000000006,0,nan,142,0.0,142,0.02199999988079071
4309,9,43,1.215,0.19500000000000006,0,nan,142,0.0,142,0.02199999988079071
4310,10,43,1.185,0.19500000000000006,137,-0.7939804792404175,142,0.0,142,0.0
4311,11,43,1.155,0.19500000000000006,140,-0.7936679124832153,142,0.0,142,0.0
4312,12,43,1.125,0.19500000000000006,140,-0.7936679124832153,142,0.0,142,0.0
4313,13,43,1.095,0.19500000000000006,141,-0.7936558723449707,142,0.1387067809700966,142,0.0
4314,14,43,1.065,0.19500000000000006,142,-0.7837254703044891,142,0.29244132339954376,142,0.0
4315,15,43,1.0350000000000001,0.19500000000000006,142,-0.7736297845840454,142,0.27641841769218445,142,0.0
4316,16,43,1.005,0.19500000000000006,142,-0.7642353475093842,142,0.3182809352874756,142,0.0
4317,17,43,0.975,0.19500000000000006,142,-0.7533919513225555,142,0.3416328728199005,142,0.0
4318,18,43,0.9450000000000001,0.19500000000000006,142,-0.7425153255462646,142,0.3720118850469589,142,0.0
4319,19,43,0.915,0.19500000000000006,142,-0.7325349748134613,142,0.4039369970560074,142,0.0
4320,20,43,0.885,0.19500000000000006,142,-0.718940258026123,142,0.44252781569957733,142,0.0
4321,21,43,0.855,0.19500000000000006,142,-0.7037799060344696,142,0.43175604939460754,142,0.0
4322,22,43,0.8250000000000001,0.19500000000000006,142,-0.6921895146369934,142,0.34627872705459595,142,0.0
4323,23,43,0.795,0.19500000000000006,142,-0.681641697883606,142,0.37603825330734253,142,0.0
4324,24,43,0.765,0.19500000000000006,142,-0.6696716547012329,142,0.4113445281982422,142,0.0
4325,25,43,0.735,0.19500000000000006,142,-0.6572839021682739,142,0.40027131140232086,142,0.0
4326,26,43,0.7050000000000001,0.19500000000000006,142,-0.6446522176265717,142,0.44020338356494904,142,0.0
4327,27,43,0.675,0.19500000000000006,142,-0.6305420696735382,142,0.4335165023803711,142,0.0
4328,28,43,0.645,0.19500000000000006,142,-0.6188386976718903,142,0.4148664027452469,142,0.0
4329,29,43,0.615,0.19500000000000006,142,-0.6057345867156982,142,0.4304366558790207,142,0.0
4330,30,43,0.5850000000000001,0.19500000000000006,142,-0.5936027765274048,142,0.42750537395477295,142,0.0
4331,31,43,0.555,0.19500000000000006,142,-0.5800025463104248,142,0.43967224657535553,142,0.0
4332,32,43,0.525,0.19500000000000006,142,-0.5674533843994141,142,0.6399647295475006,142,0.0
4333,33,43,0.4950000000000001,0.19500000000000006,141,-0.5519869327545166,142,0.929732620716095,142,0.10000000149011612
4334,34,43,0.4650000000000001,0.19500000000000006,142,-0.5157603621482849,142,0.5484235286712646,142,0.0
4335,35,43,0.43500000000000005,0.19500000000000006,142,-0.5134842693805695,142,0.04897266626358032,142,0.0
4336,36,43,0.405,0.19500000000000006,142,-0.5134842693805695,142,0.01087486743927002,142,0.0
4337,37,43,0.375,0.19500000000000006,142,-0.5134842693805695,142,0.016848246566951275,142,0.0
4338,38,43,0.345,0.19500000000000006,142,-0.5133174657821655,142,0.020907225087285042,142,0.0
4339,39,43,0.31499999999999995,0.19500000000000006,142,-0.5130014717578888,142,0.02694409154355526,142,0.0
4340,40,43,0.28500000000000014,0.19500000000000006,142,-0.5117661952972412,142,0.04452122002840042,142,0.0
4341,41,43,0.2550000000000001,0.19500000000000006,142,-0.5104345083236694,142,0.04698534682393074,142,0.0
4342,42,43,0.2250000000000001,0.19500000000000006,142,-0.5094919800758362,142,0.03198603726923466,142,0.0
4343,43,43,0.19500000000000006,0.19500000000000006,142,-0.5089047253131866,142,0.030462443828582764,142,0.0
4344,44,43,0.16500000000000004,0.19500000000000006,142,-0.5080435276031494,142,0.02804422192275524,142,0.0
4345,45,43,0.135,0.19500000000000006,142,-0.5072225332260132,142,0.025810986757278442,142,0.0
4346,46,43,0.10499999999999998,0.19500000000000006,142,-0.5065953731536865,142,0.01642719190567732,142,0.0
4347,47,43,0.07499999999999996,0.19500000000000006,142,-0.5057156980037689,142,0.005728503223508596,142,0.0
4348,48,43,0.04500000000000015,0.19500000000000006,142,-0.5055645406246185,142,0.0,142,0.0
4349,49,43,0.015000000000000124,0.19500000000000006,142,-0.5054994523525238,142,0.0,142,0.0
4350,50,43,-0.014999999999999902,0.19500000000000006,142,-0.505402684211731,142,0.0,142,0.0
4351,51,43,-0.04499999999999993,0.19500000000000006,142,-0.505402684211731,142,0.0,142,0.0
4352,52,43,-0.07499999999999996,0.19500000000000006,142,-0.5054673850536346,142,0.013950467109680176,142,0.0
4353,53,43,-0.10499999999999998,0.19500000000000006,142,-0.5060618221759796,142,0.04456939920783043,142,0.0
4354,54,43,-0.135,0.19500000000000006,142,-0.508134514093399,142,0.06076196767389774,142,0.0
4355,55,43,-0.16500000000000004,0.19500000000000006,142,-0.5094186067581177,142,0.04066028259694576,142,0.0
4356,56,43,-0.19499999999999984,0.19500000000000006,142,-0.509705513715744,142,0.030094385147094727,142,0.0
4357,57,43,-0.22499999999999987,0.19500000000000006,142,-0.5095226466655731,142,0.03539423272013664,142,0.0
4358,58,43,-0.2549999999999999,0.19500000000000006,142,-0.5085279047489166,142,0.05499819852411747,142,0.0
4359,59,43,-0.2849999999999999,0.19500000000000006,142,-0.5068010687828064,142,0.05621019005775452,142,0.0
4360,60,43,-0.31499999999999995,0.19500000000000006,142,-0.5047087967395782,142,0.02940975595265627,142,0.0
4361,61,43,-0.345,0.19500000000000006,142,-0.5039836168289185,142,0.0074113409500569105,142,0.0
4362,62,43,-0.375,0.19500000000000006,142,-0.5037090182304382,142,0.0025565425166860223,142,0.0
4363,63,43,-0.405,0.19500000000000006,142,-0.5037090182304382,142,0.009083747863769531,142,0.0
4364,64,43,-0.43499999999999983,0.19500000000000006,142,-0.5036036372184753,142,0.00614176201634109,142,0.0
4365,65,43,-0.46499999999999986,0.19500000000000006,142,-0.5036036372184753,142,0.0004128635046072304,142,0.0
4366,66,43,-0.4949999999999999,0.19500000000000006,142,-0.5036974847316742,142,0.02313355542719364,142,0.0
4367,67,43,-0.5249999999999999,0.19500000000000006,142,-0.504101425409317,142,0.029388020746409893,142,0.0
4368,68,43,-0.5549999999999997,0.19500000000000006,142,-0.5045948624610901,142,0.030761655420064926,142,0.0
4369,69,43,-0.585,0.19500000000000006,142,-0.5039875507354736,142,0.02466973103582859,142,0.0
4370,70,43,-0.6149999999999998,0.19500000000000006,142,-0.5037799775600433,142,0.016214830800890923,142,0.0
4371,71,43,-0.645,0.19500000000000006,142,-0.5037793517112732,142,0.01144111156463623,142,0.0
4372,72,43,-0.6749999999999998,0.19500000000000006,142,-0.5032288432121277,142,0.01270718825981021,142,0.0
4373,73,43,-0.7050000000000001,0.19500000000000006,142,-0.5029584169387817,142,0.012200485914945602,142,0.0
4374,74,43,-0.7349999999999999,0.19500000000000006,142,-0.5027208626270294,142,0.01235460489988327,142,0.0
4375,75,43,-0.7650000000000001,0.19500000000000006,142,-0.5026959478855133,142,0.012830949388444424,142,0.0
4376,76,43,-0.7949999999999999,0.19500000000000006,142,-0.502081423997879,142,0.0088972351513803,142,0.0
4377,77,43,-0.8249999999999997,0.19500000000000006,142,-0.5019581019878387,142,0.0,142,0.0
4378,78,43,-0.855,0.19500000000000006,142,-0.5019873976707458,142,0.0,142,0.0
4379,79,43,-0.8849999999999998,0.19500000000000006,142,-0.5019873976707458,142,0.0,142,0.0
4380,80,43,-0.915,0.19500000000000006,142,-0.5020248293876648,142,0.0,142,0.0
4381,81,43,-0.9449999999999998,0.19500000000000006,142,-0.5020292103290558,142,0.0,142,0.0
4382,82,43,-0.9750000000000001,0.19500000000000006,142,-0.5022800862789154,142,0.02008743118494749,142,0.0
4383,83,43,-1.005,0.19500000000000006,142,-0.5038308501243591,142,0.037433722987771034,142,0.0
4384,84,43,-1.0349999999999997,0.19500000000000006,142,-0.504921942949295,142,0.037485186010599136,142,0.0
4385,85,43,-1.065,0.19500000000000006,142,-0.5060753226280212,142,0.022356693632900715,142,0.0
4386,86,43,-1.0949999999999998,0.19500000000000006,44,-0.5068218111991882,142,0.0,142,0.02199999988079071
4387,87,43,-1.125,0.19500000000000006,0,nan,142,0.0,142,0.02199999988079071
4388,88,43,-1.1549999999999998,0.19500000000000006,0,nan,142,0.0,142,0.02199999988079071
4389,89,43,-1.185,0.19500000000000006,0,nan,142,0.0,142,0.02199999988079071
4390,90,43,-1.2149999999999999,0.19500000000000006,0,nan,142,0.0,142,0.02199999988079071
4391,91,43,-1.245,0.19500000000000006,0,nan,142,0.0,142,0.02199999988079071
4392,92,43,-1.275,0.19500000000000006,0,nan,142,0.0,142,0.02199999988079071
4393,93,43,-1.3049999999999997,0.19500000000000006,0,nan,142,0.0,142,0.02199999988079071
4394,94,43,-1.335,0.19500000000000006,0,nan,142,0.0,142,0.02199999988079071
4395,95,43,-1.3649999999999998,0.19500000000000006,0,nan,142,0.0,142,0.02199999988079071
4396,96,43,-1.395,0.19500000000000006,0,nan,142,0.0,142,0.02199999988079071
4397,97,43,-1.4249999999999998,0.19500000000000006,0,nan,142,0.0,142,0.0
4398,98,43,-1.455,0.19500000000000006,0,nan,142,0.0,142,0.0
4399,99,43,-1.4849999999999999,0.19500000000000006,0,nan,142,0.0,142,0.0
4400,0,44,1.485,0.16500000000000004,0,nan,142,0.0,142,0.0
4401,1,44,1.455,0.16500000000000004,0,nan,142,0.0,142,0.0
4402,2,44,1.425,0.16500000000000004,0,nan,142,0.0,142,0.0
4403,3,44,1.395,0.16500000000000004,0,nan,142,0.0,142,0.02199999988079071
4404,4,44,1.365,0.16500000000000004,0,nan,142,0.0,142,0.02199999988079071
4405,5,44,1.335,0.16500000000000004,0,nan,142,0.0,142,0.02199999988079071
4406,6,44,1.305,0.16500000000000004,0,nan,142,0.0,142,0.02199999988079071
4407,7,44,1.275,0.16500000000000004,0,nan,142,0.0,142,0.02199999988079071
4408,8,44,1.245,0.16500000000000004,0,nan,142,0.0,142,0.02199999988079071
4409,9,44,1.215,0.16500000000000004,0,nan,142,0.0,142,0.02199999988079071
4410,10,44,1.185,0.16500000000000004,137,-0.7936031818389893,142,0.0,142,0.0
4411,11,44,1.155,0.16500000000000004,140,-0.7935497760772705,142,0.0,142,0.0
4412,12,44,1.125,0.16500000000000004,140,-0.7935497760772705,142,0.0,142,0.0
4413,13,44,1.095,0.16500000000000004,141,-0.7935466766357422,142,0.13378728181123734,142,0.0
4414,14,44,1.065,0.16500000000000004,142,-0.7832265794277191,142,0.28698867559432983,142,0.0
4415,15,44,1.0350000000000001,0.16500000000000004,142,-0.7736915051937103,142,0.27004076540470123,142,0.0
4416,16,44,1.005,0.16500000000000004,142,-0.7642353475093842,142,0.32384060323238373,142,0.0
4417,17,44,0.975,0.16500000000000004,142,-0.7531138956546783,142,0.3460058271884918,142,0.0
4418,18,44,0.9450000000000001,0.16500000000000004,142,-0.7420674264431,142,0.3952692449092865,142,0.0
4419,19,44,0.915,0.16500000000000004,142,-0.7314907312393188,142,0.4236327260732651,142,0.0
4420,20,44,0.885,0.16500000000000004,142,-0.7170685231685638,142,0.4370812475681305,142,0.0
4421,21,44,0.855,0.16500000000000004,142,-0.7028672397136688,142,0.403934583067894,142,0.0
4422,22,44,0.8250000000000001,0.16500000000000004,142,-0.6921661496162415,142,0.34443096816539764,142,0.0
4423,23,44,0.795,0.16500000000000004,142,-0.6818813681602478,142,0.37550032138824463,142,0.0
4424,24,44,0.765,0.16500000000000004,142,-0.6696716547012329,142,0.41422297060489655,142,0.0
4425,25,44,0.735,0.16500000000000004,142,-0.6573514640331268,142,0.39484700560569763,142,0.0
4426,26,44,0.7050000000000001,0.16500000000000004,142,-0.6449299156665802,142,0.4408789426088333,142,0.0
4427,27,44,0.675,0.16500000000000004,142,-0.6305420696735382,142,0.434564545750618,142,0.0
4428,28,44,0.645,0.16500000000000004,142,-0.6189654469490051,142,0.41205844283103943,142,0.0
4429,29,44,0.615,0.16500000000000004,142,-0.6057345867156982,142,0.43657611310482025,142,0.0
4430,30,44,0.5850000000000001,0.16500000000000004,142,-0.5936551094055176,142,0.4227585643529892,142,0.0
4431,31,44,0.555,0.16500000000000004,142,-0.5803268253803253,142,0.43401990830898285,142,0.0
4432,32,44,0.525,0.16500000000000004,142,-0.5686654448509216,142,0.45957665145397186,142,0.0
4433,33,44,0.4950000000000001,0.16500000000000004,142,-0.5536586046218872,142,0.8382535874843597,142,0.0
4434,34,44,0.4650000000000001,0.16500000000000004,142,-0.51618492603302,142,0.716956615447998,142,0.0
4435,35,44,0.43500000000000005,0.16500000000000004,142,-0.5134360492229462,142,0.11841904371976852,142,0.0
4436,36,44,0.405,0.16500000000000004,142,-0.5134360492229462,142,0.0,142,0.0
4437,37,44,0.375,0.16500000000000004,142,-0.5134360492229462,142,0.0,142,0.0
4438,38,44,0.345,0.16500000000000004,142,-0.5132583677768707,142,0.009480169508606195,142,0.0
4439,39,44,0.31499999999999995,0.16500000000000004,142,-0.5129792988300323,142,0.01866966485977173,142,0.0
4440,40,44,0.28500000000000014,0.16500000000000004,142,-0.5117971301078796,142,0.03987072594463825,142,0.0
4441,41,44,0.2550000000000001,0.16500000000000004,142,-0.5100207626819611,142,0.0459710918366909,142,0.0
4442,42,44,0.2250000000000001,0.16500000000000004,142,-0.5093634724617004,142,0.03208249807357788,142,0.0
4443,43,44,0.19500000000000006,0.16500000000000004,142,-0.5087753534317017,142,0.024781824089586735,142,0.0
4444,44,44,0.16500000000000004,0.16500000000000004,142,-0.5080111920833588,142,0.02786485105752945,142,0.0
4445,45,44,0.135,0.16500000000000004,142,-0.5072100460529327,142,0.02262827567756176,142,0.0
4446,46,44,0.10499999999999998,0.16500000000000004,142,-0.5065663456916809,142,0.016398231498897076,142,0.0
4447,47,44,0.07499999999999996,0.16500000000000004,142,-0.5056542158126831,142,0.0048304598312824965,142,0.0
4448,48,44,0.04500000000000015,0.16500000000000004,142,-0.5052917301654816,142,0.0,142,0.0
4449,49,44,0.015000000000000124,0.16500000000000004,142,-0.505103200674057,142,0.0,142,0.0
4450,50,44,-0.014999999999999902,0.16500000000000004,142,-0.5050549209117889,142,0.0,142,0.0
4451,51,44,-0.04499999999999993,0.16500000000000004,142,-0.5050773918628693,142,0.0,142,0.0
4452,52,44,-0.07499999999999996,0.16500000000000004,142,-0.5051252543926239,142,0.009671350475400686,142,0.0
4453,53,44,-0.10499999999999998,0.16500000000000004,142,-0.5056814551353455,142,0.04327595233917236,142,0.0
4454,54,44,-0.135,0.16500000000000004,142,-0.5074231624603271,142,0.059572627767920494,142,0.0
4455,55,44,-0.16500000000000004,0.16500000000000004,142,-0.5090456306934357,142,0.04111013375222683,142,0.0
4456,56,44,-0.19499999999999984,0.16500000000000004,142,-0.5096990168094635,142,0.03536889888346195,142,0.0
4457,57,44,-0.22499999999999987,0.16500000000000004,142,-0.5092063844203949,142,0.046012893319129944,142,0.0
4458,58,44,-0.2549999999999999,0.16500000000000004,142,-0.5084278285503387,142,0.061289532110095024,142,0.0
4459,59,44,-0.2849999999999999,0.16500000000000004,142,-0.5067145228385925,142,0.06916401907801628,142,0.0
4460,60,44,-0.31499999999999995,0.16500000000000004,142,-0.5037624537944794,142,0.03940413519740105,142,0.0
4461,61,44,-0.345,0.16500000000000004,142,-0.5035380721092224,142,0.0074113409500569105,142,0.0
4462,62,44,-0.375,0.16500000000000004,142,-0.5034859478473663,142,0.0,142,0.0
4463,63,44,-0.405,0.16500000000000004,142,-0.5034859478473663,142,0.010535765904933214,142,0.0
4464,64,44,-0.43499999999999983,0.16500000000000004,142,-0.5032578408718109,142,0.00832651020027697,142,0.0
4465,65,44,-0.46499999999999986,0.16500000000000004,142,-0.5032578408718109,142,0.0,142,0.0
4466,66,44,-0.4949999999999999,0.16500000000000004,142,-0.5033687651157379,142,0.023646346293389797,142,0.0
4467,67,44,-0.5249999999999999,0.16500000000000004,142,-0.5039373934268951,142,0.02949585486203432,142,0.0
4468,68,44,-0.5549999999999997,0.16500000000000004,142,-0.5042892396450043,142,0.029607681557536125,142,0.0
4469,69,44,-0.585,0.16500000000000004,142,-0.5040036141872406,142,0.02715884428471327,142,0.0
4470,70,44,-0.6149999999999998,0.16500000000000004,142,-0.5039907991886139,142,0.01948924921452999,142,0.0
4471,71,44,-0.645,0.16500000000000004,142,-0.5040036141872406,142,0.01895846426486969,142,0.0
4472,72,44,-0.6749999999999998,0.16500000000000004,142,-0.5037679374217987,142,0.020470870658755302,142,0.0
4473,73,44,-0.7050000000000001,0.16500000000000004,142,-0.5036099553108215,142,0.021957664750516415,142,0.0
4474,74,44,-0.7349999999999999,0.16500000000000004,142,-0.5031461715698242,142,0.024853034876286983,142,0.0
4475,75,44,-0.7650000000000001,0.16500000000000004,142,-0.5027903914451599,142,0.020965933799743652,142,0.0
4476,76,44,-0.7949999999999999,0.16500000000000004,142,-0.5021904110908508,142,0.014096001628786325,142,0.0
4477,77,44,-0.8249999999999997,0.16500000000000004,142,-0.5020563900470734,142,0.0037911037215963006,142,0.0
4478,78,44,-0.855,0.16500000000000004,142,-0.502081423997879,142,0.0,142,0.0
4479,79,44,-0.8849999999999998,0.16500000000000004,142,-0.502081423997879,142,0.0,142,0.0
4480,80,44,-0.915,0.16500000000000004,142,-0.5020995736122131,142,0.0,142,0.0
4481,81,44,-0.9449999999999998,0.16500000000000004,142,-0.5020995736122131,142,0.0,142,0.0
4482,82,44,-0.9750000000000001,0.16500000000000004,142,-0.5023674070835114,142,0.027637796476483345,142,0.0
4483,83,44,-1.005,0.16500000000000004,142,-0.5039155185222626,142,0.03559192083775997,142,0.0
4484,84,44,-1.0349999999999997,0.16500000000000004,142,-0.5049317479133606,142,0.029395023360848427,142,0.0
4485,85,44,-1.065,0.16500000000000004,142,-0.5060964524745941,142,0.012751816306263208,142,0.0
4486,86,44,-1.0949999999999998,0.16500000000000004,44,-0.5068218111991882,142,0.0,142,0.02199999988079071
4487,87,44,-1.125,0.16500000000000004,0,nan,142,0.0,142,0.02199999988079071
4488,88,44,-1.1549999999999998,0.16500000000000004,0,nan,142,0.0,142,0.02199999988079071
4489,89,44,-1.185,0.16500000000000004,0,nan,142,0.0,142,0.02199999988079071
4490,90,44,-1.2149999999999999,0.16500000000000004,0,nan,142,0.0,142,0.02199999988079071
4491,91,44,-1.245,0.16500000000000004,0,nan,142,0.0,142,0.02199999988079071
4492,92,44,-1.275,0.16500000000000004,0,nan,142,0.0,142,0.02199999988079071
4493,93,44,-1.3049999999999997,0.16500000000000004,0,nan,142,0.0,142,0.02199999988079071
4494,94,44,-1.335,0.16500000000000004,0,nan,142,0.0,142,0.02199999988079071
4495,95,44,-1.3649999999999998,0.16500000000000004,0,nan,142,0.0,142,0.02199999988079071
4496,96,44,-1.395,0.16500000000000004,0,nan,142,0.0,142,0.02199999988079071
4497,97,44,-1.4249999999999998,0.16500000000000004,0,nan,142,0.0,142,0.0
4498,98,44,-1.455,0.16500000000000004,0,nan,142,0.0,142,0.0
4499,99,44,-1.4849999999999999,0.16500000000000004,0,nan,142,0.0,142,0.0
4500,0,45,1.485,0.135,0,nan,142,0.0,142,0.0
4501,1,45,1.455,0.135,0,nan,142,0.0,142,0.0
4502,2,45,1.425,0.135,0,nan,142,0.0,142,0.0
4503,3,45,1.395,0.135,0,nan,142,0.0,142,0.02199999988079071
4504,4,45,1.365,0.135,0,nan,142,0.0,142,0.02199999988079071
4505,5,45,1.335,0.135,0,nan,142,0.0,142,0.02199999988079071
4506,6,45,1.305,0.135,0,nan,142,0.0,142,0.02199999988079071
4507,7,45,1.275,0.135,0,nan,142,0.0,142,0.02199999988079071
4508,8,45,1.245,0.135,0,nan,142,0.0,142,0.02199999988079071
4509,9,45,1.215,0.135,0,nan,142,0.0,142,0.02199999988079071
4510,10,45,1.185,0.135,137,-0.7936030626296997,142,0.0,142,0.0
4511,11,45,1.155,0.135,140,-0.7933415174484253,142,0.0,142,0.0
4512,12,45,1.125,0.135,140,-0.7933415174484253,142,0.0,142,0.0
4513,13,45,1.095,0.135,141,-0.7933060526847839,142,0.1342470943927765,142,0.0
4514,14,45,1.065,0.135,142,-0.7831507325172424,142,0.27989037334918976,142,0.0
4515,15,45,1.0350000000000001,0.135,142,-0.7739850580692291,142,0.27344971895217896,142,0.0
4516,16,45,1.005,0.135,142,-0.7641366124153137,142,0.31049367785453796,142,0.0
4517,17,45,0.975,0.135,142,-0.7530823647975922,142,0.35365086793899536,142,0.0
4518,18,45,0.9450000000000001,0.135,142,-0.7417263388633728,142,0.4065524786710739,142,0.0
4519,19,45,0.915,0.135,142,-0.7296040058135986,142,0.4364689737558365,142,0.0
4520,20,45,0.885,0.135,142,-0.7165704667568207,142,0.43117640912532806,142,0.0
4521,21,45,0.855,0.135,142,-0.7028277218341827,142,0.39337730407714844,142,0.0
4522,22,45,0.8250000000000001,0.135,142,-0.6921850442886353,142,0.33731403946876526,142,0.0
4523,23,45,0.795,0.135,142,-0.6819919347763062,142,0.370040163397789,142,0.0
4524,24,45,0.765,0.135,142,-0.6697634756565094,142,0.41674043238162994,142,0.0
4525,25,45,0.735,0.135,142,-0.6574096083641052,142,0.3982236385345459,142,0.0
4526,26,45,0.7050000000000001,0.135,142,-0.6449299156665802,142,0.44015298783779144,142,0.0
4527,27,45,0.675,0.135,142,-0.6307064592838287,142,0.4410088062286377,142,0.0
4528,28,45,0.645,0.135,142,-0.618989497423172,142,0.4139830619096756,142,0.0
4529,29,45,0.615,0.135,142,-0.6057767570018768,142,0.43716490268707275,142,0.0
4530,30,45,0.5850000000000001,0.135,142,-0.5937241911888123,142,0.41332992911338806,142,0.0
4531,31,45,0.555,0.135,142,-0.5809915959835052,142,0.42810720205307007,142,0.0
4532,32,45,0.525,0.135,142,-0.5686865448951721,142,0.44355636835098267,142,0.0
4533,33,45,0.4950000000000001,0.135,142,-0.5550220906734467,142,0.7027084827423096,142,0.0
4534,34,45,0.4650000000000001,0.135,140,-0.5188869833946228,142,0.7428421676158905,142,0.0
4535,35,45,0.43500000000000005,0.135,142,-0.5136458277702332,142,0.26058681309223175,142,0.0
4536,36,45,0.405,0.135,142,-0.5136458277702332,142,0.0,142,0.0
4537,37,45,0.375,0.135,142,-0.5136458277702332,142,0.0,142,0.0
4538,38,45,0.345,0.135,142,-0.5134075284004211,142,0.0073462724685668945,142,0.0
4539,39,45,0.31499999999999995,0.135,142,-0.5131529569625854,142,0.014798990450799465,142,0.0
4540,40,45,0.28500000000000014,0.135,142,-0.5120264291763306,142,0.035201363265514374,142,0.0
4541,41,45,0.2550000000000001,0.135,142,-0.5100221335887909,142,0.04630034789443016,142,0.0
4542,42,45,0.2250000000000001,0.135,142,-0.5093827545642853,142,0.029894709587097168,142,0.0
4543,43,45,0.19500000000000006,0.135,142,-0.5086787939071655,142,0.022095179185271263,142,0.0
4544,44,45,0.16500000000000004,0.135,142,-0.5080318748950958,142,0.02493301033973694,142,0.0
4545,45,45,0.135,0.135,142,-0.5072225332260132,142,0.020743906497955322,142,0.0
4546,46,45,0.10499999999999998,0.135,142,-0.5065563321113586,142,0.012939566280692816,142,0.0
4547,47,45,0.07499999999999996,0.135,142,-0.5055760741233826,142,0.0008352502918569371,142,0.0
4548,48,45,0.04500000000000015,0.135,142,-0.5051628947257996,142,0.0,142,0.0
4549,49,45,0.015000000000000124,0.135,142,-0.5050893127918243,142,0.0,142,0.0
4550,50,45,-0.014999999999999902,0.135,142,-0.5049534738063812,142,0.0,142,0.0
4551,51,45,-0.04499999999999993,0.135,142,-0.5050162971019745,142,0.0,142,0.0
4552,52,45,-0.07499999999999996,0.135,142,-0.5050893127918243,142,0.0004072439332958311,142,0.0
4553,53,45,-0.10499999999999998,0.135,142,-0.5052578449249268,142,0.04310781881213188,142,0.0
4554,54,45,-0.135,0.135,142,-0.507038027048111,142,0.06204843521118164,142,0.0
4555,55,45,-0.16500000000000004,0.135,142,-0.5087635517120361,142,0.039404528215527534,142,0.0
4556,56,45,-0.19499999999999984,0.135,142,-0.5089491009712219,142,0.04129532724618912,142,0.0
4557,57,45,-0.22499999999999987,0.135,142,-0.508434921503067,142,0.06005963310599327,142,0.0
4558,58,45,-0.2549999999999999,0.135,142,-0.5079775154590607,142,0.06884435564279556,142,0.0
4559,59,45,-0.2849999999999999,0.135,142,-0.5062193274497986,142,0.06821309030056,142,0.0
4560,60,45,-0.31499999999999995,0.135,142,-0.5033444762229919,142,0.0380977988243103,142,0.0
4561,61,45,-0.345,0.135,142,-0.5030922889709473,142,0.0,142,0.0
4562,62,45,-0.375,0.135,142,-0.5031897127628326,142,0.0,142,0.0
4563,63,45,-0.405,0.135,142,-0.5032196044921875,142,0.010496874339878559,142,0.0
4564,64,45,-0.43499999999999983,0.135,142,-0.5031112730503082,142,0.009816884994506836,142,0.0
4565,65,45,-0.46499999999999986,0.135,142,-0.5031366646289825,142,0.0,142,0.0
4566,66,45,-0.4949999999999999,0.135,142,-0.5033483803272247,142,0.016942620277404785,142,0.0
4567,67,45,-0.5249999999999999,0.135,142,-0.5039480924606323,142,0.028116504661738873,142,0.0
4568,68,45,-0.5549999999999997,0.135,142,-0.504277378320694,142,0.024485801346600056,142,0.0
4569,69,45,-0.585,0.135,142,-0.5040225684642792,142,0.023994600400328636,142,0.0
4570,70,45,-0.6149999999999998,0.135,142,-0.504079133272171,142,0.022946545854210854,142,0.0
4571,71,45,-0.645,0.135,142,-0.5041123926639557,142,0.022588719613850117,142,0.0
4572,72,45,-0.6749999999999998,0.135,142,-0.504079133272171,142,0.024220244027674198,142,0.0
4573,73,45,-0.7050000000000001,0.135,142,-0.5040509700775146,142,0.026169397868216038,142,0.0
4574,74,45,-0.7349999999999999,0.135,142,-0.5038539171218872,142,0.031121420674026012,142,0.0
4575,75,45,-0.7650000000000001,0.135,142,-0.50347900390625,142,0.030083457939326763,142,0.0
4576,76,45,-0.7949999999999999,0.135,142,-0.5029558837413788,142,0.026347190141677856,142,0.0
4577,77,45,-0.8249999999999997,0.135,142,-0.5024634897708893,142,0.01392066478729248,142,0.0
4578,78,45,-0.855,0.135,142,-0.5025693476200104,142,0.009440878871828318,142,0.0
4579,79,45,-0.8849999999999998,0.135,142,-0.5025693476200104,142,0.00452200579456985,142,0.0
4580,80,45,-0.915,0.135,142,-0.5026319026947021,142,0.0046863560564816,142,0.0
4581,81,45,-0.9449999999999998,0.135,142,-0.5026319026947021,142,0.018901626579463482,142,0.0
4582,82,45,-0.9750000000000001,0.135,142,-0.5030287504196167,142,0.03442014381289482,142,0.0
4583,83,45,-1.005,0.135,142,-0.5041824877262115,142,0.036054832860827446,142,0.0
4584,84,45,-1.0349999999999997,0.135,142,-0.5050071477890015,142,0.030945241451263428,142,0.0
4585,85,45,-1.065,0.135,142,-0.5061306953430176,142,0.016034122556447983,142,0.0
4586,86,45,-1.0949999999999998,0.135,44,-0.5068218111991882,142,0.0,142,0.02199999988079071
4587,87,45,-1.125,0.135,0,nan,142,0.0,142,0.02199999988079071
4588,88,45,-1.1549999999999998,0.135,0,nan,142,0.0,142,0.02199999988079071
4589,89,45,-1.185,0.135,0,nan,142,0.0,142,0.02199999988079071
4590,90,45,-1.2149999999999999,0.135,0,nan,142,0.0,142,0.02199999988079071
4591,91,45,-1.245,0.135,0,nan,142,0.0,142,0.02199999988079071
4592,92,45,-1.275,0.135,0,nan,142,0.0,142,0.02199999988079071
4593,93,45,-1.3049999999999997,0.135,0,nan,142,0.0,142,0.02199999988079071
4594,94,45,-1.335,0.135,0,nan,142,0.0,142,0.02199999988079071
4595,95,45,-1.3649999999999998,0.135,0,nan,142,0.0,142,0.02199999988079071
4596,96,45,-1.395,0.135,0,nan,142,0.0,142,0.02199999988079071
4597,97,45,-1.4249999999999998,0.135,0,nan,142,0.0,142,0.0
4598,98,45,-1.455,0.135,0,nan,142,0.0,142,0.0
4599,99,45,-1.4849999999999999,0.135,0,nan,142,0.0,142,0.0
4600,0,46,1.485,0.10499999999999998,0,nan,142,0.0,142,0.0
4601,1,46,1.455,0.10499999999999998,0,nan,142,0.0,142,0.0
4602,2,46,1.425,0.10499999999999998,0,nan,142,0.0,142,0.0
4603,3,46,1.395,0.10499999999999998,0,nan,142,0.0,142,0.02199999988079071
4604,4,46,1.365,0.10499999999999998,0,nan,142,0.0,142,0.02199999988079071
4605,5,46,1.335,0.10499999999999998,0,nan,142,0.0,142,0.02199999988079071
4606,6,46,1.305,0.10499999999999998,0,nan,142,0.0,142,0.02199999988079071
4607,7,46,1.275,0.10499999999999998,0,nan,142,0.0,142,0.02199999988079071
4608,8,46,1.245,0.10499999999999998,0,nan,142,0.0,142,0.02199999988079071
4609,9,46,1.215,0.10499999999999998,0,nan,142,0.0,142,0.02199999988079071
4610,10,46,1.185,0.10499999999999998,137,-0.7936031818389893,142,0.0,142,0.0
4611,11,46,1.155,0.10499999999999998,140,-0.7934735715389252,142,0.0,142,0.0
4612,12,46,1.125,0.10499999999999998,140,-0.7934735715389252,142,0.0,142,0.0
4613,13,46,1.095,0.10499999999999998,141,-0.7933769822120667,142,0.13528192043304443,142,0.0
4614,14,46,1.065,0.10499999999999998,142,-0.7832265794277191,142,0.2817412167787552,142,0.0
4615,15,46,1.0350000000000001,0.10499999999999998,142,-0.7741256356239319,142,0.27822060883045197,142,0.0
4616,16,46,1.005,0.10499999999999998,142,-0.7644511461257935,142,0.3077148199081421,142,0.0
4617,17,46,0.975,0.10499999999999998,142,-0.7537022829055786,142,0.3638935536146164,142,0.0
4618,18,46,0.9450000000000001,0.10499999999999998,142,-0.7413612306118011,142,0.420853391289711,142,0.0
4619,19,46,0.915,0.10499999999999998,142,-0.7285382449626923,142,0.43754878640174866,142,0.0
4620,20,46,0.885,0.10499999999999998,142,-0.7158350348472595,142,0.4239843040704727,142,0.0
4621,21,46,0.855,0.10499999999999998,142,-0.7028168141841888,142,0.3800993114709854,142,0.0
4622,22,46,0.8250000000000001,0.10499999999999998,142,-0.6924028396606445,142,0.3276670426130295,142,0.0
4623,23,46,0.795,0.10499999999999998,142,-0.6819919347763062,142,0.3754251003265381,142,0.0
4624,24,46,0.765,0.10499999999999998,142,-0.6698506474494934,142,0.41502851247787476,142,0.0
4625,25,46,0.735,0.10499999999999998,142,-0.6574096083641052,142,0.3981681168079376,142,0.0
4626,26,46,0.7050000000000001,0.10499999999999998,142,-0.6448909342288971,142,0.44050435721874237,142,0.0
4627,27,46,0.675,0.10499999999999998,142,-0.6302655339241028,142,0.43135394155979156,142,0.0
4628,28,46,0.645,0.10499999999999998,142,-0.6190314590930939,142,0.41437211632728577,142,0.0
4629,29,46,0.615,0.10499999999999998,142,-0.6057450473308563,142,0.4400908946990967,142,0.0
4630,30,46,0.5850000000000001,0.10499999999999998,142,-0.59357550740242,142,0.41498392820358276,142,0.0
4631,31,46,0.555,0.10499999999999998,142,-0.5811271369457245,142,0.4258055239915848,142,0.0
4632,32,46,0.525,0.10499999999999998,142,-0.5687221884727478,142,0.4384445250034332,142,0.0
4633,33,46,0.4950000000000001,0.10499999999999998,142,-0.5553847849369049,142,0.4521426409482956,142,0.0
4634,34,46,0.4650000000000001,0.10499999999999998,138,-0.5497966706752777,142,0.7298746109008789,142,0.0
4635,35,46,0.43500000000000005,0.10499999999999998,142,-0.5134842693805695,142,0.5310388207435608,142,0.0
4636,36,46,0.405,0.10499999999999998,142,-0.5134409964084625,142,0.0,142,0.0
4637,37,46,0.375,0.10499999999999998,142,-0.5134409964084625,142,0.0,142,0.0
4638,38,46,0.345,0.10499999999999998,142,-0.5132670700550079,142,0.0,142,0.0
4639,39,46,0.31499999999999995,0.10499999999999998,142,-0.5129216909408569,142,0.008107556030154228,142,0.0
4640,40,46,0.28500000000000014,0.10499999999999998,142,-0.5119622349739075,142,0.026896098628640175,142,0.0
4641,41,46,0.2550000000000001,0.10499999999999998,142,-0.5103783011436462,142,0.045182667672634125,142,0.0
4642,42,46,0.2250000000000001,0.10499999999999998,142,-0.5094561874866486,142,0.026713164523243904,142,0.0
4643,43,46,0.19500000000000006,0.10499999999999998,142,-0.5086080431938171,142,0.02283385582268238,142,0.0
4644,44,46,0.16500000000000004,0.10499999999999998,142,-0.5080567300319672,142,0.0262772049754858,142,0.0
4645,45,46,0.135,0.10499999999999998,142,-0.5072297751903534,142,0.022134876810014248,142,0.0
4646,46,46,0.10499999999999998,0.10499999999999998,142,-0.506379097700119,142,0.010299446992576122,142,0.0
4647,47,46,0.07499999999999996,0.10499999999999998,142,-0.5055071115493774,142,0.0025193787296302617,142,0.0
4648,48,46,0.04500000000000015,0.10499999999999998,142,-0.5051628947257996,142,0.0,142,0.0
4649,49,46,0.015000000000000124,0.10499999999999998,142,-0.5051252543926239,142,0.0,142,0.0
4650,50,46,-0.014999999999999902,0.10499999999999998,142,-0.5050165057182312,142,0.0,142,0.0
4651,51,46,-0.04499999999999993,0.10499999999999998,142,-0.5050165057182312,142,0.0,142,0.0
4652,52,46,-0.07499999999999996,0.10499999999999998,142,-0.505103200674057,142,0.0,142,0.0
4653,53,46,-0.10499999999999998,0.10499999999999998,142,-0.5053146481513977,142,0.04548369534313679,142,0.0
4654,54,46,-0.135,0.10499999999999998,142,-0.507119745016098,142,0.05303749442100525,142,0.0
4655,55,46,-0.16500000000000004,0.10499999999999998,142,-0.5074334740638733,142,0.04323003068566322,142,0.0
4656,56,46,-0.19499999999999984,0.10499999999999998,142,-0.5079128742218018,142,0.03949226997792721,142,0.0
4657,57,46,-0.22499999999999987,0.10499999999999998,142,-0.5058932602405548,142,0.06241159699857235,142,0.0
4658,58,46,-0.2549999999999999,0.10499999999999998,142,-0.5064412951469421,142,0.06260490044951439,142,0.0
4659,59,46,-0.2849999999999999,0.10499999999999998,142,-0.5046960413455963,142,0.06162453442811966,142,0.0
4660,60,46,-0.31499999999999995,0.10499999999999998,142,-0.5028039216995239,142,0.0352440532296896,142,0.0
4661,61,46,-0.345,0.10499999999999998,142,-0.5024657249450684,142,0.009535146877169609,142,0.0
4662,62,46,-0.375,0.10499999999999998,142,-0.5030922889709473,142,0.007765630027279258,142,0.0
4663,63,46,-0.405,0.10499999999999998,142,-0.5030922889709473,142,0.015262194443494081,142,0.0
4664,64,46,-0.43499999999999983,0.10499999999999998,142,-0.502920538187027,142,0.022383827716112137,142,0.0
4665,65,46,-0.46499999999999986,0.10499999999999998,142,-0.5029885768890381,142,0.009980300907045603,142,0.0
4666,66,46,-0.4949999999999999,0.10499999999999998,142,-0.5033148527145386,142,0.02352794073522091,142,0.0
4667,67,46,-0.5249999999999999,0.10499999999999998,142,-0.5038363933563232,142,0.02901503350585699,142,0.0
4668,68,46,-0.5549999999999997,0.10499999999999998,142,-0.5042368769645691,142,0.020846926607191563,142,0.0
4669,69,46,-0.585,0.10499999999999998,142,-0.5040225684642792,142,0.02203709725290537,142,0.0
4670,70,46,-0.6149999999999998,0.10499999999999998,142,-0.5041673481464386,142,0.026722158305346966,142,0.0
4671,71,46,-0.645,0.10499999999999998,142,-0.5044677257537842,142,0.027643144130706787,142,0.0
4672,72,46,-0.6749999999999998,0.10499999999999998,142,-0.5045579075813293,142,0.02402464859187603,142,0.0
4673,73,46,-0.7050000000000001,0.10499999999999998,142,-0.5045579075813293,142,0.02350425347685814,142,0.0
4674,74,46,-0.7349999999999999,0.10499999999999998,142,-0.5040347278118134,142,0.03128013573586941,142,0.0
4675,75,46,-0.7650000000000001,0.10499999999999998,142,-0.5039949417114258,142,0.030421155504882336,142,0.0
4676,76,46,-0.7949999999999999,0.10499999999999998,142,-0.5035484135150909,142,0.023718470707535744,142,0.0
4677,77,46,-0.8249999999999997,0.10499999999999998,142,-0.5029396712779999,142,0.018057984299957752,142,0.0
4678,78,46,-0.855,0.10499999999999998,142,-0.5029396712779999,142,0.008845329284667969,142,0.0
4679,79,46,-0.8849999999999998,0.10499999999999998,142,-0.5029847621917725,142,0.004933797987177968,142,0.0
4680,80,46,-0.915,0.10499999999999998,142,-0.5030088126659393,142,0.003961722133681178,142,0.0
4681,81,46,-0.9449999999999998,0.10499999999999998,142,-0.5030088126659393,142,0.015287407673895359,142,0.0
4682,82,46,-0.9750000000000001,0.10499999999999998,142,-0.5039693117141724,142,0.03156255278736353,142,0.0
4683,83,46,-1.005,0.10499999999999998,142,-0.5048608481884003,142,0.03128945920616388,142,0.0
4684,84,46,-1.0349999999999997,0.10499999999999998,142,-0.5053366124629974,142,0.027600889094173908,142,0.0
4685,85,46,-1.065,0.10499999999999998,142,-0.5062195062637329,142,0.011378022376447916,142,0.0
4686,86,46,-1.0949999999999998,0.10499999999999998,44,-0.5068218111991882,142,0.0,142,0.02199999988079071
4687,87,46,-1.125,0.10499999999999998,0,nan,142,0.0,142,0.02199999988079071
4688,88,46,-1.1549999999999998,0.10499999999999998,0,nan,142,0.0,142,0.02199999988079071
4689,89,46,-1.185,0.10499999999999998,0,nan,142,0.0,142,0.02199999988079071
4690,90,46,-1.2149999999999999,0.10499999999999998,0,nan,142,0.0,142,0.02199999988079071
4691,91,46,-1.245,0.10499999999999998,0,nan,142,0.0,142,0.02199999988079071
4692,92,46,-1.275,0.10499999999999998,0,nan,142,0.0,142,0.02199999988079071
4693,93,46,-1.3049999999999997,0.10499999999999998,0,nan,142,0.0,142,0.02199999988079071
4694,94,46,-1.335,0.10499999999999998,0,nan,142,0.0,142,0.02199999988079071
4695,95,46,-1.3649999999999998,0.10499999999999998,0,nan,142,0.0,142,0.02199999988079071
4696,96,46,-1.395,0.10499999999999998,0,nan,142,0.0,142,0.02199999988079071
4697,97,46,-1.4249999999999998,0.10499999999999998,0,nan,142,0.0,142,0.0
4698,98,46,-1.455,0.10499999999999998,0,nan,142,0.0,142,0.0
4699,99,46,-1.4849999999999999,0.10499999999999998,0,nan,142,0.0,142,0.0
4700,0,47,1.485,0.07499999999999996,0,nan,142,0.0,142,0.0
4701,1,47,1.455,0.07499999999999996,0,nan,142,0.0,142,0.0
4702,2,47,1.425,0.07499999999999996,0,nan,142,0.0,142,0.0
4703,3,47,1.395,0.07499999999999996,0,nan,142,0.0,142,0.02199999988079071
4704,4,47,1.365,0.07499999999999996,0,nan,142,0.0,142,0.02199999988079071
4705,5,47,1.335,0.07499999999999996,0,nan,142,0.0,142,0.02199999988079071
4706,6,47,1.305,0.07499999999999996,0,nan,142,0.0,142,0.02199999988079071
4707,7,47,1.275,0.07499999999999996,0,nan,142,0.0,142,0.02199999988079071
4708,8,47,1.245,0.07499999999999996,0,nan,142,0.0,142,0.02199999988079071
4709,9,47,1.215,0.07499999999999996,0,nan,142,0.0,142,0.02199999988079071
4710,10,47,1.185,0.07499999999999996,137,-0.794015645980835,142,0.0,142,0.0
4711,11,47,1.155,0.07499999999999996,140,-0.7936031222343445,142,0.0,142,0.0
4712,12,47,1.125,0.07499999999999996,140,-0.7936031222343445,142,0.0,142,0.0
4713,13,47,1.095,0.07499999999999996,141,-0.7936030626296997,142,0.13562937825918198,142,0.0
4714,14,47,1.065,0.07499999999999996,142,-0.7833552956581116,142,0.27900931239128113,142,0.0
4715,15,47,1.0350000000000001,0.07499999999999996,142,-0.7743922472000122,142,0.28146740794181824,142,0.0
4716,16,47,1.005,0.07499999999999996,142,-0.7644511461257935,142,0.30703504383563995,142,0.0
4717,17,47,0.975,0.07499999999999996,142,-0.7535726726055145,142,0.3695835918188095,142,0.0
4718,18,47,0.9450000000000001,0.07499999999999996,142,-0.7412517368793488,142,0.4309269189834595,142,0.0
4719,19,47,0.915,0.07499999999999996,142,-0.7274246513843536,142,0.4337320029735565,142,0.0
4720,20,47,0.885,0.07499999999999996,142,-0.7153779864311218,142,0.4098223149776459,142,0.0
4721,21,47,0.855,0.07499999999999996,142,-0.7026518285274506,142,0.36554811894893646,142,0.0
4722,22,47,0.8250000000000001,0.07499999999999996,142,-0.6924547255039215,142,0.329691082239151,142,0.0
4723,23,47,0.795,0.07499999999999996,142,-0.6817712187767029,142,0.38347627222537994,142,0.0
4724,24,47,0.765,0.07499999999999996,142,-0.6696781516075134,142,0.40968145430088043,142,0.0
4725,25,47,0.735,0.07499999999999996,142,-0.6572225093841553,142,0.40965133905410767,142,0.0
4726,26,47,0.7050000000000001,0.07499999999999996,142,-0.6441079676151276,142,0.44168438017368317,142,0.0
4727,27,47,0.675,0.07499999999999996,142,-0.629929393529892,142,0.41741177439689636,142,0.0
4728,28,47,0.645,0.07499999999999996,142,-0.6190739274024963,142,0.41059575974941254,142,0.0
4729,29,47,0.615,0.07499999999999996,142,-0.6056787967681885,142,0.4438602328300476,142,0.0
4730,30,47,0.5850000000000001,0.07499999999999996,142,-0.5935109257698059,142,0.4142571985721588,142,0.0
4731,31,47,0.555,0.07499999999999996,142,-0.5813937187194824,142,0.4223119169473648,142,0.0
4732,32,47,0.525,0.07499999999999996,142,-0.5687665045261383,142,0.4445037394762039,142,0.0
4733,33,47,0.4950000000000001,0.07499999999999996,142,-0.5557476282119751,142,0.32660067081451416,142,0.0
4734,34,47,0.4650000000000001,0.07499999999999996,138,-0.5501730740070343,142,0.7068755924701691,142,0.0
4735,35,47,0.43500000000000005,0.07499999999999996,142,-0.513391762971878,142,0.5982478559017181,142,0.0
4736,36,47,0.405,0.07499999999999996,142,-0.5133190155029297,142,0.0,142,0.0
4737,37,47,0.375,0.07499999999999996,142,-0.5133190155029297,142,0.0,142,0.0
4738,38,47,0.345,0.07499999999999996,142,-0.513201117515564,142,0.0,142,0.0
4739,39,47,0.31499999999999995,0.07499999999999996,142,-0.5126605927944183,142,0.0031439204467460513,142,0.0
4740,40,47,0.28500000000000014,0.07499999999999996,142,-0.5118511021137238,142,0.01940031908452511,142,0.0
4741,41,47,0.2550000000000001,0.07499999999999996,142,-0.510112076997757,142,0.046092431992292404,142,0.0
4742,42,47,0.2250000000000001,0.07499999999999996,142,-0.5093803703784943,142,0.03003254346549511,142,0.0
4743,43,47,0.19500000000000006,0.07499999999999996,142,-0.5086080431938171,142,0.02199808694422245,142,0.0
4744,44,47,0.16500000000000004,0.07499999999999996,142,-0.5080182552337646,142,0.025673328898847103,142,0.0
4745,45,47,0.135,0.07499999999999996,142,-0.5072416365146637,142,0.022173921577632427,142,0.0
4746,46,47,0.10499999999999998,0.07499999999999996,142,-0.5065563321113586,142,0.012021263130009174,142,0.0
4747,47,47,0.07499999999999996,0.07499999999999996,142,-0.5054024159908295,142,0.005852182628586888,142,0.0
4748,48,47,0.04500000000000015,0.07499999999999996,142,-0.5051628947257996,142,0.0,142,0.0
4749,49,47,0.015000000000000124,0.07499999999999996,142,-0.5050893127918243,142,0.0,142,0.0
4750,50,47,-0.014999999999999902,0.07499999999999996,142,-0.5049534738063812,142,0.0,142,0.0
4751,51,47,-0.04499999999999993,0.07499999999999996,142,-0.5049534738063812,142,0.0,142,0.0
4752,52,47,-0.07499999999999996,0.07499999999999996,142,-0.5050893127918243,142,0.004322826862335205,142,0.0
4753,53,47,-0.10499999999999998,0.07499999999999996,142,-0.5052260458469391,142,0.047492893412709236,142,0.0
4754,54,47,-0.135,0.07499999999999996,142,-0.5067663788795471,142,0.04950607940554619,142,0.0
4755,55,47,-0.16500000000000004,0.07499999999999996,142,-0.5059913992881775,142,0.04160679131746292,142,0.0
4756,56,47,-0.19499999999999984,0.07499999999999996,142,-0.506516695022583,142,0.03029306698590517,142,0.0
4757,57,47,-0.22499999999999987,0.07499999999999996,142,-0.5042489469051361,142,0.04230431653559208,142,0.0
4758,58,47,-0.2549999999999999,0.07499999999999996,142,-0.5046252012252808,142,0.034111738204956055,142,0.0
4759,59,47,-0.2849999999999999,0.07499999999999996,142,-0.5038685202598572,142,0.03662036918103695,142,0.0
4760,60,47,-0.31499999999999995,0.07499999999999996,142,-0.5020866394042969,142,0.01632894016802311,142,0.0
4761,61,47,-0.345,0.07499999999999996,142,-0.5020774900913239,142,0.019951164722442627,142,0.0
4762,62,47,-0.375,0.07499999999999996,142,-0.5030540525913239,142,0.013042986392974854,142,0.0
4763,63,47,-0.405,0.07499999999999996,142,-0.5030425786972046,142,0.015428184997290373,142,0.0
4764,64,47,-0.43499999999999983,0.07499999999999996,142,-0.5019734799861908,142,0.023182603530585766,142,0.0
4765,65,47,-0.46499999999999986,0.07499999999999996,142,-0.5021384358406067,142,0.005606810096651316,142,0.0
4766,66,47,-0.4949999999999999,0.07499999999999996,142,-0.5024451911449432,142,0.01563106384128332,142,0.0
4767,67,47,-0.5249999999999999,0.07499999999999996,142,-0.5036225914955139,142,0.022380161099135876,142,0.0
4768,68,47,-0.5549999999999997,0.07499999999999996,142,-0.5040890872478485,142,0.008942334912717342,142,0.0
4769,69,47,-0.585,0.07499999999999996,142,-0.504025012254715,142,0.015828232746571302,142,0.0
4770,70,47,-0.6149999999999998,0.07499999999999996,142,-0.504277378320694,142,0.021286740899086,142,0.0
4771,71,47,-0.645,0.07499999999999996,142,-0.5048705041408539,142,0.022533063776791096,142,0.0
4772,72,47,-0.6749999999999998,0.07499999999999996,142,-0.5050162076950073,142,0.02130021620541811,142,0.0
4773,73,47,-0.7050000000000001,0.07499999999999996,142,-0.505084753036499,142,0.02132852841168642,142,0.0
4774,74,47,-0.7349999999999999,0.07499999999999996,142,-0.5046218633651733,142,0.027485447004437447,142,0.0
4775,75,47,-0.7650000000000001,0.07499999999999996,142,-0.5044146776199341,142,0.02418312430381775,142,0.0
4776,76,47,-0.7949999999999999,0.07499999999999996,142,-0.5037543475627899,142,0.016208489425480366,142,0.0
4777,77,47,-0.8249999999999997,0.07499999999999996,142,-0.5030625760555267,142,0.0060414273757487535,142,0.0
4778,78,47,-0.855,0.07499999999999996,142,-0.5030513405799866,142,0.0,142,0.0
4779,79,47,-0.8849999999999998,0.07499999999999996,142,-0.5030625760555267,142,0.0,142,0.0
4780,80,47,-0.915,0.07499999999999996,142,-0.5030741989612579,142,0.0,142,0.0
4781,81,47,-0.9449999999999998,0.07499999999999996,142,-0.5030741989612579,142,0.005601346492767334,142,0.0
4782,82,47,-0.9750000000000001,0.07499999999999996,142,-0.5041579306125641,142,0.019259750843048096,142,0.0
4783,83,47,-1.005,0.07499999999999996,142,-0.5048930943012238,142,0.01823720708489418,142,0.0
4784,84,47,-1.0349999999999997,0.07499999999999996,142,-0.5053666234016418,142,0.01766681671142578,142,0.0
4785,85,47,-1.065,0.07499999999999996,142,-0.5062195062637329,142,0.00021805366486660205,142,0.0
4786,86,47,-1.0949999999999998,0.07499999999999996,44,-0.5068218111991882,142,0.0,142,0.02199999988079071
4787,87,47,-1.125,0.07499999999999996,0,nan,142,0.0,142,0.02199999988079071
4788,88,47,-1.1549999999999998,0.07499999999999996,0,nan,142,0.0,142,0.02199999988079071
4789,89,47,-1.185,0.07499999999999996,0,nan,142,0.0,142,0.02199999988079071
4790,90,47,-1.2149999999999999,0.07499999999999996,0,nan,142,0.0,142,0.02199999988079071
4791,91,47,-1.245,0.07499999999999996,0,nan,142,0.0,142,0.02199999988079071
4792,92,47,-1.275,0.07499999999999996,0,nan,142,0.0,142,0.02199999988079071
4793,93,47,-1.3049999999999997,0.07499999999999996,0,nan,142,0.0,142,0.02199999988079071
4794,94,47,-1.335,0.07499999999999996,0,nan,142,0.0,142,0.02199999988079071
4795,95,47,-1.3649999999999998,0.07499999999999996,0,nan,142,0.0,142,0.02199999988079071
4796,96,47,-1.395,0.07499999999999996,0,nan,142,0.0,142,0.02199999988079071
4797,97,47,-1.4249999999999998,0.07499999999999996,0,nan,142,0.0,142,0.0
4798,98,47,-1.455,0.07499999999999996,0,nan,142,0.0,142,0.0
4799,99,47,-1.4849999999999999,0.07499999999999996,0,nan,142,0.0,142,0.0
4800,0,48,1.485,0.04500000000000015,0,nan,142,0.0,142,0.0
4801,1,48,1.455,0.04500000000000015,0,nan,142,0.0,142,0.0
4802,2,48,1.425,0.04500000000000015,0,nan,142,0.0,142,0.0
4803,3,48,1.395,0.04500000000000015,0,nan,142,0.0,142,0.02199999988079071
4804,4,48,1.365,0.04500000000000015,0,nan,142,0.0,142,0.02199999988079071
4805,5,48,1.335,0.04500000000000015,0,nan,142,0.0,142,0.02199999988079071
4806,6,48,1.305,0.04500000000000015,0,nan,142,0.0,142,0.02199999988079071
4807,7,48,1.275,0.04500000000000015,0,nan,142,0.0,142,0.02199999988079071
4808,8,48,1.245,0.04500000000000015,0,nan,142,0.0,142,0.02199999988079071
4809,9,48,1.215,0.04500000000000015,0,nan,142,0.0,142,0.02199999988079071
4810,10,48,1.185,0.04500000000000015,137,-0.7940238118171692,142,0.0,142,0.0
4811,11,48,1.155,0.04500000000000015,140,-0.7938936948776245,142,0.0,142,0.0
4812,12,48,1.125,0.04500000000000015,140,-0.7938936948776245,142,0.0,142,0.0
4813,13,48,1.095,0.04500000000000015,141,-0.7938069105148315,142,0.13484084606170654,142,0.0
4814,14,48,1.065,0.04500000000000015,142,-0.7833661735057831,142,0.28490668535232544,142,0.0
4815,15,48,1.0350000000000001,0.04500000000000015,142,-0.7742035090923309,142,0.28351013362407684,142,0.0
4816,16,48,1.005,0.04500000000000015,142,-0.7644511461257935,142,0.30756863951683044,142,0.0
4817,17,48,0.975,0.04500000000000015,142,-0.7531067728996277,142,0.3774420917034149,142,0.0
4818,18,48,0.9450000000000001,0.04500000000000015,142,-0.7406531870365143,142,0.424367755651474,142,0.0
4819,19,48,0.915,0.04500000000000015,142,-0.7272131145000458,142,0.42528635263442993,142,0.0
4820,20,48,0.885,0.04500000000000015,142,-0.7152079045772552,142,0.41041623055934906,142,0.0
4821,21,48,0.855,0.04500000000000015,142,-0.7026027143001556,142,0.3562788814306259,142,0.0
4822,22,48,0.8250000000000001,0.04500000000000015,142,-0.6925385594367981,142,0.3299102485179901,142,0.0
4823,23,48,0.795,0.04500000000000015,142,-0.6813299357891083,142,0.3877534717321396,142,0.0
4824,24,48,0.765,0.04500000000000015,142,-0.668399304151535,142,0.41093237698078156,142,0.0
4825,25,48,0.735,0.04500000000000015,142,-0.6567267179489136,142,0.41842471063137054,142,0.0
4826,26,48,0.7050000000000001,0.04500000000000015,142,-0.6436692178249359,142,0.43338435888290405,142,0.0
4827,27,48,0.675,0.04500000000000015,142,-0.6297387182712555,142,0.40495817363262177,142,0.0
4828,28,48,0.645,0.04500000000000015,142,-0.6189867556095123,142,0.40591390430927277,142,0.0
4829,29,48,0.615,0.04500000000000015,142,-0.6058527529239655,142,0.4367635101079941,142,0.0
4830,30,48,0.5850000000000001,0.04500000000000015,142,-0.5935109257698059,142,0.3962635099887848,142,0.0
4831,31,48,0.555,0.04500000000000015,142,-0.5830537676811218,142,0.4243950843811035,142,0.0
4832,32,48,0.525,0.04500000000000015,142,-0.5687665045261383,142,0.453512042760849,142,0.0
4833,33,48,0.4950000000000001,0.04500000000000015,142,-0.5559316575527191,142,0.3203277736902237,142,0.0
4834,34,48,0.4650000000000001,0.04500000000000015,138,-0.5502989590167999,142,0.7096067667007446,142,0.0
4835,35,48,0.43500000000000005,0.04500000000000015,142,-0.5132670700550079,142,0.6095133125782013,142,0.0
4836,36,48,0.405,0.04500000000000015,142,-0.5132354497909546,142,0.0,142,0.0
4837,37,48,0.375,0.04500000000000015,142,-0.5132354497909546,142,0.0,142,0.0
4838,38,48,0.345,0.04500000000000015,142,-0.5130391120910645,142,0.0,142,0.0
4839,39,48,0.31499999999999995,0.04500000000000015,142,-0.5124370157718658,142,0.0020235776901245117,142,0.0
4840,40,48,0.28500000000000014,0.04500000000000015,142,-0.512050986289978,142,0.015456478111445904,142,0.0
4841,41,48,0.2550000000000001,0.04500000000000015,142,-0.510152667760849,142,0.047419384121894836,142,0.0
4842,42,48,0.2250000000000001,0.04500000000000015,142,-0.5092802345752716,142,0.03634067624807358,142,0.0
4843,43,48,0.19500000000000006,0.04500000000000015,142,-0.5086080431938171,142,0.023434302769601345,142,0.0
4844,44,48,0.16500000000000004,0.04500000000000015,142,-0.5079964101314545,142,0.026164105162024498,142,0.0
4845,45,48,0.135,0.04500000000000015,142,-0.5071943402290344,142,0.02330249361693859,142,0.0
4846,46,48,0.10499999999999998,0.04500000000000015,142,-0.5064324140548706,142,0.017696619033813477,142,0.0
4847,47,48,0.07499999999999996,0.04500000000000015,142,-0.505528450012207,142,0.011909504421055317,142,0.0
4848,48,48,0.04500000000000015,0.04500000000000015,142,-0.5052391886711121,142,0.006155153037980199,142,0.0
4849,49,48,0.015000000000000124,0.04500000000000015,142,-0.5051568746566772,142,0.004405279876664281,142,0.0
4850,50,48,-0.014999999999999902,0.04500000000000015,142,-0.5051024258136749,142,0.0,142,0.0
4851,51,48,-0.04499999999999993,0.04500000000000015,142,-0.5050893127918243,142,0.0,142,0.0
4852,52,48,-0.07499999999999996,0.04500000000000015,142,-0.5051568746566772,142,0.002888838411308825,142,0.0
4853,53,48,-0.10499999999999998,0.04500000000000015,142,-0.5052838623523712,142,0.04358583129942417,142,0.0
4854,54,48,-0.135,0.04500000000000015,142,-0.5063574314117432,142,0.048308851197361946,142,0.0
4855,55,48,-0.16500000000000004,0.04500000000000015,142,-0.5051601827144623,142,0.029469259083271027,142,0.0
4856,56,48,-0.19499999999999984,0.04500000000000015,142,-0.5049656629562378,142,0.013247628696262836,142,0.0
4857,57,48,-0.22499999999999987,0.04500000000000015,142,-0.5038294792175293,142,0.02005000878125429,142,0.0
4858,58,48,-0.2549999999999999,0.04500000000000015,142,-0.5041922330856323,142,0.018439367413520813,142,0.0
4859,59,48,-0.2849999999999999,0.04500000000000015,142,-0.5036726295948029,142,0.024070839397609234,142,0.0
4860,60,48,-0.31499999999999995,0.04500000000000015,142,-0.5019828975200653,142,0.014959275256842375,142,0.0
4861,61,48,-0.345,0.04500000000000015,142,-0.5019828975200653,142,0.018720180727541447,142,0.0
4862,62,48,-0.375,0.04500000000000015,142,-0.5031319558620453,142,0.012541542761027813,142,0.0
4863,63,48,-0.405,0.04500000000000015,142,-0.5031897127628326,142,0.014138297643512487,142,0.0
4864,64,48,-0.43499999999999983,0.04500000000000015,142,-0.5020774900913239,142,0.022770960815250874,142,0.0
4865,65,48,-0.46499999999999986,0.04500000000000015,142,-0.5021384358406067,142,0.0,142,0.0
4866,66,48,-0.4949999999999999,0.04500000000000015,142,-0.502465158700943,142,0.009427912533283234,142,0.0
4867,67,48,-0.5249999999999999,0.04500000000000015,142,-0.5035936832427979,142,0.016405665315687656,142,0.0
4868,68,48,-0.5549999999999997,0.04500000000000015,142,-0.503986120223999,142,0.003838322591036558,142,0.0
4869,69,48,-0.585,0.04500000000000015,142,-0.5040167570114136,142,0.004083414911292493,142,0.0
4870,70,48,-0.6149999999999998,0.04500000000000015,142,-0.504277378320694,142,0.01696894597262144,142,0.0
4871,71,48,-0.645,0.04500000000000015,142,-0.5049941539764404,142,0.022908548824489117,142,0.0
4872,72,48,-0.6749999999999998,0.04500000000000015,142,-0.5052059590816498,142,0.019265899434685707,142,0.0
4873,73,48,-0.7050000000000001,0.04500000000000015,142,-0.5051686465740204,142,0.0214944276958704,142,0.0
4874,74,48,-0.7349999999999999,0.04500000000000015,142,-0.5045045018196106,142,0.02298932895064354,142,0.0
4875,75,48,-0.7650000000000001,0.04500000000000015,142,-0.5043036043643951,142,0.017241223715245724,142,0.0
4876,76,48,-0.7949999999999999,0.04500000000000015,142,-0.5039010941982269,142,0.011884129140526056,142,0.0
4877,77,48,-0.8249999999999997,0.04500000000000015,142,-0.5033334791660309,142,0.0,142,0.0
4878,78,48,-0.855,0.04500000000000015,142,-0.503395289182663,142,0.0,142,0.0
4879,79,48,-0.8849999999999998,0.04500000000000015,142,-0.503395289182663,142,0.0,142,0.0
4880,80,48,-0.915,0.04500000000000015,142,-0.5034443140029907,142,0.0,142,0.0
4881,81,48,-0.9449999999999998,0.04500000000000015,142,-0.5034443140029907,142,6.457169911300298e-05,142,0.0
4882,82,48,-0.9750000000000001,0.04500000000000015,142,-0.5041787624359131,142,0.016677379608154297,142,0.0
4883,83,48,-1.005,0.04500000000000015,142,-0.5048930943012238,142,0.012878566980361938,142,0.0
4884,84,48,-1.0349999999999997,0.04500000000000015,142,-0.5053666234016418,142,0.015283127781003714,142,0.0
4885,85,48,-1.065,0.04500000000000015,142,-0.5062195062637329,142,0.00021805366486660205,142,0.0
4886,86,48,-1.0949999999999998,0.04500000000000015,44,-0.5068218111991882,142,0.0,142,0.02199999988079071
4887,87,48,-1.125,0.04500000000000015,0,nan,142,0.0,142,0.02199999988079071
4888,88,48,-1.1549999999999998,0.04500000000000015,0,nan,142,0.0,142,0.02199999988079071
4889,89,48,-1.185,0.04500000000000015,0,nan,142,0.0,142,0.02199999988079071
4890,90,48,-1.2149999999999999,0.04500000000000015,0,nan,142,0.0,142,0.02199999988079071
4891,91,48,-1.245,0.04500000000000015,0,nan,142,0.0,142,0.02199999988079071
4892,92,48,-1.275,0.04500000000000015,0,nan,142,0.0,142,0.02199999988079071
4893,93,48,-1.3049999999999997,0.04500000000000015,0,nan,142,0.0,142,0.02199999988079071
4894,94,48,-1.335,0.04500000000000015,0,nan,142,0.0,142,0.02199999988079071
4895,95,48,-1.3649999999999998,0.04500000000000015,0,nan,142,0.0,142,0.02199999988079071
4896,96,48,-1.395,0.04500000000000015,0,nan,142,0.0,142,0.02199999988079071
4897,97,48,-1.4249999999999998,0.04500000000000015,0,nan,142,0.0,142,0.0
4898,98,48,-1.455,0.04500000000000015,0,nan,142,0.0,142,0.0
4899,99,48,-1.4849999999999999,0.04500000000000015,0,nan,142,0.0,142,0.0
4900,0,49,1.485,0.015000000000000124,0,nan,142,0.0,142,0.0
4901,1,49,1.455,0.015000000000000124,0,nan,142,0.0,142,0.0
4902,2,49,1.425,0.015000000000000124,0,nan,142,0.0,142,0.0
4903,3,49,1.395,0.015000000000000124,0,nan,142,0.0,142,0.02199999988079071
4904,4,49,1.365,0.015000000000000124,0,nan,142,0.0,142,0.02199999988079071
4905,5,49,1.335,0.015000000000000124,0,nan,142,0.0,142,0.02199999988079071
4906,6,49,1.305,0.015000000000000124,0,nan,142,0.0,142,0.02199999988079071
4907,7,49,1.275,0.015000000000000124,0,nan,142,0.0,142,0.02199999988079071
4908,8,49,1.245,0.015000000000000124,0,nan,142,0.0,142,0.02199999988079071
4909,9,49,1.215,0.015000000000000124,0,nan,142,0.0,142,0.02199999988079071
4910,10,49,1.185,0.015000000000000124,137,-0.7936763167381287,142,0.0,142,0.0
4911,11,49,1.155,0.015000000000000124,140,-0.7935866117477417,142,0.0,142,0.0
4912,12,49,1.125,0.015000000000000124,140,-0.7935866117477417,142,0.0,142,0.0
4913,13,49,1.095,0.015000000000000124,141,-0.7935701608657837,142,0.13207001984119415,142,0.0
4914,14,49,1.065,0.015000000000000124,142,-0.7832610607147217,142,0.28339502215385437,142,0.0
4915,15,49,1.0350000000000001,0.015000000000000124,142,-0.7740113437175751,142,0.2806989848613739,142,0.0
4916,16,49,1.005,0.015000000000000124,142,-0.7644628882408142,142,0.30100880563259125,142,0.0
4917,17,49,0.975,0.015000000000000124,142,-0.7530353367328644,142,0.376322865486145,142,0.0
4918,18,49,0.9450000000000001,0.015000000000000124,142,-0.7406531870365143,142,0.40257324278354645,142,0.0
4919,19,49,0.915,0.015000000000000124,142,-0.7273367345333099,142,0.42073117196559906,142,0.0
4920,20,49,0.885,0.015000000000000124,142,-0.7144017815589905,142,0.4035179913043976,142,0.0
4921,21,49,0.855,0.015000000000000124,142,-0.7026518285274506,142,0.3572206050157547,142,0.0
4922,22,49,0.8250000000000001,0.015000000000000124,142,-0.6929726004600525,142,0.3434049040079117,142,0.0
4923,23,49,0.795,0.015000000000000124,142,-0.6813299357891083,142,0.399299755692482,142,0.0
4924,24,49,0.765,0.015000000000000124,142,-0.6684711575508118,142,0.4270348995923996,142,0.0
4925,25,49,0.735,0.015000000000000124,142,-0.6553427278995514,142,0.42823995649814606,142,0.0
4926,26,49,0.7050000000000001,0.015000000000000124,142,-0.6425222158432007,142,0.4328249990940094,142,0.0
4927,27,49,0.675,0.015000000000000124,142,-0.6295560300350189,142,0.39891745150089264,142,0.0
4928,28,49,0.645,0.015000000000000124,142,-0.618909627199173,142,0.40036094188690186,142,0.0
4929,29,49,0.615,0.015000000000000124,142,-0.6060140430927277,142,0.427265465259552,142,0.0
4930,30,49,0.5850000000000001,0.015000000000000124,142,-0.5937241911888123,142,0.3804248124361038,142,0.0
4931,31,49,0.555,0.015000000000000124,142,-0.5841769874095917,142,0.4246043264865875,142,0.0
4932,32,49,0.525,0.015000000000000124,142,-0.5690557956695557,142,0.46761173009872437,142,0.0
4933,33,49,0.4950000000000001,0.015000000000000124,142,-0.5559738278388977,142,0.3204648494720459,142,0.0
4934,34,49,0.4650000000000001,0.015000000000000124,138,-0.5502989590167999,142,0.7085816264152527,142,0.0
4935,35,49,0.43500000000000005,0.015000000000000124,142,-0.5132670700550079,142,0.6133270263671875,142,0.0
4936,36,49,0.405,0.015000000000000124,142,-0.5131039023399353,142,0.0,142,0.0
4937,37,49,0.375,0.015000000000000124,142,-0.5131039023399353,142,0.0,142,0.0
4938,38,49,0.345,0.015000000000000124,142,-0.5128538310527802,142,0.0,142,0.0
4939,39,49,0.31499999999999995,0.015000000000000124,142,-0.5123173594474792,142,0.0006362795829772949,142,0.0
4940,40,49,0.28500000000000014,0.015000000000000124,142,-0.512050986289978,142,0.01471786992624402,142,0.0
4941,41,49,0.2550000000000001,0.015000000000000124,142,-0.5100485980510712,142,0.04572727158665657,142,0.0
4942,42,49,0.2250000000000001,0.015000000000000124,142,-0.5092802345752716,142,0.03666728734970093,142,0.0
4943,43,49,0.19500000000000006,0.015000000000000124,142,-0.5086503624916077,142,0.023267798125743866,142,0.0
4944,44,49,0.16500000000000004,0.015000000000000124,142,-0.5080828070640564,142,0.025441952049732208,142,0.0
4945,45,49,0.135,0.015000000000000124,142,-0.5075645744800568,142,0.02565855160355568,142,0.0
4946,46,49,0.10499999999999998,0.015000000000000124,142,-0.5066839754581451,142,0.017307013273239136,142,0.0
4947,47,49,0.07499999999999996,0.015000000000000124,142,-0.505795955657959,142,0.011507628951221704,142,0.0
4948,48,49,0.04500000000000015,0.015000000000000124,142,-0.5053839385509491,142,0.0038867195835337043,142,0.0
4949,49,49,0.015000000000000124,0.015000000000000124,142,-0.5052434504032135,142,0.001355508982669562,142,0.0
4950,50,49,-0.014999999999999902,0.015000000000000124,142,-0.5051841735839844,142,0.0,142,0.0
4951,51,49,-0.04499999999999993,0.015000000000000124,142,-0.5051841735839844,142,0.0,142,0.0
4952,52,49,-0.07499999999999996,0.015000000000000124,142,-0.5052260458469391,142,0.00117470818804577,142,0.0
4953,53,49,-0.10499999999999998,0.015000000000000124,142,-0.505416214466095,142,0.04640108160674572,142,0.0
4954,54,49,-0.135,0.015000000000000124,142,-0.5063942670822144,142,0.04495476372539997,142,0.0
4955,55,49,-0.16500000000000004,0.015000000000000124,142,-0.5051601827144623,142,0.026888400316238403,142,0.0
4956,56,49,-0.19499999999999984,0.015000000000000124,142,-0.5048361718654633,142,0.006412391783669591,142,0.0
4957,57,49,-0.22499999999999987,0.015000000000000124,142,-0.5037665665149689,142,0.01546695502474904,142,0.0
4958,58,49,-0.2549999999999999,0.015000000000000124,142,-0.5037891566753387,142,0.015402707271277905,142,0.0
4959,59,49,-0.2849999999999999,0.015000000000000124,142,-0.503168910741806,142,0.024130387231707573,142,0.0
4960,60,49,-0.31499999999999995,0.015000000000000124,142,-0.5022991299629211,142,0.01605963706970215,142,0.0
4961,61,49,-0.345,0.015000000000000124,142,-0.5022242665290833,142,0.020449857227504253,142,0.0
4962,62,49,-0.375,0.015000000000000124,142,-0.5037030875682831,142,0.0117992227897048,142,0.0
4963,63,49,-0.405,0.015000000000000124,142,-0.5036091506481171,142,0.02060173638164997,142,0.0
4964,64,49,-0.43499999999999983,0.015000000000000124,142,-0.50227952003479,142,0.02354072779417038,142,0.0
4965,65,49,-0.46499999999999986,0.015000000000000124,142,-0.5023932754993439,142,0.0,142,0.0
4966,66,49,-0.4949999999999999,0.015000000000000124,142,-0.5029979348182678,142,0.008575121406465769,142,0.0
4967,67,49,-0.5249999999999999,0.015000000000000124,142,-0.5037059783935547,142,0.013276934623718262,142,0.0
4968,68,49,-0.5549999999999997,0.015000000000000124,142,-0.50403693318367,142,0.009112060070037842,142,0.0
4969,69,49,-0.585,0.015000000000000124,142,-0.5042310655117035,142,0.011310688685625792,142,0.0
4970,70,49,-0.6149999999999998,0.015000000000000124,142,-0.5046740174293518,142,0.02037137746810913,142,0.0
4971,71,49,-0.645,0.015000000000000124,142,-0.5052007734775543,142,0.02165874559432268,142,0.0
4972,72,49,-0.6749999999999998,0.015000000000000124,142,-0.5055427253246307,142,0.015326835215091705,142,0.0
4973,73,49,-0.7050000000000001,0.015000000000000124,142,-0.5052583515644073,142,0.01914201956242323,142,0.0
4974,74,49,-0.7349999999999999,0.015000000000000124,142,-0.5046218633651733,142,0.019896527752280235,142,0.0
4975,75,49,-0.7650000000000001,0.015000000000000124,142,-0.5045069754123688,142,0.01630634069442749,142,0.0
4976,76,49,-0.7949999999999999,0.015000000000000124,142,-0.5042316913604736,142,0.011671490967273712,142,0.0
4977,77,49,-0.8249999999999997,0.015000000000000124,142,-0.5035957396030426,142,0.0,142,0.0
4978,78,49,-0.855,0.015000000000000124,142,-0.5035957396030426,142,0.0,142,0.0
4979,79,49,-0.8849999999999998,0.015000000000000124,142,-0.5036103129386902,142,0.0,142,0.0
4980,80,49,-0.915,0.015000000000000124,142,-0.5036103129386902,142,0.0,142,0.0
4981,81,49,-0.9449999999999998,0.015000000000000124,142,-0.5036103129386902,142,0.0,142,0.0
4982,82,49,-0.9750000000000001,0.015000000000000124,142,-0.5042769610881805,142,0.012351572513580322,142,0.0
4983,83,49,-1.005,0.015000000000000124,142,-0.5049086809158325,142,0.01082668686285615,142,0.0
4984,84,49,-1.0349999999999997,0.015000000000000124,142,-0.5053666234016418,142,0.014977653976529837,142,0.0
4985,85,49,-1.065,0.015000000000000124,142,-0.5062195062637329,142,5.1657360017998144e-05,142,0.0
4986,86,49,-1.0949999999999998,0.015000000000000124,44,-0.5068218111991882,142,0.0,142,0.02199999988079071
4987,87,49,-1.125,0.015000000000000124,0,nan,142,0.0,142,0.02199999988079071
4988,88,49,-1.1549999999999998,0.015000000000000124,0,nan,142,0.0,142,0.02199999988079071
4989,89,49,-1.185,0.015000000000000124,0,nan,142,0.0,142,0.02199999988079071
4990,90,49,-1.2149999999999999,0.015000000000000124,0,nan,142,0.0,142,0.02199999988079071
4991,91,49,-1.245,0.015000000000000124,0,nan,142,0.0,142,0.02199999988079071
4992,92,49,-1.275,0.015000000000000124,0,nan,142,0.0,142,0.02199999988079071
4993,93,49,-1.3049999999999997,0.015000000000000124,0,nan,142,0.0,142,0.02199999988079071
4994,94,49,-1.335,0.015000000000000124,0,nan,142,0.0,142,0.02199999988079071
4995,95,49,-1.3649999999999998,0.015000000000000124,0,nan,142,0.0,142,0.02199999988079071
4996,96,49,-1.395,0.015000000000000124,0,nan,142,0.0,142,0.02199999988079071
4997,97,49,-1.4249999999999998,0.015000000000000124,0,nan,142,0.0,142,0.0
4998,98,49,-1.455,0.015000000000000124,0,nan,142,0.0,142,0.0
4999,99,49,-1.4849999999999999,0.015000000000000124,0,nan,142,0.0,142,0.0
5000,0,50,1.485,-0.014999999999999902,0,nan,142,0.0,142,0.0
5001,1,50,1.455,-0.014999999999999902,0,nan,142,0.0,142,0.0
5002,2,50,1.425,-0.014999999999999902,0,nan,142,0.0,142,0.0
5003,3,50,1.395,-0.014999999999999902,0,nan,142,0.0,142,0.02199999988079071
5004,4,50,1.365,-0.014999999999999902,0,nan,142,0.0,142,0.02199999988079071
5005,5,50,1.335,-0.014999999999999902,0,nan,142,0.0,142,0.02199999988079071
5006,6,50,1.305,-0.014999999999999902,0,nan,142,0.0,142,0.02199999988079071
5007,7,50,1.275,-0.014999999999999902,0,nan,142,0.0,142,0.02199999988079071
5008,8,50,1.245,-0.014999999999999902,0,nan,142,0.0,142,0.02199999988079071
5009,9,50,1.215,-0.014999999999999902,0,nan,142,0.0,142,0.02199999988079071
5010,10,50,1.185,-0.014999999999999902,137,-0.7934779524803162,142,0.0,142,0.0
5011,11,50,1.155,-0.014999999999999902,140,-0.7932372689247131,142,0.0,142,0.0
5012,12,50,1.125,-0.014999999999999902,140,-0.7932372689247131,142,0.0,142,0.0
5013,13,50,1.095,-0.014999999999999902,141,-0.7932204008102417,142,0.12964457273483276,142,0.0
5014,14,50,1.065,-0.014999999999999902,142,-0.7830986082553864,142,0.28510043025016785,142,0.0
5015,15,50,1.0350000000000001,-0.014999999999999902,142,-0.7739249467849731,142,0.2758982330560684,142,0.0
5016,16,50,1.005,-0.014999999999999902,142,-0.7647176384925842,142,0.3044743537902832,142,0.0
5017,17,50,0.975,-0.014999999999999902,142,-0.752945214509964,142,0.3754870891571045,142,0.0
5018,18,50,0.9450000000000001,-0.014999999999999902,142,-0.7412862181663513,142,0.4039386063814163,142,0.0
5019,19,50,0.915,-0.014999999999999902,142,-0.726707935333252,142,0.4266730695962906,142,0.0
5020,20,50,0.885,-0.014999999999999902,142,-0.7142919301986694,142,0.39307428896427155,142,0.0
5021,21,50,0.855,-0.014999999999999902,142,-0.7026689052581787,142,0.3472304195165634,142,0.0
5022,22,50,0.8250000000000001,-0.014999999999999902,142,-0.6932334303855896,142,0.3382344990968704,142,0.0
5023,23,50,0.795,-0.014999999999999902,142,-0.681554526090622,142,0.4085484892129898,142,0.0
5024,24,50,0.765,-0.014999999999999902,142,-0.6685299575328827,142,0.4425400197505951,142,0.0
5025,25,50,0.735,-0.014999999999999902,142,-0.6549739241600037,142,0.4352544695138931,142,0.0
5026,26,50,0.7050000000000001,-0.014999999999999902,142,-0.6420658826828003,142,0.4317331910133362,142,0.0
5027,27,50,0.675,-0.014999999999999902,142,-0.6294374465942383,142,0.39291925728321075,142,0.0
5028,28,50,0.645,-0.014999999999999902,142,-0.6190314590930939,142,0.3840842694044113,142,0.0
5029,29,50,0.615,-0.014999999999999902,142,-0.6064737439155579,142,0.41908909380435944,142,0.0
5030,30,50,0.5850000000000001,-0.014999999999999902,142,-0.5946144759654999,142,0.38386186957359314,142,0.0
5031,31,50,0.555,-0.014999999999999902,142,-0.5847260653972626,142,0.42806388437747955,142,0.0
5032,32,50,0.525,-0.014999999999999902,142,-0.5692884922027588,142,0.4813656210899353,142,0.0
5033,33,50,0.4950000000000001,-0.014999999999999902,142,-0.5559738278388977,142,0.32808035612106323,142,0.0
5034,34,50,0.4650000000000001,-0.014999999999999902,139,-0.5502278208732605,142,0.7173218131065369,142,0.0
5035,35,50,0.43500000000000005,-0.014999999999999902,142,-0.5136317014694214,142,0.6056542992591858,142,0.0
5036,36,50,0.405,-0.014999999999999902,142,-0.513343870639801,142,0.0,142,0.0
5037,37,50,0.375,-0.014999999999999902,142,-0.513343870639801,142,0.0,142,0.0
5038,38,50,0.345,-0.014999999999999902,142,-0.5131332278251648,142,0.0,142,0.0
5039,39,50,0.31499999999999995,-0.014999999999999902,142,-0.5120785236358643,142,0.0014031926984898746,142,0.0
5040,40,50,0.28500000000000014,-0.014999999999999902,142,-0.5117544233798981,142,0.013773775193840265,142,0.0
5041,41,50,0.2550000000000001,-0.014999999999999902,142,-0.5103027820587158,142,0.042537735775113106,142,0.0
5042,42,50,0.2250000000000001,-0.014999999999999902,142,-0.5094508230686188,142,0.03375820443034172,142,0.0
5043,43,50,0.19500000000000006,-0.014999999999999902,142,-0.5086503624916077,142,0.01866618823260069,142,0.0
5044,44,50,0.16500000000000004,-0.014999999999999902,142,-0.5081065893173218,142,0.02189427614212036,142,0.0
5045,45,50,0.135,-0.014999999999999902,142,-0.5076130032539368,142,0.017992465756833553,142,0.0
5046,46,50,0.10499999999999998,-0.014999999999999902,142,-0.5070044994354248,142,0.013177564833313227,142,0.0
5047,47,50,0.07499999999999996,-0.014999999999999902,142,-0.505891889333725,142,0.008766849990934134,142,0.0
5048,48,50,0.04500000000000015,-0.014999999999999902,142,-0.5055071115493774,142,0.0046302874106913805,142,0.0
5049,49,50,0.015000000000000124,-0.014999999999999902,142,-0.5052565932273865,142,0.0007736927946098149,142,0.0
5050,50,50,-0.014999999999999902,-0.014999999999999902,142,-0.5052147805690765,142,0.0,142,0.0
5051,51,50,-0.04499999999999993,-0.014999999999999902,142,-0.5052147805690765,142,0.0,142,0.0
5052,52,50,-0.07499999999999996,-0.014999999999999902,142,-0.5052565932273865,142,0.0038370490074157715,142,0.0
5053,53,50,-0.10499999999999998,-0.014999999999999902,142,-0.5054940581321716,142,0.045232782140374184,142,0.0
5054,54,50,-0.135,-0.014999999999999902,142,-0.5065013766288757,142,0.04470938816666603,142,0.0
5055,55,50,-0.16500000000000004,-0.014999999999999902,142,-0.5055734515190125,142,0.028764011338353157,142,0.0
5056,56,50,-0.19499999999999984,-0.014999999999999902,142,-0.5056323111057281,142,0.007407635450363159,142,0.0
5057,57,50,-0.22499999999999987,-0.014999999999999902,142,-0.5037739872932434,142,0.011717462912201881,142,0.0
5058,58,50,-0.2549999999999999,-0.014999999999999902,142,-0.5037941038608551,142,0.009496285114437342,142,0.0
5059,59,50,-0.2849999999999999,-0.014999999999999902,142,-0.5030413568019867,142,0.005420048953965306,142,0.0
5060,60,50,-0.31499999999999995,-0.014999999999999902,142,-0.5021296143531799,142,0.000939766556257382,142,0.0
5061,61,50,-0.345,-0.014999999999999902,142,-0.502166360616684,142,0.01862297486513853,142,0.0
5062,62,50,-0.375,-0.014999999999999902,142,-0.5045168697834015,142,0.010802092961966991,142,0.0
5063,63,50,-0.405,-0.014999999999999902,142,-0.504147857427597,142,0.01877021510154009,142,0.0
5064,64,50,-0.43499999999999983,-0.014999999999999902,142,-0.5023773908615112,142,0.024129199795424938,142,0.0
5065,65,50,-0.46499999999999986,-0.014999999999999902,142,-0.5024145245552063,142,0.005757063627243042,142,0.0
5066,66,50,-0.4949999999999999,-0.014999999999999902,142,-0.5031933784484863,142,0.010843080002814531,142,0.0
5067,67,50,-0.5249999999999999,-0.014999999999999902,142,-0.5037533044815063,142,0.013634066097438335,142,0.0
5068,68,50,-0.5549999999999997,-0.014999999999999902,142,-0.5042368769645691,142,0.011029954068362713,142,0.0
5069,69,50,-0.585,-0.014999999999999902,142,-0.5045765936374664,142,0.017967820167541504,142,0.0
5070,70,50,-0.6149999999999998,-0.014999999999999902,142,-0.5048334896564484,142,0.021342636086046696,142,0.0
5071,71,50,-0.645,-0.014999999999999902,142,-0.5054706633090973,142,0.02288338914513588,142,0.0
5072,72,50,-0.6749999999999998,-0.014999999999999902,142,-0.5057467222213745,142,0.01596802519634366,142,0.0
5073,73,50,-0.7050000000000001,-0.014999999999999902,142,-0.5053078234195709,142,0.016581515781581402,142,0.0
5074,74,50,-0.7349999999999999,-0.014999999999999902,142,-0.5046218633651733,142,0.01680165808647871,142,0.0
5075,75,50,-0.7650000000000001,-0.014999999999999902,142,-0.504583328962326,142,0.013183057308197021,142,0.0
5076,76,50,-0.7949999999999999,-0.014999999999999902,142,-0.5044064819812775,142,0.009706616401672363,142,0.0
5077,77,50,-0.8249999999999997,-0.014999999999999902,142,-0.5036396086215973,142,0.0,142,0.0
5078,78,50,-0.855,-0.014999999999999902,142,-0.5036396086215973,142,0.0,142,0.0
5079,79,50,-0.8849999999999998,-0.014999999999999902,142,-0.5036619305610657,142,0.0,142,0.0
5080,80,50,-0.915,-0.014999999999999902,142,-0.5036619305610657,142,0.0,142,0.0
5081,81,50,-0.9449999999999998,-0.014999999999999902,142,-0.5036619305610657,142,0.0,142,0.0
5082,82,50,-0.9750000000000001,-0.014999999999999902,142,-0.5043456256389618,142,0.015398503746837378,142,0.0
5083,83,50,-1.005,-0.014999999999999902,142,-0.5049086809158325,142,0.01082668686285615,142,0.0
5084,84,50,-1.0349999999999997,-0.014999999999999902,142,-0.5053666234016418,142,0.014977653976529837,142,0.0
5085,85,50,-1.065,-0.014999999999999902,142,-0.5062195062637329,142,4.083872772753239e-05,142,0.0
5086,86,50,-1.0949999999999998,-0.014999999999999902,44,-0.5068218111991882,142,0.0,142,0.02199999988079071
5087,87,50,-1.125,-0.014999999999999902,0,nan,142,0.0,142,0.02199999988079071
5088,88,50,-1.1549999999999998,-0.014999999999999902,0,nan,142,0.0,142,0.02199999988079071
5089,89,50,-1.185,-0.014999999999999902,0,nan,142,0.0,142,0.02199999988079071
5090,90,50,-1.2149999999999999,-0.014999999999999902,0,nan,142,0.0,142,0.02199999988079071
5091,91,50,-1.245,-0.014999999999999902,0,nan,142,0.0,142,0.02199999988079071
5092,92,50,-1.275,-0.014999999999999902,0,nan,142,0.0,142,0.02199999988079071
5093,93,50,-1.3049999999999997,-0.014999999999999902,0,nan,142,0.0,142,0.02199999988079071
5094,94,50,-1.335,-0.014999999999999902,0,nan,142,0.0,142,0.02199999988079071
5095,95,50,-1.3649999999999998,-0.014999999999999902,0,nan,142,0.0,142,0.02199999988079071
5096,96,50,-1.395,-0.014999999999999902,0,nan,142,0.0,142,0.02199999988079071
5097,97,50,-1.4249999999999998,-0.014999999999999902,0,nan,142,0.0,142,0.0
5098,98,50,-1.455,-0.014999999999999902,0,nan,142,0.0,142,0.0
5099,99,50,-1.4849999999999999,-0.014999999999999902,0,nan,142,0.0,142,0.0
5100,0,51,1.485,-0.04499999999999993,0,nan,142,0.0,142,0.0
5101,1,51,1.455,-0.04499999999999993,0,nan,142,0.0,142,0.0
5102,2,51,1.425,-0.04499999999999993,0,nan,142,0.0,142,0.0
5103,3,51,1.395,-0.04499999999999993,0,nan,142,0.0,142,0.02199999988079071
5104,4,51,1.365,-0.04499999999999993,0,nan,142,0.0,142,0.02199999988079071
5105,5,51,1.335,-0.04499999999999993,0,nan,142,0.0,142,0.02199999988079071
5106,6,51,1.305,-0.04499999999999993,0,nan,142,0.0,142,0.02199999988079071
5107,7,51,1.275,-0.04499999999999993,0,nan,142,0.0,142,0.02199999988079071
5108,8,51,1.245,-0.04499999999999993,0,nan,142,0.0,142,0.02199999988079071
5109,9,51,1.215,-0.04499999999999993,0,nan,142,0.0,142,0.02199999988079071
5110,10,51,1.185,-0.04499999999999993,137,-0.7934779524803162,142,0.0,142,0.0
5111,11,51,1.155,-0.04499999999999993,140,-0.7932416498661041,142,0.0,142,0.0
5112,12,51,1.125,-0.04499999999999993,140,-0.7932416498661041,142,0.0,142,0.0
5113,13,51,1.095,-0.04499999999999993,141,-0.7932291626930237,142,0.13049542903900146,142,0.0
5114,14,51,1.065,-0.04499999999999993,142,-0.7833701968193054,142,0.2877947688102722,142,0.0
5115,15,51,1.0350000000000001,-0.04499999999999993,142,-0.7739249467849731,142,0.2798231691122055,142,0.0
5116,16,51,1.005,-0.04499999999999993,142,-0.7648323774337769,142,0.3006353974342346,142,0.0
5117,17,51,0.975,-0.04499999999999993,142,-0.7529558539390564,142,0.3755514770746231,142,0.0
5118,18,51,0.9450000000000001,-0.04499999999999993,142,-0.7414221167564392,142,0.4146190285682678,142,0.0
5119,19,51,0.915,-0.04499999999999993,142,-0.726707935333252,142,0.4336262345314026,142,0.0
5120,20,51,0.885,-0.04499999999999993,142,-0.7142431437969208,142,0.3947305232286453,142,0.0
5121,21,51,0.855,-0.04499999999999993,142,-0.7029482126235962,142,0.35202474892139435,142,0.0
5122,22,51,0.8250000000000001,-0.04499999999999993,142,-0.6932945251464844,142,0.3294759690761566,142,0.0
5123,23,51,0.795,-0.04499999999999993,142,-0.6814233660697937,142,0.40562285482883453,142,0.0
5124,24,51,0.765,-0.04499999999999993,142,-0.6688712239265442,142,0.45352528989315033,142,0.0
5125,25,51,0.735,-0.04499999999999993,142,-0.6548913419246674,142,0.4382762461900711,142,0.0
5126,26,51,0.7050000000000001,-0.04499999999999993,142,-0.6418837606906891,142,0.43057650327682495,142,0.0
5127,27,51,0.675,-0.04499999999999993,142,-0.6294374465942383,142,0.3884444683790207,142,0.0
5128,28,51,0.645,-0.04499999999999993,142,-0.6193042695522308,142,0.371596559882164,142,0.0
5129,29,51,0.615,-0.04499999999999993,142,-0.6080163419246674,142,0.39748620986938477,142,0.0
5130,30,51,0.5850000000000001,-0.04499999999999993,142,-0.5966918766498566,142,0.3854304999113083,142,0.0
5131,31,51,0.555,-0.04499999999999993,142,-0.5854561030864716,142,0.4543578177690506,142,0.0
5132,32,51,0.525,-0.04499999999999993,142,-0.5691514909267426,142,0.486576572060585,142,0.0
5133,33,51,0.4950000000000001,-0.04499999999999993,142,-0.5559738278388977,142,0.33122648298740387,142,0.0
5134,34,51,0.4650000000000001,-0.04499999999999993,140,-0.5502989590167999,142,0.7135635912418365,142,0.0
5135,35,51,0.43500000000000005,-0.04499999999999993,142,-0.5134694576263428,142,0.6117597222328186,142,0.0
5136,36,51,0.405,-0.04499999999999993,142,-0.5130539536476135,142,0.0,142,0.0
5137,37,51,0.375,-0.04499999999999993,142,-0.5129536092281342,142,0.0,142,0.0
5138,38,51,0.345,-0.04499999999999993,142,-0.5127888023853302,142,0.0,142,0.0
5139,39,51,0.31499999999999995,-0.04499999999999993,142,-0.5120635628700256,142,0.0014031926984898746,142,0.0
5140,40,51,0.28500000000000014,-0.04499999999999993,142,-0.5117720365524292,142,0.003893176792189479,142,0.0
5141,41,51,0.2550000000000001,-0.04499999999999993,142,-0.5102455019950867,142,0.03586353547871113,142,0.0
5142,42,51,0.2250000000000001,-0.04499999999999993,142,-0.5094705820083618,142,0.03294994309544563,142,0.0
5143,43,51,0.19500000000000006,-0.04499999999999993,142,-0.5088109970092773,142,0.017627825029194355,142,0.0
5144,44,51,0.16500000000000004,-0.04499999999999993,142,-0.5082051753997803,142,0.01880191918462515,142,0.0
5145,45,51,0.135,-0.04499999999999993,142,-0.5076645612716675,142,0.013049329165369272,142,0.0
5146,46,51,0.10499999999999998,-0.04499999999999993,142,-0.5072212219238281,142,0.010651705786585808,142,0.0
5147,47,51,0.07499999999999996,-0.04499999999999993,142,-0.5063599944114685,142,0.004057149984873831,142,0.0
5148,48,51,0.04500000000000015,-0.04499999999999993,142,-0.5059427917003632,142,0.00197691930225119,142,0.0
5149,49,51,0.015000000000000124,-0.04499999999999993,142,-0.5057230591773987,142,0.0,142,0.0
5150,50,51,-0.014999999999999902,-0.04499999999999993,142,-0.5056443512439728,142,0.0,142,0.0
5151,51,51,-0.04499999999999993,-0.04499999999999993,142,-0.5056443512439728,142,0.0,142,0.0
5152,52,51,-0.07499999999999996,-0.04499999999999993,142,-0.5057230591773987,142,0.0,142,0.0
5153,53,51,-0.10499999999999998,-0.04499999999999993,142,-0.5063074827194214,142,0.041632071137428284,142,0.0
5154,54,51,-0.135,-0.04499999999999993,142,-0.5070748031139374,142,0.04360177181661129,142,0.0
5155,55,51,-0.16500000000000004,-0.04499999999999993,142,-0.5055621266365051,142,0.029389560222625732,142,0.0
5156,56,51,-0.19499999999999984,-0.04499999999999993,142,-0.5054827332496643,142,0.009157259948551655,142,0.0
5157,57,51,-0.22499999999999987,-0.04499999999999993,142,-0.5038915872573853,142,0.017048905603587627,142,0.0
5158,58,51,-0.2549999999999999,-0.04499999999999993,142,-0.5036726295948029,142,0.0109940767288208,142,0.0
5159,59,51,-0.2849999999999999,-0.04499999999999993,142,-0.5028455853462219,142,0.008332698605954647,142,0.0
5160,60,51,-0.31499999999999995,-0.04499999999999993,142,-0.5021296143531799,142,0.0,142,0.0
5161,61,51,-0.345,-0.04499999999999993,142,-0.502166360616684,142,0.017656882293522358,142,0.0
5162,62,51,-0.375,-0.04499999999999993,142,-0.5047472715377808,142,0.0099609293974936,142,0.0
5163,63,51,-0.405,-0.04499999999999993,142,-0.5045742392539978,142,0.020356476306915283,142,0.0
5164,64,51,-0.43499999999999983,-0.04499999999999993,142,-0.5025686919689178,142,0.022823352366685867,142,0.0
5165,65,51,-0.46499999999999986,-0.04499999999999993,142,-0.5026194453239441,142,0.0061354057397693396,142,0.0
5166,66,51,-0.4949999999999999,-0.04499999999999993,142,-0.5036406815052032,142,0.010656369850039482,142,0.0
5167,67,51,-0.5249999999999999,-0.04499999999999993,142,-0.5041434466838837,142,0.017412410117685795,142,0.0
5168,68,51,-0.5549999999999997,-0.04499999999999993,142,-0.5047737061977386,142,0.010777513030916452,142,0.0
5169,69,51,-0.585,-0.04499999999999993,142,-0.5050249695777893,142,0.018466935493052006,142,0.0
5170,70,51,-0.6149999999999998,-0.04499999999999993,142,-0.5054468214511871,142,0.021185478195548058,142,0.0
5171,71,51,-0.645,-0.04499999999999993,142,-0.5058423578739166,142,0.022362892515957355,142,0.0
5172,72,51,-0.6749999999999998,-0.04499999999999993,142,-0.5058392286300659,142,0.016643603332340717,142,0.0
5173,73,51,-0.7050000000000001,-0.04499999999999993,142,-0.5056287050247192,142,0.016581515781581402,142,0.0
5174,74,51,-0.7349999999999999,-0.04499999999999993,142,-0.5046592354774475,142,0.017050902359187603,142,0.0
5175,75,51,-0.7650000000000001,-0.04499999999999993,142,-0.504583328962326,142,0.010529160499572754,142,0.0
5176,76,51,-0.7949999999999999,-0.04499999999999993,142,-0.5044064819812775,142,0.00954767083749175,142,0.0
5177,77,51,-0.8249999999999997,-0.04499999999999993,142,-0.5036619305610657,142,0.0,142,0.0
5178,78,51,-0.855,-0.04499999999999993,142,-0.5036619305610657,142,0.0,142,0.0
5179,79,51,-0.8849999999999998,-0.04499999999999993,142,-0.5037192106246948,142,0.0,142,0.0
5180,80,51,-0.915,-0.04499999999999993,142,-0.5037192106246948,142,0.0,142,0.0
5181,81,51,-0.9449999999999998,-0.04499999999999993,142,-0.5037192106246948,142,0.0,142,0.0
5182,82,51,-0.9750000000000001,-0.04499999999999993,142,-0.504450798034668,142,0.016677379608154297,142,0.0
5183,83,51,-1.005,-0.04499999999999993,142,-0.5049273073673248,142,0.010274350643157959,142,0.0
5184,84,51,-1.0349999999999997,-0.04499999999999993,142,-0.5053666234016418,142,0.013535221107304096,142,0.0
5185,85,51,-1.065,-0.04499999999999993,142,-0.5062195062637329,142,0.0,142,0.0
5186,86,51,-1.0949999999999998,-0.04499999999999993,44,-0.5068218111991882,142,0.0,142,0.02199999988079071
5187,87,51,-1.125,-0.04499999999999993,0,nan,142,0.0,142,0.02199999988079071
5188,88,51,-1.1549999999999998,-0.04499999999999993,0,nan,142,0.0,142,0.02199999988079071
5189,89,51,-1.185,-0.04499999999999993,0,nan,142,0.0,142,0.02199999988079071
5190,90,51,-1.2149999999999999,-0.04499999999999993,0,nan,142,0.0,142,0.02199999988079071
5191,91,51,-1.245,-0.04499999999999993,0,nan,142,0.0,142,0.02199999988079071
5192,92,51,-1.275,-0.04499999999999993,0,nan,142,0.0,142,0.02199999988079071
5193,93,51,-1.3049999999999997,-0.04499999999999993,0,nan,142,0.0,142,0.02199999988079071
5194,94,51,-1.335,-0.04499999999999993,0,nan,142,0.0,142,0.02199999988079071
5195,95,51,-1.3649999999999998,-0.04499999999999993,0,nan,142,0.0,142,0.02199999988079071
5196,96,51,-1.395,-0.04499999999999993,0,nan,142,0.0,142,0.02199999988079071
5197,97,51,-1.4249999999999998,-0.04499999999999993,0,nan,142,0.0,142,0.0
5198,98,51,-1.455,-0.04499999999999993,0,nan,142,0.0,142,0.0
5199,99,51,-1.4849999999999999,-0.04499999999999993,0,nan,142,0.0,142,0.0
5200,0,52,1.485,-0.07499999999999996,0,nan,142,0.0,142,0.0
5201,1,52,1.455,-0.07499999999999996,0,nan,142,0.0,142,0.0
5202,2,52,1.425,-0.07499999999999996,0,nan,142,0.0,142,0.0
5203,3,52,1.395,-0.07499999999999996,0,nan,142,0.0,142,0.02199999988079071
5204,4,52,1.365,-0.07499999999999996,0,nan,142,0.0,142,0.02199999988079071
5205,5,52,1.335,-0.07499999999999996,0,nan,142,0.0,142,0.02199999988079071
5206,6,52,1.305,-0.07499999999999996,0,nan,142,0.0,142,0.02199999988079071
5207,7,52,1.275,-0.07499999999999996,0,nan,142,0.0,142,0.02199999988079071
5208,8,52,1.245,-0.07499999999999996,0,nan,142,0.0,142,0.02199999988079071
5209,9,52,1.215,-0.07499999999999996,0,nan,142,0.0,142,0.02199999988079071
5210,10,52,1.185,-0.07499999999999996,137,-0.7934779524803162,142,0.0,142,0.0
5211,11,52,1.155,-0.07499999999999996,140,-0.7932744026184082,142,0.0,142,0.0
5212,12,52,1.125,-0.07499999999999996,140,-0.7932744026184082,142,0.0,142,0.0
5213,13,52,1.095,-0.07499999999999996,141,-0.7932541370391846,142,0.12986163794994354,142,0.0
5214,14,52,1.065,-0.07499999999999996,142,-0.7834211885929108,142,0.2920606881380081,142,0.0
5215,15,52,1.0350000000000001,-0.07499999999999996,142,-0.7739249467849731,142,0.2745717763900757,142,0.0
5216,16,52,1.005,-0.07499999999999996,142,-0.7648912966251373,142,0.3009241372346878,142,0.0
5217,17,52,0.975,-0.07499999999999996,142,-0.7529558539390564,142,0.3744625747203827,142,0.0
5218,18,52,0.9450000000000001,-0.07499999999999996,142,-0.7415131628513336,142,0.42793601751327515,142,0.0
5219,19,52,0.915,-0.07499999999999996,142,-0.7269088327884674,142,0.4316435754299164,142,0.0
5220,20,52,0.885,-0.07499999999999996,142,-0.714318722486496,142,0.40279655158519745,142,0.0
5221,21,52,0.855,-0.07499999999999996,142,-0.7028800249099731,142,0.36042027175426483,142,0.0
5222,22,52,0.8250000000000001,-0.07499999999999996,142,-0.6931037604808807,142,0.32891929149627686,142,0.0
5223,23,52,0.795,-0.07499999999999996,142,-0.681793749332428,142,0.4115178883075714,142,0.0
5224,24,52,0.765,-0.07499999999999996,142,-0.6687202453613281,142,0.45441851019859314,142,0.0
5225,25,52,0.735,-0.07499999999999996,142,-0.6547205448150635,142,0.43844878673553467,142,0.0
5226,26,52,0.7050000000000001,-0.07499999999999996,142,-0.6417908072471619,142,0.42978958785533905,142,0.0
5227,27,52,0.675,-0.07499999999999996,142,-0.6294374465942383,142,0.3847931921482086,142,0.0
5228,28,52,0.645,-0.07499999999999996,142,-0.6193448007106781,142,0.35795585811138153,142,0.0
5229,29,52,0.615,-0.07499999999999996,142,-0.6083388030529022,142,0.38429151475429535,142,0.0
5230,30,52,0.5850000000000001,-0.07499999999999996,142,-0.5969049334526062,142,0.3901771754026413,142,0.0
5231,31,52,0.555,-0.07499999999999996,142,-0.5856642723083496,142,0.471124067902565,142,0.0
5232,32,52,0.525,-0.07499999999999996,142,-0.5687979757785797,142,0.5028904974460602,142,0.0
5233,33,52,0.4950000000000001,-0.07499999999999996,142,-0.5557476282119751,142,0.34026652574539185,142,0.0
5234,34,52,0.4650000000000001,-0.07499999999999996,142,-0.5502237975597382,142,0.7127820551395416,142,0.0
5235,35,52,0.43500000000000005,-0.07499999999999996,142,-0.513250082731247,142,0.6165149211883545,142,0.0
5236,36,52,0.405,-0.07499999999999996,142,-0.51287642121315,142,0.0,142,0.0
5237,37,52,0.375,-0.07499999999999996,142,-0.5127829313278198,142,0.0,142,0.0
5238,38,52,0.345,-0.07499999999999996,142,-0.5125662684440613,142,0.0,142,0.0
5239,39,52,0.31499999999999995,-0.07499999999999996,142,-0.5121939182281494,142,0.0,142,0.0
5240,40,52,0.28500000000000014,-0.07499999999999996,142,-0.5117720365524292,142,0.002370425092522055,142,0.0
5241,41,52,0.2550000000000001,-0.07499999999999996,142,-0.510570228099823,142,0.032872457057237625,142,0.0
5242,42,52,0.2250000000000001,-0.07499999999999996,142,-0.5100374817848206,142,0.03361701965332031,142,0.0
5243,43,52,0.19500000000000006,-0.07499999999999996,142,-0.5089904367923737,142,0.01190503453835845,142,0.0
5244,44,52,0.16500000000000004,-0.07499999999999996,142,-0.5082862973213196,142,0.014366209506988525,142,0.0
5245,45,52,0.135,-0.07499999999999996,142,-0.5076842308044434,142,0.008713300805538893,142,0.0
5246,46,52,0.10499999999999998,-0.07499999999999996,142,-0.5072948038578033,142,0.0006486971979029477,142,0.0
5247,47,52,0.07499999999999996,-0.07499999999999996,142,-0.5065627098083496,142,0.0,142,0.0
5248,48,52,0.04500000000000015,-0.07499999999999996,142,-0.5060809552669525,142,0.0,142,0.0
5249,49,52,0.015000000000000124,-0.07499999999999996,142,-0.5057804882526398,142,0.0,142,0.0
5250,50,52,-0.014999999999999902,-0.07499999999999996,142,-0.5056744813919067,142,0.0,142,0.0
5251,51,52,-0.04499999999999993,-0.07499999999999996,142,-0.5056443512439728,142,0.0,142,0.0
5252,52,52,-0.07499999999999996,-0.07499999999999996,142,-0.5057230591773987,142,0.0,142,0.0
5253,53,52,-0.10499999999999998,-0.07499999999999996,142,-0.5063074827194214,142,0.030029887333512306,142,0.0
5254,54,52,-0.135,-0.07499999999999996,142,-0.5068914294242859,142,0.03868315368890762,142,0.0
5255,55,52,-0.16500000000000004,-0.07499999999999996,142,-0.5057061016559601,142,0.027035425417125225,142,0.0
5256,56,52,-0.19499999999999984,-0.07499999999999996,142,-0.5056458413600922,142,0.001955693238414824,142,0.0
5257,57,52,-0.22499999999999987,-0.07499999999999996,142,-0.5040347278118134,142,0.01551259309053421,142,0.0
5258,58,52,-0.2549999999999999,-0.07499999999999996,142,-0.5037941038608551,142,0.010069055017083883,142,0.0
5259,59,52,-0.2849999999999999,-0.07499999999999996,142,-0.503014862537384,142,0.007815410615876317,142,0.0
5260,60,52,-0.31499999999999995,-0.07499999999999996,142,-0.5024462938308716,142,0.0,142,0.0
5261,61,52,-0.345,-0.07499999999999996,142,-0.5024462938308716,142,0.013047256041318178,142,0.0
5262,62,52,-0.375,-0.07499999999999996,142,-0.5045168697834015,142,0.010991593357175589,142,0.0
5263,63,52,-0.405,-0.07499999999999996,142,-0.5044499039649963,142,0.025943445973098278,142,0.0
5264,64,52,-0.43499999999999983,-0.07499999999999996,142,-0.5026434361934662,142,0.028407077305018902,142,0.0
5265,65,52,-0.46499999999999986,-0.07499999999999996,142,-0.5028371810913086,142,0.017369786277413368,142,0.0
5266,66,52,-0.4949999999999999,-0.07499999999999996,142,-0.5036421418190002,142,0.02124304510653019,142,0.0
5267,67,52,-0.5249999999999999,-0.07499999999999996,142,-0.5044834613800049,142,0.022492432966828346,142,0.0
5268,68,52,-0.5549999999999997,-0.07499999999999996,142,-0.5050525367259979,142,0.021318210288882256,142,0.0
5269,69,52,-0.585,-0.07499999999999996,142,-0.5052788555622101,142,0.02832090761512518,142,0.0
5270,70,52,-0.6149999999999998,-0.07499999999999996,142,-0.50563183426857,142,0.024489065632224083,142,0.0
5271,71,52,-0.645,-0.07499999999999996,142,-0.5058608055114746,142,0.02339103166013956,142,0.0
5272,72,52,-0.6749999999999998,-0.07499999999999996,142,-0.5058711767196655,142,0.015434125903993845,142,0.0
5273,73,52,-0.7050000000000001,-0.07499999999999996,142,-0.5056154727935791,142,0.017181536182761192,142,0.0
5274,74,52,-0.7349999999999999,-0.07499999999999996,142,-0.5047688484191895,142,0.017131677828729153,142,0.0
5275,75,52,-0.7650000000000001,-0.07499999999999996,142,-0.5045969486236572,142,0.013064747210592031,142,0.0
5276,76,52,-0.7949999999999999,-0.07499999999999996,142,-0.5044064819812775,142,0.011865298263728619,142,0.0
5277,77,52,-0.8249999999999997,-0.07499999999999996,142,-0.5037673115730286,142,0.0009919205913320184,142,0.0
5278,78,52,-0.855,-0.07499999999999996,142,-0.5037673115730286,142,0.0,142,0.0
5279,79,52,-0.8849999999999998,-0.07499999999999996,142,-0.5038053691387177,142,0.0,142,0.0
5280,80,52,-0.915,-0.07499999999999996,142,-0.5038053393363953,142,0.0,142,0.0
5281,81,52,-0.9449999999999998,-0.07499999999999996,142,-0.5038053393363953,142,0.0,142,0.0
5282,82,52,-0.9750000000000001,-0.07499999999999996,142,-0.5044666826725006,142,0.013216433115303516,142,0.0
5283,83,52,-1.005,-0.07499999999999996,142,-0.5049478113651276,142,0.01082668686285615,142,0.0
5284,84,52,-1.0349999999999997,-0.07499999999999996,142,-0.5053666234016418,142,0.014728307723999023,142,0.0
5285,85,52,-1.065,-0.07499999999999996,142,-0.5062195062637329,142,0.0,142,0.0
5286,86,52,-1.0949999999999998,-0.07499999999999996,44,-0.5068218111991882,142,0.0,142,0.02199999988079071
5287,87,52,-1.125,-0.07499999999999996,0,nan,142,0.0,142,0.02199999988079071
5288,88,52,-1.1549999999999998,-0.07499999999999996,0,nan,142,0.0,142,0.02199999988079071
5289,89,52,-1.185,-0.07499999999999996,0,nan,142,0.0,142,0.02199999988079071
5290,90,52,-1.2149999999999999,-0.07499999999999996,0,nan,142,0.0,142,0.02199999988079071
5291,91,52,-1.245,-0.07499999999999996,0,nan,142,0.0,142,0.02199999988079071
5292,92,52,-1.275,-0.07499999999999996,0,nan,142,0.0,142,0.02199999988079071
5293,93,52,-1.3049999999999997,-0.07499999999999996,0,nan,142,0.0,142,0.02199999988079071
5294,94,52,-1.335,-0.07499999999999996,0,nan,142,0.0,142,0.02199999988079071
5295,95,52,-1.3649999999999998,-0.07499999999999996,0,nan,142,0.0,142,0.02199999988079071
5296,96,52,-1.395,-0.07499999999999996,0,nan,142,0.0,142,0.02199999988079071
5297,97,52,-1.4249999999999998,-0.07499999999999996,0,nan,142,0.0,142,0.0
5298,98,52,-1.455,-0.07499999999999996,0,nan,142,0.0,142,0.0
5299,99,52,-1.4849999999999999,-0.07499999999999996,0,nan,142,0.0,142,0.0
5300,0,53,1.485,-0.10499999999999998,0,nan,142,0.0,142,0.0
5301,1,53,1.455,-0.10499999999999998,0,nan,142,0.0,142,0.0
5302,2,53,1.425,-0.10499999999999998,0,nan,142,0.0,142,0.0
5303,3,53,1.395,-0.10499999999999998,0,nan,142,0.0,142,0.02199999988079071
5304,4,53,1.365,-0.10499999999999998,0,nan,142,0.0,142,0.02199999988079071
5305,5,53,1.335,-0.10499999999999998,0,nan,142,0.0,142,0.02199999988079071
5306,6,53,1.305,-0.10499999999999998,0,nan,142,0.0,142,0.02199999988079071
5307,7,53,1.275,-0.10499999999999998,0,nan,142,0.0,142,0.02199999988079071
5308,8,53,1.245,-0.10499999999999998,0,nan,142,0.0,142,0.02199999988079071
5309,9,53,1.215,-0.10499999999999998,0,nan,142,0.0,142,0.02199999988079071
5310,10,53,1.185,-0.10499999999999998,137,-0.7932946681976318,142,0.0,142,0.0
5311,11,53,1.155,-0.10499999999999998,140,-0.7931967675685883,142,0.0,142,0.0
5312,12,53,1.125,-0.10499999999999998,140,-0.7931967675685883,142,0.0,142,0.0
5313,13,53,1.095,-0.10499999999999998,141,-0.7931731343269348,142,0.13047029078006744,142,0.0
5314,14,53,1.065,-0.10499999999999998,142,-0.7834211885929108,142,0.2880471795797348,142,0.0
5315,15,53,1.0350000000000001,-0.10499999999999998,142,-0.773865133523941,142,0.27856503427028656,142,0.0
5316,16,53,1.005,-0.10499999999999998,142,-0.7649253308773041,142,0.3088783323764801,142,0.0
5317,17,53,0.975,-0.10499999999999998,142,-0.7530353367328644,142,0.37448087334632874,142,0.0
5318,18,53,0.9450000000000001,-0.10499999999999998,142,-0.7416719198226929,142,0.4313230365514755,142,0.0
5319,19,53,0.915,-0.10499999999999998,142,-0.7268109619617462,142,0.4332674592733383,142,0.0
5320,20,53,0.885,-0.10499999999999998,142,-0.714584469795227,142,0.40597395598888397,142,0.0
5321,21,53,0.855,-0.10499999999999998,142,-0.7029563784599304,142,0.35708317160606384,142,0.0
5322,22,53,0.8250000000000001,-0.10499999999999998,142,-0.6932472288608551,142,0.32891929149627686,142,0.0
5323,23,53,0.795,-0.10499999999999998,142,-0.6816754937171936,142,0.41123948991298676,142,0.0
5324,24,53,0.765,-0.10499999999999998,142,-0.6688562333583832,142,0.44952283799648285,142,0.0
5325,25,53,0.735,-0.10499999999999998,142,-0.654813677072525,142,0.43844878673553467,142,0.0
5326,26,53,0.7050000000000001,-0.10499999999999998,142,-0.6416875123977661,142,0.42354023456573486,142,0.0
5327,27,53,0.675,-0.10499999999999998,142,-0.6294962763786316,142,0.38521383702754974,142,0.0
5328,28,53,0.645,-0.10499999999999998,142,-0.6193276047706604,142,0.35124073922634125,142,0.0
5329,29,53,0.615,-0.10499999999999998,142,-0.6084917187690735,142,0.3792275935411453,142,0.0
5330,30,53,0.5850000000000001,-0.10499999999999998,142,-0.5971172153949738,142,0.39319024980068207,142,0.0
5331,31,53,0.555,-0.10499999999999998,142,-0.5857188403606415,142,0.49017271399497986,142,0.0
5332,32,53,0.525,-0.10499999999999998,142,-0.5677809715270996,142,0.5226005911827087,142,0.0
5333,33,53,0.4950000000000001,-0.10499999999999998,142,-0.5546949505805969,142,0.4844199866056442,142,0.0
5334,34,53,0.4650000000000001,-0.10499999999999998,142,-0.549261748790741,142,0.7440718114376068,142,0.0
5335,35,53,0.43500000000000005,-0.10499999999999998,142,-0.513201117515564,142,0.5071479678153992,142,0.0
5336,36,53,0.405,-0.10499999999999998,142,-0.5128495395183563,142,0.0,142,0.0
5337,37,53,0.375,-0.10499999999999998,142,-0.5125662684440613,142,0.0,142,0.0
5338,38,53,0.345,-0.10499999999999998,142,-0.5125250816345215,142,0.0006362795829772949,142,0.0
5339,39,53,0.31499999999999995,-0.10499999999999998,142,-0.5121098756790161,142,0.010161350015550852,142,0.0
5340,40,53,0.28500000000000014,-0.10499999999999998,142,-0.5118043422698975,142,0.006402035476639867,142,0.0
5341,41,53,0.2550000000000001,-0.10499999999999998,142,-0.5107238590717316,142,0.02760139014571905,142,0.0
5342,42,53,0.2250000000000001,-0.10499999999999998,142,-0.5100961923599243,142,0.025444859638810158,142,0.0
5343,43,53,0.19500000000000006,-0.10499999999999998,142,-0.5092641115188599,142,0.011979457922279835,142,0.0
5344,44,53,0.16500000000000004,-0.10499999999999998,142,-0.5086535513401031,142,0.01149930851534009,142,0.0
5345,45,53,0.135,-0.10499999999999998,142,-0.5077225267887115,142,0.003924592514522374,142,0.0
5346,46,53,0.10499999999999998,-0.10499999999999998,142,-0.507432758808136,142,0.0,142,0.0
5347,47,53,0.07499999999999996,-0.10499999999999998,142,-0.5068103969097137,142,0.0,142,0.0
5348,48,53,0.04500000000000015,-0.10499999999999998,142,-0.5061042010784149,142,0.0,142,0.0
5349,49,53,0.015000000000000124,-0.10499999999999998,142,-0.5057804882526398,142,0.0,142,0.0
5350,50,53,-0.014999999999999902,-0.10499999999999998,142,-0.5056744813919067,142,0.0,142,0.0
5351,51,53,-0.04499999999999993,-0.10499999999999998,142,-0.5056443512439728,142,0.0,142,0.0
5352,52,53,-0.07499999999999996,-0.10499999999999998,142,-0.5057230591773987,142,0.0,142,0.0
5353,53,53,-0.10499999999999998,-0.10499999999999998,142,-0.5063074827194214,142,0.027064979076385498,142,0.0
5354,54,53,-0.135,-0.10499999999999998,142,-0.5067570209503174,142,0.03279414586722851,142,0.0
5355,55,53,-0.16500000000000004,-0.10499999999999998,142,-0.5057061016559601,142,0.026121238246560097,142,0.0
5356,56,53,-0.19499999999999984,-0.10499999999999998,142,-0.5056458413600922,142,0.009324152953922749,142,0.0
5357,57,53,-0.22499999999999987,-0.10499999999999998,142,-0.5041453242301941,142,0.02723690215498209,142,0.0
5358,58,53,-0.2549999999999999,-0.10499999999999998,142,-0.5041453242301941,142,0.024101329036056995,142,0.0
5359,59,53,-0.2849999999999999,-0.10499999999999998,142,-0.5034207701683044,142,0.02383062057197094,142,0.0
5360,60,53,-0.31499999999999995,-0.10499999999999998,142,-0.5028127133846283,142,0.008697716984897852,142,0.0
5361,61,53,-0.345,-0.10499999999999998,142,-0.5028127133846283,142,0.013226183131337166,142,0.0
5362,62,53,-0.375,-0.10499999999999998,142,-0.5047472715377808,142,0.015606825705617666,142,0.0
5363,63,53,-0.405,-0.10499999999999998,142,-0.5046347379684448,142,0.026234610937535763,142,0.0
5364,64,53,-0.43499999999999983,-0.10499999999999998,142,-0.5040085017681122,142,0.0307644410058856,142,0.0
5365,65,53,-0.46499999999999986,-0.10499999999999998,142,-0.50411456823349,142,0.023853282444179058,142,0.0
5366,66,53,-0.4949999999999999,-0.10499999999999998,142,-0.5044732689857483,142,0.030765931122004986,142,0.0
5367,67,53,-0.5249999999999999,-0.10499999999999998,142,-0.5051859319210052,142,0.037421928718686104,142,0.0
5368,68,53,-0.5549999999999997,-0.10499999999999998,142,-0.5054706633090973,142,0.026388962753117085,142,0.0
5369,69,53,-0.585,-0.10499999999999998,142,-0.5057590305805206,142,0.03409063443541527,142,0.0
5370,70,53,-0.6149999999999998,-0.10499999999999998,142,-0.5060365498065948,142,0.02868397068232298,142,0.0
5371,71,53,-0.645,-0.10499999999999998,142,-0.5058711767196655,142,0.021140591241419315,142,0.0
5372,72,53,-0.6749999999999998,-0.10499999999999998,142,-0.5060082376003265,142,0.017940732650458813,142,0.0
5373,73,53,-0.7050000000000001,-0.10499999999999998,142,-0.5057229697704315,142,0.01996159553527832,142,0.0
5374,74,53,-0.7349999999999999,-0.10499999999999998,142,-0.5051573812961578,142,0.01992672309279442,142,0.0
5375,75,53,-0.7650000000000001,-0.10499999999999998,142,-0.5048411786556244,142,0.021620824933052063,142,0.0
5376,76,53,-0.7949999999999999,-0.10499999999999998,142,-0.5045737624168396,142,0.018763145431876183,142,0.0
5377,77,53,-0.8249999999999997,-0.10499999999999998,142,-0.5042362809181213,142,0.011664502322673798,142,0.0
5378,78,53,-0.855,-0.10499999999999998,142,-0.5041081607341766,142,0.0062415997963398695,142,0.0
5379,79,53,-0.8849999999999998,-0.10499999999999998,142,-0.5041212439537048,142,0.0,142,0.0
5380,80,53,-0.915,-0.10499999999999998,142,-0.5040711164474487,142,0.0,142,0.0
5381,81,53,-0.9449999999999998,-0.10499999999999998,142,-0.5040711164474487,142,0.004593034507706761,142,0.0
5382,82,53,-0.9750000000000001,-0.10499999999999998,142,-0.5044898390769958,142,0.015038938727229834,142,0.0
5383,83,53,-1.005,-0.10499999999999998,142,-0.5049317479133606,142,0.015077277552336454,142,0.0
5384,84,53,-1.0349999999999997,-0.10499999999999998,142,-0.5053366124629974,142,0.015905017964541912,142,0.0
5385,85,53,-1.065,-0.10499999999999998,142,-0.5062060654163361,142,0.0031287471065297723,142,0.0
5386,86,53,-1.0949999999999998,-0.10499999999999998,44,-0.5068218111991882,142,0.0,142,0.02199999988079071
5387,87,53,-1.125,-0.10499999999999998,0,nan,142,0.0,142,0.02199999988079071
5388,88,53,-1.1549999999999998,-0.10499999999999998,0,nan,142,0.0,142,0.02199999988079071
5389,89,53,-1.185,-0.10499999999999998,0,nan,142,0.0,142,0.02199999988079071
5390,90,53,-1.2149999999999999,-0.10499999999999998,0,nan,142,0.0,142,0.02199999988079071
5391,91,53,-1.245,-0.10499999999999998,0,nan,142,0.0,142,0.02199999988079071
5392,92,53,-1.275,-0.10499999999999998,0,nan,142,0.0,142,0.02199999988079071
5393,93,53,-1.3049999999999997,-0.10499999999999998,0,nan,142,0.0,142,0.02199999988079071
5394,94,53,-1.335,-0.10499999999999998,0,nan,142,0.0,142,0.02199999988079071
5395,95,53,-1.3649999999999998,-0.10499999999999998,0,nan,142,0.0,142,0.02199999988079071
5396,96,53,-1.395,-0.10499999999999998,0,nan,142,0.0,142,0.02199999988079071
5397,97,53,-1.4249999999999998,-0.10499999999999998,0,nan,142,0.0,142,0.0
5398,98,53,-1.455,-0.10499999999999998,0,nan,142,0.0,142,0.0
5399,99,53,-1.4849999999999999,-0.10499999999999998,0,nan,142,0.0,142,0.0
5400,0,54,1.485,-0.135,0,nan,142,0.0,142,0.0
5401,1,54,1.455,-0.135,0,nan,142,0.0,142,0.0
5402,2,54,1.425,-0.135,0,nan,142,0.0,142,0.0
5403,3,54,1.395,-0.135,0,nan,142,0.0,142,0.02199999988079071
5404,4,54,1.365,-0.135,0,nan,142,0.0,142,0.02199999988079071
5405,5,54,1.335,-0.135,0,nan,142,0.0,142,0.02199999988079071
5406,6,54,1.305,-0.135,0,nan,142,0.0,142,0.02199999988079071
5407,7,54,1.275,-0.135,0,nan,142,0.0,142,0.02199999988079071
5408,8,54,1.245,-0.135,0,nan,142,0.0,142,0.02199999988079071
5409,9,54,1.215,-0.135,0,nan,142,0.0,142,0.02199999988079071
5410,10,54,1.185,-0.135,137,-0.7934779524803162,142,0.0,142,0.0
5411,11,54,1.155,-0.135,140,-0.7932937443256378,142,0.0,142,0.0
5412,12,54,1.125,-0.135,140,-0.7932937443256378,142,0.0,142,0.0
5413,13,54,1.095,-0.135,141,-0.7932541370391846,142,0.13112109154462814,142,0.0
5414,14,54,1.065,-0.135,142,-0.7836067080497742,142,0.28780294954776764,142,0.0
5415,15,54,1.0350000000000001,-0.135,142,-0.7738381624221802,142,0.27901341021060944,142,0.0
5416,16,54,1.005,-0.135,142,-0.7648912966251373,142,0.3156902939081192,142,0.0
5417,17,54,0.975,-0.135,142,-0.7529356181621552,142,0.37013857066631317,142,0.0
5418,18,54,0.9450000000000001,-0.135,142,-0.7417638599872589,142,0.42599692940711975,142,0.0
5419,19,54,0.915,-0.135,142,-0.7275002300739288,142,0.43664561212062836,142,0.0
5420,20,54,0.885,-0.135,142,-0.714584469795227,142,0.41169990599155426,142,0.0
5421,21,54,0.855,-0.135,142,-0.7028829157352448,142,0.35915715992450714,142,0.0
5422,22,54,0.8250000000000001,-0.135,142,-0.6931564211845398,142,0.3299978971481323,142,0.0
5423,23,54,0.795,-0.135,142,-0.681848019361496,142,0.40875379741191864,142,0.0
5424,24,54,0.765,-0.135,142,-0.6689423322677612,142,0.45347167551517487,142,0.0
5425,25,54,0.735,-0.135,142,-0.6546676456928253,142,0.44115670025348663,142,0.0
5426,26,54,0.7050000000000001,-0.135,142,-0.6415917277336121,142,0.4237500876188278,142,0.0
5427,27,54,0.675,-0.135,142,-0.6296620070934296,142,0.38267698884010315,142,0.0
5428,28,54,0.645,-0.135,142,-0.6193646192550659,142,0.3469766080379486,142,0.0
5429,29,54,0.615,-0.135,142,-0.6087294220924377,142,0.38385580480098724,142,0.0
5430,30,54,0.5850000000000001,-0.135,142,-0.5970934331417084,142,0.3946075737476349,142,0.0
5431,31,54,0.555,-0.135,142,-0.5857188403606415,142,0.498569056391716,142,0.0
5432,32,54,0.525,-0.135,142,-0.5669277012348175,142,0.554827868938446,142,0.0
5433,33,54,0.4950000000000001,-0.135,142,-0.552922934293747,142,0.711199015378952,142,0.0
5434,34,54,0.4650000000000001,-0.135,142,-0.5180428624153137,142,0.747990757226944,142,0.0
5435,35,54,0.43500000000000005,-0.135,142,-0.5129977762699127,142,0.2840929478406906,142,0.0
5436,36,54,0.405,-0.135,142,-0.5124491751194,142,0.0,142,0.0
5437,37,54,0.375,-0.135,142,-0.5123817324638367,142,0.0,142,0.0
5438,38,54,0.345,-0.135,142,-0.5122877359390259,142,0.0018315509078092873,142,0.0
5439,39,54,0.31499999999999995,-0.135,142,-0.5117855668067932,142,0.006464782636612654,142,0.0
5440,40,54,0.28500000000000014,-0.135,142,-0.5115692615509033,142,0.0027899941778741777,142,0.0
5441,41,54,0.2550000000000001,-0.135,142,-0.510570228099823,142,0.0175451235845685,142,0.0
5442,42,54,0.2250000000000001,-0.135,142,-0.5100374817848206,142,0.02696861792355776,142,0.0
5443,43,54,0.19500000000000006,-0.135,142,-0.5092558264732361,142,0.006842613220214844,142,0.0
5444,44,54,0.16500000000000004,-0.135,142,-0.5086535513401031,142,0.008093317272141576,142,0.0
5445,45,54,0.135,-0.135,142,-0.5077225267887115,142,0.002313510747626424,142,0.0
5446,46,54,0.10499999999999998,-0.135,142,-0.507432758808136,142,0.0,142,0.0
5447,47,54,0.07499999999999996,-0.135,142,-0.5068103969097137,142,0.0,142,0.0
5448,48,54,0.04500000000000015,-0.135,142,-0.5060809552669525,142,0.0,142,0.0
5449,49,54,0.015000000000000124,-0.135,142,-0.5057230591773987,142,0.0,142,0.0
5450,50,54,-0.014999999999999902,-0.135,142,-0.5055427849292755,142,0.0,142,0.0
5451,51,54,-0.04499999999999993,-0.135,142,-0.50542813539505,142,0.0,142,0.0
5452,52,54,-0.07499999999999996,-0.135,142,-0.5056744813919067,142,0.0,142,0.0
5453,53,54,-0.10499999999999998,-0.135,142,-0.5061428546905518,142,0.024484097957611084,142,0.0
5454,54,54,-0.135,-0.135,142,-0.5067570209503174,142,0.03416761755943298,142,0.0
5455,55,54,-0.16500000000000004,-0.135,142,-0.5055621266365051,142,0.02495280746370554,142,0.0
5456,56,54,-0.19499999999999984,-0.135,142,-0.5055038034915924,142,0.01739552989602089,142,0.0
5457,57,54,-0.22499999999999987,-0.135,142,-0.5042228698730469,142,0.03640333563089371,142,0.0
5458,58,54,-0.2549999999999999,-0.135,142,-0.5051849484443665,142,0.039960479363799095,142,0.0
5459,59,54,-0.2849999999999999,-0.135,142,-0.5040605664253235,142,0.03482182137668133,142,0.0
5460,60,54,-0.31499999999999995,-0.135,142,-0.5039681792259216,142,0.020293891429901123,142,0.0
5461,61,54,-0.345,-0.135,142,-0.503997266292572,142,0.022589663974940777,142,0.0
5462,62,54,-0.375,-0.135,142,-0.5050486922264099,142,0.027797619812190533,142,0.0
5463,63,54,-0.405,-0.135,142,-0.5052510797977448,142,0.03154152352362871,142,0.0
5464,64,54,-0.43499999999999983,-0.135,142,-0.504572331905365,142,0.031503877602517605,142,0.0
5465,65,54,-0.46499999999999986,-0.135,142,-0.5047601759433746,142,0.02234526164829731,142,0.0
5466,66,54,-0.4949999999999999,-0.135,142,-0.5057398676872253,142,0.028136692941188812,142,0.0
5467,67,54,-0.5249999999999999,-0.135,142,-0.5059460699558258,142,0.028840309008955956,142,0.0
5468,68,54,-0.5549999999999997,-0.135,142,-0.5064200162887573,142,0.024480123072862625,142,0.0
5469,69,54,-0.585,-0.135,142,-0.5064207017421722,142,0.030476351268589497,142,0.0
5470,70,54,-0.6149999999999998,-0.135,142,-0.506512314081192,142,0.031072134152054787,142,0.0
5471,71,54,-0.645,-0.135,142,-0.5063745975494385,142,0.032004835084080696,142,0.0
5472,72,54,-0.6749999999999998,-0.135,142,-0.5062942802906036,142,0.027140135876834393,142,0.0
5473,73,54,-0.7050000000000001,-0.135,142,-0.5060357749462128,142,0.027372213080525398,142,0.0
5474,74,54,-0.7349999999999999,-0.135,142,-0.5055186152458191,142,0.02566084824502468,142,0.0
5475,75,54,-0.7650000000000001,-0.135,142,-0.5052203238010406,142,0.025446198880672455,142,0.0
5476,76,54,-0.7949999999999999,-0.135,142,-0.5048516988754272,142,0.01964618731290102,142,0.0
5477,77,54,-0.8249999999999997,-0.135,142,-0.5047753155231476,142,0.011999408714473248,142,0.0
5478,78,54,-0.855,-0.135,142,-0.5046056509017944,142,0.006224845536053181,142,0.0
5479,79,54,-0.8849999999999998,-0.135,142,-0.504568874835968,142,0.0,142,0.0
5480,80,54,-0.915,-0.135,142,-0.5045331716537476,142,0.0,142,0.0
5481,81,54,-0.9449999999999998,-0.135,142,-0.5045331716537476,142,0.0030517578125,142,0.0
5482,82,54,-0.9750000000000001,-0.135,142,-0.5048268735408783,142,0.014162580017000437,142,0.0
5483,83,54,-1.005,-0.135,142,-0.5051434636116028,142,0.011292596347630024,142,0.0
5484,84,54,-1.0349999999999997,-0.135,142,-0.5054835975170135,142,0.013401465490460396,142,0.0
5485,85,54,-1.065,-0.135,142,-0.506162166595459,142,0.0038323147455230355,142,0.0
5486,86,54,-1.0949999999999998,-0.135,44,-0.5068218111991882,142,0.0,142,0.02199999988079071
5487,87,54,-1.125,-0.135,0,nan,142,0.0,142,0.02199999988079071
5488,88,54,-1.1549999999999998,-0.135,0,nan,142,0.0,142,0.02199999988079071
5489,89,54,-1.185,-0.135,0,nan,142,0.0,142,0.02199999988079071
5490,90,54,-1.2149999999999999,-0.135,0,nan,142,0.0,142,0.02199999988079071
5491,91,54,-1.245,-0.135,0,nan,142,0.0,142,0.02199999988079071
5492,92,54,-1.275,-0.135,0,nan,142,0.0,142,0.02199999988079071
5493,93,54,-1.3049999999999997,-0.135,0,nan,142,0.0,142,0.02199999988079071
5494,94,54,-1.335,-0.135,0,nan,142,0.0,142,0.02199999988079071
5495,95,54,-1.3649999999999998,-0.135,0,nan,142,0.0,142,0.02199999988079071
5496,96,54,-1.395,-0.135,0,nan,142,0.0,142,0.02199999988079071
5497,97,54,-1.4249999999999998,-0.135,0,nan,142,0.0,142,0.0
5498,98,54,-1.455,-0.135,0,nan,142,0.0,142,0.0
5499,99,54,-1.4849999999999999,-0.135,0,nan,142,0.0,142,0.0
5500,0,55,1.485,-0.16500000000000004,0,nan,142,0.0,142,0.0
5501,1,55,1.455,-0.16500000000000004,0,nan,142,0.0,142,0.0
5502,2,55,1.425,-0.16500000000000004,0,nan,142,0.0,142,0.0
5503,3,55,1.395,-0.16500000000000004,0,nan,142,0.0,142,0.02199999988079071
5504,4,55,1.365,-0.16500000000000004,0,nan,142,0.0,142,0.02199999988079071
5505,5,55,1.335,-0.16500000000000004,0,nan,142,0.0,142,0.02199999988079071
5506,6,55,1.305,-0.16500000000000004,0,nan,142,0.0,142,0.02199999988079071
5507,7,55,1.275,-0.16500000000000004,0,nan,142,0.0,142,0.02199999988079071
5508,8,55,1.245,-0.16500000000000004,0,nan,142,0.0,142,0.02199999988079071
5509,9,55,1.215,-0.16500000000000004,0,nan,142,0.0,142,0.02199999988079071
5510,10,55,1.185,-0.16500000000000004,137,-0.7935701608657837,142,0.0,142,0.0
5511,11,55,1.155,-0.16500000000000004,140,-0.79347825050354,142,0.0,142,0.0
5512,12,55,1.125,-0.16500000000000004,140,-0.79347825050354,142,0.0,142,0.0
5513,13,55,1.095,-0.16500000000000004,141,-0.7934779524803162,142,0.1384252980351448,142,0.0
5514,14,55,1.065,-0.16500000000000004,142,-0.7836955785751343,142,0.3055291473865509,142,0.0
5515,15,55,1.0350000000000001,-0.16500000000000004,142,-0.7739538252353668,142,0.2779633700847626,142,0.0
5516,16,55,1.005,-0.16500000000000004,142,-0.76474329829216,142,0.31030118465423584,142,0.0
5517,17,55,0.975,-0.16500000000000004,142,-0.7533299028873444,142,0.3572142422199249,142,0.0
5518,18,55,0.9450000000000001,-0.16500000000000004,142,-0.742474377155304,142,0.4005616754293442,142,0.0
5519,19,55,0.915,-0.16500000000000004,142,-0.7291146218776703,142,0.437669038772583,142,0.0
5520,20,55,0.885,-0.16500000000000004,142,-0.7150111198425293,142,0.42870162427425385,142,0.0
5521,21,55,0.855,-0.16500000000000004,142,-0.7031950056552887,142,0.3770200312137604,142,0.0
5522,22,55,0.8250000000000001,-0.16500000000000004,142,-0.6930653154850006,142,0.323855385184288,142,0.0
5523,23,55,0.795,-0.16500000000000004,142,-0.6821881532669067,142,0.39677873253822327,142,0.0
5524,24,55,0.765,-0.16500000000000004,142,-0.6690073609352112,142,0.4549844413995743,142,0.0
5525,25,55,0.735,-0.16500000000000004,142,-0.6547705233097076,142,0.44754602015018463,142,0.0
5526,26,55,0.7050000000000001,-0.16500000000000004,142,-0.6417809128761292,142,0.42311182618141174,142,0.0
5527,27,55,0.675,-0.16500000000000004,142,-0.6300760209560394,142,0.38553576171398163,142,0.0
5528,28,55,0.645,-0.16500000000000004,142,-0.6196678876876831,142,0.35060441493988037,142,0.0
5529,29,55,0.615,-0.16500000000000004,142,-0.6091146767139435,142,0.4062919616699219,142,0.0
5530,30,55,0.5850000000000001,-0.16500000000000004,142,-0.5968977808952332,142,0.39520715177059174,142,0.0
5531,31,55,0.555,-0.16500000000000004,142,-0.5857188403606415,142,0.4995199143886566,142,0.0
5532,32,55,0.525,-0.16500000000000004,142,-0.5661092400550842,142,0.5849120914936066,142,0.0
5533,33,55,0.4950000000000001,-0.16500000000000004,142,-0.550919771194458,142,0.8119837939739227,142,0.0
5534,34,55,0.4650000000000001,-0.16500000000000004,142,-0.5167166292667389,142,0.6642465889453888,142,0.0
5535,35,55,0.43500000000000005,-0.16500000000000004,142,-0.5125007629394531,142,0.12052953243255615,142,0.0
5536,36,55,0.405,-0.16500000000000004,142,-0.5120635628700256,142,0.0,142,0.0
5537,37,55,0.375,-0.16500000000000004,142,-0.5119351446628571,142,0.0,142,0.0
5538,38,55,0.345,-0.16500000000000004,142,-0.511873722076416,142,0.0,142,0.0
5539,39,55,0.31499999999999995,-0.16500000000000004,142,-0.5113680064678192,142,0.006996742449700832,142,0.0
5540,40,55,0.28500000000000014,-0.16500000000000004,142,-0.5109537839889526,142,0.0029837092733941972,142,0.0
5541,41,55,0.2550000000000001,-0.16500000000000004,142,-0.5103311836719513,142,0.021629554219543934,142,0.0
5542,42,55,0.2250000000000001,-0.16500000000000004,142,-0.5097343921661377,142,0.025479495525360107,142,0.0
5543,43,55,0.19500000000000006,-0.16500000000000004,142,-0.5091320872306824,142,0.005872332025319338,142,0.0
5544,44,55,0.16500000000000004,-0.16500000000000004,142,-0.5085846781730652,142,0.009010732173919678,142,0.0
5545,45,55,0.135,-0.16500000000000004,142,-0.5077225267887115,142,0.0021656384342350066,142,0.0
5546,46,55,0.10499999999999998,-0.16500000000000004,142,-0.5072721242904663,142,0.0,142,0.0
5547,47,55,0.07499999999999996,-0.16500000000000004,142,-0.5067647695541382,142,0.0,142,0.0
5548,48,55,0.04500000000000015,-0.16500000000000004,142,-0.5060809552669525,142,0.0018861973658204079,142,0.0
5549,49,55,0.015000000000000124,-0.16500000000000004,142,-0.5057230591773987,142,0.0,142,0.0
5550,50,55,-0.014999999999999902,-0.16500000000000004,142,-0.5055427849292755,142,0.0,142,0.0
5551,51,55,-0.04499999999999993,-0.16500000000000004,142,-0.50542813539505,142,0.0,142,0.0
5552,52,55,-0.07499999999999996,-0.16500000000000004,142,-0.5056744813919067,142,0.0,142,0.0
5553,53,55,-0.10499999999999998,-0.16500000000000004,142,-0.5061428546905518,142,0.026120741851627827,142,0.0
5554,54,55,-0.135,-0.16500000000000004,142,-0.5066175758838654,142,0.033548539504408836,142,0.0
5555,55,55,-0.16500000000000004,-0.16500000000000004,142,-0.5054827332496643,142,0.022551958449184895,142,0.0
5556,56,55,-0.19499999999999984,-0.16500000000000004,142,-0.5054382979869843,142,0.019077271223068237,142,0.0
5557,57,55,-0.22499999999999987,-0.16500000000000004,142,-0.5047794282436371,142,0.049644045531749725,142,0.0
5558,58,55,-0.2549999999999999,-0.16500000000000004,142,-0.5058095753192902,142,0.043632062152028084,142,0.0
5559,59,55,-0.2849999999999999,-0.16500000000000004,142,-0.5051142573356628,142,0.0355434101074934,142,0.0
5560,60,55,-0.31499999999999995,-0.16500000000000004,142,-0.5048547387123108,142,0.0188412768766284,142,0.0
5561,61,55,-0.345,-0.16500000000000004,142,-0.5049077570438385,142,0.013728228863328695,142,0.0
5562,62,55,-0.375,-0.16500000000000004,142,-0.5053961277008057,142,0.016624231822788715,142,0.0
5563,63,55,-0.405,-0.16500000000000004,142,-0.5057309865951538,142,0.028972003608942032,142,0.0
5564,64,55,-0.43499999999999983,-0.16500000000000004,142,-0.5052996873855591,142,0.029993553645908833,142,0.0
5565,65,55,-0.46499999999999986,-0.16500000000000004,142,-0.505546361207962,142,0.021612425334751606,142,0.0
5566,66,55,-0.4949999999999999,-0.16500000000000004,142,-0.5060352981090546,142,0.031562214717268944,142,0.0
5567,67,55,-0.5249999999999999,-0.16500000000000004,142,-0.5063439905643463,142,0.02851464133709669,142,0.0
5568,68,55,-0.5549999999999997,-0.16500000000000004,142,-0.5066225230693817,142,0.028634573332965374,142,0.0
5569,69,55,-0.585,-0.16500000000000004,142,-0.5067803859710693,142,0.0359236691147089,142,0.0
5570,70,55,-0.6149999999999998,-0.16500000000000004,142,-0.5072124898433685,142,0.03944172523915768,142,0.0
5571,71,55,-0.645,-0.16500000000000004,142,-0.5072417855262756,142,0.03411819599568844,142,0.0
5572,72,55,-0.6749999999999998,-0.16500000000000004,142,-0.5072417855262756,142,0.037469467148184776,142,0.0
5573,73,55,-0.7050000000000001,-0.16500000000000004,142,-0.5065863728523254,142,0.0356355719268322,142,0.0
5574,74,55,-0.7349999999999999,-0.16500000000000004,142,-0.5061523914337158,142,0.0342093612998724,142,0.0
5575,75,55,-0.7650000000000001,-0.16500000000000004,142,-0.5056630373001099,142,0.02579043246805668,142,0.0
5576,76,55,-0.7949999999999999,-0.16500000000000004,142,-0.5051829814910889,142,0.01815358456224203,142,0.0
5577,77,55,-0.8249999999999997,-0.16500000000000004,142,-0.5049594044685364,142,0.01306630251929164,142,0.0
5578,78,55,-0.855,-0.16500000000000004,142,-0.5047865211963654,142,0.008814036846160889,142,0.0
5579,79,55,-0.8849999999999998,-0.16500000000000004,142,-0.5047200620174408,142,0.0008910894102882594,142,0.0
5580,80,55,-0.915,-0.16500000000000004,142,-0.5047200620174408,142,0.0,142,0.0
5581,81,55,-0.9449999999999998,-0.16500000000000004,142,-0.5047500729560852,142,0.0018442036816850305,142,0.0
5582,82,55,-0.9750000000000001,-0.16500000000000004,142,-0.5049086809158325,142,0.008500761352479458,142,0.0
5583,83,55,-1.005,-0.16500000000000004,142,-0.5051812529563904,142,0.005412101745605469,142,0.0
5584,84,55,-1.0349999999999997,-0.16500000000000004,142,-0.5054835975170135,142,0.0068585078697651625,142,0.0
5585,85,55,-1.065,-0.16500000000000004,142,-0.506162166595459,142,0.0,142,0.0
5586,86,55,-1.0949999999999998,-0.16500000000000004,44,-0.5068218111991882,142,0.0,142,0.02199999988079071
5587,87,55,-1.125,-0.16500000000000004,0,nan,142,0.0,142,0.02199999988079071
5588,88,55,-1.1549999999999998,-0.16500000000000004,0,nan,142,0.0,142,0.02199999988079071
5589,89,55,-1.185,-0.16500000000000004,0,nan,142,0.0,142,0.02199999988079071
5590,90,55,-1.2149999999999999,-0.16500000000000004,0,nan,142,0.0,142,0.02199999988079071
5591,91,55,-1.245,-0.16500000000000004,0,nan,142,0.0,142,0.02199999988079071
5592,92,55,-1.275,-0.16500000000000004,0,nan,142,0.0,142,0.02199999988079071
5593,93,55,-1.3049999999999997,-0.16500000000000004,0,nan,142,0.0,142,0.02199999988079071
5594,94,55,-1.335,-0.16500000000000004,0,nan,142,0.0,142,0.02199999988079071
5595,95,55,-1.3649999999999998,-0.16500000000000004,0,nan,142,0.0,142,0.02199999988079071
5596,96,55,-1.395,-0.16500000000000004,0,nan,142,0.0,142,0.02199999988079071
5597,97,55,-1.4249999999999998,-0.16500000000000004,0,nan,142,0.0,142,0.0
5598,98,55,-1.455,-0.16500000000000004,0,nan,142,0.0,142,0.0
5599,99,55,-1.4849999999999999,-0.16500000000000004,0,nan,142,0.0,142,0.0
5600,0,56,1.485,-0.19499999999999984,0,nan,142,0.0,142,0.0
5601,1,56,1.455,-0.19499999999999984,0,nan,142,0.0,142,0.0
5602,2,56,1.425,-0.19499999999999984,0,nan,142,0.0,142,0.0
5603,3,56,1.395,-0.19499999999999984,0,nan,142,0.0,142,0.02199999988079071
5604,4,56,1.365,-0.19499999999999984,0,nan,142,0.0,142,0.02199999988079071
5605,5,56,1.335,-0.19499999999999984,0,nan,142,0.0,142,0.02199999988079071
5606,6,56,1.305,-0.19499999999999984,0,nan,142,0.0,142,0.02199999988079071
5607,7,56,1.275,-0.19499999999999984,0,nan,142,0.0,142,0.02199999988079071
5608,8,56,1.245,-0.19499999999999984,0,nan,142,0.0,142,0.02199999988079071
5609,9,56,1.215,-0.19499999999999984,0,nan,142,0.0,142,0.02199999988079071
5610,10,56,1.185,-0.19499999999999984,137,-0.7943576574325562,142,0.0,142,0.0
5611,11,56,1.155,-0.19499999999999984,140,-0.7941164672374725,142,0.0,142,0.0
5612,12,56,1.125,-0.19499999999999984,140,-0.7941164672374725,142,0.0,142,0.0
5613,13,56,1.095,-0.19499999999999984,141,-0.7940709590911865,142,0.13818363845348358,142,0.0
5614,14,56,1.065,-0.19499999999999984,142,-0.7840564846992493,142,0.3119772970676422,142,0.0
5615,15,56,1.0350000000000001,-0.19499999999999984,142,-0.7739538252353668,142,0.28145650029182434,142,0.0
5616,16,56,1.005,-0.19499999999999984,142,-0.7645475566387177,142,0.33711986243724823,142,0.0
5617,17,56,0.975,-0.19499999999999984,142,-0.7535098493099213,142,0.3355657011270523,142,0.0
5618,18,56,0.9450000000000001,-0.19499999999999984,142,-0.7429625689983368,142,0.3863525539636612,142,0.0
5619,19,56,0.915,-0.19499999999999984,142,-0.7311850488185883,142,0.4368324428796768,142,0.0
5620,20,56,0.885,-0.19499999999999984,142,-0.7162174880504608,142,0.44948987662792206,142,0.0
5621,21,56,0.855,-0.19499999999999984,142,-0.7031699419021606,142,0.39632759988307953,142,0.0
5622,22,56,0.8250000000000001,-0.19499999999999984,142,-0.6929569244384766,142,0.32834163308143616,142,0.0
5623,23,56,0.795,-0.19499999999999984,142,-0.682941198348999,142,0.3790915757417679,142,0.0
5624,24,56,0.765,-0.19499999999999984,142,-0.66965451836586,142,0.4499572813510895,142,0.0
5625,25,56,0.735,-0.19499999999999984,142,-0.6550336182117462,142,0.43639491498470306,142,0.0
5626,26,56,0.7050000000000001,-0.19499999999999984,142,-0.6422135531902313,142,0.41393986344337463,142,0.0
5627,27,56,0.675,-0.19499999999999984,142,-0.6308559477329254,142,0.3861878514289856,142,0.0
5628,28,56,0.645,-0.19499999999999984,142,-0.6197565495967865,142,0.3602809011936188,142,0.0
5629,29,56,0.615,-0.19499999999999984,142,-0.6090273857116699,142,0.4105541855096817,142,0.0
5630,30,56,0.5850000000000001,-0.19499999999999984,142,-0.5968977808952332,142,0.39763450622558594,142,0.0
5631,31,56,0.555,-0.19499999999999984,142,-0.5857188403606415,142,0.5217093229293823,142,0.0
5632,32,56,0.525,-0.19499999999999984,142,-0.5655792653560638,142,0.7560222744941711,142,0.0
5633,33,56,0.4950000000000001,-0.19499999999999984,142,-0.5496576428413391,142,0.8867262005805969,142,0.10000000149011612
5634,34,56,0.4650000000000001,-0.19499999999999984,142,-0.5165538191795349,142,0.5244319438934326,142,0.0
5635,35,56,0.43500000000000005,-0.19499999999999984,142,-0.5122348666191101,142,0.06072905659675598,142,0.0
5636,36,56,0.405,-0.19499999999999984,142,-0.5117855668067932,142,0.0,142,0.0
5637,37,56,0.375,-0.19499999999999984,142,-0.5117180943489075,142,0.0,142,0.0
5638,38,56,0.345,-0.19499999999999984,142,-0.5116386115550995,142,0.0023414483293890953,142,0.0
5639,39,56,0.31499999999999995,-0.19499999999999984,142,-0.5108305215835571,142,0.009711086750030518,142,0.0
5640,40,56,0.28500000000000014,-0.19499999999999984,142,-0.5108088254928589,142,0.008823853451758623,142,0.0
5641,41,56,0.2550000000000001,-0.19499999999999984,142,-0.5100481510162354,142,0.02436041831970215,142,0.0
5642,42,56,0.2250000000000001,-0.19499999999999984,142,-0.5096057653427124,142,0.02689552679657936,142,0.0
5643,43,56,0.19500000000000006,-0.19499999999999984,142,-0.5089904367923737,142,0.011970599181950092,142,0.0
5644,44,56,0.16500000000000004,-0.19499999999999984,142,-0.5084513127803802,142,0.009864071849733591,142,0.0
5645,45,56,0.135,-0.19499999999999984,142,-0.5077101290225983,142,0.0028714537620544434,142,0.0
5646,46,56,0.10499999999999998,-0.19499999999999984,142,-0.5072212219238281,142,0.0,142,0.0
5647,47,56,0.07499999999999996,-0.19499999999999984,142,-0.5067647695541382,142,0.0014656846760772169,142,0.0
5648,48,56,0.04500000000000015,-0.19499999999999984,142,-0.5059667825698853,142,0.008334219455718994,142,0.0
5649,49,56,0.015000000000000124,-0.19499999999999984,142,-0.5054711997509003,142,0.0,142,0.0
5650,50,56,-0.014999999999999902,-0.19499999999999984,142,-0.5054039359092712,142,0.0,142,0.0
5651,51,56,-0.04499999999999993,-0.19499999999999984,142,-0.5052899420261383,142,0.0,142,0.0
5652,52,56,-0.07499999999999996,-0.19499999999999984,142,-0.5054271221160889,142,4.6193599700927734e-05,142,0.0
5653,53,56,-0.10499999999999998,-0.19499999999999984,142,-0.5059337317943573,142,0.02952788770198822,142,0.0
5654,54,56,-0.135,-0.19499999999999984,142,-0.5060868859291077,142,0.04242112301290035,142,0.0
5655,55,56,-0.16500000000000004,-0.19499999999999984,142,-0.5049611926078796,142,0.026619683019816875,142,0.0
5656,56,56,-0.19499999999999984,-0.19499999999999984,142,-0.5051997900009155,142,0.028387075290083885,142,0.0
5657,57,56,-0.22499999999999987,-0.19499999999999984,142,-0.5056954920291901,142,0.05070719122886658,142,0.0
5658,58,56,-0.2549999999999999,-0.19499999999999984,142,-0.5065041184425354,142,0.04346439056098461,142,0.0
5659,59,56,-0.2849999999999999,-0.19499999999999984,142,-0.5059225857257843,142,0.03816038370132446,142,0.0
5660,60,56,-0.31499999999999995,-0.19499999999999984,142,-0.5055820047855377,142,0.012960461433976889,142,0.0
5661,61,56,-0.345,-0.19499999999999984,142,-0.5056779384613037,142,0.010853508953005075,142,0.0
5662,62,56,-0.375,-0.19499999999999984,142,-0.5060258507728577,142,0.016892452724277973,142,0.0
5663,63,56,-0.405,-0.19499999999999984,142,-0.5061828792095184,142,0.020353992469608784,142,0.0
5664,64,56,-0.43499999999999983,-0.19499999999999984,142,-0.5058503150939941,142,0.018764039501547813,142,0.0
5665,65,56,-0.46499999999999986,-0.19499999999999984,142,-0.5059353709220886,142,0.013283618725836277,142,0.0
5666,66,56,-0.4949999999999999,-0.19499999999999984,142,-0.5064080059528351,142,0.028844770975410938,142,0.0
5667,67,56,-0.5249999999999999,-0.19499999999999984,142,-0.5067814886569977,142,0.03226112760603428,142,0.0
5668,68,56,-0.5549999999999997,-0.19499999999999984,142,-0.507686585187912,142,0.030971046537160873,142,0.0
5669,69,56,-0.585,-0.19499999999999984,142,-0.5079074800014496,142,0.034033311530947685,142,0.0
5670,70,56,-0.6149999999999998,-0.19499999999999984,142,-0.5081765949726105,142,0.0351443886756897,142,0.0
5671,71,56,-0.645,-0.19499999999999984,142,-0.5080921351909637,142,0.03531083092093468,142,0.0
5672,72,56,-0.6749999999999998,-0.19499999999999984,142,-0.5079039931297302,142,0.039474159479141235,142,0.0
5673,73,56,-0.7050000000000001,-0.19499999999999984,142,-0.50739786028862,142,0.03616239130496979,142,0.0
5674,74,56,-0.7349999999999999,-0.19499999999999984,142,-0.5067696869373322,142,0.03359013982117176,142,0.0
5675,75,56,-0.7650000000000001,-0.19499999999999984,142,-0.5061096251010895,142,0.026100873947143555,142,0.0
5676,76,56,-0.7949999999999999,-0.19499999999999984,142,-0.5057228803634644,142,0.023402554914355278,142,0.0
5677,77,56,-0.8249999999999997,-0.19499999999999984,142,-0.5053078234195709,142,0.023425986990332603,142,0.0
5678,78,56,-0.855,-0.19499999999999984,142,-0.5051164627075195,142,0.0197653966024518,142,0.0
5679,79,56,-0.8849999999999998,-0.19499999999999984,142,-0.5049943029880524,142,0.012307025026530027,142,0.0
5680,80,56,-0.915,-0.19499999999999984,142,-0.5049854815006256,142,0.007660687202587724,142,0.0
5681,81,56,-0.9449999999999998,-0.19499999999999984,142,-0.5049775242805481,142,0.006327984621748328,142,0.0
5682,82,56,-0.9750000000000001,-0.19499999999999984,142,-0.5049943029880524,142,0.00813851784914732,142,0.0
5683,83,56,-1.005,-0.19499999999999984,142,-0.5052028000354767,142,0.003851950168609619,142,0.0
5684,84,56,-1.0349999999999997,-0.19499999999999984,142,-0.5055080652236938,142,0.007771126925945282,142,0.0
5685,85,56,-1.065,-0.19499999999999984,142,-0.506162166595459,142,0.002131859480869025,142,0.0
5686,86,56,-1.0949999999999998,-0.19499999999999984,44,-0.5068218111991882,142,0.0,142,0.02199999988079071
5687,87,56,-1.125,-0.19499999999999984,0,nan,142,0.0,142,0.02199999988079071
5688,88,56,-1.1549999999999998,-0.19499999999999984,0,nan,142,0.0,142,0.02199999988079071
5689,89,56,-1.185,-0.19499999999999984,0,nan,142,0.0,142,0.02199999988079071
5690,90,56,-1.2149999999999999,-0.19499999999999984,0,nan,142,0.0,142,0.02199999988079071
5691,91,56,-1.245,-0.19499999999999984,0,nan,142,0.0,142,0.02199999988079071
5692,92,56,-1.275,-0.19499999999999984,0,nan,142,0.0,142,0.02199999988079071
5693,93,56,-1.3049999999999997,-0.19499999999999984,0,nan,142,0.0,142,0.02199999988079071
5694,94,56,-1.335,-0.19499999999999984,0,nan,142,0.0,142,0.02199999988079071
5695,95,56,-1.3649999999999998,-0.19499999999999984,0,nan,142,0.0,142,0.02199999988079071
5696,96,56,-1.395,-0.19499999999999984,0,nan,142,0.0,142,0.02199999988079071
5697,97,56,-1.4249999999999998,-0.19499999999999984,0,nan,142,0.0,142,0.0
5698,98,56,-1.455,-0.19499999999999984,0,nan,142,0.0,142,0.0
5699,99,56,-1.4849999999999999,-0.19499999999999984,0,nan,142,0.0,142,0.0
5700,0,57,1.485,-0.22499999999999987,0,nan,142,0.0,142,0.0
5701,1,57,1.455,-0.22499999999999987,0,nan,142,0.0,142,0.0
5702,2,57,1.425,-0.22499999999999987,0,nan,142,0.0,142,0.0
5703,3,57,1.395,-0.22499999999999987,0,nan,142,0.0,142,0.02199999988079071
5704,4,57,1.365,-0.22499999999999987,0,nan,142,0.0,142,0.02199999988079071
5705,5,57,1.335,-0.22499999999999987,0,nan,142,0.0,142,0.02199999988079071
5706,6,57,1.305,-0.22499999999999987,0,nan,142,0.0,142,0.02199999988079071
5707,7,57,1.275,-0.22499999999999987,0,nan,142,0.0,142,0.02199999988079071
5708,8,57,1.245,-0.22499999999999987,0,nan,142,0.0,142,0.02199999988079071
5709,9,57,1.215,-0.22499999999999987,0,nan,142,0.0,142,0.02199999988079071
5710,10,57,1.185,-0.22499999999999987,137,-0.7949045896530151,142,0.0,142,0.0
5711,11,57,1.155,-0.22499999999999987,140,-0.7947567701339722,142,0.0,142,0.0
5712,12,57,1.125,-0.22499999999999987,140,-0.7947567701339722,142,0.0,142,0.0
5713,13,57,1.095,-0.22499999999999987,141,-0.7946980595588684,142,0.14332623034715652,142,0.0
5714,14,57,1.065,-0.22499999999999987,142,-0.7842422425746918,142,0.31419968605041504,142,0.0
5715,15,57,1.0350000000000001,-0.22499999999999987,142,-0.774532288312912,142,0.28597491979599,142,0.0
5716,16,57,1.005,-0.22499999999999987,142,-0.7645330727100372,142,0.33540624380111694,142,0.0
5717,17,57,0.975,-0.22499999999999987,142,-0.7536219358444214,142,0.33176612854003906,142,0.0
5718,18,57,0.9450000000000001,-0.22499999999999987,142,-0.7436375916004181,142,0.36123572289943695,142,0.0
5719,19,57,0.915,-0.22499999999999987,142,-0.7316032946109772,142,0.4278534799814224,142,0.0
5720,20,57,0.885,-0.22499999999999987,142,-0.7169252038002014,142,0.4502798169851303,142,0.0
5721,21,57,0.855,-0.22499999999999987,142,-0.7033273577690125,142,0.4154376685619354,142,0.0
5722,22,57,0.8250000000000001,-0.22499999999999987,142,-0.6929569244384766,142,0.3291766047477722,142,0.0
5723,23,57,0.795,-0.22499999999999987,142,-0.6829673051834106,142,0.3693912923336029,142,0.0
5724,24,57,0.765,-0.22499999999999987,142,-0.670246422290802,142,0.4421377182006836,142,0.0
5725,25,57,0.735,-0.22499999999999987,142,-0.6559327244758606,142,0.43549594283103943,142,0.0
5726,26,57,0.7050000000000001,-0.22499999999999987,142,-0.6435603499412537,142,0.4103718549013138,142,0.0
5727,27,57,0.675,-0.22499999999999987,142,-0.6316787302494049,142,0.39023885130882263,142,0.0
5728,28,57,0.645,-0.22499999999999987,142,-0.6198647320270538,142,0.3729517310857773,142,0.0
5729,29,57,0.615,-0.22499999999999987,142,-0.6090273857116699,142,0.41134846210479736,142,0.0
5730,30,57,0.5850000000000001,-0.22499999999999987,142,-0.5967173278331757,142,0.40730051696300507,142,0.0
5731,31,57,0.555,-0.22499999999999987,142,-0.5852140486240387,142,0.60103839635849,142,0.0
5732,32,57,0.525,-0.22499999999999987,136,-0.5642334222793579,142,1.0838288068771362,142,0.10000000149011612
5733,33,57,0.4950000000000001,-0.22499999999999987,142,-0.5169603824615479,142,0.8399113118648529,142,0.05000000074505806
5734,34,57,0.4650000000000001,-0.22499999999999987,142,-0.5145988166332245,142,0.28487710654735565,142,0.0
5735,35,57,0.43500000000000005,-0.22499999999999987,142,-0.5117253661155701,142,0.06851208582520485,142,0.0
5736,36,57,0.405,-0.22499999999999987,142,-0.5101516544818878,142,0.00010182460391661152,142,0.0
5737,37,57,0.375,-0.22499999999999987,142,-0.5101516544818878,142,0.0,142,0.0
5738,38,57,0.345,-0.22499999999999987,142,-0.5099674761295319,142,0.004346287110820413,142,0.0
5739,39,57,0.31499999999999995,-0.22499999999999987,142,-0.5098139941692352,142,0.01007351977750659,142,0.0
5740,40,57,0.28500000000000014,-0.22499999999999987,142,-0.5098466575145721,142,0.021926562301814556,142,0.0
5741,41,57,0.2550000000000001,-0.22499999999999987,142,-0.5096771419048309,142,0.029268961399793625,142,0.0
5742,42,57,0.2250000000000001,-0.22499999999999987,142,-0.5092516243457794,142,0.024452841840684414,142,0.0
5743,43,57,0.19500000000000006,-0.22499999999999987,142,-0.5088716149330139,142,0.016169746406376362,142,0.0
5744,44,57,0.16500000000000004,-0.22499999999999987,142,-0.5083167552947998,142,0.01595202460885048,142,0.0
5745,45,57,0.135,-0.22499999999999987,142,-0.5076645612716675,142,0.011113458313047886,142,0.0
5746,46,57,0.10499999999999998,-0.22499999999999987,142,-0.5070944726467133,142,0.0,142,0.0
5747,47,57,0.07499999999999996,-0.22499999999999987,142,-0.5066599249839783,142,0.03342139720916748,142,0.0
5748,48,57,0.04500000000000015,-0.22499999999999987,142,-0.5056744813919067,142,0.059796519577503204,142,0.0
5749,49,57,0.015000000000000124,-0.22499999999999987,142,-0.5052274167537689,142,0.0889071375131607,142,0.0
5750,50,57,-0.014999999999999902,-0.22499999999999987,142,-0.5052192807197571,142,0.10478895902633667,142,0.0
5751,51,57,-0.04499999999999993,-0.22499999999999987,142,-0.5052033960819244,142,0.11330395936965942,142,0.0
5752,52,57,-0.07499999999999996,-0.22499999999999987,142,-0.5052111148834229,142,0.11482114717364311,142,0.0
5753,53,57,-0.10499999999999998,-0.22499999999999987,142,-0.5052192807197571,142,0.12691160291433334,142,0.0
5754,54,57,-0.135,-0.22499999999999987,142,-0.5049856603145599,142,0.13475962728261948,142,0.0
5755,55,57,-0.16500000000000004,-0.22499999999999987,142,-0.5044483840465546,142,0.1226770170032978,142,0.0
5756,56,57,-0.19499999999999984,-0.22499999999999987,142,-0.5046159625053406,142,0.10657381638884544,142,0.0
5757,57,57,-0.22499999999999987,-0.22499999999999987,142,-0.5056872665882111,142,0.08991548791527748,142,0.0
5758,58,57,-0.2549999999999999,-0.22499999999999987,142,-0.5066846609115601,142,0.06268272548913956,142,0.0
5759,59,57,-0.2849999999999999,-0.22499999999999987,142,-0.5064281225204468,142,0.03979520872235298,142,0.0
5760,60,57,-0.31499999999999995,-0.22499999999999987,142,-0.5060344636440277,142,0.013149595353752375,142,0.0
5761,61,57,-0.345,-0.22499999999999987,142,-0.5061677694320679,142,0.004942710394971073,142,0.0
5762,62,57,-0.375,-0.22499999999999987,142,-0.5064522325992584,142,0.0037014485569670796,142,0.0
5763,63,57,-0.405,-0.22499999999999987,142,-0.5064522325992584,142,0.010015358682721853,142,0.0
5764,64,57,-0.43499999999999983,-0.22499999999999987,142,-0.505971759557724,142,0.00792692112736404,142,0.0
5765,65,57,-0.46499999999999986,-0.22499999999999987,142,-0.5060352981090546,142,0.00405609596055001,142,0.0
5766,66,57,-0.4949999999999999,-0.22499999999999987,142,-0.506557434797287,142,0.023276434279978275,142,0.0
5767,67,57,-0.5249999999999999,-0.22499999999999987,142,-0.5070216655731201,142,0.030851050280034542,142,0.0
5768,68,57,-0.5549999999999997,-0.22499999999999987,142,-0.5081424415111542,142,0.02550442796200514,142,0.0
5769,69,57,-0.585,-0.22499999999999987,142,-0.508558452129364,142,0.023668454959988594,142,0.0
5770,70,57,-0.6149999999999998,-0.22499999999999987,142,-0.5088875889778137,142,0.027685250155627728,142,0.0
5771,71,57,-0.645,-0.22499999999999987,142,-0.5089839696884155,142,0.025175074115395546,142,0.0
5772,72,57,-0.6749999999999998,-0.22499999999999987,142,-0.5085212290287018,142,0.030373643152415752,142,0.0
5773,73,57,-0.7050000000000001,-0.22499999999999987,142,-0.508011668920517,142,0.02940254844725132,142,0.0
5774,74,57,-0.7349999999999999,-0.22499999999999987,142,-0.5073513686656952,142,0.024949083104729652,142,0.0
5775,75,57,-0.7650000000000001,-0.22499999999999987,142,-0.5068512260913849,142,0.026197041384875774,142,0.0
5776,76,57,-0.7949999999999999,-0.22499999999999987,142,-0.5064319968223572,142,0.026029433123767376,142,0.0
5777,77,57,-0.8249999999999997,-0.22499999999999987,142,-0.5061433017253876,142,0.025179865770041943,142,0.0
5778,78,57,-0.855,-0.22499999999999987,142,-0.5058448910713196,142,0.021160295233130455,142,0.0
5779,79,57,-0.8849999999999998,-0.22499999999999987,142,-0.5055365562438965,142,0.014863411895930767,142,0.0
5780,80,57,-0.915,-0.22499999999999987,142,-0.5054936707019806,142,0.01078099012374878,142,0.0
5781,81,57,-0.9449999999999998,-0.22499999999999987,142,-0.5052835941314697,142,0.008837878704071045,142,0.0
5782,82,57,-0.9750000000000001,-0.22499999999999987,142,-0.5052307546138763,142,0.009598360862582922,142,0.0
5783,83,57,-1.005,-0.22499999999999987,142,-0.5052835941314697,142,0.008262693881988525,142,0.0
5784,84,57,-1.0349999999999997,-0.22499999999999987,142,-0.505491316318512,142,0.009826712310314178,142,0.0
5785,85,57,-1.065,-0.22499999999999987,142,-0.5060964524745941,142,0.0049976210575550795,142,0.0
5786,86,57,-1.0949999999999998,-0.22499999999999987,44,-0.5066205859184265,142,0.0,142,0.02199999988079071
5787,87,57,-1.125,-0.22499999999999987,0,nan,142,0.0,142,0.02199999988079071
5788,88,57,-1.1549999999999998,-0.22499999999999987,0,nan,142,0.0,142,0.02199999988079071
5789,89,57,-1.185,-0.22499999999999987,0,nan,142,0.0,142,0.02199999988079071
5790,90,57,-1.2149999999999999,-0.22499999999999987,0,nan,142,0.0,142,0.02199999988079071
5791,91,57,-1.245,-0.22499999999999987,0,nan,142,0.0,142,0.02199999988079071
5792,92,57,-1.275,-0.22499999999999987,0,nan,142,0.0,142,0.02199999988079071
5793,93,57,-1.3049999999999997,-0.22499999999999987,0,nan,142,0.0,142,0.02199999988079071
5794,94,57,-1.335,-0.22499999999999987,0,nan,142,0.0,142,0.02199999988079071
5795,95,57,-1.3649999999999998,-0.22499999999999987,0,nan,142,0.0,142,0.02199999988079071
5796,96,57,-1.395,-0.22499999999999987,0,nan,142,0.0,142,0.02199999988079071
5797,97,57,-1.4249999999999998,-0.22499999999999987,0,nan,142,0.0,142,0.0
5798,98,57,-1.455,-0.22499999999999987,0,nan,142,0.0,142,0.0
5799,99,57,-1.4849999999999999,-0.22499999999999987,0,nan,142,0.0,142,0.0
5800,0,58,1.485,-0.2549999999999999,0,nan,142,0.0,142,0.0
5801,1,58,1.455,-0.2549999999999999,0,nan,142,0.0,142,0.0
5802,2,58,1.425,-0.2549999999999999,0,nan,142,0.0,142,0.0
5803,3,58,1.395,-0.2549999999999999,0,nan,142,0.0,142,0.02199999988079071
5804,4,58,1.365,-0.2549999999999999,0,nan,142,0.0,142,0.02199999988079071
5805,5,58,1.335,-0.2549999999999999,0,nan,142,0.0,142,0.02199999988079071
5806,6,58,1.305,-0.2549999999999999,0,nan,142,0.0,142,0.02199999988079071
5807,7,58,1.275,-0.2549999999999999,0,nan,142,0.0,142,0.02199999988079071
5808,8,58,1.245,-0.2549999999999999,0,nan,142,0.0,142,0.02199999988079071
5809,9,58,1.215,-0.2549999999999999,0,nan,142,0.0,142,0.02199999988079071
5810,10,58,1.185,-0.2549999999999999,137,-0.7953317761421204,142,0.0,142,0.0
5811,11,58,1.155,-0.2549999999999999,140,-0.7951688766479492,142,0.0,142,0.0
5812,12,58,1.125,-0.2549999999999999,140,-0.7951688766479492,142,0.0,142,0.0
5813,13,58,1.095,-0.2549999999999999,141,-0.7950741052627563,142,0.1356988400220871,142,0.0
5814,14,58,1.065,-0.2549999999999999,142,-0.7849037647247314,142,0.30599014461040497,142,0.0
5815,15,58,1.0350000000000001,-0.2549999999999999,142,-0.774683028459549,142,0.2851017862558365,142,0.0
5816,16,58,1.005,-0.2549999999999999,142,-0.7648996412754059,142,0.3263264447450638,142,0.0
5817,17,58,0.975,-0.2549999999999999,142,-0.7536219358444214,142,0.3361738920211792,142,0.0
5818,18,58,0.9450000000000001,-0.2549999999999999,142,-0.743852972984314,142,0.34485742449760437,142,0.0
5819,19,58,0.915,-0.2549999999999999,142,-0.7319722175598145,142,0.4087126702070236,142,0.0
5820,20,58,0.885,-0.2549999999999999,142,-0.7213893532752991,142,0.4422849714756012,142,0.0
5821,21,58,0.855,-0.2549999999999999,142,-0.7040562331676483,142,0.4480237066745758,142,0.0
5822,22,58,0.8250000000000001,-0.2549999999999999,142,-0.6930041611194611,142,0.3363686800003052,142,0.0
5823,23,58,0.795,-0.2549999999999999,142,-0.6832545101642609,142,0.3499164879322052,142,0.0
5824,24,58,0.765,-0.2549999999999999,142,-0.6704339981079102,142,0.44379299879074097,142,0.0
5825,25,58,0.735,-0.2549999999999999,142,-0.6568525731563568,142,0.4256253242492676,142,0.0
5826,26,58,0.7050000000000001,-0.2549999999999999,142,-0.6443703472614288,142,0.4137314409017563,142,0.0
5827,27,58,0.675,-0.2549999999999999,142,-0.6323106586933136,142,0.4040638506412506,142,0.0
5828,28,58,0.645,-0.2549999999999999,142,-0.6198605895042419,142,0.3799820989370346,142,0.0
5829,29,58,0.615,-0.2549999999999999,142,-0.6090273857116699,142,0.4184264540672302,142,0.0
5830,30,58,0.5850000000000001,-0.2549999999999999,142,-0.5960245728492737,142,0.46351517736911774,142,0.0
5831,31,58,0.555,-0.2549999999999999,127,-0.5821162462234497,142,0.8331363499164581,142,0.02199999988079071
5832,32,58,0.525,-0.2549999999999999,142,-0.5544512569904327,142,1.1756494045257568,142,0.10000000149011612
5833,33,58,0.4950000000000001,-0.2549999999999999,142,-0.5139895975589752,142,0.5810799896717072,142,0.0
5834,34,58,0.4650000000000001,-0.2549999999999999,142,-0.51292285323143,142,0.09770708903670311,142,0.0
5835,35,58,0.43500000000000005,-0.2549999999999999,142,-0.5099492371082306,142,0.06529472395777702,142,0.0
5836,36,58,0.405,-0.2549999999999999,142,-0.5096337199211121,142,0.0026166439056396484,142,0.0
5837,37,58,0.375,-0.2549999999999999,142,-0.5091657042503357,142,0.0,142,0.0
5838,38,58,0.345,-0.2549999999999999,142,-0.5091657042503357,142,0.006334336008876562,142,0.0
5839,39,58,0.31499999999999995,-0.2549999999999999,142,-0.5089497268199921,142,0.02075042389333248,142,0.0
5840,40,58,0.28500000000000014,-0.2549999999999999,142,-0.5089497268199921,142,0.02868225146085024,142,0.0
5841,41,58,0.2550000000000001,-0.2549999999999999,142,-0.5090267956256866,142,0.029600066132843494,142,0.0
5842,42,58,0.2250000000000001,-0.2549999999999999,142,-0.5085985660552979,142,0.029909982345998287,142,0.0
5843,43,58,0.19500000000000006,-0.2549999999999999,142,-0.5081389844417572,142,0.02147811185568571,142,0.0
5844,44,58,0.16500000000000004,-0.2549999999999999,142,-0.5077610313892365,142,0.021732491441071033,142,0.0
5845,45,58,0.135,-0.2549999999999999,142,-0.5070944726467133,142,0.016766040585935116,142,0.0
5846,46,58,0.10499999999999998,-0.2549999999999999,142,-0.5067320466041565,142,0.01386404037475586,142,0.0
5847,47,58,0.07499999999999996,-0.2549999999999999,142,-0.5063074827194214,142,0.2334011271595955,142,0.0
5848,48,58,0.04500000000000015,-0.2549999999999999,142,-0.5036891102790833,142,0.4470383822917938,142,0.0
5849,49,58,0.015000000000000124,-0.2549999999999999,142,-0.5009696185588837,142,0.5597743988037109,142,0.0
5850,50,58,-0.014999999999999902,-0.2549999999999999,142,-0.4997705966234207,142,0.6013869047164917,142,0.0
5851,51,58,-0.04499999999999993,-0.2549999999999999,142,-0.499155193567276,142,0.6106740534305573,142,0.0
5852,52,58,-0.07499999999999996,-0.2549999999999999,142,-0.499155193567276,142,0.6053043007850647,142,0.0
5853,53,58,-0.10499999999999998,-0.2549999999999999,142,-0.499155193567276,142,0.615471363067627,142,0.0
5854,54,58,-0.135,-0.2549999999999999,142,-0.49869783222675323,142,0.5957249402999878,142,0.0
5855,55,58,-0.16500000000000004,-0.2549999999999999,142,-0.49840037524700165,142,0.5409024059772491,142,0.0
5856,56,58,-0.19499999999999984,-0.2549999999999999,142,-0.49914805591106415,142,0.4518534243106842,142,0.0
5857,57,58,-0.22499999999999987,-0.2549999999999999,142,-0.5046017169952393,142,0.2946973741054535,142,0.0
5858,58,58,-0.2549999999999999,-0.2549999999999999,142,-0.5065293610095978,142,0.11758838593959808,142,0.0
5859,59,58,-0.2849999999999999,-0.2549999999999999,142,-0.506481409072876,142,0.04723236709833145,142,0.0
5860,60,58,-0.31499999999999995,-0.2549999999999999,142,-0.5061677694320679,142,0.02518352773040533,142,0.0
5861,61,58,-0.345,-0.2549999999999999,142,-0.5064281225204468,142,0.014169017784297466,142,0.0
5862,62,58,-0.375,-0.2549999999999999,142,-0.5064844787120819,142,0.013262530323117971,142,0.0
5863,63,58,-0.405,-0.2549999999999999,142,-0.5064844787120819,142,0.012403726577758789,142,0.0
5864,64,58,-0.43499999999999983,-0.2549999999999999,142,-0.5060375928878784,142,0.005749861476942897,142,0.0
5865,65,58,-0.46499999999999986,-0.2549999999999999,142,-0.5062078237533569,142,0.0033661723136901855,142,0.0
5866,66,58,-0.4949999999999999,-0.2549999999999999,142,-0.5065931975841522,142,0.02361069619655609,142,0.0
5867,67,58,-0.5249999999999999,-0.2549999999999999,142,-0.5071369409561157,142,0.0345716867595911,142,0.0
5868,68,58,-0.5549999999999997,-0.2549999999999999,142,-0.5083307921886444,142,0.027964439243078232,142,0.0
5869,69,58,-0.585,-0.2549999999999999,142,-0.5088270902633667,142,0.02348217274993658,142,0.0
5870,70,58,-0.6149999999999998,-0.2549999999999999,142,-0.5092470347881317,142,0.02251956146210432,142,0.0
5871,71,58,-0.645,-0.2549999999999999,142,-0.509589672088623,142,0.025833298452198505,142,0.0
5872,72,58,-0.6749999999999998,-0.2549999999999999,142,-0.5088959634304047,142,0.02708396129310131,142,0.0
5873,73,58,-0.7050000000000001,-0.2549999999999999,142,-0.5083909630775452,142,0.022304916754364967,142,0.0
5874,74,58,-0.7349999999999999,-0.2549999999999999,142,-0.5078226327896118,142,0.022277732379734516,142,0.0
5875,75,58,-0.7650000000000001,-0.2549999999999999,142,-0.5071401000022888,142,0.022060046903789043,142,0.0
5876,76,58,-0.7949999999999999,-0.2549999999999999,142,-0.5068950653076172,142,0.022363927215337753,142,0.0
5877,77,58,-0.8249999999999997,-0.2549999999999999,142,-0.5065794885158539,142,0.018938877619802952,142,0.0
5878,78,58,-0.855,-0.2549999999999999,142,-0.5062258243560791,142,0.017505107447504997,142,0.0
5879,79,58,-0.8849999999999998,-0.2549999999999999,142,-0.5060988366603851,142,0.012861688621342182,142,0.0
5880,80,58,-0.915,-0.2549999999999999,142,-0.5059815347194672,142,0.009625653270632029,142,0.0
5881,81,58,-0.9449999999999998,-0.2549999999999999,142,-0.505750298500061,142,0.010355791542679071,142,0.0
5882,82,58,-0.9750000000000001,-0.2549999999999999,142,-0.5055577456951141,142,0.007141496986150742,142,0.0
5883,83,58,-1.005,-0.2549999999999999,142,-0.5055834650993347,142,0.0058506925124675035,142,0.0
5884,84,58,-1.0349999999999997,-0.2549999999999999,142,-0.5055907368659973,142,0.005291402339935303,142,0.0
5885,85,58,-1.065,-0.2549999999999999,142,-0.5061324238777161,142,0.002703070640563965,142,0.0
5886,86,58,-1.0949999999999998,-0.2549999999999999,44,-0.5065129995346069,142,0.0,142,0.02199999988079071
5887,87,58,-1.125,-0.2549999999999999,0,nan,142,0.0,142,0.02199999988079071
5888,88,58,-1.1549999999999998,-0.2549999999999999,0,nan,142,0.0,142,0.02199999988079071
5889,89,58,-1.185,-0.2549999999999999,0,nan,142,0.0,142,0.02199999988079071
5890,90,58,-1.2149999999999999,-0.2549999999999999,0,nan,142,0.0,142,0.02199999988079071
5891,91,58,-1.245,-0.2549999999999999,0,nan,142,0.0,142,0.02199999988079071
5892,92,58,-1.275,-0.2549999999999999,0,nan,142,0.0,142,0.02199999988079071
5893,93,58,-1.3049999999999997,-0.2549999999999999,0,nan,142,0.0,142,0.02199999988079071
5894,94,58,-1.335,-0.2549999999999999,0,nan,142,0.0,142,0.02199999988079071
5895,95,58,-1.3649999999999998,-0.2549999999999999,0,nan,142,0.0,142,0.02199999988079071
5896,96,58,-1.395,-0.2549999999999999,0,nan,142,0.0,142,0.02199999988079071
5897,97,58,-1.4249999999999998,-0.2549999999999999,0,nan,142,0.0,142,0.0
5898,98,58,-1.455,-0.2549999999999999,0,nan,142,0.0,142,0.0
5899,99,58,-1.4849999999999999,-0.2549999999999999,0,nan,142,0.0,142,0.0
5900,0,59,1.485,-0.2849999999999999,0,nan,142,0.0,142,0.0
5901,1,59,1.455,-0.2849999999999999,0,nan,142,0.0,142,0.0
5902,2,59,1.425,-0.2849999999999999,0,nan,142,0.0,142,0.0
5903,3,59,1.395,-0.2849999999999999,0,nan,142,0.0,142,0.02199999988079071
5904,4,59,1.365,-0.2849999999999999,0,nan,142,0.0,142,0.02199999988079071
5905,5,59,1.335,-0.2849999999999999,0,nan,142,0.0,142,0.02199999988079071
5906,6,59,1.305,-0.2849999999999999,0,nan,142,0.0,142,0.02199999988079071
5907,7,59,1.275,-0.2849999999999999,0,nan,142,0.0,142,0.02199999988079071
5908,8,59,1.245,-0.2849999999999999,0,nan,142,0.0,142,0.02199999988079071
5909,9,59,1.215,-0.2849999999999999,0,nan,142,0.0,142,0.02199999988079071
5910,10,59,1.185,-0.2849999999999999,137,-0.7954617738723755,142,0.0,142,0.0
5911,11,59,1.155,-0.2849999999999999,140,-0.795305609703064,142,0.0,142,0.0
5912,12,59,1.125,-0.2849999999999999,140,-0.795305609703064,142,0.0,142,0.0
5913,13,59,1.095,-0.2849999999999999,141,-0.7952976822853088,142,0.1360774040222168,142,0.0
5914,14,59,1.065,-0.2849999999999999,142,-0.7855485379695892,142,0.31332580745220184,142,0.0
5915,15,59,1.0350000000000001,-0.2849999999999999,142,-0.7750575244426727,142,0.30234768986701965,142,0.0
5916,16,59,1.005,-0.2849999999999999,142,-0.7644281387329102,142,0.32135550677776337,142,0.0
5917,17,59,0.975,-0.2849999999999999,142,-0.7540045380592346,142,0.33504191040992737,142,0.0
5918,18,59,0.9450000000000001,-0.2849999999999999,142,-0.7439377903938293,142,0.33907437324523926,142,0.0
5919,19,59,0.915,-0.2849999999999999,142,-0.732715904712677,142,0.38712185621261597,142,0.0
5920,20,59,0.885,-0.2849999999999999,142,-0.721487820148468,142,0.44124822318553925,142,0.0
5921,21,59,0.855,-0.2849999999999999,142,-0.7046153545379639,142,0.45650985836982727,142,0.0
5922,22,59,0.8250000000000001,-0.2849999999999999,142,-0.6931583881378174,142,0.36744071543216705,142,0.0
5923,23,59,0.795,-0.2849999999999999,142,-0.6831596195697784,142,0.3602369427680969,142,0.0
5924,24,59,0.765,-0.2849999999999999,142,-0.6707108616828918,142,0.42802126705646515,142,0.0
5925,25,59,0.735,-0.2849999999999999,142,-0.6574277877807617,142,0.4117140471935272,142,0.0
5926,26,59,0.7050000000000001,-0.2849999999999999,142,-0.644524097442627,142,0.42665649950504303,142,0.0
5927,27,59,0.675,-0.2849999999999999,142,-0.6323106586933136,142,0.41906821727752686,142,0.0
5928,28,59,0.645,-0.2849999999999999,142,-0.6194534599781036,142,0.38681018352508545,142,0.0
5929,29,59,0.615,-0.2849999999999999,142,-0.6087294220924377,142,0.4258771985769272,142,0.0
5930,30,59,0.5850000000000001,-0.2849999999999999,142,-0.5955372154712677,142,0.8090977370738983,142,0.0
5931,31,59,0.555,-0.2849999999999999,120,-0.57853764295578,142,1.4027495980262756,142,0.10000000149011612
5932,32,59,0.525,-0.2849999999999999,142,-0.5127833187580109,142,0.9652001261711121,142,0.10000000149011612
5933,33,59,0.4950000000000001,-0.2849999999999999,142,-0.5122970044612885,142,0.2908574938774109,142,0.0
5934,34,59,0.4650000000000001,-0.2849999999999999,142,-0.5113748013973236,142,0.07823057845234871,142,0.0
5935,35,59,0.43500000000000005,-0.2849999999999999,142,-0.5094165503978729,142,0.052999941632151604,142,0.0
5936,36,59,0.405,-0.2849999999999999,142,-0.5089497268199921,142,0.0068341693840920925,142,0.0
5937,37,59,0.375,-0.2849999999999999,142,-0.5086793899536133,142,0.0005352113366825506,142,0.0
5938,38,59,0.345,-0.2849999999999999,142,-0.5083988308906555,142,0.001408272481057793,142,0.0
5939,39,59,0.31499999999999995,-0.2849999999999999,142,-0.5082226991653442,142,0.01403143024072051,142,0.0
5940,40,59,0.28500000000000014,-0.2849999999999999,142,-0.5082348585128784,142,0.026219499297440052,142,0.0
5941,41,59,0.2550000000000001,-0.2849999999999999,142,-0.5083596408367157,142,0.05107247270643711,142,0.0
5942,42,59,0.2250000000000001,-0.2849999999999999,142,-0.50795117020607,142,0.11359713971614838,142,0.0
5943,43,59,0.19500000000000006,-0.2849999999999999,142,-0.507483959197998,142,0.37092605233192444,142,0.0
5944,44,59,0.16500000000000004,-0.2849999999999999,142,-0.5072220265865326,142,0.7385371327400208,142,0.0
5945,45,59,0.135,-0.2849999999999999,142,-0.5068187415599823,142,1.0083382725715637,142,0.10000000149011612
5946,46,59,0.10499999999999998,-0.2849999999999999,142,-0.5065043568611145,142,1.1011068224906921,142,0.10000000149011612
5947,47,59,0.07499999999999996,-0.2849999999999999,139,-0.505754828453064,142,1.1248179078102112,142,0.10000000149011612
5948,48,59,0.04500000000000015,-0.2849999999999999,142,-0.4746287167072296,142,1.1072770953178406,142,0.10000000149011612
5949,49,59,0.015000000000000124,-0.2849999999999999,142,-0.46951712667942047,142,1.0171674489974976,142,0.10000000149011612
5950,50,59,-0.014999999999999902,-0.2849999999999999,142,-0.4691319465637207,142,0.9833332002162933,142,0.10000000149011612
5951,51,59,-0.04499999999999993,-0.2849999999999999,142,-0.4691319465637207,142,0.9615525603294373,142,0.10000000149011612
5952,52,59,-0.07499999999999996,-0.2849999999999999,142,-0.4691319465637207,142,0.8966127634048462,142,0.10000000149011612
5953,53,59,-0.10499999999999998,-0.2849999999999999,142,-0.4691319465637207,142,0.7034200429916382,142,0.0
5954,54,59,-0.135,-0.2849999999999999,142,-0.46951712667942047,142,0.5756467580795288,142,0.0
5955,55,59,-0.16500000000000004,-0.2849999999999999,142,-0.47140616178512573,142,0.4985008090734482,142,0.0
5956,56,59,-0.19499999999999984,-0.2849999999999999,142,-0.4743203669786453,142,0.5161727070808411,142,0.0
5957,57,59,-0.22499999999999987,-0.2849999999999999,142,-0.5013558566570282,142,0.47701309621334076,142,0.0
5958,58,59,-0.2549999999999999,-0.2849999999999999,142,-0.5066500902175903,142,0.13474300503730774,142,0.0
5959,59,59,-0.2849999999999999,-0.2849999999999999,142,-0.5064937770366669,142,0.047555381432175636,142,0.0
5960,60,59,-0.31499999999999995,-0.2849999999999999,142,-0.5063076615333557,142,0.02704710140824318,142,0.0
5961,61,59,-0.345,-0.2849999999999999,142,-0.5064972043037415,142,0.013028085231781006,142,0.0
5962,62,59,-0.375,-0.2849999999999999,142,-0.5067116618156433,142,0.012403726577758789,142,0.0
5963,63,59,-0.405,-0.2849999999999999,142,-0.5065287053585052,142,0.008246757788583636,142,0.0
5964,64,59,-0.43499999999999983,-0.2849999999999999,142,-0.5062327980995178,142,0.0006141146877780557,142,0.0
5965,65,59,-0.46499999999999986,-0.2849999999999999,142,-0.5064844787120819,142,0.0,142,0.0
5966,66,59,-0.4949999999999999,-0.2849999999999999,142,-0.5066525042057037,142,0.02159394696354866,142,0.0
5967,67,59,-0.5249999999999999,-0.2849999999999999,142,-0.5073196589946747,142,0.034170256927609444,142,0.0
5968,68,59,-0.5549999999999997,-0.2849999999999999,142,-0.5092021524906158,142,0.034548789262771606,142,0.0
5969,69,59,-0.585,-0.2849999999999999,142,-0.5093501508235931,142,0.02727210521697998,142,0.0
5970,70,59,-0.6149999999999998,-0.2849999999999999,142,-0.5095712542533875,142,0.031069782562553883,142,0.0
5971,71,59,-0.645,-0.2849999999999999,142,-0.5099486410617828,142,0.026823473162949085,142,0.0
5972,72,59,-0.6749999999999998,-0.2849999999999999,142,-0.5092286765575409,142,0.02896745875477791,142,0.0
5973,73,59,-0.7050000000000001,-0.2849999999999999,142,-0.508854478597641,142,0.023974974639713764,142,0.0
5974,74,59,-0.7349999999999999,-0.2849999999999999,142,-0.5085085928440094,142,0.026020036078989506,142,0.0
5975,75,59,-0.7650000000000001,-0.2849999999999999,142,-0.5077672898769379,142,0.027684745378792286,142,0.0
5976,76,59,-0.7949999999999999,-0.2849999999999999,142,-0.5071401000022888,142,0.021388628520071507,142,0.0
5977,77,59,-0.8249999999999997,-0.2849999999999999,142,-0.5068849623203278,142,0.01542307110503316,142,0.0
5978,78,59,-0.855,-0.2849999999999999,142,-0.5064929723739624,142,0.013191506266593933,142,0.0
5979,79,59,-0.8849999999999998,-0.2849999999999999,142,-0.5062934160232544,142,0.007878740783780813,142,0.0
5980,80,59,-0.915,-0.2849999999999999,142,-0.5062934160232544,142,0.009734023828059435,142,0.0
5981,81,59,-0.9449999999999998,-0.2849999999999999,142,-0.5059602856636047,142,0.013839827850461006,142,0.0
5982,82,59,-0.9750000000000001,-0.2849999999999999,142,-0.5056808590888977,142,0.008212375454604626,142,0.0
5983,83,59,-1.005,-0.2849999999999999,142,-0.5056746900081635,142,0.002336005447432399,142,0.0
5984,84,59,-1.0349999999999997,-0.2849999999999999,142,-0.5057768821716309,142,0.0027566960779950023,142,0.0
5985,85,59,-1.065,-0.2849999999999999,142,-0.5061951279640198,142,0.0,142,0.0
5986,86,59,-1.0949999999999998,-0.2849999999999999,44,-0.5065129995346069,142,0.0,142,0.02199999988079071
5987,87,59,-1.125,-0.2849999999999999,0,nan,142,0.0,142,0.02199999988079071
5988,88,59,-1.1549999999999998,-0.2849999999999999,0,nan,142,0.0,142,0.02199999988079071
5989,89,59,-1.185,-0.2849999999999999,0,nan,142,0.0,142,0.02199999988079071
5990,90,59,-1.2149999999999999,-0.2849999999999999,0,nan,142,0.0,142,0.02199999988079071
5991,91,59,-1.245,-0.2849999999999999,0,nan,142,0.0,142,0.02199999988079071
5992,92,59,-1.275,-0.2849999999999999,0,nan,142,0.0,142,0.02199999988079071
5993,93,59,-1.3049999999999997,-0.2849999999999999,0,nan,142,0.0,142,0.02199999988079071
5994,94,59,-1.335,-0.2849999999999999,0,nan,142,0.0,142,0.02199999988079071
5995,95,59,-1.3649999999999998,-0.2849999999999999,0,nan,142,0.0,142,0.02199999988079071
5996,96,59,-1.395,-0.2849999999999999,0,nan,142,0.0,142,0.02199999988079071
5997,97,59,-1.4249999999999998,-0.2849999999999999,0,nan,142,0.0,142,0.0
5998,98,59,-1.455,-0.2849999999999999,0,nan,142,0.0,142,0.0
5999,99,59,-1.4849999999999999,-0.2849999999999999,0,nan,142,0.0,142,0.0
6000,0,60,1.485,-0.31499999999999995,0,nan,142,0.0,142,0.0
6001,1,60,1.455,-0.31499999999999995,0,nan,142,0.0,142,0.0
6002,2,60,1.425,-0.31499999999999995,0,nan,142,0.0,142,0.0
6003,3,60,1.395,-0.31499999999999995,0,nan,142,0.0,142,0.02199999988079071
6004,4,60,1.365,-0.31499999999999995,0,nan,142,0.0,142,0.02199999988079071
6005,5,60,1.335,-0.31499999999999995,0,nan,142,0.0,142,0.02199999988079071
6006,6,60,1.305,-0.31499999999999995,0,nan,142,0.0,142,0.02199999988079071
6007,7,60,1.275,-0.31499999999999995,0,nan,142,0.0,142,0.02199999988079071
6008,8,60,1.245,-0.31499999999999995,0,nan,142,0.0,142,0.02199999988079071
6009,9,60,1.215,-0.31499999999999995,0,nan,142,0.0,142,0.02199999988079071
6010,10,60,1.185,-0.31499999999999995,137,-0.7956850528717041,142,0.0,142,0.0
6011,11,60,1.155,-0.31499999999999995,140,-0.7955734729766846,142,0.0,142,0.0
6012,12,60,1.125,-0.31499999999999995,140,-0.7955734729766846,142,0.0,142,0.0
6013,13,60,1.095,-0.31499999999999995,141,-0.7955473065376282,142,0.14122898876667023,142,0.0
6014,14,60,1.065,-0.31499999999999995,142,-0.7857324779033661,142,0.31131622195243835,142,0.0
6015,15,60,1.0350000000000001,-0.31499999999999995,142,-0.775253027677536,142,0.3066917359828949,142,0.0
6016,16,60,1.005,-0.31499999999999995,142,-0.7646212875843048,142,0.32336676120758057,142,0.0
6017,17,60,0.975,-0.31499999999999995,142,-0.7540045380592346,142,0.33792103826999664,142,0.0
6018,18,60,0.9450000000000001,-0.31499999999999995,142,-0.743852972984314,142,0.3384477347135544,142,0.0
6019,19,60,0.915,-0.31499999999999995,142,-0.7335383296012878,142,0.35014526546001434,142,0.0
6020,20,60,0.885,-0.31499999999999995,142,-0.7227895259857178,142,0.4233298897743225,142,0.0
6021,21,60,0.855,-0.31499999999999995,142,-0.707747220993042,142,0.45450037717819214,142,0.0
6022,22,60,0.8250000000000001,-0.31499999999999995,142,-0.6936715543270111,142,0.40269434452056885,142,0.0
6023,23,60,0.795,-0.31499999999999995,142,-0.6830602586269379,142,0.3766506761312485,142,0.0
6024,24,60,0.765,-0.31499999999999995,142,-0.6710031032562256,142,0.4233633875846863,142,0.0
6025,25,60,0.735,-0.31499999999999995,142,-0.6576792299747467,142,0.4112561494112015,142,0.0
6026,26,60,0.7050000000000001,-0.31499999999999995,142,-0.6444663107395172,142,0.42815712094306946,142,0.0
6027,27,60,0.675,-0.31499999999999995,142,-0.6323106586933136,142,0.43516962230205536,142,0.0
6028,28,60,0.645,-0.31499999999999995,142,-0.6190072298049927,142,0.40257903933525085,142,0.0
6029,29,60,0.615,-0.31499999999999995,142,-0.6084270775318146,142,0.7881843447685242,142,0.0
6030,30,60,0.5850000000000001,-0.31499999999999995,142,-0.5946270525455475,142,1.6204619407653809,142,0.10000000149011612
6031,31,60,0.555,-0.31499999999999995,142,-0.5121297240257263,142,1.370214819908142,142,0.10000000149011612
6032,32,60,0.525,-0.31499999999999995,142,-0.5116083025932312,142,0.42029552161693573,142,0.0
6033,33,60,0.4950000000000001,-0.31499999999999995,142,-0.5114943981170654,142,0.05565141141414642,142,0.0
6034,34,60,0.4650000000000001,-0.31499999999999995,142,-0.5099213421344757,142,0.054477931931614876,142,0.0
6035,35,60,0.43500000000000005,-0.31499999999999995,142,-0.5088446140289307,142,0.03855874203145504,142,0.0
6036,36,60,0.405,-0.31499999999999995,142,-0.5084949135780334,142,0.009763240814208984,142,0.0
6037,37,60,0.375,-0.31499999999999995,142,-0.5082713663578033,142,0.0,142,0.0
6038,38,60,0.345,-0.31499999999999995,142,-0.5081133544445038,142,0.0016584991826675832,142,0.0
6039,39,60,0.31499999999999995,-0.31499999999999995,142,-0.5076811015605927,142,0.020689751021564007,142,0.0
6040,40,60,0.28500000000000014,-0.31499999999999995,142,-0.5072872340679169,142,0.034974729642271996,142,0.0
6041,41,60,0.2550000000000001,-0.31499999999999995,142,-0.5066169798374176,142,0.12148549035191536,142,0.0
6042,42,60,0.2250000000000001,-0.31499999999999995,142,-0.5048036575317383,142,0.5179355442523956,142,0.0
6043,43,60,0.19500000000000006,-0.31499999999999995,142,-0.49671344459056854,142,1.0649300813674927,142,0.10000000149011612
6044,44,60,0.16500000000000004,-0.31499999999999995,142,-0.4580006003379822,142,1.204038679599762,142,0.10000000149011612
6045,45,60,0.135,-0.31499999999999995,142,-0.4408002495765686,142,1.1497353911399841,142,0.10000000149011612
6046,46,60,0.10499999999999998,-0.31499999999999995,142,-0.4400832951068878,142,1.1183099746704102,142,0.10000000149011612
6047,47,60,0.07499999999999996,-0.31499999999999995,142,-0.4400539994239807,142,0.9961089491844177,142,0.10000000149011612
6048,48,60,0.04500000000000015,-0.31499999999999995,142,-0.4400539994239807,142,0.7240058779716492,142,0.0
6049,49,60,0.015000000000000124,-0.31499999999999995,142,-0.4400539994239807,142,0.5530621111392975,142,0.0
6050,50,60,-0.014999999999999902,-0.31499999999999995,142,-0.4400539994239807,142,0.4883255809545517,142,0.0
6051,51,60,-0.04499999999999993,-0.31499999999999995,142,-0.44014008343219757,142,0.47091424465179443,142,0.0
6052,52,60,-0.07499999999999996,-0.31499999999999995,142,-0.4403737336397171,142,0.4545465409755707,142,0.0
6053,53,60,-0.10499999999999998,-0.31499999999999995,142,-0.4603308439254761,142,0.37683457136154175,142,0.0
6054,54,60,-0.135,-0.31499999999999995,142,-0.4690231382846832,142,0.11792975291609764,142,0.0
6055,55,60,-0.16500000000000004,-0.31499999999999995,142,-0.47085583209991455,142,0.059048742055892944,142,0.0
6056,56,60,-0.19499999999999984,-0.31499999999999995,142,-0.4738485813140869,142,0.40337690711021423,142,0.0
6057,57,60,-0.22499999999999987,-0.31499999999999995,142,-0.4999464154243469,142,0.5243310928344727,142,0.0
6058,58,60,-0.2549999999999999,-0.31499999999999995,142,-0.5061912834644318,142,0.14292025566101074,142,0.0
6059,59,60,-0.2849999999999999,-0.31499999999999995,142,-0.506051629781723,142,0.05975645035505295,142,0.0
6060,60,60,-0.31499999999999995,-0.31499999999999995,142,-0.5061677694320679,142,0.026321263052523136,142,0.0
6061,61,60,-0.345,-0.31499999999999995,142,-0.5063326358795166,142,0.011627635918557644,142,0.0
6062,62,60,-0.375,-0.31499999999999995,142,-0.5064844787120819,142,0.007630807813256979,142,0.0
6063,63,60,-0.405,-0.31499999999999995,142,-0.5064972043037415,142,0.004257758380845189,142,0.0
6064,64,60,-0.43499999999999983,-0.31499999999999995,142,-0.5063008666038513,142,0.0,142,0.0
6065,65,60,-0.46499999999999986,-0.31499999999999995,142,-0.5064844787120819,142,0.0010624527931213379,142,0.0
6066,66,60,-0.4949999999999999,-0.31499999999999995,142,-0.5068044662475586,142,0.02504343632608652,142,0.0
6067,67,60,-0.5249999999999999,-0.31499999999999995,142,-0.5076956748962402,142,0.035489266738295555,142,0.0
6068,68,60,-0.5549999999999997,-0.31499999999999995,142,-0.5097230970859528,142,0.028286942280828953,142,0.0
6069,69,60,-0.585,-0.31499999999999995,142,-0.5098570585250854,142,0.022029857151210308,142,0.0
6070,70,60,-0.6149999999999998,-0.31499999999999995,142,-0.5099075734615326,142,0.030847512185573578,142,0.0
6071,71,60,-0.645,-0.31499999999999995,142,-0.5103362202644348,142,0.025778192095458508,142,0.0
6072,72,60,-0.6749999999999998,-0.31499999999999995,142,-0.5095249712467194,142,0.02859444171190262,142,0.0
6073,73,60,-0.7050000000000001,-0.31499999999999995,142,-0.5091823041439056,142,0.019069259986281395,142,0.0
6074,74,60,-0.7349999999999999,-0.31499999999999995,142,-0.5088629126548767,142,0.01989133469760418,142,0.0
6075,75,60,-0.7650000000000001,-0.31499999999999995,142,-0.5083757042884827,142,0.023104747757315636,142,0.0
6076,76,60,-0.7949999999999999,-0.31499999999999995,142,-0.5075248777866364,142,0.01910641696304083,142,0.0
6077,77,60,-0.8249999999999997,-0.31499999999999995,142,-0.5069667994976044,142,0.014850494917482138,142,0.0
6078,78,60,-0.855,-0.31499999999999995,142,-0.5067961812019348,142,0.011454025749117136,142,0.0
6079,79,60,-0.8849999999999998,-0.31499999999999995,142,-0.5066613554954529,142,0.009219995234161615,142,0.0
6080,80,60,-0.915,-0.31499999999999995,142,-0.5065478980541229,142,0.015861503779888153,142,0.0
6081,81,60,-0.9449999999999998,-0.31499999999999995,142,-0.5063231885433197,142,0.02137426845729351,142,0.0
6082,82,60,-0.9750000000000001,-0.31499999999999995,142,-0.5059337913990021,142,0.013224842958152294,142,0.0
6083,83,60,-1.005,-0.31499999999999995,142,-0.5059911906719208,142,0.006097058532759547,142,0.0
6084,84,60,-1.0349999999999997,-0.31499999999999995,142,-0.5060657560825348,142,0.005670790793374181,142,0.0
6085,85,60,-1.065,-0.31499999999999995,142,-0.5063284933567047,142,0.0034406628692522645,142,0.0
6086,86,60,-1.0949999999999998,-0.31499999999999995,44,-0.5065129995346069,142,0.0,142,0.02199999988079071
6087,87,60,-1.125,-0.31499999999999995,0,nan,142,0.0,142,0.02199999988079071
6088,88,60,-1.1549999999999998,-0.31499999999999995,0,nan,142,0.0,142,0.02199999988079071
6089,89,60,-1.185,-0.31499999999999995,0,nan,142,0.0,142,0.02199999988079071
6090,90,60,-1.2149999999999999,-0.31499999999999995,0,nan,142,0.0,142,0.02199999988079071
6091,91,60,-1.245,-0.31499999999999995,0,nan,142,0.0,142,0.02199999988079071
6092,92,60,-1.275,-0.31499999999999995,0,nan,142,0.0,142,0.02199999988079071
6093,93,60,-1.3049999999999997,-0.31499999999999995,0,nan,142,0.0,142,0.02199999988079071
6094,94,60,-1.335,-0.31499999999999995,0,nan,142,0.0,142,0.02199999988079071
6095,95,60,-1.3649999999999998,-0.31499999999999995,0,nan,142,0.0,142,0.02199999988079071
6096,96,60,-1.395,-0.31499999999999995,0,nan,142,0.0,142,0.02199999988079071
6097,97,60,-1.4249999999999998,-0.31499999999999995,0,nan,142,0.0,142,0.0
6098,98,60,-1.455,-0.31499999999999995,0,nan,142,0.0,142,0.0
6099,99,60,-1.4849999999999999,-0.31499999999999995,0,nan,142,0.0,142,0.0
6100,0,61,1.485,-0.345,0,nan,142,0.0,142,0.0
6101,1,61,1.455,-0.345,0,nan,142,0.0,142,0.0
6102,2,61,1.425,-0.345,0,nan,142,0.0,142,0.0
6103,3,61,1.395,-0.345,0,nan,142,0.0,142,0.02199999988079071
6104,4,61,1.365,-0.345,0,nan,142,0.0,142,0.02199999988079071
6105,5,61,1.335,-0.345,0,nan,142,0.0,142,0.02199999988079071
6106,6,61,1.305,-0.345,0,nan,142,0.0,142,0.02199999988079071
6107,7,61,1.275,-0.345,0,nan,142,0.0,142,0.02199999988079071
6108,8,61,1.245,-0.345,0,nan,142,0.0,142,0.02199999988079071
6109,9,61,1.215,-0.345,0,nan,142,0.0,142,0.02199999988079071
6110,10,61,1.185,-0.345,137,-0.7960435152053833,142,0.0,142,0.0
6111,11,61,1.155,-0.345,140,-0.7959666550159454,142,0.0,142,0.0
6112,12,61,1.125,-0.345,140,-0.7959666550159454,142,0.0,142,0.0
6113,13,61,1.095,-0.345,141,-0.795915961265564,142,0.14458736777305603,142,0.0
6114,14,61,1.065,-0.345,142,-0.7859823107719421,142,0.31923994421958923,142,0.0
6115,15,61,1.0350000000000001,-0.345,142,-0.775253027677536,142,0.31197667121887207,142,0.0
6116,16,61,1.005,-0.345,142,-0.7646459639072418,142,0.33266593515872955,142,0.0
6117,17,61,0.975,-0.345,142,-0.7539433240890503,142,0.33818842470645905,142,0.0
6118,18,61,0.9450000000000001,-0.345,142,-0.7439793944358826,142,0.33254022896289825,142,0.0
6119,19,61,0.915,-0.345,142,-0.7336603403091431,142,0.33359377086162567,142,0.0
6120,20,61,0.885,-0.345,142,-0.7234950959682465,142,0.40358251333236694,142,0.0
6121,21,61,0.855,-0.345,142,-0.7098512649536133,142,0.4747673571109772,142,0.0
6122,22,61,0.8250000000000001,-0.345,142,-0.6944307386875153,142,0.4367286115884781,142,0.0
6123,23,61,0.795,-0.345,142,-0.6830602586269379,142,0.39129017293453217,142,0.0
6124,24,61,0.765,-0.345,142,-0.6707108616828918,142,0.4248961806297302,142,0.0
6125,25,61,0.735,-0.345,142,-0.6573718190193176,142,0.4131912440061569,142,0.0
6126,26,61,0.7050000000000001,-0.345,142,-0.644427627325058,142,0.42604005336761475,142,0.0
6127,27,61,0.675,-0.345,142,-0.632048636674881,142,0.44707150757312775,142,0.0
6128,28,61,0.645,-0.345,142,-0.6185019016265869,142,0.6408655941486359,142,0.0
6129,29,61,0.615,-0.345,135,-0.6065015196800232,142,1.4901755452156067,142,0.10000000149011612
6130,30,61,0.5850000000000001,-0.345,142,-0.5145825445652008,142,1.6510446071624756,142,0.10000000149011612
6131,31,61,0.555,-0.345,142,-0.5109283626079559,142,0.5344936847686768,142,0.0
6132,32,61,0.525,-0.345,142,-0.5105936229228973,142,0.016802052967250347,142,0.0
6133,33,61,0.4950000000000001,-0.345,142,-0.5103714764118195,142,0.025139625184237957,142,0.0
6134,34,61,0.4650000000000001,-0.345,142,-0.5091479122638702,142,0.03824089281260967,142,0.0
6135,35,61,0.43500000000000005,-0.345,142,-0.5082388520240784,142,0.030939570628106594,142,0.0
6136,36,61,0.405,-0.345,142,-0.5080546438694,142,0.014405449386686087,142,0.0
6137,37,61,0.375,-0.345,142,-0.5077572166919708,142,0.002403791790129617,142,0.0
6138,38,61,0.345,-0.345,142,-0.5075925588607788,142,0.008796837646514177,142,0.0
6139,39,61,0.31499999999999995,-0.345,142,-0.507399171590805,142,0.02556021139025688,142,0.0
6140,40,61,0.28500000000000014,-0.345,142,-0.5067416131496429,142,0.03873342089354992,142,0.0
6141,41,61,0.2550000000000001,-0.345,142,-0.505715936422348,142,0.1807747483253479,142,0.0
6142,42,61,0.2250000000000001,-0.345,142,-0.5001260936260223,142,0.9164928197860718,142,0.10000000149011612
6143,43,61,0.19500000000000006,-0.345,142,-0.4405584782361984,142,1.0696149468421936,142,0.10000000149011612
6144,44,61,0.16500000000000004,-0.345,142,-0.439412921667099,142,0.4957427680492401,142,0.0
6145,45,61,0.135,-0.345,142,-0.439325749874115,142,0.14792197197675705,142,0.0
6146,46,61,0.10499999999999998,-0.345,142,-0.4391831159591675,142,0.016928193159401417,142,0.0
6147,47,61,0.07499999999999996,-0.345,142,-0.43917591869831085,142,0.0,142,0.0
6148,48,61,0.04500000000000015,-0.345,142,-0.43917591869831085,142,0.0,142,0.0
6149,49,61,0.015000000000000124,-0.345,142,-0.43917591869831085,142,0.0,142,0.0
6150,50,61,-0.014999999999999902,-0.345,142,-0.4392211586236954,142,0.0006899410691403318,142,0.0
6151,51,61,-0.04499999999999993,-0.345,142,-0.4394795149564743,142,0.004003693698905408,142,0.0
6152,52,61,-0.07499999999999996,-0.345,142,-0.44027166068553925,142,0.30368125438690186,142,0.0
6153,53,61,-0.10499999999999998,-0.345,142,-0.45999322831630707,142,0.4309479147195816,142,0.0
6154,54,61,-0.135,-0.345,142,-0.4689742922782898,142,0.1364206299185753,142,0.0
6155,55,61,-0.16500000000000004,-0.345,142,-0.47085583209991455,142,0.02200355101376772,142,0.0
6156,56,61,-0.19499999999999984,-0.345,142,-0.4728473871946335,142,0.41365326941013336,142,0.0
6157,57,61,-0.22499999999999987,-0.345,142,-0.49744096398353577,142,0.5274232923984528,142,0.0
6158,58,61,-0.2549999999999999,-0.345,142,-0.5059450268745422,142,0.15160176157951355,142,0.0
6159,59,61,-0.2849999999999999,-0.345,142,-0.505921870470047,142,0.061598215252161026,142,0.0
6160,60,61,-0.31499999999999995,-0.345,142,-0.505537748336792,142,0.026500391773879528,142,0.0
6161,61,61,-0.345,-0.345,142,-0.505633145570755,142,0.015973304398357868,142,0.0
6162,62,61,-0.375,-0.345,142,-0.5058503150939941,142,0.010418891906738281,142,0.0
6163,63,61,-0.405,-0.345,142,-0.5059621334075928,142,0.004611370153725147,142,0.0
6164,64,61,-0.43499999999999983,-0.345,142,-0.5058655142784119,142,0.0,142,0.0
6165,65,61,-0.46499999999999986,-0.345,142,-0.5059387385845184,142,0.002183394622988999,142,0.0
6166,66,61,-0.4949999999999999,-0.345,142,-0.5064282119274139,142,0.023565192706882954,142,0.0
6167,67,61,-0.5249999999999999,-0.345,142,-0.5074530839920044,142,0.03580539859831333,142,0.0
6168,68,61,-0.5549999999999997,-0.345,142,-0.5098168849945068,142,0.027167408727109432,142,0.0
6169,69,61,-0.585,-0.345,142,-0.5099069178104401,142,0.01853315718472004,142,0.0
6170,70,61,-0.6149999999999998,-0.345,142,-0.51019486784935,142,0.029725332744419575,142,0.0
6171,71,61,-0.645,-0.345,142,-0.5106410980224609,142,0.028559667989611626,142,0.0
6172,72,61,-0.6749999999999998,-0.345,142,-0.5099002420902252,142,0.030333401635289192,142,0.0
6173,73,61,-0.7050000000000001,-0.345,142,-0.509259968996048,142,0.013070801738649607,142,0.0
6174,74,61,-0.7349999999999999,-0.345,142,-0.5091090500354767,142,0.01318067591637373,142,0.0
6175,75,61,-0.7650000000000001,-0.345,142,-0.5085163116455078,142,0.022863781079649925,142,0.0
6176,76,61,-0.7949999999999999,-0.345,142,-0.5078348219394684,142,0.02193268109112978,142,0.0
6177,77,61,-0.8249999999999997,-0.345,142,-0.5075303018093109,142,0.01843571662902832,142,0.0
6178,78,61,-0.855,-0.345,142,-0.5073494017124176,142,0.0159290824085474,142,0.0
6179,79,61,-0.8849999999999998,-0.345,142,-0.5072775781154633,142,0.014777479693293571,142,0.0
6180,80,61,-0.915,-0.345,142,-0.5071408152580261,142,0.019059695303440094,142,0.0
6181,81,61,-0.9449999999999998,-0.345,142,-0.5068312883377075,142,0.02675040904432535,142,0.0
6182,82,61,-0.9750000000000001,-0.345,142,-0.5064055621623993,142,0.018979860469698906,142,0.0
6183,83,61,-1.005,-0.345,142,-0.5063284933567047,142,0.009603301994502544,142,0.0
6184,84,61,-1.0349999999999997,-0.345,142,-0.5063697695732117,142,0.007821530569344759,142,0.0
6185,85,61,-1.065,-0.345,142,-0.506602555513382,142,0.0062175781931728125,142,0.0
6186,86,61,-1.0949999999999998,-0.345,44,-0.5065129995346069,142,0.0,142,0.02199999988079071
6187,87,61,-1.125,-0.345,0,nan,142,0.0,142,0.02199999988079071
6188,88,61,-1.1549999999999998,-0.345,0,nan,142,0.0,142,0.02199999988079071
6189,89,61,-1.185,-0.345,0,nan,142,0.0,142,0.02199999988079071
6190,90,61,-1.2149999999999999,-0.345,0,nan,142,0.0,142,0.02199999988079071
6191,91,61,-1.245,-0.345,0,nan,142,0.0,142,0.02199999988079071
6192,92,61,-1.275,-0.345,0,nan,142,0.0,142,0.02199999988079071
6193,93,61,-1.3049999999999997,-0.345,0,nan,142,0.0,142,0.02199999988079071
6194,94,61,-1.335,-0.345,0,nan,142,0.0,142,0.02199999988079071
6195,95,61,-1.3649999999999998,-0.345,0,nan,142,0.0,142,0.02199999988079071
6196,96,61,-1.395,-0.345,0,nan,142,0.0,142,0.02199999988079071
6197,97,61,-1.4249999999999998,-0.345,0,nan,142,0.0,142,0.0
6198,98,61,-1.455,-0.345,0,nan,142,0.0,142,0.0
6199,99,61,-1.4849999999999999,-0.345,0,nan,142,0.0,142,0.0
6200,0,62,1.485,-0.375,0,nan,142,0.0,142,0.0
6201,1,62,1.455,-0.375,0,nan,142,0.0,142,0.0
6202,2,62,1.425,-0.375,0,nan,142,0.0,142,0.0
6203,3,62,1.395,-0.375,0,nan,142,0.0,142,0.02199999988079071
6204,4,62,1.365,-0.375,0,nan,142,0.0,142,0.02199999988079071
6205,5,62,1.335,-0.375,0,nan,142,0.0,142,0.02199999988079071
6206,6,62,1.305,-0.375,0,nan,142,0.0,142,0.02199999988079071
6207,7,62,1.275,-0.375,0,nan,142,0.0,142,0.02199999988079071
6208,8,62,1.245,-0.375,0,nan,142,0.0,142,0.02199999988079071
6209,9,62,1.215,-0.375,0,nan,142,0.0,142,0.02199999988079071
6210,10,62,1.185,-0.375,137,-0.7966155409812927,142,0.0,142,0.0
6211,11,62,1.155,-0.375,140,-0.7964152097702026,142,0.0,142,0.0
6212,12,62,1.125,-0.375,140,-0.7964152097702026,142,0.0,142,0.0
6213,13,62,1.095,-0.375,141,-0.7962861657142639,142,0.14510348439216614,142,0.0
6214,14,62,1.065,-0.375,142,-0.7864655554294586,142,0.3204101622104645,142,0.0
6215,15,62,1.0350000000000001,-0.375,142,-0.7756642401218414,142,0.31819353997707367,142,0.0
6216,16,62,1.005,-0.375,142,-0.7646649181842804,142,0.3414034843444824,142,0.0
6217,17,62,0.975,-0.375,142,-0.7540954351425171,142,0.3239610642194748,142,0.0
6218,18,62,0.9450000000000001,-0.375,142,-0.7440015375614166,142,0.3286985158920288,142,0.0
6219,19,62,0.915,-0.375,142,-0.7337175905704498,142,0.3248577415943146,142,0.0
6220,20,62,0.885,-0.375,142,-0.7233606576919556,142,0.3964516371488571,142,0.0
6221,21,62,0.855,-0.375,142,-0.7104853987693787,142,0.4700945317745209,142,0.0
6222,22,62,0.8250000000000001,-0.375,142,-0.6951347887516022,142,0.44831131398677826,142,0.0
6223,23,62,0.795,-0.375,142,-0.6829775273799896,142,0.41585832834243774,142,0.0
6224,24,62,0.765,-0.375,142,-0.6705685257911682,142,0.42177537083625793,142,0.0
6225,25,62,0.735,-0.375,142,-0.6573220193386078,142,0.41130582988262177,142,0.0
6226,26,62,0.7050000000000001,-0.375,142,-0.6442007124423981,142,0.4217076152563095,142,0.0
6227,27,62,0.675,-0.375,142,-0.6320012807846069,142,0.5393088757991791,142,0.0
6228,28,62,0.645,-0.375,135,-0.617283046245575,142,1.1732460856437683,142,0.10000000149011612
6229,29,62,0.615,-0.375,139,-0.5612959861755371,142,1.7775273323059082,142,0.10000000149011612
6230,30,62,0.5850000000000001,-0.375,142,-0.5118149220943451,142,0.9026425182819366,142,0.10000000149011612
6231,31,62,0.555,-0.375,142,-0.5105209350585938,142,0.037010014057159424,142,0.0
6232,32,62,0.525,-0.375,142,-0.510252445936203,142,0.0,142,0.0
6233,33,62,0.4950000000000001,-0.375,142,-0.5095302164554596,142,0.008751451969146729,142,0.0
6234,34,62,0.4650000000000001,-0.375,142,-0.5089851915836334,142,0.014240463264286518,142,0.0
6235,35,62,0.43500000000000005,-0.375,142,-0.5081242024898529,142,0.007769465213641524,142,0.0
6236,36,62,0.405,-0.375,142,-0.5078327059745789,142,0.0,142,0.0
6237,37,62,0.375,-0.375,142,-0.5076284110546112,142,0.0,142,0.0
6238,38,62,0.345,-0.375,142,-0.5074277520179749,142,0.002272923768032342,142,0.0
6239,39,62,0.31499999999999995,-0.375,142,-0.5070725977420807,142,0.018767787143588066,142,0.0
6240,40,62,0.28500000000000014,-0.375,142,-0.5064080953598022,142,0.03627888299524784,142,0.0
6241,41,62,0.2550000000000001,-0.375,142,-0.5052205920219421,142,0.18258462101221085,142,0.0
6242,42,62,0.2250000000000001,-0.375,142,-0.4954141229391098,142,1.0794466137886047,142,0.10000000149011612
6243,43,62,0.19500000000000006,-0.375,142,-0.4405052959918976,142,0.9216912090778351,142,0.10000000149011612
6244,44,62,0.16500000000000004,-0.375,142,-0.43936507403850555,142,0.00797957181930542,142,0.0
6245,45,62,0.135,-0.375,142,-0.4393109232187271,142,0.0,142,0.0
6246,46,62,0.10499999999999998,-0.375,142,-0.43917591869831085,142,0.0,142,0.0
6247,47,62,0.07499999999999996,-0.375,142,-0.43916015326976776,142,0.0,142,0.0
6248,48,62,0.04500000000000015,-0.375,142,-0.43916015326976776,142,0.0,142,0.0
6249,49,62,0.015000000000000124,-0.375,142,-0.43916015326976776,142,0.0,142,0.0
6250,50,62,-0.014999999999999902,-0.375,142,-0.4391831159591675,142,0.0,142,0.0
6251,51,62,-0.04499999999999993,-0.375,142,-0.4394550025463104,142,0.0036098062992095947,142,0.0
6252,52,62,-0.07499999999999996,-0.375,142,-0.44027166068553925,142,0.3187909573316574,142,0.0
6253,53,62,-0.10499999999999998,-0.375,142,-0.45999322831630707,142,0.432075560092926,142,0.0
6254,54,62,-0.135,-0.375,142,-0.4689742922782898,142,0.14164000749588013,142,0.0
6255,55,62,-0.16500000000000004,-0.375,142,-0.47085583209991455,142,0.01798594929277897,142,0.0
6256,56,62,-0.19499999999999984,-0.375,142,-0.47266702353954315,142,0.39148007333278656,142,0.0
6257,57,62,-0.22499999999999987,-0.375,142,-0.4963090270757675,142,0.5297370254993439,142,0.0
6258,58,62,-0.2549999999999999,-0.375,142,-0.5059450268745422,142,0.15465617179870605,142,0.0
6259,59,62,-0.2849999999999999,-0.375,142,-0.5059163868427277,142,0.06534705311059952,142,0.0
6260,60,62,-0.31499999999999995,-0.375,142,-0.5053615868091583,142,0.019594713114202023,142,0.0
6261,61,62,-0.345,-0.375,142,-0.5054204165935516,142,0.0,142,0.0
6262,62,62,-0.375,-0.375,142,-0.5054204165935516,142,0.0,142,0.0
6263,63,62,-0.405,-0.375,142,-0.5057975053787231,142,0.0,142,0.0
6264,64,62,-0.43499999999999983,-0.375,142,-0.5054612159729004,142,0.0,142,0.0
6265,65,62,-0.46499999999999986,-0.375,142,-0.5056063830852509,142,0.0,142,0.0
6266,66,62,-0.4949999999999999,-0.375,142,-0.505971759557724,142,0.017639001831412315,142,0.0
6267,67,62,-0.5249999999999999,-0.375,142,-0.5076284110546112,142,0.03810003399848938,142,0.0
6268,68,62,-0.5549999999999997,-0.375,142,-0.5098168849945068,142,0.03059208393096924,142,0.0
6269,69,62,-0.585,-0.375,142,-0.5100182294845581,142,0.018687565810978413,142,0.0
6270,70,62,-0.6149999999999998,-0.375,142,-0.5106410980224609,142,0.03030132409185171,142,0.0
6271,71,62,-0.645,-0.375,142,-0.5111767947673798,142,0.025403148494660854,142,0.0
6272,72,62,-0.6749999999999998,-0.375,142,-0.510248452425003,142,0.031366522423923016,142,0.0
6273,73,62,-0.7050000000000001,-0.375,142,-0.5097991228103638,142,0.013524789363145828,142,0.0
6274,74,62,-0.7349999999999999,-0.375,142,-0.5092207193374634,142,0.016105175018310547,142,0.0
6275,75,62,-0.7650000000000001,-0.375,142,-0.5088760256767273,142,0.024188870564103127,142,0.0
6276,76,62,-0.7949999999999999,-0.375,142,-0.5083182454109192,142,0.018604162149131298,142,0.0
6277,77,62,-0.8249999999999997,-0.375,142,-0.5080416798591614,142,0.015271703712642193,142,0.0
6278,78,62,-0.855,-0.375,142,-0.5077911913394928,142,0.012939246371388435,142,0.0
6279,79,62,-0.8849999999999998,-0.375,142,-0.5077608525753021,142,0.011074542999267578,142,0.0
6280,80,62,-0.915,-0.375,142,-0.5076588988304138,142,0.01914997771382332,142,0.0
6281,81,62,-0.9449999999999998,-0.375,142,-0.5076160728931427,142,0.025901412591338158,142,0.0
6282,82,62,-0.9750000000000001,-0.375,142,-0.5070770680904388,142,0.021246193908154964,142,0.0
6283,83,62,-1.005,-0.375,142,-0.5067753195762634,142,0.007577602285891771,142,0.0
6284,84,62,-1.0349999999999997,-0.375,142,-0.5067249834537506,142,0.005510497139766812,142,0.0
6285,85,62,-1.065,-0.375,142,-0.5068783462047577,142,0.0036091507645323873,142,0.0
6286,86,62,-1.0949999999999998,-0.375,52,-0.5070695281028748,142,0.0,142,0.02199999988079071
6287,87,62,-1.125,-0.375,0,nan,142,0.0,142,0.02199999988079071
6288,88,62,-1.1549999999999998,-0.375,0,nan,142,0.0,142,0.02199999988079071
6289,89,62,-1.185,-0.375,0,nan,142,0.0,142,0.02199999988079071
6290,90,62,-1.2149999999999999,-0.375,0,nan,142,0.0,142,0.02199999988079071
6291,91,62,-1.245,-0.375,0,nan,142,0.0,142,0.02199999988079071
6292,92,62,-1.275,-0.375,0,nan,142,0.0,142,0.02199999988079071
6293,93,62,-1.3049999999999997,-0.375,0,nan,142,0.0,142,0.02199999988079071
6294,94,62,-1.335,-0.375,0,nan,142,0.0,142,0.02199999988079071
6295,95,62,-1.3649999999999998,-0.375,0,nan,142,0.0,142,0.02199999988079071
6296,96,62,-1.395,-0.375,0,nan,142,0.0,142,0.02199999988079071
6297,97,62,-1.4249999999999998,-0.375,0,nan,142,0.0,142,0.0
6298,98,62,-1.455,-0.375,0,nan,142,0.0,142,0.0
6299,99,62,-1.4849999999999999,-0.375,0,nan,142,0.0,142,0.0
6300,0,63,1.485,-0.405,0,nan,142,0.0,142,0.0
6301,1,63,1.455,-0.405,0,nan,142,0.0,142,0.0
6302,2,63,1.425,-0.405,0,nan,142,0.0,142,0.0
6303,3,63,1.395,-0.405,0,nan,142,0.0,142,0.02199999988079071
6304,4,63,1.365,-0.405,0,nan,142,0.0,142,0.02199999988079071
6305,5,63,1.335,-0.405,0,nan,142,0.0,142,0.02199999988079071
6306,6,63,1.305,-0.405,0,nan,142,0.0,142,0.02199999988079071
6307,7,63,1.275,-0.405,0,nan,142,0.0,142,0.02199999988079071
6308,8,63,1.245,-0.405,0,nan,142,0.0,142,0.02199999988079071
6309,9,63,1.215,-0.405,0,nan,142,0.0,142,0.02199999988079071
6310,10,63,1.185,-0.405,137,-0.7967734336853027,142,0.0,142,0.0
6311,11,63,1.155,-0.405,141,-0.7966786623001099,142,0.0,142,0.0
6312,12,63,1.125,-0.405,141,-0.7966786623001099,142,0.0,142,0.0
6313,13,63,1.095,-0.405,142,-0.7966583967208862,142,0.15596648305654526,142,0.0
6314,14,63,1.065,-0.405,142,-0.7864655554294586,142,0.3270553648471832,142,0.0
6315,15,63,1.0350000000000001,-0.405,142,-0.7756642401218414,142,0.32842159271240234,142,0.0
6316,16,63,1.005,-0.405,142,-0.7646986246109009,142,0.34398359060287476,142,0.0
6317,17,63,0.975,-0.405,142,-0.7540954351425171,142,0.32243792712688446,142,0.0
6318,18,63,0.9450000000000001,-0.405,142,-0.7442300915718079,142,0.32370930910110474,142,0.0
6319,19,63,0.915,-0.405,142,-0.7337009608745575,142,0.324548602104187,142,0.0
6320,20,63,0.885,-0.405,142,-0.7233964502811432,142,0.379696860909462,142,0.0
6321,21,63,0.855,-0.405,141,-0.7110136151313782,142,0.456266313791275,142,0.0
6322,22,63,0.8250000000000001,-0.405,141,-0.6952832937240601,142,0.457977756857872,142,0.0
6323,23,63,0.795,-0.405,141,-0.6824967265129089,142,0.42076507210731506,142,0.0
6324,24,63,0.765,-0.405,142,-0.6704705059528351,142,0.4248961806297302,142,0.0
6325,25,63,0.735,-0.405,142,-0.657192587852478,142,0.4161057621240616,142,0.0
6326,26,63,0.7050000000000001,-0.405,141,-0.644067645072937,142,0.6018673479557037,142,0.0
6327,27,63,0.675,-0.405,133,-0.6310430765151978,142,0.9528469145298004,142,0.10000000149011612
6328,28,63,0.645,-0.405,138,-0.6110376417636871,142,1.8506910800933838,142,0.10000000149011612
6329,29,63,0.615,-0.405,142,-0.5158777236938477,142,1.2907216548919678,142,0.10000000149011612
6330,30,63,0.5850000000000001,-0.405,142,-0.5117701888084412,142,0.5392016172409058,142,0.0
6331,31,63,0.555,-0.405,142,-0.5105209350585938,142,0.020580987446010113,142,0.0
6332,32,63,0.525,-0.405,142,-0.5101476609706879,142,0.0,142,0.0
6333,33,63,0.4950000000000001,-0.405,142,-0.5095302164554596,142,0.0,142,0.0
6334,34,63,0.4650000000000001,-0.405,142,-0.5091479122638702,142,0.0,142,0.0
6335,35,63,0.43500000000000005,-0.405,142,-0.5082089304924011,142,0.0,142,0.0
6336,36,63,0.405,-0.405,142,-0.5078327059745789,142,0.0,142,0.0
6337,37,63,0.375,-0.405,142,-0.5076284110546112,142,0.0,142,0.0
6338,38,63,0.345,-0.405,142,-0.5074277520179749,142,0.0,142,0.0
6339,39,63,0.31499999999999995,-0.405,142,-0.5071464776992798,142,0.009290874004364014,142,0.0
6340,40,63,0.28500000000000014,-0.405,142,-0.5063865482807159,142,0.02894825115799904,142,0.0
6341,41,63,0.2550000000000001,-0.405,142,-0.5051813423633575,142,0.17846226692199707,142,0.0
6342,42,63,0.2250000000000001,-0.405,142,-0.4954141229391098,142,1.0745592713356018,142,0.10000000149011612
6343,43,63,0.19500000000000006,-0.405,142,-0.4405052959918976,142,0.9216912090778351,142,0.10000000149011612
6344,44,63,0.16500000000000004,-0.405,142,-0.43936507403850555,142,0.007474174024537206,142,0.0
6345,45,63,0.135,-0.405,142,-0.4393109232187271,142,0.0,142,0.0
6346,46,63,0.10499999999999998,-0.405,142,-0.43917591869831085,142,0.0,142,0.0
6347,47,63,0.07499999999999996,-0.405,142,-0.43916015326976776,142,0.0,142,0.0
6348,48,63,0.04500000000000015,-0.405,142,-0.43916015326976776,142,0.0,142,0.0
6349,49,63,0.015000000000000124,-0.405,142,-0.43916015326976776,142,0.0,142,0.0
6350,50,63,-0.014999999999999902,-0.405,142,-0.4391831159591675,142,0.0,142,0.0
6351,51,63,-0.04499999999999993,-0.405,142,-0.4394550025463104,142,0.0036098062992095947,142,0.0
6352,52,63,-0.07499999999999996,-0.405,142,-0.44027166068553925,142,0.32229870557785034,142,0.0
6353,53,63,-0.10499999999999998,-0.405,142,-0.45999322831630707,142,0.432075560092926,142,0.0
6354,54,63,-0.135,-0.405,142,-0.4689742922782898,142,0.14164000749588013,142,0.0
6355,55,63,-0.16500000000000004,-0.405,142,-0.47085583209991455,142,0.014896690379828215,142,0.0
6356,56,63,-0.19499999999999984,-0.405,142,-0.47266702353954315,142,0.39148007333278656,142,0.0
6357,57,63,-0.22499999999999987,-0.405,142,-0.49603019654750824,142,0.531310111284256,142,0.0
6358,58,63,-0.2549999999999999,-0.405,142,-0.5060719549655914,142,0.14937396347522736,142,0.0
6359,59,63,-0.2849999999999999,-0.405,142,-0.5059163868427277,142,0.061389654874801636,142,0.0
6360,60,63,-0.31499999999999995,-0.405,142,-0.5053116083145142,142,0.012993812561035156,142,0.0
6361,61,63,-0.345,-0.405,142,-0.5053615868091583,142,0.0,142,0.0
6362,62,63,-0.375,-0.405,142,-0.5053615868091583,142,0.0,142,0.0
6363,63,63,-0.405,-0.405,142,-0.5056063830852509,142,0.0,142,0.0
6364,64,63,-0.43499999999999983,-0.405,142,-0.5054450929164886,142,0.0,142,0.0
6365,65,63,-0.46499999999999986,-0.405,142,-0.5054612159729004,142,0.0,142,0.0
6366,66,63,-0.4949999999999999,-0.405,142,-0.5059621334075928,142,0.013315180782228708,142,0.0
6367,67,63,-0.5249999999999999,-0.405,142,-0.5073202848434448,142,0.04138350486755371,142,0.0
6368,68,63,-0.5549999999999997,-0.405,142,-0.5097891390323639,142,0.03305653668940067,142,0.0
6369,69,63,-0.585,-0.405,142,-0.5101546049118042,142,0.01856337022036314,142,0.0
6370,70,63,-0.6149999999999998,-0.405,142,-0.5106595456600189,142,0.033417241647839546,142,0.0
6371,71,63,-0.645,-0.405,142,-0.5115039944648743,142,0.030217425897717476,142,0.0
6372,72,63,-0.6749999999999998,-0.405,142,-0.5104670226573944,142,0.03387419693171978,142,0.0
6373,73,63,-0.7050000000000001,-0.405,142,-0.5102224349975586,142,0.019173058681190014,142,0.0
6374,74,63,-0.7349999999999999,-0.405,142,-0.5100264549255371,142,0.023675289936363697,142,0.0
6375,75,63,-0.7650000000000001,-0.405,142,-0.5092485547065735,142,0.031290882267057896,142,0.0
6376,76,63,-0.7949999999999999,-0.405,142,-0.5087821781635284,142,0.029126358218491077,142,0.0
6377,77,63,-0.8249999999999997,-0.405,142,-0.508557915687561,142,0.02469775080680847,142,0.0
6378,78,63,-0.855,-0.405,142,-0.5081641674041748,142,0.020677844993770123,142,0.0
6379,79,63,-0.8849999999999998,-0.405,142,-0.508154571056366,142,0.017486893571913242,142,0.0
6380,80,63,-0.915,-0.405,142,-0.5081030428409576,142,0.01939728669822216,142,0.0
6381,81,63,-0.9449999999999998,-0.405,142,-0.508034884929657,142,0.025963344611227512,142,0.0
6382,82,63,-0.9750000000000001,-0.405,142,-0.5072752237319946,142,0.026383799500763416,142,0.0
6383,83,63,-1.005,-0.405,142,-0.5071447789669037,142,0.02069572638720274,142,0.0
6384,84,63,-1.0349999999999997,-0.405,142,-0.5070082545280457,142,0.017396820709109306,142,0.0
6385,85,63,-1.065,-0.405,142,-0.5070789456367493,142,0.01690796948969364,142,0.0
6386,86,63,-1.0949999999999998,-0.405,126,-0.5072605907917023,142,0.0041306017665192485,142,0.0
6387,87,63,-1.125,-0.405,0,nan,142,0.0,142,0.02199999988079071
6388,88,63,-1.1549999999999998,-0.405,0,nan,142,0.0,142,0.02199999988079071
6389,89,63,-1.185,-0.405,0,nan,142,0.0,142,0.02199999988079071
6390,90,63,-1.2149999999999999,-0.405,0,nan,142,0.0,142,0.02199999988079071
6391,91,63,-1.245,-0.405,0,nan,142,0.0,142,0.02199999988079071
6392,92,63,-1.275,-0.405,0,nan,142,0.0,142,0.02199999988079071
6393,93,63,-1.3049999999999997,-0.405,0,nan,142,0.0,142,0.02199999988079071
6394,94,63,-1.335,-0.405,0,nan,142,0.0,142,0.02199999988079071
6395,95,63,-1.3649999999999998,-0.405,0,nan,142,0.0,142,0.02199999988079071
6396,96,63,-1.395,-0.405,0,nan,142,0.0,142,0.02199999988079071
6397,97,63,-1.4249999999999998,-0.405,0,nan,142,0.0,142,0.0
6398,98,63,-1.455,-0.405,0,nan,142,0.0,142,0.0
6399,99,63,-1.4849999999999999,-0.405,0,nan,142,0.0,142,0.0
6400,0,64,1.485,-0.43499999999999983,0,nan,142,0.0,142,0.0
6401,1,64,1.455,-0.43499999999999983,0,nan,142,0.0,142,0.0
6402,2,64,1.425,-0.43499999999999983,0,nan,142,0.0,142,0.0
6403,3,64,1.395,-0.43499999999999983,0,nan,142,0.0,142,0.02199999988079071
6404,4,64,1.365,-0.43499999999999983,0,nan,142,0.0,142,0.02199999988079071
6405,5,64,1.335,-0.43499999999999983,0,nan,142,0.0,142,0.02199999988079071
6406,6,64,1.305,-0.43499999999999983,0,nan,142,0.0,142,0.02199999988079071
6407,7,64,1.275,-0.43499999999999983,0,nan,142,0.0,142,0.02199999988079071
6408,8,64,1.245,-0.43499999999999983,0,nan,142,0.0,142,0.02199999988079071
6409,9,64,1.215,-0.43499999999999983,0,nan,142,0.0,142,0.02199999988079071
6410,10,64,1.185,-0.43499999999999983,140,-0.7970864176750183,142,0.0,142,0.0
6411,11,64,1.155,-0.43499999999999983,141,-0.7970479726791382,142,0.0,142,0.0
6412,12,64,1.125,-0.43499999999999983,141,-0.7970479726791382,142,0.0,142,0.0
6413,13,64,1.095,-0.43499999999999983,142,-0.7970165014266968,142,0.16272743791341782,142,0.0
6414,14,64,1.065,-0.43499999999999983,142,-0.7862632870674133,142,0.3334437757730484,142,0.0
6415,15,64,1.0350000000000001,-0.43499999999999983,142,-0.7759644389152527,142,0.3392164558172226,142,0.0
6416,16,64,1.005,-0.43499999999999983,142,-0.7643865644931793,142,0.351336345076561,142,0.0
6417,17,64,0.975,-0.43499999999999983,142,-0.7540233135223389,142,0.33073359727859497,142,0.0
6418,18,64,0.9450000000000001,-0.43499999999999983,142,-0.7439621090888977,142,0.33053159713745117,142,0.0
6419,19,64,0.915,-0.43499999999999983,142,-0.7336791455745697,142,0.325234055519104,142,0.0
6420,20,64,0.885,-0.43499999999999983,141,-0.7233482599258423,142,0.37326812744140625,142,0.0
6421,21,64,0.855,-0.43499999999999983,141,-0.7110136151313782,142,0.4592686891555786,142,0.0
6422,22,64,0.8250000000000001,-0.43499999999999983,141,-0.6953831315040588,142,0.4600221961736679,142,0.0
6423,23,64,0.795,-0.43499999999999983,141,-0.6824437975883484,142,0.4337393194437027,142,0.0
6424,24,64,0.765,-0.43499999999999983,142,-0.6701756417751312,142,0.42267848551273346,142,0.0
6425,25,64,0.735,-0.43499999999999983,140,-0.6564972102642059,142,0.6183545887470245,142,0.0
6426,26,64,0.7050000000000001,-0.43499999999999983,129,-0.6433348655700684,142,0.9118164777755737,142,0.10000000149011612
6427,27,64,0.675,-0.43499999999999983,130,-0.6029746234416962,142,1.170327365398407,142,0.10000000149011612
6428,28,64,0.645,-0.43499999999999983,142,-0.5554284751415253,142,1.0663257837295532,142,0.10000000149011612
6429,29,64,0.615,-0.43499999999999983,142,-0.5155960023403168,142,0.6718928813934326,142,0.0
6430,30,64,0.5850000000000001,-0.43499999999999983,142,-0.5117701888084412,142,0.08384833857417107,142,0.0
6431,31,64,0.555,-0.43499999999999983,142,-0.5105209350585938,142,0.013228257186710835,142,0.0
6432,32,64,0.525,-0.43499999999999983,142,-0.5101476609706879,142,0.0,142,0.0
6433,33,64,0.4950000000000001,-0.43499999999999983,142,-0.5095302164554596,142,0.0,142,0.0
6434,34,64,0.4650000000000001,-0.43499999999999983,142,-0.509184330701828,142,0.0,142,0.0
6435,35,64,0.43500000000000005,-0.43499999999999983,142,-0.5082510113716125,142,0.0016748905181884766,142,0.0
6436,36,64,0.405,-0.43499999999999983,142,-0.5078485012054443,142,0.0,142,0.0
6437,37,64,0.375,-0.43499999999999983,142,-0.5076284110546112,142,0.0,142,0.0
6438,38,64,0.345,-0.43499999999999983,142,-0.5074186623096466,142,0.0009099295129999518,142,0.0
6439,39,64,0.31499999999999995,-0.43499999999999983,142,-0.5071140825748444,142,0.011081902775913477,142,0.0
6440,40,64,0.28500000000000014,-0.43499999999999983,142,-0.5063981115818024,142,0.030932326801121235,142,0.0
6441,41,64,0.2550000000000001,-0.43499999999999983,142,-0.5051248073577881,142,0.17846226692199707,142,0.0
6442,42,64,0.2250000000000001,-0.43499999999999983,142,-0.4954141229391098,142,1.0744593739509583,142,0.10000000149011612
6443,43,64,0.19500000000000006,-0.43499999999999983,142,-0.4405052959918976,142,0.9216912090778351,142,0.10000000149011612
6444,44,64,0.16500000000000004,-0.43499999999999983,142,-0.43936507403850555,142,0.007474174024537206,142,0.0
6445,45,64,0.135,-0.43499999999999983,142,-0.4393109232187271,142,0.0,142,0.0
6446,46,64,0.10499999999999998,-0.43499999999999983,142,-0.43917591869831085,142,0.0,142,0.0
6447,47,64,0.07499999999999996,-0.43499999999999983,142,-0.43916015326976776,142,0.0,142,0.0
6448,48,64,0.04500000000000015,-0.43499999999999983,142,-0.43916015326976776,142,0.0,142,0.0
6449,49,64,0.015000000000000124,-0.43499999999999983,142,-0.43916015326976776,142,0.0,142,0.0
6450,50,64,-0.014999999999999902,-0.43499999999999983,142,-0.4391831159591675,142,0.0,142,0.0
6451,51,64,-0.04499999999999993,-0.43499999999999983,142,-0.4394550025463104,142,0.0036098062992095947,142,0.0
6452,52,64,-0.07499999999999996,-0.43499999999999983,142,-0.44027166068553925,142,0.32229870557785034,142,0.0
6453,53,64,-0.10499999999999998,-0.43499999999999983,142,-0.45999322831630707,142,0.432075560092926,142,0.0
6454,54,64,-0.135,-0.43499999999999983,142,-0.4689742922782898,142,0.1451065093278885,142,0.0
6455,55,64,-0.16500000000000004,-0.43499999999999983,142,-0.47085583209991455,142,0.02200355101376772,142,0.0
6456,56,64,-0.19499999999999984,-0.43499999999999983,142,-0.47266702353954315,142,0.39148007333278656,142,0.0
6457,57,64,-0.22499999999999987,-0.43499999999999983,142,-0.49603019654750824,142,0.5313436985015869,142,0.0
6458,58,64,-0.2549999999999999,-0.43499999999999983,142,-0.5060719549655914,142,0.14937396347522736,142,0.0
6459,59,64,-0.2849999999999999,-0.43499999999999983,142,-0.5059163868427277,142,0.06534705311059952,142,0.0
6460,60,64,-0.31499999999999995,-0.43499999999999983,142,-0.5053116083145142,142,0.0123634934425354,142,0.0
6461,61,64,-0.345,-0.43499999999999983,142,-0.5053615868091583,142,0.0,142,0.0
6462,62,64,-0.375,-0.43499999999999983,142,-0.5053615868091583,142,0.0,142,0.0
6463,63,64,-0.405,-0.43499999999999983,142,-0.5056063830852509,142,0.0,142,0.0
6464,64,64,-0.43499999999999983,-0.43499999999999983,142,-0.5054450929164886,142,0.0,142,0.0
6465,65,64,-0.46499999999999986,-0.43499999999999983,142,-0.5054612159729004,142,0.0,142,0.0
6466,66,64,-0.4949999999999999,-0.43499999999999983,142,-0.5059621334075928,142,0.013843675144016743,142,0.0
6467,67,64,-0.5249999999999999,-0.43499999999999983,142,-0.5073202848434448,142,0.04307932406663895,142,0.0
6468,68,64,-0.5549999999999997,-0.43499999999999983,142,-0.5098680555820465,142,0.03267715498805046,142,0.0
6469,69,64,-0.585,-0.43499999999999983,142,-0.5101942718029022,142,0.022505232132971287,142,0.0
6470,70,64,-0.6149999999999998,-0.43499999999999983,142,-0.5107719302177429,142,0.045997897163033485,142,0.0
6471,71,64,-0.645,-0.43499999999999983,142,-0.5118623375892639,142,0.03549242578446865,142,0.0
6472,72,64,-0.6749999999999998,-0.43499999999999983,142,-0.5106776654720306,142,0.03586948476731777,142,0.0
6473,73,64,-0.7050000000000001,-0.43499999999999983,142,-0.5104824900627136,142,0.021325964480638504,142,0.0
6474,74,64,-0.7349999999999999,-0.43499999999999983,142,-0.5104603469371796,142,0.024963993579149246,142,0.0
6475,75,64,-0.7650000000000001,-0.43499999999999983,142,-0.5102286040782928,142,0.03673805668950081,142,0.0
6476,76,64,-0.7949999999999999,-0.43499999999999983,142,-0.5100195705890656,142,0.04138181917369366,142,0.0
6477,77,64,-0.8249999999999997,-0.43499999999999983,142,-0.5095800757408142,142,0.042070407420396805,142,0.0
6478,78,64,-0.855,-0.43499999999999983,142,-0.5091644823551178,142,0.041388025507330894,142,0.0
6479,79,64,-0.8849999999999998,-0.43499999999999983,142,-0.5088940262794495,142,0.04009902477264404,142,0.0
6480,80,64,-0.915,-0.43499999999999983,142,-0.5087390840053558,142,0.042627742514014244,142,0.0
6481,81,64,-0.9449999999999998,-0.43499999999999983,142,-0.5086687803268433,142,0.05336926877498627,142,0.0
6482,82,64,-0.9750000000000001,-0.43499999999999983,142,-0.508268415927887,142,0.06177346780896187,142,0.0
6483,83,64,-1.005,-0.43499999999999983,142,-0.5080887079238892,142,0.05984971486032009,142,0.0
6484,84,64,-1.0349999999999997,-0.43499999999999983,142,-0.5080063343048096,142,0.05257906764745712,142,0.0
6485,85,64,-1.065,-0.43499999999999983,142,-0.5079595446586609,142,0.03911803662776947,142,0.0
6486,86,64,-1.0949999999999998,-0.43499999999999983,142,-0.5080042779445648,142,0.025545408949255943,142,0.0
6487,87,64,-1.125,-0.43499999999999983,48,-0.508571207523346,142,0.0,142,0.02199999988079071
6488,88,64,-1.1549999999999998,-0.43499999999999983,0,nan,142,0.0,142,0.02199999988079071
6489,89,64,-1.185,-0.43499999999999983,0,nan,142,0.0,142,0.02199999988079071
6490,90,64,-1.2149999999999999,-0.43499999999999983,0,nan,142,0.0,142,0.02199999988079071
6491,91,64,-1.245,-0.43499999999999983,0,nan,142,0.0,142,0.02199999988079071
6492,92,64,-1.275,-0.43499999999999983,0,nan,142,0.0,142,0.02199999988079071
6493,93,64,-1.3049999999999997,-0.43499999999999983,0,nan,142,0.0,142,0.02199999988079071
6494,94,64,-1.335,-0.43499999999999983,0,nan,142,0.0,142,0.02199999988079071
6495,95,64,-1.3649999999999998,-0.43499999999999983,0,nan,142,0.0,142,0.02199999988079071
6496,96,64,-1.395,-0.43499999999999983,0,nan,142,0.0,142,0.02199999988079071
6497,97,64,-1.4249999999999998,-0.43499999999999983,0,nan,142,0.0,142,0.0
6498,98,64,-1.455,-0.43499999999999983,0,nan,142,0.0,142,0.0
6499,99,64,-1.4849999999999999,-0.43499999999999983,0,nan,142,0.0,142,0.0
6500,0,65,1.485,-0.46499999999999986,0,nan,142,0.0,142,0.0
6501,1,65,1.455,-0.46499999999999986,0,nan,142,0.0,142,0.0
6502,2,65,1.425,-0.46499999999999986,0,nan,142,0.0,142,0.0
6503,3,65,1.395,-0.46499999999999986,0,nan,142,0.0,142,0.02199999988079071
6504,4,65,1.365,-0.46499999999999986,0,nan,142,0.0,142,0.02199999988079071
6505,5,65,1.335,-0.46499999999999986,0,nan,142,0.0,142,0.02199999988079071
6506,6,65,1.305,-0.46499999999999986,0,nan,142,0.0,142,0.02199999988079071
6507,7,65,1.275,-0.46499999999999986,0,nan,142,0.0,142,0.02199999988079071
6508,8,65,1.245,-0.46499999999999986,0,nan,142,0.0,142,0.02199999988079071
6509,9,65,1.215,-0.46499999999999986,0,nan,142,0.0,142,0.02199999988079071
6510,10,65,1.185,-0.46499999999999986,141,-0.7973389625549316,142,0.0,142,0.0
6511,11,65,1.155,-0.46499999999999986,141,-0.7973389625549316,142,0.0,142,0.0
6512,12,65,1.125,-0.46499999999999986,142,-0.7973213493824005,142,0.0,142,0.0
6513,13,65,1.095,-0.46499999999999986,142,-0.7973213493824005,142,0.16865035146474838,142,0.0
6514,14,65,1.065,-0.46499999999999986,142,-0.7864828407764435,142,0.3334437757730484,142,0.0
6515,15,65,1.0350000000000001,-0.46499999999999986,142,-0.7760045826435089,142,0.34093955159187317,142,0.0
6516,16,65,1.005,-0.46499999999999986,142,-0.7648007571697235,142,0.3588269203901291,142,0.0
6517,17,65,0.975,-0.46499999999999986,142,-0.7539917230606079,142,0.33733007311820984,142,0.0
6518,18,65,0.9450000000000001,-0.46499999999999986,142,-0.7438531517982483,142,0.3334730863571167,142,0.0
6519,19,65,0.915,-0.46499999999999986,142,-0.7336255311965942,142,0.3259132355451584,142,0.0
6520,20,65,0.885,-0.46499999999999986,141,-0.723337709903717,142,0.3858417272567749,142,0.0
6521,21,65,0.855,-0.46499999999999986,141,-0.7102882266044617,142,0.4540244787931442,142,0.0
6522,22,65,0.8250000000000001,-0.46499999999999986,141,-0.6953831315040588,142,0.4672723859548569,142,0.0
6523,23,65,0.795,-0.46499999999999986,140,-0.6821857690811157,142,0.4263365864753723,142,0.0
6524,24,65,0.765,-0.46499999999999986,137,-0.6697993278503418,142,0.6333246529102325,142,0.0
6525,25,65,0.735,-0.46499999999999986,126,-0.6554547846317291,142,1.0334506034851074,142,0.10000000149011612
6526,26,65,0.7050000000000001,-0.46499999999999986,133,-0.6042686104774475,142,1.336609125137329,142,0.10000000149011612
6527,27,65,0.675,-0.46499999999999986,142,-0.578098714351654,142,1.0867830514907837,142,0.10000000149011612
6528,28,65,0.645,-0.46499999999999986,142,-0.5500284433364868,142,0.389037624001503,142,0.0
6529,29,65,0.615,-0.46499999999999986,142,-0.5151274502277374,142,0.18189487606287003,142,0.0
6530,30,65,0.5850000000000001,-0.46499999999999986,142,-0.5117701888084412,142,0.08229414746165276,142,0.0
6531,31,65,0.555,-0.46499999999999986,142,-0.5105209350585938,142,0.013228257186710835,142,0.0
6532,32,65,0.525,-0.46499999999999986,142,-0.5101476609706879,142,0.0,142,0.0
6533,33,65,0.4950000000000001,-0.46499999999999986,142,-0.5095302164554596,142,0.0,142,0.0
6534,34,65,0.4650000000000001,-0.46499999999999986,142,-0.509184330701828,142,0.0002319614141015336,142,0.0
6535,35,65,0.43500000000000005,-0.46499999999999986,142,-0.5084145665168762,142,0.004714727285318077,142,0.0
6536,36,65,0.405,-0.46499999999999986,142,-0.5081139504909515,142,0.00012467305350583047,142,0.0
6537,37,65,0.375,-0.46499999999999986,142,-0.5078327059745789,142,0.0,142,0.0
6538,38,65,0.345,-0.46499999999999986,142,-0.507633239030838,142,0.004840342327952385,142,0.0
6539,39,65,0.31499999999999995,-0.46499999999999986,142,-0.5072823464870453,142,0.015076611191034317,142,0.0
6540,40,65,0.28500000000000014,-0.46499999999999986,142,-0.5064120590686798,142,0.03606478311121464,142,0.0
6541,41,65,0.2550000000000001,-0.46499999999999986,142,-0.5051813423633575,142,0.17846226692199707,142,0.0
6542,42,65,0.2250000000000001,-0.46499999999999986,142,-0.4954141229391098,142,1.0744787454605103,142,0.10000000149011612
6543,43,65,0.19500000000000006,-0.46499999999999986,142,-0.4405052959918976,142,0.9216912090778351,142,0.10000000149011612
6544,44,65,0.16500000000000004,-0.46499999999999986,142,-0.43936507403850555,142,0.007474174024537206,142,0.0
6545,45,65,0.135,-0.46499999999999986,142,-0.4393109232187271,142,0.0,142,0.0
6546,46,65,0.10499999999999998,-0.46499999999999986,142,-0.43917591869831085,142,0.0,142,0.0
6547,47,65,0.07499999999999996,-0.46499999999999986,142,-0.43916015326976776,142,0.0,142,0.0
6548,48,65,0.04500000000000015,-0.46499999999999986,142,-0.43916015326976776,142,0.0,142,0.0
6549,49,65,0.015000000000000124,-0.46499999999999986,142,-0.43916015326976776,142,0.0,142,0.0
6550,50,65,-0.014999999999999902,-0.46499999999999986,142,-0.4391831159591675,142,0.0,142,0.0
6551,51,65,-0.04499999999999993,-0.46499999999999986,142,-0.4394550025463104,142,0.0036098062992095947,142,0.0
6552,52,65,-0.07499999999999996,-0.46499999999999986,142,-0.44027166068553925,142,0.369786873459816,142,0.0
6553,53,65,-0.10499999999999998,-0.46499999999999986,142,-0.45999322831630707,142,0.4673876166343689,142,0.0
6554,54,65,-0.135,-0.46499999999999986,142,-0.4689742922782898,142,0.2236720398068428,142,0.0
6555,55,65,-0.16500000000000004,-0.46499999999999986,142,-0.47085583209991455,142,0.11561661958694458,142,0.0
6556,56,65,-0.19499999999999984,-0.46499999999999986,142,-0.4728473871946335,142,0.3927769809961319,142,0.0
6557,57,65,-0.22499999999999987,-0.46499999999999986,142,-0.49603019654750824,142,0.5256406962871552,142,0.0
6558,58,65,-0.2549999999999999,-0.46499999999999986,142,-0.5060719549655914,142,0.15265122056007385,142,0.0
6559,59,65,-0.2849999999999999,-0.46499999999999986,142,-0.5060052573680878,142,0.06494075804948807,142,0.0
6560,60,65,-0.31499999999999995,-0.46499999999999986,142,-0.5053615868091583,142,0.007467220304533839,142,0.0
6561,61,65,-0.345,-0.46499999999999986,142,-0.5054204165935516,142,0.0,142,0.0
6562,62,65,-0.375,-0.46499999999999986,142,-0.5054469406604767,142,0.0,142,0.0
6563,63,65,-0.405,-0.46499999999999986,142,-0.5057975053787231,142,0.0,142,0.0
6564,64,65,-0.43499999999999983,-0.46499999999999986,142,-0.5056312680244446,142,0.0,142,0.0
6565,65,65,-0.46499999999999986,-0.46499999999999986,142,-0.5058493912220001,142,0.0,142,0.0
6566,66,65,-0.4949999999999999,-0.46499999999999986,142,-0.5060884058475494,142,0.010717655532062054,142,0.0
6567,67,65,-0.5249999999999999,-0.46499999999999986,142,-0.5075201392173767,142,0.039960941299796104,142,0.0
6568,68,65,-0.5549999999999997,-0.46499999999999986,142,-0.509742259979248,142,0.03362748585641384,142,0.0
6569,69,65,-0.585,-0.46499999999999986,142,-0.5101091265678406,142,0.020331144332885742,142,0.0
6570,70,65,-0.6149999999999998,-0.46499999999999986,142,-0.511008620262146,142,0.055699547752738,142,0.0
6571,71,65,-0.645,-0.46499999999999986,142,-0.5125992596149445,142,0.03836378455162048,142,0.0
6572,72,65,-0.6749999999999998,-0.46499999999999986,142,-0.511291891336441,142,0.04267757385969162,142,0.0
6573,73,65,-0.7050000000000001,-0.46499999999999986,142,-0.5108512341976166,142,0.04297507368028164,142,0.0
6574,74,65,-0.7349999999999999,-0.46499999999999986,142,-0.5112096965312958,142,0.04976904019713402,142,0.0
6575,75,65,-0.7650000000000001,-0.46499999999999986,142,-0.5109980404376984,142,0.06327754631638527,142,0.0
6576,76,65,-0.7949999999999999,-0.46499999999999986,142,-0.5108979344367981,142,0.07456725463271141,142,0.0
6577,77,65,-0.8249999999999997,-0.46499999999999986,142,-0.5107982456684113,142,0.07943998277187347,142,0.0
6578,78,65,-0.855,-0.46499999999999986,142,-0.5107729434967041,142,0.08223768696188927,142,0.0
6579,79,65,-0.8849999999999998,-0.46499999999999986,142,-0.5107729434967041,142,0.07659999281167984,142,0.0
6580,80,65,-0.915,-0.46499999999999986,142,-0.5108027458190918,142,0.07201892882585526,142,0.0
6581,81,65,-0.9449999999999998,-0.46499999999999986,142,-0.5108198821544647,142,0.06825990602374077,142,0.0
6582,82,65,-0.9750000000000001,-0.46499999999999986,142,-0.5107956528663635,142,0.06266893818974495,142,0.0
6583,83,65,-1.005,-0.46499999999999986,142,-0.5103846490383148,142,0.05692131258547306,142,0.0
6584,84,65,-1.0349999999999997,-0.46499999999999986,142,-0.5094617605209351,142,0.04307420365512371,142,0.0
6585,85,65,-1.065,-0.46499999999999986,142,-0.5088297426700592,142,0.02419954165816307,142,0.0
6586,86,65,-1.0949999999999998,-0.46499999999999986,142,-0.5088527202606201,142,0.010853659827262163,142,0.0
6587,87,65,-1.125,-0.46499999999999986,48,-0.5092358887195587,142,0.0,142,0.02199999988079071
6588,88,65,-1.1549999999999998,-0.46499999999999986,0,nan,142,0.0,142,0.02199999988079071
6589,89,65,-1.185,-0.46499999999999986,0,nan,142,0.0,142,0.02199999988079071
6590,90,65,-1.2149999999999999,-0.46499999999999986,0,nan,142,0.0,142,0.02199999988079071
6591,91,65,-1.245,-0.46499999999999986,0,nan,142,0.0,142,0.02199999988079071
6592,92,65,-1.275,-0.46499999999999986,0,nan,142,0.0,142,0.02199999988079071
6593,93,65,-1.3049999999999997,-0.46499999999999986,0,nan,142,0.0,142,0.02199999988079071
6594,94,65,-1.335,-0.46499999999999986,0,nan,142,0.0,142,0.02199999988079071
6595,95,65,-1.3649999999999998,-0.46499999999999986,0,nan,142,0.0,142,0.02199999988079071
6596,96,65,-1.395,-0.46499999999999986,0,nan,142,0.0,142,0.02199999988079071
6597,97,65,-1.4249999999999998,-0.46499999999999986,0,nan,142,0.0,142,0.0
6598,98,65,-1.455,-0.46499999999999986,0,nan,142,0.0,142,0.0
6599,99,65,-1.4849999999999999,-0.46499999999999986,0,nan,142,0.0,142,0.0
6600,0,66,1.485,-0.4949999999999999,0,nan,142,0.0,142,0.0
6601,1,66,1.455,-0.4949999999999999,0,nan,142,0.0,142,0.0
6602,2,66,1.425,-0.4949999999999999,0,nan,142,0.0,142,0.0
6603,3,66,1.395,-0.4949999999999999,0,nan,142,0.0,142,0.02199999988079071
6604,4,66,1.365,-0.4949999999999999,0,nan,142,0.0,142,0.02199999988079071
6605,5,66,1.335,-0.4949999999999999,0,nan,142,0.0,142,0.02199999988079071
6606,6,66,1.305,-0.4949999999999999,0,nan,142,0.0,142,0.02199999988079071
6607,7,66,1.275,-0.4949999999999999,0,nan,142,0.0,142,0.02199999988079071
6608,8,66,1.245,-0.4949999999999999,0,nan,142,0.0,142,0.02199999988079071
6609,9,66,1.215,-0.4949999999999999,0,nan,142,0.0,142,0.02199999988079071
6610,10,66,1.185,-0.4949999999999999,141,-0.7973389625549316,142,0.0,142,0.0
6611,11,66,1.155,-0.4949999999999999,141,-0.7973389625549316,142,0.0,142,0.0
6612,12,66,1.125,-0.4949999999999999,142,-0.797336220741272,142,0.0,142,0.0
6613,13,66,1.095,-0.4949999999999999,142,-0.797336220741272,142,0.17262697219848633,142,0.0
6614,14,66,1.065,-0.4949999999999999,142,-0.786353349685669,142,0.333842933177948,142,0.0
6615,15,66,1.0350000000000001,-0.4949999999999999,142,-0.7760238647460938,142,0.3526270389556885,142,0.0
6616,16,66,1.005,-0.4949999999999999,141,-0.7644047141075134,142,0.360455185174942,142,0.0
6617,17,66,0.975,-0.4949999999999999,141,-0.7538891434669495,142,0.3470383584499359,142,0.0
6618,18,66,0.9450000000000001,-0.4949999999999999,142,-0.7435934543609619,142,0.3372838944196701,142,0.0
6619,19,66,0.915,-0.4949999999999999,142,-0.7333608865737915,142,0.332910880446434,142,0.0
6620,20,66,0.885,-0.4949999999999999,141,-0.7230392098426819,142,0.38409729301929474,142,0.0
6621,21,66,0.855,-0.4949999999999999,140,-0.7099515795707703,142,0.45769287645816803,142,0.0
6622,22,66,0.8250000000000001,-0.4949999999999999,139,-0.6948786377906799,142,0.47430454194545746,142,0.0
6623,23,66,0.795,-0.4949999999999999,133,-0.6810126900672913,142,0.7527881562709808,142,0.010999999940395355
6624,24,66,0.765,-0.4949999999999999,121,-0.6679550409317017,142,1.184163749217987,142,0.10000000149011612
6625,25,66,0.735,-0.4949999999999999,138,-0.6103693246841431,142,1.4536116123199463,142,0.10000000149011612
6626,26,66,0.7050000000000001,-0.4949999999999999,142,-0.5872721076011658,142,0.936040610074997,142,0.10000000149011612
6627,27,66,0.675,-0.4949999999999999,142,-0.567101389169693,142,0.39828237891197205,142,0.0
6628,28,66,0.645,-0.4949999999999999,142,-0.5191038846969604,142,0.2400909885764122,142,0.0
6629,29,66,0.615,-0.4949999999999999,142,-0.5149720907211304,142,0.1631026640534401,142,0.0
6630,30,66,0.5850000000000001,-0.4949999999999999,142,-0.5117701888084412,142,0.0755021944642067,142,0.0
6631,31,66,0.555,-0.4949999999999999,142,-0.5105209350585938,142,0.009921848308295012,142,0.0
6632,32,66,0.525,-0.4949999999999999,142,-0.510252445936203,142,0.00200718647101894,142,0.0
6633,33,66,0.4950000000000001,-0.4949999999999999,142,-0.5096186101436615,142,0.005907813785597682,142,0.0
6634,34,66,0.4650000000000001,-0.4949999999999999,142,-0.5093027651309967,142,0.007372597698122263,142,0.0
6635,35,66,0.43500000000000005,-0.4949999999999999,142,-0.5086098909378052,142,0.005460812710225582,142,0.0
6636,36,66,0.405,-0.4949999999999999,142,-0.5082510113716125,142,0.0015915993135422468,142,0.0
6637,37,66,0.375,-0.4949999999999999,142,-0.5081133544445038,142,0.0015979012241587043,142,0.0
6638,38,66,0.345,-0.4949999999999999,142,-0.5078485012054443,142,0.0052014985121786594,142,0.0
6639,39,66,0.31499999999999995,-0.4949999999999999,142,-0.5073753297328949,142,0.01617173384875059,142,0.0
6640,40,66,0.28500000000000014,-0.4949999999999999,142,-0.5065445303916931,142,0.03917766362428665,142,0.0
6641,41,66,0.2550000000000001,-0.4949999999999999,142,-0.5052512586116791,142,0.16858147829771042,142,0.0
6642,42,66,0.2250000000000001,-0.4949999999999999,142,-0.4954141229391098,142,1.0755645632743835,142,0.10000000149011612
6643,43,66,0.19500000000000006,-0.4949999999999999,142,-0.4405052959918976,142,0.9527248740196228,142,0.10000000149011612
6644,44,66,0.16500000000000004,-0.4949999999999999,142,-0.43936507403850555,142,0.006767996354028583,142,0.0
6645,45,66,0.135,-0.4949999999999999,142,-0.4393109232187271,142,0.0,142,0.0
6646,46,66,0.10499999999999998,-0.4949999999999999,142,-0.43917591869831085,142,0.0,142,0.0
6647,47,66,0.07499999999999996,-0.4949999999999999,142,-0.43916015326976776,142,0.0,142,0.0
6648,48,66,0.04500000000000015,-0.4949999999999999,142,-0.43916015326976776,142,0.0,142,0.0
6649,49,66,0.015000000000000124,-0.4949999999999999,142,-0.43916015326976776,142,0.0,142,0.0
6650,50,66,-0.014999999999999902,-0.4949999999999999,142,-0.4391831159591675,142,0.008313109632581472,142,0.0
6651,51,66,-0.04499999999999993,-0.4949999999999999,142,-0.4394550025463104,142,0.18474312871694565,142,0.0
6652,52,66,-0.07499999999999996,-0.4949999999999999,142,-0.44027166068553925,142,0.5006635338068008,142,0.0
6653,53,66,-0.10499999999999998,-0.4949999999999999,142,-0.4676125943660736,142,0.513856440782547,142,0.0
6654,54,66,-0.135,-0.4949999999999999,142,-0.47353021800518036,142,0.24300600588321686,142,0.0
6655,55,66,-0.16500000000000004,-0.4949999999999999,142,-0.47424905002117157,142,0.11931661516427994,142,0.0
6656,56,66,-0.19499999999999984,-0.4949999999999999,142,-0.47534047067165375,142,0.35872524976730347,142,0.0
6657,57,66,-0.22499999999999987,-0.4949999999999999,142,-0.496966153383255,142,0.486592635512352,142,0.0
6658,58,66,-0.2549999999999999,-0.4949999999999999,142,-0.5060719549655914,142,0.14937396347522736,142,0.0
6659,59,66,-0.2849999999999999,-0.4949999999999999,142,-0.5060052573680878,142,0.0651136040687561,142,0.0
6660,60,66,-0.31499999999999995,-0.4949999999999999,142,-0.5053615868091583,142,0.006273885723203421,142,0.0
6661,61,66,-0.345,-0.4949999999999999,142,-0.5054204165935516,142,0.0,142,0.0
6662,62,66,-0.375,-0.4949999999999999,142,-0.5054469406604767,142,0.0,142,0.0
6663,63,66,-0.405,-0.4949999999999999,142,-0.5057975053787231,142,0.0,142,0.0
6664,64,66,-0.43499999999999983,-0.4949999999999999,142,-0.5056312680244446,142,0.0,142,0.0
6665,65,66,-0.46499999999999986,-0.4949999999999999,142,-0.5058493912220001,142,0.0,142,0.0
6666,66,66,-0.4949999999999999,-0.4949999999999999,142,-0.5062373280525208,142,0.013039188925176859,142,0.0
6667,67,66,-0.5249999999999999,-0.4949999999999999,142,-0.5075201392173767,142,0.039960941299796104,142,0.0
6668,68,66,-0.5549999999999997,-0.4949999999999999,142,-0.5097891390323639,142,0.03309597447514534,142,0.0
6669,69,66,-0.585,-0.4949999999999999,142,-0.5101091265678406,142,0.027698034420609474,142,0.0
6670,70,66,-0.6149999999999998,-0.4949999999999999,142,-0.5112101435661316,142,0.07375955581665039,142,0.0
6671,71,66,-0.645,-0.4949999999999999,142,-0.5133353471755981,142,0.04998738318681717,142,0.0
6672,72,66,-0.6749999999999998,-0.4949999999999999,142,-0.5130252242088318,142,0.066520556807518,142,0.0
6673,73,66,-0.7050000000000001,-0.4949999999999999,142,-0.5130964517593384,142,0.08358130976557732,142,0.0
6674,74,66,-0.7349999999999999,-0.4949999999999999,142,-0.5134499371051788,142,0.09185721725225449,142,0.0
6675,75,66,-0.7650000000000001,-0.4949999999999999,142,-0.5138609111309052,142,0.10134217888116837,142,0.0
6676,76,66,-0.7949999999999999,-0.4949999999999999,142,-0.5143380165100098,142,0.10778973251581192,142,0.0
6677,77,66,-0.8249999999999997,-0.4949999999999999,142,-0.5144439935684204,142,0.09948375076055527,142,0.0
6678,78,66,-0.855,-0.4949999999999999,142,-0.5144102275371552,142,0.08056654036045074,142,0.0
6679,79,66,-0.8849999999999998,-0.4949999999999999,142,-0.5139439702033997,142,0.06433365121483803,142,0.0
6680,80,66,-0.915,-0.4949999999999999,142,-0.5131933987140656,142,0.048934102058410645,142,0.0
6681,81,66,-0.9449999999999998,-0.4949999999999999,142,-0.5127774775028229,142,0.03714561462402344,142,0.0
6682,82,66,-0.9750000000000001,-0.4949999999999999,142,-0.5115774869918823,142,0.03285904973745346,142,0.0
6683,83,66,-1.005,-0.4949999999999999,142,-0.5110189318656921,142,0.030135114677250385,142,0.0
6684,84,66,-1.0349999999999997,-0.4949999999999999,142,-0.5094743072986603,142,0.023535391315817833,142,0.0
6685,85,66,-1.065,-0.4949999999999999,142,-0.5088297426700592,142,4.470348358154297e-05,142,0.0
6686,86,66,-1.0949999999999998,-0.4949999999999999,142,-0.5088527202606201,142,0.0,142,0.0
6687,87,66,-1.125,-0.4949999999999999,48,-0.5092358887195587,142,0.0,142,0.02199999988079071
6688,88,66,-1.1549999999999998,-0.4949999999999999,0,nan,142,0.0,142,0.02199999988079071
6689,89,66,-1.185,-0.4949999999999999,0,nan,142,0.0,142,0.02199999988079071
6690,90,66,-1.2149999999999999,-0.4949999999999999,0,nan,142,0.0,142,0.02199999988079071
6691,91,66,-1.245,-0.4949999999999999,0,nan,142,0.0,142,0.02199999988079071
6692,92,66,-1.275,-0.4949999999999999,0,nan,142,0.0,142,0.02199999988079071
6693,93,66,-1.3049999999999997,-0.4949999999999999,0,nan,142,0.0,142,0.02199999988079071
6694,94,66,-1.335,-0.4949999999999999,0,nan,142,0.0,142,0.02199999988079071
6695,95,66,-1.3649999999999998,-0.4949999999999999,0,nan,142,0.0,142,0.02199999988079071
6696,96,66,-1.395,-0.4949999999999999,0,nan,142,0.0,142,0.02199999988079071
6697,97,66,-1.4249999999999998,-0.4949999999999999,0,nan,142,0.0,142,0.0
6698,98,66,-1.455,-0.4949999999999999,0,nan,142,0.0,142,0.0
6699,99,66,-1.4849999999999999,-0.4949999999999999,0,nan,142,0.0,142,0.0
6700,0,67,1.485,-0.5249999999999999,0,nan,142,0.0,142,0.0
6701,1,67,1.455,-0.5249999999999999,0,nan,142,0.0,142,0.0
6702,2,67,1.425,-0.5249999999999999,0,nan,142,0.0,142,0.0
6703,3,67,1.395,-0.5249999999999999,0,nan,142,0.0,142,0.02199999988079071
6704,4,67,1.365,-0.5249999999999999,0,nan,142,0.0,142,0.02199999988079071
6705,5,67,1.335,-0.5249999999999999,0,nan,142,0.0,142,0.02199999988079071
6706,6,67,1.305,-0.5249999999999999,0,nan,142,0.0,142,0.02199999988079071
6707,7,67,1.275,-0.5249999999999999,0,nan,142,0.0,142,0.02199999988079071
6708,8,67,1.245,-0.5249999999999999,0,nan,142,0.0,142,0.02199999988079071
6709,9,67,1.215,-0.5249999999999999,0,nan,142,0.0,142,0.02199999988079071
6710,10,67,1.185,-0.5249999999999999,141,-0.7968422174453735,142,0.0,142,0.0
6711,11,67,1.155,-0.5249999999999999,141,-0.7968422174453735,142,0.0,142,0.0
6712,12,67,1.125,-0.5249999999999999,142,-0.796835720539093,142,0.0,142,0.0
6713,13,67,1.095,-0.5249999999999999,142,-0.796835720539093,142,0.17538239806890488,142,0.0
6714,14,67,1.065,-0.5249999999999999,142,-0.786353349685669,142,0.3385861814022064,142,0.0
6715,15,67,1.0350000000000001,-0.5249999999999999,142,-0.7759680151939392,142,0.3584054261445999,142,0.0
6716,16,67,1.005,-0.5249999999999999,141,-0.7644047141075134,142,0.36230604350566864,142,0.0
6717,17,67,0.975,-0.5249999999999999,141,-0.7533412575721741,142,0.3523876518011093,142,0.0
6718,18,67,0.9450000000000001,-0.5249999999999999,142,-0.743297666311264,142,0.3516038954257965,142,0.0
6719,19,67,0.915,-0.5249999999999999,142,-0.7323747873306274,142,0.3376837223768234,142,0.0
6720,20,67,0.885,-0.5249999999999999,139,-0.7223166823387146,142,0.384769469499588,142,0.0
6721,21,67,0.855,-0.5249999999999999,138,-0.7096449136734009,142,0.48903802037239075,142,0.0
6722,22,67,0.8250000000000001,-0.5249999999999999,131,-0.6941903233528137,142,0.7659496963024139,142,0.0
6723,23,67,0.795,-0.5249999999999999,117,-0.6774704456329346,142,1.1054495573043823,142,0.10000000149011612
6724,24,67,0.765,-0.5249999999999999,139,-0.610676646232605,142,1.3983559012413025,142,0.10000000149011612
6725,25,67,0.735,-0.5249999999999999,142,-0.5899114906787872,142,0.9149114787578583,142,0.10000000149011612
6726,26,67,0.7050000000000001,-0.5249999999999999,142,-0.5234766900539398,142,0.3608650118112564,142,0.0
6727,27,67,0.675,-0.5249999999999999,142,-0.519951194524765,142,0.07925878092646599,142,0.0
6728,28,67,0.645,-0.5249999999999999,142,-0.5180970132350922,142,0.11513431742787361,142,0.0
6729,29,67,0.615,-0.5249999999999999,142,-0.5149720907211304,142,0.11413902789354324,142,0.0
6730,30,67,0.5850000000000001,-0.5249999999999999,142,-0.5117701888084412,142,0.0619472861289978,142,0.0
6731,31,67,0.555,-0.5249999999999999,142,-0.5109508037567139,142,0.04371059127151966,142,0.0
6732,32,67,0.525,-0.5249999999999999,142,-0.5105745196342468,142,0.04724462702870369,142,0.0
6733,33,67,0.4950000000000001,-0.5249999999999999,142,-0.5103642046451569,142,0.04771176911890507,142,0.0
6734,34,67,0.4650000000000001,-0.5249999999999999,142,-0.5096103549003601,142,0.046215951442718506,142,0.0
6735,35,67,0.43500000000000005,-0.5249999999999999,142,-0.5088536143302917,142,0.032983506098389626,142,0.0
6736,36,67,0.405,-0.5249999999999999,142,-0.5084969401359558,142,0.023295979015529156,142,0.0
6737,37,67,0.375,-0.5249999999999999,142,-0.5083374381065369,142,0.017657876014709473,142,0.0
6738,38,67,0.345,-0.5249999999999999,142,-0.5081182718276978,142,0.017691371962428093,142,0.0
6739,39,67,0.31499999999999995,-0.5249999999999999,142,-0.5078485012054443,142,0.025029048323631287,142,0.0
6740,40,67,0.28500000000000014,-0.5249999999999999,142,-0.5067141354084015,142,0.044619638472795486,142,0.0
6741,41,67,0.2550000000000001,-0.5249999999999999,142,-0.505632609128952,142,0.12850913405418396,142,0.0
6742,42,67,0.2250000000000001,-0.5249999999999999,142,-0.5007351040840149,142,1.0456349849700928,142,0.10000000149011612
6743,43,67,0.19500000000000006,-0.5249999999999999,142,-0.4405052959918976,142,0.968531459569931,142,0.10000000149011612
6744,44,67,0.16500000000000004,-0.5249999999999999,142,-0.43942582607269287,142,0.1268618479371071,142,0.0
6745,45,67,0.135,-0.5249999999999999,142,-0.43938180804252625,142,0.08887805044651031,142,0.0
6746,46,67,0.10499999999999998,-0.5249999999999999,142,-0.43938180804252625,142,0.08681068941950798,142,0.0
6747,47,67,0.07499999999999996,-0.5249999999999999,142,-0.43938180804252625,142,0.08816058188676834,142,0.0
6748,48,67,0.04500000000000015,-0.5249999999999999,142,-0.43938180804252625,142,0.08977030962705612,142,0.0
6749,49,67,0.015000000000000124,-0.5249999999999999,142,-0.43938180804252625,142,0.09951044991612434,142,0.0
6750,50,67,-0.014999999999999902,-0.5249999999999999,142,-0.4394606500864029,142,0.16951874643564224,142,0.0
6751,51,67,-0.04499999999999993,-0.5249999999999999,142,-0.44022175669670105,142,0.4627060294151306,142,0.0
6752,52,67,-0.07499999999999996,-0.5249999999999999,142,-0.4660273492336273,142,0.593992680311203,142,0.0
6753,53,67,-0.10499999999999998,-0.5249999999999999,142,-0.47280775010585785,142,0.4083912521600723,142,0.0
6754,54,67,-0.135,-0.5249999999999999,142,-0.47482116520404816,142,0.18160298466682434,142,0.0
6755,55,67,-0.16500000000000004,-0.5249999999999999,142,-0.47537538409233093,142,0.07072039693593979,142,0.0
6756,56,67,-0.19499999999999984,-0.5249999999999999,142,-0.4761199951171875,142,0.36254221200942993,142,0.0
6757,57,67,-0.22499999999999987,-0.5249999999999999,142,-0.49829211831092834,142,0.45527809858322144,142,0.0
6758,58,67,-0.2549999999999999,-0.5249999999999999,142,-0.5063442885875702,142,0.16108393669128418,142,0.0
6759,59,67,-0.2849999999999999,-0.5249999999999999,142,-0.506155252456665,142,0.0844251960515976,142,0.0
6760,60,67,-0.31499999999999995,-0.5249999999999999,142,-0.5054391324520111,142,0.0472029410302639,142,0.0
6761,61,67,-0.345,-0.5249999999999999,142,-0.5054552555084229,142,0.02503942046314478,142,0.0
6762,62,67,-0.375,-0.5249999999999999,142,-0.5056312680244446,142,0.016184461303055286,142,0.0
6763,63,67,-0.405,-0.5249999999999999,142,-0.5058543980121613,142,0.009723007678985596,142,0.0
6764,64,67,-0.43499999999999983,-0.5249999999999999,142,-0.5058543980121613,142,0.0020878494979115203,142,0.0
6765,65,67,-0.46499999999999986,-0.5249999999999999,142,-0.5059375762939453,142,0.009723007678985596,142,0.0
6766,66,67,-0.4949999999999999,-0.5249999999999999,142,-0.5063959360122681,142,0.025760630145668983,142,0.0
6767,67,67,-0.5249999999999999,-0.5249999999999999,142,-0.5076867938041687,142,0.05059866979718208,142,0.0
6768,68,67,-0.5549999999999997,-0.5249999999999999,142,-0.5098680555820465,142,0.03409385681152344,142,0.0
6769,69,67,-0.585,-0.5249999999999999,142,-0.5102869868278503,142,0.0393830519169569,142,0.0
6770,70,67,-0.6149999999999998,-0.5249999999999999,142,-0.5119674801826477,142,0.09026091545820236,142,0.0
6771,71,67,-0.645,-0.5249999999999999,142,-0.5148607492446899,142,0.08102668449282646,142,0.0
6772,72,67,-0.6749999999999998,-0.5249999999999999,142,-0.5153555572032928,142,0.061166221275925636,142,0.0
6773,73,67,-0.7050000000000001,-0.5249999999999999,142,-0.5163108706474304,142,0.07608414068818092,142,0.0
6774,74,67,-0.7349999999999999,-0.5249999999999999,142,-0.5167477130889893,142,0.08262646570801735,142,0.0
6775,75,67,-0.7650000000000001,-0.5249999999999999,142,-0.5174435973167419,142,0.07541074976325035,142,0.0
6776,76,67,-0.7949999999999999,-0.5249999999999999,142,-0.5171214938163757,142,0.06583539769053459,142,0.0
6777,77,67,-0.8249999999999997,-0.5249999999999999,142,-0.5161900520324707,142,0.053448835387825966,142,0.0
6778,78,67,-0.855,-0.5249999999999999,142,-0.5154665112495422,142,0.03884690999984741,142,0.0
6779,79,67,-0.8849999999999998,-0.5249999999999999,142,-0.5144655704498291,142,0.0318234171718359,142,0.0
6780,80,67,-0.915,-0.5249999999999999,142,-0.5134941935539246,142,0.018971662037074566,142,0.0
6781,81,67,-0.9449999999999998,-0.5249999999999999,142,-0.5129599273204803,142,0.016945787239819765,142,0.0
6782,82,67,-0.9750000000000001,-0.5249999999999999,142,-0.5118701457977295,142,0.014492223504930735,142,0.0
6783,83,67,-1.005,-0.5249999999999999,142,-0.511063277721405,142,0.024651085026562214,142,0.0
6784,84,67,-1.0349999999999997,-0.5249999999999999,142,-0.5094743072986603,142,0.0210444126278162,142,0.0
6785,85,67,-1.065,-0.5249999999999999,142,-0.5088297426700592,142,0.0,142,0.0
6786,86,67,-1.0949999999999998,-0.5249999999999999,142,-0.5088527202606201,142,0.0,142,0.0
6787,87,67,-1.125,-0.5249999999999999,48,-0.5092358887195587,142,0.0,142,0.02199999988079071
6788,88,67,-1.1549999999999998,-0.5249999999999999,0,nan,142,0.0,142,0.02199999988079071
6789,89,67,-1.185,-0.5249999999999999,0,nan,142,0.0,142,0.02199999988079071
6790,90,67,-1.2149999999999999,-0.5249999999999999,0,nan,142,0.0,142,0.02199999988079071
6791,91,67,-1.245,-0.5249999999999999,0,nan,142,0.0,142,0.02199999988079071
6792,92,67,-1.275,-0.5249999999999999,0,nan,142,0.0,142,0.02199999988079071
6793,93,67,-1.3049999999999997,-0.5249999999999999,0,nan,142,0.0,142,0.02199999988079071
6794,94,67,-1.335,-0.5249999999999999,0,nan,142,0.0,142,0.02199999988079071
6795,95,67,-1.3649999999999998,-0.5249999999999999,0,nan,142,0.0,142,0.02199999988079071
6796,96,67,-1.395,-0.5249999999999999,0,nan,142,0.0,142,0.02199999988079071
6797,97,67,-1.4249999999999998,-0.5249999999999999,0,nan,142,0.0,142,0.0
6798,98,67,-1.455,-0.5249999999999999,0,nan,142,0.0,142,0.0
6799,99,67,-1.4849999999999999,-0.5249999999999999,0,nan,142,0.0,142,0.0
6800,0,68,1.485,-0.5549999999999997,0,nan,142,0.0,142,0.0
6801,1,68,1.455,-0.5549999999999997,0,nan,142,0.0,142,0.0
6802,2,68,1.425,-0.5549999999999997,0,nan,142,0.0,142,0.0
6803,3,68,1.395,-0.5549999999999997,0,nan,142,0.0,142,0.02199999988079071
6804,4,68,1.365,-0.5549999999999997,0,nan,142,0.0,142,0.02199999988079071
6805,5,68,1.335,-0.5549999999999997,0,nan,142,0.0,142,0.02199999988079071
6806,6,68,1.305,-0.5549999999999997,0,nan,142,0.0,142,0.02199999988079071
6807,7,68,1.275,-0.5549999999999997,0,nan,142,0.0,142,0.02199999988079071
6808,8,68,1.245,-0.5549999999999997,0,nan,142,0.0,142,0.02199999988079071
6809,9,68,1.215,-0.5549999999999997,0,nan,142,0.0,142,0.02199999988079071
6810,10,68,1.185,-0.5549999999999997,141,-0.7968083620071411,142,0.0,142,0.0
6811,11,68,1.155,-0.5549999999999997,142,-0.7968014478683472,142,0.0,142,0.0
6812,12,68,1.125,-0.5549999999999997,142,-0.7968014478683472,142,0.0,142,0.0
6813,13,68,1.095,-0.5549999999999997,142,-0.7968014478683472,142,0.16781669110059738,142,0.0
6814,14,68,1.065,-0.5549999999999997,142,-0.786353349685669,142,0.3520398586988449,142,0.0
6815,15,68,1.0350000000000001,-0.5549999999999997,142,-0.77567458152771,142,0.3605971187353134,142,0.0
6816,16,68,1.005,-0.5549999999999997,142,-0.7642770707607269,142,0.37268662452697754,142,0.0
6817,17,68,0.975,-0.5549999999999997,142,-0.7525108158588409,142,0.3637169897556305,142,0.0
6818,18,68,0.9450000000000001,-0.5549999999999997,142,-0.7429478466510773,142,0.3525261729955673,142,0.0
6819,19,68,0.915,-0.5549999999999997,141,-0.731727659702301,142,0.3574947565793991,142,0.0
6820,20,68,0.885,-0.5549999999999997,139,-0.721072256565094,142,0.42443351447582245,142,0.0
6821,21,68,0.855,-0.5549999999999997,127,-0.7088780999183655,142,0.6125676035881042,142,0.0
6822,22,68,0.8250000000000001,-0.5549999999999997,127,-0.6919237971305847,142,1.0588172674179077,142,0.10000000149011612
6823,23,68,0.795,-0.5549999999999997,142,-0.6273177266120911,142,1.2203460335731506,142,0.10000000149011612
6824,24,68,0.765,-0.5549999999999997,142,-0.6062885820865631,142,0.9486727118492126,142,0.10000000149011612
6825,25,68,0.735,-0.5549999999999997,142,-0.5219205021858215,142,0.23950686305761337,142,0.0
6826,26,68,0.7050000000000001,-0.5549999999999997,142,-0.5205323696136475,142,0.005079805850982666,142,0.0
6827,27,68,0.675,-0.5549999999999997,142,-0.5194714963436127,142,0.02389456517994404,142,0.0
6828,28,68,0.645,-0.5549999999999997,142,-0.5180970132350922,142,0.07169042527675629,142,0.0
6829,29,68,0.615,-0.5549999999999997,142,-0.5150316953659058,142,0.09442290663719177,142,0.0
6830,30,68,0.5850000000000001,-0.5549999999999997,142,-0.5133924186229706,142,0.0814543105661869,142,0.0
6831,31,68,0.555,-0.5549999999999997,142,-0.5130614638328552,142,0.08622308447957039,142,0.0
6832,32,68,0.525,-0.5549999999999997,142,-0.5128777027130127,142,0.0846453532576561,142,0.0
6833,33,68,0.4950000000000001,-0.5549999999999997,142,-0.5119235217571259,142,0.07848462462425232,142,0.0
6834,34,68,0.4650000000000001,-0.5549999999999997,142,-0.5110048651695251,142,0.08253570273518562,142,0.0
6835,35,68,0.43500000000000005,-0.5549999999999997,142,-0.5098605751991272,142,0.06621875613927841,142,0.0
6836,36,68,0.405,-0.5549999999999997,142,-0.5092416703701019,142,0.04948765970766544,142,0.0
6837,37,68,0.375,-0.5549999999999997,142,-0.5089719593524933,142,0.03537038899958134,142,0.0
6838,38,68,0.345,-0.5549999999999997,142,-0.5087882280349731,142,0.0301763154566288,142,0.0
6839,39,68,0.31499999999999995,-0.5549999999999997,142,-0.5085448622703552,142,0.03647823445498943,142,0.0
6840,40,68,0.28500000000000014,-0.5549999999999997,142,-0.5076827108860016,142,0.04925423115491867,142,0.0
6841,41,68,0.2550000000000001,-0.5549999999999997,142,-0.5064651966094971,142,0.11359259113669395,142,0.0
6842,42,68,0.2250000000000001,-0.5549999999999997,140,-0.5028782188892365,142,0.879076212644577,142,0.10000000149011612
6843,43,68,0.19500000000000006,-0.5549999999999997,142,-0.44916100800037384,142,1.0000740885734558,142,0.10000000149011612
6844,44,68,0.16500000000000004,-0.5549999999999997,142,-0.44454126060009,142,0.6779428422451019,142,0.0
6845,45,68,0.135,-0.5549999999999997,142,-0.4443529099225998,142,0.5855925381183624,142,0.0
6846,46,68,0.10499999999999998,-0.5549999999999997,142,-0.4443529099225998,142,0.5725528001785278,142,0.0
6847,47,68,0.07499999999999996,-0.5549999999999997,142,-0.4443529099225998,142,0.5584677159786224,142,0.0
6848,48,68,0.04500000000000015,-0.5549999999999997,142,-0.4443529099225998,142,0.5512314438819885,142,0.0
6849,49,68,0.015000000000000124,-0.5549999999999997,142,-0.4443529099225998,142,0.5584677159786224,142,0.0
6850,50,68,-0.014999999999999902,-0.5549999999999997,142,-0.4453594237565994,142,0.5802842080593109,142,0.0
6851,51,68,-0.04499999999999993,-0.5549999999999997,142,-0.45394696295261383,142,0.5885004699230194,142,0.0
6852,52,68,-0.07499999999999996,-0.5549999999999997,142,-0.47305990755558014,142,0.47782233357429504,142,0.0
6853,53,68,-0.10499999999999998,-0.5549999999999997,142,-0.47614070773124695,142,0.2791764885187149,142,0.0
6854,54,68,-0.135,-0.5549999999999997,142,-0.47804245352745056,142,0.206013984978199,142,0.0
6855,55,68,-0.16500000000000004,-0.5549999999999997,142,-0.4782550632953644,142,0.24918318539857864,142,0.0
6856,56,68,-0.19499999999999984,-0.5549999999999997,142,-0.4803870916366577,142,0.4510487765073776,142,0.0
6857,57,68,-0.22499999999999987,-0.5549999999999997,142,-0.5037798583507538,142,0.5037347674369812,142,0.0
6858,58,68,-0.2549999999999999,-0.5549999999999997,142,-0.5080285370349884,142,0.1689271405339241,142,0.0
6859,59,68,-0.2849999999999999,-0.5549999999999997,142,-0.5082616806030273,142,0.09318648651242256,142,0.0
6860,60,68,-0.31499999999999995,-0.5549999999999997,142,-0.507739931344986,142,0.07981845363974571,142,0.0
6861,61,68,-0.345,-0.5549999999999997,142,-0.5069926083087921,142,0.06321519985795021,142,0.0
6862,62,68,-0.375,-0.5549999999999997,142,-0.5073058605194092,142,0.04688669368624687,142,0.0
6863,63,68,-0.405,-0.5549999999999997,142,-0.50725057721138,142,0.04437664709985256,142,0.0
6864,64,68,-0.43499999999999983,-0.5549999999999997,142,-0.50725057721138,142,0.04011760652065277,142,0.0
6865,65,68,-0.46499999999999986,-0.5549999999999997,142,-0.5075198709964752,142,0.041216954588890076,142,0.0
6866,66,68,-0.4949999999999999,-0.5549999999999997,142,-0.507686972618103,142,0.03946957178413868,142,0.0
6867,67,68,-0.5249999999999999,-0.5549999999999997,142,-0.5082695186138153,142,0.0503228735178709,142,0.0
6868,68,68,-0.5549999999999997,-0.5549999999999997,142,-0.5100359618663788,142,0.030945179983973503,142,0.0
6869,69,68,-0.585,-0.5549999999999997,142,-0.510341227054596,142,0.04949434846639633,142,0.0
6870,70,68,-0.6149999999999998,-0.5549999999999997,142,-0.512939989566803,142,0.09900019317865372,142,0.0
6871,71,68,-0.645,-0.5549999999999997,142,-0.5160254836082458,142,0.06749328225851059,142,0.0
6872,72,68,-0.6749999999999998,-0.5549999999999997,142,-0.5171529352664948,142,0.044991495087742805,142,0.0
6873,73,68,-0.7050000000000001,-0.5549999999999997,142,-0.5178840756416321,142,0.042196521535515785,142,0.0
6874,74,68,-0.7349999999999999,-0.5549999999999997,142,-0.5177761912345886,142,0.03438611887395382,142,0.0
6875,75,68,-0.7650000000000001,-0.5549999999999997,142,-0.5180209875106812,142,0.026366375386714935,142,0.0
6876,76,68,-0.7949999999999999,-0.5549999999999997,142,-0.5175717175006866,142,0.02991298120468855,142,0.0
6877,77,68,-0.8249999999999997,-0.5549999999999997,142,-0.516209214925766,142,0.03383325785398483,142,0.0
6878,78,68,-0.855,-0.5549999999999997,142,-0.5154920220375061,142,0.020237763412296772,142,0.0
6879,79,68,-0.8849999999999998,-0.5549999999999997,142,-0.5145615041255951,142,0.018244910053908825,142,0.0
6880,80,68,-0.915,-0.5549999999999997,142,-0.5135587453842163,142,0.01071244478225708,142,0.0
6881,81,68,-0.9449999999999998,-0.5549999999999997,142,-0.5130600333213806,142,0.008098284481093287,142,0.0
6882,82,68,-0.9750000000000001,-0.5549999999999997,142,-0.5118701457977295,142,0.00859449291601777,142,0.0
6883,83,68,-1.005,-0.5549999999999997,142,-0.511063277721405,142,0.0228027505800128,142,0.0
6884,84,68,-1.0349999999999997,-0.5549999999999997,142,-0.5094743072986603,142,0.0210444126278162,142,0.0
6885,85,68,-1.065,-0.5549999999999997,142,-0.5088297426700592,142,0.0,142,0.0
6886,86,68,-1.0949999999999998,-0.5549999999999997,142,-0.5088527202606201,142,0.0,142,0.0
6887,87,68,-1.125,-0.5549999999999997,48,-0.5091663002967834,142,0.0,142,0.02199999988079071
6888,88,68,-1.1549999999999998,-0.5549999999999997,0,nan,142,0.0,142,0.02199999988079071
6889,89,68,-1.185,-0.5549999999999997,0,nan,142,0.0,142,0.02199999988079071
6890,90,68,-1.2149999999999999,-0.5549999999999997,0,nan,142,0.0,142,0.02199999988079071
6891,91,68,-1.245,-0.5549999999999997,0,nan,142,0.0,142,0.02199999988079071
6892,92,68,-1.275,-0.5549999999999997,0,nan,142,0.0,142,0.02199999988079071
6893,93,68,-1.3049999999999997,-0.5549999999999997,0,nan,142,0.0,142,0.02199999988079071
6894,94,68,-1.335,-0.5549999999999997,0,nan,142,0.0,142,0.02199999988079071
6895,95,68,-1.3649999999999998,-0.5549999999999997,0,nan,142,0.0,142,0.02199999988079071
6896,96,68,-1.395,-0.5549999999999997,0,nan,142,0.0,142,0.02199999988079071
6897,97,68,-1.4249999999999998,-0.5549999999999997,0,nan,142,0.0,142,0.0
6898,98,68,-1.455,-0.5549999999999997,0,nan,142,0.0,142,0.0
6899,99,68,-1.4849999999999999,-0.5549999999999997,0,nan,142,0.0,142,0.0
6900,0,69,1.485,-0.585,0,nan,142,0.0,142,0.0
6901,1,69,1.455,-0.585,0,nan,142,0.0,142,0.0
6902,2,69,1.425,-0.585,0,nan,142,0.0,142,0.0
6903,3,69,1.395,-0.585,0,nan,142,0.0,142,0.02199999988079071
6904,4,69,1.365,-0.585,0,nan,142,0.0,142,0.02199999988079071
6905,5,69,1.335,-0.585,0,nan,142,0.0,142,0.02199999988079071
6906,6,69,1.305,-0.585,0,nan,142,0.0,142,0.02199999988079071
6907,7,69,1.275,-0.585,0,nan,142,0.0,142,0.02199999988079071
6908,8,69,1.245,-0.585,0,nan,142,0.0,142,0.02199999988079071
6909,9,69,1.215,-0.585,0,nan,142,0.0,142,0.02199999988079071
6910,10,69,1.185,-0.585,141,-0.796434760093689,142,0.0,142,0.0
6911,11,69,1.155,-0.585,142,-0.796415776014328,142,0.0,142,0.0
6912,12,69,1.125,-0.585,142,-0.796415776014328,142,0.0,142,0.0
6913,13,69,1.095,-0.585,142,-0.796415776014328,142,0.18033836036920547,142,0.0
6914,14,69,1.065,-0.585,142,-0.7857435941696167,142,0.3517953008413315,142,0.0
6915,15,69,1.0350000000000001,-0.585,142,-0.7752405107021332,142,0.37179340422153473,142,0.0
6916,16,69,1.005,-0.585,142,-0.7639981210231781,142,0.3750988692045212,142,0.0
6917,17,69,0.975,-0.585,142,-0.7520845532417297,142,0.36659008264541626,142,0.0
6918,18,69,0.9450000000000001,-0.585,142,-0.741832822561264,142,0.37099774181842804,142,0.0
6919,19,69,0.915,-0.585,139,-0.7313482165336609,142,0.41000187397003174,142,0.0
6920,20,69,0.885,-0.585,134,-0.7197167575359344,142,0.49886785447597504,142,0.0
6921,21,69,0.855,-0.585,132,-0.7042781412601471,142,0.8495545387268066,142,0.10000000149011612
6922,22,69,0.8250000000000001,-0.585,142,-0.6563001275062561,142,1.094530463218689,142,0.10000000149011612
6923,23,69,0.795,-0.585,142,-0.6258047521114349,142,0.8013380169868469,142,0.0
6924,24,69,0.765,-0.585,142,-0.5645507872104645,142,0.39306382834911346,142,0.0
6925,25,69,0.735,-0.585,142,-0.520801454782486,142,0.028593341819941998,142,0.0
6926,26,69,0.7050000000000001,-0.585,142,-0.5201892554759979,142,0.0,142,0.0
6927,27,69,0.675,-0.585,142,-0.5191360414028168,142,0.018460054881870747,142,0.0
6928,28,69,0.645,-0.585,142,-0.5182494223117828,142,0.04975318908691406,142,0.0
6929,29,69,0.615,-0.585,142,-0.5172743797302246,142,0.08816085383296013,142,0.0
6930,30,69,0.5850000000000001,-0.585,142,-0.5170019865036011,142,0.09452921524643898,142,0.0
6931,31,69,0.555,-0.585,142,-0.5162367224693298,142,0.1033940464258194,142,0.0
6932,32,69,0.525,-0.585,142,-0.5156281590461731,142,0.08922599256038666,142,0.0
6933,33,69,0.4950000000000001,-0.585,142,-0.5149317979812622,142,0.0920415073633194,142,0.0
6934,34,69,0.4650000000000001,-0.585,142,-0.5134964287281036,142,0.0857023261487484,142,0.0
6935,35,69,0.43500000000000005,-0.585,142,-0.5117645561695099,142,0.0741308145225048,142,0.0
6936,36,69,0.405,-0.585,142,-0.5106383562088013,142,0.06130000576376915,142,0.0
6937,37,69,0.375,-0.585,142,-0.51030632853508,142,0.045579856261610985,142,0.0
6938,38,69,0.345,-0.585,142,-0.5096054971218109,142,0.03960387408733368,142,0.0
6939,39,69,0.31499999999999995,-0.585,142,-0.5093872547149658,142,0.04158112034201622,142,0.0
6940,40,69,0.28500000000000014,-0.585,142,-0.5087561905384064,142,0.05378261208534241,142,0.0
6941,41,69,0.2550000000000001,-0.585,142,-0.5078327655792236,142,0.09051471948623657,142,0.0
6942,42,69,0.2250000000000001,-0.585,142,-0.504892110824585,142,0.49353575706481934,142,0.0
6943,43,69,0.19500000000000006,-0.585,141,-0.49571239948272705,142,0.874063640832901,142,0.10000000149011612
6944,44,69,0.16500000000000004,-0.585,141,-0.47565093636512756,142,0.882500410079956,142,0.10000000149011612
6945,45,69,0.135,-0.585,142,-0.4741058796644211,142,0.7954366207122803,142,0.0
6946,46,69,0.10499999999999998,-0.585,142,-0.4736127555370331,142,0.7521604597568512,142,0.0
6947,47,69,0.07499999999999996,-0.585,142,-0.4728147089481354,142,0.7238186895847321,142,0.0
6948,48,69,0.04500000000000015,-0.585,142,-0.4728147089481354,142,0.701431930065155,142,0.0
6949,49,69,0.015000000000000124,-0.585,142,-0.4727911055088043,142,0.6670275926589966,142,0.0
6950,50,69,-0.014999999999999902,-0.585,142,-0.4728861600160599,142,0.6290086507797241,142,0.0
6951,51,69,-0.04499999999999993,-0.585,142,-0.4746788591146469,142,0.5351105332374573,142,0.0
6952,52,69,-0.07499999999999996,-0.585,142,-0.4778735339641571,142,0.37835654616355896,142,0.0
6953,53,69,-0.10499999999999998,-0.585,142,-0.48158687353134155,142,0.2871963828802109,142,0.0
6954,54,69,-0.135,-0.585,142,-0.4838767498731613,142,0.28979675471782684,142,0.0
6955,55,69,-0.16500000000000004,-0.585,142,-0.48448824882507324,142,0.36117763817310333,142,0.0
6956,56,69,-0.19499999999999984,-0.585,142,-0.49018286168575287,142,0.478419691324234,142,0.0
6957,57,69,-0.22499999999999987,-0.585,142,-0.5081997513771057,142,0.42971034348011017,142,0.0
6958,58,69,-0.2549999999999999,-0.585,142,-0.5100682973861694,142,0.1393185779452324,142,0.0
6959,59,69,-0.2849999999999999,-0.585,142,-0.509956955909729,142,0.08177502453327179,142,0.0
6960,60,69,-0.31499999999999995,-0.585,142,-0.5096446871757507,142,0.06982025131583214,142,0.0
6961,61,69,-0.345,-0.585,142,-0.5086007416248322,142,0.05797983519732952,142,0.0
6962,62,69,-0.375,-0.585,142,-0.5086657404899597,142,0.0414972510188818,142,0.0
6963,63,69,-0.405,-0.585,142,-0.50860995054245,142,0.03890436701476574,142,0.0
6964,64,69,-0.43499999999999983,-0.585,142,-0.5086657404899597,142,0.03527005389332771,142,0.0
6965,65,69,-0.46499999999999986,-0.585,142,-0.5087089240550995,142,0.03580363094806671,142,0.0
6966,66,69,-0.4949999999999999,-0.585,142,-0.5087517201900482,142,0.034775832667946815,142,0.0
6967,67,69,-0.5249999999999999,-0.585,142,-0.5091643035411835,142,0.03869130648672581,142,0.0
6968,68,69,-0.5549999999999997,-0.585,142,-0.5101506114006042,142,0.03071722202003002,142,0.0
6969,69,69,-0.585,-0.585,142,-0.5105688869953156,142,0.0485701784491539,142,0.0
6970,70,69,-0.6149999999999998,-0.585,142,-0.5129346251487732,142,0.09927749633789062,142,0.0
6971,71,69,-0.645,-0.585,142,-0.5160254836082458,142,0.05878557823598385,142,0.0
6972,72,69,-0.6749999999999998,-0.585,142,-0.5172448754310608,142,0.02845029067248106,142,0.0
6973,73,69,-0.7050000000000001,-0.585,142,-0.5181157886981964,142,0.023271558806300163,142,0.0
6974,74,69,-0.7349999999999999,-0.585,142,-0.5180389881134033,142,0.014951825141906738,142,0.0
6975,75,69,-0.7650000000000001,-0.585,142,-0.5182003974914551,142,0.014899671077728271,142,0.0
6976,76,69,-0.7949999999999999,-0.585,142,-0.5176062881946564,142,0.025443732738494873,142,0.0
6977,77,69,-0.8249999999999997,-0.585,142,-0.5163497030735016,142,0.031216568313539028,142,0.0
6978,78,69,-0.855,-0.585,142,-0.5154920220375061,142,0.022204105742275715,142,0.0
6979,79,69,-0.8849999999999998,-0.585,142,-0.5145615041255951,142,0.02131714951246977,142,0.0
6980,80,69,-0.915,-0.585,142,-0.5135587453842163,142,0.014261790551245213,142,0.0
6981,81,69,-0.9449999999999998,-0.585,142,-0.5130600333213806,142,0.008420149330049753,142,0.0
6982,82,69,-0.9750000000000001,-0.585,142,-0.5119483470916748,142,0.00859449291601777,142,0.0
6983,83,69,-1.005,-0.585,142,-0.5111162066459656,142,0.024058422073721886,142,0.0
6984,84,69,-1.0349999999999997,-0.585,142,-0.5094743072986603,142,0.023182233795523643,142,0.0
6985,85,69,-1.065,-0.585,142,-0.5087176263332367,142,0.0,142,0.0
6986,86,69,-1.0949999999999998,-0.585,142,-0.5086909532546997,142,0.0,142,0.0
6987,87,69,-1.125,-0.585,48,-0.508911669254303,142,0.0,142,0.02199999988079071
6988,88,69,-1.1549999999999998,-0.585,0,nan,142,0.0,142,0.02199999988079071
6989,89,69,-1.185,-0.585,0,nan,142,0.0,142,0.02199999988079071
6990,90,69,-1.2149999999999999,-0.585,0,nan,142,0.0,142,0.02199999988079071
6991,91,69,-1.245,-0.585,0,nan,142,0.0,142,0.02199999988079071
6992,92,69,-1.275,-0.585,0,nan,142,0.0,142,0.02199999988079071
6993,93,69,-1.3049999999999997,-0.585,0,nan,142,0.0,142,0.02199999988079071
6994,94,69,-1.335,-0.585,0,nan,142,0.0,142,0.02199999988079071
6995,95,69,-1.3649999999999998,-0.585,0,nan,142,0.0,142,0.02199999988079071
6996,96,69,-1.395,-0.585,0,nan,142,0.0,142,0.02199999988079071
6997,97,69,-1.4249999999999998,-0.585,0,nan,142,0.0,142,0.0
6998,98,69,-1.455,-0.585,0,nan,142,0.0,142,0.0
6999,99,69,-1.4849999999999999,-0.585,0,nan,142,0.0,142,0.0
7000,0,70,1.485,-0.6149999999999998,0,nan,142,0.0,142,0.0
7001,1,70,1.455,-0.6149999999999998,0,nan,142,0.0,142,0.0
7002,2,70,1.425,-0.6149999999999998,0,nan,142,0.0,142,0.0
7003,3,70,1.395,-0.6149999999999998,0,nan,142,0.0,142,0.02199999988079071
7004,4,70,1.365,-0.6149999999999998,0,nan,142,0.0,142,0.02199999988079071
7005,5,70,1.335,-0.6149999999999998,0,nan,142,0.0,142,0.02199999988079071
7006,6,70,1.305,-0.6149999999999998,0,nan,142,0.0,142,0.02199999988079071
7007,7,70,1.275,-0.6149999999999998,0,nan,142,0.0,142,0.02199999988079071
7008,8,70,1.245,-0.6149999999999998,0,nan,142,0.0,142,0.02199999988079071
7009,9,70,1.215,-0.6149999999999998,0,nan,142,0.0,142,0.02199999988079071
7010,10,70,1.185,-0.6149999999999998,139,-0.796132504940033,142,0.0,142,0.0
7011,11,70,1.155,-0.6149999999999998,141,-0.7960357666015625,142,0.0,142,0.0
7012,12,70,1.125,-0.6149999999999998,141,-0.7960357666015625,142,0.0,142,0.0
7013,13,70,1.095,-0.6149999999999998,141,-0.7960357666015625,142,0.19165167212486267,142,0.0
7014,14,70,1.065,-0.6149999999999998,141,-0.7853165864944458,142,0.36355872452259064,142,0.0
7015,15,70,1.0350000000000001,-0.6149999999999998,141,-0.7747058272361755,142,0.3792775124311447,142,0.0
7016,16,70,1.005,-0.6149999999999998,142,-0.7632347047328949,142,0.38862936198711395,142,0.0
7017,17,70,0.975,-0.6149999999999998,141,-0.7519259452819824,142,0.4317515045404434,142,0.0
7018,18,70,0.9450000000000001,-0.6149999999999998,140,-0.7405496835708618,142,0.5280362963676453,142,0.0
7019,19,70,0.915,-0.6149999999999998,139,-0.7279562950134277,142,0.5158853530883789,142,0.0
7020,20,70,0.885,-0.6149999999999998,139,-0.714349627494812,142,0.5151222944259644,142,0.0
7021,21,70,0.855,-0.6149999999999998,142,-0.6938357949256897,142,0.9140254855155945,142,0.10000000149011612
7022,22,70,0.8250000000000001,-0.6149999999999998,142,-0.6563001275062561,142,0.7869476079940796,142,0.0
7023,23,70,0.795,-0.6149999999999998,142,-0.6258047521114349,142,0.4838417023420334,142,0.0
7024,24,70,0.765,-0.6149999999999998,142,-0.5251831412315369,142,0.12893974781036377,142,0.0
7025,25,70,0.735,-0.6149999999999998,142,-0.520801454782486,142,0.01236771373078227,142,0.0
7026,26,70,0.7050000000000001,-0.6149999999999998,142,-0.5201892554759979,142,0.0,142,0.0
7027,27,70,0.675,-0.6149999999999998,142,-0.5197120606899261,142,0.009272882249206305,142,0.0
7028,28,70,0.645,-0.6149999999999998,142,-0.5189676880836487,142,0.031471749767661095,142,0.0
7029,29,70,0.615,-0.6149999999999998,142,-0.5187532603740692,142,0.047316787764430046,142,0.0
7030,30,70,0.5850000000000001,-0.6149999999999998,142,-0.5187532603740692,142,0.06799906492233276,142,0.0
7031,31,70,0.555,-0.6149999999999998,142,-0.5181387364864349,142,0.09320887923240662,142,0.0
7032,32,70,0.525,-0.6149999999999998,142,-0.5176603198051453,142,0.10345523804426193,142,0.0
7033,33,70,0.4950000000000001,-0.6149999999999998,142,-0.5163189172744751,142,0.0965966247022152,142,0.0
7034,34,70,0.4650000000000001,-0.6149999999999998,142,-0.514734536409378,142,0.08788210153579712,142,0.0
7035,35,70,0.43500000000000005,-0.6149999999999998,142,-0.5136289298534393,142,0.07628071680665016,142,0.0
7036,36,70,0.405,-0.6149999999999998,142,-0.5123160779476166,142,0.07003644853830338,142,0.0
7037,37,70,0.375,-0.6149999999999998,142,-0.511472076177597,142,0.050597868859767914,142,0.0
7038,38,70,0.345,-0.6149999999999998,142,-0.511022537946701,142,0.04648401960730553,142,0.0
7039,39,70,0.31499999999999995,-0.6149999999999998,142,-0.5105248689651489,142,0.05408961698412895,142,0.0
7040,40,70,0.28500000000000014,-0.6149999999999998,142,-0.5097791254520416,142,0.05875595286488533,142,0.0
7041,41,70,0.2550000000000001,-0.6149999999999998,142,-0.5092096030712128,142,0.07614294812083244,142,0.0
7042,42,70,0.2250000000000001,-0.6149999999999998,142,-0.5077782869338989,142,0.1647326424717903,142,0.0
7043,43,70,0.19500000000000006,-0.6149999999999998,142,-0.5055661797523499,142,0.35946838557720184,142,0.0
7044,44,70,0.16500000000000004,-0.6149999999999998,142,-0.5027154684066772,142,0.5120849311351776,142,0.0
7045,45,70,0.135,-0.6149999999999998,142,-0.49693913757801056,142,0.5304815471172333,142,0.0
7046,46,70,0.10499999999999998,-0.6149999999999998,142,-0.4919133186340332,142,0.5074900686740875,142,0.0
7047,47,70,0.07499999999999996,-0.6149999999999998,142,-0.4914391040802002,142,0.5075651705265045,142,0.0
7048,48,70,0.04500000000000015,-0.6149999999999998,142,-0.48962365090847015,142,0.5088256895542145,142,0.0
7049,49,70,0.015000000000000124,-0.6149999999999998,142,-0.4865696132183075,142,0.5004166215658188,142,0.0
7050,50,70,-0.014999999999999902,-0.6149999999999998,142,-0.4860638380050659,142,0.48870959877967834,142,0.0
7051,51,70,-0.04499999999999993,-0.6149999999999998,142,-0.4868309050798416,142,0.44331416487693787,142,0.0
7052,52,70,-0.07499999999999996,-0.6149999999999998,142,-0.48856282234191895,142,0.3942854255437851,142,0.0
7053,53,70,-0.10499999999999998,-0.6149999999999998,142,-0.49117034673690796,142,0.3671858161687851,142,0.0
7054,54,70,-0.135,-0.6149999999999998,142,-0.494482159614563,142,0.3481276333332062,142,0.0
7055,55,70,-0.16500000000000004,-0.6149999999999998,142,-0.49753110110759735,142,0.3724229633808136,142,0.0
7056,56,70,-0.19499999999999984,-0.6149999999999998,142,-0.5052740573883057,142,0.3951047211885452,142,0.0
7057,57,70,-0.22499999999999987,-0.6149999999999998,142,-0.5108979046344757,142,0.21620022505521774,142,0.0
7058,58,70,-0.2549999999999999,-0.6149999999999998,142,-0.512011855840683,142,0.0754721574485302,142,0.0
7059,59,70,-0.2849999999999999,-0.6149999999999998,142,-0.5116174817085266,142,0.05475642718374729,142,0.0
7060,60,70,-0.31499999999999995,-0.6149999999999998,142,-0.511000782251358,142,0.04728536680340767,142,0.0
7061,61,70,-0.345,-0.6149999999999998,142,-0.5102075338363647,142,0.0460811723023653,142,0.0
7062,62,70,-0.375,-0.6149999999999998,142,-0.5099234879016876,142,0.032863814383745193,142,0.0
7063,63,70,-0.405,-0.6149999999999998,142,-0.509870320558548,142,0.029075036756694317,142,0.0
7064,64,70,-0.43499999999999983,-0.6149999999999998,142,-0.5098939538002014,142,0.026123722083866596,142,0.0
7065,65,70,-0.46499999999999986,-0.6149999999999998,142,-0.5098939538002014,142,0.026123722083866596,142,0.0
7066,66,70,-0.4949999999999999,-0.6149999999999998,142,-0.5099352896213531,142,0.026339493691921234,142,0.0
7067,67,70,-0.5249999999999999,-0.6149999999999998,142,-0.5099949836730957,142,0.026598580181598663,142,0.0
7068,68,70,-0.5549999999999997,-0.6149999999999998,142,-0.5105822384357452,142,0.02391859609633684,142,0.0
7069,69,70,-0.585,-0.6149999999999998,142,-0.5110327303409576,142,0.039657941088080406,142,0.0
7070,70,70,-0.6149999999999998,-0.6149999999999998,142,-0.512939989566803,142,0.09174516424536705,142,0.0
7071,71,70,-0.645,-0.6149999999999998,142,-0.5160254836082458,142,0.05934039689600468,142,0.0
7072,72,70,-0.6749999999999998,-0.6149999999999998,142,-0.5172448754310608,142,0.02845029067248106,142,0.0
7073,73,70,-0.7050000000000001,-0.6149999999999998,142,-0.5181157886981964,142,0.022078056819736958,142,0.0
7074,74,70,-0.7349999999999999,-0.6149999999999998,142,-0.5180389881134033,142,0.010179480072110891,142,0.0
7075,75,70,-0.7650000000000001,-0.6149999999999998,142,-0.5182003974914551,142,0.009747345931828022,142,0.0
7076,76,70,-0.7949999999999999,-0.6149999999999998,142,-0.5176062881946564,142,0.021872378885746002,142,0.0
7077,77,70,-0.8249999999999997,-0.6149999999999998,142,-0.5163497030735016,142,0.02775092888623476,142,0.0
7078,78,70,-0.855,-0.6149999999999998,142,-0.5155463218688965,142,0.02564291190356016,142,0.0
7079,79,70,-0.8849999999999998,-0.6149999999999998,142,-0.5145615041255951,142,0.028314689174294472,142,0.0
7080,80,70,-0.915,-0.6149999999999998,142,-0.5136357247829437,142,0.016572078689932823,142,0.0
7081,81,70,-0.9449999999999998,-0.6149999999999998,142,-0.5130600333213806,142,0.01201927661895752,142,0.0
7082,82,70,-0.9750000000000001,-0.6149999999999998,142,-0.5120385587215424,142,0.00859449291601777,142,0.0
7083,83,70,-1.005,-0.6149999999999998,142,-0.5111547708511353,142,0.024209420196712017,142,0.0
7084,84,70,-1.0349999999999997,-0.6149999999999998,142,-0.509553462266922,142,0.024000306613743305,142,0.0
7085,85,70,-1.065,-0.6149999999999998,142,-0.5086079835891724,142,0.004374104319140315,142,0.0
7086,86,70,-1.0949999999999998,-0.6149999999999998,142,-0.5085300505161285,142,0.0,142,0.0
7087,87,70,-1.125,-0.6149999999999998,104,-0.5081720352172852,142,0.0,142,0.0
7088,88,70,-1.1549999999999998,-0.6149999999999998,0,nan,142,0.0,142,0.02199999988079071
7089,89,70,-1.185,-0.6149999999999998,0,nan,142,0.0,142,0.02199999988079071
7090,90,70,-1.2149999999999999,-0.6149999999999998,0,nan,142,0.0,142,0.02199999988079071
7091,91,70,-1.245,-0.6149999999999998,0,nan,142,0.0,142,0.02199999988079071
7092,92,70,-1.275,-0.6149999999999998,0,nan,142,0.0,142,0.02199999988079071
7093,93,70,-1.3049999999999997,-0.6149999999999998,0,nan,142,0.0,142,0.02199999988079071
7094,94,70,-1.335,-0.6149999999999998,0,nan,142,0.0,142,0.02199999988079071
7095,95,70,-1.3649999999999998,-0.6149999999999998,0,nan,142,0.0,142,0.02199999988079071
7096,96,70,-1.395,-0.6149999999999998,0,nan,142,0.0,142,0.02199999988079071
7097,97,70,-1.4249999999999998,-0.6149999999999998,0,nan,142,0.0,142,0.0
7098,98,70,-1.455,-0.6149999999999998,0,nan,142,0.0,142,0.0
7099,99,70,-1.4849999999999999,-0.6149999999999998,0,nan,142,0.0,142,0.0
7100,0,71,1.485,-0.645,0,nan,142,0.0,142,0.0
7101,1,71,1.455,-0.645,0,nan,142,0.0,142,0.0
7102,2,71,1.425,-0.645,0,nan,142,0.0,142,0.0
7103,3,71,1.395,-0.645,0,nan,142,0.0,142,0.02199999988079071
7104,4,71,1.365,-0.645,0,nan,142,0.0,142,0.02199999988079071
7105,5,71,1.335,-0.645,0,nan,142,0.0,142,0.02199999988079071
7106,6,71,1.305,-0.645,0,nan,142,0.0,142,0.02199999988079071
7107,7,71,1.275,-0.645,0,nan,142,0.0,142,0.02199999988079071
7108,8,71,1.245,-0.645,0,nan,142,0.0,142,0.02199999988079071
7109,9,71,1.215,-0.645,0,nan,142,0.0,142,0.02199999988079071
7110,10,71,1.185,-0.645,136,-0.7959118187427521,142,0.0,142,0.0
7111,11,71,1.155,-0.645,139,-0.7959076762199402,142,0.0,142,0.0
7112,12,71,1.125,-0.645,139,-0.7959076762199402,142,0.0,142,0.0
7113,13,71,1.095,-0.645,140,-0.7958801984786987,142,0.20051471889019012,142,0.0
7114,14,71,1.065,-0.645,140,-0.7839217782020569,142,0.374456986784935,142,0.0
7115,15,71,1.0350000000000001,-0.645,136,-0.7741875052452087,142,0.44360749423503876,142,0.0
7116,16,71,1.005,-0.645,131,-0.762008011341095,142,0.49495643377304077,142,0.0
7117,17,71,0.975,-0.645,131,-0.7500065565109253,142,0.6078477203845978,142,0.0
7118,18,71,0.9450000000000001,-0.645,135,-0.7337999939918518,142,0.6295533180236816,142,0.0
7119,19,71,0.915,-0.645,142,-0.7130418419837952,142,0.49275265634059906,142,0.0
7120,20,71,0.885,-0.645,142,-0.7081490457057953,142,0.4999588131904602,142,0.0
7121,21,71,0.855,-0.645,142,-0.6938357949256897,142,0.9032021164894104,142,0.10000000149011612
7122,22,71,0.8250000000000001,-0.645,142,-0.6563001275062561,142,0.9204705655574799,142,0.10000000149011612
7123,23,71,0.795,-0.645,142,-0.6250912249088287,142,0.5524466633796692,142,0.0
7124,24,71,0.765,-0.645,142,-0.5242913067340851,142,0.23666422069072723,142,0.0
7125,25,71,0.735,-0.645,142,-0.520801454782486,142,0.022926430217921734,142,0.0
7126,26,71,0.7050000000000001,-0.645,142,-0.5202661752700806,142,0.0,142,0.0
7127,27,71,0.675,-0.645,142,-0.5200444757938385,142,0.0037767969770357013,142,0.0
7128,28,71,0.645,-0.645,142,-0.5200444757938385,142,0.019922852516174316,142,0.0
7129,29,71,0.615,-0.645,142,-0.5200444757938385,142,0.021950403228402138,142,0.0
7130,30,71,0.5850000000000001,-0.645,142,-0.5200822055339813,142,0.040079887956380844,142,0.0
7131,31,71,0.555,-0.645,142,-0.5201892554759979,142,0.08283104747533798,142,0.0
7132,32,71,0.525,-0.645,142,-0.5198985934257507,142,0.11568814516067505,142,0.0
7133,33,71,0.4950000000000001,-0.645,142,-0.5183253586292267,142,0.11710495874285698,142,0.0
7134,34,71,0.4650000000000001,-0.645,142,-0.5174611210823059,142,0.11569223180413246,142,0.0
7135,35,71,0.43500000000000005,-0.645,142,-0.5146755576133728,142,0.1034933440387249,142,0.0
7136,36,71,0.405,-0.645,142,-0.5138260126113892,142,0.0884065218269825,142,0.0
7137,37,71,0.375,-0.645,142,-0.5131693780422211,142,0.06278453767299652,142,0.0
7138,38,71,0.345,-0.645,142,-0.5126702189445496,142,0.0462457537651062,142,0.0
7139,39,71,0.31499999999999995,-0.645,142,-0.5120035409927368,142,0.0531152356415987,142,0.0
7140,40,71,0.28500000000000014,-0.645,142,-0.5110623836517334,142,0.048723217099905014,142,0.0
7141,41,71,0.2550000000000001,-0.645,142,-0.5106620788574219,142,0.06290766969323158,142,0.0
7142,42,71,0.2250000000000001,-0.645,142,-0.5093744099140167,142,0.08320778608322144,142,0.0
7143,43,71,0.19500000000000006,-0.645,142,-0.5085701048374176,142,0.11477511003613472,142,0.0
7144,44,71,0.16500000000000004,-0.645,142,-0.507038801908493,142,0.16982939094305038,142,0.0
7145,45,71,0.135,-0.645,142,-0.5064162313938141,142,0.2283935695886612,142,0.0
7146,46,71,0.10499999999999998,-0.645,142,-0.5055263340473175,142,0.2352207601070404,142,0.0
7147,47,71,0.07499999999999996,-0.645,142,-0.5043129920959473,142,0.2544831335544586,142,0.0
7148,48,71,0.04500000000000015,-0.645,142,-0.503506988286972,142,0.2985877990722656,142,0.0
7149,49,71,0.015000000000000124,-0.645,142,-0.5027022063732147,142,0.31611356139183044,142,0.0
7150,50,71,-0.014999999999999902,-0.645,142,-0.5025264918804169,142,0.3276752829551697,142,0.0
7151,51,71,-0.04499999999999993,-0.645,142,-0.502831220626831,142,0.3276752829551697,142,0.0
7152,52,71,-0.07499999999999996,-0.645,142,-0.5030559003353119,142,0.3134330064058304,142,0.0
7153,53,71,-0.10499999999999998,-0.645,142,-0.5039057731628418,142,0.29039861261844635,142,0.0
7154,54,71,-0.135,-0.645,142,-0.5053368508815765,142,0.28270961344242096,142,0.0
7155,55,71,-0.16500000000000004,-0.645,142,-0.5088787078857422,142,0.27271734178066254,142,0.0
7156,56,71,-0.19499999999999984,-0.645,142,-0.511927455663681,142,0.19889014214277267,142,0.0
7157,57,71,-0.22499999999999987,-0.645,142,-0.5126214921474457,142,0.09294204041361809,142,0.0
7158,58,71,-0.2549999999999999,-0.645,142,-0.5129171907901764,142,0.04900323785841465,142,0.0
7159,59,71,-0.2849999999999999,-0.645,142,-0.5123400390148163,142,0.03580112010240555,142,0.0
7160,60,71,-0.31499999999999995,-0.645,142,-0.5116170644760132,142,0.032574115321040154,142,0.0
7161,61,71,-0.345,-0.645,142,-0.5109459757804871,142,0.03059002384543419,142,0.0
7162,62,71,-0.375,-0.645,142,-0.5106610655784607,142,0.023142993450164795,142,0.0
7163,63,71,-0.405,-0.645,142,-0.5105867981910706,142,0.021155178546905518,142,0.0
7164,64,71,-0.43499999999999983,-0.645,142,-0.510583907365799,142,0.018233060836791992,142,0.0
7165,65,71,-0.46499999999999986,-0.645,142,-0.510583907365799,142,0.018103917129337788,142,0.0
7166,66,71,-0.4949999999999999,-0.645,142,-0.510583907365799,142,0.01817941665649414,142,0.0
7167,67,71,-0.5249999999999999,-0.645,142,-0.510645866394043,142,0.01856305543333292,142,0.0
7168,68,71,-0.5549999999999997,-0.645,142,-0.5108569860458374,142,0.017919041216373444,142,0.0
7169,69,71,-0.585,-0.645,142,-0.5111263990402222,142,0.03874191455543041,142,0.0
7170,70,71,-0.6149999999999998,-0.645,142,-0.5129692852497101,142,0.08516649901866913,142,0.0
7171,71,71,-0.645,-0.645,142,-0.5160254836082458,142,0.05883028917014599,142,0.0
7172,72,71,-0.6749999999999998,-0.645,142,-0.5172448754310608,142,0.02845029067248106,142,0.0
7173,73,71,-0.7050000000000001,-0.645,142,-0.5181157886981964,142,0.022078056819736958,142,0.0
7174,74,71,-0.7349999999999999,-0.645,142,-0.5180389881134033,142,0.010642906185239553,142,0.0
7175,75,71,-0.7650000000000001,-0.645,142,-0.5182334184646606,142,0.009747345931828022,142,0.0
7176,76,71,-0.7949999999999999,-0.645,142,-0.5176672339439392,142,0.020357707515358925,142,0.0
7177,77,71,-0.8249999999999997,-0.645,142,-0.5165629386901855,142,0.025443732738494873,142,0.0
7178,78,71,-0.855,-0.645,142,-0.5158572196960449,142,0.029852986335754395,142,0.0
7179,79,71,-0.8849999999999998,-0.645,142,-0.5146696865558624,142,0.03426826000213623,142,0.0
7180,80,71,-0.915,-0.645,142,-0.5136357247829437,142,0.020998219959437847,142,0.0
7181,81,71,-0.9449999999999998,-0.645,142,-0.5130600333213806,142,0.012249402236193419,142,0.0
7182,82,71,-0.9750000000000001,-0.645,142,-0.5121640264987946,142,0.011741618160158396,142,0.0
7183,83,71,-1.005,-0.645,142,-0.5111944079399109,142,0.028218567371368408,142,0.0
7184,84,71,-1.0349999999999997,-0.645,142,-0.509553462266922,142,0.02591773495078087,142,0.0
7185,85,71,-1.065,-0.645,142,-0.5085850358009338,142,0.004749496700242162,142,0.0
7186,86,71,-1.0949999999999998,-0.645,142,-0.5083825886249542,142,0.0,142,0.0
7187,87,71,-1.125,-0.645,139,-0.5083462595939636,142,0.0,142,0.0
7188,88,71,-1.1549999999999998,-0.645,24,-0.509004682302475,142,0.0,142,0.02199999988079071
7189,89,71,-1.185,-0.645,0,nan,142,0.0,142,0.02199999988079071
7190,90,71,-1.2149999999999999,-0.645,0,nan,142,0.0,142,0.02199999988079071
7191,91,71,-1.245,-0.645,0,nan,142,0.0,142,0.02199999988079071
7192,92,71,-1.275,-0.645,0,nan,142,0.0,142,0.02199999988079071
7193,93,71,-1.3049999999999997,-0.645,0,nan,142,0.0,142,0.02199999988079071
7194,94,71,-1.335,-0.645,0,nan,142,0.0,142,0.02199999988079071
7195,95,71,-1.3649999999999998,-0.645,0,nan,142,0.0,142,0.02199999988079071
7196,96,71,-1.395,-0.645,0,nan,142,0.0,142,0.02199999988079071
7197,97,71,-1.4249999999999998,-0.645,0,nan,142,0.0,142,0.0
7198,98,71,-1.455,-0.645,0,nan,142,0.0,142,0.0
7199,99,71,-1.4849999999999999,-0.645,0,nan,142,0.0,142,0.0
7200,0,72,1.485,-0.6749999999999998,0,nan,142,0.0,142,0.0
7201,1,72,1.455,-0.6749999999999998,0,nan,142,0.0,142,0.0
7202,2,72,1.425,-0.6749999999999998,0,nan,142,0.0,142,0.0
7203,3,72,1.395,-0.6749999999999998,0,nan,142,0.0,142,0.02199999988079071
7204,4,72,1.365,-0.6749999999999998,0,nan,142,0.0,142,0.02199999988079071
7205,5,72,1.335,-0.6749999999999998,0,nan,142,0.0,142,0.02199999988079071
7206,6,72,1.305,-0.6749999999999998,0,nan,142,0.0,142,0.02199999988079071
7207,7,72,1.275,-0.6749999999999998,0,nan,142,0.0,142,0.02199999988079071
7208,8,72,1.245,-0.6749999999999998,0,nan,142,0.0,142,0.02199999988079071
7209,9,72,1.215,-0.6749999999999998,0,nan,142,0.0,142,0.02199999988079071
7210,10,72,1.185,-0.6749999999999998,133,-0.7950741052627563,142,0.008752838708460331,142,0.0
7211,11,72,1.155,-0.6749999999999998,138,-0.7951348125934601,142,0.021350383758544922,142,0.0
7212,12,72,1.125,-0.6749999999999998,138,-0.7951348125934601,142,0.021350383758544922,142,0.0
7213,13,72,1.095,-0.6749999999999998,139,-0.7950741052627563,142,0.3086702525615692,142,0.0
7214,14,72,1.065,-0.6749999999999998,131,-0.782840371131897,142,0.5253617763519287,142,0.0
7215,15,72,1.0350000000000001,-0.6749999999999998,123,-0.7729207277297974,142,0.6066862344741821,142,0.0
7216,16,72,1.005,-0.6749999999999998,133,-0.7545430064201355,142,0.6874542236328125,142,0.0
7217,17,72,0.975,-0.6749999999999998,138,-0.7367410957813263,142,0.6883713603019714,142,0.0
7218,18,72,0.9450000000000001,-0.6749999999999998,142,-0.7139304578304291,142,0.6722387075424194,142,0.0
7219,19,72,0.915,-0.6749999999999998,142,-0.7115873694419861,142,0.3604545593261719,142,0.0
7220,20,72,0.885,-0.6749999999999998,142,-0.7043644189834595,142,0.5003755390644073,142,0.0
7221,21,72,0.855,-0.6749999999999998,142,-0.6901935636997223,142,0.9714118540287018,142,0.10000000149011612
7222,22,72,0.8250000000000001,-0.6749999999999998,142,-0.6486547589302063,142,1.0639365315437317,142,0.10000000149011612
7223,23,72,0.795,-0.6749999999999998,142,-0.5897727608680725,142,0.6399301588535309,142,0.0
7224,24,72,0.765,-0.6749999999999998,142,-0.5226482450962067,142,0.3704168498516083,142,0.0
7225,25,72,0.735,-0.6749999999999998,142,-0.5213879346847534,142,0.0844363383948803,142,0.0
7226,26,72,0.7050000000000001,-0.6749999999999998,142,-0.5210894048213959,142,0.04757035709917545,142,0.0
7227,27,72,0.675,-0.6749999999999998,142,-0.5208803713321686,142,0.08395761251449585,142,0.0
7228,28,72,0.645,-0.6749999999999998,142,-0.5212865471839905,142,0.09017586708068848,142,0.0
7229,29,72,0.615,-0.6749999999999998,142,-0.5217047929763794,142,0.06143748760223389,142,0.0
7230,30,72,0.5850000000000001,-0.6749999999999998,142,-0.5217578411102295,142,0.08815653249621391,142,0.0
7231,31,72,0.555,-0.6749999999999998,142,-0.5218800604343414,142,0.19353704899549484,142,0.0
7232,32,72,0.525,-0.6749999999999998,142,-0.5214510858058929,142,0.26347683370113373,142,0.0
7233,33,72,0.4950000000000001,-0.6749999999999998,142,-0.5208766758441925,142,0.21246419847011566,142,0.0
7234,34,72,0.4650000000000001,-0.6749999999999998,142,-0.5197222828865051,142,0.2119816616177559,142,0.0
7235,35,72,0.43500000000000005,-0.6749999999999998,142,-0.5182397663593292,142,0.12337382882833481,142,0.0
7236,36,72,0.405,-0.6749999999999998,142,-0.5171894431114197,142,0.09928856790065765,142,0.0
7237,37,72,0.375,-0.6749999999999998,142,-0.5147936344146729,142,0.08609602972865105,142,0.0
7238,38,72,0.345,-0.6749999999999998,142,-0.5141056478023529,142,0.06294765882194042,142,0.0
7239,39,72,0.31499999999999995,-0.6749999999999998,142,-0.5132113099098206,142,0.05949975550174713,142,0.0
7240,40,72,0.28500000000000014,-0.6749999999999998,142,-0.5126646161079407,142,0.058025533333420753,142,0.0
7241,41,72,0.2550000000000001,-0.6749999999999998,142,-0.5118638575077057,142,0.06316978484392166,142,0.0
7242,42,72,0.2250000000000001,-0.6749999999999998,142,-0.5105981230735779,142,0.06319814547896385,142,0.0
7243,43,72,0.19500000000000006,-0.6749999999999998,142,-0.5101816058158875,142,0.07512252777814865,142,0.0
7244,44,72,0.16500000000000004,-0.6749999999999998,142,-0.5094516575336456,142,0.08287330344319344,142,0.0
7245,45,72,0.135,-0.6749999999999998,142,-0.508769690990448,142,0.08761241659522057,142,0.0
7246,46,72,0.10499999999999998,-0.6749999999999998,142,-0.507839173078537,142,0.08931102603673935,142,0.0
7247,47,72,0.07499999999999996,-0.6749999999999998,142,-0.5077016055583954,142,0.11425350233912468,142,0.0
7248,48,72,0.04500000000000015,-0.6749999999999998,142,-0.5071932077407837,142,0.13140390068292618,142,0.0
7249,49,72,0.015000000000000124,-0.6749999999999998,142,-0.5070284605026245,142,0.13193149864673615,142,0.0
7250,50,72,-0.014999999999999902,-0.6749999999999998,142,-0.5070284605026245,142,0.13652294874191284,142,0.0
7251,51,72,-0.04499999999999993,-0.6749999999999998,142,-0.5070833563804626,142,0.14322928339242935,142,0.0
7252,52,72,-0.07499999999999996,-0.6749999999999998,142,-0.5077163875102997,142,0.1518799364566803,142,0.0
7253,53,72,-0.10499999999999998,-0.6749999999999998,142,-0.5100681781768799,142,0.16451869159936905,142,0.0
7254,54,72,-0.135,-0.6749999999999998,142,-0.5119918286800385,142,0.14347665756940842,142,0.0
7255,55,72,-0.16500000000000004,-0.6749999999999998,142,-0.5127339065074921,142,0.11538545042276382,142,0.0
7256,56,72,-0.19499999999999984,-0.6749999999999998,142,-0.513384222984314,142,0.07094239816069603,142,0.0
7257,57,72,-0.22499999999999987,-0.6749999999999998,142,-0.5134831070899963,142,0.0323218647390604,142,0.0
7258,58,72,-0.2549999999999999,-0.6749999999999998,142,-0.513401448726654,142,0.027585669420659542,142,0.0
7259,59,72,-0.2849999999999999,-0.6749999999999998,142,-0.5128781497478485,142,0.02609692793339491,142,0.0
7260,60,72,-0.31499999999999995,-0.6749999999999998,142,-0.5124621689319611,142,0.03050979133695364,142,0.0
7261,61,72,-0.345,-0.6749999999999998,142,-0.5116609334945679,142,0.03229684382677078,142,0.0
7262,62,72,-0.375,-0.6749999999999998,142,-0.5113998353481293,142,0.028324623592197895,142,0.0
7263,63,72,-0.405,-0.6749999999999998,142,-0.5112799108028412,142,0.027427077293395996,142,0.0
7264,64,72,-0.43499999999999983,-0.6749999999999998,142,-0.5112554728984833,142,0.025198359973728657,142,0.0
7265,65,72,-0.46499999999999986,-0.6749999999999998,142,-0.5112554728984833,142,0.02402613591402769,142,0.0
7266,66,72,-0.4949999999999999,-0.6749999999999998,142,-0.5112687349319458,142,0.024946830235421658,142,0.0
7267,67,72,-0.5249999999999999,-0.6749999999999998,142,-0.5113188028335571,142,0.024293203838169575,142,0.0
7268,68,72,-0.5549999999999997,-0.6749999999999998,142,-0.5113676488399506,142,0.024620817974209785,142,0.0
7269,69,72,-0.585,-0.6749999999999998,142,-0.5116636157035828,142,0.03990143910050392,142,0.0
7270,70,72,-0.6149999999999998,-0.6749999999999998,142,-0.5130429267883301,142,0.07948299497365952,142,0.0
7271,71,72,-0.645,-0.6749999999999998,142,-0.5160254836082458,142,0.05930314585566521,142,0.0
7272,72,72,-0.6749999999999998,-0.6749999999999998,142,-0.5172448754310608,142,0.03478527069091797,142,0.0
7273,73,72,-0.7050000000000001,-0.6749999999999998,142,-0.5181157886981964,142,0.021758178249001503,142,0.0
7274,74,72,-0.7349999999999999,-0.6749999999999998,142,-0.5180813074111938,142,0.010642906185239553,142,0.0
7275,75,72,-0.7650000000000001,-0.6749999999999998,142,-0.5182334184646606,142,0.010182956699281931,142,0.0
7276,76,72,-0.7949999999999999,-0.6749999999999998,142,-0.5176921486854553,142,0.02079768292605877,142,0.0
7277,77,72,-0.8249999999999997,-0.6749999999999998,142,-0.5166946947574615,142,0.022441552951931953,142,0.0
7278,78,72,-0.855,-0.6749999999999998,142,-0.5160010159015656,142,0.02989036589860916,142,0.0
7279,79,72,-0.8849999999999998,-0.6749999999999998,142,-0.5149215459823608,142,0.040454013273119926,142,0.0
7280,80,72,-0.915,-0.6749999999999998,142,-0.513716459274292,142,0.03070582915097475,142,0.0
7281,81,72,-0.9449999999999998,-0.6749999999999998,142,-0.5132533013820648,142,0.017421049065887928,142,0.0
7282,82,72,-0.9750000000000001,-0.6749999999999998,142,-0.5121208429336548,142,0.016212960239499807,142,0.0
7283,83,72,-1.005,-0.6749999999999998,142,-0.5112515985965729,142,0.031361643224954605,142,0.0
7284,84,72,-1.0349999999999997,-0.6749999999999998,142,-0.5094545483589172,142,0.02807040512561798,142,0.0
7285,85,72,-1.065,-0.6749999999999998,142,-0.5086079835891724,142,0.006332993507385254,142,0.0
7286,86,72,-1.0949999999999998,-0.6749999999999998,142,-0.5084677040576935,142,0.0,142,0.0
7287,87,72,-1.125,-0.6749999999999998,141,-0.508411169052124,142,0.0,142,0.0
7288,88,72,-1.1549999999999998,-0.6749999999999998,110,-0.5082859992980957,142,0.0,142,0.0
7289,89,72,-1.185,-0.6749999999999998,3,-0.5052543878555298,142,0.0,142,0.02199999988079071
7290,90,72,-1.2149999999999999,-0.6749999999999998,0,nan,142,0.0,142,0.02199999988079071
7291,91,72,-1.245,-0.6749999999999998,0,nan,142,0.0,142,0.02199999988079071
7292,92,72,-1.275,-0.6749999999999998,0,nan,142,0.0,142,0.02199999988079071
7293,93,72,-1.3049999999999997,-0.6749999999999998,0,nan,142,0.0,142,0.02199999988079071
7294,94,72,-1.335,-0.6749999999999998,0,nan,142,0.0,142,0.02199999988079071
7295,95,72,-1.3649999999999998,-0.6749999999999998,0,nan,142,0.0,142,0.02199999988079071
7296,96,72,-1.395,-0.6749999999999998,0,nan,142,0.0,142,0.02199999988079071
7297,97,72,-1.4249999999999998,-0.6749999999999998,0,nan,142,0.0,142,0.0
7298,98,72,-1.455,-0.6749999999999998,0,nan,142,0.0,142,0.0
7299,99,72,-1.4849999999999999,-0.6749999999999998,0,nan,142,0.0,142,0.0
7300,0,73,1.485,-0.7050000000000001,0,nan,142,0.0,142,0.0
7301,1,73,1.455,-0.7050000000000001,0,nan,142,0.0,142,0.0
7302,2,73,1.425,-0.7050000000000001,0,nan,142,0.0,142,0.0
7303,3,73,1.395,-0.7050000000000001,0,nan,142,0.0,142,0.02199999988079071
7304,4,73,1.365,-0.7050000000000001,0,nan,142,0.0,142,0.02199999988079071
7305,5,73,1.335,-0.7050000000000001,0,nan,142,0.0,142,0.02199999988079071
7306,6,73,1.305,-0.7050000000000001,0,nan,142,0.0,142,0.02199999988079071
7307,7,73,1.275,-0.7050000000000001,0,nan,142,0.0,142,0.02199999988079071
7308,8,73,1.245,-0.7050000000000001,0,nan,142,0.0,142,0.02199999988079071
7309,9,73,1.215,-0.7050000000000001,0,nan,142,0.0,142,0.02199999988079071
7310,10,73,1.185,-0.7050000000000001,132,-0.7930677831172943,142,0.0,142,0.0
7311,11,73,1.155,-0.7050000000000001,136,-0.7928796410560608,142,0.0,142,0.0
7312,12,73,1.125,-0.7050000000000001,134,-0.7928796410560608,142,0.0,142,0.0
7313,13,73,1.095,-0.7050000000000001,125,-0.7929372191429138,142,0.25617580115795135,142,0.0
7314,14,73,1.065,-0.7050000000000001,134,-0.7775283455848694,142,0.6765415966510773,142,0.0
7315,15,73,1.0350000000000001,-0.7050000000000001,135,-0.7481117248535156,142,0.7566042244434357,142,0.010999999940395355
7316,16,73,1.005,-0.7050000000000001,142,-0.7218387722969055,142,0.5055434107780457,142,0.0
7317,17,73,0.975,-0.7050000000000001,142,-0.7205037772655487,142,0.3390897065401077,142,0.0
7318,18,73,0.9450000000000001,-0.7050000000000001,142,-0.7102518677711487,142,0.24188082665205002,142,0.0
7319,19,73,0.915,-0.7050000000000001,142,-0.7033475637435913,142,0.050356073305010796,142,0.0
7320,20,73,0.885,-0.7050000000000001,142,-0.6987594366073608,142,0.36593155562877655,142,0.0
7321,21,73,0.855,-0.7050000000000001,142,-0.6724655032157898,142,0.5732994973659515,142,0.0
7322,22,73,0.8250000000000001,-0.7050000000000001,142,-0.6261953711509705,142,0.6704196333885193,142,0.0
7323,23,73,0.795,-0.7050000000000001,142,-0.5239345729351044,142,0.49653202295303345,142,0.0
7324,24,73,0.765,-0.7050000000000001,142,-0.5226950943470001,142,0.11104114353656769,142,0.0
7325,25,73,0.735,-0.7050000000000001,142,-0.5229565501213074,142,0.023219918832182884,142,0.0
7326,26,73,0.7050000000000001,-0.7050000000000001,142,-0.5241246521472931,142,0.008556555025279522,142,0.0
7327,27,73,0.675,-0.7050000000000001,142,-0.5623548626899719,142,0.012331207282841206,142,0.0
7328,28,73,0.645,-0.7050000000000001,142,-0.5623548626899719,142,0.016726056579500437,142,0.0
7329,29,73,0.615,-0.7050000000000001,142,-0.5614339709281921,142,0.02366948500275612,142,0.0
7330,30,73,0.5850000000000001,-0.7050000000000001,142,-0.5608205795288086,142,0.03296436928212643,142,0.0
7331,31,73,0.555,-0.7050000000000001,142,-0.5582423806190491,142,0.06777600944042206,142,0.0
7332,32,73,0.525,-0.7050000000000001,142,-0.5498500764369965,142,0.10731153190135956,142,0.0
7333,33,73,0.4950000000000001,-0.7050000000000001,142,-0.5430152118206024,142,0.14019173383712769,142,0.0
7334,34,73,0.4650000000000001,-0.7050000000000001,142,-0.5214638710021973,142,0.08668601512908936,142,0.0
7335,35,73,0.43500000000000005,-0.7050000000000001,142,-0.5199183523654938,142,0.08208707720041275,142,0.0
7336,36,73,0.405,-0.7050000000000001,142,-0.5191792845726013,142,0.05961430072784424,142,0.0
7337,37,73,0.375,-0.7050000000000001,142,-0.5180830359458923,142,0.04623645357787609,142,0.0
7338,38,73,0.345,-0.7050000000000001,142,-0.5166692435741425,142,0.04337189346551895,142,0.0
7339,39,73,0.31499999999999995,-0.7050000000000001,142,-0.5146319568157196,142,0.051772257313132286,142,0.0
7340,40,73,0.28500000000000014,-0.7050000000000001,142,-0.5138916373252869,142,0.030177446082234383,142,0.0
7341,41,73,0.2550000000000001,-0.7050000000000001,142,-0.5130442976951599,142,0.028851628303527832,142,0.0
7342,42,73,0.2250000000000001,-0.7050000000000001,142,-0.5126646161079407,142,0.02877842914313078,142,0.0
7343,43,73,0.19500000000000006,-0.7050000000000001,142,-0.5124913454055786,142,0.03675021603703499,142,0.0
7344,44,73,0.16500000000000004,-0.7050000000000001,142,-0.5119964182376862,142,0.04992508515715599,142,0.0
7345,45,73,0.135,-0.7050000000000001,142,-0.5113711059093475,142,0.038972677662968636,142,0.0
7346,46,73,0.10499999999999998,-0.7050000000000001,142,-0.5110585987567902,142,0.03514065779745579,142,0.0
7347,47,73,0.07499999999999996,-0.7050000000000001,142,-0.5112289190292358,142,0.037947794422507286,142,0.0
7348,48,73,0.04500000000000015,-0.7050000000000001,142,-0.5110547244548798,142,0.03925313614308834,142,0.0
7349,49,73,0.015000000000000124,-0.7050000000000001,142,-0.5110547244548798,142,0.037947794422507286,142,0.0
7350,50,73,-0.014999999999999902,-0.7050000000000001,142,-0.5110547244548798,142,0.04187767766416073,142,0.0
7351,51,73,-0.04499999999999993,-0.7050000000000001,142,-0.5114913582801819,142,0.06779089570045471,142,0.0
7352,52,73,-0.07499999999999996,-0.7050000000000001,142,-0.5129785537719727,142,0.0763857364654541,142,0.0
7353,53,73,-0.10499999999999998,-0.7050000000000001,142,-0.5132899582386017,142,0.07367880269885063,142,0.0
7354,54,73,-0.135,-0.7050000000000001,142,-0.5141388773918152,142,0.05281798169016838,142,0.0
7355,55,73,-0.16500000000000004,-0.7050000000000001,142,-0.5139262974262238,142,0.035224799066782,142,0.0
7356,56,73,-0.19499999999999984,-0.7050000000000001,142,-0.5141703188419342,142,0.020788803696632385,142,0.0
7357,57,73,-0.22499999999999987,-0.7050000000000001,142,-0.5140567421913147,142,0.018303642980754375,142,0.0
7358,58,73,-0.2549999999999999,-0.7050000000000001,142,-0.5137923955917358,142,0.01407137606292963,142,0.0
7359,59,73,-0.2849999999999999,-0.7050000000000001,142,-0.5132394134998322,142,0.01655419636517763,142,0.0
7360,60,73,-0.31499999999999995,-0.7050000000000001,142,-0.5128801465034485,142,0.019491128623485565,142,0.0
7361,61,73,-0.345,-0.7050000000000001,142,-0.5124791264533997,142,0.020567825995385647,142,0.0
7362,62,73,-0.375,-0.7050000000000001,142,-0.5123878121376038,142,0.013553102500736713,142,0.0
7363,63,73,-0.405,-0.7050000000000001,142,-0.5122192203998566,142,0.013658506330102682,142,0.0
7364,64,73,-0.43499999999999983,-0.7050000000000001,142,-0.5120952129364014,142,0.01209626579657197,142,0.0
7365,65,73,-0.46499999999999986,-0.7050000000000001,142,-0.5120952129364014,142,0.011358161456882954,142,0.0
7366,66,73,-0.4949999999999999,-0.7050000000000001,142,-0.512135773897171,142,0.011596919503062963,142,0.0
7367,67,73,-0.5249999999999999,-0.7050000000000001,142,-0.512163519859314,142,0.01209626579657197,142,0.0
7368,68,73,-0.5549999999999997,-0.7050000000000001,142,-0.5123361349105835,142,0.013653629925101995,142,0.0
7369,69,73,-0.585,-0.7050000000000001,142,-0.5124923884868622,142,0.023468228988349438,142,0.0
7370,70,73,-0.6149999999999998,-0.7050000000000001,142,-0.5133500099182129,142,0.06704389676451683,142,0.0
7371,71,73,-0.645,-0.7050000000000001,142,-0.516566127538681,142,0.0584623534232378,142,0.0
7372,72,73,-0.6749999999999998,-0.7050000000000001,142,-0.51759272813797,142,0.03100176341831684,142,0.0
7373,73,73,-0.7050000000000001,-0.7050000000000001,142,-0.5181907117366791,142,0.020231802947819233,142,0.0
7374,74,73,-0.7349999999999999,-0.7050000000000001,142,-0.5181155800819397,142,0.010179480072110891,142,0.0
7375,75,73,-0.7650000000000001,-0.7050000000000001,142,-0.5183664560317993,142,0.009747345931828022,142,0.0
7376,76,73,-0.7949999999999999,-0.7050000000000001,142,-0.5178876519203186,142,0.01644289307296276,142,0.0
7377,77,73,-0.8249999999999997,-0.7050000000000001,142,-0.5169046223163605,142,0.013271967880427837,142,0.0
7378,78,73,-0.855,-0.7050000000000001,142,-0.5162620842456818,142,0.01968798879534006,142,0.0
7379,79,73,-0.8849999999999998,-0.7050000000000001,142,-0.5156264305114746,142,0.03961045481264591,142,0.0
7380,80,73,-0.915,-0.7050000000000001,142,-0.5142503976821899,142,0.029577228240668774,142,0.0
7381,81,73,-0.9449999999999998,-0.7050000000000001,142,-0.5132921636104584,142,0.01983096171170473,142,0.0
7382,82,73,-0.9750000000000001,-0.7050000000000001,142,-0.5121208429336548,142,0.014320512302219868,142,0.0
7383,83,73,-1.005,-0.7050000000000001,142,-0.5112515985965729,142,0.02925029117614031,142,0.0
7384,84,73,-1.0349999999999997,-0.7050000000000001,142,-0.5094113647937775,142,0.027455908246338367,142,0.0
7385,85,73,-1.065,-0.7050000000000001,142,-0.5085850358009338,142,0.0029991070041432977,142,0.0
7386,86,73,-1.0949999999999998,-0.7050000000000001,142,-0.5085582435131073,142,0.0,142,0.0
7387,87,73,-1.125,-0.7050000000000001,142,-0.5085582435131073,142,0.0,142,0.0
7388,88,73,-1.1549999999999998,-0.7050000000000001,142,-0.5085582435131073,142,0.0,142,0.0
7389,89,73,-1.185,-0.7050000000000001,121,-0.5085358619689941,142,0.0,142,0.0
7390,90,73,-1.2149999999999999,-0.7050000000000001,0,nan,142,0.0,142,0.02199999988079071
7391,91,73,-1.245,-0.7050000000000001,0,nan,142,0.0,142,0.02199999988079071
7392,92,73,-1.275,-0.7050000000000001,0,nan,142,0.0,142,0.02199999988079071
7393,93,73,-1.3049999999999997,-0.7050000000000001,0,nan,142,0.0,142,0.02199999988079071
7394,94,73,-1.335,-0.7050000000000001,0,nan,142,0.0,142,0.02199999988079071
7395,95,73,-1.3649999999999998,-0.7050000000000001,0,nan,142,0.0,142,0.02199999988079071
7396,96,73,-1.395,-0.7050000000000001,0,nan,142,0.0,142,0.02199999988079071
7397,97,73,-1.4249999999999998,-0.7050000000000001,0,nan,142,0.0,142,0.0
7398,98,73,-1.455,-0.7050000000000001,0,nan,142,0.0,142,0.0
7399,99,73,-1.4849999999999999,-0.7050000000000001,0,nan,142,0.0,142,0.0
7400,0,74,1.485,-0.7349999999999999,0,nan,142,0.0,142,0.0
7401,1,74,1.455,-0.7349999999999999,0,nan,142,0.0,142,0.0
7402,2,74,1.425,-0.7349999999999999,0,nan,142,0.0,142,0.0
7403,3,74,1.395,-0.7349999999999999,0,nan,142,0.0,142,0.02199999988079071
7404,4,74,1.365,-0.7349999999999999,0,nan,142,0.0,142,0.02199999988079071
7405,5,74,1.335,-0.7349999999999999,0,nan,142,0.0,142,0.02199999988079071
7406,6,74,1.305,-0.7349999999999999,0,nan,142,0.0,142,0.02199999988079071
7407,7,74,1.275,-0.7349999999999999,0,nan,142,0.0,142,0.02199999988079071
7408,8,74,1.245,-0.7349999999999999,0,nan,142,0.0,142,0.02199999988079071
7409,9,74,1.215,-0.7349999999999999,0,nan,142,0.0,142,0.02199999988079071
7410,10,74,1.185,-0.7349999999999999,126,-0.7919775247573853,142,0.0,142,0.0
7411,11,74,1.155,-0.7349999999999999,136,-0.7921377122402191,142,0.0,142,0.0
7412,12,74,1.125,-0.7349999999999999,140,-0.7917340397834778,142,0.0,142,0.0
7413,13,74,1.095,-0.7349999999999999,139,-0.7915818095207214,142,0.26840418577194214,142,0.0
7414,14,74,1.065,-0.7349999999999999,142,-0.7769361734390259,142,0.6212979555130005,142,0.0
7415,15,74,1.0350000000000001,-0.7349999999999999,142,-0.7455917596817017,142,0.6112128496170044,142,0.0
7416,16,74,1.005,-0.7349999999999999,142,-0.7214605212211609,142,0.0,142,0.0
7417,17,74,0.975,-0.7349999999999999,142,-0.7201948463916779,142,0.0,142,0.0
7418,18,74,0.9450000000000001,-0.7349999999999999,142,-0.709904670715332,142,0.0,142,0.0
7419,19,74,0.915,-0.7349999999999999,142,-0.702214390039444,142,0.0,142,0.0
7420,20,74,0.885,-0.7349999999999999,142,-0.6987594366073608,142,0.18399059772491455,142,0.0
7421,21,74,0.855,-0.7349999999999999,142,-0.6724655032157898,142,0.40092915296554565,142,0.0
7422,22,74,0.8250000000000001,-0.7349999999999999,142,-0.6261953711509705,142,0.3454173654317856,142,0.0
7423,23,74,0.795,-0.7349999999999999,142,-0.5239345729351044,142,0.06977717205882072,142,0.0
7424,24,74,0.765,-0.7349999999999999,142,-0.5226950943470001,142,0.0,142,0.0
7425,25,74,0.735,-0.7349999999999999,142,-0.5229565501213074,142,0.0,142,0.0
7426,26,74,0.7050000000000001,-0.7349999999999999,142,-0.5241246521472931,142,0.0,142,0.0
7427,27,74,0.675,-0.7349999999999999,142,-0.5623548626899719,142,0.0,142,0.0
7428,28,74,0.645,-0.7349999999999999,142,-0.5623548626899719,142,0.0,142,0.0
7429,29,74,0.615,-0.7349999999999999,142,-0.5614339709281921,142,0.0,142,0.0
7430,30,74,0.5850000000000001,-0.7349999999999999,142,-0.5608205795288086,142,0.0,142,0.0
7431,31,74,0.555,-0.7349999999999999,142,-0.5582423806190491,142,0.009750326629728079,142,0.0
7432,32,74,0.525,-0.7349999999999999,142,-0.5498500764369965,142,0.01722574234008789,142,0.0
7433,33,74,0.4950000000000001,-0.7349999999999999,142,-0.5430152118206024,142,0.058366358280181885,142,0.0
7434,34,74,0.4650000000000001,-0.7349999999999999,142,-0.5214638710021973,142,0.014673669822514057,142,0.0
7435,35,74,0.43500000000000005,-0.7349999999999999,142,-0.5199183523654938,142,0.010018547531217337,142,0.0
7436,36,74,0.405,-0.7349999999999999,142,-0.5191792845726013,142,0.012621779926121235,142,0.0
7437,37,74,0.375,-0.7349999999999999,142,-0.5180830359458923,142,0.006416440010070801,142,0.0
7438,38,74,0.345,-0.7349999999999999,142,-0.5166692435741425,142,0.007161498069763184,142,0.0
7439,39,74,0.31499999999999995,-0.7349999999999999,142,-0.5146319568157196,142,0.012517472263425589,142,0.0
7440,40,74,0.28500000000000014,-0.7349999999999999,142,-0.5138916373252869,142,0.0,142,0.0
7441,41,74,0.2550000000000001,-0.7349999999999999,142,-0.5130442976951599,142,0.0,142,0.0
7442,42,74,0.2250000000000001,-0.7349999999999999,142,-0.5126646161079407,142,0.0,142,0.0
7443,43,74,0.19500000000000006,-0.7349999999999999,142,-0.5124913454055786,142,0.0,142,0.0
7444,44,74,0.16500000000000004,-0.7349999999999999,142,-0.5119964182376862,142,0.0,142,0.0
7445,45,74,0.135,-0.7349999999999999,142,-0.5113711059093475,142,0.0,142,0.0
7446,46,74,0.10499999999999998,-0.7349999999999999,142,-0.5110585987567902,142,0.0,142,0.0
7447,47,74,0.07499999999999996,-0.7349999999999999,142,-0.5112289190292358,142,0.0,142,0.0
7448,48,74,0.04500000000000015,-0.7349999999999999,142,-0.5110547244548798,142,0.0,142,0.0
7449,49,74,0.015000000000000124,-0.7349999999999999,142,-0.5110547244548798,142,0.0,142,0.0
7450,50,74,-0.014999999999999902,-0.7349999999999999,142,-0.5110547244548798,142,0.0,142,0.0
7451,51,74,-0.04499999999999993,-0.7349999999999999,142,-0.5114913582801819,142,0.0,142,0.0
7452,52,74,-0.07499999999999996,-0.7349999999999999,142,-0.5129785537719727,142,0.01244942331686616,142,0.0
7453,53,74,-0.10499999999999998,-0.7349999999999999,142,-0.5132899582386017,142,0.01082668686285615,142,0.0
7454,54,74,-0.135,-0.7349999999999999,142,-0.5141388773918152,142,0.0,142,0.0
7455,55,74,-0.16500000000000004,-0.7349999999999999,142,-0.5139262974262238,142,0.0010679165425244719,142,0.0
7456,56,74,-0.19499999999999984,-0.7349999999999999,142,-0.5141703188419342,142,0.003919005277566612,142,0.0
7457,57,74,-0.22499999999999987,-0.7349999999999999,142,-0.5140567421913147,142,0.008036196231842041,142,0.0
7458,58,74,-0.2549999999999999,-0.7349999999999999,142,-0.5137923955917358,142,0.009124974254518747,142,0.0
7459,59,74,-0.2849999999999999,-0.7349999999999999,142,-0.5132394134998322,142,0.00893324613571167,142,0.0
7460,60,74,-0.31499999999999995,-0.7349999999999999,142,-0.5128801465034485,142,0.006316105602309108,142,0.0
7461,61,74,-0.345,-0.7349999999999999,142,-0.5124791264533997,142,0.004747509956359863,142,0.0
7462,62,74,-0.375,-0.7349999999999999,142,-0.5123878121376038,142,0.0,142,0.0
7463,63,74,-0.405,-0.7349999999999999,142,-0.5122192203998566,142,0.0,142,0.0
7464,64,74,-0.43499999999999983,-0.7349999999999999,142,-0.5120952129364014,142,0.0,142,0.0
7465,65,74,-0.46499999999999986,-0.7349999999999999,142,-0.5120952129364014,142,0.0,142,0.0
7466,66,74,-0.4949999999999999,-0.7349999999999999,142,-0.512135773897171,142,0.0,142,0.0
7467,67,74,-0.5249999999999999,-0.7349999999999999,142,-0.512163519859314,142,0.0,142,0.0
7468,68,74,-0.5549999999999997,-0.7349999999999999,142,-0.5123361349105835,142,0.0,142,0.0
7469,69,74,-0.585,-0.7349999999999999,142,-0.5124923884868622,142,0.012136002536863089,142,0.0
7470,70,74,-0.6149999999999998,-0.7349999999999999,142,-0.5133500099182129,142,0.06449570506811142,142,0.0
7471,71,74,-0.645,-0.7349999999999999,142,-0.516566127538681,142,0.05726764537394047,142,0.0
7472,72,74,-0.6749999999999998,-0.7349999999999999,142,-0.51759272813797,142,0.01892695762217045,142,0.0
7473,73,74,-0.7050000000000001,-0.7349999999999999,142,-0.5181907117366791,142,0.013644496444612741,142,0.0
7474,74,74,-0.7349999999999999,-0.7349999999999999,142,-0.5181155800819397,142,0.00591973471455276,142,0.0
7475,75,74,-0.7650000000000001,-0.7349999999999999,142,-0.5183664560317993,142,0.006094574928283691,142,0.0
7476,76,74,-0.7949999999999999,-0.7349999999999999,142,-0.5178876519203186,142,0.01233468484133482,142,0.0
7477,77,74,-0.8249999999999997,-0.7349999999999999,142,-0.5169046223163605,142,0.0012775262002833188,142,0.0
7478,78,74,-0.855,-0.7349999999999999,142,-0.5162620842456818,142,0.005239248275756836,142,0.0
7479,79,74,-0.8849999999999998,-0.7349999999999999,142,-0.5156264305114746,142,0.030657649040222168,142,0.0
7480,80,74,-0.915,-0.7349999999999999,142,-0.5142503976821899,142,0.028484562411904335,142,0.0
7481,81,74,-0.9449999999999998,-0.7349999999999999,142,-0.5132921636104584,142,0.016142924781888723,142,0.0
7482,82,74,-0.9750000000000001,-0.7349999999999999,142,-0.5121208429336548,142,0.011741618160158396,142,0.0
7483,83,74,-1.005,-0.7349999999999999,142,-0.5112515985965729,142,0.02800722885876894,142,0.0
7484,84,74,-1.0349999999999997,-0.7349999999999999,142,-0.5094113647937775,142,0.023737549781799316,142,0.0
7485,85,74,-1.065,-0.7349999999999999,142,-0.5085850358009338,142,0.0,142,0.0
7486,86,74,-1.0949999999999998,-0.7349999999999999,142,-0.5085582435131073,142,0.0,142,0.0
7487,87,74,-1.125,-0.7349999999999999,142,-0.5085582435131073,142,0.0,142,0.0
7488,88,74,-1.1549999999999998,-0.7349999999999999,142,-0.5085582435131073,142,0.0,142,0.0
7489,89,74,-1.185,-0.7349999999999999,141,-0.5085894465446472,142,0.0,142,0.0
7490,90,74,-1.2149999999999999,-0.7349999999999999,0,nan,142,0.0,142,0.02199999988079071
7491,91,74,-1.245,-0.7349999999999999,0,nan,142,0.0,142,0.02199999988079071
7492,92,74,-1.275,-0.7349999999999999,0,nan,142,0.0,142,0.02199999988079071
7493,93,74,-1.3049999999999997,-0.7349999999999999,0,nan,142,0.0,142,0.02199999988079071
7494,94,74,-1.335,-0.7349999999999999,0,nan,142,0.0,142,0.02199999988079071
7495,95,74,-1.3649999999999998,-0.7349999999999999,0,nan,142,0.0,142,0.02199999988079071
7496,96,74,-1.395,-0.7349999999999999,0,nan,142,0.0,142,0.02199999988079071
7497,97,74,-1.4249999999999998,-0.7349999999999999,0,nan,142,0.0,142,0.0
7498,98,74,-1.455,-0.7349999999999999,0,nan,142,0.0,142,0.0
7499,99,74,-1.4849999999999999,-0.7349999999999999,0,nan,142,0.0,142,0.0
7500,0,75,1.485,-0.7650000000000001,0,nan,142,0.0,142,0.0
7501,1,75,1.455,-0.7650000000000001,0,nan,142,0.0,142,0.0
7502,2,75,1.425,-0.7650000000000001,0,nan,142,0.0,142,0.0
7503,3,75,1.395,-0.7650000000000001,0,nan,142,0.0,142,0.02199999988079071
7504,4,75,1.365,-0.7650000000000001,0,nan,142,0.0,142,0.02199999988079071
7505,5,75,1.335,-0.7650000000000001,0,nan,142,0.0,142,0.02199999988079071
7506,6,75,1.305,-0.7650000000000001,0,nan,142,0.0,142,0.02199999988079071
7507,7,75,1.275,-0.7650000000000001,0,nan,142,0.0,142,0.02199999988079071
7508,8,75,1.245,-0.7650000000000001,0,nan,142,0.0,142,0.02199999988079071
7509,9,75,1.215,-0.7650000000000001,0,nan,142,0.0,142,0.02199999988079071
7510,10,75,1.185,-0.7650000000000001,123,-0.7915818095207214,142,0.0,142,0.0
7511,11,75,1.155,-0.7650000000000001,140,-0.7913785576820374,142,0.0,142,0.0
7512,12,75,1.125,-0.7650000000000001,142,-0.7913551032543182,142,0.0,142,0.0
7513,13,75,1.095,-0.7650000000000001,142,-0.7913551032543182,142,0.24024248123168945,142,0.0
7514,14,75,1.065,-0.7650000000000001,142,-0.7769361734390259,142,0.601235032081604,142,0.0
7515,15,75,1.0350000000000001,-0.7650000000000001,142,-0.7455917596817017,142,0.6014699935913086,142,0.0
7516,16,75,1.005,-0.7650000000000001,142,-0.7214605212211609,142,0.0,142,0.0
7517,17,75,0.975,-0.7650000000000001,142,-0.7201948463916779,142,0.0,142,0.0
7518,18,75,0.9450000000000001,-0.7650000000000001,142,-0.709904670715332,142,0.0,142,0.0
7519,19,75,0.915,-0.7650000000000001,142,-0.702214390039444,142,0.0,142,0.0
7520,20,75,0.885,-0.7650000000000001,142,-0.6987594366073608,142,0.11966973170638084,142,0.0
7521,21,75,0.855,-0.7650000000000001,142,-0.6724655032157898,142,0.3932486027479172,142,0.0
7522,22,75,0.8250000000000001,-0.7650000000000001,142,-0.6261953711509705,142,0.3454173654317856,142,0.0
7523,23,75,0.795,-0.7650000000000001,142,-0.5239345729351044,142,0.06977717205882072,142,0.0
7524,24,75,0.765,-0.7650000000000001,142,-0.5226950943470001,142,0.0,142,0.0
7525,25,75,0.735,-0.7650000000000001,142,-0.5229565501213074,142,0.0,142,0.0
7526,26,75,0.7050000000000001,-0.7650000000000001,142,-0.5241246521472931,142,0.0,142,0.0
7527,27,75,0.675,-0.7650000000000001,142,-0.5623548626899719,142,0.0,142,0.0
7528,28,75,0.645,-0.7650000000000001,142,-0.5623548626899719,142,0.0,142,0.0
7529,29,75,0.615,-0.7650000000000001,142,-0.5614339709281921,142,0.0,142,0.0
7530,30,75,0.5850000000000001,-0.7650000000000001,142,-0.5608205795288086,142,0.0,142,0.0
7531,31,75,0.555,-0.7650000000000001,142,-0.5582423806190491,142,0.009750326629728079,142,0.0
7532,32,75,0.525,-0.7650000000000001,142,-0.5498500764369965,142,0.01722574234008789,142,0.0
7533,33,75,0.4950000000000001,-0.7650000000000001,142,-0.5430152118206024,142,0.058366358280181885,142,0.0
7534,34,75,0.4650000000000001,-0.7650000000000001,142,-0.5214638710021973,142,0.014673669822514057,142,0.0
7535,35,75,0.43500000000000005,-0.7650000000000001,142,-0.5199183523654938,142,0.010018547531217337,142,0.0
7536,36,75,0.405,-0.7650000000000001,142,-0.5191792845726013,142,0.012621779926121235,142,0.0
7537,37,75,0.375,-0.7650000000000001,142,-0.5180830359458923,142,0.006416440010070801,142,0.0
7538,38,75,0.345,-0.7650000000000001,142,-0.5166692435741425,142,0.007161498069763184,142,0.0
7539,39,75,0.31499999999999995,-0.7650000000000001,142,-0.5146319568157196,142,0.012517472263425589,142,0.0
7540,40,75,0.28500000000000014,-0.7650000000000001,142,-0.5138916373252869,142,0.0,142,0.0
7541,41,75,0.2550000000000001,-0.7650000000000001,142,-0.5130442976951599,142,0.0,142,0.0
7542,42,75,0.2250000000000001,-0.7650000000000001,142,-0.5126646161079407,142,0.0,142,0.0
7543,43,75,0.19500000000000006,-0.7650000000000001,142,-0.5124913454055786,142,0.0,142,0.0
7544,44,75,0.16500000000000004,-0.7650000000000001,142,-0.5119964182376862,142,0.0,142,0.0
7545,45,75,0.135,-0.7650000000000001,142,-0.5113711059093475,142,0.0,142,0.0
7546,46,75,0.10499999999999998,-0.7650000000000001,142,-0.5110585987567902,142,0.0,142,0.0
7547,47,75,0.07499999999999996,-0.7650000000000001,142,-0.5112289190292358,142,0.0,142,0.0
7548,48,75,0.04500000000000015,-0.7650000000000001,142,-0.5110547244548798,142,0.0,142,0.0
7549,49,75,0.015000000000000124,-0.7650000000000001,142,-0.5110547244548798,142,0.0,142,0.0
7550,50,75,-0.014999999999999902,-0.7650000000000001,142,-0.5110547244548798,142,0.0,142,0.0
7551,51,75,-0.04499999999999993,-0.7650000000000001,142,-0.5114913582801819,142,0.0,142,0.0
7552,52,75,-0.07499999999999996,-0.7650000000000001,142,-0.5129785537719727,142,0.01244942331686616,142,0.0
7553,53,75,-0.10499999999999998,-0.7650000000000001,142,-0.5132899582386017,142,0.01082668686285615,142,0.0
7554,54,75,-0.135,-0.7650000000000001,142,-0.5141388773918152,142,0.0,142,0.0
7555,55,75,-0.16500000000000004,-0.7650000000000001,142,-0.5139262974262238,142,0.0010679165425244719,142,0.0
7556,56,75,-0.19499999999999984,-0.7650000000000001,142,-0.5141703188419342,142,0.003919005277566612,142,0.0
7557,57,75,-0.22499999999999987,-0.7650000000000001,142,-0.5140567421913147,142,0.008036196231842041,142,0.0
7558,58,75,-0.2549999999999999,-0.7650000000000001,142,-0.5137923955917358,142,0.009124974254518747,142,0.0
7559,59,75,-0.2849999999999999,-0.7650000000000001,142,-0.5132394134998322,142,0.00893324613571167,142,0.0
7560,60,75,-0.31499999999999995,-0.7650000000000001,142,-0.5128801465034485,142,0.006316105602309108,142,0.0
7561,61,75,-0.345,-0.7650000000000001,142,-0.5124791264533997,142,0.004747509956359863,142,0.0
7562,62,75,-0.375,-0.7650000000000001,142,-0.5123878121376038,142,0.0,142,0.0
7563,63,75,-0.405,-0.7650000000000001,142,-0.5122192203998566,142,0.0,142,0.0
7564,64,75,-0.43499999999999983,-0.7650000000000001,142,-0.5120952129364014,142,0.0,142,0.0
7565,65,75,-0.46499999999999986,-0.7650000000000001,142,-0.5120952129364014,142,0.0,142,0.0
7566,66,75,-0.4949999999999999,-0.7650000000000001,142,-0.512135773897171,142,0.0,142,0.0
7567,67,75,-0.5249999999999999,-0.7650000000000001,142,-0.512163519859314,142,0.0,142,0.0
7568,68,75,-0.5549999999999997,-0.7650000000000001,142,-0.5123361349105835,142,0.0,142,0.0
7569,69,75,-0.585,-0.7650000000000001,142,-0.5124923884868622,142,0.012136002536863089,142,0.0
7570,70,75,-0.6149999999999998,-0.7650000000000001,142,-0.5133500099182129,142,0.06449570506811142,142,0.0
7571,71,75,-0.645,-0.7650000000000001,142,-0.516566127538681,142,0.05726764537394047,142,0.0
7572,72,75,-0.6749999999999998,-0.7650000000000001,142,-0.51759272813797,142,0.01892695762217045,142,0.0
7573,73,75,-0.7050000000000001,-0.7650000000000001,142,-0.5181907117366791,142,0.013644496444612741,142,0.0
7574,74,75,-0.7349999999999999,-0.7650000000000001,142,-0.5181155800819397,142,0.00591973471455276,142,0.0
7575,75,75,-0.7650000000000001,-0.7650000000000001,142,-0.5183664560317993,142,0.006094574928283691,142,0.0
7576,76,75,-0.7949999999999999,-0.7650000000000001,142,-0.5178876519203186,142,0.01233468484133482,142,0.0
7577,77,75,-0.8249999999999997,-0.7650000000000001,142,-0.5169046223163605,142,0.0012775262002833188,142,0.0
7578,78,75,-0.855,-0.7650000000000001,142,-0.5162620842456818,142,0.005239248275756836,142,0.0
7579,79,75,-0.8849999999999998,-0.7650000000000001,142,-0.5156264305114746,142,0.030657649040222168,142,0.0
7580,80,75,-0.915,-0.7650000000000001,142,-0.5142503976821899,142,0.028484562411904335,142,0.0
7581,81,75,-0.9449999999999998,-0.7650000000000001,142,-0.5132921636104584,142,0.016142924781888723,142,0.0
7582,82,75,-0.9750000000000001,-0.7650000000000001,142,-0.5121208429336548,142,0.011741618160158396,142,0.0
7583,83,75,-1.005,-0.7650000000000001,142,-0.5112515985965729,142,0.02800722885876894,142,0.0
7584,84,75,-1.0349999999999997,-0.7650000000000001,142,-0.5094113647937775,142,0.023737549781799316,142,0.0
7585,85,75,-1.065,-0.7650000000000001,142,-0.5085850358009338,142,0.0,142,0.0
7586,86,75,-1.0949999999999998,-0.7650000000000001,142,-0.5085582435131073,142,0.0,142,0.0
7587,87,75,-1.125,-0.7650000000000001,142,-0.5085582435131073,142,0.0,142,0.0
7588,88,75,-1.1549999999999998,-0.7650000000000001,142,-0.5085582435131073,142,0.0,142,0.0
7589,89,75,-1.185,-0.7650000000000001,139,-0.5085894465446472,142,0.0,142,0.0
7590,90,75,-1.2149999999999999,-0.7650000000000001,0,nan,142,0.0,142,0.02199999988079071
7591,91,75,-1.245,-0.7650000000000001,0,nan,142,0.0,142,0.02199999988079071
7592,92,75,-1.275,-0.7650000000000001,0,nan,142,0.0,142,0.02199999988079071
7593,93,75,-1.3049999999999997,-0.7650000000000001,0,nan,142,0.0,142,0.02199999988079071
7594,94,75,-1.335,-0.7650000000000001,0,nan,142,0.0,142,0.02199999988079071
7595,95,75,-1.3649999999999998,-0.7650000000000001,0,nan,142,0.0,142,0.02199999988079071
7596,96,75,-1.395,-0.7650000000000001,0,nan,142,0.0,142,0.02199999988079071
7597,97,75,-1.4249999999999998,-0.7650000000000001,0,nan,142,0.0,142,0.0
7598,98,75,-1.455,-0.7650000000000001,0,nan,142,0.0,142,0.0
7599,99,75,-1.4849999999999999,-0.7650000000000001,0,nan,142,0.0,142,0.0
7600,0,76,1.485,-0.7949999999999999,0,nan,142,0.0,142,0.0
7601,1,76,1.455,-0.7949999999999999,0,nan,142,0.0,142,0.0
7602,2,76,1.425,-0.7949999999999999,0,nan,142,0.0,142,0.0
7603,3,76,1.395,-0.7949999999999999,0,nan,142,0.0,142,0.02199999988079071
7604,4,76,1.365,-0.7949999999999999,0,nan,142,0.0,142,0.02199999988079071
7605,5,76,1.335,-0.7949999999999999,0,nan,142,0.0,142,0.02199999988079071
7606,6,76,1.305,-0.7949999999999999,0,nan,142,0.0,142,0.02199999988079071
7607,7,76,1.275,-0.7949999999999999,0,nan,142,0.0,142,0.02199999988079071
7608,8,76,1.245,-0.7949999999999999,0,nan,142,0.0,142,0.02199999988079071
7609,9,76,1.215,-0.7949999999999999,0,nan,142,0.0,142,0.02199999988079071
7610,10,76,1.185,-0.7949999999999999,67,-0.7914479970932007,142,0.0,142,0.02199999988079071
7611,11,76,1.155,-0.7949999999999999,137,-0.7913439869880676,142,0.0,142,0.0
7612,12,76,1.125,-0.7949999999999999,142,-0.7913551032543182,142,0.0,142,0.0
7613,13,76,1.095,-0.7949999999999999,139,-0.7913662195205688,142,0.1785528063774109,142,0.0
7614,14,76,1.065,-0.7949999999999999,141,-0.7768159508705139,142,0.44000791013240814,142,0.0
7615,15,76,1.0350000000000001,-0.7949999999999999,141,-0.7445021271705627,142,0.4586283415555954,142,0.0
7616,16,76,1.005,-0.7949999999999999,142,-0.7214605212211609,142,0.0,142,0.0
7617,17,76,0.975,-0.7949999999999999,142,-0.7201948463916779,142,0.0,142,0.0
7618,18,76,0.9450000000000001,-0.7949999999999999,142,-0.709904670715332,142,0.0,142,0.0
7619,19,76,0.915,-0.7949999999999999,142,-0.702214390039444,142,0.0,142,0.0
7620,20,76,0.885,-0.7949999999999999,141,-0.6990098357200623,142,0.06630599498748779,142,0.0
7621,21,76,0.855,-0.7949999999999999,141,-0.6730784773826599,142,0.2940095216035843,142,0.0
7622,22,76,0.8250000000000001,-0.7949999999999999,141,-0.6275814175605774,142,0.26686498522758484,142,0.0
7623,23,76,0.795,-0.7949999999999999,142,-0.5239345729351044,142,0.05278327874839306,142,0.0
7624,24,76,0.765,-0.7949999999999999,141,-0.5226006507873535,142,0.0,142,0.0
7625,25,76,0.735,-0.7949999999999999,142,-0.5229565501213074,142,0.0,142,0.0
7626,26,76,0.7050000000000001,-0.7949999999999999,141,-0.5244236588478088,142,0.0,142,0.0
7627,27,76,0.675,-0.7949999999999999,142,-0.5623548626899719,142,0.0,142,0.0
7628,28,76,0.645,-0.7949999999999999,141,-0.562762439250946,142,0.0,142,0.0
7629,29,76,0.615,-0.7949999999999999,141,-0.5619472861289978,142,0.0,142,0.0
7630,30,76,0.5850000000000001,-0.7949999999999999,142,-0.5608205795288086,142,0.0,142,0.0
7631,31,76,0.555,-0.7949999999999999,142,-0.5582423806190491,142,0.007708310149610043,142,0.0
7632,32,76,0.525,-0.7949999999999999,142,-0.5498500764369965,142,0.013618145138025284,142,0.0
7633,33,76,0.4950000000000001,-0.7949999999999999,142,-0.5430152118206024,142,0.04527347348630428,142,0.0
7634,34,76,0.4650000000000001,-0.7949999999999999,141,-0.5214614272117615,142,0.009259396232664585,142,0.0
7635,35,76,0.43500000000000005,-0.7949999999999999,142,-0.5199183523654938,142,0.007920356933027506,142,0.0
7636,36,76,0.405,-0.7949999999999999,142,-0.5191792845726013,142,0.009978393092751503,142,0.0
7637,37,76,0.375,-0.7949999999999999,142,-0.5180830359458923,142,0.005044687772169709,142,0.0
7638,38,76,0.345,-0.7949999999999999,142,-0.5166692435741425,142,0.005530952475965023,142,0.0
7639,39,76,0.31499999999999995,-0.7949999999999999,142,-0.5146319568157196,142,0.009895930532366037,142,0.0
7640,40,76,0.28500000000000014,-0.7949999999999999,142,-0.5138916373252869,142,0.0,142,0.0
7641,41,76,0.2550000000000001,-0.7949999999999999,142,-0.5130442976951599,142,0.0,142,0.0
7642,42,76,0.2250000000000001,-0.7949999999999999,142,-0.5126646161079407,142,0.0,142,0.0
7643,43,76,0.19500000000000006,-0.7949999999999999,142,-0.5124913454055786,142,0.0,142,0.0
7644,44,76,0.16500000000000004,-0.7949999999999999,142,-0.5119964182376862,142,0.0,142,0.0
7645,45,76,0.135,-0.7949999999999999,142,-0.5113711059093475,142,0.0,142,0.0
7646,46,76,0.10499999999999998,-0.7949999999999999,142,-0.5110585987567902,142,0.0,142,0.0
7647,47,76,0.07499999999999996,-0.7949999999999999,142,-0.5112289190292358,142,0.0,142,0.0
7648,48,76,0.04500000000000015,-0.7949999999999999,142,-0.5110547244548798,142,0.0,142,0.0
7649,49,76,0.015000000000000124,-0.7949999999999999,142,-0.5110547244548798,142,0.0,142,0.0
7650,50,76,-0.014999999999999902,-0.7949999999999999,142,-0.5110547244548798,142,0.0,142,0.0
7651,51,76,-0.04499999999999993,-0.7949999999999999,142,-0.5114913582801819,142,0.0,142,0.0
7652,52,76,-0.07499999999999996,-0.7949999999999999,142,-0.5129785537719727,142,0.009842133615165949,142,0.0
7653,53,76,-0.10499999999999998,-0.7949999999999999,142,-0.5132899582386017,142,0.008559247478842735,142,0.0
7654,54,76,-0.135,-0.7949999999999999,142,-0.5141388773918152,142,0.0030837166123092175,142,0.0
7655,55,76,-0.16500000000000004,-0.7949999999999999,142,-0.5139262974262238,142,0.0008442621619906276,142,0.0
7656,56,76,-0.19499999999999984,-0.7949999999999999,142,-0.5141703188419342,142,0.00331225642003119,142,0.0
7657,57,76,-0.22499999999999987,-0.7949999999999999,142,-0.5140567421913147,142,0.006277383770793676,142,0.0
7658,58,76,-0.2549999999999999,-0.7949999999999999,142,-0.5137923955917358,142,0.0073160226456820965,142,0.0
7659,59,76,-0.2849999999999999,-0.7949999999999999,142,-0.5132394134998322,142,0.007313273847103119,142,0.0
7660,60,76,-0.31499999999999995,-0.7949999999999999,142,-0.5128801465034485,142,0.0055956910364329815,142,0.0
7661,61,76,-0.345,-0.7949999999999999,142,-0.5124791264533997,142,0.0037532361457124352,142,0.0
7662,62,76,-0.375,-0.7949999999999999,142,-0.5123878121376038,142,0.0,142,0.0
7663,63,76,-0.405,-0.7949999999999999,142,-0.5122192203998566,142,0.0,142,0.0
7664,64,76,-0.43499999999999983,-0.7949999999999999,142,-0.5120952129364014,142,0.0,142,0.0
7665,65,76,-0.46499999999999986,-0.7949999999999999,142,-0.5120952129364014,142,0.0,142,0.0
7666,66,76,-0.4949999999999999,-0.7949999999999999,142,-0.512135773897171,142,0.0,142,0.0
7667,67,76,-0.5249999999999999,-0.7949999999999999,142,-0.512163519859314,142,0.0,142,0.0
7668,68,76,-0.5549999999999997,-0.7949999999999999,142,-0.5123361349105835,142,0.0,142,0.0
7669,69,76,-0.585,-0.7949999999999999,142,-0.5124923884868622,142,0.00959435198456049,142,0.0
7670,70,76,-0.6149999999999998,-0.7949999999999999,142,-0.5133500099182129,142,0.050328878685832024,142,0.0
7671,71,76,-0.645,-0.7949999999999999,142,-0.516566127538681,142,0.045274049043655396,142,0.0
7672,72,76,-0.6749999999999998,-0.7949999999999999,142,-0.51759272813797,142,0.016392036341130733,142,0.0
7673,73,76,-0.7050000000000001,-0.7949999999999999,142,-0.5181907117366791,142,0.011385143734514713,142,0.0
7674,74,76,-0.7349999999999999,-0.7949999999999999,142,-0.5181155800819397,142,0.0055269720032811165,142,0.0
7675,75,76,-0.7650000000000001,-0.7949999999999999,142,-0.5183664560317993,142,0.008344451896846294,142,0.0
7676,76,76,-0.7949999999999999,-0.7949999999999999,142,-0.5178876519203186,142,0.01178236585110426,142,0.0
7677,77,76,-0.8249999999999997,-0.7949999999999999,142,-0.5169046223163605,142,0.001235764182638377,142,0.0
7678,78,76,-0.855,-0.7949999999999999,142,-0.5162620842456818,142,0.004141989396885037,142,0.0
7679,79,76,-0.8849999999999998,-0.7949999999999999,142,-0.5156264305114746,142,0.02423700038343668,142,0.0
7680,80,76,-0.915,-0.7949999999999999,142,-0.5142503976821899,142,0.022519024088978767,142,0.0
7681,81,76,-0.9449999999999998,-0.7949999999999999,142,-0.5132921636104584,142,0.012762102298438549,142,0.0
7682,82,76,-0.9750000000000001,-0.7949999999999999,142,-0.5121208429336548,142,0.009282564278692007,142,0.0
7683,83,76,-1.005,-0.7949999999999999,142,-0.5112515985965729,142,0.021759449504315853,142,0.0
7684,84,76,-1.0349999999999997,-0.7949999999999999,142,-0.5094113647937775,142,0.018766180612146854,142,0.0
7685,85,76,-1.065,-0.7949999999999999,142,-0.5085850358009338,142,0.0,142,0.0
7686,86,76,-1.0949999999999998,-0.7949999999999999,142,-0.5085582435131073,142,0.0,142,0.0
7687,87,76,-1.125,-0.7949999999999999,141,-0.5085806250572205,142,0.0,142,0.0
7688,88,76,-1.1549999999999998,-0.7949999999999999,140,-0.5085582435131073,142,0.0,142,0.0
7689,89,76,-1.185,-0.7949999999999999,122,-0.5086079835891724,142,0.0,142,0.0
7690,90,76,-1.2149999999999999,-0.7949999999999999,0,nan,142,0.0,142,0.02199999988079071
7691,91,76,-1.245,-0.7949999999999999,0,nan,142,0.0,142,0.02199999988079071
7692,92,76,-1.275,-0.7949999999999999,0,nan,142,0.0,142,0.02199999988079071
7693,93,76,-1.3049999999999997,-0.7949999999999999,0,nan,142,0.0,142,0.02199999988079071
7694,94,76,-1.335,-0.7949999999999999,0,nan,142,0.0,142,0.02199999988079071
7695,95,76,-1.3649999999999998,-0.7949999999999999,0,nan,142,0.0,142,0.02199999988079071
7696,96,76,-1.395,-0.7949999999999999,0,nan,142,0.0,142,0.02199999988079071
7697,97,76,-1.4249999999999998,-0.7949999999999999,0,nan,142,0.0,142,0.0
7698,98,76,-1.455,-0.7949999999999999,0,nan,142,0.0,142,0.0
7699,99,76,-1.4849999999999999,-0.7949999999999999,0,nan,142,0.0,142,0.0
7700,0,77,1.485,-0.8249999999999997,0,nan,142,0.0,142,0.0
7701,1,77,1.455,-0.8249999999999997,0,nan,142,0.0,142,0.0
7702,2,77,1.425,-0.8249999999999997,0,nan,142,0.0,142,0.0
7703,3,77,1.395,-0.8249999999999997,0,nan,142,0.0,142,0.02199999988079071
7704,4,77,1.365,-0.8249999999999997,0,nan,142,0.0,142,0.02199999988079071
7705,5,77,1.335,-0.8249999999999997,0,nan,142,0.0,142,0.02199999988079071
7706,6,77,1.305,-0.8249999999999997,0,nan,142,0.0,142,0.02199999988079071
7707,7,77,1.275,-0.8249999999999997,0,nan,142,0.0,142,0.02199999988079071
7708,8,77,1.245,-0.8249999999999997,0,nan,142,0.0,142,0.02199999988079071
7709,9,77,1.215,-0.8249999999999997,0,nan,142,0.0,142,0.02199999988079071
7710,10,77,1.185,-0.8249999999999997,0,nan,142,0.0,142,0.02199999988079071
7711,11,77,1.155,-0.8249999999999997,0,nan,142,0.0,142,0.02199999988079071
7712,12,77,1.125,-0.8249999999999997,0,nan,142,0.0,142,0.02199999988079071
7713,13,77,1.095,-0.8249999999999997,0,nan,142,0.0,142,0.02199999988079071
7714,14,77,1.065,-0.8249999999999997,0,nan,142,0.0,142,0.02199999988079071
7715,15,77,1.0350000000000001,-0.8249999999999997,0,nan,142,0.0,142,0.02199999988079071
7716,16,77,1.005,-0.8249999999999997,0,nan,142,0.0,142,0.02199999988079071
7717,17,77,0.975,-0.8249999999999997,0,nan,142,0.0,142,0.02199999988079071
7718,18,77,0.9450000000000001,-0.8249999999999997,0,nan,142,0.0,142,0.02199999988079071
7719,19,77,0.915,-0.8249999999999997,0,nan,142,0.0,142,0.02199999988079071
7720,20,77,0.885,-0.8249999999999997,0,nan,142,0.0,142,0.02199999988079071
7721,21,77,0.855,-0.8249999999999997,0,nan,142,0.0,142,0.02199999988079071
7722,22,77,0.8250000000000001,-0.8249999999999997,0,nan,142,0.0,142,0.02199999988079071
7723,23,77,0.795,-0.8249999999999997,0,nan,142,0.0,142,0.02199999988079071
7724,24,77,0.765,-0.8249999999999997,0,nan,142,0.0,142,0.02199999988079071
7725,25,77,0.735,-0.8249999999999997,0,nan,142,0.0,142,0.02199999988079071
7726,26,77,0.7050000000000001,-0.8249999999999997,0,nan,142,0.0,142,0.02199999988079071
7727,27,77,0.675,-0.8249999999999997,0,nan,142,0.0,142,0.02199999988079071
7728,28,77,0.645,-0.8249999999999997,0,nan,142,0.0,142,0.02199999988079071
7729,29,77,0.615,-0.8249999999999997,0,nan,142,0.0,142,0.02199999988079071
7730,30,77,0.5850000000000001,-0.8249999999999997,0,nan,142,0.0,142,0.02199999988079071
7731,31,77,0.555,-0.8249999999999997,0,nan,142,0.0,142,0.02199999988079071
7732,32,77,0.525,-0.8249999999999997,0,nan,142,0.0,142,0.02199999988079071
7733,33,77,0.4950000000000001,-0.8249999999999997,0,nan,142,0.0,142,0.02199999988079071
7734,34,77,0.4650000000000001,-0.8249999999999997,0,nan,142,0.0,142,0.02199999988079071
7735,35,77,0.43500000000000005,-0.8249999999999997,0,nan,142,0.0,142,0.02199999988079071
7736,36,77,0.405,-0.8249999999999997,0,nan,142,0.0,142,0.02199999988079071
7737,37,77,0.375,-0.8249999999999997,0,nan,142,0.0,142,0.02199999988079071
7738,38,77,0.345,-0.8249999999999997,0,nan,142,0.0,142,0.02199999988079071
7739,39,77,0.31499999999999995,-0.8249999999999997,0,nan,142,0.0,142,0.02199999988079071
7740,40,77,0.28500000000000014,-0.8249999999999997,0,nan,142,0.0,142,0.02199999988079071
7741,41,77,0.2550000000000001,-0.8249999999999997,0,nan,142,0.0,142,0.02199999988079071
7742,42,77,0.2250000000000001,-0.8249999999999997,0,nan,142,0.0,142,0.02199999988079071
7743,43,77,0.19500000000000006,-0.8249999999999997,0,nan,142,0.0,142,0.02199999988079071
7744,44,77,0.16500000000000004,-0.8249999999999997,0,nan,142,0.0,142,0.02199999988079071
7745,45,77,0.135,-0.8249999999999997,0,nan,142,0.0,142,0.02199999988079071
7746,46,77,0.10499999999999998,-0.8249999999999997,0,nan,142,0.0,142,0.02199999988079071
7747,47,77,0.07499999999999996,-0.8249999999999997,0,nan,142,0.0,142,0.02199999988079071
7748,48,77,0.04500000000000015,-0.8249999999999997,0,nan,142,0.0,142,0.02199999988079071
7749,49,77,0.015000000000000124,-0.8249999999999997,0,nan,142,0.0,142,0.02199999988079071
7750,50,77,-0.014999999999999902,-0.8249999999999997,0,nan,142,0.0,142,0.02199999988079071
7751,51,77,-0.04499999999999993,-0.8249999999999997,0,nan,142,0.0,142,0.02199999988079071
7752,52,77,-0.07499999999999996,-0.8249999999999997,0,nan,142,0.0,142,0.02199999988079071
7753,53,77,-0.10499999999999998,-0.8249999999999997,0,nan,142,0.0,142,0.02199999988079071
7754,54,77,-0.135,-0.8249999999999997,0,nan,142,0.0,142,0.02199999988079071
7755,55,77,-0.16500000000000004,-0.8249999999999997,0,nan,142,0.0,142,0.02199999988079071
7756,56,77,-0.19499999999999984,-0.8249999999999997,0,nan,142,0.0,142,0.02199999988079071
7757,57,77,-0.22499999999999987,-0.8249999999999997,0,nan,142,0.0,142,0.02199999988079071
7758,58,77,-0.2549999999999999,-0.8249999999999997,0,nan,142,0.0,142,0.02199999988079071
7759,59,77,-0.2849999999999999,-0.8249999999999997,0,nan,142,0.0,142,0.02199999988079071
7760,60,77,-0.31499999999999995,-0.8249999999999997,0,nan,142,0.0,142,0.02199999988079071
7761,61,77,-0.345,-0.8249999999999997,0,nan,142,0.0,142,0.02199999988079071
7762,62,77,-0.375,-0.8249999999999997,0,nan,142,0.0,142,0.02199999988079071
7763,63,77,-0.405,-0.8249999999999997,0,nan,142,0.0,142,0.02199999988079071
7764,64,77,-0.43499999999999983,-0.8249999999999997,0,nan,142,0.0,142,0.02199999988079071
7765,65,77,-0.46499999999999986,-0.8249999999999997,0,nan,142,0.0,142,0.02199999988079071
7766,66,77,-0.4949999999999999,-0.8249999999999997,0,nan,142,0.0,142,0.02199999988079071
7767,67,77,-0.5249999999999999,-0.8249999999999997,0,nan,142,0.0,142,0.02199999988079071
7768,68,77,-0.5549999999999997,-0.8249999999999997,0,nan,142,0.0,142,0.02199999988079071
7769,69,77,-0.585,-0.8249999999999997,0,nan,142,0.0,142,0.02199999988079071
7770,70,77,-0.6149999999999998,-0.8249999999999997,0,nan,142,0.0,142,0.02199999988079071
7771,71,77,-0.645,-0.8249999999999997,0,nan,142,0.0,142,0.02199999988079071
7772,72,77,-0.6749999999999998,-0.8249999999999997,0,nan,142,0.0,142,0.02199999988079071
7773,73,77,-0.7050000000000001,-0.8249999999999997,0,nan,142,0.0,142,0.02199999988079071
7774,74,77,-0.7349999999999999,-0.8249999999999997,0,nan,142,0.0,142,0.02199999988079071
7775,75,77,-0.7650000000000001,-0.8249999999999997,0,nan,142,0.0,142,0.02199999988079071
7776,76,77,-0.7949999999999999,-0.8249999999999997,0,nan,142,0.0,142,0.02199999988079071
7777,77,77,-0.8249999999999997,-0.8249999999999997,0,nan,142,0.0,142,0.02199999988079071
7778,78,77,-0.855,-0.8249999999999997,0,nan,142,0.0,142,0.02199999988079071
7779,79,77,-0.8849999999999998,-0.8249999999999997,0,nan,142,0.0,142,0.02199999988079071
7780,80,77,-0.915,-0.8249999999999997,0,nan,142,0.0,142,0.02199999988079071
7781,81,77,-0.9449999999999998,-0.8249999999999997,0,nan,142,0.0,142,0.02199999988079071
7782,82,77,-0.9750000000000001,-0.8249999999999997,0,nan,142,0.0,142,0.02199999988079071
7783,83,77,-1.005,-0.8249999999999997,0,nan,142,0.0,142,0.02199999988079071
7784,84,77,-1.0349999999999997,-0.8249999999999997,0,nan,142,0.0,142,0.02199999988079071
7785,85,77,-1.065,-0.8249999999999997,0,nan,142,0.0,142,0.02199999988079071
7786,86,77,-1.0949999999999998,-0.8249999999999997,0,nan,142,0.0,142,0.02199999988079071
7787,87,77,-1.125,-0.8249999999999997,0,nan,142,0.0,142,0.02199999988079071
7788,88,77,-1.1549999999999998,-0.8249999999999997,0,nan,142,0.0,142,0.02199999988079071
7789,89,77,-1.185,-0.8249999999999997,0,nan,142,0.0,142,0.02199999988079071
7790,90,77,-1.2149999999999999,-0.8249999999999997,0,nan,142,0.0,142,0.02199999988079071
7791,91,77,-1.245,-0.8249999999999997,0,nan,142,0.0,142,0.02199999988079071
7792,92,77,-1.275,-0.8249999999999997,0,nan,142,0.0,142,0.02199999988079071
7793,93,77,-1.3049999999999997,-0.8249999999999997,0,nan,142,0.0,142,0.02199999988079071
7794,94,77,-1.335,-0.8249999999999997,0,nan,142,0.0,142,0.02199999988079071
7795,95,77,-1.3649999999999998,-0.8249999999999997,0,nan,142,0.0,142,0.02199999988079071
7796,96,77,-1.395,-0.8249999999999997,0,nan,142,0.0,142,0.02199999988079071
7797,97,77,-1.4249999999999998,-0.8249999999999997,0,nan,142,0.0,142,0.0
7798,98,77,-1.455,-0.8249999999999997,0,nan,142,0.0,142,0.0
7799,99,77,-1.4849999999999999,-0.8249999999999997,0,nan,142,0.0,142,0.0
7800,0,78,1.485,-0.855,0,nan,142,0.0,142,0.0
7801,1,78,1.455,-0.855,0,nan,142,0.0,142,0.0
7802,2,78,1.425,-0.855,0,nan,142,0.0,142,0.0
7803,3,78,1.395,-0.855,0,nan,142,0.0,142,0.02199999988079071
7804,4,78,1.365,-0.855,0,nan,142,0.0,142,0.02199999988079071
7805,5,78,1.335,-0.855,0,nan,142,0.0,142,0.02199999988079071
7806,6,78,1.305,-0.855,0,nan,142,0.0,142,0.02199999988079071
7807,7,78,1.275,-0.855,0,nan,142,0.0,142,0.02199999988079071
7808,8,78,1.245,-0.855,0,nan,142,0.0,142,0.02199999988079071
7809,9,78,1.215,-0.855,0,nan,142,0.0,142,0.02199999988079071
7810,10,78,1.185,-0.855,0,nan,142,0.0,142,0.02199999988079071
7811,11,78,1.155,-0.855,0,nan,142,0.0,142,0.02199999988079071
7812,12,78,1.125,-0.855,0,nan,142,0.0,142,0.02199999988079071
7813,13,78,1.095,-0.855,0,nan,142,0.0,142,0.02199999988079071
7814,14,78,1.065,-0.855,0,nan,142,0.0,142,0.02199999988079071
7815,15,78,1.0350000000000001,-0.855,0,nan,142,0.0,142,0.02199999988079071
7816,16,78,1.005,-0.855,0,nan,142,0.0,142,0.02199999988079071
7817,17,78,0.975,-0.855,0,nan,142,0.0,142,0.02199999988079071
7818,18,78,0.9450000000000001,-0.855,0,nan,142,0.0,142,0.02199999988079071
7819,19,78,0.915,-0.855,0,nan,142,0.0,142,0.02199999988079071
7820,20,78,0.885,-0.855,0,nan,142,0.0,142,0.02199999988079071
7821,21,78,0.855,-0.855,0,nan,142,0.0,142,0.02199999988079071
7822,22,78,0.8250000000000001,-0.855,0,nan,142,0.0,142,0.02199999988079071
7823,23,78,0.795,-0.855,0,nan,142,0.0,142,0.02199999988079071
7824,24,78,0.765,-0.855,0,nan,142,0.0,142,0.02199999988079071
7825,25,78,0.735,-0.855,0,nan,142,0.0,142,0.02199999988079071
7826,26,78,0.7050000000000001,-0.855,0,nan,142,0.0,142,0.02199999988079071
7827,27,78,0.675,-0.855,0,nan,142,0.0,142,0.02199999988079071
7828,28,78,0.645,-0.855,0,nan,142,0.0,142,0.02199999988079071
7829,29,78,0.615,-0.855,0,nan,142,0.0,142,0.02199999988079071
7830,30,78,0.5850000000000001,-0.855,0,nan,142,0.0,142,0.02199999988079071
7831,31,78,0.555,-0.855,0,nan,142,0.0,142,0.02199999988079071
7832,32,78,0.525,-0.855,0,nan,142,0.0,142,0.02199999988079071
7833,33,78,0.4950000000000001,-0.855,0,nan,142,0.0,142,0.02199999988079071
7834,34,78,0.4650000000000001,-0.855,0,nan,142,0.0,142,0.02199999988079071
7835,35,78,0.43500000000000005,-0.855,0,nan,142,0.0,142,0.02199999988079071
7836,36,78,0.405,-0.855,0,nan,142,0.0,142,0.02199999988079071
7837,37,78,0.375,-0.855,0,nan,142,0.0,142,0.02199999988079071
7838,38,78,0.345,-0.855,0,nan,142,0.0,142,0.02199999988079071
7839,39,78,0.31499999999999995,-0.855,0,nan,142,0.0,142,0.02199999988079071
7840,40,78,0.28500000000000014,-0.855,0,nan,142,0.0,142,0.02199999988079071
7841,41,78,0.2550000000000001,-0.855,0,nan,142,0.0,142,0.02199999988079071
7842,42,78,0.2250000000000001,-0.855,0,nan,142,0.0,142,0.02199999988079071
7843,43,78,0.19500000000000006,-0.855,0,nan,142,0.0,142,0.02199999988079071
7844,44,78,0.16500000000000004,-0.855,0,nan,142,0.0,142,0.02199999988079071
7845,45,78,0.135,-0.855,0,nan,142,0.0,142,0.02199999988079071
7846,46,78,0.10499999999999998,-0.855,0,nan,142,0.0,142,0.02199999988079071
7847,47,78,0.07499999999999996,-0.855,0,nan,142,0.0,142,0.02199999988079071
7848,48,78,0.04500000000000015,-0.855,0,nan,142,0.0,142,0.02199999988079071
7849,49,78,0.015000000000000124,-0.855,0,nan,142,0.0,142,0.02199999988079071
7850,50,78,-0.014999999999999902,-0.855,0,nan,142,0.0,142,0.02199999988079071
7851,51,78,-0.04499999999999993,-0.855,0,nan,142,0.0,142,0.02199999988079071
7852,52,78,-0.07499999999999996,-0.855,0,nan,142,0.0,142,0.02199999988079071
7853,53,78,-0.10499999999999998,-0.855,0,nan,142,0.0,142,0.02199999988079071
7854,54,78,-0.135,-0.855,0,nan,142,0.0,142,0.02199999988079071
7855,55,78,-0.16500000000000004,-0.855,0,nan,142,0.0,142,0.02199999988079071
7856,56,78,-0.19499999999999984,-0.855,0,nan,142,0.0,142,0.02199999988079071
7857,57,78,-0.22499999999999987,-0.855,0,nan,142,0.0,142,0.02199999988079071
7858,58,78,-0.2549999999999999,-0.855,0,nan,142,0.0,142,0.02199999988079071
7859,59,78,-0.2849999999999999,-0.855,0,nan,142,0.0,142,0.02199999988079071
7860,60,78,-0.31499999999999995,-0.855,0,nan,142,0.0,142,0.02199999988079071
7861,61,78,-0.345,-0.855,0,nan,142,0.0,142,0.02199999988079071
7862,62,78,-0.375,-0.855,0,nan,142,0.0,142,0.02199999988079071
7863,63,78,-0.405,-0.855,0,nan,142,0.0,142,0.02199999988079071
7864,64,78,-0.43499999999999983,-0.855,0,nan,142,0.0,142,0.02199999988079071
7865,65,78,-0.46499999999999986,-0.855,0,nan,142,0.0,142,0.02199999988079071
7866,66,78,-0.4949999999999999,-0.855,0,nan,142,0.0,142,0.02199999988079071
7867,67,78,-0.5249999999999999,-0.855,0,nan,142,0.0,142,0.02199999988079071
7868,68,78,-0.5549999999999997,-0.855,0,nan,142,0.0,142,0.02199999988079071
7869,69,78,-0.585,-0.855,0,nan,142,0.0,142,0.02199999988079071
7870,70,78,-0.6149999999999998,-0.855,0,nan,142,0.0,142,0.02199999988079071
7871,71,78,-0.645,-0.855,0,nan,142,0.0,142,0.02199999988079071
7872,72,78,-0.6749999999999998,-0.855,0,nan,142,0.0,142,0.02199999988079071
7873,73,78,-0.7050000000000001,-0.855,0,nan,142,0.0,142,0.02199999988079071
7874,74,78,-0.7349999999999999,-0.855,0,nan,142,0.0,142,0.02199999988079071
7875,75,78,-0.7650000000000001,-0.855,0,nan,142,0.0,142,0.02199999988079071
7876,76,78,-0.7949999999999999,-0.855,0,nan,142,0.0,142,0.02199999988079071
7877,77,78,-0.8249999999999997,-0.855,0,nan,142,0.0,142,0.02199999988079071
7878,78,78,-0.855,-0.855,0,nan,142,0.0,142,0.02199999988079071
7879,79,78,-0.8849999999999998,-0.855,0,nan,142,0.0,142,0.02199999988079071
7880,80,78,-0.915,-0.855,0,nan,142,0.0,142,0.02199999988079071
7881,81,78,-0.9449999999999998,-0.855,0,nan,142,0.0,142,0.02199999988079071
7882,82,78,-0.9750000000000001,-0.855,0,nan,142,0.0,142,0.02199999988079071
7883,83,78,-1.005,-0.855,0,nan,142,0.0,142,0.02199999988079071
7884,84,78,-1.0349999999999997,-0.855,0,nan,142,0.0,142,0.02199999988079071
7885,85,78,-1.065,-0.855,0,nan,142,0.0,142,0.02199999988079071
7886,86,78,-1.0949999999999998,-0.855,0,nan,142,0.0,142,0.02199999988079071
7887,87,78,-1.125,-0.855,0,nan,142,0.0,142,0.02199999988079071
7888,88,78,-1.1549999999999998,-0.855,0,nan,142,0.0,142,0.02199999988079071
7889,89,78,-1.185,-0.855,0,nan,142,0.0,142,0.02199999988079071
7890,90,78,-1.2149999999999999,-0.855,0,nan,142,0.0,142,0.02199999988079071
7891,91,78,-1.245,-0.855,0,nan,142,0.0,142,0.02199999988079071
7892,92,78,-1.275,-0.855,0,nan,142,0.0,142,0.02199999988079071
7893,93,78,-1.3049999999999997,-0.855,0,nan,142,0.0,142,0.02199999988079071
7894,94,78,-1.335,-0.855,0,nan,142,0.0,142,0.02199999988079071
7895,95,78,-1.3649999999999998,-0.855,0,nan,142,0.0,142,0.02199999988079071
7896,96,78,-1.395,-0.855,0,nan,142,0.0,142,0.02199999988079071
7897,97,78,-1.4249999999999998,-0.855,0,nan,142,0.0,142,0.0
7898,98,78,-1.455,-0.855,0,nan,142,0.0,142,0.0
7899,99,78,-1.4849999999999999,-0.855,0,nan,142,0.0,142,0.0
7900,0,79,1.485,-0.8849999999999998,0,nan,142,0.0,142,0.0
7901,1,79,1.455,-0.8849999999999998,0,nan,142,0.0,142,0.0
7902,2,79,1.425,-0.8849999999999998,0,nan,142,0.0,142,0.0
7903,3,79,1.395,-0.8849999999999998,0,nan,142,0.0,142,0.02199999988079071
7904,4,79,1.365,-0.8849999999999998,0,nan,142,0.0,142,0.02199999988079071
7905,5,79,1.335,-0.8849999999999998,0,nan,142,0.0,142,0.02199999988079071
7906,6,79,1.305,-0.8849999999999998,0,nan,142,0.0,142,0.02199999988079071
7907,7,79,1.275,-0.8849999999999998,0,nan,142,0.0,142,0.02199999988079071
7908,8,79,1.245,-0.8849999999999998,0,nan,142,0.0,142,0.02199999988079071
7909,9,79,1.215,-0.8849999999999998,0,nan,142,0.0,142,0.02199999988079071
7910,10,79,1.185,-0.8849999999999998,0,nan,142,0.0,142,0.02199999988079071
7911,11,79,1.155,-0.8849999999999998,0,nan,142,0.0,142,0.02199999988079071
7912,12,79,1.125,-0.8849999999999998,0,nan,142,0.0,142,0.02199999988079071
7913,13,79,1.095,-0.8849999999999998,0,nan,142,0.0,142,0.02199999988079071
7914,14,79,1.065,-0.8849999999999998,0,nan,142,0.0,142,0.02199999988079071
7915,15,79,1.0350000000000001,-0.8849999999999998,0,nan,142,0.0,142,0.02199999988079071
7916,16,79,1.005,-0.8849999999999998,0,nan,142,0.0,142,0.02199999988079071
7917,17,79,0.975,-0.8849999999999998,0,nan,142,0.0,142,0.02199999988079071
7918,18,79,0.9450000000000001,-0.8849999999999998,0,nan,142,0.0,142,0.02199999988079071
7919,19,79,0.915,-0.8849999999999998,0,nan,142,0.0,142,0.02199999988079071
7920,20,79,0.885,-0.8849999999999998,0,nan,142,0.0,142,0.02199999988079071
7921,21,79,0.855,-0.8849999999999998,0,nan,142,0.0,142,0.02199999988079071
7922,22,79,0.8250000000000001,-0.8849999999999998,0,nan,142,0.0,142,0.02199999988079071
7923,23,79,0.795,-0.8849999999999998,0,nan,142,0.0,142,0.02199999988079071
7924,24,79,0.765,-0.8849999999999998,0,nan,142,0.0,142,0.02199999988079071
7925,25,79,0.735,-0.8849999999999998,0,nan,142,0.0,142,0.02199999988079071
7926,26,79,0.7050000000000001,-0.8849999999999998,0,nan,142,0.0,142,0.02199999988079071
7927,27,79,0.675,-0.8849999999999998,0,nan,142,0.0,142,0.02199999988079071
7928,28,79,0.645,-0.8849999999999998,0,nan,142,0.0,142,0.02199999988079071
7929,29,79,0.615,-0.8849999999999998,0,nan,142,0.0,142,0.02199999988079071
7930,30,79,0.5850000000000001,-0.8849999999999998,0,nan,142,0.0,142,0.02199999988079071
7931,31,79,0.555,-0.8849999999999998,0,nan,142,0.0,142,0.02199999988079071
7932,32,79,0.525,-0.8849999999999998,0,nan,142,0.0,142,0.02199999988079071
7933,33,79,0.4950000000000001,-0.8849999999999998,0,nan,142,0.0,142,0.02199999988079071
7934,34,79,0.4650000000000001,-0.8849999999999998,0,nan,142,0.0,142,0.02199999988079071
7935,35,79,0.43500000000000005,-0.8849999999999998,0,nan,142,0.0,142,0.02199999988079071
7936,36,79,0.405,-0.8849999999999998,0,nan,142,0.0,142,0.02199999988079071
7937,37,79,0.375,-0.8849999999999998,0,nan,142,0.0,142,0.02199999988079071
7938,38,79,0.345,-0.8849999999999998,0,nan,142,0.0,142,0.02199999988079071
7939,39,79,0.31499999999999995,-0.8849999999999998,0,nan,142,0.0,142,0.02199999988079071
7940,40,79,0.28500000000000014,-0.8849999999999998,0,nan,142,0.0,142,0.02199999988079071
7941,41,79,0.2550000000000001,-0.8849999999999998,0,nan,142,0.0,142,0.02199999988079071
7942,42,79,0.2250000000000001,-0.8849999999999998,0,nan,142,0.0,142,0.02199999988079071
7943,43,79,0.19500000000000006,-0.8849999999999998,0,nan,142,0.0,142,0.02199999988079071
7944,44,79,0.16500000000000004,-0.8849999999999998,0,nan,142,0.0,142,0.02199999988079071
7945,45,79,0.135,-0.8849999999999998,0,nan,142,0.0,142,0.02199999988079071
7946,46,79,0.10499999999999998,-0.8849999999999998,0,nan,142,0.0,142,0.02199999988079071
7947,47,79,0.07499999999999996,-0.8849999999999998,0,nan,142,0.0,142,0.02199999988079071
7948,48,79,0.04500000000000015,-0.8849999999999998,0,nan,142,0.0,142,0.02199999988079071
7949,49,79,0.015000000000000124,-0.8849999999999998,0,nan,142,0.0,142,0.02199999988079071
7950,50,79,-0.014999999999999902,-0.8849999999999998,0,nan,142,0.0,142,0.02199999988079071
7951,51,79,-0.04499999999999993,-0.8849999999999998,0,nan,142,0.0,142,0.02199999988079071
7952,52,79,-0.07499999999999996,-0.8849999999999998,0,nan,142,0.0,142,0.02199999988079071
7953,53,79,-0.10499999999999998,-0.8849999999999998,0,nan,142,0.0,142,0.02199999988079071
7954,54,79,-0.135,-0.8849999999999998,0,nan,142,0.0,142,0.02199999988079071
7955,55,79,-0.16500000000000004,-0.8849999999999998,0,nan,142,0.0,142,0.02199999988079071
7956,56,79,-0.19499999999999984,-0.8849999999999998,0,nan,142,0.0,142,0.02199999988079071
7957,57,79,-0.22499999999999987,-0.8849999999999998,0,nan,142,0.0,142,0.02199999988079071
7958,58,79,-0.2549999999999999,-0.8849999999999998,0,nan,142,0.0,142,0.02199999988079071
7959,59,79,-0.2849999999999999,-0.8849999999999998,0,nan,142,0.0,142,0.02199999988079071
7960,60,79,-0.31499999999999995,-0.8849999999999998,0,nan,142,0.0,142,0.02199999988079071
7961,61,79,-0.345,-0.8849999999999998,0,nan,142,0.0,142,0.02199999988079071
7962,62,79,-0.375,-0.8849999999999998,0,nan,142,0.0,142,0.02199999988079071
7963,63,79,-0.405,-0.8849999999999998,0,nan,142,0.0,142,0.02199999988079071
7964,64,79,-0.43499999999999983,-0.8849999999999998,0,nan,142,0.0,142,0.02199999988079071
7965,65,79,-0.46499999999999986,-0.8849999999999998,0,nan,142,0.0,142,0.02199999988079071
7966,66,79,-0.4949999999999999,-0.8849999999999998,0,nan,142,0.0,142,0.02199999988079071
7967,67,79,-0.5249999999999999,-0.8849999999999998,0,nan,142,0.0,142,0.02199999988079071
7968,68,79,-0.5549999999999997,-0.8849999999999998,0,nan,142,0.0,142,0.02199999988079071
7969,69,79,-0.585,-0.8849999999999998,0,nan,142,0.0,142,0.02199999988079071
7970,70,79,-0.6149999999999998,-0.8849999999999998,0,nan,142,0.0,142,0.02199999988079071
7971,71,79,-0.645,-0.8849999999999998,0,nan,142,0.0,142,0.02199999988079071
7972,72,79,-0.6749999999999998,-0.8849999999999998,0,nan,142,0.0,142,0.02199999988079071
7973,73,79,-0.7050000000000001,-0.8849999999999998,0,nan,142,0.0,142,0.02199999988079071
7974,74,79,-0.7349999999999999,-0.8849999999999998,0,nan,142,0.0,142,0.02199999988079071
7975,75,79,-0.7650000000000001,-0.8849999999999998,0,nan,142,0.0,142,0.02199999988079071
7976,76,79,-0.7949999999999999,-0.8849999999999998,0,nan,142,0.0,142,0.02199999988079071
7977,77,79,-0.8249999999999997,-0.8849999999999998,0,nan,142,0.0,142,0.02199999988079071
7978,78,79,-0.855,-0.8849999999999998,0,nan,142,0.0,142,0.02199999988079071
7979,79,79,-0.8849999999999998,-0.8849999999999998,0,nan,142,0.0,142,0.02199999988079071
7980,80,79,-0.915,-0.8849999999999998,0,nan,142,0.0,142,0.02199999988079071
7981,81,79,-0.9449999999999998,-0.8849999999999998,0,nan,142,0.0,142,0.02199999988079071
7982,82,79,-0.9750000000000001,-0.8849999999999998,0,nan,142,0.0,142,0.02199999988079071
7983,83,79,-1.005,-0.8849999999999998,0,nan,142,0.0,142,0.02199999988079071
7984,84,79,-1.0349999999999997,-0.8849999999999998,0,nan,142,0.0,142,0.02199999988079071
7985,85,79,-1.065,-0.8849999999999998,0,nan,142,0.0,142,0.02199999988079071
7986,86,79,-1.0949999999999998,-0.8849999999999998,0,nan,142,0.0,142,0.02199999988079071
7987,87,79,-1.125,-0.8849999999999998,0,nan,142,0.0,142,0.02199999988079071
7988,88,79,-1.1549999999999998,-0.8849999999999998,0,nan,142,0.0,142,0.02199999988079071
7989,89,79,-1.185,-0.8849999999999998,0,nan,142,0.0,142,0.02199999988079071
7990,90,79,-1.2149999999999999,-0.8849999999999998,0,nan,142,0.0,142,0.02199999988079071
7991,91,79,-1.245,-0.8849999999999998,0,nan,142,0.0,142,0.02199999988079071
7992,92,79,-1.275,-0.8849999999999998,0,nan,142,0.0,142,0.02199999988079071
7993,93,79,-1.3049999999999997,-0.8849999999999998,0,nan,142,0.0,142,0.02199999988079071
7994,94,79,-1.335,-0.8849999999999998,0,nan,142,0.0,142,0.02199999988079071
7995,95,79,-1.3649999999999998,-0.8849999999999998,0,nan,142,0.0,142,0.02199999988079071
7996,96,79,-1.395,-0.8849999999999998,0,nan,142,0.0,142,0.02199999988079071
7997,97,79,-1.4249999999999998,-0.8849999999999998,0,nan,142,0.0,142,0.0
7998,98,79,-1.455,-0.8849999999999998,0,nan,142,0.0,142,0.0
7999,99,79,-1.4849999999999999,-0.8849999999999998,0,nan,142,0.0,142,0.0
8000,0,80,1.485,-0.915,0,nan,142,0.0,142,0.0
8001,1,80,1.455,-0.915,0,nan,142,0.0,142,0.0
8002,2,80,1.425,-0.915,0,nan,142,0.0,142,0.0
8003,3,80,1.395,-0.915,0,nan,142,0.0,142,0.02199999988079071
8004,4,80,1.365,-0.915,0,nan,142,0.0,142,0.02199999988079071
8005,5,80,1.335,-0.915,0,nan,142,0.0,142,0.02199999988079071
8006,6,80,1.305,-0.915,0,nan,142,0.0,142,0.02199999988079071
8007,7,80,1.275,-0.915,0,nan,142,0.0,142,0.02199999988079071
8008,8,80,1.245,-0.915,0,nan,142,0.0,142,0.02199999988079071
8009,9,80,1.215,-0.915,0,nan,142,0.0,142,0.02199999988079071
8010,10,80,1.185,-0.915,0,nan,142,0.0,142,0.02199999988079071
8011,11,80,1.155,-0.915,0,nan,142,0.0,142,0.02199999988079071
8012,12,80,1.125,-0.915,0,nan,142,0.0,142,0.02199999988079071
8013,13,80,1.095,-0.915,0,nan,142,0.0,142,0.02199999988079071
8014,14,80,1.065,-0.915,0,nan,142,0.0,142,0.02199999988079071
8015,15,80,1.0350000000000001,-0.915,0,nan,142,0.0,142,0.02199999988079071
8016,16,80,1.005,-0.915,0,nan,142,0.0,142,0.02199999988079071
8017,17,80,0.975,-0.915,0,nan,142,0.0,142,0.02199999988079071
8018,18,80,0.9450000000000001,-0.915,0,nan,142,0.0,142,0.02199999988079071
8019,19,80,0.915,-0.915,0,nan,142,0.0,142,0.02199999988079071
8020,20,80,0.885,-0.915,0,nan,142,0.0,142,0.02199999988079071
8021,21,80,0.855,-0.915,0,nan,142,0.0,142,0.02199999988079071
8022,22,80,0.8250000000000001,-0.915,0,nan,142,0.0,142,0.02199999988079071
8023,23,80,0.795,-0.915,0,nan,142,0.0,142,0.02199999988079071
8024,24,80,0.765,-0.915,0,nan,142,0.0,142,0.02199999988079071
8025,25,80,0.735,-0.915,0,nan,142,0.0,142,0.02199999988079071
8026,26,80,0.7050000000000001,-0.915,0,nan,142,0.0,142,0.02199999988079071
8027,27,80,0.675,-0.915,0,nan,142,0.0,142,0.02199999988079071
8028,28,80,0.645,-0.915,0,nan,142,0.0,142,0.02199999988079071
8029,29,80,0.615,-0.915,0,nan,142,0.0,142,0.02199999988079071
8030,30,80,0.5850000000000001,-0.915,0,nan,142,0.0,142,0.02199999988079071
8031,31,80,0.555,-0.915,0,nan,142,0.0,142,0.02199999988079071
8032,32,80,0.525,-0.915,0,nan,142,0.0,142,0.02199999988079071
8033,33,80,0.4950000000000001,-0.915,0,nan,142,0.0,142,0.02199999988079071
8034,34,80,0.4650000000000001,-0.915,0,nan,142,0.0,142,0.02199999988079071
8035,35,80,0.43500000000000005,-0.915,0,nan,142,0.0,142,0.02199999988079071
8036,36,80,0.405,-0.915,0,nan,142,0.0,142,0.02199999988079071
8037,37,80,0.375,-0.915,0,nan,142,0.0,142,0.02199999988079071
8038,38,80,0.345,-0.915,0,nan,142,0.0,142,0.02199999988079071
8039,39,80,0.31499999999999995,-0.915,0,nan,142,0.0,142,0.02199999988079071
8040,40,80,0.28500000000000014,-0.915,0,nan,142,0.0,142,0.02199999988079071
8041,41,80,0.2550000000000001,-0.915,0,nan,142,0.0,142,0.02199999988079071
8042,42,80,0.2250000000000001,-0.915,0,nan,142,0.0,142,0.02199999988079071
8043,43,80,0.19500000000000006,-0.915,0,nan,142,0.0,142,0.02199999988079071
8044,44,80,0.16500000000000004,-0.915,0,nan,142,0.0,142,0.02199999988079071
8045,45,80,0.135,-0.915,0,nan,142,0.0,142,0.02199999988079071
8046,46,80,0.10499999999999998,-0.915,0,nan,142,0.0,142,0.02199999988079071
8047,47,80,0.07499999999999996,-0.915,0,nan,142,0.0,142,0.02199999988079071
8048,48,80,0.04500000000000015,-0.915,0,nan,142,0.0,142,0.02199999988079071
8049,49,80,0.015000000000000124,-0.915,0,nan,142,0.0,142,0.02199999988079071
8050,50,80,-0.014999999999999902,-0.915,0,nan,142,0.0,142,0.02199999988079071
8051,51,80,-0.04499999999999993,-0.915,0,nan,142,0.0,142,0.02199999988079071
8052,52,80,-0.07499999999999996,-0.915,0,nan,142,0.0,142,0.02199999988079071
8053,53,80,-0.10499999999999998,-0.915,0,nan,142,0.0,142,0.02199999988079071
8054,54,80,-0.135,-0.915,0,nan,142,0.0,142,0.02199999988079071
8055,55,80,-0.16500000000000004,-0.915,0,nan,142,0.0,142,0.02199999988079071
8056,56,80,-0.19499999999999984,-0.915,0,nan,142,0.0,142,0.02199999988079071
8057,57,80,-0.22499999999999987,-0.915,0,nan,142,0.0,142,0.02199999988079071
8058,58,80,-0.2549999999999999,-0.915,0,nan,142,0.0,142,0.02199999988079071
8059,59,80,-0.2849999999999999,-0.915,0,nan,142,0.0,142,0.02199999988079071
8060,60,80,-0.31499999999999995,-0.915,0,nan,142,0.0,142,0.02199999988079071
8061,61,80,-0.345,-0.915,0,nan,142,0.0,142,0.02199999988079071
8062,62,80,-0.375,-0.915,0,nan,142,0.0,142,0.02199999988079071
8063,63,80,-0.405,-0.915,0,nan,142,0.0,142,0.02199999988079071
8064,64,80,-0.43499999999999983,-0.915,0,nan,142,0.0,142,0.02199999988079071
8065,65,80,-0.46499999999999986,-0.915,0,nan,142,0.0,142,0.02199999988079071
8066,66,80,-0.4949999999999999,-0.915,0,nan,142,0.0,142,0.02199999988079071
8067,67,80,-0.5249999999999999,-0.915,0,nan,142,0.0,142,0.02199999988079071
8068,68,80,-0.5549999999999997,-0.915,0,nan,142,0.0,142,0.02199999988079071
8069,69,80,-0.585,-0.915,0,nan,142,0.0,142,0.02199999988079071
8070,70,80,-0.6149999999999998,-0.915,0,nan,142,0.0,142,0.02199999988079071
8071,71,80,-0.645,-0.915,0,nan,142,0.0,142,0.02199999988079071
8072,72,80,-0.6749999999999998,-0.915,0,nan,142,0.0,142,0.02199999988079071
8073,73,80,-0.7050000000000001,-0.915,0,nan,142,0.0,142,0.02199999988079071
8074,74,80,-0.7349999999999999,-0.915,0,nan,142,0.0,142,0.02199999988079071
8075,75,80,-0.7650000000000001,-0.915,0,nan,142,0.0,142,0.02199999988079071
8076,76,80,-0.7949999999999999,-0.915,0,nan,142,0.0,142,0.02199999988079071
8077,77,80,-0.8249999999999997,-0.915,0,nan,142,0.0,142,0.02199999988079071
8078,78,80,-0.855,-0.915,0,nan,142,0.0,142,0.02199999988079071
8079,79,80,-0.8849999999999998,-0.915,0,nan,142,0.0,142,0.02199999988079071
8080,80,80,-0.915,-0.915,0,nan,142,0.0,142,0.02199999988079071
8081,81,80,-0.9449999999999998,-0.915,0,nan,142,0.0,142,0.02199999988079071
8082,82,80,-0.9750000000000001,-0.915,0,nan,142,0.0,142,0.02199999988079071
8083,83,80,-1.005,-0.915,0,nan,142,0.0,142,0.02199999988079071
8084,84,80,-1.0349999999999997,-0.915,0,nan,142,0.0,142,0.02199999988079071
8085,85,80,-1.065,-0.915,0,nan,142,0.0,142,0.02199999988079071
8086,86,80,-1.0949999999999998,-0.915,0,nan,142,0.0,142,0.02199999988079071
8087,87,80,-1.125,-0.915,0,nan,142,0.0,142,0.02199999988079071
8088,88,80,-1.1549999999999998,-0.915,0,nan,142,0.0,142,0.02199999988079071
8089,89,80,-1.185,-0.915,0,nan,142,0.0,142,0.02199999988079071
8090,90,80,-1.2149999999999999,-0.915,0,nan,142,0.0,142,0.02199999988079071
8091,91,80,-1.245,-0.915,0,nan,142,0.0,142,0.02199999988079071
8092,92,80,-1.275,-0.915,0,nan,142,0.0,142,0.02199999988079071
8093,93,80,-1.3049999999999997,-0.915,0,nan,142,0.0,142,0.02199999988079071
8094,94,80,-1.335,-0.915,0,nan,142,0.0,142,0.02199999988079071
8095,95,80,-1.3649999999999998,-0.915,0,nan,142,0.0,142,0.02199999988079071
8096,96,80,-1.395,-0.915,0,nan,142,0.0,142,0.02199999988079071
8097,97,80,-1.4249999999999998,-0.915,0,nan,142,0.0,142,0.0
8098,98,80,-1.455,-0.915,0,nan,142,0.0,142,0.0
8099,99,80,-1.4849999999999999,-0.915,0,nan,142,0.0,142,0.0
8100,0,81,1.485,-0.9449999999999998,0,nan,142,0.0,142,0.0
8101,1,81,1.455,-0.9449999999999998,0,nan,142,0.0,142,0.0
8102,2,81,1.425,-0.9449999999999998,0,nan,142,0.0,142,0.0
8103,3,81,1.395,-0.9449999999999998,0,nan,142,0.0,142,0.02199999988079071
8104,4,81,1.365,-0.9449999999999998,0,nan,142,0.0,142,0.02199999988079071
8105,5,81,1.335,-0.9449999999999998,0,nan,142,0.0,142,0.02199999988079071
8106,6,81,1.305,-0.9449999999999998,0,nan,142,0.0,142,0.02199999988079071
8107,7,81,1.275,-0.9449999999999998,0,nan,142,0.0,142,0.02199999988079071
8108,8,81,1.245,-0.9449999999999998,0,nan,142,0.0,142,0.02199999988079071
8109,9,81,1.215,-0.9449999999999998,0,nan,142,0.0,142,0.02199999988079071
8110,10,81,1.185,-0.9449999999999998,0,nan,142,0.0,142,0.02199999988079071
8111,11,81,1.155,-0.9449999999999998,0,nan,142,0.0,142,0.02199999988079071
8112,12,81,1.125,-0.9449999999999998,0,nan,142,0.0,142,0.02199999988079071
8113,13,81,1.095,-0.9449999999999998,0,nan,142,0.0,142,0.02199999988079071
8114,14,81,1.065,-0.9449999999999998,0,nan,142,0.0,142,0.02199999988079071
8115,15,81,1.0350000000000001,-0.9449999999999998,0,nan,142,0.0,142,0.02199999988079071
8116,16,81,1.005,-0.9449999999999998,0,nan,142,0.0,142,0.02199999988079071
8117,17,81,0.975,-0.9449999999999998,0,nan,142,0.0,142,0.02199999988079071
8118,18,81,0.9450000000000001,-0.9449999999999998,0,nan,142,0.0,142,0.02199999988079071
8119,19,81,0.915,-0.9449999999999998,0,nan,142,0.0,142,0.02199999988079071
8120,20,81,0.885,-0.9449999999999998,0,nan,142,0.0,142,0.02199999988079071
8121,21,81,0.855,-0.9449999999999998,0,nan,142,0.0,142,0.02199999988079071
8122,22,81,0.8250000000000001,-0.9449999999999998,0,nan,142,0.0,142,0.02199999988079071
8123,23,81,0.795,-0.9449999999999998,0,nan,142,0.0,142,0.02199999988079071
8124,24,81,0.765,-0.9449999999999998,0,nan,142,0.0,142,0.02199999988079071
8125,25,81,0.735,-0.9449999999999998,0,nan,142,0.0,142,0.02199999988079071
8126,26,81,0.7050000000000001,-0.9449999999999998,0,nan,142,0.0,142,0.02199999988079071
8127,27,81,0.675,-0.9449999999999998,0,nan,142,0.0,142,0.02199999988079071
8128,28,81,0.645,-0.9449999999999998,0,nan,142,0.0,142,0.02199999988079071
8129,29,81,0.615,-0.9449999999999998,0,nan,142,0.0,142,0.02199999988079071
8130,30,81,0.5850000000000001,-0.9449999999999998,0,nan,142,0.0,142,0.02199999988079071
8131,31,81,0.555,-0.9449999999999998,0,nan,142,0.0,142,0.02199999988079071
8132,32,81,0.525,-0.9449999999999998,0,nan,142,0.0,142,0.02199999988079071
8133,33,81,0.4950000000000001,-0.9449999999999998,0,nan,142,0.0,142,0.02199999988079071
8134,34,81,0.4650000000000001,-0.9449999999999998,0,nan,142,0.0,142,0.02199999988079071
8135,35,81,0.43500000000000005,-0.9449999999999998,0,nan,142,0.0,142,0.02199999988079071
8136,36,81,0.405,-0.9449999999999998,0,nan,142,0.0,142,0.02199999988079071
8137,37,81,0.375,-0.9449999999999998,0,nan,142,0.0,142,0.02199999988079071
8138,38,81,0.345,-0.9449999999999998,0,nan,142,0.0,142,0.02199999988079071
8139,39,81,0.31499999999999995,-0.9449999999999998,0,nan,142,0.0,142,0.02199999988079071
8140,40,81,0.28500000000000014,-0.9449999999999998,0,nan,142,0.0,142,0.02199999988079071
8141,41,81,0.2550000000000001,-0.9449999999999998,0,nan,142,0.0,142,0.02199999988079071
8142,42,81,0.2250000000000001,-0.9449999999999998,0,nan,142,0.0,142,0.02199999988079071
8143,43,81,0.19500000000000006,-0.9449999999999998,0,nan,142,0.0,142,0.02199999988079071
8144,44,81,0.16500000000000004,-0.9449999999999998,0,nan,142,0.0,142,0.02199999988079071
8145,45,81,0.135,-0.9449999999999998,0,nan,142,0.0,142,0.02199999988079071
8146,46,81,0.10499999999999998,-0.9449999999999998,0,nan,142,0.0,142,0.02199999988079071
8147,47,81,0.07499999999999996,-0.9449999999999998,0,nan,142,0.0,142,0.02199999988079071
8148,48,81,0.04500000000000015,-0.9449999999999998,0,nan,142,0.0,142,0.02199999988079071
8149,49,81,0.015000000000000124,-0.9449999999999998,0,nan,142,0.0,142,0.02199999988079071
8150,50,81,-0.014999999999999902,-0.9449999999999998,0,nan,142,0.0,142,0.02199999988079071
8151,51,81,-0.04499999999999993,-0.9449999999999998,0,nan,142,0.0,142,0.02199999988079071
8152,52,81,-0.07499999999999996,-0.9449999999999998,0,nan,142,0.0,142,0.02199999988079071
8153,53,81,-0.10499999999999998,-0.9449999999999998,0,nan,142,0.0,142,0.02199999988079071
8154,54,81,-0.135,-0.9449999999999998,0,nan,142,0.0,142,0.02199999988079071
8155,55,81,-0.16500000000000004,-0.9449999999999998,0,nan,142,0.0,142,0.02199999988079071
8156,56,81,-0.19499999999999984,-0.9449999999999998,0,nan,142,0.0,142,0.02199999988079071
8157,57,81,-0.22499999999999987,-0.9449999999999998,0,nan,142,0.0,142,0.02199999988079071
8158,58,81,-0.2549999999999999,-0.9449999999999998,0,nan,142,0.0,142,0.02199999988079071
8159,59,81,-0.2849999999999999,-0.9449999999999998,0,nan,142,0.0,142,0.02199999988079071
8160,60,81,-0.31499999999999995,-0.9449999999999998,0,nan,142,0.0,142,0.02199999988079071
8161,61,81,-0.345,-0.9449999999999998,0,nan,142,0.0,142,0.02199999988079071
8162,62,81,-0.375,-0.9449999999999998,0,nan,142,0.0,142,0.02199999988079071
8163,63,81,-0.405,-0.9449999999999998,0,nan,142,0.0,142,0.02199999988079071
8164,64,81,-0.43499999999999983,-0.9449999999999998,0,nan,142,0.0,142,0.02199999988079071
8165,65,81,-0.46499999999999986,-0.9449999999999998,0,nan,142,0.0,142,0.02199999988079071
8166,66,81,-0.4949999999999999,-0.9449999999999998,0,nan,142,0.0,142,0.02199999988079071
8167,67,81,-0.5249999999999999,-0.9449999999999998,0,nan,142,0.0,142,0.02199999988079071
8168,68,81,-0.5549999999999997,-0.9449999999999998,0,nan,142,0.0,142,0.02199999988079071
8169,69,81,-0.585,-0.9449999999999998,0,nan,142,0.0,142,0.02199999988079071
8170,70,81,-0.6149999999999998,-0.9449999999999998,0,nan,142,0.0,142,0.02199999988079071
8171,71,81,-0.645,-0.9449999999999998,0,nan,142,0.0,142,0.02199999988079071
8172,72,81,-0.6749999999999998,-0.9449999999999998,0,nan,142,0.0,142,0.02199999988079071
8173,73,81,-0.7050000000000001,-0.9449999999999998,0,nan,142,0.0,142,0.02199999988079071
8174,74,81,-0.7349999999999999,-0.9449999999999998,0,nan,142,0.0,142,0.02199999988079071
8175,75,81,-0.7650000000000001,-0.9449999999999998,0,nan,142,0.0,142,0.02199999988079071
8176,76,81,-0.7949999999999999,-0.9449999999999998,0,nan,142,0.0,142,0.02199999988079071
8177,77,81,-0.8249999999999997,-0.9449999999999998,0,nan,142,0.0,142,0.02199999988079071
8178,78,81,-0.855,-0.9449999999999998,0,nan,142,0.0,142,0.02199999988079071
8179,79,81,-0.8849999999999998,-0.9449999999999998,0,nan,142,0.0,142,0.02199999988079071
8180,80,81,-0.915,-0.9449999999999998,0,nan,142,0.0,142,0.02199999988079071
8181,81,81,-0.9449999999999998,-0.9449999999999998,0,nan,142,0.0,142,0.02199999988079071
8182,82,81,-0.9750000000000001,-0.9449999999999998,0,nan,142,0.0,142,0.02199999988079071
8183,83,81,-1.005,-0.9449999999999998,0,nan,142,0.0,142,0.02199999988079071
8184,84,81,-1.0349999999999997,-0.9449999999999998,0,nan,142,0.0,142,0.02199999988079071
8185,85,81,-1.065,-0.9449999999999998,0,nan,142,0.0,142,0.02199999988079071
8186,86,81,-1.0949999999999998,-0.9449999999999998,0,nan,142,0.0,142,0.02199999988079071
8187,87,81,-1.125,-0.9449999999999998,0,nan,142,0.0,142,0.02199999988079071
8188,88,81,-1.1549999999999998,-0.9449999999999998,0,nan,142,0.0,142,0.02199999988079071
8189,89,81,-1.185,-0.9449999999999998,0,nan,142,0.0,142,0.02199999988079071
8190,90,81,-1.2149999999999999,-0.9449999999999998,0,nan,142,0.0,142,0.02199999988079071
8191,91,81,-1.245,-0.9449999999999998,0,nan,142,0.0,142,0.02199999988079071
8192,92,81,-1.275,-0.9449999999999998,0,nan,142,0.0,142,0.02199999988079071
8193,93,81,-1.3049999999999997,-0.9449999999999998,0,nan,142,0.0,142,0.02199999988079071
8194,94,81,-1.335,-0.9449999999999998,0,nan,142,0.0,142,0.02199999988079071
8195,95,81,-1.3649999999999998,-0.9449999999999998,0,nan,142,0.0,142,0.02199999988079071
8196,96,81,-1.395,-0.9449999999999998,0,nan,142,0.0,142,0.02199999988079071
8197,97,81,-1.4249999999999998,-0.9449999999999998,0,nan,142,0.0,142,0.0
8198,98,81,-1.455,-0.9449999999999998,0,nan,142,0.0,142,0.0
8199,99,81,-1.4849999999999999,-0.9449999999999998,0,nan,142,0.0,142,0.0
8200,0,82,1.485,-0.9750000000000001,0,nan,142,0.0,142,0.0
8201,1,82,1.455,-0.9750000000000001,0,nan,142,0.0,142,0.0
8202,2,82,1.425,-0.9750000000000001,0,nan,142,0.0,142,0.0
8203,3,82,1.395,-0.9750000000000001,0,nan,142,0.0,142,0.02199999988079071
8204,4,82,1.365,-0.9750000000000001,0,nan,142,0.0,142,0.02199999988079071
8205,5,82,1.335,-0.9750000000000001,0,nan,142,0.0,142,0.02199999988079071
8206,6,82,1.305,-0.9750000000000001,0,nan,142,0.0,142,0.02199999988079071
8207,7,82,1.275,-0.9750000000000001,0,nan,142,0.0,142,0.02199999988079071
8208,8,82,1.245,-0.9750000000000001,0,nan,142,0.0,142,0.02199999988079071
8209,9,82,1.215,-0.9750000000000001,0,nan,142,0.0,142,0.02199999988079071
8210,10,82,1.185,-0.9750000000000001,0,nan,142,0.0,142,0.02199999988079071
8211,11,82,1.155,-0.9750000000000001,0,nan,142,0.0,142,0.02199999988079071
8212,12,82,1.125,-0.9750000000000001,0,nan,142,0.0,142,0.02199999988079071
8213,13,82,1.095,-0.9750000000000001,0,nan,142,0.0,142,0.02199999988079071
8214,14,82,1.065,-0.9750000000000001,0,nan,142,0.0,142,0.02199999988079071
8215,15,82,1.0350000000000001,-0.9750000000000001,0,nan,142,0.0,142,0.02199999988079071
8216,16,82,1.005,-0.9750000000000001,0,nan,142,0.0,142,0.02199999988079071
8217,17,82,0.975,-0.9750000000000001,0,nan,142,0.0,142,0.02199999988079071
8218,18,82,0.9450000000000001,-0.9750000000000001,0,nan,142,0.0,142,0.02199999988079071
8219,19,82,0.915,-0.9750000000000001,0,nan,142,0.0,142,0.02199999988079071
8220,20,82,0.885,-0.9750000000000001,0,nan,142,0.0,142,0.02199999988079071
8221,21,82,0.855,-0.9750000000000001,0,nan,142,0.0,142,0.02199999988079071
8222,22,82,0.8250000000000001,-0.9750000000000001,0,nan,142,0.0,142,0.02199999988079071
8223,23,82,0.795,-0.9750000000000001,0,nan,142,0.0,142,0.02199999988079071
8224,24,82,0.765,-0.9750000000000001,0,nan,142,0.0,142,0.02199999988079071
8225,25,82,0.735,-0.9750000000000001,0,nan,142,0.0,142,0.02199999988079071
8226,26,82,0.7050000000000001,-0.9750000000000001,0,nan,142,0.0,142,0.02199999988079071
8227,27,82,0.675,-0.9750000000000001,0,nan,142,0.0,142,0.02199999988079071
8228,28,82,0.645,-0.9750000000000001,0,nan,142,0.0,142,0.02199999988079071
8229,29,82,0.615,-0.9750000000000001,0,nan,142,0.0,142,0.02199999988079071
8230,30,82,0.5850000000000001,-0.9750000000000001,0,nan,142,0.0,142,0.02199999988079071
8231,31,82,0.555,-0.9750000000000001,0,nan,142,0.0,142,0.02199999988079071
8232,32,82,0.525,-0.9750000000000001,0,nan,142,0.0,142,0.02199999988079071
8233,33,82,0.4950000000000001,-0.9750000000000001,0,nan,142,0.0,142,0.02199999988079071
8234,34,82,0.4650000000000001,-0.9750000000000001,0,nan,142,0.0,142,0.02199999988079071
8235,35,82,0.43500000000000005,-0.9750000000000001,0,nan,142,0.0,142,0.02199999988079071
8236,36,82,0.405,-0.9750000000000001,0,nan,142,0.0,142,0.02199999988079071
8237,37,82,0.375,-0.9750000000000001,0,nan,142,0.0,142,0.02199999988079071
8238,38,82,0.345,-0.9750000000000001,0,nan,142,0.0,142,0.02199999988079071
8239,39,82,0.31499999999999995,-0.9750000000000001,0,nan,142,0.0,142,0.02199999988079071
8240,40,82,0.28500000000000014,-0.9750000000000001,0,nan,142,0.0,142,0.02199999988079071
8241,41,82,0.2550000000000001,-0.9750000000000001,0,nan,142,0.0,142,0.02199999988079071
8242,42,82,0.2250000000000001,-0.9750000000000001,0,nan,142,0.0,142,0.02199999988079071
8243,43,82,0.19500000000000006,-0.9750000000000001,0,nan,142,0.0,142,0.02199999988079071
8244,44,82,0.16500000000000004,-0.9750000000000001,0,nan,142,0.0,142,0.02199999988079071
8245,45,82,0.135,-0.9750000000000001,0,nan,142,0.0,142,0.02199999988079071
8246,46,82,0.10499999999999998,-0.9750000000000001,0,nan,142,0.0,142,0.02199999988079071
8247,47,82,0.07499999999999996,-0.9750000000000001,0,nan,142,0.0,142,0.02199999988079071
8248,48,82,0.04500000000000015,-0.9750000000000001,0,nan,142,0.0,142,0.02199999988079071
8249,49,82,0.015000000000000124,-0.9750000000000001,0,nan,142,0.0,142,0.02199999988079071
8250,50,82,-0.014999999999999902,-0.9750000000000001,0,nan,142,0.0,142,0.02199999988079071
8251,51,82,-0.04499999999999993,-0.9750000000000001,0,nan,142,0.0,142,0.02199999988079071
8252,52,82,-0.07499999999999996,-0.9750000000000001,0,nan,142,0.0,142,0.02199999988079071
8253,53,82,-0.10499999999999998,-0.9750000000000001,0,nan,142,0.0,142,0.02199999988079071
8254,54,82,-0.135,-0.9750000000000001,0,nan,142,0.0,142,0.02199999988079071
8255,55,82,-0.16500000000000004,-0.9750000000000001,0,nan,142,0.0,142,0.02199999988079071
8256,56,82,-0.19499999999999984,-0.9750000000000001,0,nan,142,0.0,142,0.02199999988079071
8257,57,82,-0.22499999999999987,-0.9750000000000001,0,nan,142,0.0,142,0.02199999988079071
8258,58,82,-0.2549999999999999,-0.9750000000000001,0,nan,142,0.0,142,0.02199999988079071
8259,59,82,-0.2849999999999999,-0.9750000000000001,0,nan,142,0.0,142,0.02199999988079071
8260,60,82,-0.31499999999999995,-0.9750000000000001,0,nan,142,0.0,142,0.02199999988079071
8261,61,82,-0.345,-0.9750000000000001,0,nan,142,0.0,142,0.02199999988079071
8262,62,82,-0.375,-0.9750000000000001,0,nan,142,0.0,142,0.02199999988079071
8263,63,82,-0.405,-0.9750000000000001,0,nan,142,0.0,142,0.02199999988079071
8264,64,82,-0.43499999999999983,-0.9750000000000001,0,nan,142,0.0,142,0.02199999988079071
8265,65,82,-0.46499999999999986,-0.9750000000000001,0,nan,142,0.0,142,0.02199999988079071
8266,66,82,-0.4949999999999999,-0.9750000000000001,0,nan,142,0.0,142,0.02199999988079071
8267,67,82,-0.5249999999999999,-0.9750000000000001,0,nan,142,0.0,142,0.02199999988079071
8268,68,82,-0.5549999999999997,-0.9750000000000001,0,nan,142,0.0,142,0.02199999988079071
8269,69,82,-0.585,-0.9750000000000001,0,nan,142,0.0,142,0.02199999988079071
8270,70,82,-0.6149999999999998,-0.9750000000000001,0,nan,142,0.0,142,0.02199999988079071
8271,71,82,-0.645,-0.9750000000000001,0,nan,142,0.0,142,0.02199999988079071
8272,72,82,-0.6749999999999998,-0.9750000000000001,0,nan,142,0.0,142,0.02199999988079071
8273,73,82,-0.7050000000000001,-0.9750000000000001,0,nan,142,0.0,142,0.02199999988079071
8274,74,82,-0.7349999999999999,-0.9750000000000001,0,nan,142,0.0,142,0.02199999988079071
8275,75,82,-0.7650000000000001,-0.9750000000000001,0,nan,142,0.0,142,0.02199999988079071
8276,76,82,-0.7949999999999999,-0.9750000000000001,0,nan,142,0.0,142,0.02199999988079071
8277,77,82,-0.8249999999999997,-0.9750000000000001,0,nan,142,0.0,142,0.02199999988079071
8278,78,82,-0.855,-0.9750000000000001,0,nan,142,0.0,142,0.02199999988079071
8279,79,82,-0.8849999999999998,-0.9750000000000001,0,nan,142,0.0,142,0.02199999988079071
8280,80,82,-0.915,-0.9750000000000001,0,nan,142,0.0,142,0.02199999988079071
8281,81,82,-0.9449999999999998,-0.9750000000000001,0,nan,142,0.0,142,0.02199999988079071
8282,82,82,-0.9750000000000001,-0.9750000000000001,0,nan,142,0.0,142,0.02199999988079071
8283,83,82,-1.005,-0.9750000000000001,0,nan,142,0.0,142,0.02199999988079071
8284,84,82,-1.0349999999999997,-0.9750000000000001,0,nan,142,0.0,142,0.02199999988079071
8285,85,82,-1.065,-0.9750000000000001,0,nan,142,0.0,142,0.02199999988079071
8286,86,82,-1.0949999999999998,-0.9750000000000001,0,nan,142,0.0,142,0.02199999988079071
8287,87,82,-1.125,-0.9750000000000001,0,nan,142,0.0,142,0.02199999988079071
8288,88,82,-1.1549999999999998,-0.9750000000000001,0,nan,142,0.0,142,0.02199999988079071
8289,89,82,-1.185,-0.9750000000000001,0,nan,142,0.0,142,0.02199999988079071
8290,90,82,-1.2149999999999999,-0.9750000000000001,0,nan,142,0.0,142,0.02199999988079071
8291,91,82,-1.245,-0.9750000000000001,0,nan,142,0.0,142,0.02199999988079071
8292,92,82,-1.275,-0.9750000000000001,0,nan,142,0.0,142,0.02199999988079071
8293,93,82,-1.3049999999999997,-0.9750000000000001,0,nan,142,0.0,142,0.02199999988079071
8294,94,82,-1.335,-0.9750000000000001,0,nan,142,0.0,142,0.02199999988079071
8295,95,82,-1.3649999999999998,-0.9750000000000001,0,nan,142,0.0,142,0.02199999988079071
8296,96,82,-1.395,-0.9750000000000001,0,nan,142,0.0,142,0.02199999988079071
8297,97,82,-1.4249999999999998,-0.9750000000000001,0,nan,142,0.0,142,0.0
8298,98,82,-1.455,-0.9750000000000001,0,nan,142,0.0,142,0.0
8299,99,82,-1.4849999999999999,-0.9750000000000001,0,nan,142,0.0,142,0.0
8300,0,83,1.485,-1.005,0,nan,142,0.0,142,0.0
8301,1,83,1.455,-1.005,0,nan,142,0.0,142,0.0
8302,2,83,1.425,-1.005,0,nan,142,0.0,142,0.0
8303,3,83,1.395,-1.005,0,nan,142,0.0,142,0.02199999988079071
8304,4,83,1.365,-1.005,0,nan,142,0.0,142,0.02199999988079071
8305,5,83,1.335,-1.005,0,nan,142,0.0,142,0.02199999988079071
8306,6,83,1.305,-1.005,0,nan,142,0.0,142,0.02199999988079071
8307,7,83,1.275,-1.005,0,nan,142,0.0,142,0.02199999988079071
8308,8,83,1.245,-1.005,0,nan,142,0.0,142,0.02199999988079071
8309,9,83,1.215,-1.005,0,nan,142,0.0,142,0.02199999988079071
8310,10,83,1.185,-1.005,0,nan,142,0.0,142,0.02199999988079071
8311,11,83,1.155,-1.005,0,nan,142,0.0,142,0.02199999988079071
8312,12,83,1.125,-1.005,0,nan,142,0.0,142,0.02199999988079071
8313,13,83,1.095,-1.005,0,nan,142,0.0,142,0.02199999988079071
8314,14,83,1.065,-1.005,0,nan,142,0.0,142,0.02199999988079071
8315,15,83,1.0350000000000001,-1.005,0,nan,142,0.0,142,0.02199999988079071
8316,16,83,1.005,-1.005,0,nan,142,0.0,142,0.02199999988079071
8317,17,83,0.975,-1.005,0,nan,142,0.0,142,0.02199999988079071
8318,18,83,0.9450000000000001,-1.005,0,nan,142,0.0,142,0.02199999988079071
8319,19,83,0.915,-1.005,0,nan,142,0.0,142,0.02199999988079071
8320,20,83,0.885,-1.005,0,nan,142,0.0,142,0.02199999988079071
8321,21,83,0.855,-1.005,0,nan,142,0.0,142,0.02199999988079071
8322,22,83,0.8250000000000001,-1.005,0,nan,142,0.0,142,0.02199999988079071
8323,23,83,0.795,-1.005,0,nan,142,0.0,142,0.02199999988079071
8324,24,83,0.765,-1.005,0,nan,142,0.0,142,0.02199999988079071
8325,25,83,0.735,-1.005,0,nan,142,0.0,142,0.02199999988079071
8326,26,83,0.7050000000000001,-1.005,0,nan,142,0.0,142,0.02199999988079071
8327,27,83,0.675,-1.005,0,nan,142,0.0,142,0.02199999988079071
8328,28,83,0.645,-1.005,0,nan,142,0.0,142,0.02199999988079071
8329,29,83,0.615,-1.005,0,nan,142,0.0,142,0.02199999988079071
8330,30,83,0.5850000000000001,-1.005,0,nan,142,0.0,142,0.02199999988079071
8331,31,83,0.555,-1.005,0,nan,142,0.0,142,0.02199999988079071
8332,32,83,0.525,-1.005,0,nan,142,0.0,142,0.02199999988079071
8333,33,83,0.4950000000000001,-1.005,0,nan,142,0.0,142,0.02199999988079071
8334,34,83,0.4650000000000001,-1.005,0,nan,142,0.0,142,0.02199999988079071
8335,35,83,0.43500000000000005,-1.005,0,nan,142,0.0,142,0.02199999988079071
8336,36,83,0.405,-1.005,0,nan,142,0.0,142,0.02199999988079071
8337,37,83,0.375,-1.005,0,nan,142,0.0,142,0.02199999988079071
8338,38,83,0.345,-1.005,0,nan,142,0.0,142,0.02199999988079071
8339,39,83,0.31499999999999995,-1.005,0,nan,142,0.0,142,0.02199999988079071
8340,40,83,0.28500000000000014,-1.005,0,nan,142,0.0,142,0.02199999988079071
8341,41,83,0.2550000000000001,-1.005,0,nan,142,0.0,142,0.02199999988079071
8342,42,83,0.2250000000000001,-1.005,0,nan,142,0.0,142,0.02199999988079071
8343,43,83,0.19500000000000006,-1.005,0,nan,142,0.0,142,0.02199999988079071
8344,44,83,0.16500000000000004,-1.005,0,nan,142,0.0,142,0.02199999988079071
8345,45,83,0.135,-1.005,0,nan,142,0.0,142,0.02199999988079071
8346,46,83,0.10499999999999998,-1.005,0,nan,142,0.0,142,0.02199999988079071
8347,47,83,0.07499999999999996,-1.005,0,nan,142,0.0,142,0.02199999988079071
8348,48,83,0.04500000000000015,-1.005,0,nan,142,0.0,142,0.02199999988079071
8349,49,83,0.015000000000000124,-1.005,0,nan,142,0.0,142,0.02199999988079071
8350,50,83,-0.014999999999999902,-1.005,0,nan,142,0.0,142,0.02199999988079071
8351,51,83,-0.04499999999999993,-1.005,0,nan,142,0.0,142,0.02199999988079071
8352,52,83,-0.07499999999999996,-1.005,0,nan,142,0.0,142,0.02199999988079071
8353,53,83,-0.10499999999999998,-1.005,0,nan,142,0.0,142,0.02199999988079071
8354,54,83,-0.135,-1.005,0,nan,142,0.0,142,0.02199999988079071
8355,55,83,-0.16500000000000004,-1.005,0,nan,142,0.0,142,0.02199999988079071
8356,56,83,-0.19499999999999984,-1.005,0,nan,142,0.0,142,0.02199999988079071
8357,57,83,-0.22499999999999987,-1.005,0,nan,142,0.0,142,0.02199999988079071
8358,58,83,-0.2549999999999999,-1.005,0,nan,142,0.0,142,0.02199999988079071
8359,59,83,-0.2849999999999999,-1.005,0,nan,142,0.0,142,0.02199999988079071
8360,60,83,-0.31499999999999995,-1.005,0,nan,142,0.0,142,0.02199999988079071
8361,61,83,-0.345,-1.005,0,nan,142,0.0,142,0.02199999988079071
8362,62,83,-0.375,-1.005,0,nan,142,0.0,142,0.02199999988079071
8363,63,83,-0.405,-1.005,0,nan,142,0.0,142,0.02199999988079071
8364,64,83,-0.43499999999999983,-1.005,0,nan,142,0.0,142,0.02199999988079071
8365,65,83,-0.46499999999999986,-1.005,0,nan,142,0.0,142,0.02199999988079071
8366,66,83,-0.4949999999999999,-1.005,0,nan,142,0.0,142,0.02199999988079071
8367,67,83,-0.5249999999999999,-1.005,0,nan,142,0.0,142,0.02199999988079071
8368,68,83,-0.5549999999999997,-1.005,0,nan,142,0.0,142,0.02199999988079071
8369,69,83,-0.585,-1.005,0,nan,142,0.0,142,0.02199999988079071
8370,70,83,-0.6149999999999998,-1.005,0,nan,142,0.0,142,0.02199999988079071
8371,71,83,-0.645,-1.005,0,nan,142,0.0,142,0.02199999988079071
8372,72,83,-0.6749999999999998,-1.005,0,nan,142,0.0,142,0.02199999988079071
8373,73,83,-0.7050000000000001,-1.005,0,nan,142,0.0,142,0.02199999988079071
8374,74,83,-0.7349999999999999,-1.005,0,nan,142,0.0,142,0.02199999988079071
8375,75,83,-0.7650000000000001,-1.005,0,nan,142,0.0,142,0.02199999988079071
8376,76,83,-0.7949999999999999,-1.005,0,nan,142,0.0,142,0.02199999988079071
8377,77,83,-0.8249999999999997,-1.005,0,nan,142,0.0,142,0.02199999988079071
8378,78,83,-0.855,-1.005,0,nan,142,0.0,142,0.02199999988079071
8379,79,83,-0.8849999999999998,-1.005,0,nan,142,0.0,142,0.02199999988079071
8380,80,83,-0.915,-1.005,0,nan,142,0.0,142,0.02199999988079071
8381,81,83,-0.9449999999999998,-1.005,0,nan,142,0.0,142,0.02199999988079071
8382,82,83,-0.9750000000000001,-1.005,0,nan,142,0.0,142,0.02199999988079071
8383,83,83,-1.005,-1.005,0,nan,142,0.0,142,0.02199999988079071
8384,84,83,-1.0349999999999997,-1.005,0,nan,142,0.0,142,0.02199999988079071
8385,85,83,-1.065,-1.005,0,nan,142,0.0,142,0.02199999988079071
8386,86,83,-1.0949999999999998,-1.005,0,nan,142,0.0,142,0.02199999988079071
8387,87,83,-1.125,-1.005,0,nan,142,0.0,142,0.02199999988079071
8388,88,83,-1.1549999999999998,-1.005,0,nan,142,0.0,142,0.02199999988079071
8389,89,83,-1.185,-1.005,0,nan,142,0.0,142,0.02199999988079071
8390,90,83,-1.2149999999999999,-1.005,0,nan,142,0.0,142,0.02199999988079071
8391,91,83,-1.245,-1.005,0,nan,142,0.0,142,0.02199999988079071
8392,92,83,-1.275,-1.005,0,nan,142,0.0,142,0.02199999988079071
8393,93,83,-1.3049999999999997,-1.005,0,nan,142,0.0,142,0.02199999988079071
8394,94,83,-1.335,-1.005,0,nan,142,0.0,142,0.02199999988079071
8395,95,83,-1.3649999999999998,-1.005,0,nan,142,0.0,142,0.02199999988079071
8396,96,83,-1.395,-1.005,0,nan,142,0.0,142,0.02199999988079071
8397,97,83,-1.4249999999999998,-1.005,0,nan,142,0.0,142,0.0
8398,98,83,-1.455,-1.005,0,nan,142,0.0,142,0.0
8399,99,83,-1.4849999999999999,-1.005,0,nan,142,0.0,142,0.0
8400,0,84,1.485,-1.0349999999999997,0,nan,142,0.0,142,0.0
8401,1,84,1.455,-1.0349999999999997,0,nan,142,0.0,142,0.0
8402,2,84,1.425,-1.0349999999999997,0,nan,142,0.0,142,0.0
8403,3,84,1.395,-1.0349999999999997,0,nan,142,0.0,142,0.02199999988079071
8404,4,84,1.365,-1.0349999999999997,0,nan,142,0.0,142,0.02199999988079071
8405,5,84,1.335,-1.0349999999999997,0,nan,142,0.0,142,0.02199999988079071
8406,6,84,1.305,-1.0349999999999997,0,nan,142,0.0,142,0.02199999988079071
8407,7,84,1.275,-1.0349999999999997,0,nan,142,0.0,142,0.02199999988079071
8408,8,84,1.245,-1.0349999999999997,0,nan,142,0.0,142,0.02199999988079071
8409,9,84,1.215,-1.0349999999999997,0,nan,142,0.0,142,0.02199999988079071
8410,10,84,1.185,-1.0349999999999997,0,nan,142,0.0,142,0.02199999988079071
8411,11,84,1.155,-1.0349999999999997,0,nan,142,0.0,142,0.02199999988079071
8412,12,84,1.125,-1.0349999999999997,0,nan,142,0.0,142,0.02199999988079071
8413,13,84,1.095,-1.0349999999999997,0,nan,142,0.0,142,0.02199999988079071
8414,14,84,1.065,-1.0349999999999997,0,nan,142,0.0,142,0.02199999988079071
8415,15,84,1.0350000000000001,-1.0349999999999997,0,nan,142,0.0,142,0.02199999988079071
8416,16,84,1.005,-1.0349999999999997,0,nan,142,0.0,142,0.02199999988079071
8417,17,84,0.975,-1.0349999999999997,0,nan,142,0.0,142,0.02199999988079071
8418,18,84,0.9450000000000001,-1.0349999999999997,0,nan,142,0.0,142,0.02199999988079071
8419,19,84,0.915,-1.0349999999999997,0,nan,142,0.0,142,0.02199999988079071
8420,20,84,0.885,-1.0349999999999997,0,nan,142,0.0,142,0.02199999988079071
8421,21,84,0.855,-1.0349999999999997,0,nan,142,0.0,142,0.02199999988079071
8422,22,84,0.8250000000000001,-1.0349999999999997,0,nan,142,0.0,142,0.02199999988079071
8423,23,84,0.795,-1.0349999999999997,0,nan,142,0.0,142,0.02199999988079071
8424,24,84,0.765,-1.0349999999999997,0,nan,142,0.0,142,0.02199999988079071
8425,25,84,0.735,-1.0349999999999997,0,nan,142,0.0,142,0.02199999988079071
8426,26,84,0.7050000000000001,-1.0349999999999997,0,nan,142,0.0,142,0.02199999988079071
8427,27,84,0.675,-1.0349999999999997,0,nan,142,0.0,142,0.02199999988079071
8428,28,84,0.645,-1.0349999999999997,0,nan,142,0.0,142,0.02199999988079071
8429,29,84,0.615,-1.0349999999999997,0,nan,142,0.0,142,0.02199999988079071
8430,30,84,0.5850000000000001,-1.0349999999999997,0,nan,142,0.0,142,0.02199999988079071
8431,31,84,0.555,-1.0349999999999997,0,nan,142,0.0,142,0.02199999988079071
8432,32,84,0.525,-1.0349999999999997,0,nan,142,0.0,142,0.02199999988079071
8433,33,84,0.4950000000000001,-1.0349999999999997,0,nan,142,0.0,142,0.02199999988079071
8434,34,84,0.4650000000000001,-1.0349999999999997,0,nan,142,0.0,142,0.02199999988079071
8435,35,84,0.43500000000000005,-1.0349999999999997,0,nan,142,0.0,142,0.02199999988079071
8436,36,84,0.405,-1.0349999999999997,0,nan,142,0.0,142,0.02199999988079071
8437,37,84,0.375,-1.0349999999999997,0,nan,142,0.0,142,0.02199999988079071
8438,38,84,0.345,-1.0349999999999997,0,nan,142,0.0,142,0.02199999988079071
8439,39,84,0.31499999999999995,-1.0349999999999997,0,nan,142,0.0,142,0.02199999988079071
8440,40,84,0.28500000000000014,-1.0349999999999997,0,nan,142,0.0,142,0.02199999988079071
8441,41,84,0.2550000000000001,-1.0349999999999997,0,nan,142,0.0,142,0.02199999988079071
8442,42,84,0.2250000000000001,-1.0349999999999997,0,nan,142,0.0,142,0.02199999988079071
8443,43,84,0.19500000000000006,-1.0349999999999997,0,nan,142,0.0,142,0.02199999988079071
8444,44,84,0.16500000000000004,-1.0349999999999997,0,nan,142,0.0,142,0.02199999988079071
8445,45,84,0.135,-1.0349999999999997,0,nan,142,0.0,142,0.02199999988079071
8446,46,84,0.10499999999999998,-1.0349999999999997,0,nan,142,0.0,142,0.02199999988079071
8447,47,84,0.07499999999999996,-1.0349999999999997,0,nan,142,0.0,142,0.02199999988079071
8448,48,84,0.04500000000000015,-1.0349999999999997,0,nan,142,0.0,142,0.02199999988079071
8449,49,84,0.015000000000000124,-1.0349999999999997,0,nan,142,0.0,142,0.02199999988079071
8450,50,84,-0.014999999999999902,-1.0349999999999997,0,nan,142,0.0,142,0.02199999988079071
8451,51,84,-0.04499999999999993,-1.0349999999999997,0,nan,142,0.0,142,0.02199999988079071
8452,52,84,-0.07499999999999996,-1.0349999999999997,0,nan,142,0.0,142,0.02199999988079071
8453,53,84,-0.10499999999999998,-1.0349999999999997,0,nan,142,0.0,142,0.02199999988079071
8454,54,84,-0.135,-1.0349999999999997,0,nan,142,0.0,142,0.02199999988079071
8455,55,84,-0.16500000000000004,-1.0349999999999997,0,nan,142,0.0,142,0.02199999988079071
8456,56,84,-0.19499999999999984,-1.0349999999999997,0,nan,142,0.0,142,0.02199999988079071
8457,57,84,-0.22499999999999987,-1.0349999999999997,0,nan,142,0.0,142,0.02199999988079071
8458,58,84,-0.2549999999999999,-1.0349999999999997,0,nan,142,0.0,142,0.02199999988079071
8459,59,84,-0.2849999999999999,-1.0349999999999997,0,nan,142,0.0,142,0.02199999988079071
8460,60,84,-0.31499999999999995,-1.0349999999999997,0,nan,142,0.0,142,0.02199999988079071
8461,61,84,-0.345,-1.0349999999999997,0,nan,142,0.0,142,0.02199999988079071
8462,62,84,-0.375,-1.0349999999999997,0,nan,142,0.0,142,0.02199999988079071
8463,63,84,-0.405,-1.0349999999999997,0,nan,142,0.0,142,0.02199999988079071
8464,64,84,-0.43499999999999983,-1.0349999999999997,0,nan,142,0.0,142,0.02199999988079071
8465,65,84,-0.46499999999999986,-1.0349999999999997,0,nan,142,0.0,142,0.02199999988079071
8466,66,84,-0.4949999999999999,-1.0349999999999997,0,nan,142,0.0,142,0.02199999988079071
8467,67,84,-0.5249999999999999,-1.0349999999999997,0,nan,142,0.0,142,0.02199999988079071
8468,68,84,-0.5549999999999997,-1.0349999999999997,0,nan,142,0.0,142,0.02199999988079071
8469,69,84,-0.585,-1.0349999999999997,0,nan,142,0.0,142,0.02199999988079071
8470,70,84,-0.6149999999999998,-1.0349999999999997,0,nan,142,0.0,142,0.02199999988079071
8471,71,84,-0.645,-1.0349999999999997,0,nan,142,0.0,142,0.02199999988079071
8472,72,84,-0.6749999999999998,-1.0349999999999997,0,nan,142,0.0,142,0.02199999988079071
8473,73,84,-0.7050000000000001,-1.0349999999999997,0,nan,142,0.0,142,0.02199999988079071
8474,74,84,-0.7349999999999999,-1.0349999999999997,0,nan,142,0.0,142,0.02199999988079071
8475,75,84,-0.7650000000000001,-1.0349999999999997,0,nan,142,0.0,142,0.02199999988079071
8476,76,84,-0.7949999999999999,-1.0349999999999997,0,nan,142,0.0,142,0.02199999988079071
8477,77,84,-0.8249999999999997,-1.0349999999999997,0,nan,142,0.0,142,0.02199999988079071
8478,78,84,-0.855,-1.0349999999999997,0,nan,142,0.0,142,0.02199999988079071
8479,79,84,-0.8849999999999998,-1.0349999999999997,0,nan,142,0.0,142,0.02199999988079071
8480,80,84,-0.915,-1.0349999999999997,0,nan,142,0.0,142,0.02199999988079071
8481,81,84,-0.9449999999999998,-1.0349999999999997,0,nan,142,0.0,142,0.02199999988079071
8482,82,84,-0.9750000000000001,-1.0349999999999997,0,nan,142,0.0,142,0.02199999988079071
8483,83,84,-1.005,-1.0349999999999997,0,nan,142,0.0,142,0.02199999988079071
8484,84,84,-1.0349999999999997,-1.0349999999999997,0,nan,142,0.0,142,0.02199999988079071
8485,85,84,-1.065,-1.0349999999999997,0,nan,142,0.0,142,0.02199999988079071
8486,86,84,-1.0949999999999998,-1.0349999999999997,0,nan,142,0.0,142,0.02199999988079071
8487,87,84,-1.125,-1.0349999999999997,0,nan,142,0.0,142,0.02199999988079071
8488,88,84,-1.1549999999999998,-1.0349999999999997,0,nan,142,0.0,142,0.02199999988079071
8489,89,84,-1.185,-1.0349999999999997,0,nan,142,0.0,142,0.02199999988079071
8490,90,84,-1.2149999999999999,-1.0349999999999997,0,nan,142,0.0,142,0.02199999988079071
8491,91,84,-1.245,-1.0349999999999997,0,nan,142,0.0,142,0.02199999988079071
8492,92,84,-1.275,-1.0349999999999997,0,nan,142,0.0,142,0.02199999988079071
8493,93,84,-1.3049999999999997,-1.0349999999999997,0,nan,142,0.0,142,0.02199999988079071
8494,94,84,-1.335,-1.0349999999999997,0,nan,142,0.0,142,0.02199999988079071
8495,95,84,-1.3649999999999998,-1.0349999999999997,0,nan,142,0.0,142,0.02199999988079071
8496,96,84,-1.395,-1.0349999999999997,0,nan,142,0.0,142,0.02199999988079071
8497,97,84,-1.4249999999999998,-1.0349999999999997,0,nan,142,0.0,142,0.0
8498,98,84,-1.455,-1.0349999999999997,0,nan,142,0.0,142,0.0
8499,99,84,-1.4849999999999999,-1.0349999999999997,0,nan,142,0.0,142,0.0
8500,0,85,1.485,-1.065,0,nan,142,0.0,142,0.0
8501,1,85,1.455,-1.065,0,nan,142,0.0,142,0.0
8502,2,85,1.425,-1.065,0,nan,142,0.0,142,0.0
8503,3,85,1.395,-1.065,0,nan,142,0.0,142,0.02199999988079071
8504,4,85,1.365,-1.065,0,nan,142,0.0,142,0.02199999988079071
8505,5,85,1.335,-1.065,0,nan,142,0.0,142,0.02199999988079071
8506,6,85,1.305,-1.065,0,nan,142,0.0,142,0.02199999988079071
8507,7,85,1.275,-1.065,0,nan,142,0.0,142,0.02199999988079071
8508,8,85,1.245,-1.065,0,nan,142,0.0,142,0.02199999988079071
8509,9,85,1.215,-1.065,0,nan,142,0.0,142,0.02199999988079071
8510,10,85,1.185,-1.065,0,nan,142,0.0,142,0.02199999988079071
8511,11,85,1.155,-1.065,0,nan,142,0.0,142,0.02199999988079071
8512,12,85,1.125,-1.065,0,nan,142,0.0,142,0.02199999988079071
8513,13,85,1.095,-1.065,0,nan,142,0.0,142,0.02199999988079071
8514,14,85,1.065,-1.065,0,nan,142,0.0,142,0.02199999988079071
8515,15,85,1.0350000000000001,-1.065,0,nan,142,0.0,142,0.02199999988079071
8516,16,85,1.005,-1.065,0,nan,142,0.0,142,0.02199999988079071
8517,17,85,0.975,-1.065,0,nan,142,0.0,142,0.02199999988079071
8518,18,85,0.9450000000000001,-1.065,0,nan,142,0.0,142,0.02199999988079071
8519,19,85,0.915,-1.065,0,nan,142,0.0,142,0.02199999988079071
8520,20,85,0.885,-1.065,0,nan,142,0.0,142,0.02199999988079071
8521,21,85,0.855,-1.065,0,nan,142,0.0,142,0.02199999988079071
8522,22,85,0.8250000000000001,-1.065,0,nan,142,0.0,142,0.02199999988079071
8523,23,85,0.795,-1.065,0,nan,142,0.0,142,0.02199999988079071
8524,24,85,0.765,-1.065,0,nan,142,0.0,142,0.02199999988079071
8525,25,85,0.735,-1.065,0,nan,142,0.0,142,0.02199999988079071
8526,26,85,0.7050000000000001,-1.065,0,nan,142,0.0,142,0.02199999988079071
8527,27,85,0.675,-1.065,0,nan,142,0.0,142,0.02199999988079071
8528,28,85,0.645,-1.065,0,nan,142,0.0,142,0.02199999988079071
8529,29,85,0.615,-1.065,0,nan,142,0.0,142,0.02199999988079071
8530,30,85,0.5850000000000001,-1.065,0,nan,142,0.0,142,0.02199999988079071
8531,31,85,0.555,-1.065,0,nan,142,0.0,142,0.02199999988079071
8532,32,85,0.525,-1.065,0,nan,142,0.0,142,0.02199999988079071
8533,33,85,0.4950000000000001,-1.065,0,nan,142,0.0,142,0.02199999988079071
8534,34,85,0.4650000000000001,-1.065,0,nan,142,0.0,142,0.02199999988079071
8535,35,85,0.43500000000000005,-1.065,0,nan,142,0.0,142,0.02199999988079071
8536,36,85,0.405,-1.065,0,nan,142,0.0,142,0.02199999988079071
8537,37,85,0.375,-1.065,0,nan,142,0.0,142,0.02199999988079071
8538,38,85,0.345,-1.065,0,nan,142,0.0,142,0.02199999988079071
8539,39,85,0.31499999999999995,-1.065,0,nan,142,0.0,142,0.02199999988079071
8540,40,85,0.28500000000000014,-1.065,0,nan,142,0.0,142,0.02199999988079071
8541,41,85,0.2550000000000001,-1.065,0,nan,142,0.0,142,0.02199999988079071
8542,42,85,0.2250000000000001,-1.065,0,nan,142,0.0,142,0.02199999988079071
8543,43,85,0.19500000000000006,-1.065,0,nan,142,0.0,142,0.02199999988079071
8544,44,85,0.16500000000000004,-1.065,0,nan,142,0.0,142,0.02199999988079071
8545,45,85,0.135,-1.065,0,nan,142,0.0,142,0.02199999988079071
8546,46,85,0.10499999999999998,-1.065,0,nan,142,0.0,142,0.02199999988079071
8547,47,85,0.07499999999999996,-1.065,0,nan,142,0.0,142,0.02199999988079071
8548,48,85,0.04500000000000015,-1.065,0,nan,142,0.0,142,0.02199999988079071
8549,49,85,0.015000000000000124,-1.065,0,nan,142,0.0,142,0.02199999988079071
8550,50,85,-0.014999999999999902,-1.065,0,nan,142,0.0,142,0.02199999988079071
8551,51,85,-0.04499999999999993,-1.065,0,nan,142,0.0,142,0.02199999988079071
8552,52,85,-0.07499999999999996,-1.065,0,nan,142,0.0,142,0.02199999988079071
8553,53,85,-0.10499999999999998,-1.065,0,nan,142,0.0,142,0.02199999988079071
8554,54,85,-0.135,-1.065,0,nan,142,0.0,142,0.02199999988079071
8555,55,85,-0.16500000000000004,-1.065,0,nan,142,0.0,142,0.02199999988079071
8556,56,85,-0.19499999999999984,-1.065,0,nan,142,0.0,142,0.02199999988079071
8557,57,85,-0.22499999999999987,-1.065,0,nan,142,0.0,142,0.02199999988079071
8558,58,85,-0.2549999999999999,-1.065,0,nan,142,0.0,142,0.02199999988079071
8559,59,85,-0.2849999999999999,-1.065,0,nan,142,0.0,142,0.02199999988079071
8560,60,85,-0.31499999999999995,-1.065,0,nan,142,0.0,142,0.02199999988079071
8561,61,85,-0.345,-1.065,0,nan,142,0.0,142,0.02199999988079071
8562,62,85,-0.375,-1.065,0,nan,142,0.0,142,0.02199999988079071
8563,63,85,-0.405,-1.065,0,nan,142,0.0,142,0.02199999988079071
8564,64,85,-0.43499999999999983,-1.065,0,nan,142,0.0,142,0.02199999988079071
8565,65,85,-0.46499999999999986,-1.065,0,nan,142,0.0,142,0.02199999988079071
8566,66,85,-0.4949999999999999,-1.065,0,nan,142,0.0,142,0.02199999988079071
8567,67,85,-0.5249999999999999,-1.065,0,nan,142,0.0,142,0.02199999988079071
8568,68,85,-0.5549999999999997,-1.065,0,nan,142,0.0,142,0.02199999988079071
8569,69,85,-0.585,-1.065,0,nan,142,0.0,142,0.02199999988079071
8570,70,85,-0.6149999999999998,-1.065,0,nan,142,0.0,142,0.02199999988079071
8571,71,85,-0.645,-1.065,0,nan,142,0.0,142,0.02199999988079071
8572,72,85,-0.6749999999999998,-1.065,0,nan,142,0.0,142,0.02199999988079071
8573,73,85,-0.7050000000000001,-1.065,0,nan,142,0.0,142,0.02199999988079071
8574,74,85,-0.7349999999999999,-1.065,0,nan,142,0.0,142,0.02199999988079071
8575,75,85,-0.7650000000000001,-1.065,0,nan,142,0.0,142,0.02199999988079071
8576,76,85,-0.7949999999999999,-1.065,0,nan,142,0.0,142,0.02199999988079071
8577,77,85,-0.8249999999999997,-1.065,0,nan,142,0.0,142,0.02199999988079071
8578,78,85,-0.855,-1.065,0,nan,142,0.0,142,0.02199999988079071
8579,79,85,-0.8849999999999998,-1.065,0,nan,142,0.0,142,0.02199999988079071
8580,80,85,-0.915,-1.065,0,nan,142,0.0,142,0.02199999988079071
8581,81,85,-0.9449999999999998,-1.065,0,nan,142,0.0,142,0.02199999988079071
8582,82,85,-0.9750000000000001,-1.065,0,nan,142,0.0,142,0.02199999988079071
8583,83,85,-1.005,-1.065,0,nan,142,0.0,142,0.02199999988079071
8584,84,85,-1.0349999999999997,-1.065,0,nan,142,0.0,142,0.02199999988079071
8585,85,85,-1.065,-1.065,0,nan,142,0.0,142,0.02199999988079071
8586,86,85,-1.0949999999999998,-1.065,0,nan,142,0.0,142,0.02199999988079071
8587,87,85,-1.125,-1.065,0,nan,142,0.0,142,0.02199999988079071
8588,88,85,-1.1549999999999998,-1.065,0,nan,142,0.0,142,0.02199999988079071
8589,89,85,-1.185,-1.065,0,nan,142,0.0,142,0.02199999988079071
8590,90,85,-1.2149999999999999,-1.065,0,nan,142,0.0,142,0.02199999988079071
8591,91,85,-1.245,-1.065,0,nan,142,0.0,142,0.02199999988079071
8592,92,85,-1.275,-1.065,0,nan,142,0.0,142,0.02199999988079071
8593,93,85,-1.3049999999999997,-1.065,0,nan,142,0.0,142,0.02199999988079071
8594,94,85,-1.335,-1.065,0,nan,142,0.0,142,0.02199999988079071
8595,95,85,-1.3649999999999998,-1.065,0,nan,142,0.0,142,0.02199999988079071
8596,96,85,-1.395,-1.065,0,nan,142,0.0,142,0.02199999988079071
8597,97,85,-1.4249999999999998,-1.065,0,nan,142,0.0,142,0.0
8598,98,85,-1.455,-1.065,0,nan,142,0.0,142,0.0
8599,99,85,-1.4849999999999999,-1.065,0,nan,142,0.0,142,0.0
8600,0,86,1.485,-1.0949999999999998,0,nan,142,0.0,142,0.0
8601,1,86,1.455,-1.0949999999999998,0,nan,142,0.0,142,0.0
8602,2,86,1.425,-1.0949999999999998,0,nan,142,0.0,142,0.0
8603,3,86,1.395,-1.0949999999999998,0,nan,142,0.0,142,0.02199999988079071
8604,4,86,1.365,-1.0949999999999998,0,nan,142,0.0,142,0.02199999988079071
8605,5,86,1.335,-1.0949999999999998,0,nan,142,0.0,142,0.02199999988079071
8606,6,86,1.305,-1.0949999999999998,0,nan,142,0.0,142,0.02199999988079071
8607,7,86,1.275,-1.0949999999999998,0,nan,142,0.0,142,0.02199999988079071
8608,8,86,1.245,-1.0949999999999998,0,nan,142,0.0,142,0.02199999988079071
8609,9,86,1.215,-1.0949999999999998,0,nan,142,0.0,142,0.02199999988079071
8610,10,86,1.185,-1.0949999999999998,0,nan,142,0.0,142,0.02199999988079071
8611,11,86,1.155,-1.0949999999999998,0,nan,142,0.0,142,0.02199999988079071
8612,12,86,1.125,-1.0949999999999998,0,nan,142,0.0,142,0.02199999988079071
8613,13,86,1.095,-1.0949999999999998,0,nan,142,0.0,142,0.02199999988079071
8614,14,86,1.065,-1.0949999999999998,0,nan,142,0.0,142,0.02199999988079071
8615,15,86,1.0350000000000001,-1.0949999999999998,0,nan,142,0.0,142,0.02199999988079071
8616,16,86,1.005,-1.0949999999999998,0,nan,142,0.0,142,0.02199999988079071
8617,17,86,0.975,-1.0949999999999998,0,nan,142,0.0,142,0.02199999988079071
8618,18,86,0.9450000000000001,-1.0949999999999998,0,nan,142,0.0,142,0.02199999988079071
8619,19,86,0.915,-1.0949999999999998,0,nan,142,0.0,142,0.02199999988079071
8620,20,86,0.885,-1.0949999999999998,0,nan,142,0.0,142,0.02199999988079071
8621,21,86,0.855,-1.0949999999999998,0,nan,142,0.0,142,0.02199999988079071
8622,22,86,0.8250000000000001,-1.0949999999999998,0,nan,142,0.0,142,0.02199999988079071
8623,23,86,0.795,-1.0949999999999998,0,nan,142,0.0,142,0.02199999988079071
8624,24,86,0.765,-1.0949999999999998,0,nan,142,0.0,142,0.02199999988079071
8625,25,86,0.735,-1.0949999999999998,0,nan,142,0.0,142,0.02199999988079071
8626,26,86,0.7050000000000001,-1.0949999999999998,0,nan,142,0.0,142,0.02199999988079071
8627,27,86,0.675,-1.0949999999999998,0,nan,142,0.0,142,0.02199999988079071
8628,28,86,0.645,-1.0949999999999998,0,nan,142,0.0,142,0.02199999988079071
8629,29,86,0.615,-1.0949999999999998,0,nan,142,0.0,142,0.02199999988079071
8630,30,86,0.5850000000000001,-1.0949999999999998,0,nan,142,0.0,142,0.02199999988079071
8631,31,86,0.555,-1.0949999999999998,0,nan,142,0.0,142,0.02199999988079071
8632,32,86,0.525,-1.0949999999999998,0,nan,142,0.0,142,0.02199999988079071
8633,33,86,0.4950000000000001,-1.0949999999999998,0,nan,142,0.0,142,0.02199999988079071
8634,34,86,0.4650000000000001,-1.0949999999999998,0,nan,142,0.0,142,0.02199999988079071
8635,35,86,0.43500000000000005,-1.0949999999999998,0,nan,142,0.0,142,0.02199999988079071
8636,36,86,0.405,-1.0949999999999998,0,nan,142,0.0,142,0.02199999988079071
8637,37,86,0.375,-1.0949999999999998,0,nan,142,0.0,142,0.02199999988079071
8638,38,86,0.345,-1.0949999999999998,0,nan,142,0.0,142,0.02199999988079071
8639,39,86,0.31499999999999995,-1.0949999999999998,0,nan,142,0.0,142,0.02199999988079071
8640,40,86,0.28500000000000014,-1.0949999999999998,0,nan,142,0.0,142,0.02199999988079071
8641,41,86,0.2550000000000001,-1.0949999999999998,0,nan,142,0.0,142,0.02199999988079071
8642,42,86,0.2250000000000001,-1.0949999999999998,0,nan,142,0.0,142,0.02199999988079071
8643,43,86,0.19500000000000006,-1.0949999999999998,0,nan,142,0.0,142,0.02199999988079071
8644,44,86,0.16500000000000004,-1.0949999999999998,0,nan,142,0.0,142,0.02199999988079071
8645,45,86,0.135,-1.0949999999999998,0,nan,142,0.0,142,0.02199999988079071
8646,46,86,0.10499999999999998,-1.0949999999999998,0,nan,142,0.0,142,0.02199999988079071
8647,47,86,0.07499999999999996,-1.0949999999999998,0,nan,142,0.0,142,0.02199999988079071
8648,48,86,0.04500000000000015,-1.0949999999999998,0,nan,142,0.0,142,0.02199999988079071
8649,49,86,0.015000000000000124,-1.0949999999999998,0,nan,142,0.0,142,0.02199999988079071
8650,50,86,-0.014999999999999902,-1.0949999999999998,0,nan,142,0.0,142,0.02199999988079071
8651,51,86,-0.04499999999999993,-1.0949999999999998,0,nan,142,0.0,142,0.02199999988079071
8652,52,86,-0.07499999999999996,-1.0949999999999998,0,nan,142,0.0,142,0.02199999988079071
8653,53,86,-0.10499999999999998,-1.0949999999999998,0,nan,142,0.0,142,0.02199999988079071
8654,54,86,-0.135,-1.0949999999999998,0,nan,142,0.0,142,0.02199999988079071
8655,55,86,-0.16500000000000004,-1.0949999999999998,0,nan,142,0.0,142,0.02199999988079071
8656,56,86,-0.19499999999999984,-1.0949999999999998,0,nan,142,0.0,142,0.02199999988079071
8657,57,86,-0.22499999999999987,-1.0949999999999998,0,nan,142,0.0,142,0.02199999988079071
8658,58,86,-0.2549999999999999,-1.0949999999999998,0,nan,142,0.0,142,0.02199999988079071
8659,59,86,-0.2849999999999999,-1.0949999999999998,0,nan,142,0.0,142,0.02199999988079071
8660,60,86,-0.31499999999999995,-1.0949999999999998,0,nan,142,0.0,142,0.02199999988079071
8661,61,86,-0.345,-1.0949999999999998,0,nan,142,0.0,142,0.02199999988079071
8662,62,86,-0.375,-1.0949999999999998,0,nan,142,0.0,142,0.02199999988079071
8663,63,86,-0.405,-1.0949999999999998,0,nan,142,0.0,142,0.02199999988079071
8664,64,86,-0.43499999999999983,-1.0949999999999998,0,nan,142,0.0,142,0.02199999988079071
8665,65,86,-0.46499999999999986,-1.0949999999999998,0,nan,142,0.0,142,0.02199999988079071
8666,66,86,-0.4949999999999999,-1.0949999999999998,0,nan,142,0.0,142,0.02199999988079071
8667,67,86,-0.5249999999999999,-1.0949999999999998,0,nan,142,0.0,142,0.02199999988079071
8668,68,86,-0.5549999999999997,-1.0949999999999998,0,nan,142,0.0,142,0.02199999988079071
8669,69,86,-0.585,-1.0949999999999998,0,nan,142,0.0,142,0.02199999988079071
8670,70,86,-0.6149999999999998,-1.0949999999999998,0,nan,142,0.0,142,0.02199999988079071
8671,71,86,-0.645,-1.0949999999999998,0,nan,142,0.0,142,0.02199999988079071
8672,72,86,-0.6749999999999998,-1.0949999999999998,0,nan,142,0.0,142,0.02199999988079071
8673,73,86,-0.7050000000000001,-1.0949999999999998,0,nan,142,0.0,142,0.02199999988079071
8674,74,86,-0.7349999999999999,-1.0949999999999998,0,nan,142,0.0,142,0.02199999988079071
8675,75,86,-0.7650000000000001,-1.0949999999999998,0,nan,142,0.0,142,0.02199999988079071
8676,76,86,-0.7949999999999999,-1.0949999999999998,0,nan,142,0.0,142,0.02199999988079071
8677,77,86,-0.8249999999999997,-1.0949999999999998,0,nan,142,0.0,142,0.02199999988079071
8678,78,86,-0.855,-1.0949999999999998,0,nan,142,0.0,142,0.02199999988079071
8679,79,86,-0.8849999999999998,-1.0949999999999998,0,nan,142,0.0,142,0.02199999988079071
8680,80,86,-0.915,-1.0949999999999998,0,nan,142,0.0,142,0.02199999988079071
8681,81,86,-0.9449999999999998,-1.0949999999999998,0,nan,142,0.0,142,0.02199999988079071
8682,82,86,-0.9750000000000001,-1.0949999999999998,0,nan,142,0.0,142,0.02199999988079071
8683,83,86,-1.005,-1.0949999999999998,0,nan,142,0.0,142,0.02199999988079071
8684,84,86,-1.0349999999999997,-1.0949999999999998,0,nan,142,0.0,142,0.02199999988079071
8685,85,86,-1.065,-1.0949999999999998,0,nan,142,0.0,142,0.02199999988079071
8686,86,86,-1.0949999999999998,-1.0949999999999998,0,nan,142,0.0,142,0.02199999988079071
8687,87,86,-1.125,-1.0949999999999998,0,nan,142,0.0,142,0.02199999988079071
8688,88,86,-1.1549999999999998,-1.0949999999999998,0,nan,142,0.0,142,0.02199999988079071
8689,89,86,-1.185,-1.0949999999999998,0,nan,142,0.0,142,0.02199999988079071
8690,90,86,-1.2149999999999999,-1.0949999999999998,0,nan,142,0.0,142,0.02199999988079071
8691,91,86,-1.245,-1.0949999999999998,0,nan,142,0.0,142,0.02199999988079071
8692,92,86,-1.275,-1.0949999999999998,0,nan,142,0.0,142,0.02199999988079071
8693,93,86,-1.3049999999999997,-1.0949999999999998,0,nan,142,0.0,142,0.02199999988079071
8694,94,86,-1.335,-1.0949999999999998,0,nan,142,0.0,142,0.02199999988079071
8695,95,86,-1.3649999999999998,-1.0949999999999998,0,nan,142,0.0,142,0.02199999988079071
8696,96,86,-1.395,-1.0949999999999998,0,nan,142,0.0,142,0.02199999988079071
8697,97,86,-1.4249999999999998,-1.0949999999999998,0,nan,142,0.0,142,0.0
8698,98,86,-1.455,-1.0949999999999998,0,nan,142,0.0,142,0.0
8699,99,86,-1.4849999999999999,-1.0949999999999998,0,nan,142,0.0,142,0.0
8700,0,87,1.485,-1.125,0,nan,142,0.0,142,0.0
8701,1,87,1.455,-1.125,0,nan,142,0.0,142,0.0
8702,2,87,1.425,-1.125,0,nan,142,0.0,142,0.0
8703,3,87,1.395,-1.125,0,nan,142,0.0,142,0.02199999988079071
8704,4,87,1.365,-1.125,0,nan,142,0.0,142,0.02199999988079071
8705,5,87,1.335,-1.125,0,nan,142,0.0,142,0.02199999988079071
8706,6,87,1.305,-1.125,0,nan,142,0.0,142,0.02199999988079071
8707,7,87,1.275,-1.125,0,nan,142,0.0,142,0.02199999988079071
8708,8,87,1.245,-1.125,0,nan,142,0.0,142,0.02199999988079071
8709,9,87,1.215,-1.125,0,nan,142,0.0,142,0.02199999988079071
8710,10,87,1.185,-1.125,0,nan,142,0.0,142,0.02199999988079071
8711,11,87,1.155,-1.125,0,nan,142,0.0,142,0.02199999988079071
8712,12,87,1.125,-1.125,0,nan,142,0.0,142,0.02199999988079071
8713,13,87,1.095,-1.125,0,nan,142,0.0,142,0.02199999988079071
8714,14,87,1.065,-1.125,0,nan,142,0.0,142,0.02199999988079071
8715,15,87,1.0350000000000001,-1.125,0,nan,142,0.0,142,0.02199999988079071
8716,16,87,1.005,-1.125,0,nan,142,0.0,142,0.02199999988079071
8717,17,87,0.975,-1.125,0,nan,142,0.0,142,0.02199999988079071
8718,18,87,0.9450000000000001,-1.125,0,nan,142,0.0,142,0.02199999988079071
8719,19,87,0.915,-1.125,0,nan,142,0.0,142,0.02199999988079071
8720,20,87,0.885,-1.125,0,nan,142,0.0,142,0.02199999988079071
8721,21,87,0.855,-1.125,0,nan,142,0.0,142,0.02199999988079071
8722,22,87,0.8250000000000001,-1.125,0,nan,142,0.0,142,0.02199999988079071
8723,23,87,0.795,-1.125,0,nan,142,0.0,142,0.02199999988079071
8724,24,87,0.765,-1.125,0,nan,142,0.0,142,0.02199999988079071
8725,25,87,0.735,-1.125,0,nan,142,0.0,142,0.02199999988079071
8726,26,87,0.7050000000000001,-1.125,0,nan,142,0.0,142,0.02199999988079071
8727,27,87,0.675,-1.125,0,nan,142,0.0,142,0.02199999988079071
8728,28,87,0.645,-1.125,0,nan,142,0.0,142,0.02199999988079071
8729,29,87,0.615,-1.125,0,nan,142,0.0,142,0.02199999988079071
8730,30,87,0.5850000000000001,-1.125,0,nan,142,0.0,142,0.02199999988079071
8731,31,87,0.555,-1.125,0,nan,142,0.0,142,0.02199999988079071
8732,32,87,0.525,-1.125,0,nan,142,0.0,142,0.02199999988079071
8733,33,87,0.4950000000000001,-1.125,0,nan,142,0.0,142,0.02199999988079071
8734,34,87,0.4650000000000001,-1.125,0,nan,142,0.0,142,0.02199999988079071
8735,35,87,0.43500000000000005,-1.125,0,nan,142,0.0,142,0.02199999988079071
8736,36,87,0.405,-1.125,0,nan,142,0.0,142,0.02199999988079071
8737,37,87,0.375,-1.125,0,nan,142,0.0,142,0.02199999988079071
8738,38,87,0.345,-1.125,0,nan,142,0.0,142,0.02199999988079071
8739,39,87,0.31499999999999995,-1.125,0,nan,142,0.0,142,0.02199999988079071
8740,40,87,0.28500000000000014,-1.125,0,nan,142,0.0,142,0.02199999988079071
8741,41,87,0.2550000000000001,-1.125,0,nan,142,0.0,142,0.02199999988079071
8742,42,87,0.2250000000000001,-1.125,0,nan,142,0.0,142,0.02199999988079071
8743,43,87,0.19500000000000006,-1.125,0,nan,142,0.0,142,0.02199999988079071
8744,44,87,0.16500000000000004,-1.125,0,nan,142,0.0,142,0.02199999988079071
8745,45,87,0.135,-1.125,0,nan,142,0.0,142,0.02199999988079071
8746,46,87,0.10499999999999998,-1.125,0,nan,142,0.0,142,0.02199999988079071
8747,47,87,0.07499999999999996,-1.125,0,nan,142,0.0,142,0.02199999988079071
8748,48,87,0.04500000000000015,-1.125,0,nan,142,0.0,142,0.02199999988079071
8749,49,87,0.015000000000000124,-1.125,0,nan,142,0.0,142,0.02199999988079071
8750,50,87,-0.014999999999999902,-1.125,0,nan,142,0.0,142,0.02199999988079071
8751,51,87,-0.04499999999999993,-1.125,0,nan,142,0.0,142,0.02199999988079071
8752,52,87,-0.07499999999999996,-1.125,0,nan,142,0.0,142,0.02199999988079071
8753,53,87,-0.10499999999999998,-1.125,0,nan,142,0.0,142,0.02199999988079071
8754,54,87,-0.135,-1.125,0,nan,142,0.0,142,0.02199999988079071
8755,55,87,-0.16500000000000004,-1.125,0,nan,142,0.0,142,0.02199999988079071
8756,56,87,-0.19499999999999984,-1.125,0,nan,142,0.0,142,0.02199999988079071
8757,57,87,-0.22499999999999987,-1.125,0,nan,142,0.0,142,0.02199999988079071
8758,58,87,-0.2549999999999999,-1.125,0,nan,142,0.0,142,0.02199999988079071
8759,59,87,-0.2849999999999999,-1.125,0,nan,142,0.0,142,0.02199999988079071
8760,60,87,-0.31499999999999995,-1.125,0,nan,142,0.0,142,0.02199999988079071
8761,61,87,-0.345,-1.125,0,nan,142,0.0,142,0.02199999988079071
8762,62,87,-0.375,-1.125,0,nan,142,0.0,142,0.02199999988079071
8763,63,87,-0.405,-1.125,0,nan,142,0.0,142,0.02199999988079071
8764,64,87,-0.43499999999999983,-1.125,0,nan,142,0.0,142,0.02199999988079071
8765,65,87,-0.46499999999999986,-1.125,0,nan,142,0.0,142,0.02199999988079071
8766,66,87,-0.4949999999999999,-1.125,0,nan,142,0.0,142,0.02199999988079071
8767,67,87,-0.5249999999999999,-1.125,0,nan,142,0.0,142,0.02199999988079071
8768,68,87,-0.5549999999999997,-1.125,0,nan,142,0.0,142,0.02199999988079071
8769,69,87,-0.585,-1.125,0,nan,142,0.0,142,0.02199999988079071
8770,70,87,-0.6149999999999998,-1.125,0,nan,142,0.0,142,0.02199999988079071
8771,71,87,-0.645,-1.125,0,nan,142,0.0,142,0.02199999988079071
8772,72,87,-0.6749999999999998,-1.125,0,nan,142,0.0,142,0.02199999988079071
8773,73,87,-0.7050000000000001,-1.125,0,nan,142,0.0,142,0.02199999988079071
8774,74,87,-0.7349999999999999,-1.125,0,nan,142,0.0,142,0.02199999988079071
8775,75,87,-0.7650000000000001,-1.125,0,nan,142,0.0,142,0.02199999988079071
8776,76,87,-0.7949999999999999,-1.125,0,nan,142,0.0,142,0.02199999988079071
8777,77,87,-0.8249999999999997,-1.125,0,nan,142,0.0,142,0.02199999988079071
8778,78,87,-0.855,-1.125,0,nan,142,0.0,142,0.02199999988079071
8779,79,87,-0.8849999999999998,-1.125,0,nan,142,0.0,142,0.02199999988079071
8780,80,87,-0.915,-1.125,0,nan,142,0.0,142,0.02199999988079071
8781,81,87,-0.9449999999999998,-1.125,0,nan,142,0.0,142,0.02199999988079071
8782,82,87,-0.9750000000000001,-1.125,0,nan,142,0.0,142,0.02199999988079071
8783,83,87,-1.005,-1.125,0,nan,142,0.0,142,0.02199999988079071
8784,84,87,-1.0349999999999997,-1.125,0,nan,142,0.0,142,0.02199999988079071
8785,85,87,-1.065,-1.125,0,nan,142,0.0,142,0.02199999988079071
8786,86,87,-1.0949999999999998,-1.125,0,nan,142,0.0,142,0.02199999988079071
8787,87,87,-1.125,-1.125,0,nan,142,0.0,142,0.02199999988079071
8788,88,87,-1.1549999999999998,-1.125,0,nan,142,0.0,142,0.02199999988079071
8789,89,87,-1.185,-1.125,0,nan,142,0.0,142,0.02199999988079071
8790,90,87,-1.2149999999999999,-1.125,0,nan,142,0.0,142,0.02199999988079071
8791,91,87,-1.245,-1.125,0,nan,142,0.0,142,0.02199999988079071
8792,92,87,-1.275,-1.125,0,nan,142,0.0,142,0.02199999988079071
8793,93,87,-1.3049999999999997,-1.125,0,nan,142,0.0,142,0.02199999988079071
8794,94,87,-1.335,-1.125,0,nan,142,0.0,142,0.02199999988079071
8795,95,87,-1.3649999999999998,-1.125,0,nan,142,0.0,142,0.02199999988079071
8796,96,87,-1.395,-1.125,0,nan,142,0.0,142,0.02199999988079071
8797,97,87,-1.4249999999999998,-1.125,0,nan,142,0.0,142,0.0
8798,98,87,-1.455,-1.125,0,nan,142,0.0,142,0.0
8799,99,87,-1.4849999999999999,-1.125,0,nan,142,0.0,142,0.0
8800,0,88,1.485,-1.1549999999999998,0,nan,142,0.0,142,0.0
8801,1,88,1.455,-1.1549999999999998,0,nan,142,0.0,142,0.0
8802,2,88,1.425,-1.1549999999999998,0,nan,142,0.0,142,0.0
8803,3,88,1.395,-1.1549999999999998,0,nan,142,0.0,142,0.02199999988079071
8804,4,88,1.365,-1.1549999999999998,0,nan,142,0.0,142,0.02199999988079071
8805,5,88,1.335,-1.1549999999999998,0,nan,142,0.0,142,0.02199999988079071
8806,6,88,1.305,-1.1549999999999998,0,nan,142,0.0,142,0.02199999988079071
8807,7,88,1.275,-1.1549999999999998,0,nan,142,0.0,142,0.02199999988079071
8808,8,88,1.245,-1.1549999999999998,0,nan,142,0.0,142,0.02199999988079071
8809,9,88,1.215,-1.1549999999999998,0,nan,142,0.0,142,0.02199999988079071
8810,10,88,1.185,-1.1549999999999998,0,nan,142,0.0,142,0.02199999988079071
8811,11,88,1.155,-1.1549999999999998,0,nan,142,0.0,142,0.02199999988079071
8812,12,88,1.125,-1.1549999999999998,0,nan,142,0.0,142,0.02199999988079071
8813,13,88,1.095,-1.1549999999999998,0,nan,142,0.0,142,0.02199999988079071
8814,14,88,1.065,-1.1549999999999998,0,nan,142,0.0,142,0.02199999988079071
8815,15,88,1.0350000000000001,-1.1549999999999998,0,nan,142,0.0,142,0.02199999988079071
8816,16,88,1.005,-1.1549999999999998,0,nan,142,0.0,142,0.02199999988079071
8817,17,88,0.975,-1.1549999999999998,0,nan,142,0.0,142,0.02199999988079071
8818,18,88,0.9450000000000001,-1.1549999999999998,0,nan,142,0.0,142,0.02199999988079071
8819,19,88,0.915,-1.1549999999999998,0,nan,142,0.0,142,0.02199999988079071
8820,20,88,0.885,-1.1549999999999998,0,nan,142,0.0,142,0.02199999988079071
8821,21,88,0.855,-1.1549999999999998,0,nan,142,0.0,142,0.02199999988079071
8822,22,88,0.8250000000000001,-1.1549999999999998,0,nan,142,0.0,142,0.02199999988079071
8823,23,88,0.795,-1.1549999999999998,0,nan,142,0.0,142,0.02199999988079071
8824,24,88,0.765,-1.1549999999999998,0,nan,142,0.0,142,0.02199999988079071
8825,25,88,0.735,-1.1549999999999998,0,nan,142,0.0,142,0.02199999988079071
8826,26,88,0.7050000000000001,-1.1549999999999998,0,nan,142,0.0,142,0.02199999988079071
8827,27,88,0.675,-1.1549999999999998,0,nan,142,0.0,142,0.02199999988079071
8828,28,88,0.645,-1.1549999999999998,0,nan,142,0.0,142,0.02199999988079071
8829,29,88,0.615,-1.1549999999999998,0,nan,142,0.0,142,0.02199999988079071
8830,30,88,0.5850000000000001,-1.1549999999999998,0,nan,142,0.0,142,0.02199999988079071
8831,31,88,0.555,-1.1549999999999998,0,nan,142,0.0,142,0.02199999988079071
8832,32,88,0.525,-1.1549999999999998,0,nan,142,0.0,142,0.02199999988079071
8833,33,88,0.4950000000000001,-1.1549999999999998,0,nan,142,0.0,142,0.02199999988079071
8834,34,88,0.4650000000000001,-1.1549999999999998,0,nan,142,0.0,142,0.02199999988079071
8835,35,88,0.43500000000000005,-1.1549999999999998,0,nan,142,0.0,142,0.02199999988079071
8836,36,88,0.405,-1.1549999999999998,0,nan,142,0.0,142,0.02199999988079071
8837,37,88,0.375,-1.1549999999999998,0,nan,142,0.0,142,0.02199999988079071
8838,38,88,0.345,-1.1549999999999998,0,nan,142,0.0,142,0.02199999988079071
8839,39,88,0.31499999999999995,-1.1549999999999998,0,nan,142,0.0,142,0.02199999988079071
8840,40,88,0.28500000000000014,-1.1549999999999998,0,nan,142,0.0,142,0.02199999988079071
8841,41,88,0.2550000000000001,-1.1549999999999998,0,nan,142,0.0,142,0.02199999988079071
8842,42,88,0.2250000000000001,-1.1549999999999998,0,nan,142,0.0,142,0.02199999988079071
8843,43,88,0.19500000000000006,-1.1549999999999998,0,nan,142,0.0,142,0.02199999988079071
8844,44,88,0.16500000000000004,-1.1549999999999998,0,nan,142,0.0,142,0.02199999988079071
8845,45,88,0.135,-1.1549999999999998,0,nan,142,0.0,142,0.02199999988079071
8846,46,88,0.10499999999999998,-1.1549999999999998,0,nan,142,0.0,142,0.02199999988079071
8847,47,88,0.07499999999999996,-1.1549999999999998,0,nan,142,0.0,142,0.02199999988079071
8848,48,88,0.04500000000000015,-1.1549999999999998,0,nan,142,0.0,142,0.02199999988079071
8849,49,88,0.015000000000000124,-1.1549999999999998,0,nan,142,0.0,142,0.02199999988079071
8850,50,88,-0.014999999999999902,-1.1549999999999998,0,nan,142,0.0,142,0.02199999988079071
8851,51,88,-0.04499999999999993,-1.1549999999999998,0,nan,142,0.0,142,0.02199999988079071
8852,52,88,-0.07499999999999996,-1.1549999999999998,0,nan,142,0.0,142,0.02199999988079071
8853,53,88,-0.10499999999999998,-1.1549999999999998,0,nan,142,0.0,142,0.02199999988079071
8854,54,88,-0.135,-1.1549999999999998,0,nan,142,0.0,142,0.02199999988079071
8855,55,88,-0.16500000000000004,-1.1549999999999998,0,nan,142,0.0,142,0.02199999988079071
8856,56,88,-0.19499999999999984,-1.1549999999999998,0,nan,142,0.0,142,0.02199999988079071
8857,57,88,-0.22499999999999987,-1.1549999999999998,0,nan,142,0.0,142,0.02199999988079071
8858,58,88,-0.2549999999999999,-1.1549999999999998,0,nan,142,0.0,142,0.02199999988079071
8859,59,88,-0.2849999999999999,-1.1549999999999998,0,nan,142,0.0,142,0.02199999988079071
8860,60,88,-0.31499999999999995,-1.1549999999999998,0,nan,142,0.0,142,0.02199999988079071
8861,61,88,-0.345,-1.1549999999999998,0,nan,142,0.0,142,0.02199999988079071
8862,62,88,-0.375,-1.1549999999999998,0,nan,142,0.0,142,0.02199999988079071
8863,63,88,-0.405,-1.1549999999999998,0,nan,142,0.0,142,0.02199999988079071
8864,64,88,-0.43499999999999983,-1.1549999999999998,0,nan,142,0.0,142,0.02199999988079071
8865,65,88,-0.46499999999999986,-1.1549999999999998,0,nan,142,0.0,142,0.02199999988079071
8866,66,88,-0.4949999999999999,-1.1549999999999998,0,nan,142,0.0,142,0.02199999988079071
8867,67,88,-0.5249999999999999,-1.1549999999999998,0,nan,142,0.0,142,0.02199999988079071
8868,68,88,-0.5549999999999997,-1.1549999999999998,0,nan,142,0.0,142,0.02199999988079071
8869,69,88,-0.585,-1.1549999999999998,0,nan,142,0.0,142,0.02199999988079071
8870,70,88,-0.6149999999999998,-1.1549999999999998,0,nan,142,0.0,142,0.02199999988079071
8871,71,88,-0.645,-1.1549999999999998,0,nan,142,0.0,142,0.02199999988079071
8872,72,88,-0.6749999999999998,-1.1549999999999998,0,nan,142,0.0,142,0.02199999988079071
8873,73,88,-0.7050000000000001,-1.1549999999999998,0,nan,142,0.0,142,0.02199999988079071
8874,74,88,-0.7349999999999999,-1.1549999999999998,0,nan,142,0.0,142,0.02199999988079071
8875,75,88,-0.7650000000000001,-1.1549999999999998,0,nan,142,0.0,142,0.02199999988079071
8876,76,88,-0.7949999999999999,-1.1549999999999998,0,nan,142,0.0,142,0.02199999988079071
8877,77,88,-0.8249999999999997,-1.1549999999999998,0,nan,142,0.0,142,0.02199999988079071
8878,78,88,-0.855,-1.1549999999999998,0,nan,142,0.0,142,0.02199999988079071
8879,79,88,-0.8849999999999998,-1.1549999999999998,0,nan,142,0.0,142,0.02199999988079071
8880,80,88,-0.915,-1.1549999999999998,0,nan,142,0.0,142,0.02199999988079071
8881,81,88,-0.9449999999999998,-1.1549999999999998,0,nan,142,0.0,142,0.02199999988079071
8882,82,88,-0.9750000000000001,-1.1549999999999998,0,nan,142,0.0,142,0.02199999988079071
8883,83,88,-1.005,-1.1549999999999998,0,nan,142,0.0,142,0.02199999988079071
8884,84,88,-1.0349999999999997,-1.1549999999999998,0,nan,142,0.0,142,0.02199999988079071
8885,85,88,-1.065,-1.1549999999999998,0,nan,142,0.0,142,0.02199999988079071
8886,86,88,-1.0949999999999998,-1.1549999999999998,0,nan,142,0.0,142,0.02199999988079071
8887,87,88,-1.125,-1.1549999999999998,0,nan,142,0.0,142,0.02199999988079071
8888,88,88,-1.1549999999999998,-1.1549999999999998,0,nan,142,0.0,142,0.02199999988079071
8889,89,88,-1.185,-1.1549999999999998,0,nan,142,0.0,142,0.02199999988079071
8890,90,88,-1.2149999999999999,-1.1549999999999998,0,nan,142,0.0,142,0.02199999988079071
8891,91,88,-1.245,-1.1549999999999998,0,nan,142,0.0,142,0.02199999988079071
8892,92,88,-1.275,-1.1549999999999998,0,nan,142,0.0,142,0.02199999988079071
8893,93,88,-1.3049999999999997,-1.1549999999999998,0,nan,142,0.0,142,0.02199999988079071
8894,94,88,-1.335,-1.1549999999999998,0,nan,142,0.0,142,0.02199999988079071
8895,95,88,-1.3649999999999998,-1.1549999999999998,0,nan,142,0.0,142,0.02199999988079071
8896,96,88,-1.395,-1.1549999999999998,0,nan,142,0.0,142,0.02199999988079071
8897,97,88,-1.4249999999999998,-1.1549999999999998,0,nan,142,0.0,142,0.0
8898,98,88,-1.455,-1.1549999999999998,0,nan,142,0.0,142,0.0
8899,99,88,-1.4849999999999999,-1.1549999999999998,0,nan,142,0.0,142,0.0
8900,0,89,1.485,-1.185,0,nan,142,0.0,142,0.0
8901,1,89,1.455,-1.185,0,nan,142,0.0,142,0.0
8902,2,89,1.425,-1.185,0,nan,142,0.0,142,0.0
8903,3,89,1.395,-1.185,0,nan,142,0.0,142,0.02199999988079071
8904,4,89,1.365,-1.185,0,nan,142,0.0,142,0.02199999988079071
8905,5,89,1.335,-1.185,0,nan,142,0.0,142,0.02199999988079071
8906,6,89,1.305,-1.185,0,nan,142,0.0,142,0.02199999988079071
8907,7,89,1.275,-1.185,0,nan,142,0.0,142,0.02199999988079071
8908,8,89,1.245,-1.185,0,nan,142,0.0,142,0.02199999988079071
8909,9,89,1.215,-1.185,0,nan,142,0.0,142,0.02199999988079071
8910,10,89,1.185,-1.185,0,nan,142,0.0,142,0.02199999988079071
8911,11,89,1.155,-1.185,0,nan,142,0.0,142,0.02199999988079071
8912,12,89,1.125,-1.185,0,nan,142,0.0,142,0.02199999988079071
8913,13,89,1.095,-1.185,0,nan,142,0.0,142,0.02199999988079071
8914,14,89,1.065,-1.185,0,nan,142,0.0,142,0.02199999988079071
8915,15,89,1.0350000000000001,-1.185,0,nan,142,0.0,142,0.02199999988079071
8916,16,89,1.005,-1.185,0,nan,142,0.0,142,0.02199999988079071
8917,17,89,0.975,-1.185,0,nan,142,0.0,142,0.02199999988079071
8918,18,89,0.9450000000000001,-1.185,0,nan,142,0.0,142,0.02199999988079071
8919,19,89,0.915,-1.185,0,nan,142,0.0,142,0.02199999988079071
8920,20,89,0.885,-1.185,0,nan,142,0.0,142,0.02199999988079071
8921,21,89,0.855,-1.185,0,nan,142,0.0,142,0.02199999988079071
8922,22,89,0.8250000000000001,-1.185,0,nan,142,0.0,142,0.02199999988079071
8923,23,89,0.795,-1.185,0,nan,142,0.0,142,0.02199999988079071
8924,24,89,0.765,-1.185,0,nan,142,0.0,142,0.02199999988079071
8925,25,89,0.735,-1.185,0,nan,142,0.0,142,0.02199999988079071
8926,26,89,0.7050000000000001,-1.185,0,nan,142,0.0,142,0.02199999988079071
8927,27,89,0.675,-1.185,0,nan,142,0.0,142,0.02199999988079071
8928,28,89,0.645,-1.185,0,nan,142,0.0,142,0.02199999988079071
8929,29,89,0.615,-1.185,0,nan,142,0.0,142,0.02199999988079071
8930,30,89,0.5850000000000001,-1.185,0,nan,142,0.0,142,0.02199999988079071
8931,31,89,0.555,-1.185,0,nan,142,0.0,142,0.02199999988079071
8932,32,89,0.525,-1.185,0,nan,142,0.0,142,0.02199999988079071
8933,33,89,0.4950000000000001,-1.185,0,nan,142,0.0,142,0.02199999988079071
8934,34,89,0.4650000000000001,-1.185,0,nan,142,0.0,142,0.02199999988079071
8935,35,89,0.43500000000000005,-1.185,0,nan,142,0.0,142,0.02199999988079071
8936,36,89,0.405,-1.185,0,nan,142,0.0,142,0.02199999988079071
8937,37,89,0.375,-1.185,0,nan,142,0.0,142,0.02199999988079071
8938,38,89,0.345,-1.185,0,nan,142,0.0,142,0.02199999988079071
8939,39,89,0.31499999999999995,-1.185,0,nan,142,0.0,142,0.02199999988079071
8940,40,89,0.28500000000000014,-1.185,0,nan,142,0.0,142,0.02199999988079071
8941,41,89,0.2550000000000001,-1.185,0,nan,142,0.0,142,0.02199999988079071
8942,42,89,0.2250000000000001,-1.185,0,nan,142,0.0,142,0.02199999988079071
8943,43,89,0.19500000000000006,-1.185,0,nan,142,0.0,142,0.02199999988079071
8944,44,89,0.16500000000000004,-1.185,0,nan,142,0.0,142,0.02199999988079071
8945,45,89,0.135,-1.185,0,nan,142,0.0,142,0.02199999988079071
8946,46,89,0.10499999999999998,-1.185,0,nan,142,0.0,142,0.02199999988079071
8947,47,89,0.07499999999999996,-1.185,0,nan,142,0.0,142,0.02199999988079071
8948,48,89,0.04500000000000015,-1.185,0,nan,142,0.0,142,0.02199999988079071
8949,49,89,0.015000000000000124,-1.185,0,nan,142,0.0,142,0.02199999988079071
8950,50,89,-0.014999999999999902,-1.185,0,nan,142,0.0,142,0.02199999988079071
8951,51,89,-0.04499999999999993,-1.185,0,nan,142,0.0,142,0.02199999988079071
8952,52,89,-0.07499999999999996,-1.185,0,nan,142,0.0,142,0.02199999988079071
8953,53,89,-0.10499999999999998,-1.185,0,nan,142,0.0,142,0.02199999988079071
8954,54,89,-0.135,-1.185,0,nan,142,0.0,142,0.02199999988079071
8955,55,89,-0.16500000000000004,-1.185,0,nan,142,0.0,142,0.02199999988079071
8956,56,89,-0.19499999999999984,-1.185,0,nan,142,0.0,142,0.02199999988079071
8957,57,89,-0.22499999999999987,-1.185,0,nan,142,0.0,142,0.02199999988079071
8958,58,89,-0.2549999999999999,-1.185,0,nan,142,0.0,142,0.02199999988079071
8959,59,89,-0.2849999999999999,-1.185,0,nan,142,0.0,142,0.02199999988079071
8960,60,89,-0.31499999999999995,-1.185,0,nan,142,0.0,142,0.02199999988079071
8961,61,89,-0.345,-1.185,0,nan,142,0.0,142,0.02199999988079071
8962,62,89,-0.375,-1.185,0,nan,142,0.0,142,0.02199999988079071
8963,63,89,-0.405,-1.185,0,nan,142,0.0,142,0.02199999988079071
8964,64,89,-0.43499999999999983,-1.185,0,nan,142,0.0,142,0.02199999988079071
8965,65,89,-0.46499999999999986,-1.185,0,nan,142,0.0,142,0.02199999988079071
8966,66,89,-0.4949999999999999,-1.185,0,nan,142,0.0,142,0.02199999988079071
8967,67,89,-0.5249999999999999,-1.185,0,nan,142,0.0,142,0.02199999988079071
8968,68,89,-0.5549999999999997,-1.185,0,nan,142,0.0,142,0.02199999988079071
8969,69,89,-0.585,-1.185,0,nan,142,0.0,142,0.02199999988079071
8970,70,89,-0.6149999999999998,-1.185,0,nan,142,0.0,142,0.02199999988079071
8971,71,89,-0.645,-1.185,0,nan,142,0.0,142,0.02199999988079071
8972,72,89,-0.6749999999999998,-1.185,0,nan,142,0.0,142,0.02199999988079071
8973,73,89,-0.7050000000000001,-1.185,0,nan,142,0.0,142,0.02199999988079071
8974,74,89,-0.7349999999999999,-1.185,0,nan,142,0.0,142,0.02199999988079071
8975,75,89,-0.7650000000000001,-1.185,0,nan,142,0.0,142,0.02199999988079071
8976,76,89,-0.7949999999999999,-1.185,0,nan,142,0.0,142,0.02199999988079071
8977,77,89,-0.8249999999999997,-1.185,0,nan,142,0.0,142,0.02199999988079071
8978,78,89,-0.855,-1.185,0,nan,142,0.0,142,0.02199999988079071
8979,79,89,-0.8849999999999998,-1.185,0,nan,142,0.0,142,0.02199999988079071
8980,80,89,-0.915,-1.185,0,nan,142,0.0,142,0.02199999988079071
8981,81,89,-0.9449999999999998,-1.185,0,nan,142,0.0,142,0.02199999988079071
8982,82,89,-0.9750000000000001,-1.185,0,nan,142,0.0,142,0.02199999988079071
8983,83,89,-1.005,-1.185,0,nan,142,0.0,142,0.02199999988079071
8984,84,89,-1.0349999999999997,-1.185,0,nan,142,0.0,142,0.02199999988079071
8985,85,89,-1.065,-1.185,0,nan,142,0.0,142,0.02199999988079071
8986,86,89,-1.0949999999999998,-1.185,0,nan,142,0.0,142,0.02199999988079071
8987,87,89,-1.125,-1.185,0,nan,142,0.0,142,0.02199999988079071
8988,88,89,-1.1549999999999998,-1.185,0,nan,142,0.0,142,0.02199999988079071
8989,89,89,-1.185,-1.185,0,nan,142,0.0,142,0.02199999988079071
8990,90,89,-1.2149999999999999,-1.185,0,nan,142,0.0,142,0.02199999988079071
8991,91,89,-1.245,-1.185,0,nan,142,0.0,142,0.02199999988079071
8992,92,89,-1.275,-1.185,0,nan,142,0.0,142,0.02199999988079071
8993,93,89,-1.3049999999999997,-1.185,0,nan,142,0.0,142,0.02199999988079071
8994,94,89,-1.335,-1.185,0,nan,142,0.0,142,0.02199999988079071
8995,95,89,-1.3649999999999998,-1.185,0,nan,142,0.0,142,0.02199999988079071
8996,96,89,-1.395,-1.185,0,nan,142,0.0,142,0.02199999988079071
8997,97,89,-1.4249999999999998,-1.185,0,nan,142,0.0,142,0.0
8998,98,89,-1.455,-1.185,0,nan,142,0.0,142,0.0
8999,99,89,-1.4849999999999999,-1.185,0,nan,142,0.0,142,0.0
9000,0,90,1.485,-1.2149999999999999,0,nan,142,0.0,142,0.0
9001,1,90,1.455,-1.2149999999999999,0,nan,142,0.0,142,0.0
9002,2,90,1.425,-1.2149999999999999,0,nan,142,0.0,142,0.0
9003,3,90,1.395,-1.2149999999999999,0,nan,142,0.0,142,0.02199999988079071
9004,4,90,1.365,-1.2149999999999999,0,nan,142,0.0,142,0.02199999988079071
9005,5,90,1.335,-1.2149999999999999,0,nan,142,0.0,142,0.02199999988079071
9006,6,90,1.305,-1.2149999999999999,0,nan,142,0.0,142,0.02199999988079071
9007,7,90,1.275,-1.2149999999999999,0,nan,142,0.0,142,0.02199999988079071
9008,8,90,1.245,-1.2149999999999999,0,nan,142,0.0,142,0.02199999988079071
9009,9,90,1.215,-1.2149999999999999,0,nan,142,0.0,142,0.02199999988079071
9010,10,90,1.185,-1.2149999999999999,0,nan,142,0.0,142,0.02199999988079071
9011,11,90,1.155,-1.2149999999999999,0,nan,142,0.0,142,0.02199999988079071
9012,12,90,1.125,-1.2149999999999999,0,nan,142,0.0,142,0.02199999988079071
9013,13,90,1.095,-1.2149999999999999,0,nan,142,0.0,142,0.02199999988079071
9014,14,90,1.065,-1.2149999999999999,0,nan,142,0.0,142,0.02199999988079071
9015,15,90,1.0350000000000001,-1.2149999999999999,0,nan,142,0.0,142,0.02199999988079071
9016,16,90,1.005,-1.2149999999999999,0,nan,142,0.0,142,0.02199999988079071
9017,17,90,0.975,-1.2149999999999999,0,nan,142,0.0,142,0.02199999988079071
9018,18,90,0.9450000000000001,-1.2149999999999999,0,nan,142,0.0,142,0.02199999988079071
9019,19,90,0.915,-1.2149999999999999,0,nan,142,0.0,142,0.02199999988079071
9020,20,90,0.885,-1.2149999999999999,0,nan,142,0.0,142,0.02199999988079071
9021,21,90,0.855,-1.2149999999999999,0,nan,142,0.0,142,0.02199999988079071
9022,22,90,0.8250000000000001,-1.2149999999999999,0,nan,142,0.0,142,0.02199999988079071
9023,23,90,0.795,-1.2149999999999999,0,nan,142,0.0,142,0.02199999988079071
9024,24,90,0.765,-1.2149999999999999,0,nan,142,0.0,142,0.02199999988079071
9025,25,90,0.735,-1.2149999999999999,0,nan,142,0.0,142,0.02199999988079071
9026,26,90,0.7050000000000001,-1.2149999999999999,0,nan,142,0.0,142,0.02199999988079071
9027,27,90,0.675,-1.2149999999999999,0,nan,142,0.0,142,0.02199999988079071
9028,28,90,0.645,-1.2149999999999999,0,nan,142,0.0,142,0.02199999988079071
9029,29,90,0.615,-1.2149999999999999,0,nan,142,0.0,142,0.02199999988079071
9030,30,90,0.5850000000000001,-1.2149999999999999,0,nan,142,0.0,142,0.02199999988079071
9031,31,90,0.555,-1.2149999999999999,0,nan,142,0.0,142,0.02199999988079071
9032,32,90,0.525,-1.2149999999999999,0,nan,142,0.0,142,0.02199999988079071
9033,33,90,0.4950000000000001,-1.2149999999999999,0,nan,142,0.0,142,0.02199999988079071
9034,34,90,0.4650000000000001,-1.2149999999999999,0,nan,142,0.0,142,0.02199999988079071
9035,35,90,0.43500000000000005,-1.2149999999999999,0,nan,142,0.0,142,0.02199999988079071
9036,36,90,0.405,-1.2149999999999999,0,nan,142,0.0,142,0.02199999988079071
9037,37,90,0.375,-1.2149999999999999,0,nan,142,0.0,142,0.02199999988079071
9038,38,90,0.345,-1.2149999999999999,0,nan,142,0.0,142,0.02199999988079071
9039,39,90,0.31499999999999995,-1.2149999999999999,0,nan,142,0.0,142,0.02199999988079071
9040,40,90,0.28500000000000014,-1.2149999999999999,0,nan,142,0.0,142,0.02199999988079071
9041,41,90,0.2550000000000001,-1.2149999999999999,0,nan,142,0.0,142,0.02199999988079071
9042,42,90,0.2250000000000001,-1.2149999999999999,0,nan,142,0.0,142,0.02199999988079071
9043,43,90,0.19500000000000006,-1.2149999999999999,0,nan,142,0.0,142,0.02199999988079071
9044,44,90,0.16500000000000004,-1.2149999999999999,0,nan,142,0.0,142,0.02199999988079071
9045,45,90,0.135,-1.2149999999999999,0,nan,142,0.0,142,0.02199999988079071
9046,46,90,0.10499999999999998,-1.2149999999999999,0,nan,142,0.0,142,0.02199999988079071
9047,47,90,0.07499999999999996,-1.2149999999999999,0,nan,142,0.0,142,0.02199999988079071
9048,48,90,0.04500000000000015,-1.2149999999999999,0,nan,142,0.0,142,0.02199999988079071
9049,49,90,0.015000000000000124,-1.2149999999999999,0,nan,142,0.0,142,0.02199999988079071
9050,50,90,-0.014999999999999902,-1.2149999999999999,0,nan,142,0.0,142,0.02199999988079071
9051,51,90,-0.04499999999999993,-1.2149999999999999,0,nan,142,0.0,142,0.02199999988079071
9052,52,90,-0.07499999999999996,-1.2149999999999999,0,nan,142,0.0,142,0.02199999988079071
9053,53,90,-0.10499999999999998,-1.2149999999999999,0,nan,142,0.0,142,0.02199999988079071
9054,54,90,-0.135,-1.2149999999999999,0,nan,142,0.0,142,0.02199999988079071
9055,55,90,-0.16500000000000004,-1.2149999999999999,0,nan,142,0.0,142,0.02199999988079071
9056,56,90,-0.19499999999999984,-1.2149999999999999,0,nan,142,0.0,142,0.02199999988079071
9057,57,90,-0.22499999999999987,-1.2149999999999999,0,nan,142,0.0,142,0.02199999988079071
9058,58,90,-0.2549999999999999,-1.2149999999999999,0,nan,142,0.0,142,0.02199999988079071
9059,59,90,-0.2849999999999999,-1.2149999999999999,0,nan,142,0.0,142,0.02199999988079071
9060,60,90,-0.31499999999999995,-1.2149999999999999,0,nan,142,0.0,142,0.02199999988079071
9061,61,90,-0.345,-1.2149999999999999,0,nan,142,0.0,142,0.02199999988079071
9062,62,90,-0.375,-1.2149999999999999,0,nan,142,0.0,142,0.02199999988079071
9063,63,90,-0.405,-1.2149999999999999,0,nan,142,0.0,142,0.02199999988079071
9064,64,90,-0.43499999999999983,-1.2149999999999999,0,nan,142,0.0,142,0.02199999988079071
9065,65,90,-0.46499999999999986,-1.2149999999999999,0,nan,142,0.0,142,0.02199999988079071
9066,66,90,-0.4949999999999999,-1.2149999999999999,0,nan,142,0.0,142,0.02199999988079071
9067,67,90,-0.5249999999999999,-1.2149999999999999,0,nan,142,0.0,142,0.02199999988079071
9068,68,90,-0.5549999999999997,-1.2149999999999999,0,nan,142,0.0,142,0.02199999988079071
9069,69,90,-0.585,-1.2149999999999999,0,nan,142,0.0,142,0.02199999988079071
9070,70,90,-0.6149999999999998,-1.2149999999999999,0,nan,142,0.0,142,0.02199999988079071
9071,71,90,-0.645,-1.2149999999999999,0,nan,142,0.0,142,0.02199999988079071
9072,72,90,-0.6749999999999998,-1.2149999999999999,0,nan,142,0.0,142,0.02199999988079071
9073,73,90,-0.7050000000000001,-1.2149999999999999,0,nan,142,0.0,142,0.02199999988079071
9074,74,90,-0.7349999999999999,-1.2149999999999999,0,nan,142,0.0,142,0.02199999988079071
9075,75,90,-0.7650000000000001,-1.2149999999999999,0,nan,142,0.0,142,0.02199999988079071
9076,76,90,-0.7949999999999999,-1.2149999999999999,0,nan,142,0.0,142,0.02199999988079071
9077,77,90,-0.8249999999999997,-1.2149999999999999,0,nan,142,0.0,142,0.02199999988079071
9078,78,90,-0.855,-1.2149999999999999,0,nan,142,0.0,142,0.02199999988079071
9079,79,90,-0.8849999999999998,-1.2149999999999999,0,nan,142,0.0,142,0.02199999988079071
9080,80,90,-0.915,-1.2149999999999999,0,nan,142,0.0,142,0.02199999988079071
9081,81,90,-0.9449999999999998,-1.2149999999999999,0,nan,142,0.0,142,0.02199999988079071
9082,82,90,-0.9750000000000001,-1.2149999999999999,0,nan,142,0.0,142,0.02199999988079071
9083,83,90,-1.005,-1.2149999999999999,0,nan,142,0.0,142,0.02199999988079071
9084,84,90,-1.0349999999999997,-1.2149999999999999,0,nan,142,0.0,142,0.02199999988079071
9085,85,90,-1.065,-1.2149999999999999,0,nan,142,0.0,142,0.02199999988079071
9086,86,90,-1.0949999999999998,-1.2149999999999999,0,nan,142,0.0,142,0.02199999988079071
9087,87,90,-1.125,-1.2149999999999999,0,nan,142,0.0,142,0.02199999988079071
9088,88,90,-1.1549999999999998,-1.2149999999999999,0,nan,142,0.0,142,0.02199999988079071
9089,89,90,-1.185,-1.2149999999999999,0,nan,142,0.0,142,0.02199999988079071
9090,90,90,-1.2149999999999999,-1.2149999999999999,0,nan,142,0.0,142,0.02199999988079071
9091,91,90,-1.245,-1.2149999999999999,0,nan,142,0.0,142,0.02199999988079071
9092,92,90,-1.275,-1.2149999999999999,0,nan,142,0.0,142,0.02199999988079071
9093,93,90,-1.3049999999999997,-1.2149999999999999,0,nan,142,0.0,142,0.02199999988079071
9094,94,90,-1.335,-1.2149999999999999,0,nan,142,0.0,142,0.02199999988079071
9095,95,90,-1.3649999999999998,-1.2149999999999999,0,nan,142,0.0,142,0.02199999988079071
9096,96,90,-1.395,-1.2149999999999999,0,nan,142,0.0,142,0.02199999988079071
9097,97,90,-1.4249999999999998,-1.2149999999999999,0,nan,142,0.0,142,0.0
9098,98,90,-1.455,-1.2149999999999999,0,nan,142,0.0,142,0.0
9099,99,90,-1.4849999999999999,-1.2149999999999999,0,nan,142,0.0,142,0.0
9100,0,91,1.485,-1.245,0,nan,142,0.0,142,0.0
9101,1,91,1.455,-1.245,0,nan,142,0.0,142,0.0
9102,2,91,1.425,-1.245,0,nan,142,0.0,142,0.0
9103,3,91,1.395,-1.245,0,nan,142,0.0,142,0.02199999988079071
9104,4,91,1.365,-1.245,0,nan,142,0.0,142,0.02199999988079071
9105,5,91,1.335,-1.245,0,nan,142,0.0,142,0.02199999988079071
9106,6,91,1.305,-1.245,0,nan,142,0.0,142,0.02199999988079071
9107,7,91,1.275,-1.245,0,nan,142,0.0,142,0.02199999988079071
9108,8,91,1.245,-1.245,0,nan,142,0.0,142,0.02199999988079071
9109,9,91,1.215,-1.245,0,nan,142,0.0,142,0.02199999988079071
9110,10,91,1.185,-1.245,0,nan,142,0.0,142,0.02199999988079071
9111,11,91,1.155,-1.245,0,nan,142,0.0,142,0.02199999988079071
9112,12,91,1.125,-1.245,0,nan,142,0.0,142,0.02199999988079071
9113,13,91,1.095,-1.245,0,nan,142,0.0,142,0.02199999988079071
9114,14,91,1.065,-1.245,0,nan,142,0.0,142,0.02199999988079071
9115,15,91,1.0350000000000001,-1.245,0,nan,142,0.0,142,0.02199999988079071
9116,16,91,1.005,-1.245,0,nan,142,0.0,142,0.02199999988079071
9117,17,91,0.975,-1.245,0,nan,142,0.0,142,0.02199999988079071
9118,18,91,0.9450000000000001,-1.245,0,nan,142,0.0,142,0.02199999988079071
9119,19,91,0.915,-1.245,0,nan,142,0.0,142,0.02199999988079071
9120,20,91,0.885,-1.245,0,nan,142,0.0,142,0.02199999988079071
9121,21,91,0.855,-1.245,0,nan,142,0.0,142,0.02199999988079071
9122,22,91,0.8250000000000001,-1.245,0,nan,142,0.0,142,0.02199999988079071
9123,23,91,0.795,-1.245,0,nan,142,0.0,142,0.02199999988079071
9124,24,91,0.765,-1.245,0,nan,142,0.0,142,0.02199999988079071
9125,25,91,0.735,-1.245,0,nan,142,0.0,142,0.02199999988079071
9126,26,91,0.7050000000000001,-1.245,0,nan,142,0.0,142,0.02199999988079071
9127,27,91,0.675,-1.245,0,nan,142,0.0,142,0.02199999988079071
9128,28,91,0.645,-1.245,0,nan,142,0.0,142,0.02199999988079071
9129,29,91,0.615,-1.245,0,nan,142,0.0,142,0.02199999988079071
9130,30,91,0.5850000000000001,-1.245,0,nan,142,0.0,142,0.02199999988079071
9131,31,91,0.555,-1.245,0,nan,142,0.0,142,0.02199999988079071
9132,32,91,0.525,-1.245,0,nan,142,0.0,142,0.02199999988079071
9133,33,91,0.4950000000000001,-1.245,0,nan,142,0.0,142,0.02199999988079071
9134,34,91,0.4650000000000001,-1.245,0,nan,142,0.0,142,0.02199999988079071
9135,35,91,0.43500000000000005,-1.245,0,nan,142,0.0,142,0.02199999988079071
9136,36,91,0.405,-1.245,0,nan,142,0.0,142,0.02199999988079071
9137,37,91,0.375,-1.245,0,nan,142,0.0,142,0.02199999988079071
9138,38,91,0.345,-1.245,0,nan,142,0.0,142,0.02199999988079071
9139,39,91,0.31499999999999995,-1.245,0,nan,142,0.0,142,0.02199999988079071
9140,40,91,0.28500000000000014,-1.245,0,nan,142,0.0,142,0.02199999988079071
9141,41,91,0.2550000000000001,-1.245,0,nan,142,0.0,142,0.02199999988079071
9142,42,91,0.2250000000000001,-1.245,0,nan,142,0.0,142,0.02199999988079071
9143,43,91,0.19500000000000006,-1.245,0,nan,142,0.0,142,0.02199999988079071
9144,44,91,0.16500000000000004,-1.245,0,nan,142,0.0,142,0.02199999988079071
9145,45,91,0.135,-1.245,0,nan,142,0.0,142,0.02199999988079071
9146,46,91,0.10499999999999998,-1.245,0,nan,142,0.0,142,0.02199999988079071
9147,47,91,0.07499999999999996,-1.245,0,nan,142,0.0,142,0.02199999988079071
9148,48,91,0.04500000000000015,-1.245,0,nan,142,0.0,142,0.02199999988079071
9149,49,91,0.015000000000000124,-1.245,0,nan,142,0.0,142,0.02199999988079071
9150,50,91,-0.014999999999999902,-1.245,0,nan,142,0.0,142,0.02199999988079071
9151,51,91,-0.04499999999999993,-1.245,0,nan,142,0.0,142,0.02199999988079071
9152,52,91,-0.07499999999999996,-1.245,0,nan,142,0.0,142,0.02199999988079071
9153,53,91,-0.10499999999999998,-1.245,0,nan,142,0.0,142,0.02199999988079071
9154,54,91,-0.135,-1.245,0,nan,142,0.0,142,0.02199999988079071
9155,55,91,-0.16500000000000004,-1.245,0,nan,142,0.0,142,0.02199999988079071
9156,56,91,-0.19499999999999984,-1.245,0,nan,142,0.0,142,0.02199999988079071
9157,57,91,-0.22499999999999987,-1.245,0,nan,142,0.0,142,0.02199999988079071
9158,58,91,-0.2549999999999999,-1.245,0,nan,142,0.0,142,0.02199999988079071
9159,59,91,-0.2849999999999999,-1.245,0,nan,142,0.0,142,0.02199999988079071
9160,60,91,-0.31499999999999995,-1.245,0,nan,142,0.0,142,0.02199999988079071
9161,61,91,-0.345,-1.245,0,nan,142,0.0,142,0.02199999988079071
9162,62,91,-0.375,-1.245,0,nan,142,0.0,142,0.02199999988079071
9163,63,91,-0.405,-1.245,0,nan,142,0.0,142,0.02199999988079071
9164,64,91,-0.43499999999999983,-1.245,0,nan,142,0.0,142,0.02199999988079071
9165,65,91,-0.46499999999999986,-1.245,0,nan,142,0.0,142,0.02199999988079071
9166,66,91,-0.4949999999999999,-1.245,0,nan,142,0.0,142,0.02199999988079071
9167,67,91,-0.5249999999999999,-1.245,0,nan,142,0.0,142,0.02199999988079071
9168,68,91,-0.5549999999999997,-1.245,0,nan,142,0.0,142,0.02199999988079071
9169,69,91,-0.585,-1.245,0,nan,142,0.0,142,0.02199999988079071
9170,70,91,-0.6149999999999998,-1.245,0,nan,142,0.0,142,0.02199999988079071
9171,71,91,-0.645,-1.245,0,nan,142,0.0,142,0.02199999988079071
9172,72,91,-0.6749999999999998,-1.245,0,nan,142,0.0,142,0.02199999988079071
9173,73,91,-0.7050000000000001,-1.245,0,nan,142,0.0,142,0.02199999988079071
9174,74,91,-0.7349999999999999,-1.245,0,nan,142,0.0,142,0.02199999988079071
9175,75,91,-0.7650000000000001,-1.245,0,nan,142,0.0,142,0.02199999988079071
9176,76,91,-0.7949999999999999,-1.245,0,nan,142,0.0,142,0.02199999988079071
9177,77,91,-0.8249999999999997,-1.245,0,nan,142,0.0,142,0.02199999988079071
9178,78,91,-0.855,-1.245,0,nan,142,0.0,142,0.02199999988079071
9179,79,91,-0.8849999999999998,-1.245,0,nan,142,0.0,142,0.02199999988079071
9180,80,91,-0.915,-1.245,0,nan,142,0.0,142,0.02199999988079071
9181,81,91,-0.9449999999999998,-1.245,0,nan,142,0.0,142,0.02199999988079071
9182,82,91,-0.9750000000000001,-1.245,0,nan,142,0.0,142,0.02199999988079071
9183,83,91,-1.005,-1.245,0,nan,142,0.0,142,0.02199999988079071
9184,84,91,-1.0349999999999997,-1.245,0,nan,142,0.0,142,0.02199999988079071
9185,85,91,-1.065,-1.245,0,nan,142,0.0,142,0.02199999988079071
9186,86,91,-1.0949999999999998,-1.245,0,nan,142,0.0,142,0.02199999988079071
9187,87,91,-1.125,-1.245,0,nan,142,0.0,142,0.02199999988079071
9188,88,91,-1.1549999999999998,-1.245,0,nan,142,0.0,142,0.02199999988079071
9189,89,91,-1.185,-1.245,0,nan,142,0.0,142,0.02199999988079071
9190,90,91,-1.2149999999999999,-1.245,0,nan,142,0.0,142,0.02199999988079071
9191,91,91,-1.245,-1.245,0,nan,142,0.0,142,0.02199999988079071
9192,92,91,-1.275,-1.245,0,nan,142,0.0,142,0.02199999988079071
9193,93,91,-1.3049999999999997,-1.245,0,nan,142,0.0,142,0.02199999988079071
9194,94,91,-1.335,-1.245,0,nan,142,0.0,142,0.02199999988079071
9195,95,91,-1.3649999999999998,-1.245,0,nan,142,0.0,142,0.02199999988079071
9196,96,91,-1.395,-1.245,0,nan,142,0.0,142,0.02199999988079071
9197,97,91,-1.4249999999999998,-1.245,0,nan,142,0.0,142,0.0
9198,98,91,-1.455,-1.245,0,nan,142,0.0,142,0.0
9199,99,91,-1.4849999999999999,-1.245,0,nan,142,0.0,142,0.0
9200,0,92,1.485,-1.275,0,nan,142,0.0,142,0.0
9201,1,92,1.455,-1.275,0,nan,142,0.0,142,0.0
9202,2,92,1.425,-1.275,0,nan,142,0.0,142,0.0
9203,3,92,1.395,-1.275,0,nan,142,0.0,142,0.02199999988079071
9204,4,92,1.365,-1.275,0,nan,142,0.0,142,0.02199999988079071
9205,5,92,1.335,-1.275,0,nan,142,0.0,142,0.02199999988079071
9206,6,92,1.305,-1.275,0,nan,142,0.0,142,0.02199999988079071
9207,7,92,1.275,-1.275,0,nan,142,0.0,142,0.02199999988079071
9208,8,92,1.245,-1.275,0,nan,142,0.0,142,0.02199999988079071
9209,9,92,1.215,-1.275,0,nan,142,0.0,142,0.02199999988079071
9210,10,92,1.185,-1.275,0,nan,142,0.0,142,0.02199999988079071
9211,11,92,1.155,-1.275,0,nan,142,0.0,142,0.02199999988079071
9212,12,92,1.125,-1.275,0,nan,142,0.0,142,0.02199999988079071
9213,13,92,1.095,-1.275,0,nan,142,0.0,142,0.02199999988079071
9214,14,92,1.065,-1.275,0,nan,142,0.0,142,0.02199999988079071
9215,15,92,1.0350000000000001,-1.275,0,nan,142,0.0,142,0.02199999988079071
9216,16,92,1.005,-1.275,0,nan,142,0.0,142,0.02199999988079071
9217,17,92,0.975,-1.275,0,nan,142,0.0,142,0.02199999988079071
9218,18,92,0.9450000000000001,-1.275,0,nan,142,0.0,142,0.02199999988079071
9219,19,92,0.915,-1.275,0,nan,142,0.0,142,0.02199999988079071
9220,20,92,0.885,-1.275,0,nan,142,0.0,142,0.02199999988079071
9221,21,92,0.855,-1.275,0,nan,142,0.0,142,0.02199999988079071
9222,22,92,0.8250000000000001,-1.275,0,nan,142,0.0,142,0.02199999988079071
9223,23,92,0.795,-1.275,0,nan,142,0.0,142,0.02199999988079071
9224,24,92,0.765,-1.275,0,nan,142,0.0,142,0.02199999988079071
9225,25,92,0.735,-1.275,0,nan,142,0.0,142,0.02199999988079071
9226,26,92,0.7050000000000001,-1.275,0,nan,142,0.0,142,0.02199999988079071
9227,27,92,0.675,-1.275,0,nan,142,0.0,142,0.02199999988079071
9228,28,92,0.645,-1.275,0,nan,142,0.0,142,0.02199999988079071
9229,29,92,0.615,-1.275,0,nan,142,0.0,142,0.02199999988079071
9230,30,92,0.5850000000000001,-1.275,0,nan,142,0.0,142,0.02199999988079071
9231,31,92,0.555,-1.275,0,nan,142,0.0,142,0.02199999988079071
9232,32,92,0.525,-1.275,0,nan,142,0.0,142,0.02199999988079071
9233,33,92,0.4950000000000001,-1.275,0,nan,142,0.0,142,0.02199999988079071
9234,34,92,0.4650000000000001,-1.275,0,nan,142,0.0,142,0.02199999988079071
9235,35,92,0.43500000000000005,-1.275,0,nan,142,0.0,142,0.02199999988079071
9236,36,92,0.405,-1.275,0,nan,142,0.0,142,0.02199999988079071
9237,37,92,0.375,-1.275,0,nan,142,0.0,142,0.02199999988079071
9238,38,92,0.345,-1.275,0,nan,142,0.0,142,0.02199999988079071
9239,39,92,0.31499999999999995,-1.275,0,nan,142,0.0,142,0.02199999988079071
9240,40,92,0.28500000000000014,-1.275,0,nan,142,0.0,142,0.02199999988079071
9241,41,92,0.2550000000000001,-1.275,0,nan,142,0.0,142,0.02199999988079071
9242,42,92,0.2250000000000001,-1.275,0,nan,142,0.0,142,0.02199999988079071
9243,43,92,0.19500000000000006,-1.275,0,nan,142,0.0,142,0.02199999988079071
9244,44,92,0.16500000000000004,-1.275,0,nan,142,0.0,142,0.02199999988079071
9245,45,92,0.135,-1.275,0,nan,142,0.0,142,0.02199999988079071
9246,46,92,0.10499999999999998,-1.275,0,nan,142,0.0,142,0.02199999988079071
9247,47,92,0.07499999999999996,-1.275,0,nan,142,0.0,142,0.02199999988079071
9248,48,92,0.04500000000000015,-1.275,0,nan,142,0.0,142,0.02199999988079071
9249,49,92,0.015000000000000124,-1.275,0,nan,142,0.0,142,0.02199999988079071
9250,50,92,-0.014999999999999902,-1.275,0,nan,142,0.0,142,0.02199999988079071
9251,51,92,-0.04499999999999993,-1.275,0,nan,142,0.0,142,0.02199999988079071
9252,52,92,-0.07499999999999996,-1.275,0,nan,142,0.0,142,0.02199999988079071
9253,53,92,-0.10499999999999998,-1.275,0,nan,142,0.0,142,0.02199999988079071
9254,54,92,-0.135,-1.275,0,nan,142,0.0,142,0.02199999988079071
9255,55,92,-0.16500000000000004,-1.275,0,nan,142,0.0,142,0.02199999988079071
9256,56,92,-0.19499999999999984,-1.275,0,nan,142,0.0,142,0.02199999988079071
9257,57,92,-0.22499999999999987,-1.275,0,nan,142,0.0,142,0.02199999988079071
9258,58,92,-0.2549999999999999,-1.275,0,nan,142,0.0,142,0.02199999988079071
9259,59,92,-0.2849999999999999,-1.275,0,nan,142,0.0,142,0.02199999988079071
9260,60,92,-0.31499999999999995,-1.275,0,nan,142,0.0,142,0.02199999988079071
9261,61,92,-0.345,-1.275,0,nan,142,0.0,142,0.02199999988079071
9262,62,92,-0.375,-1.275,0,nan,142,0.0,142,0.02199999988079071
9263,63,92,-0.405,-1.275,0,nan,142,0.0,142,0.02199999988079071
9264,64,92,-0.43499999999999983,-1.275,0,nan,142,0.0,142,0.02199999988079071
9265,65,92,-0.46499999999999986,-1.275,0,nan,142,0.0,142,0.02199999988079071
9266,66,92,-0.4949999999999999,-1.275,0,nan,142,0.0,142,0.02199999988079071
9267,67,92,-0.5249999999999999,-1.275,0,nan,142,0.0,142,0.02199999988079071
9268,68,92,-0.5549999999999997,-1.275,0,nan,142,0.0,142,0.02199999988079071
9269,69,92,-0.585,-1.275,0,nan,142,0.0,142,0.02199999988079071
9270,70,92,-0.6149999999999998,-1.275,0,nan,142,0.0,142,0.02199999988079071
9271,71,92,-0.645,-1.275,0,nan,142,0.0,142,0.02199999988079071
9272,72,92,-0.6749999999999998,-1.275,0,nan,142,0.0,142,0.02199999988079071
9273,73,92,-0.7050000000000001,-1.275,0,nan,142,0.0,142,0.02199999988079071
9274,74,92,-0.7349999999999999,-1.275,0,nan,142,0.0,142,0.02199999988079071
9275,75,92,-0.7650000000000001,-1.275,0,nan,142,0.0,142,0.02199999988079071
9276,76,92,-0.7949999999999999,-1.275,0,nan,142,0.0,142,0.02199999988079071
9277,77,92,-0.8249999999999997,-1.275,0,nan,142,0.0,142,0.02199999988079071
9278,78,92,-0.855,-1.275,0,nan,142,0.0,142,0.02199999988079071
9279,79,92,-0.8849999999999998,-1.275,0,nan,142,0.0,142,0.02199999988079071
9280,80,92,-0.915,-1.275,0,nan,142,0.0,142,0.02199999988079071
9281,81,92,-0.9449999999999998,-1.275,0,nan,142,0.0,142,0.02199999988079071
9282,82,92,-0.9750000000000001,-1.275,0,nan,142,0.0,142,0.02199999988079071
9283,83,92,-1.005,-1.275,0,nan,142,0.0,142,0.02199999988079071
9284,84,92,-1.0349999999999997,-1.275,0,nan,142,0.0,142,0.02199999988079071
9285,85,92,-1.065,-1.275,0,nan,142,0.0,142,0.02199999988079071
9286,86,92,-1.0949999999999998,-1.275,0,nan,142,0.0,142,0.02199999988079071
9287,87,92,-1.125,-1.275,0,nan,142,0.0,142,0.02199999988079071
9288,88,92,-1.1549999999999998,-1.275,0,nan,142,0.0,142,0.02199999988079071
9289,89,92,-1.185,-1.275,0,nan,142,0.0,142,0.02199999988079071
9290,90,92,-1.2149999999999999,-1.275,0,nan,142,0.0,142,0.02199999988079071
9291,91,92,-1.245,-1.275,0,nan,142,0.0,142,0.02199999988079071
9292,92,92,-1.275,-1.275,0,nan,142,0.0,142,0.02199999988079071
9293,93,92,-1.3049999999999997,-1.275,0,nan,142,0.0,142,0.02199999988079071
9294,94,92,-1.335,-1.275,0,nan,142,0.0,142,0.02199999988079071
9295,95,92,-1.3649999999999998,-1.275,0,nan,142,0.0,142,0.02199999988079071
9296,96,92,-1.395,-1.275,0,nan,142,0.0,142,0.02199999988079071
9297,97,92,-1.4249999999999998,-1.275,0,nan,142,0.0,142,0.0
9298,98,92,-1.455,-1.275,0,nan,142,0.0,142,0.0
9299,99,92,-1.4849999999999999,-1.275,0,nan,142,0.0,142,0.0
9300,0,93,1.485,-1.3049999999999997,0,nan,142,0.0,142,0.0
9301,1,93,1.455,-1.3049999999999997,0,nan,142,0.0,142,0.0
9302,2,93,1.425,-1.3049999999999997,0,nan,142,0.0,142,0.0
9303,3,93,1.395,-1.3049999999999997,0,nan,142,0.0,142,0.02199999988079071
9304,4,93,1.365,-1.3049999999999997,0,nan,142,0.0,142,0.02199999988079071
9305,5,93,1.335,-1.3049999999999997,0,nan,142,0.0,142,0.02199999988079071
9306,6,93,1.305,-1.3049999999999997,0,nan,142,0.0,142,0.02199999988079071
9307,7,93,1.275,-1.3049999999999997,0,nan,142,0.0,142,0.02199999988079071
9308,8,93,1.245,-1.3049999999999997,0,nan,142,0.0,142,0.02199999988079071
9309,9,93,1.215,-1.3049999999999997,0,nan,142,0.0,142,0.02199999988079071
9310,10,93,1.185,-1.3049999999999997,0,nan,142,0.0,142,0.02199999988079071
9311,11,93,1.155,-1.3049999999999997,0,nan,142,0.0,142,0.02199999988079071
9312,12,93,1.125,-1.3049999999999997,0,nan,142,0.0,142,0.02199999988079071
9313,13,93,1.095,-1.3049999999999997,0,nan,142,0.0,142,0.02199999988079071
9314,14,93,1.065,-1.3049999999999997,0,nan,142,0.0,142,0.02199999988079071
9315,15,93,1.0350000000000001,-1.3049999999999997,0,nan,142,0.0,142,0.02199999988079071
9316,16,93,1.005,-1.3049999999999997,0,nan,142,0.0,142,0.02199999988079071
9317,17,93,0.975,-1.3049999999999997,0,nan,142,0.0,142,0.02199999988079071
9318,18,93,0.9450000000000001,-1.3049999999999997,0,nan,142,0.0,142,0.02199999988079071
9319,19,93,0.915,-1.3049999999999997,0,nan,142,0.0,142,0.02199999988079071
9320,20,93,0.885,-1.3049999999999997,0,nan,142,0.0,142,0.02199999988079071
9321,21,93,0.855,-1.3049999999999997,0,nan,142,0.0,142,0.02199999988079071
9322,22,93,0.8250000000000001,-1.3049999999999997,0,nan,142,0.0,142,0.02199999988079071
9323,23,93,0.795,-1.3049999999999997,0,nan,142,0.0,142,0.02199999988079071
9324,24,93,0.765,-1.3049999999999997,0,nan,142,0.0,142,0.02199999988079071
9325,25,93,0.735,-1.3049999999999997,0,nan,142,0.0,142,0.02199999988079071
9326,26,93,0.7050000000000001,-1.3049999999999997,0,nan,142,0.0,142,0.02199999988079071
9327,27,93,0.675,-1.3049999999999997,0,nan,142,0.0,142,0.02199999988079071
9328,28,93,0.645,-1.3049999999999997,0,nan,142,0.0,142,0.02199999988079071
9329,29,93,0.615,-1.3049999999999997,0,nan,142,0.0,142,0.02199999988079071
9330,30,93,0.5850000000000001,-1.3049999999999997,0,nan,142,0.0,142,0.02199999988079071
9331,31,93,0.555,-1.3049999999999997,0,nan,142,0.0,142,0.02199999988079071
9332,32,93,0.525,-1.3049999999999997,0,nan,142,0.0,142,0.02199999988079071
9333,33,93,0.4950000000000001,-1.3049999999999997,0,nan,142,0.0,142,0.02199999988079071
9334,34,93,0.4650000000000001,-1.3049999999999997,0,nan,142,0.0,142,0.02199999988079071
9335,35,93,0.43500000000000005,-1.3049999999999997,0,nan,142,0.0,142,0.02199999988079071
9336,36,93,0.405,-1.3049999999999997,0,nan,142,0.0,142,0.02199999988079071
9337,37,93,0.375,-1.3049999999999997,0,nan,142,0.0,142,0.02199999988079071
9338,38,93,0.345,-1.3049999999999997,0,nan,142,0.0,142,0.02199999988079071
9339,39,93,0.31499999999999995,-1.3049999999999997,0,nan,142,0.0,142,0.02199999988079071
9340,40,93,0.28500000000000014,-1.3049999999999997,0,nan,142,0.0,142,0.02199999988079071
9341,41,93,0.2550000000000001,-1.3049999999999997,0,nan,142,0.0,142,0.02199999988079071
9342,42,93,0.2250000000000001,-1.3049999999999997,0,nan,142,0.0,142,0.02199999988079071
9343,43,93,0.19500000000000006,-1.3049999999999997,0,nan,142,0.0,142,0.02199999988079071
9344,44,93,0.16500000000000004,-1.3049999999999997,0,nan,142,0.0,142,0.02199999988079071
9345,45,93,0.135,-1.3049999999999997,0,nan,142,0.0,142,0.02199999988079071
9346,46,93,0.10499999999999998,-1.3049999999999997,0,nan,142,0.0,142,0.02199999988079071
9347,47,93,0.07499999999999996,-1.3049999999999997,0,nan,142,0.0,142,0.02199999988079071
9348,48,93,0.04500000000000015,-1.3049999999999997,0,nan,142,0.0,142,0.02199999988079071
9349,49,93,0.015000000000000124,-1.3049999999999997,0,nan,142,0.0,142,0.02199999988079071
9350,50,93,-0.014999999999999902,-1.3049999999999997,0,nan,142,0.0,142,0.02199999988079071
9351,51,93,-0.04499999999999993,-1.3049999999999997,0,nan,142,0.0,142,0.02199999988079071
9352,52,93,-0.07499999999999996,-1.3049999999999997,0,nan,142,0.0,142,0.02199999988079071
9353,53,93,-0.10499999999999998,-1.3049999999999997,0,nan,142,0.0,142,0.02199999988079071
9354,54,93,-0.135,-1.3049999999999997,0,nan,142,0.0,142,0.02199999988079071
9355,55,93,-0.16500000000000004,-1.3049999999999997,0,nan,142,0.0,142,0.02199999988079071
9356,56,93,-0.19499999999999984,-1.3049999999999997,0,nan,142,0.0,142,0.02199999988079071
9357,57,93,-0.22499999999999987,-1.3049999999999997,0,nan,142,0.0,142,0.02199999988079071
9358,58,93,-0.2549999999999999,-1.3049999999999997,0,nan,142,0.0,142,0.02199999988079071
9359,59,93,-0.2849999999999999,-1.3049999999999997,0,nan,142,0.0,142,0.02199999988079071
9360,60,93,-0.31499999999999995,-1.3049999999999997,0,nan,142,0.0,142,0.02199999988079071
9361,61,93,-0.345,-1.3049999999999997,0,nan,142,0.0,142,0.02199999988079071
9362,62,93,-0.375,-1.3049999999999997,0,nan,142,0.0,142,0.02199999988079071
9363,63,93,-0.405,-1.3049999999999997,0,nan,142,0.0,142,0.02199999988079071
9364,64,93,-0.43499999999999983,-1.3049999999999997,0,nan,142,0.0,142,0.02199999988079071
9365,65,93,-0.46499999999999986,-1.3049999999999997,0,nan,142,0.0,142,0.02199999988079071
9366,66,93,-0.4949999999999999,-1.3049999999999997,0,nan,142,0.0,142,0.02199999988079071
9367,67,93,-0.5249999999999999,-1.3049999999999997,0,nan,142,0.0,142,0.02199999988079071
9368,68,93,-0.5549999999999997,-1.3049999999999997,0,nan,142,0.0,142,0.02199999988079071
9369,69,93,-0.585,-1.3049999999999997,0,nan,142,0.0,142,0.02199999988079071
9370,70,93,-0.6149999999999998,-1.3049999999999997,0,nan,142,0.0,142,0.02199999988079071
9371,71,93,-0.645,-1.3049999999999997,0,nan,142,0.0,142,0.02199999988079071
9372,72,93,-0.6749999999999998,-1.3049999999999997,0,nan,142,0.0,142,0.02199999988079071
9373,73,93,-0.7050000000000001,-1.3049999999999997,0,nan,142,0.0,142,0.02199999988079071
9374,74,93,-0.7349999999999999,-1.3049999999999997,0,nan,142,0.0,142,0.02199999988079071
9375,75,93,-0.7650000000000001,-1.3049999999999997,0,nan,142,0.0,142,0.02199999988079071
9376,76,93,-0.7949999999999999,-1.3049999999999997,0,nan,142,0.0,142,0.02199999988079071
9377,77,93,-0.8249999999999997,-1.3049999999999997,0,nan,142,0.0,142,0.02199999988079071
9378,78,93,-0.855,-1.3049999999999997,0,nan,142,0.0,142,0.02199999988079071
9379,79,93,-0.8849999999999998,-1.3049999999999997,0,nan,142,0.0,142,0.02199999988079071
9380,80,93,-0.915,-1.3049999999999997,0,nan,142,0.0,142,0.02199999988079071
9381,81,93,-0.9449999999999998,-1.3049999999999997,0,nan,142,0.0,142,0.02199999988079071
9382,82,93,-0.9750000000000001,-1.3049999999999997,0,nan,142,0.0,142,0.02199999988079071
9383,83,93,-1.005,-1.3049999999999997,0,nan,142,0.0,142,0.02199999988079071
9384,84,93,-1.0349999999999997,-1.3049999999999997,0,nan,142,0.0,142,0.02199999988079071
9385,85,93,-1.065,-1.3049999999999997,0,nan,142,0.0,142,0.02199999988079071
9386,86,93,-1.0949999999999998,-1.3049999999999997,0,nan,142,0.0,142,0.02199999988079071
9387,87,93,-1.125,-1.3049999999999997,0,nan,142,0.0,142,0.02199999988079071
9388,88,93,-1.1549999999999998,-1.3049999999999997,0,nan,142,0.0,142,0.02199999988079071
9389,89,93,-1.185,-1.3049999999999997,0,nan,142,0.0,142,0.02199999988079071
9390,90,93,-1.2149999999999999,-1.3049999999999997,0,nan,142,0.0,142,0.02199999988079071
9391,91,93,-1.245,-1.3049999999999997,0,nan,142,0.0,142,0.02199999988079071
9392,92,93,-1.275,-1.3049999999999997,0,nan,142,0.0,142,0.02199999988079071
9393,93,93,-1.3049999999999997,-1.3049999999999997,0,nan,142,0.0,142,0.02199999988079071
9394,94,93,-1.335,-1.3049999999999997,0,nan,142,0.0,142,0.02199999988079071
9395,95,93,-1.3649999999999998,-1.3049999999999997,0,nan,142,0.0,142,0.02199999988079071
9396,96,93,-1.395,-1.3049999999999997,0,nan,142,0.0,142,0.02199999988079071
9397,97,93,-1.4249999999999998,-1.3049999999999997,0,nan,142,0.0,142,0.0
9398,98,93,-1.455,-1.3049999999999997,0,nan,142,0.0,142,0.0
9399,99,93,-1.4849999999999999,-1.3049999999999997,0,nan,142,0.0,142,0.0
9400,0,94,1.485,-1.335,0,nan,142,0.0,142,0.0
9401,1,94,1.455,-1.335,0,nan,142,0.0,142,0.0
9402,2,94,1.425,-1.335,0,nan,142,0.0,142,0.0
9403,3,94,1.395,-1.335,0,nan,142,0.0,142,0.02199999988079071
9404,4,94,1.365,-1.335,0,nan,142,0.0,142,0.02199999988079071
9405,5,94,1.335,-1.335,0,nan,142,0.0,142,0.02199999988079071
9406,6,94,1.305,-1.335,0,nan,142,0.0,142,0.02199999988079071
9407,7,94,1.275,-1.335,0,nan,142,0.0,142,0.02199999988079071
9408,8,94,1.245,-1.335,0,nan,142,0.0,142,0.02199999988079071
9409,9,94,1.215,-1.335,0,nan,142,0.0,142,0.02199999988079071
9410,10,94,1.185,-1.335,0,nan,142,0.0,142,0.02199999988079071
9411,11,94,1.155,-1.335,0,nan,142,0.0,142,0.02199999988079071
9412,12,94,1.125,-1.335,0,nan,142,0.0,142,0.02199999988079071
9413,13,94,1.095,-1.335,0,nan,142,0.0,142,0.02199999988079071
9414,14,94,1.065,-1.335,0,nan,142,0.0,142,0.02199999988079071
9415,15,94,1.0350000000000001,-1.335,0,nan,142,0.0,142,0.02199999988079071
9416,16,94,1.005,-1.335,0,nan,142,0.0,142,0.02199999988079071
9417,17,94,0.975,-1.335,0,nan,142,0.0,142,0.02199999988079071
9418,18,94,0.9450000000000001,-1.335,0,nan,142,0.0,142,0.02199999988079071
9419,19,94,0.915,-1.335,0,nan,142,0.0,142,0.02199999988079071
9420,20,94,0.885,-1.335,0,nan,142,0.0,142,0.02199999988079071
9421,21,94,0.855,-1.335,0,nan,142,0.0,142,0.02199999988079071
9422,22,94,0.8250000000000001,-1.335,0,nan,142,0.0,142,0.02199999988079071
9423,23,94,0.795,-1.335,0,nan,142,0.0,142,0.02199999988079071
9424,24,94,0.765,-1.335,0,nan,142,0.0,142,0.02199999988079071
9425,25,94,0.735,-1.335,0,nan,142,0.0,142,0.02199999988079071
9426,26,94,0.7050000000000001,-1.335,0,nan,142,0.0,142,0.02199999988079071
9427,27,94,0.675,-1.335,0,nan,142,0.0,142,0.02199999988079071
9428,28,94,0.645,-1.335,0,nan,142,0.0,142,0.02199999988079071
9429,29,94,0.615,-1.335,0,nan,142,0.0,142,0.02199999988079071
9430,30,94,0.5850000000000001,-1.335,0,nan,142,0.0,142,0.02199999988079071
9431,31,94,0.555,-1.335,0,nan,142,0.0,142,0.02199999988079071
9432,32,94,0.525,-1.335,0,nan,142,0.0,142,0.02199999988079071
9433,33,94,0.4950000000000001,-1.335,0,nan,142,0.0,142,0.02199999988079071
9434,34,94,0.4650000000000001,-1.335,0,nan,142,0.0,142,0.02199999988079071
9435,35,94,0.43500000000000005,-1.335,0,nan,142,0.0,142,0.02199999988079071
9436,36,94,0.405,-1.335,0,nan,142,0.0,142,0.02199999988079071
9437,37,94,0.375,-1.335,0,nan,142,0.0,142,0.02199999988079071
9438,38,94,0.345,-1.335,0,nan,142,0.0,142,0.02199999988079071
9439,39,94,0.31499999999999995,-1.335,0,nan,142,0.0,142,0.02199999988079071
9440,40,94,0.28500000000000014,-1.335,0,nan,142,0.0,142,0.02199999988079071
9441,41,94,0.2550000000000001,-1.335,0,nan,142,0.0,142,0.02199999988079071
9442,42,94,0.2250000000000001,-1.335,0,nan,142,0.0,142,0.02199999988079071
9443,43,94,0.19500000000000006,-1.335,0,nan,142,0.0,142,0.02199999988079071
9444,44,94,0.16500000000000004,-1.335,0,nan,142,0.0,142,0.02199999988079071
9445,45,94,0.135,-1.335,0,nan,142,0.0,142,0.02199999988079071
9446,46,94,0.10499999999999998,-1.335,0,nan,142,0.0,142,0.02199999988079071
9447,47,94,0.07499999999999996,-1.335,0,nan,142,0.0,142,0.02199999988079071
9448,48,94,0.04500000000000015,-1.335,0,nan,142,0.0,142,0.02199999988079071
9449,49,94,0.015000000000000124,-1.335,0,nan,142,0.0,142,0.02199999988079071
9450,50,94,-0.014999999999999902,-1.335,0,nan,142,0.0,142,0.02199999988079071
9451,51,94,-0.04499999999999993,-1.335,0,nan,142,0.0,142,0.02199999988079071
9452,52,94,-0.07499999999999996,-1.335,0,nan,142,0.0,142,0.02199999988079071
9453,53,94,-0.10499999999999998,-1.335,0,nan,142,0.0,142,0.02199999988079071
9454,54,94,-0.135,-1.335,0,nan,142,0.0,142,0.02199999988079071
9455,55,94,-0.16500000000000004,-1.335,0,nan,142,0.0,142,0.02199999988079071
9456,56,94,-0.19499999999999984,-1.335,0,nan,142,0.0,142,0.02199999988079071
9457,57,94,-0.22499999999999987,-1.335,0,nan,142,0.0,142,0.02199999988079071
9458,58,94,-0.2549999999999999,-1.335,0,nan,142,0.0,142,0.02199999988079071
9459,59,94,-0.2849999999999999,-1.335,0,nan,142,0.0,142,0.02199999988079071
9460,60,94,-0.31499999999999995,-1.335,0,nan,142,0.0,142,0.02199999988079071
9461,61,94,-0.345,-1.335,0,nan,142,0.0,142,0.02199999988079071
9462,62,94,-0.375,-1.335,0,nan,142,0.0,142,0.02199999988079071
9463,63,94,-0.405,-1.335,0,nan,142,0.0,142,0.02199999988079071
9464,64,94,-0.43499999999999983,-1.335,0,nan,142,0.0,142,0.02199999988079071
9465,65,94,-0.46499999999999986,-1.335,0,nan,142,0.0,142,0.02199999988079071
9466,66,94,-0.4949999999999999,-1.335,0,nan,142,0.0,142,0.02199999988079071
9467,67,94,-0.5249999999999999,-1.335,0,nan,142,0.0,142,0.02199999988079071
9468,68,94,-0.5549999999999997,-1.335,0,nan,142,0.0,142,0.02199999988079071
9469,69,94,-0.585,-1.335,0,nan,142,0.0,142,0.02199999988079071
9470,70,94,-0.6149999999999998,-1.335,0,nan,142,0.0,142,0.02199999988079071
9471,71,94,-0.645,-1.335,0,nan,142,0.0,142,0.02199999988079071
9472,72,94,-0.6749999999999998,-1.335,0,nan,142,0.0,142,0.02199999988079071
9473,73,94,-0.7050000000000001,-1.335,0,nan,142,0.0,142,0.02199999988079071
9474,74,94,-0.7349999999999999,-1.335,0,nan,142,0.0,142,0.02199999988079071
9475,75,94,-0.7650000000000001,-1.335,0,nan,142,0.0,142,0.02199999988079071
9476,76,94,-0.7949999999999999,-1.335,0,nan,142,0.0,142,0.02199999988079071
9477,77,94,-0.8249999999999997,-1.335,0,nan,142,0.0,142,0.02199999988079071
9478,78,94,-0.855,-1.335,0,nan,142,0.0,142,0.02199999988079071
9479,79,94,-0.8849999999999998,-1.335,0,nan,142,0.0,142,0.02199999988079071
9480,80,94,-0.915,-1.335,0,nan,142,0.0,142,0.02199999988079071
9481,81,94,-0.9449999999999998,-1.335,0,nan,142,0.0,142,0.02199999988079071
9482,82,94,-0.9750000000000001,-1.335,0,nan,142,0.0,142,0.02199999988079071
9483,83,94,-1.005,-1.335,0,nan,142,0.0,142,0.02199999988079071
9484,84,94,-1.0349999999999997,-1.335,0,nan,142,0.0,142,0.02199999988079071
9485,85,94,-1.065,-1.335,0,nan,142,0.0,142,0.02199999988079071
9486,86,94,-1.0949999999999998,-1.335,0,nan,142,0.0,142,0.02199999988079071
9487,87,94,-1.125,-1.335,0,nan,142,0.0,142,0.02199999988079071
9488,88,94,-1.1549999999999998,-1.335,0,nan,142,0.0,142,0.02199999988079071
9489,89,94,-1.185,-1.335,0,nan,142,0.0,142,0.02199999988079071
9490,90,94,-1.2149999999999999,-1.335,0,nan,142,0.0,142,0.02199999988079071
9491,91,94,-1.245,-1.335,0,nan,142,0.0,142,0.02199999988079071
9492,92,94,-1.275,-1.335,0,nan,142,0.0,142,0.02199999988079071
9493,93,94,-1.3049999999999997,-1.335,0,nan,142,0.0,142,0.02199999988079071
9494,94,94,-1.335,-1.335,0,nan,142,0.0,142,0.02199999988079071
9495,95,94,-1.3649999999999998,-1.335,0,nan,142,0.0,142,0.02199999988079071
9496,96,94,-1.395,-1.335,0,nan,142,0.0,142,0.02199999988079071
9497,97,94,-1.4249999999999998,-1.335,0,nan,142,0.0,142,0.0
9498,98,94,-1.455,-1.335,0,nan,142,0.0,142,0.0
9499,99,94,-1.4849999999999999,-1.335,0,nan,142,0.0,142,0.0
9500,0,95,1.485,-1.3649999999999998,0,nan,142,0.0,142,0.0
9501,1,95,1.455,-1.3649999999999998,0,nan,142,0.0,142,0.0
9502,2,95,1.425,-1.3649999999999998,0,nan,142,0.0,142,0.0
9503,3,95,1.395,-1.3649999999999998,0,nan,142,0.0,142,0.02199999988079071
9504,4,95,1.365,-1.3649999999999998,0,nan,142,0.0,142,0.02199999988079071
9505,5,95,1.335,-1.3649999999999998,0,nan,142,0.0,142,0.02199999988079071
9506,6,95,1.305,-1.3649999999999998,0,nan,142,0.0,142,0.02199999988079071
9507,7,95,1.275,-1.3649999999999998,0,nan,142,0.0,142,0.02199999988079071
9508,8,95,1.245,-1.3649999999999998,0,nan,142,0.0,142,0.02199999988079071
9509,9,95,1.215,-1.3649999999999998,0,nan,142,0.0,142,0.02199999988079071
9510,10,95,1.185,-1.3649999999999998,0,nan,142,0.0,142,0.02199999988079071
9511,11,95,1.155,-1.3649999999999998,0,nan,142,0.0,142,0.02199999988079071
9512,12,95,1.125,-1.3649999999999998,0,nan,142,0.0,142,0.02199999988079071
9513,13,95,1.095,-1.3649999999999998,0,nan,142,0.0,142,0.02199999988079071
9514,14,95,1.065,-1.3649999999999998,0,nan,142,0.0,142,0.02199999988079071
9515,15,95,1.0350000000000001,-1.3649999999999998,0,nan,142,0.0,142,0.02199999988079071
9516,16,95,1.005,-1.3649999999999998,0,nan,142,0.0,142,0.02199999988079071
9517,17,95,0.975,-1.3649999999999998,0,nan,142,0.0,142,0.02199999988079071
9518,18,95,0.9450000000000001,-1.3649999999999998,0,nan,142,0.0,142,0.02199999988079071
9519,19,95,0.915,-1.3649999999999998,0,nan,142,0.0,142,0.02199999988079071
9520,20,95,0.885,-1.3649999999999998,0,nan,142,0.0,142,0.02199999988079071
9521,21,95,0.855,-1.3649999999999998,0,nan,142,0.0,142,0.02199999988079071
9522,22,95,0.8250000000000001,-1.3649999999999998,0,nan,142,0.0,142,0.02199999988079071
9523,23,95,0.795,-1.3649999999999998,0,nan,142,0.0,142,0.02199999988079071
9524,24,95,0.765,-1.3649999999999998,0,nan,142,0.0,142,0.02199999988079071
9525,25,95,0.735,-1.3649999999999998,0,nan,142,0.0,142,0.02199999988079071
9526,26,95,0.7050000000000001,-1.3649999999999998,0,nan,142,0.0,142,0.02199999988079071
9527,27,95,0.675,-1.3649999999999998,0,nan,142,0.0,142,0.02199999988079071
9528,28,95,0.645,-1.3649999999999998,0,nan,142,0.0,142,0.02199999988079071
9529,29,95,0.615,-1.3649999999999998,0,nan,142,0.0,142,0.02199999988079071
9530,30,95,0.5850000000000001,-1.3649999999999998,0,nan,142,0.0,142,0.02199999988079071
9531,31,95,0.555,-1.3649999999999998,0,nan,142,0.0,142,0.02199999988079071
9532,32,95,0.525,-1.3649999999999998,0,nan,142,0.0,142,0.02199999988079071
9533,33,95,0.4950000000000001,-1.3649999999999998,0,nan,142,0.0,142,0.02199999988079071
9534,34,95,0.4650000000000001,-1.3649999999999998,0,nan,142,0.0,142,0.02199999988079071
9535,35,95,0.43500000000000005,-1.3649999999999998,0,nan,142,0.0,142,0.02199999988079071
9536,36,95,0.405,-1.3649999999999998,0,nan,142,0.0,142,0.02199999988079071
9537,37,95,0.375,-1.3649999999999998,0,nan,142,0.0,142,0.02199999988079071
9538,38,95,0.345,-1.3649999999999998,0,nan,142,0.0,142,0.02199999988079071
9539,39,95,0.31499999999999995,-1.3649999999999998,0,nan,142,0.0,142,0.02199999988079071
9540,40,95,0.28500000000000014,-1.3649999999999998,0,nan,142,0.0,142,0.02199999988079071
9541,41,95,0.2550000000000001,-1.3649999999999998,0,nan,142,0.0,142,0.02199999988079071
9542,42,95,0.2250000000000001,-1.3649999999999998,0,nan,142,0.0,142,0.02199999988079071
9543,43,95,0.19500000000000006,-1.3649999999999998,0,nan,142,0.0,142,0.02199999988079071
9544,44,95,0.16500000000000004,-1.3649999999999998,0,nan,142,0.0,142,0.02199999988079071
9545,45,95,0.135,-1.3649999999999998,0,nan,142,0.0,142,0.02199999988079071
9546,46,95,0.10499999999999998,-1.3649999999999998,0,nan,142,0.0,142,0.02199999988079071
9547,47,95,0.07499999999999996,-1.3649999999999998,0,nan,142,0.0,142,0.02199999988079071
9548,48,95,0.04500000000000015,-1.3649999999999998,0,nan,142,0.0,142,0.02199999988079071
9549,49,95,0.015000000000000124,-1.3649999999999998,0,nan,142,0.0,142,0.02199999988079071
9550,50,95,-0.014999999999999902,-1.3649999999999998,0,nan,142,0.0,142,0.02199999988079071
9551,51,95,-0.04499999999999993,-1.3649999999999998,0,nan,142,0.0,142,0.02199999988079071
9552,52,95,-0.07499999999999996,-1.3649999999999998,0,nan,142,0.0,142,0.02199999988079071
9553,53,95,-0.10499999999999998,-1.3649999999999998,0,nan,142,0.0,142,0.02199999988079071
9554,54,95,-0.135,-1.3649999999999998,0,nan,142,0.0,142,0.02199999988079071
9555,55,95,-0.16500000000000004,-1.3649999999999998,0,nan,142,0.0,142,0.02199999988079071
9556,56,95,-0.19499999999999984,-1.3649999999999998,0,nan,142,0.0,142,0.02199999988079071
9557,57,95,-0.22499999999999987,-1.3649999999999998,0,nan,142,0.0,142,0.02199999988079071
9558,58,95,-0.2549999999999999,-1.3649999999999998,0,nan,142,0.0,142,0.02199999988079071
9559,59,95,-0.2849999999999999,-1.3649999999999998,0,nan,142,0.0,142,0.02199999988079071
9560,60,95,-0.31499999999999995,-1.3649999999999998,0,nan,142,0.0,142,0.02199999988079071
9561,61,95,-0.345,-1.3649999999999998,0,nan,142,0.0,142,0.02199999988079071
9562,62,95,-0.375,-1.3649999999999998,0,nan,142,0.0,142,0.02199999988079071
9563,63,95,-0.405,-1.3649999999999998,0,nan,142,0.0,142,0.02199999988079071
9564,64,95,-0.43499999999999983,-1.3649999999999998,0,nan,142,0.0,142,0.02199999988079071
9565,65,95,-0.46499999999999986,-1.3649999999999998,0,nan,142,0.0,142,0.02199999988079071
9566,66,95,-0.4949999999999999,-1.3649999999999998,0,nan,142,0.0,142,0.02199999988079071
9567,67,95,-0.5249999999999999,-1.3649999999999998,0,nan,142,0.0,142,0.02199999988079071
9568,68,95,-0.5549999999999997,-1.3649999999999998,0,nan,142,0.0,142,0.02199999988079071
9569,69,95,-0.585,-1.3649999999999998,0,nan,142,0.0,142,0.02199999988079071
9570,70,95,-0.6149999999999998,-1.3649999999999998,0,nan,142,0.0,142,0.02199999988079071
9571,71,95,-0.645,-1.3649999999999998,0,nan,142,0.0,142,0.02199999988079071
9572,72,95,-0.6749999999999998,-1.3649999999999998,0,nan,142,0.0,142,0.02199999988079071
9573,73,95,-0.7050000000000001,-1.3649999999999998,0,nan,142,0.0,142,0.02199999988079071
9574,74,95,-0.7349999999999999,-1.3649999999999998,0,nan,142,0.0,142,0.02199999988079071
9575,75,95,-0.7650000000000001,-1.3649999999999998,0,nan,142,0.0,142,0.02199999988079071
9576,76,95,-0.7949999999999999,-1.3649999999999998,0,nan,142,0.0,142,0.02199999988079071
9577,77,95,-0.8249999999999997,-1.3649999999999998,0,nan,142,0.0,142,0.02199999988079071
9578,78,95,-0.855,-1.3649999999999998,0,nan,142,0.0,142,0.02199999988079071
9579,79,95,-0.8849999999999998,-1.3649999999999998,0,nan,142,0.0,142,0.02199999988079071
9580,80,95,-0.915,-1.3649999999999998,0,nan,142,0.0,142,0.02199999988079071
9581,81,95,-0.9449999999999998,-1.3649999999999998,0,nan,142,0.0,142,0.02199999988079071
9582,82,95,-0.9750000000000001,-1.3649999999999998,0,nan,142,0.0,142,0.02199999988079071
9583,83,95,-1.005,-1.3649999999999998,0,nan,142,0.0,142,0.02199999988079071
9584,84,95,-1.0349999999999997,-1.3649999999999998,0,nan,142,0.0,142,0.02199999988079071
9585,85,95,-1.065,-1.3649999999999998,0,nan,142,0.0,142,0.02199999988079071
9586,86,95,-1.0949999999999998,-1.3649999999999998,0,nan,142,0.0,142,0.02199999988079071
9587,87,95,-1.125,-1.3649999999999998,0,nan,142,0.0,142,0.02199999988079071
9588,88,95,-1.1549999999999998,-1.3649999999999998,0,nan,142,0.0,142,0.02199999988079071
9589,89,95,-1.185,-1.3649999999999998,0,nan,142,0.0,142,0.02199999988079071
9590,90,95,-1.2149999999999999,-1.3649999999999998,0,nan,142,0.0,142,0.02199999988079071
9591,91,95,-1.245,-1.3649999999999998,0,nan,142,0.0,142,0.02199999988079071
9592,92,95,-1.275,-1.3649999999999998,0,nan,142,0.0,142,0.02199999988079071
9593,93,95,-1.3049999999999997,-1.3649999999999998,0,nan,142,0.0,142,0.02199999988079071
9594,94,95,-1.335,-1.3649999999999998,0,nan,142,0.0,142,0.02199999988079071
9595,95,95,-1.3649999999999998,-1.3649999999999998,0,nan,142,0.0,142,0.02199999988079071
9596,96,95,-1.395,-1.3649999999999998,0,nan,142,0.0,142,0.02199999988079071
9597,97,95,-1.4249999999999998,-1.3649999999999998,0,nan,142,0.0,142,0.0
9598,98,95,-1.455,-1.3649999999999998,0,nan,142,0.0,142,0.0
9599,99,95,-1.4849999999999999,-1.3649999999999998,0,nan,142,0.0,142,0.0
9600,0,96,1.485,-1.395,0,nan,142,0.0,142,0.0
9601,1,96,1.455,-1.395,0,nan,142,0.0,142,0.0
9602,2,96,1.425,-1.395,0,nan,142,0.0,142,0.0
9603,3,96,1.395,-1.395,0,nan,142,0.0,142,0.02199999988079071
9604,4,96,1.365,-1.395,0,nan,142,0.0,142,0.02199999988079071
9605,5,96,1.335,-1.395,0,nan,142,0.0,142,0.02199999988079071
9606,6,96,1.305,-1.395,0,nan,142,0.0,142,0.02199999988079071
9607,7,96,1.275,-1.395,0,nan,142,0.0,142,0.02199999988079071
9608,8,96,1.245,-1.395,0,nan,142,0.0,142,0.02199999988079071
9609,9,96,1.215,-1.395,0,nan,142,0.0,142,0.02199999988079071
9610,10,96,1.185,-1.395,0,nan,142,0.0,142,0.02199999988079071
9611,11,96,1.155,-1.395,0,nan,142,0.0,142,0.02199999988079071
9612,12,96,1.125,-1.395,0,nan,142,0.0,142,0.02199999988079071
9613,13,96,1.095,-1.395,0,nan,142,0.0,142,0.02199999988079071
9614,14,96,1.065,-1.395,0,nan,142,0.0,142,0.02199999988079071
9615,15,96,1.0350000000000001,-1.395,0,nan,142,0.0,142,0.02199999988079071
9616,16,96,1.005,-1.395,0,nan,142,0.0,142,0.02199999988079071
9617,17,96,0.975,-1.395,0,nan,142,0.0,142,0.02199999988079071
9618,18,96,0.9450000000000001,-1.395,0,nan,142,0.0,142,0.02199999988079071
9619,19,96,0.915,-1.395,0,nan,142,0.0,142,0.02199999988079071
9620,20,96,0.885,-1.395,0,nan,142,0.0,142,0.02199999988079071
9621,21,96,0.855,-1.395,0,nan,142,0.0,142,0.02199999988079071
9622,22,96,0.8250000000000001,-1.395,0,nan,142,0.0,142,0.02199999988079071
9623,23,96,0.795,-1.395,0,nan,142,0.0,142,0.02199999988079071
9624,24,96,0.765,-1.395,0,nan,142,0.0,142,0.02199999988079071
9625,25,96,0.735,-1.395,0,nan,142,0.0,142,0.02199999988079071
9626,26,96,0.7050000000000001,-1.395,0,nan,142,0.0,142,0.02199999988079071
9627,27,96,0.675,-1.395,0,nan,142,0.0,142,0.02199999988079071
9628,28,96,0.645,-1.395,0,nan,142,0.0,142,0.02199999988079071
9629,29,96,0.615,-1.395,0,nan,142,0.0,142,0.02199999988079071
9630,30,96,0.5850000000000001,-1.395,0,nan,142,0.0,142,0.02199999988079071
9631,31,96,0.555,-1.395,0,nan,142,0.0,142,0.02199999988079071
9632,32,96,0.525,-1.395,0,nan,142,0.0,142,0.02199999988079071
9633,33,96,0.4950000000000001,-1.395,0,nan,142,0.0,142,0.02199999988079071
9634,34,96,0.4650000000000001,-1.395,0,nan,142,0.0,142,0.02199999988079071
9635,35,96,0.43500000000000005,-1.395,0,nan,142,0.0,142,0.02199999988079071
9636,36,96,0.405,-1.395,0,nan,142,0.0,142,0.02199999988079071
9637,37,96,0.375,-1.395,0,nan,142,0.0,142,0.02199999988079071
9638,38,96,0.345,-1.395,0,nan,142,0.0,142,0.02199999988079071
9639,39,96,0.31499999999999995,-1.395,0,nan,142,0.0,142,0.02199999988079071
9640,40,96,0.28500000000000014,-1.395,0,nan,142,0.0,142,0.02199999988079071
9641,41,96,0.2550000000000001,-1.395,0,nan,142,0.0,142,0.02199999988079071
9642,42,96,0.2250000000000001,-1.395,0,nan,142,0.0,142,0.02199999988079071
9643,43,96,0.19500000000000006,-1.395,0,nan,142,0.0,142,0.02199999988079071
9644,44,96,0.16500000000000004,-1.395,0,nan,142,0.0,142,0.02199999988079071
9645,45,96,0.135,-1.395,0,nan,142,0.0,142,0.02199999988079071
9646,46,96,0.10499999999999998,-1.395,0,nan,142,0.0,142,0.02199999988079071
9647,47,96,0.07499999999999996,-1.395,0,nan,142,0.0,142,0.02199999988079071
9648,48,96,0.04500000000000015,-1.395,0,nan,142,0.0,142,0.02199999988079071
9649,49,96,0.015000000000000124,-1.395,0,nan,142,0.0,142,0.02199999988079071
9650,50,96,-0.014999999999999902,-1.395,0,nan,142,0.0,142,0.02199999988079071
9651,51,96,-0.04499999999999993,-1.395,0,nan,142,0.0,142,0.02199999988079071
9652,52,96,-0.07499999999999996,-1.395,0,nan,142,0.0,142,0.02199999988079071
9653,53,96,-0.10499999999999998,-1.395,0,nan,142,0.0,142,0.02199999988079071
9654,54,96,-0.135,-1.395,0,nan,142,0.0,142,0.02199999988079071
9655,55,96,-0.16500000000000004,-1.395,0,nan,142,0.0,142,0.02199999988079071
9656,56,96,-0.19499999999999984,-1.395,0,nan,142,0.0,142,0.02199999988079071
9657,57,96,-0.22499999999999987,-1.395,0,nan,142,0.0,142,0.02199999988079071
9658,58,96,-0.2549999999999999,-1.395,0,nan,142,0.0,142,0.02199999988079071
9659,59,96,-0.2849999999999999,-1.395,0,nan,142,0.0,142,0.02199999988079071
9660,60,96,-0.31499999999999995,-1.395,0,nan,142,0.0,142,0.02199999988079071
9661,61,96,-0.345,-1.395,0,nan,142,0.0,142,0.02199999988079071
9662,62,96,-0.375,-1.395,0,nan,142,0.0,142,0.02199999988079071
9663,63,96,-0.405,-1.395,0,nan,142,0.0,142,0.02199999988079071
9664,64,96,-0.43499999999999983,-1.395,0,nan,142,0.0,142,0.02199999988079071
9665,65,96,-0.46499999999999986,-1.395,0,nan,142,0.0,142,0.02199999988079071
9666,66,96,-0.4949999999999999,-1.395,0,nan,142,0.0,142,0.02199999988079071
9667,67,96,-0.5249999999999999,-1.395,0,nan,142,0.0,142,0.02199999988079071
9668,68,96,-0.5549999999999997,-1.395,0,nan,142,0.0,142,0.02199999988079071
9669,69,96,-0.585,-1.395,0,nan,142,0.0,142,0.02199999988079071
9670,70,96,-0.6149999999999998,-1.395,0,nan,142,0.0,142,0.02199999988079071
9671,71,96,-0.645,-1.395,0,nan,142,0.0,142,0.02199999988079071
9672,72,96,-0.6749999999999998,-1.395,0,nan,142,0.0,142,0.02199999988079071
9673,73,96,-0.7050000000000001,-1.395,0,nan,142,0.0,142,0.02199999988079071
9674,74,96,-0.7349999999999999,-1.395,0,nan,142,0.0,142,0.02199999988079071
9675,75,96,-0.7650000000000001,-1.395,0,nan,142,0.0,142,0.02199999988079071
9676,76,96,-0.7949999999999999,-1.395,0,nan,142,0.0,142,0.02199999988079071
9677,77,96,-0.8249999999999997,-1.395,0,nan,142,0.0,142,0.02199999988079071
9678,78,96,-0.855,-1.395,0,nan,142,0.0,142,0.02199999988079071
9679,79,96,-0.8849999999999998,-1.395,0,nan,142,0.0,142,0.02199999988079071
9680,80,96,-0.915,-1.395,0,nan,142,0.0,142,0.02199999988079071
9681,81,96,-0.9449999999999998,-1.395,0,nan,142,0.0,142,0.02199999988079071
9682,82,96,-0.9750000000000001,-1.395,0,nan,142,0.0,142,0.02199999988079071
9683,83,96,-1.005,-1.395,0,nan,142,0.0,142,0.02199999988079071
9684,84,96,-1.0349999999999997,-1.395,0,nan,142,0.0,142,0.02199999988079071
9685,85,96,-1.065,-1.395,0,nan,142,0.0,142,0.02199999988079071
9686,86,96,-1.0949999999999998,-1.395,0,nan,142,0.0,142,0.02199999988079071
9687,87,96,-1.125,-1.395,0,nan,142,0.0,142,0.02199999988079071
9688,88,96,-1.1549999999999998,-1.395,0,nan,142,0.0,142,0.02199999988079071
9689,89,96,-1.185,-1.395,0,nan,142,0.0,142,0.02199999988079071
9690,90,96,-1.2149999999999999,-1.395,0,nan,142,0.0,142,0.02199999988079071
9691,91,96,-1.245,-1.395,0,nan,142,0.0,142,0.02199999988079071
9692,92,96,-1.275,-1.395,0,nan,142,0.0,142,0.02199999988079071
9693,93,96,-1.3049999999999997,-1.395,0,nan,142,0.0,142,0.02199999988079071
9694,94,96,-1.335,-1.395,0,nan,142,0.0,142,0.02199999988079071
9695,95,96,-1.3649999999999998,-1.395,0,nan,142,0.0,142,0.02199999988079071
9696,96,96,-1.395,-1.395,0,nan,142,0.0,142,0.02199999988079071
9697,97,96,-1.4249999999999998,-1.395,0,nan,142,0.0,142,0.0
9698,98,96,-1.455,-1.395,0,nan,142,0.0,142,0.0
9699,99,96,-1.4849999999999999,-1.395,0,nan,142,0.0,142,0.0
9700,0,97,1.485,-1.4249999999999998,0,nan,142,0.0,142,0.0
9701,1,97,1.455,-1.4249999999999998,0,nan,142,0.0,142,0.0
9702,2,97,1.425,-1.4249999999999998,0,nan,142,0.0,142,0.0
9703,3,97,1.395,-1.4249999999999998,0,nan,142,0.0,142,0.0
9704,4,97,1.365,-1.4249999999999998,0,nan,142,0.0,142,0.0
9705,5,97,1.335,-1.4249999999999998,0,nan,142,0.0,142,0.0
9706,6,97,1.305,-1.4249999999999998,0,nan,142,0.0,142,0.0
9707,7,97,1.275,-1.4249999999999998,0,nan,142,0.0,142,0.0
9708,8,97,1.245,-1.4249999999999998,0,nan,142,0.0,142,0.0
9709,9,97,1.215,-1.4249999999999998,0,nan,142,0.0,142,0.0
9710,10,97,1.185,-1.4249999999999998,0,nan,142,0.0,142,0.0
9711,11,97,1.155,-1.4249999999999998,0,nan,142,0.0,142,0.0
9712,12,97,1.125,-1.4249999999999998,0,nan,142,0.0,142,0.0
9713,13,97,1.095,-1.4249999999999998,0,nan,142,0.0,142,0.0
9714,14,97,1.065,-1.4249999999999998,0,nan,142,0.0,142,0.0
9715,15,97,1.0350000000000001,-1.4249999999999998,0,nan,142,0.0,142,0.0
9716,16,97,1.005,-1.4249999999999998,0,nan,142,0.0,142,0.0
9717,17,97,0.975,-1.4249999999999998,0,nan,142,0.0,142,0.0
9718,18,97,0.9450000000000001,-1.4249999999999998,0,nan,142,0.0,142,0.0
9719,19,97,0.915,-1.4249999999999998,0,nan,142,0.0,142,0.0
9720,20,97,0.885,-1.4249999999999998,0,nan,142,0.0,142,0.0
9721,21,97,0.855,-1.4249999999999998,0,nan,142,0.0,142,0.0
9722,22,97,0.8250000000000001,-1.4249999999999998,0,nan,142,0.0,142,0.0
9723,23,97,0.795,-1.4249999999999998,0,nan,142,0.0,142,0.0
9724,24,97,0.765,-1.4249999999999998,0,nan,142,0.0,142,0.0
9725,25,97,0.735,-1.4249999999999998,0,nan,142,0.0,142,0.0
9726,26,97,0.7050000000000001,-1.4249999999999998,0,nan,142,0.0,142,0.0
9727,27,97,0.675,-1.4249999999999998,0,nan,142,0.0,142,0.0
9728,28,97,0.645,-1.4249999999999998,0,nan,142,0.0,142,0.0
9729,29,97,0.615,-1.4249999999999998,0,nan,142,0.0,142,0.0
9730,30,97,0.5850000000000001,-1.4249999999999998,0,nan,142,0.0,142,0.0
9731,31,97,0.555,-1.4249999999999998,0,nan,142,0.0,142,0.0
9732,32,97,0.525,-1.4249999999999998,0,nan,142,0.0,142,0.0
9733,33,97,0.4950000000000001,-1.4249999999999998,0,nan,142,0.0,142,0.0
9734,34,97,0.4650000000000001,-1.4249999999999998,0,nan,142,0.0,142,0.0
9735,35,97,0.43500000000000005,-1.4249999999999998,0,nan,142,0.0,142,0.0
9736,36,97,0.405,-1.4249999999999998,0,nan,142,0.0,142,0.0
9737,37,97,0.375,-1.4249999999999998,0,nan,142,0.0,142,0.0
9738,38,97,0.345,-1.4249999999999998,0,nan,142,0.0,142,0.0
9739,39,97,0.31499999999999995,-1.4249999999999998,0,nan,142,0.0,142,0.0
9740,40,97,0.28500000000000014,-1.4249999999999998,0,nan,142,0.0,142,0.0
9741,41,97,0.2550000000000001,-1.4249999999999998,0,nan,142,0.0,142,0.0
9742,42,97,0.2250000000000001,-1.4249999999999998,0,nan,142,0.0,142,0.0
9743,43,97,0.19500000000000006,-1.4249999999999998,0,nan,142,0.0,142,0.0
9744,44,97,0.16500000000000004,-1.4249999999999998,0,nan,142,0.0,142,0.0
9745,45,97,0.135,-1.4249999999999998,0,nan,142,0.0,142,0.0
9746,46,97,0.10499999999999998,-1.4249999999999998,0,nan,142,0.0,142,0.0
9747,47,97,0.07499999999999996,-1.4249999999999998,0,nan,142,0.0,142,0.0
9748,48,97,0.04500000000000015,-1.4249999999999998,0,nan,142,0.0,142,0.0
9749,49,97,0.015000000000000124,-1.4249999999999998,0,nan,142,0.0,142,0.0
9750,50,97,-0.014999999999999902,-1.4249999999999998,0,nan,142,0.0,142,0.0
9751,51,97,-0.04499999999999993,-1.4249999999999998,0,nan,142,0.0,142,0.0
9752,52,97,-0.07499999999999996,-1.4249999999999998,0,nan,142,0.0,142,0.0
9753,53,97,-0.10499999999999998,-1.4249999999999998,0,nan,142,0.0,142,0.0
9754,54,97,-0.135,-1.4249999999999998,0,nan,142,0.0,142,0.0
9755,55,97,-0.16500000000000004,-1.4249999999999998,0,nan,142,0.0,142,0.0
9756,56,97,-0.19499999999999984,-1.4249999999999998,0,nan,142,0.0,142,0.0
9757,57,97,-0.22499999999999987,-1.4249999999999998,0,nan,142,0.0,142,0.0
9758,58,97,-0.2549999999999999,-1.4249999999999998,0,nan,142,0.0,142,0.0
9759,59,97,-0.2849999999999999,-1.4249999999999998,0,nan,142,0.0,142,0.0
9760,60,97,-0.31499999999999995,-1.4249999999999998,0,nan,142,0.0,142,0.0
9761,61,97,-0.345,-1.4249999999999998,0,nan,142,0.0,142,0.0
9762,62,97,-0.375,-1.4249999999999998,0,nan,142,0.0,142,0.0
9763,63,97,-0.405,-1.4249999999999998,0,nan,142,0.0,142,0.0
9764,64,97,-0.43499999999999983,-1.4249999999999998,0,nan,142,0.0,142,0.0
9765,65,97,-0.46499999999999986,-1.4249999999999998,0,nan,142,0.0,142,0.0
9766,66,97,-0.4949999999999999,-1.4249999999999998,0,nan,142,0.0,142,0.0
9767,67,97,-0.5249999999999999,-1.4249999999999998,0,nan,142,0.0,142,0.0
9768,68,97,-0.5549999999999997,-1.4249999999999998,0,nan,142,0.0,142,0.0
9769,69,97,-0.585,-1.4249999999999998,0,nan,142,0.0,142,0.0
9770,70,97,-0.6149999999999998,-1.4249999999999998,0,nan,142,0.0,142,0.0
9771,71,97,-0.645,-1.4249999999999998,0,nan,142,0.0,142,0.0
9772,72,97,-0.6749999999999998,-1.4249999999999998,0,nan,142,0.0,142,0.0
9773,73,97,-0.7050000000000001,-1.4249999999999998,0,nan,142,0.0,142,0.0
9774,74,97,-0.7349999999999999,-1.4249999999999998,0,nan,142,0.0,142,0.0
9775,75,97,-0.7650000000000001,-1.4249999999999998,0,nan,142,0.0,142,0.0
9776,76,97,-0.7949999999999999,-1.4249999999999998,0,nan,142,0.0,142,0.0
9777,77,97,-0.8249999999999997,-1.4249999999999998,0,nan,142,0.0,142,0.0
9778,78,97,-0.855,-1.4249999999999998,0,nan,142,0.0,142,0.0
9779,79,97,-0.8849999999999998,-1.4249999999999998,0,nan,142,0.0,142,0.0
9780,80,97,-0.915,-1.4249999999999998,0,nan,142,0.0,142,0.0
9781,81,97,-0.9449999999999998,-1.4249999999999998,0,nan,142,0.0,142,0.0
9782,82,97,-0.9750000000000001,-1.4249999999999998,0,nan,142,0.0,142,0.0
9783,83,97,-1.005,-1.4249999999999998,0,nan,142,0.0,142,0.0
9784,84,97,-1.0349999999999997,-1.4249999999999998,0,nan,142,0.0,142,0.0
9785,85,97,-1.065,-1.4249999999999998,0,nan,142,0.0,142,0.0
9786,86,97,-1.0949999999999998,-1.4249999999999998,0,nan,142,0.0,142,0.0
9787,87,97,-1.125,-1.4249999999999998,0,nan,142,0.0,142,0.0
9788,88,97,-1.1549999999999998,-1.4249999999999998,0,nan,142,0.0,142,0.0
9789,89,97,-1.185,-1.4249999999999998,0,nan,142,0.0,142,0.0
9790,90,97,-1.2149999999999999,-1.4249999999999998,0,nan,142,0.0,142,0.0
9791,91,97,-1.245,-1.4249999999999998,0,nan,142,0.0,142,0.0
9792,92,97,-1.275,-1.4249999999999998,0,nan,142,0.0,142,0.0
9793,93,97,-1.3049999999999997,-1.4249999999999998,0,nan,142,0.0,142,0.0
9794,94,97,-1.335,-1.4249999999999998,0,nan,142,0.0,142,0.0
9795,95,97,-1.3649999999999998,-1.4249999999999998,0,nan,142,0.0,142,0.0
9796,96,97,-1.395,-1.4249999999999998,0,nan,142,0.0,142,0.0
9797,97,97,-1.4249999999999998,-1.4249999999999998,0,nan,142,0.0,142,0.0
9798,98,97,-1.455,-1.4249999999999998,0,nan,142,0.0,142,0.0
9799,99,97,-1.4849999999999999,-1.4249999999999998,0,nan,142,0.0,142,0.0
9800,0,98,1.485,-1.455,0,nan,142,0.0,142,0.0
9801,1,98,1.455,-1.455,0,nan,142,0.0,142,0.0
9802,2,98,1.425,-1.455,0,nan,142,0.0,142,0.0
9803,3,98,1.395,-1.455,0,nan,142,0.0,142,0.0
9804,4,98,1.365,-1.455,0,nan,142,0.0,142,0.0
9805,5,98,1.335,-1.455,0,nan,142,0.0,142,0.0
9806,6,98,1.305,-1.455,0,nan,142,0.0,142,0.0
9807,7,98,1.275,-1.455,0,nan,142,0.0,142,0.0
9808,8,98,1.245,-1.455,0,nan,142,0.0,142,0.0
9809,9,98,1.215,-1.455,0,nan,142,0.0,142,0.0
9810,10,98,1.185,-1.455,0,nan,142,0.0,142,0.0
9811,11,98,1.155,-1.455,0,nan,142,0.0,142,0.0
9812,12,98,1.125,-1.455,0,nan,142,0.0,142,0.0
9813,13,98,1.095,-1.455,0,nan,142,0.0,142,0.0
9814,14,98,1.065,-1.455,0,nan,142,0.0,142,0.0
9815,15,98,1.0350000000000001,-1.455,0,nan,142,0.0,142,0.0
9816,16,98,1.005,-1.455,0,nan,142,0.0,142,0.0
9817,17,98,0.975,-1.455,0,nan,142,0.0,142,0.0
9818,18,98,0.9450000000000001,-1.455,0,nan,142,0.0,142,0.0
9819,19,98,0.915,-1.455,0,nan,142,0.0,142,0.0
9820,20,98,0.885,-1.455,0,nan,142,0.0,142,0.0
9821,21,98,0.855,-1.455,0,nan,142,0.0,142,0.0
9822,22,98,0.8250000000000001,-1.455,0,nan,142,0.0,142,0.0
9823,23,98,0.795,-1.455,0,nan,142,0.0,142,0.0
9824,24,98,0.765,-1.455,0,nan,142,0.0,142,0.0
9825,25,98,0.735,-1.455,0,nan,142,0.0,142,0.0
9826,26,98,0.7050000000000001,-1.455,0,nan,142,0.0,142,0.0
9827,27,98,0.675,-1.455,0,nan,142,0.0,142,0.0
9828,28,98,0.645,-1.455,0,nan,142,0.0,142,0.0
9829,29,98,0.615,-1.455,0,nan,142,0.0,142,0.0
9830,30,98,0.5850000000000001,-1.455,0,nan,142,0.0,142,0.0
9831,31,98,0.555,-1.455,0,nan,142,0.0,142,0.0
9832,32,98,0.525,-1.455,0,nan,142,0.0,142,0.0
9833,33,98,0.4950000000000001,-1.455,0,nan,142,0.0,142,0.0
9834,34,98,0.4650000000000001,-1.455,0,nan,142,0.0,142,0.0
9835,35,98,0.43500000000000005,-1.455,0,nan,142,0.0,142,0.0
9836,36,98,0.405,-1.455,0,nan,142,0.0,142,0.0
9837,37,98,0.375,-1.455,0,nan,142,0.0,142,0.0
9838,38,98,0.345,-1.455,0,nan,142,0.0,142,0.0
9839,39,98,0.31499999999999995,-1.455,0,nan,142,0.0,142,0.0
9840,40,98,0.28500000000000014,-1.455,0,nan,142,0.0,142,0.0
9841,41,98,0.2550000000000001,-1.455,0,nan,142,0.0,142,0.0
9842,42,98,0.2250000000000001,-1.455,0,nan,142,0.0,142,0.0
9843,43,98,0.19500000000000006,-1.455,0,nan,142,0.0,142,0.0
9844,44,98,0.16500000000000004,-1.455,0,nan,142,0.0,142,0.0
9845,45,98,0.135,-1.455,0,nan,142,0.0,142,0.0
9846,46,98,0.10499999999999998,-1.455,0,nan,142,0.0,142,0.0
9847,47,98,0.07499999999999996,-1.455,0,nan,142,0.0,142,0.0
9848,48,98,0.04500000000000015,-1.455,0,nan,142,0.0,142,0.0
9849,49,98,0.015000000000000124,-1.455,0,nan,142,0.0,142,0.0
9850,50,98,-0.014999999999999902,-1.455,0,nan,142,0.0,142,0.0
9851,51,98,-0.04499999999999993,-1.455,0,nan,142,0.0,142,0.0
9852,52,98,-0.07499999999999996,-1.455,0,nan,142,0.0,142,0.0
9853,53,98,-0.10499999999999998,-1.455,0,nan,142,0.0,142,0.0
9854,54,98,-0.135,-1.455,0,nan,142,0.0,142,0.0
9855,55,98,-0.16500000000000004,-1.455,0,nan,142,0.0,142,0.0
9856,56,98,-0.19499999999999984,-1.455,0,nan,142,0.0,142,0.0
9857,57,98,-0.22499999999999987,-1.455,0,nan,142,0.0,142,0.0
9858,58,98,-0.2549999999999999,-1.455,0,nan,142,0.0,142,0.0
9859,59,98,-0.2849999999999999,-1.455,0,nan,142,0.0,142,0.0
9860,60,98,-0.31499999999999995,-1.455,0,nan,142,0.0,142,0.0
9861,61,98,-0.345,-1.455,0,nan,142,0.0,142,0.0
9862,62,98,-0.375,-1.455,0,nan,142,0.0,142,0.0
9863,63,98,-0.405,-1.455,0,nan,142,0.0,142,0.0
9864,64,98,-0.43499999999999983,-1.455,0,nan,142,0.0,142,0.0
9865,65,98,-0.46499999999999986,-1.455,0,nan,142,0.0,142,0.0
9866,66,98,-0.4949999999999999,-1.455,0,nan,142,0.0,142,0.0
9867,67,98,-0.5249999999999999,-1.455,0,nan,142,0.0,142,0.0
9868,68,98,-0.5549999999999997,-1.455,0,nan,142,0.0,142,0.0
9869,69,98,-0.585,-1.455,0,nan,142,0.0,142,0.0
9870,70,98,-0.6149999999999998,-1.455,0,nan,142,0.0,142,0.0
9871,71,98,-0.645,-1.455,0,nan,142,0.0,142,0.0
9872,72,98,-0.6749999999999998,-1.455,0,nan,142,0.0,142,0.0
9873,73,98,-0.7050000000000001,-1.455,0,nan,142,0.0,142,0.0
9874,74,98,-0.7349999999999999,-1.455,0,nan,142,0.0,142,0.0
9875,75,98,-0.7650000000000001,-1.455,0,nan,142,0.0,142,0.0
9876,76,98,-0.7949999999999999,-1.455,0,nan,142,0.0,142,0.0
9877,77,98,-0.8249999999999997,-1.455,0,nan,142,0.0,142,0.0
9878,78,98,-0.855,-1.455,0,nan,142,0.0,142,0.0
9879,79,98,-0.8849999999999998,-1.455,0,nan,142,0.0,142,0.0
9880,80,98,-0.915,-1.455,0,nan,142,0.0,142,0.0
9881,81,98,-0.9449999999999998,-1.455,0,nan,142,0.0,142,0.0
9882,82,98,-0.9750000000000001,-1.455,0,nan,142,0.0,142,0.0
9883,83,98,-1.005,-1.455,0,nan,142,0.0,142,0.0
9884,84,98,-1.0349999999999997,-1.455,0,nan,142,0.0,142,0.0
9885,85,98,-1.065,-1.455,0,nan,142,0.0,142,0.0
9886,86,98,-1.0949999999999998,-1.455,0,nan,142,0.0,142,0.0
9887,87,98,-1.125,-1.455,0,nan,142,0.0,142,0.0
9888,88,98,-1.1549999999999998,-1.455,0,nan,142,0.0,142,0.0
9889,89,98,-1.185,-1.455,0,nan,142,0.0,142,0.0
9890,90,98,-1.2149999999999999,-1.455,0,nan,142,0.0,142,0.0
9891,91,98,-1.245,-1.455,0,nan,142,0.0,142,0.0
9892,92,98,-1.275,-1.455,0,nan,142,0.0,142,0.0
9893,93,98,-1.3049999999999997,-1.455,0,nan,142,0.0,142,0.0
9894,94,98,-1.335,-1.455,0,nan,142,0.0,142,0.0
9895,95,98,-1.3649999999999998,-1.455,0,nan,142,0.0,142,0.0
9896,96,98,-1.395,-1.455,0,nan,142,0.0,142,0.0
9897,97,98,-1.4249999999999998,-1.455,0,nan,142,0.0,142,0.0
9898,98,98,-1.455,-1.455,0,nan,142,0.0,142,0.0
9899,99,98,-1.4849999999999999,-1.455,0,nan,142,0.0,142,0.0
9900,0,99,1.485,-1.4849999999999999,0,nan,142,0.0,142,0.0
9901,1,99,1.455,-1.4849999999999999,0,nan,142,0.0,142,0.0
9902,2,99,1.425,-1.4849999999999999,0,nan,142,0.0,142,0.0
9903,3,99,1.395,-1.4849999999999999,0,nan,142,0.0,142,0.0
9904,4,99,1.365,-1.4849999999999999,0,nan,142,0.0,142,0.0
9905,5,99,1.335,-1.4849999999999999,0,nan,142,0.0,142,0.0
9906,6,99,1.305,-1.4849999999999999,0,nan,142,0.0,142,0.0
9907,7,99,1.275,-1.4849999999999999,0,nan,142,0.0,142,0.0
9908,8,99,1.245,-1.4849999999999999,0,nan,142,0.0,142,0.0
9909,9,99,1.215,-1.4849999999999999,0,nan,142,0.0,142,0.0
9910,10,99,1.185,-1.4849999999999999,0,nan,142,0.0,142,0.0
9911,11,99,1.155,-1.4849999999999999,0,nan,142,0.0,142,0.0
9912,12,99,1.125,-1.4849999999999999,0,nan,142,0.0,142,0.0
9913,13,99,1.095,-1.4849999999999999,0,nan,142,0.0,142,0.0
9914,14,99,1.065,-1.4849999999999999,0,nan,142,0.0,142,0.0
9915,15,99,1.0350000000000001,-1.4849999999999999,0,nan,142,0.0,142,0.0
9916,16,99,1.005,-1.4849999999999999,0,nan,142,0.0,142,0.0
9917,17,99,0.975,-1.4849999999999999,0,nan,142,0.0,142,0.0
9918,18,99,0.9450000000000001,-1.4849999999999999,0,nan,142,0.0,142,0.0
9919,19,99,0.915,-1.4849999999999999,0,nan,142,0.0,142,0.0
9920,20,99,0.885,-1.4849999999999999,0,nan,142,0.0,142,0.0
9921,21,99,0.855,-1.4849999999999999,0,nan,142,0.0,142,0.0
9922,22,99,0.8250000000000001,-1.4849999999999999,0,nan,142,0.0,142,0.0
9923,23,99,0.795,-1.4849999999999999,0,nan,142,0.0,142,0.0
9924,24,99,0.765,-1.4849999999999999,0,nan,142,0.0,142,0.0
9925,25,99,0.735,-1.4849999999999999,0,nan,142,0.0,142,0.0
9926,26,99,0.7050000000000001,-1.4849999999999999,0,nan,142,0.0,142,0.0
9927,27,99,0.675,-1.4849999999999999,0,nan,142,0.0,142,0.0
9928,28,99,0.645,-1.4849999999999999,0,nan,142,0.0,142,0.0
9929,29,99,0.615,-1.4849999999999999,0,nan,142,0.0,142,0.0
9930,30,99,0.5850000000000001,-1.4849999999999999,0,nan,142,0.0,142,0.0
9931,31,99,0.555,-1.4849999999999999,0,nan,142,0.0,142,0.0
9932,32,99,0.525,-1.4849999999999999,0,nan,142,0.0,142,0.0
9933,33,99,0.4950000000000001,-1.4849999999999999,0,nan,142,0.0,142,0.0
9934,34,99,0.4650000000000001,-1.4849999999999999,0,nan,142,0.0,142,0.0
9935,35,99,0.43500000000000005,-1.4849999999999999,0,nan,142,0.0,142,0.0
9936,36,99,0.405,-1.4849999999999999,0,nan,142,0.0,142,0.0
9937,37,99,0.375,-1.4849999999999999,0,nan,142,0.0,142,0.0
9938,38,99,0.345,-1.4849999999999999,0,nan,142,0.0,142,0.0
9939,39,99,0.31499999999999995,-1.4849999999999999,0,nan,142,0.0,142,0.0
9940,40,99,0.28500000000000014,-1.4849999999999999,0,nan,142,0.0,142,0.0
9941,41,99,0.2550000000000001,-1.4849999999999999,0,nan,142,0.0,142,0.0
9942,42,99,0.2250000000000001,-1.4849999999999999,0,nan,142,0.0,142,0.0
9943,43,99,0.19500000000000006,-1.4849999999999999,0,nan,142,0.0,142,0.0
9944,44,99,0.16500000000000004,-1.4849999999999999,0,nan,142,0.0,142,0.0
9945,45,99,0.135,-1.4849999999999999,0,nan,142,0.0,142,0.0
9946,46,99,0.10499999999999998,-1.4849999999999999,0,nan,142,0.0,142,0.0
9947,47,99,0.07499999999999996,-1.4849999999999999,0,nan,142,0.0,142,0.0
9948,48,99,0.04500000000000015,-1.4849999999999999,0,nan,142,0.0,142,0.0
9949,49,99,0.015000000000000124,-1.4849999999999999,0,nan,142,0.0,142,0.0
9950,50,99,-0.014999999999999902,-1.4849999999999999,0,nan,142,0.0,142,0.0
9951,51,99,-0.04499999999999993,-1.4849999999999999,0,nan,142,0.0,142,0.0
9952,52,99,-0.07499999999999996,-1.4849999999999999,0,nan,142,0.0,142,0.0
9953,53,99,-0.10499999999999998,-1.4849999999999999,0,nan,142,0.0,142,0.0
9954,54,99,-0.135,-1.4849999999999999,0,nan,142,0.0,142,0.0
9955,55,99,-0.16500000000000004,-1.4849999999999999,0,nan,142,0.0,142,0.0
9956,56,99,-0.19499999999999984,-1.4849999999999999,0,nan,142,0.0,142,0.0
9957,57,99,-0.22499999999999987,-1.4849999999999999,0,nan,142,0.0,142,0.0
9958,58,99,-0.2549999999999999,-1.4849999999999999,0,nan,142,0.0,142,0.0
9959,59,99,-0.2849999999999999,-1.4849999999999999,0,nan,142,0.0,142,0.0
9960,60,99,-0.31499999999999995,-1.4849999999999999,0,nan,142,0.0,142,0.0
9961,61,99,-0.345,-1.4849999999999999,0,nan,142,0.0,142,0.0
9962,62,99,-0.375,-1.4849999999999999,0,nan,142,0.0,142,0.0
9963,63,99,-0.405,-1.4849999999999999,0,nan,142,0.0,142,0.0
9964,64,99,-0.43499999999999983,-1.4849999999999999,0,nan,142,0.0,142,0.0
9965,65,99,-0.46499999999999986,-1.4849999999999999,0,nan,142,0.0,142,0.0
9966,66,99,-0.4949999999999999,-1.4849999999999999,0,nan,142,0.0,142,0.0
9967,67,99,-0.5249999999999999,-1.4849999999999999,0,nan,142,0.0,142,0.0
9968,68,99,-0.5549999999999997,-1.4849999999999999,0,nan,142,0.0,142,0.0
9969,69,99,-0.585,-1.4849999999999999,0,nan,142,0.0,142,0.0
9970,70,99,-0.6149999999999998,-1.4849999999999999,0,nan,142,0.0,142,0.0
9971,71,99,-0.645,-1.4849999999999999,0,nan,142,0.0,142,0.0
9972,72,99,-0.6749999999999998,-1.4849999999999999,0,nan,142,0.0,142,0.0
9973,73,99,-0.7050000000000001,-1.4849999999999999,0,nan,142,0.0,142,0.0
9974,74,99,-0.7349999999999999,-1.4849999999999999,0,nan,142,0.0,142,0.0
9975,75,99,-0.7650000000000001,-1.4849999999999999,0,nan,142,0.0,142,0.0
9976,76,99,-0.7949999999999999,-1.4849999999999999,0,nan,142,0.0,142,0.0
9977,77,99,-0.8249999999999997,-1.4849999999999999,0,nan,142,0.0,142,0.0
9978,78,99,-0.855,-1.4849999999999999,0,nan,142,0.0,142,0.0
9979,79,99,-0.8849999999999998,-1.4849999999999999,0,nan,142,0.0,142,0.0
9980,80,99,-0.915,-1.4849999999999999,0,nan,142,0.0,142,0.0
9981,81,99,-0.9449999999999998,-1.4849999999999999,0,nan,142,0.0,142,0.0
9982,82,99,-0.9750000000000001,-1.4849999999999999,0,nan,142,0.0,142,0.0
9983,83,99,-1.005,-1.4849999999999999,0,nan,142,0.0,142,0.0
9984,84,99,-1.0349999999999997,-1.4849999999999999,0,nan,142,0.0,142,0.0
9985,85,99,-1.065,-1.4849999999999999,0,nan,142,0.0,142,0.0
9986,86,99,-1.0949999999999998,-1.4849999999999999,0,nan,142,0.0,142,0.0
9987,87,99,-1.125,-1.4849999999999999,0,nan,142,0.0,142,0.0
9988,88,99,-1.1549999999999998,-1.4849999999999999,0,nan,142,0.0,142,0.0
9989,89,99,-1.185,-1.4849999999999999,0,nan,142,0.0,142,0.0
9990,90,99,-1.2149999999999999,-1.4849999999999999,0,nan,142,0.0,142,0.0
9991,91,99,-1.245,-1.4849999999999999,0,nan,142,0.0,142,0.0
9992,92,99,-1.275,-1.4849999999999999,0,nan,142,0.0,142,0.0
9993,93,99,-1.3049999999999997,-1.4849999999999999,0,nan,142,0.0,142,0.0
9994,94,99,-1.335,-1.4849999999999999,0,nan,142,0.0,142,0.0
9995,95,99,-1.3649999999999998,-1.4849999999999999,0,nan,142,0.0,142,0.0
9996,96,99,-1.395,-1.4849999999999999,0,nan,142,0.0,142,0.0
9997,97,99,-1.4249999999999998,-1.4849999999999999,0,nan,142,0.0,142,0.0
9998,98,99,-1.455,-1.4849999999999999,0,nan,142,0.0,142,0.0
9999,99,99,-1.4849999999999999,-1.4849999999999999,0,nan,142,0.0,142,0.0
