cell_index,x_index,y_index,x_m,y_m,elevation_observations,elevation_median,slope_observations,slope_median,accessibility_observations,accessibility_median
0,0,0,1.485,1.485,0,nan,141,0.0,141,0.0
1,1,0,1.455,1.485,0,nan,141,0.0,141,0.0
2,2,0,1.425,1.485,0,nan,141,0.0,141,0.0
3,3,0,1.395,1.485,0,nan,141,0.0,141,0.0
4,4,0,1.365,1.485,0,nan,141,0.0,141,0.0
5,5,0,1.335,1.485,0,nan,141,0.0,141,0.0
6,6,0,1.305,1.485,0,nan,141,0.0,141,0.0
7,7,0,1.275,1.485,0,nan,141,0.0,141,0.0
8,8,0,1.245,1.485,0,nan,141,0.0,141,0.0
9,9,0,1.215,1.485,0,nan,141,0.0,141,0.0
10,10,0,1.185,1.485,0,nan,141,0.0,141,0.0
11,11,0,1.155,1.485,0,nan,141,0.0,141,0.0
12,12,0,1.125,1.485,0,nan,141,0.0,141,0.0
13,13,0,1.095,1.485,0,nan,141,0.0,141,0.0
14,14,0,1.065,1.485,0,nan,141,0.0,141,0.0
15,15,0,1.0350000000000001,1.485,0,nan,141,0.0,141,0.0
16,16,0,1.005,1.485,0,nan,141,0.0,141,0.0
17,17,0,0.975,1.485,0,nan,141,0.0,141,0.0
18,18,0,0.9450000000000001,1.485,0,nan,141,0.0,141,0.0
19,19,0,0.915,1.485,0,nan,141,0.0,141,0.0
20,20,0,0.885,1.485,0,nan,141,0.0,141,0.0
21,21,0,0.855,1.485,0,nan,141,0.0,141,0.0
22,22,0,0.8250000000000001,1.485,0,nan,141,0.0,141,0.0
23,23,0,0.795,1.485,0,nan,141,0.0,141,0.0
24,24,0,0.765,1.485,0,nan,141,0.0,141,0.0
25,25,0,0.735,1.485,0,nan,141,0.0,141,0.0
26,26,0,0.7050000000000001,1.485,0,nan,141,0.0,141,0.0
27,27,0,0.675,1.485,0,nan,141,0.0,141,0.0
28,28,0,0.645,1.485,0,nan,141,0.0,141,0.0
29,29,0,0.615,1.485,0,nan,141,0.0,141,0.0
30,30,0,0.5850000000000001,1.485,0,nan,141,0.0,141,0.0
31,31,0,0.555,1.485,0,nan,141,0.0,141,0.0
32,32,0,0.525,1.485,0,nan,141,0.0,141,0.0
33,33,0,0.4950000000000001,1.485,0,nan,141,0.0,141,0.0
34,34,0,0.4650000000000001,1.485,0,nan,141,0.0,141,0.0
35,35,0,0.43500000000000005,1.485,0,nan,141,0.0,141,0.0
36,36,0,0.405,1.485,0,nan,141,0.0,141,0.0
37,37,0,0.375,1.485,0,nan,141,0.0,141,0.0
38,38,0,0.345,1.485,0,nan,141,0.0,141,0.0
39,39,0,0.31499999999999995,1.485,0,nan,141,0.0,141,0.0
40,40,0,0.28500000000000014,1.485,0,nan,141,0.0,141,0.0
41,41,0,0.2550000000000001,1.485,0,nan,141,0.0,141,0.0
42,42,0,0.2250000000000001,1.485,0,nan,141,0.0,141,0.0
43,43,0,0.19500000000000006,1.485,0,nan,141,0.0,141,0.0
44,44,0,0.16500000000000004,1.485,0,nan,141,0.0,141,0.0
45,45,0,0.135,1.485,0,nan,141,0.0,141,0.0
46,46,0,0.10499999999999998,1.485,0,nan,141,0.0,141,0.0
47,47,0,0.07499999999999996,1.485,0,nan,141,0.0,141,0.0
48,48,0,0.04500000000000015,1.485,0,nan,141,0.0,141,0.0
49,49,0,0.015000000000000124,1.485,0,nan,141,0.0,141,0.0
50,50,0,-0.014999999999999902,1.485,0,nan,141,0.0,141,0.0
51,51,0,-0.04499999999999993,1.485,0,nan,141,0.0,141,0.0
52,52,0,-0.07499999999999996,1.485,0,nan,141,0.0,141,0.0
53,53,0,-0.10499999999999998,1.485,0,nan,141,0.0,141,0.0
54,54,0,-0.135,1.485,0,nan,141,0.0,141,0.0
55,55,0,-0.16500000000000004,1.485,0,nan,141,0.0,141,0.0
56,56,0,-0.19499999999999984,1.485,0,nan,141,0.0,141,0.0
57,57,0,-0.22499999999999987,1.485,0,nan,141,0.0,141,0.0
58,58,0,-0.2549999999999999,1.485,0,nan,141,0.0,141,0.0
59,59,0,-0.2849999999999999,1.485,0,nan,141,0.0,141,0.0
60,60,0,-0.31499999999999995,1.485,0,nan,141,0.0,141,0.0
61,61,0,-0.345,1.485,0,nan,141,0.0,141,0.0
62,62,0,-0.375,1.485,0,nan,141,0.0,141,0.0
63,63,0,-0.405,1.485,0,nan,141,0.0,141,0.0
64,64,0,-0.43499999999999983,1.485,0,nan,141,0.0,141,0.0
65,65,0,-0.46499999999999986,1.485,0,nan,141,0.0,141,0.0
66,66,0,-0.4949999999999999,1.485,0,nan,141,0.0,141,0.0
67,67,0,-0.5249999999999999,1.485,0,nan,141,0.0,141,0.0
68,68,0,-0.5549999999999997,1.485,0,nan,141,0.0,141,0.0
69,69,0,-0.585,1.485,0,nan,141,0.0,141,0.0
70,70,0,-0.6149999999999998,1.485,0,nan,141,0.0,141,0.0
71,71,0,-0.645,1.485,0,nan,141,0.0,141,0.0
72,72,0,-0.6749999999999998,1.485,0,nan,141,0.0,141,0.0
73,73,0,-0.7050000000000001,1.485,0,nan,141,0.0,141,0.0
74,74,0,-0.7349999999999999,1.485,0,nan,141,0.0,141,0.0
75,75,0,-0.7650000000000001,1.485,0,nan,141,0.0,141,0.0
76,76,0,-0.7949999999999999,1.485,0,nan,141,0.0,141,0.0
77,77,0,-0.8249999999999997,1.485,0,nan,141,0.0,141,0.0
78,78,0,-0.855,1.485,0,nan,141,0.0,141,0.0
79,79,0,-0.8849999999999998,1.485,0,nan,141,0.0,141,0.0
80,80,0,-0.915,1.485,0,nan,141,0.0,141,0.0
81,81,0,-0.9449999999999998,1.485,0,nan,141,0.0,141,0.0
82,82,0,-0.9750000000000001,1.485,0,nan,141,0.0,141,0.0
83,83,0,-1.005,1.485,0,nan,141,0.0,141,0.0
84,84,0,-1.0349999999999997,1.485,0,nan,141,0.0,141,0.0
85,85,0,-1.065,1.485,0,nan,141,0.0,141,0.0
86,86,0,-1.0949999999999998,1.485,0,nan,141,0.0,141,0.0
87,87,0,-1.125,1.485,0,nan,141,0.0,141,0.0
88,88,0,-1.1549999999999998,1.485,0,nan,141,0.0,141,0.0
89,89,0,-1.185,1.485,0,nan,141,0.0,141,0.0
90,90,0,-1.2149999999999999,1.485,0,nan,141,0.0,141,0.0
91,91,0,-1.245,1.485,0,nan,141,0.0,141,0.0
92,92,0,-1.275,1.485,0,nan,141,0.0,141,0.0
93,93,0,-1.3049999999999997,1.485,0,nan,141,0.0,141,0.0
94,94,0,-1.335,1.485,0,nan,141,0.0,141,0.0
95,95,0,-1.3649999999999998,1.485,0,nan,141,0.0,141,0.0
96,96,0,-1.395,1.485,0,nan,141,0.0,141,0.0
97,97,0,-1.4249999999999998,1.485,0,nan,141,0.0,141,0.0
98,98,0,-1.455,1.485,0,nan,141,0.0,141,0.0
99,99,0,-1.4849999999999999,1.485,0,nan,141,0.0,141,0.0
100,0,1,1.485,1.455,0,nan,141,0.0,141,0.0
101,1,1,1.455,1.455,0,nan,141,0.0,141,0.0
102,2,1,1.425,1.455,0,nan,141,0.0,141,0.0
103,3,1,1.395,1.455,0,nan,141,0.0,141,0.0
104,4,1,1.365,1.455,0,nan,141,0.0,141,0.0
105,5,1,1.335,1.455,0,nan,141,0.0,141,0.0
106,6,1,1.305,1.455,0,nan,141,0.0,141,0.0
107,7,1,1.275,1.455,0,nan,141,0.0,141,0.0
108,8,1,1.245,1.455,0,nan,141,0.0,141,0.0
109,9,1,1.215,1.455,0,nan,141,0.0,141,0.0
110,10,1,1.185,1.455,0,nan,141,0.0,141,0.0
111,11,1,1.155,1.455,0,nan,141,0.0,141,0.0
112,12,1,1.125,1.455,0,nan,141,0.0,141,0.0
113,13,1,1.095,1.455,0,nan,141,0.0,141,0.0
114,14,1,1.065,1.455,0,nan,141,0.0,141,0.0
115,15,1,1.0350000000000001,1.455,0,nan,141,0.0,141,0.0
116,16,1,1.005,1.455,0,nan,141,0.0,141,0.0
117,17,1,0.975,1.455,0,nan,141,0.0,141,0.0
118,18,1,0.9450000000000001,1.455,0,nan,141,0.0,141,0.0
119,19,1,0.915,1.455,0,nan,141,0.0,141,0.0
120,20,1,0.885,1.455,0,nan,141,0.0,141,0.0
121,21,1,0.855,1.455,0,nan,141,0.0,141,0.0
122,22,1,0.8250000000000001,1.455,0,nan,141,0.0,141,0.0
123,23,1,0.795,1.455,0,nan,141,0.0,141,0.0
124,24,1,0.765,1.455,0,nan,141,0.0,141,0.0
125,25,1,0.735,1.455,0,nan,141,0.0,141,0.0
126,26,1,0.7050000000000001,1.455,0,nan,141,0.0,141,0.0
127,27,1,0.675,1.455,0,nan,141,0.0,141,0.0
128,28,1,0.645,1.455,0,nan,141,0.0,141,0.0
129,29,1,0.615,1.455,0,nan,141,0.0,141,0.0
130,30,1,0.5850000000000001,1.455,0,nan,141,0.0,141,0.0
131,31,1,0.555,1.455,0,nan,141,0.0,141,0.0
132,32,1,0.525,1.455,0,nan,141,0.0,141,0.0
133,33,1,0.4950000000000001,1.455,0,nan,141,0.0,141,0.0
134,34,1,0.4650000000000001,1.455,0,nan,141,0.0,141,0.0
135,35,1,0.43500000000000005,1.455,0,nan,141,0.0,141,0.0
136,36,1,0.405,1.455,0,nan,141,0.0,141,0.0
137,37,1,0.375,1.455,0,nan,141,0.0,141,0.0
138,38,1,0.345,1.455,0,nan,141,0.0,141,0.0
139,39,1,0.31499999999999995,1.455,0,nan,141,0.0,141,0.0
140,40,1,0.28500000000000014,1.455,0,nan,141,0.0,141,0.0
141,41,1,0.2550000000000001,1.455,0,nan,141,0.0,141,0.0
142,42,1,0.2250000000000001,1.455,0,nan,141,0.0,141,0.0
143,43,1,0.19500000000000006,1.455,0,nan,141,0.0,141,0.0
144,44,1,0.16500000000000004,1.455,0,nan,141,0.0,141,0.0
145,45,1,0.135,1.455,0,nan,141,0.0,141,0.0
146,46,1,0.10499999999999998,1.455,0,nan,141,0.0,141,0.0
147,47,1,0.07499999999999996,1.455,0,nan,141,0.0,141,0.0
148,48,1,0.04500000000000015,1.455,0,nan,141,0.0,141,0.0
149,49,1,0.015000000000000124,1.455,0,nan,141,0.0,141,0.0
150,50,1,-0.014999999999999902,1.455,0,nan,141,0.0,141,0.0
151,51,1,-0.04499999999999993,1.455,0,nan,141,0.0,141,0.0
152,52,1,-0.07499999999999996,1.455,0,nan,141,0.0,141,0.0
153,53,1,-0.10499999999999998,1.455,0,nan,141,0.0,141,0.0
154,54,1,-0.135,1.455,0,nan,141,0.0,141,0.0
155,55,1,-0.16500000000000004,1.455,0,nan,141,0.0,141,0.0
156,56,1,-0.19499999999999984,1.455,0,nan,141,0.0,141,0.0
157,57,1,-0.22499999999999987,1.455,0,nan,141,0.0,141,0.0
158,58,1,-0.2549999999999999,1.455,0,nan,141,0.0,141,0.0
159,59,1,-0.2849999999999999,1.455,0,nan,141,0.0,141,0.0
160,60,1,-0.31499999999999995,1.455,0,nan,141,0.0,141,0.0
161,61,1,-0.345,1.455,0,nan,141,0.0,141,0.0
162,62,1,-0.375,1.455,0,nan,141,0.0,141,0.0
163,63,1,-0.405,1.455,0,nan,141,0.0,141,0.0
164,64,1,-0.43499999999999983,1.455,0,nan,141,0.0,141,0.0
165,65,1,-0.46499999999999986,1.455,0,nan,141,0.0,141,0.0
166,66,1,-0.4949999999999999,1.455,0,nan,141,0.0,141,0.0
167,67,1,-0.5249999999999999,1.455,0,nan,141,0.0,141,0.0
168,68,1,-0.5549999999999997,1.455,0,nan,141,0.0,141,0.0
169,69,1,-0.585,1.455,0,nan,141,0.0,141,0.0
170,70,1,-0.6149999999999998,1.455,0,nan,141,0.0,141,0.0
171,71,1,-0.645,1.455,0,nan,141,0.0,141,0.0
172,72,1,-0.6749999999999998,1.455,0,nan,141,0.0,141,0.0
173,73,1,-0.7050000000000001,1.455,0,nan,141,0.0,141,0.0
174,74,1,-0.7349999999999999,1.455,0,nan,141,0.0,141,0.0
175,75,1,-0.7650000000000001,1.455,0,nan,141,0.0,141,0.0
176,76,1,-0.7949999999999999,1.455,0,nan,141,0.0,141,0.0
177,77,1,-0.8249999999999997,1.455,0,nan,141,0.0,141,0.0
178,78,1,-0.855,1.455,0,nan,141,0.0,141,0.0
179,79,1,-0.8849999999999998,1.455,0,nan,141,0.0,141,0.0
180,80,1,-0.915,1.455,0,nan,141,0.0,141,0.0
181,81,1,-0.9449999999999998,1.455,0,nan,141,0.0,141,0.0
182,82,1,-0.9750000000000001,1.455,0,nan,141,0.0,141,0.0
183,83,1,-1.005,1.455,0,nan,141,0.0,141,0.0
184,84,1,-1.0349999999999997,1.455,0,nan,141,0.0,141,0.0
185,85,1,-1.065,1.455,0,nan,141,0.0,141,0.0
186,86,1,-1.0949999999999998,1.455,0,nan,141,0.0,141,0.0
187,87,1,-1.125,1.455,0,nan,141,0.0,141,0.0
188,88,1,-1.1549999999999998,1.455,0,nan,141,0.0,141,0.0
189,89,1,-1.185,1.455,0,nan,141,0.0,141,0.0
190,90,1,-1.2149999999999999,1.455,0,nan,141,0.0,141,0.0
191,91,1,-1.245,1.455,0,nan,141,0.0,141,0.0
192,92,1,-1.275,1.455,0,nan,141,0.0,141,0.0
193,93,1,-1.3049999999999997,1.455,0,nan,141,0.0,141,0.0
194,94,1,-1.335,1.455,0,nan,141,0.0,141,0.0
195,95,1,-1.3649999999999998,1.455,0,nan,141,0.0,141,0.0
196,96,1,-1.395,1.455,0,nan,141,0.0,141,0.0
197,97,1,-1.4249999999999998,1.455,0,nan,141,0.0,141,0.0
198,98,1,-1.455,1.455,0,nan,141,0.0,141,0.0
199,99,1,-1.4849999999999999,1.455,0,nan,141,0.0,141,0.0
200,0,2,1.485,1.425,0,nan,141,0.0,141,0.0
201,1,2,1.455,1.425,0,nan,141,0.0,141,0.0
202,2,2,1.425,1.425,0,nan,141,0.0,141,0.0
203,3,2,1.395,1.425,0,nan,141,0.0,141,0.0
204,4,2,1.365,1.425,0,nan,141,0.0,141,0.0
205,5,2,1.335,1.425,0,nan,141,0.0,141,0.0
206,6,2,1.305,1.425,0,nan,141,0.0,141,0.0
207,7,2,1.275,1.425,0,nan,141,0.0,141,0.0
208,8,2,1.245,1.425,0,nan,141,0.0,141,0.0
209,9,2,1.215,1.425,0,nan,141,0.0,141,0.0
210,10,2,1.185,1.425,0,nan,141,0.0,141,0.0
211,11,2,1.155,1.425,0,nan,141,0.0,141,0.0
212,12,2,1.125,1.425,0,nan,141,0.0,141,0.0
213,13,2,1.095,1.425,0,nan,141,0.0,141,0.0
214,14,2,1.065,1.425,0,nan,141,0.0,141,0.0
215,15,2,1.0350000000000001,1.425,0,nan,141,0.0,141,0.0
216,16,2,1.005,1.425,0,nan,141,0.0,141,0.0
217,17,2,0.975,1.425,0,nan,141,0.0,141,0.0
218,18,2,0.9450000000000001,1.425,0,nan,141,0.0,141,0.0
219,19,2,0.915,1.425,0,nan,141,0.0,141,0.0
220,20,2,0.885,1.425,0,nan,141,0.0,141,0.0
221,21,2,0.855,1.425,0,nan,141,0.0,141,0.0
222,22,2,0.8250000000000001,1.425,0,nan,141,0.0,141,0.0
223,23,2,0.795,1.425,0,nan,141,0.0,141,0.0
224,24,2,0.765,1.425,0,nan,141,0.0,141,0.0
225,25,2,0.735,1.425,0,nan,141,0.0,141,0.0
226,26,2,0.7050000000000001,1.425,0,nan,141,0.0,141,0.0
227,27,2,0.675,1.425,0,nan,141,0.0,141,0.0
228,28,2,0.645,1.425,0,nan,141,0.0,141,0.0
229,29,2,0.615,1.425,0,nan,141,0.0,141,0.0
230,30,2,0.5850000000000001,1.425,0,nan,141,0.0,141,0.0
231,31,2,0.555,1.425,0,nan,141,0.0,141,0.0
232,32,2,0.525,1.425,0,nan,141,0.0,141,0.0
233,33,2,0.4950000000000001,1.425,0,nan,141,0.0,141,0.0
234,34,2,0.4650000000000001,1.425,0,nan,141,0.0,141,0.0
235,35,2,0.43500000000000005,1.425,0,nan,141,0.0,141,0.0
236,36,2,0.405,1.425,0,nan,141,0.0,141,0.0
237,37,2,0.375,1.425,0,nan,141,0.0,141,0.0
238,38,2,0.345,1.425,0,nan,141,0.0,141,0.0
239,39,2,0.31499999999999995,1.425,0,nan,141,0.0,141,0.0
240,40,2,0.28500000000000014,1.425,0,nan,141,0.0,141,0.0
241,41,2,0.2550000000000001,1.425,0,nan,141,0.0,141,0.0
242,42,2,0.2250000000000001,1.425,0,nan,141,0.0,141,0.0
243,43,2,0.19500000000000006,1.425,0,nan,141,0.0,141,0.0
244,44,2,0.16500000000000004,1.425,0,nan,141,0.0,141,0.0
245,45,2,0.135,1.425,0,nan,141,0.0,141,0.0
246,46,2,0.10499999999999998,1.425,0,nan,141,0.0,141,0.0
247,47,2,0.07499999999999996,1.425,0,nan,141,0.0,141,0.0
248,48,2,0.04500000000000015,1.425,0,nan,141,0.0,141,0.0
249,49,2,0.015000000000000124,1.425,0,nan,141,0.0,141,0.0
250,50,2,-0.014999999999999902,1.425,0,nan,141,0.0,141,0.0
251,51,2,-0.04499999999999993,1.425,0,nan,141,0.0,141,0.0
252,52,2,-0.07499999999999996,1.425,0,nan,141,0.0,141,0.0
253,53,2,-0.10499999999999998,1.425,0,nan,141,0.0,141,0.0
254,54,2,-0.135,1.425,0,nan,141,0.0,141,0.0
255,55,2,-0.16500000000000004,1.425,0,nan,141,0.0,141,0.0
256,56,2,-0.19499999999999984,1.425,0,nan,141,0.0,141,0.0
257,57,2,-0.22499999999999987,1.425,0,nan,141,0.0,141,0.0
258,58,2,-0.2549999999999999,1.425,0,nan,141,0.0,141,0.0
259,59,2,-0.2849999999999999,1.425,0,nan,141,0.0,141,0.0
260,60,2,-0.31499999999999995,1.425,0,nan,141,0.0,141,0.0
261,61,2,-0.345,1.425,0,nan,141,0.0,141,0.0
262,62,2,-0.375,1.425,0,nan,141,0.0,141,0.0
263,63,2,-0.405,1.425,0,nan,141,0.0,141,0.0
264,64,2,-0.43499999999999983,1.425,0,nan,141,0.0,141,0.0
265,65,2,-0.46499999999999986,1.425,0,nan,141,0.0,141,0.0
266,66,2,-0.4949999999999999,1.425,0,nan,141,0.0,141,0.0
267,67,2,-0.5249999999999999,1.425,0,nan,141,0.0,141,0.0
268,68,2,-0.5549999999999997,1.425,0,nan,141,0.0,141,0.0
269,69,2,-0.585,1.425,0,nan,141,0.0,141,0.0
270,70,2,-0.6149999999999998,1.425,0,nan,141,0.0,141,0.0
271,71,2,-0.645,1.425,0,nan,141,0.0,141,0.0
272,72,2,-0.6749999999999998,1.425,0,nan,141,0.0,141,0.0
273,73,2,-0.7050000000000001,1.425,0,nan,141,0.0,141,0.0
274,74,2,-0.7349999999999999,1.425,0,nan,141,0.0,141,0.0
275,75,2,-0.7650000000000001,1.425,0,nan,141,0.0,141,0.0
276,76,2,-0.7949999999999999,1.425,0,nan,141,0.0,141,0.0
277,77,2,-0.8249999999999997,1.425,0,nan,141,0.0,141,0.0
278,78,2,-0.855,1.425,0,nan,141,0.0,141,0.0
279,79,2,-0.8849999999999998,1.425,0,nan,141,0.0,141,0.0
280,80,2,-0.915,1.425,0,nan,141,0.0,141,0.0
281,81,2,-0.9449999999999998,1.425,0,nan,141,0.0,141,0.0
282,82,2,-0.9750000000000001,1.425,0,nan,141,0.0,141,0.0
283,83,2,-1.005,1.425,0,nan,141,0.0,141,0.0
284,84,2,-1.0349999999999997,1.425,0,nan,141,0.0,141,0.0
285,85,2,-1.065,1.425,0,nan,141,0.0,141,0.0
286,86,2,-1.0949999999999998,1.425,0,nan,141,0.0,141,0.0
287,87,2,-1.125,1.425,0,nan,141,0.0,141,0.0
288,88,2,-1.1549999999999998,1.425,0,nan,141,0.0,141,0.0
289,89,2,-1.185,1.425,0,nan,141,0.0,141,0.0
290,90,2,-1.2149999999999999,1.425,0,nan,141,0.0,141,0.0
291,91,2,-1.245,1.425,0,nan,141,0.0,141,0.0
292,92,2,-1.275,1.425,0,nan,141,0.0,141,0.0
293,93,2,-1.3049999999999997,1.425,0,nan,141,0.0,141,0.0
294,94,2,-1.335,1.425,0,nan,141,0.0,141,0.0
295,95,2,-1.3649999999999998,1.425,0,nan,141,0.0,141,0.0
296,96,2,-1.395,1.425,0,nan,141,0.0,141,0.0
297,97,2,-1.4249999999999998,1.425,0,nan,141,0.0,141,0.0
298,98,2,-1.455,1.425,0,nan,141,0.0,141,0.0
299,99,2,-1.4849999999999999,1.425,0,nan,141,0.0,141,0.0
300,0,3,1.485,1.395,0,nan,141,0.0,141,0.0
301,1,3,1.455,1.395,0,nan,141,0.0,141,0.0
302,2,3,1.425,1.395,0,nan,141,0.0,141,0.0
303,3,3,1.395,1.395,0,nan,141,0.0,141,0.02199999988079071
304,4,3,1.365,1.395,0,nan,141,0.0,141,0.02199999988079071
305,5,3,1.335,1.395,0,nan,141,0.0,141,0.02199999988079071
306,6,3,1.305,1.395,0,nan,141,0.0,141,0.02199999988079071
307,7,3,1.275,1.395,0,nan,141,0.0,141,0.02199999988079071
308,8,3,1.245,1.395,0,nan,141,0.0,141,0.02199999988079071
309,9,3,1.215,1.395,0,nan,141,0.0,141,0.02199999988079071
310,10,3,1.185,1.395,0,nan,141,0.0,141,0.02199999988079071
311,11,3,1.155,1.395,0,nan,141,0.0,141,0.02199999988079071
312,12,3,1.125,1.395,0,nan,141,0.0,141,0.02199999988079071
313,13,3,1.095,1.395,0,nan,141,0.0,141,0.02199999988079071
314,14,3,1.065,1.395,0,nan,141,0.0,141,0.02199999988079071
315,15,3,1.0350000000000001,1.395,0,nan,141,0.0,141,0.02199999988079071
316,16,3,1.005,1.395,0,nan,141,0.0,141,0.02199999988079071
317,17,3,0.975,1.395,0,nan,141,0.0,141,0.02199999988079071
318,18,3,0.9450000000000001,1.395,0,nan,141,0.0,141,0.02199999988079071
319,19,3,0.915,1.395,0,nan,141,0.0,141,0.02199999988079071
320,20,3,0.885,1.395,0,nan,141,0.0,141,0.02199999988079071
321,21,3,0.855,1.395,0,nan,141,0.0,141,0.02199999988079071
322,22,3,0.8250000000000001,1.395,0,nan,141,0.0,141,0.02199999988079071
323,23,3,0.795,1.395,0,nan,141,0.0,141,0.02199999988079071
324,24,3,0.765,1.395,0,nan,141,0.0,141,0.02199999988079071
325,25,3,0.735,1.395,0,nan,141,0.0,141,0.02199999988079071
326,26,3,0.7050000000000001,1.395,0,nan,141,0.0,141,0.02199999988079071
327,27,3,0.675,1.395,0,nan,141,0.0,141,0.02199999988079071
328,28,3,0.645,1.395,0,nan,141,0.0,141,0.02199999988079071
329,29,3,0.615,1.395,0,nan,141,0.0,141,0.02199999988079071
330,30,3,0.5850000000000001,1.395,0,nan,141,0.0,141,0.02199999988079071
331,31,3,0.555,1.395,0,nan,141,0.0,141,0.02199999988079071
332,32,3,0.525,1.395,0,nan,141,0.0,141,0.02199999988079071
333,33,3,0.4950000000000001,1.395,0,nan,141,0.0,141,0.02199999988079071
334,34,3,0.4650000000000001,1.395,0,nan,141,0.0,141,0.02199999988079071
335,35,3,0.43500000000000005,1.395,0,nan,141,0.0,141,0.02199999988079071
336,36,3,0.405,1.395,0,nan,141,0.0,141,0.02199999988079071
337,37,3,0.375,1.395,0,nan,141,0.0,141,0.02199999988079071
338,38,3,0.345,1.395,0,nan,141,0.0,141,0.02199999988079071
339,39,3,0.31499999999999995,1.395,0,nan,141,0.0,141,0.02199999988079071
340,40,3,0.28500000000000014,1.395,0,nan,141,0.0,141,0.02199999988079071
341,41,3,0.2550000000000001,1.395,0,nan,141,0.0,141,0.02199999988079071
342,42,3,0.2250000000000001,1.395,0,nan,141,0.0,141,0.02199999988079071
343,43,3,0.19500000000000006,1.395,0,nan,141,0.0,141,0.02199999988079071
344,44,3,0.16500000000000004,1.395,0,nan,141,0.0,141,0.02199999988079071
345,45,3,0.135,1.395,0,nan,141,0.0,141,0.02199999988079071
346,46,3,0.10499999999999998,1.395,0,nan,141,0.0,141,0.02199999988079071
347,47,3,0.07499999999999996,1.395,0,nan,141,0.0,141,0.02199999988079071
348,48,3,0.04500000000000015,1.395,0,nan,141,0.0,141,0.02199999988079071
349,49,3,0.015000000000000124,1.395,0,nan,141,0.0,141,0.02199999988079071
350,50,3,-0.014999999999999902,1.395,0,nan,141,0.0,141,0.02199999988079071
351,51,3,-0.04499999999999993,1.395,0,nan,141,0.0,141,0.02199999988079071
352,52,3,-0.07499999999999996,1.395,0,nan,141,0.0,141,0.02199999988079071
353,53,3,-0.10499999999999998,1.395,0,nan,141,0.0,141,0.02199999988079071
354,54,3,-0.135,1.395,0,nan,141,0.0,141,0.02199999988079071
355,55,3,-0.16500000000000004,1.395,0,nan,141,0.0,141,0.02199999988079071
356,56,3,-0.19499999999999984,1.395,0,nan,141,0.0,141,0.02199999988079071
357,57,3,-0.22499999999999987,1.395,0,nan,141,0.0,141,0.02199999988079071
358,58,3,-0.2549999999999999,1.395,0,nan,141,0.0,141,0.02199999988079071
359,59,3,-0.2849999999999999,1.395,0,nan,141,0.0,141,0.02199999988079071
360,60,3,-0.31499999999999995,1.395,0,nan,141,0.0,141,0.02199999988079071
361,61,3,-0.345,1.395,0,nan,141,0.0,141,0.02199999988079071
362,62,3,-0.375,1.395,0,nan,141,0.0,141,0.02199999988079071
363,63,3,-0.405,1.395,0,nan,141,0.0,141,0.02199999988079071
364,64,3,-0.43499999999999983,1.395,0,nan,141,0.0,141,0.02199999988079071
365,65,3,-0.46499999999999986,1.395,0,nan,141,0.0,141,0.02199999988079071
366,66,3,-0.4949999999999999,1.395,0,nan,141,0.0,141,0.02199999988079071
367,67,3,-0.5249999999999999,1.395,0,nan,141,0.0,141,0.02199999988079071
368,68,3,-0.5549999999999997,1.395,0,nan,141,0.0,141,0.02199999988079071
369,69,3,-0.585,1.395,0,nan,141,0.0,141,0.02199999988079071
370,70,3,-0.6149999999999998,1.395,0,nan,141,0.0,141,0.02199999988079071
371,71,3,-0.645,1.395,0,nan,141,0.0,141,0.02199999988079071
372,72,3,-0.6749999999999998,1.395,0,nan,141,0.0,141,0.02199999988079071
373,73,3,-0.7050000000000001,1.395,0,nan,141,0.0,141,0.02199999988079071
374,74,3,-0.7349999999999999,1.395,0,nan,141,0.0,141,0.02199999988079071
375,75,3,-0.7650000000000001,1.395,0,nan,141,0.0,141,0.02199999988079071
376,76,3,-0.7949999999999999,1.395,0,nan,141,0.0,141,0.02199999988079071
377,77,3,-0.8249999999999997,1.395,0,nan,141,0.0,141,0.02199999988079071
378,78,3,-0.855,1.395,0,nan,141,0.0,141,0.02199999988079071
379,79,3,-0.8849999999999998,1.395,0,nan,141,0.0,141,0.02199999988079071
380,80,3,-0.915,1.395,0,nan,141,0.0,141,0.02199999988079071
381,81,3,-0.9449999999999998,1.395,0,nan,141,0.0,141,0.02199999988079071
382,82,3,-0.9750000000000001,1.395,0,nan,141,0.0,141,0.02199999988079071
383,83,3,-1.005,1.395,0,nan,141,0.0,141,0.02199999988079071
384,84,3,-1.0349999999999997,1.395,0,nan,141,0.0,141,0.02199999988079071
385,85,3,-1.065,1.395,0,nan,141,0.0,141,0.02199999988079071
386,86,3,-1.0949999999999998,1.395,0,nan,141,0.0,141,0.02199999988079071
387,87,3,-1.125,1.395,0,nan,141,0.0,141,0.02199999988079071
388,88,3,-1.1549999999999998,1.395,0,nan,141,0.0,141,0.02199999988079071
389,89,3,-1.185,1.395,0,nan,141,0.0,141,0.02199999988079071
390,90,3,-1.2149999999999999,1.395,0,nan,141,0.0,141,0.02199999988079071
391,91,3,-1.245,1.395,0,nan,141,0.0,141,0.02199999988079071
392,92,3,-1.275,1.395,0,nan,141,0.0,141,0.02199999988079071
393,93,3,-1.3049999999999997,1.395,0,nan,141,0.0,141,0.02199999988079071
394,94,3,-1.335,1.395,0,nan,141,0.0,141,0.02199999988079071
395,95,3,-1.3649999999999998,1.395,0,nan,141,0.0,141,0.02199999988079071
396,96,3,-1.395,1.395,0,nan,141,0.0,141,0.02199999988079071
397,97,3,-1.4249999999999998,1.395,0,nan,141,0.0,141,0.0
398,98,3,-1.455,1.395,0,nan,141,0.0,141,0.0
399,99,3,-1.4849999999999999,1.395,0,nan,141,0.0,141,0.0
400,0,4,1.485,1.365,0,nan,141,0.0,141,0.0
401,1,4,1.455,1.365,0,nan,141,0.0,141,0.0
402,2,4,1.425,1.365,0,nan,141,0.0,141,0.0
403,3,4,1.395,1.365,0,nan,141,0.0,141,0.02199999988079071
404,4,4,1.365,1.365,0,nan,141,0.0,141,0.02199999988079071
405,5,4,1.335,1.365,0,nan,141,0.0,141,0.02199999988079071
406,6,4,1.305,1.365,0,nan,141,0.0,141,0.02199999988079071
407,7,4,1.275,1.365,0,nan,141,0.0,141,0.02199999988079071
408,8,4,1.245,1.365,0,nan,141,0.0,141,0.02199999988079071
409,9,4,1.215,1.365,0,nan,141,0.0,141,0.02199999988079071
410,10,4,1.185,1.365,0,nan,141,0.0,141,0.02199999988079071
411,11,4,1.155,1.365,0,nan,141,0.0,141,0.02199999988079071
412,12,4,1.125,1.365,0,nan,141,0.0,141,0.02199999988079071
413,13,4,1.095,1.365,0,nan,141,0.0,141,0.02199999988079071
414,14,4,1.065,1.365,0,nan,141,0.0,141,0.02199999988079071
415,15,4,1.0350000000000001,1.365,0,nan,141,0.0,141,0.02199999988079071
416,16,4,1.005,1.365,0,nan,141,0.0,141,0.02199999988079071
417,17,4,0.975,1.365,0,nan,141,0.0,141,0.02199999988079071
418,18,4,0.9450000000000001,1.365,0,nan,141,0.0,141,0.02199999988079071
419,19,4,0.915,1.365,0,nan,141,0.0,141,0.02199999988079071
420,20,4,0.885,1.365,0,nan,141,0.0,141,0.02199999988079071
421,21,4,0.855,1.365,0,nan,141,0.0,141,0.02199999988079071
422,22,4,0.8250000000000001,1.365,0,nan,141,0.0,141,0.02199999988079071
423,23,4,0.795,1.365,0,nan,141,0.0,141,0.02199999988079071
424,24,4,0.765,1.365,0,nan,141,0.0,141,0.02199999988079071
425,25,4,0.735,1.365,0,nan,141,0.0,141,0.02199999988079071
426,26,4,0.7050000000000001,1.365,0,nan,141,0.0,141,0.02199999988079071
427,27,4,0.675,1.365,0,nan,141,0.0,141,0.02199999988079071
428,28,4,0.645,1.365,0,nan,141,0.0,141,0.02199999988079071
429,29,4,0.615,1.365,0,nan,141,0.0,141,0.02199999988079071
430,30,4,0.5850000000000001,1.365,0,nan,141,0.0,141,0.02199999988079071
431,31,4,0.555,1.365,0,nan,141,0.0,141,0.02199999988079071
432,32,4,0.525,1.365,0,nan,141,0.0,141,0.02199999988079071
433,33,4,0.4950000000000001,1.365,0,nan,141,0.0,141,0.02199999988079071
434,34,4,0.4650000000000001,1.365,0,nan,141,0.0,141,0.02199999988079071
435,35,4,0.43500000000000005,1.365,0,nan,141,0.0,141,0.02199999988079071
436,36,4,0.405,1.365,0,nan,141,0.0,141,0.02199999988079071
437,37,4,0.375,1.365,0,nan,141,0.0,141,0.02199999988079071
438,38,4,0.345,1.365,0,nan,141,0.0,141,0.02199999988079071
439,39,4,0.31499999999999995,1.365,0,nan,141,0.0,141,0.02199999988079071
440,40,4,0.28500000000000014,1.365,0,nan,141,0.0,141,0.02199999988079071
441,41,4,0.2550000000000001,1.365,0,nan,141,0.0,141,0.02199999988079071
442,42,4,0.2250000000000001,1.365,0,nan,141,0.0,141,0.02199999988079071
443,43,4,0.19500000000000006,1.365,0,nan,141,0.0,141,0.02199999988079071
444,44,4,0.16500000000000004,1.365,0,nan,141,0.0,141,0.02199999988079071
445,45,4,0.135,1.365,0,nan,141,0.0,141,0.02199999988079071
446,46,4,0.10499999999999998,1.365,0,nan,141,0.0,141,0.02199999988079071
447,47,4,0.07499999999999996,1.365,0,nan,141,0.0,141,0.02199999988079071
448,48,4,0.04500000000000015,1.365,0,nan,141,0.0,141,0.02199999988079071
449,49,4,0.015000000000000124,1.365,0,nan,141,0.0,141,0.02199999988079071
450,50,4,-0.014999999999999902,1.365,0,nan,141,0.0,141,0.02199999988079071
451,51,4,-0.04499999999999993,1.365,0,nan,141,0.0,141,0.02199999988079071
452,52,4,-0.07499999999999996,1.365,0,nan,141,0.0,141,0.02199999988079071
453,53,4,-0.10499999999999998,1.365,0,nan,141,0.0,141,0.02199999988079071
454,54,4,-0.135,1.365,0,nan,141,0.0,141,0.02199999988079071
455,55,4,-0.16500000000000004,1.365,0,nan,141,0.0,141,0.02199999988079071
456,56,4,-0.19499999999999984,1.365,0,nan,141,0.0,141,0.02199999988079071
457,57,4,-0.22499999999999987,1.365,0,nan,141,0.0,141,0.02199999988079071
458,58,4,-0.2549999999999999,1.365,0,nan,141,0.0,141,0.02199999988079071
459,59,4,-0.2849999999999999,1.365,0,nan,141,0.0,141,0.02199999988079071
460,60,4,-0.31499999999999995,1.365,0,nan,141,0.0,141,0.02199999988079071
461,61,4,-0.345,1.365,0,nan,141,0.0,141,0.02199999988079071
462,62,4,-0.375,1.365,0,nan,141,0.0,141,0.02199999988079071
463,63,4,-0.405,1.365,0,nan,141,0.0,141,0.02199999988079071
464,64,4,-0.43499999999999983,1.365,0,nan,141,0.0,141,0.02199999988079071
465,65,4,-0.46499999999999986,1.365,0,nan,141,0.0,141,0.02199999988079071
466,66,4,-0.4949999999999999,1.365,0,nan,141,0.0,141,0.02199999988079071
467,67,4,-0.5249999999999999,1.365,0,nan,141,0.0,141,0.02199999988079071
468,68,4,-0.5549999999999997,1.365,0,nan,141,0.0,141,0.02199999988079071
469,69,4,-0.585,1.365,0,nan,141,0.0,141,0.02199999988079071
470,70,4,-0.6149999999999998,1.365,0,nan,141,0.0,141,0.02199999988079071
471,71,4,-0.645,1.365,0,nan,141,0.0,141,0.02199999988079071
472,72,4,-0.6749999999999998,1.365,0,nan,141,0.0,141,0.02199999988079071
473,73,4,-0.7050000000000001,1.365,0,nan,141,0.0,141,0.02199999988079071
474,74,4,-0.7349999999999999,1.365,0,nan,141,0.0,141,0.02199999988079071
475,75,4,-0.7650000000000001,1.365,0,nan,141,0.0,141,0.02199999988079071
476,76,4,-0.7949999999999999,1.365,0,nan,141,0.0,141,0.02199999988079071
477,77,4,-0.8249999999999997,1.365,0,nan,141,0.0,141,0.02199999988079071
478,78,4,-0.855,1.365,0,nan,141,0.0,141,0.02199999988079071
479,79,4,-0.8849999999999998,1.365,0,nan,141,0.0,141,0.02199999988079071
480,80,4,-0.915,1.365,0,nan,141,0.0,141,0.02199999988079071
481,81,4,-0.9449999999999998,1.365,0,nan,141,0.0,141,0.02199999988079071
482,82,4,-0.9750000000000001,1.365,0,nan,141,0.0,141,0.02199999988079071
483,83,4,-1.005,1.365,0,nan,141,0.0,141,0.02199999988079071
484,84,4,-1.0349999999999997,1.365,0,nan,141,0.0,141,0.02199999988079071
485,85,4,-1.065,1.365,0,nan,141,0.0,141,0.02199999988079071
486,86,4,-1.0949999999999998,1.365,0,nan,141,0.0,141,0.02199999988079071
487,87,4,-1.125,1.365,0,nan,141,0.0,141,0.02199999988079071
488,88,4,-1.1549999999999998,1.365,0,nan,141,0.0,141,0.02199999988079071
489,89,4,-1.185,1.365,0,nan,141,0.0,141,0.02199999988079071
490,90,4,-1.2149999999999999,1.365,0,nan,141,0.0,141,0.02199999988079071
491,91,4,-1.245,1.365,0,nan,141,0.0,141,0.02199999988079071
492,92,4,-1.275,1.365,0,nan,141,0.0,141,0.02199999988079071
493,93,4,-1.3049999999999997,1.365,0,nan,141,0.0,141,0.02199999988079071
494,94,4,-1.335,1.365,0,nan,141,0.0,141,0.02199999988079071
495,95,4,-1.3649999999999998,1.365,0,nan,141,0.0,141,0.02199999988079071
496,96,4,-1.395,1.365,0,nan,141,0.0,141,0.02199999988079071
497,97,4,-1.4249999999999998,1.365,0,nan,141,0.0,141,0.0
498,98,4,-1.455,1.365,0,nan,141,0.0,141,0.0
499,99,4,-1.4849999999999999,1.365,0,nan,141,0.0,141,0.0
500,0,5,1.485,1.335,0,nan,141,0.0,141,0.0
501,1,5,1.455,1.335,0,nan,141,0.0,141,0.0
502,2,5,1.425,1.335,0,nan,141,0.0,141,0.0
503,3,5,1.395,1.335,0,nan,141,0.0,141,0.02199999988079071
504,4,5,1.365,1.335,0,nan,141,0.0,141,0.02199999988079071
505,5,5,1.335,1.335,0,nan,141,0.0,141,0.02199999988079071
506,6,5,1.305,1.335,0,nan,141,0.0,141,0.02199999988079071
507,7,5,1.275,1.335,0,nan,141,0.0,141,0.02199999988079071
508,8,5,1.245,1.335,0,nan,141,0.0,141,0.02199999988079071
509,9,5,1.215,1.335,0,nan,141,0.0,141,0.02199999988079071
510,10,5,1.185,1.335,0,nan,141,0.0,141,0.02199999988079071
511,11,5,1.155,1.335,0,nan,141,0.0,141,0.02199999988079071
512,12,5,1.125,1.335,0,nan,141,0.0,141,0.02199999988079071
513,13,5,1.095,1.335,0,nan,141,0.0,141,0.02199999988079071
514,14,5,1.065,1.335,0,nan,141,0.0,141,0.02199999988079071
515,15,5,1.0350000000000001,1.335,0,nan,141,0.0,141,0.02199999988079071
516,16,5,1.005,1.335,0,nan,141,0.0,141,0.02199999988079071
517,17,5,0.975,1.335,0,nan,141,0.0,141,0.02199999988079071
518,18,5,0.9450000000000001,1.335,0,nan,141,0.0,141,0.02199999988079071
519,19,5,0.915,1.335,0,nan,141,0.0,141,0.02199999988079071
520,20,5,0.885,1.335,0,nan,141,0.0,141,0.02199999988079071
521,21,5,0.855,1.335,0,nan,141,0.0,141,0.02199999988079071
522,22,5,0.8250000000000001,1.335,0,nan,141,0.0,141,0.02199999988079071
523,23,5,0.795,1.335,0,nan,141,0.0,141,0.02199999988079071
524,24,5,0.765,1.335,0,nan,141,0.0,141,0.02199999988079071
525,25,5,0.735,1.335,0,nan,141,0.0,141,0.02199999988079071
526,26,5,0.7050000000000001,1.335,0,nan,141,0.0,141,0.02199999988079071
527,27,5,0.675,1.335,0,nan,141,0.0,141,0.02199999988079071
528,28,5,0.645,1.335,0,nan,141,0.0,141,0.02199999988079071
529,29,5,0.615,1.335,0,nan,141,0.0,141,0.02199999988079071
530,30,5,0.5850000000000001,1.335,0,nan,141,0.0,141,0.02199999988079071
531,31,5,0.555,1.335,0,nan,141,0.0,141,0.02199999988079071
532,32,5,0.525,1.335,0,nan,141,0.0,141,0.02199999988079071
533,33,5,0.4950000000000001,1.335,0,nan,141,0.0,141,0.02199999988079071
534,34,5,0.4650000000000001,1.335,0,nan,141,0.0,141,0.02199999988079071
535,35,5,0.43500000000000005,1.335,0,nan,141,0.0,141,0.02199999988079071
536,36,5,0.405,1.335,0,nan,141,0.0,141,0.02199999988079071
537,37,5,0.375,1.335,0,nan,141,0.0,141,0.02199999988079071
538,38,5,0.345,1.335,0,nan,141,0.0,141,0.02199999988079071
539,39,5,0.31499999999999995,1.335,0,nan,141,0.0,141,0.02199999988079071
540,40,5,0.28500000000000014,1.335,0,nan,141,0.0,141,0.02199999988079071
541,41,5,0.2550000000000001,1.335,0,nan,141,0.0,141,0.02199999988079071
542,42,5,0.2250000000000001,1.335,0,nan,141,0.0,141,0.02199999988079071
543,43,5,0.19500000000000006,1.335,0,nan,141,0.0,141,0.02199999988079071
544,44,5,0.16500000000000004,1.335,0,nan,141,0.0,141,0.02199999988079071
545,45,5,0.135,1.335,0,nan,141,0.0,141,0.02199999988079071
546,46,5,0.10499999999999998,1.335,0,nan,141,0.0,141,0.02199999988079071
547,47,5,0.07499999999999996,1.335,0,nan,141,0.0,141,0.02199999988079071
548,48,5,0.04500000000000015,1.335,0,nan,141,0.0,141,0.02199999988079071
549,49,5,0.015000000000000124,1.335,0,nan,141,0.0,141,0.02199999988079071
550,50,5,-0.014999999999999902,1.335,0,nan,141,0.0,141,0.02199999988079071
551,51,5,-0.04499999999999993,1.335,0,nan,141,0.0,141,0.02199999988079071
552,52,5,-0.07499999999999996,1.335,0,nan,141,0.0,141,0.02199999988079071
553,53,5,-0.10499999999999998,1.335,0,nan,141,0.0,141,0.02199999988079071
554,54,5,-0.135,1.335,0,nan,141,0.0,141,0.02199999988079071
555,55,5,-0.16500000000000004,1.335,0,nan,141,0.0,141,0.02199999988079071
556,56,5,-0.19499999999999984,1.335,0,nan,141,0.0,141,0.02199999988079071
557,57,5,-0.22499999999999987,1.335,0,nan,141,0.0,141,0.02199999988079071
558,58,5,-0.2549999999999999,1.335,0,nan,141,0.0,141,0.02199999988079071
559,59,5,-0.2849999999999999,1.335,0,nan,141,0.0,141,0.02199999988079071
560,60,5,-0.31499999999999995,1.335,0,nan,141,0.0,141,0.02199999988079071
561,61,5,-0.345,1.335,0,nan,141,0.0,141,0.02199999988079071
562,62,5,-0.375,1.335,0,nan,141,0.0,141,0.02199999988079071
563,63,5,-0.405,1.335,0,nan,141,0.0,141,0.02199999988079071
564,64,5,-0.43499999999999983,1.335,0,nan,141,0.0,141,0.02199999988079071
565,65,5,-0.46499999999999986,1.335,0,nan,141,0.0,141,0.02199999988079071
566,66,5,-0.4949999999999999,1.335,0,nan,141,0.0,141,0.02199999988079071
567,67,5,-0.5249999999999999,1.335,0,nan,141,0.0,141,0.02199999988079071
568,68,5,-0.5549999999999997,1.335,0,nan,141,0.0,141,0.02199999988079071
569,69,5,-0.585,1.335,0,nan,141,0.0,141,0.02199999988079071
570,70,5,-0.6149999999999998,1.335,0,nan,141,0.0,141,0.02199999988079071
571,71,5,-0.645,1.335,0,nan,141,0.0,141,0.02199999988079071
572,72,5,-0.6749999999999998,1.335,0,nan,141,0.0,141,0.02199999988079071
573,73,5,-0.7050000000000001,1.335,0,nan,141,0.0,141,0.02199999988079071
574,74,5,-0.7349999999999999,1.335,0,nan,141,0.0,141,0.02199999988079071
575,75,5,-0.7650000000000001,1.335,0,nan,141,0.0,141,0.02199999988079071
576,76,5,-0.7949999999999999,1.335,0,nan,141,0.0,141,0.02199999988079071
577,77,5,-0.8249999999999997,1.335,0,nan,141,0.0,141,0.02199999988079071
578,78,5,-0.855,1.335,0,nan,141,0.0,141,0.02199999988079071
579,79,5,-0.8849999999999998,1.335,0,nan,141,0.0,141,0.02199999988079071
580,80,5,-0.915,1.335,0,nan,141,0.0,141,0.02199999988079071
581,81,5,-0.9449999999999998,1.335,0,nan,141,0.0,141,0.02199999988079071
582,82,5,-0.9750000000000001,1.335,0,nan,141,0.0,141,0.02199999988079071
583,83,5,-1.005,1.335,0,nan,141,0.0,141,0.02199999988079071
584,84,5,-1.0349999999999997,1.335,0,nan,141,0.0,141,0.02199999988079071
585,85,5,-1.065,1.335,0,nan,141,0.0,141,0.02199999988079071
586,86,5,-1.0949999999999998,1.335,0,nan,141,0.0,141,0.02199999988079071
587,87,5,-1.125,1.335,0,nan,141,0.0,141,0.02199999988079071
588,88,5,-1.1549999999999998,1.335,0,nan,141,0.0,141,0.02199999988079071
589,89,5,-1.185,1.335,0,nan,141,0.0,141,0.02199999988079071
590,90,5,-1.2149999999999999,1.335,0,nan,141,0.0,141,0.02199999988079071
591,91,5,-1.245,1.335,0,nan,141,0.0,141,0.02199999988079071
592,92,5,-1.275,1.335,0,nan,141,0.0,141,0.02199999988079071
593,93,5,-1.3049999999999997,1.335,0,nan,141,0.0,141,0.02199999988079071
594,94,5,-1.335,1.335,0,nan,141,0.0,141,0.02199999988079071
595,95,5,-1.3649999999999998,1.335,0,nan,141,0.0,141,0.02199999988079071
596,96,5,-1.395,1.335,0,nan,141,0.0,141,0.02199999988079071
597,97,5,-1.4249999999999998,1.335,0,nan,141,0.0,141,0.0
598,98,5,-1.455,1.335,0,nan,141,0.0,141,0.0
599,99,5,-1.4849999999999999,1.335,0,nan,141,0.0,141,0.0
600,0,6,1.485,1.305,0,nan,141,0.0,141,0.0
601,1,6,1.455,1.305,0,nan,141,0.0,141,0.0
602,2,6,1.425,1.305,0,nan,141,0.0,141,0.0
603,3,6,1.395,1.305,0,nan,141,0.0,141,0.02199999988079071
604,4,6,1.365,1.305,0,nan,141,0.0,141,0.02199999988079071
605,5,6,1.335,1.305,0,nan,141,0.0,141,0.02199999988079071
606,6,6,1.305,1.305,0,nan,141,0.0,141,0.02199999988079071
607,7,6,1.275,1.305,0,nan,141,0.0,141,0.02199999988079071
608,8,6,1.245,1.305,0,nan,141,0.0,141,0.02199999988079071
609,9,6,1.215,1.305,0,nan,141,0.0,141,0.02199999988079071
610,10,6,1.185,1.305,0,nan,141,0.0,141,0.02199999988079071
611,11,6,1.155,1.305,0,nan,141,0.0,141,0.02199999988079071
612,12,6,1.125,1.305,0,nan,141,0.0,141,0.02199999988079071
613,13,6,1.095,1.305,0,nan,141,0.0,141,0.02199999988079071
614,14,6,1.065,1.305,0,nan,141,0.0,141,0.02199999988079071
615,15,6,1.0350000000000001,1.305,0,nan,141,0.0,141,0.02199999988079071
616,16,6,1.005,1.305,0,nan,141,0.0,141,0.02199999988079071
617,17,6,0.975,1.305,0,nan,141,0.0,141,0.02199999988079071
618,18,6,0.9450000000000001,1.305,0,nan,141,0.0,141,0.02199999988079071
619,19,6,0.915,1.305,0,nan,141,0.0,141,0.02199999988079071
620,20,6,0.885,1.305,0,nan,141,0.0,141,0.02199999988079071
621,21,6,0.855,1.305,0,nan,141,0.0,141,0.02199999988079071
622,22,6,0.8250000000000001,1.305,0,nan,141,0.0,141,0.02199999988079071
623,23,6,0.795,1.305,0,nan,141,0.0,141,0.02199999988079071
624,24,6,0.765,1.305,0,nan,141,0.0,141,0.02199999988079071
625,25,6,0.735,1.305,0,nan,141,0.0,141,0.02199999988079071
626,26,6,0.7050000000000001,1.305,0,nan,141,0.0,141,0.02199999988079071
627,27,6,0.675,1.305,0,nan,141,0.0,141,0.02199999988079071
628,28,6,0.645,1.305,0,nan,141,0.0,141,0.02199999988079071
629,29,6,0.615,1.305,0,nan,141,0.0,141,0.02199999988079071
630,30,6,0.5850000000000001,1.305,0,nan,141,0.0,141,0.02199999988079071
631,31,6,0.555,1.305,0,nan,141,0.0,141,0.02199999988079071
632,32,6,0.525,1.305,0,nan,141,0.0,141,0.02199999988079071
633,33,6,0.4950000000000001,1.305,0,nan,141,0.0,141,0.02199999988079071
634,34,6,0.4650000000000001,1.305,0,nan,141,0.0,141,0.02199999988079071
635,35,6,0.43500000000000005,1.305,0,nan,141,0.0,141,0.02199999988079071
636,36,6,0.405,1.305,0,nan,141,0.0,141,0.02199999988079071
637,37,6,0.375,1.305,0,nan,141,0.0,141,0.02199999988079071
638,38,6,0.345,1.305,0,nan,141,0.0,141,0.02199999988079071
639,39,6,0.31499999999999995,1.305,0,nan,141,0.0,141,0.02199999988079071
640,40,6,0.28500000000000014,1.305,0,nan,141,0.0,141,0.02199999988079071
641,41,6,0.2550000000000001,1.305,0,nan,141,0.0,141,0.02199999988079071
642,42,6,0.2250000000000001,1.305,0,nan,141,0.0,141,0.02199999988079071
643,43,6,0.19500000000000006,1.305,0,nan,141,0.0,141,0.02199999988079071
644,44,6,0.16500000000000004,1.305,0,nan,141,0.0,141,0.02199999988079071
645,45,6,0.135,1.305,0,nan,141,0.0,141,0.02199999988079071
646,46,6,0.10499999999999998,1.305,0,nan,141,0.0,141,0.02199999988079071
647,47,6,0.07499999999999996,1.305,0,nan,141,0.0,141,0.02199999988079071
648,48,6,0.04500000000000015,1.305,0,nan,141,0.0,141,0.02199999988079071
649,49,6,0.015000000000000124,1.305,0,nan,141,0.0,141,0.02199999988079071
650,50,6,-0.014999999999999902,1.305,0,nan,141,0.0,141,0.02199999988079071
651,51,6,-0.04499999999999993,1.305,0,nan,141,0.0,141,0.02199999988079071
652,52,6,-0.07499999999999996,1.305,0,nan,141,0.0,141,0.02199999988079071
653,53,6,-0.10499999999999998,1.305,0,nan,141,0.0,141,0.02199999988079071
654,54,6,-0.135,1.305,0,nan,141,0.0,141,0.02199999988079071
655,55,6,-0.16500000000000004,1.305,0,nan,141,0.0,141,0.02199999988079071
656,56,6,-0.19499999999999984,1.305,0,nan,141,0.0,141,0.02199999988079071
657,57,6,-0.22499999999999987,1.305,0,nan,141,0.0,141,0.02199999988079071
658,58,6,-0.2549999999999999,1.305,0,nan,141,0.0,141,0.02199999988079071
659,59,6,-0.2849999999999999,1.305,0,nan,141,0.0,141,0.02199999988079071
660,60,6,-0.31499999999999995,1.305,0,nan,141,0.0,141,0.02199999988079071
661,61,6,-0.345,1.305,0,nan,141,0.0,141,0.02199999988079071
662,62,6,-0.375,1.305,0,nan,141,0.0,141,0.02199999988079071
663,63,6,-0.405,1.305,0,nan,141,0.0,141,0.02199999988079071
664,64,6,-0.43499999999999983,1.305,0,nan,141,0.0,141,0.02199999988079071
665,65,6,-0.46499999999999986,1.305,0,nan,141,0.0,141,0.02199999988079071
666,66,6,-0.4949999999999999,1.305,0,nan,141,0.0,141,0.02199999988079071
667,67,6,-0.5249999999999999,1.305,0,nan,141,0.0,141,0.02199999988079071
668,68,6,-0.5549999999999997,1.305,0,nan,141,0.0,141,0.02199999988079071
669,69,6,-0.585,1.305,0,nan,141,0.0,141,0.02199999988079071
670,70,6,-0.6149999999999998,1.305,0,nan,141,0.0,141,0.02199999988079071
671,71,6,-0.645,1.305,0,nan,141,0.0,141,0.02199999988079071
672,72,6,-0.6749999999999998,1.305,0,nan,141,0.0,141,0.02199999988079071
673,73,6,-0.7050000000000001,1.305,0,nan,141,0.0,141,0.02199999988079071
674,74,6,-0.7349999999999999,1.305,0,nan,141,0.0,141,0.02199999988079071
675,75,6,-0.7650000000000001,1.305,0,nan,141,0.0,141,0.02199999988079071
676,76,6,-0.7949999999999999,1.305,0,nan,141,0.0,141,0.02199999988079071
677,77,6,-0.8249999999999997,1.305,0,nan,141,0.0,141,0.02199999988079071
678,78,6,-0.855,1.305,0,nan,141,0.0,141,0.02199999988079071
679,79,6,-0.8849999999999998,1.305,0,nan,141,0.0,141,0.02199999988079071
680,80,6,-0.915,1.305,0,nan,141,0.0,141,0.02199999988079071
681,81,6,-0.9449999999999998,1.305,0,nan,141,0.0,141,0.02199999988079071
682,82,6,-0.9750000000000001,1.305,0,nan,141,0.0,141,0.02199999988079071
683,83,6,-1.005,1.305,0,nan,141,0.0,141,0.02199999988079071
684,84,6,-1.0349999999999997,1.305,0,nan,141,0.0,141,0.02199999988079071
685,85,6,-1.065,1.305,0,nan,141,0.0,141,0.02199999988079071
686,86,6,-1.0949999999999998,1.305,0,nan,141,0.0,141,0.02199999988079071
687,87,6,-1.125,1.305,0,nan,141,0.0,141,0.02199999988079071
688,88,6,-1.1549999999999998,1.305,0,nan,141,0.0,141,0.02199999988079071
689,89,6,-1.185,1.305,0,nan,141,0.0,141,0.02199999988079071
690,90,6,-1.2149999999999999,1.305,0,nan,141,0.0,141,0.02199999988079071
691,91,6,-1.245,1.305,0,nan,141,0.0,141,0.02199999988079071
692,92,6,-1.275,1.305,0,nan,141,0.0,141,0.02199999988079071
693,93,6,-1.3049999999999997,1.305,0,nan,141,0.0,141,0.02199999988079071
694,94,6,-1.335,1.305,0,nan,141,0.0,141,0.02199999988079071
695,95,6,-1.3649999999999998,1.305,0,nan,141,0.0,141,0.02199999988079071
696,96,6,-1.395,1.305,0,nan,141,0.0,141,0.02199999988079071
697,97,6,-1.4249999999999998,1.305,0,nan,141,0.0,141,0.0
698,98,6,-1.455,1.305,0,nan,141,0.0,141,0.0
699,99,6,-1.4849999999999999,1.305,0,nan,141,0.0,141,0.0
700,0,7,1.485,1.275,0,nan,141,0.0,141,0.0
701,1,7,1.455,1.275,0,nan,141,0.0,141,0.0
702,2,7,1.425,1.275,0,nan,141,0.0,141,0.0
703,3,7,1.395,1.275,0,nan,141,0.0,141,0.02199999988079071
704,4,7,1.365,1.275,0,nan,141,0.0,141,0.02199999988079071
705,5,7,1.335,1.275,0,nan,141,0.0,141,0.02199999988079071
706,6,7,1.305,1.275,0,nan,141,0.0,141,0.02199999988079071
707,7,7,1.275,1.275,0,nan,141,0.0,141,0.02199999988079071
708,8,7,1.245,1.275,0,nan,141,0.0,141,0.02199999988079071
709,9,7,1.215,1.275,0,nan,141,0.0,141,0.02199999988079071
710,10,7,1.185,1.275,0,nan,141,0.0,141,0.02199999988079071
711,11,7,1.155,1.275,0,nan,141,0.0,141,0.02199999988079071
712,12,7,1.125,1.275,0,nan,141,0.0,141,0.02199999988079071
713,13,7,1.095,1.275,0,nan,141,0.0,141,0.02199999988079071
714,14,7,1.065,1.275,0,nan,141,0.0,141,0.02199999988079071
715,15,7,1.0350000000000001,1.275,0,nan,141,0.0,141,0.02199999988079071
716,16,7,1.005,1.275,0,nan,141,0.0,141,0.02199999988079071
717,17,7,0.975,1.275,0,nan,141,0.0,141,0.02199999988079071
718,18,7,0.9450000000000001,1.275,0,nan,141,0.0,141,0.02199999988079071
719,19,7,0.915,1.275,0,nan,141,0.0,141,0.02199999988079071
720,20,7,0.885,1.275,0,nan,141,0.0,141,0.02199999988079071
721,21,7,0.855,1.275,0,nan,141,0.0,141,0.02199999988079071
722,22,7,0.8250000000000001,1.275,0,nan,141,0.0,141,0.02199999988079071
723,23,7,0.795,1.275,0,nan,141,0.0,141,0.02199999988079071
724,24,7,0.765,1.275,0,nan,141,0.0,141,0.02199999988079071
725,25,7,0.735,1.275,0,nan,141,0.0,141,0.02199999988079071
726,26,7,0.7050000000000001,1.275,0,nan,141,0.0,141,0.02199999988079071
727,27,7,0.675,1.275,0,nan,141,0.0,141,0.02199999988079071
728,28,7,0.645,1.275,0,nan,141,0.0,141,0.02199999988079071
729,29,7,0.615,1.275,0,nan,141,0.0,141,0.02199999988079071
730,30,7,0.5850000000000001,1.275,0,nan,141,0.0,141,0.02199999988079071
731,31,7,0.555,1.275,0,nan,141,0.0,141,0.02199999988079071
732,32,7,0.525,1.275,0,nan,141,0.0,141,0.02199999988079071
733,33,7,0.4950000000000001,1.275,0,nan,141,0.0,141,0.02199999988079071
734,34,7,0.4650000000000001,1.275,0,nan,141,0.0,141,0.02199999988079071
735,35,7,0.43500000000000005,1.275,0,nan,141,0.0,141,0.02199999988079071
736,36,7,0.405,1.275,0,nan,141,0.0,141,0.02199999988079071
737,37,7,0.375,1.275,0,nan,141,0.0,141,0.02199999988079071
738,38,7,0.345,1.275,0,nan,141,0.0,141,0.02199999988079071
739,39,7,0.31499999999999995,1.275,0,nan,141,0.0,141,0.02199999988079071
740,40,7,0.28500000000000014,1.275,0,nan,141,0.0,141,0.02199999988079071
741,41,7,0.2550000000000001,1.275,0,nan,141,0.0,141,0.02199999988079071
742,42,7,0.2250000000000001,1.275,0,nan,141,0.0,141,0.02199999988079071
743,43,7,0.19500000000000006,1.275,0,nan,141,0.0,141,0.02199999988079071
744,44,7,0.16500000000000004,1.275,0,nan,141,0.0,141,0.02199999988079071
745,45,7,0.135,1.275,0,nan,141,0.0,141,0.02199999988079071
746,46,7,0.10499999999999998,1.275,0,nan,141,0.0,141,0.02199999988079071
747,47,7,0.07499999999999996,1.275,0,nan,141,0.0,141,0.02199999988079071
748,48,7,0.04500000000000015,1.275,0,nan,141,0.0,141,0.02199999988079071
749,49,7,0.015000000000000124,1.275,0,nan,141,0.0,141,0.02199999988079071
750,50,7,-0.014999999999999902,1.275,0,nan,141,0.0,141,0.02199999988079071
751,51,7,-0.04499999999999993,1.275,0,nan,141,0.0,141,0.02199999988079071
752,52,7,-0.07499999999999996,1.275,0,nan,141,0.0,141,0.02199999988079071
753,53,7,-0.10499999999999998,1.275,0,nan,141,0.0,141,0.02199999988079071
754,54,7,-0.135,1.275,0,nan,141,0.0,141,0.02199999988079071
755,55,7,-0.16500000000000004,1.275,0,nan,141,0.0,141,0.02199999988079071
756,56,7,-0.19499999999999984,1.275,0,nan,141,0.0,141,0.02199999988079071
757,57,7,-0.22499999999999987,1.275,0,nan,141,0.0,141,0.02199999988079071
758,58,7,-0.2549999999999999,1.275,0,nan,141,0.0,141,0.02199999988079071
759,59,7,-0.2849999999999999,1.275,0,nan,141,0.0,141,0.02199999988079071
760,60,7,-0.31499999999999995,1.275,0,nan,141,0.0,141,0.02199999988079071
761,61,7,-0.345,1.275,0,nan,141,0.0,141,0.02199999988079071
762,62,7,-0.375,1.275,0,nan,141,0.0,141,0.02199999988079071
763,63,7,-0.405,1.275,0,nan,141,0.0,141,0.02199999988079071
764,64,7,-0.43499999999999983,1.275,0,nan,141,0.0,141,0.02199999988079071
765,65,7,-0.46499999999999986,1.275,0,nan,141,0.0,141,0.02199999988079071
766,66,7,-0.4949999999999999,1.275,0,nan,141,0.0,141,0.02199999988079071
767,67,7,-0.5249999999999999,1.275,0,nan,141,0.0,141,0.02199999988079071
768,68,7,-0.5549999999999997,1.275,0,nan,141,0.0,141,0.02199999988079071
769,69,7,-0.585,1.275,0,nan,141,0.0,141,0.02199999988079071
770,70,7,-0.6149999999999998,1.275,0,nan,141,0.0,141,0.02199999988079071
771,71,7,-0.645,1.275,0,nan,141,0.0,141,0.02199999988079071
772,72,7,-0.6749999999999998,1.275,0,nan,141,0.0,141,0.02199999988079071
773,73,7,-0.7050000000000001,1.275,0,nan,141,0.0,141,0.02199999988079071
774,74,7,-0.7349999999999999,1.275,0,nan,141,0.0,141,0.02199999988079071
775,75,7,-0.7650000000000001,1.275,0,nan,141,0.0,141,0.02199999988079071
776,76,7,-0.7949999999999999,1.275,0,nan,141,0.0,141,0.02199999988079071
777,77,7,-0.8249999999999997,1.275,0,nan,141,0.0,141,0.02199999988079071
778,78,7,-0.855,1.275,0,nan,141,0.0,141,0.02199999988079071
779,79,7,-0.8849999999999998,1.275,0,nan,141,0.0,141,0.02199999988079071
780,80,7,-0.915,1.275,0,nan,141,0.0,141,0.02199999988079071
781,81,7,-0.9449999999999998,1.275,0,nan,141,0.0,141,0.02199999988079071
782,82,7,-0.9750000000000001,1.275,0,nan,141,0.0,141,0.02199999988079071
783,83,7,-1.005,1.275,0,nan,141,0.0,141,0.02199999988079071
784,84,7,-1.0349999999999997,1.275,0,nan,141,0.0,141,0.02199999988079071
785,85,7,-1.065,1.275,0,nan,141,0.0,141,0.02199999988079071
786,86,7,-1.0949999999999998,1.275,0,nan,141,0.0,141,0.02199999988079071
787,87,7,-1.125,1.275,0,nan,141,0.0,141,0.02199999988079071
788,88,7,-1.1549999999999998,1.275,0,nan,141,0.0,141,0.02199999988079071
789,89,7,-1.185,1.275,0,nan,141,0.0,141,0.02199999988079071
790,90,7,-1.2149999999999999,1.275,0,nan,141,0.0,141,0.02199999988079071
791,91,7,-1.245,1.275,0,nan,141,0.0,141,0.02199999988079071
792,92,7,-1.275,1.275,0,nan,141,0.0,141,0.02199999988079071
793,93,7,-1.3049999999999997,1.275,0,nan,141,0.0,141,0.02199999988079071
794,94,7,-1.335,1.275,0,nan,141,0.0,141,0.02199999988079071
795,95,7,-1.3649999999999998,1.275,0,nan,141,0.0,141,0.02199999988079071
796,96,7,-1.395,1.275,0,nan,141,0.0,141,0.02199999988079071
797,97,7,-1.4249999999999998,1.275,0,nan,141,0.0,141,0.0
798,98,7,-1.455,1.275,0,nan,141,0.0,141,0.0
799,99,7,-1.4849999999999999,1.275,0,nan,141,0.0,141,0.0
800,0,8,1.485,1.245,0,nan,141,0.0,141,0.0
801,1,8,1.455,1.245,0,nan,141,0.0,141,0.0
802,2,8,1.425,1.245,0,nan,141,0.0,141,0.0
803,3,8,1.395,1.245,0,nan,141,0.0,141,0.02199999988079071
804,4,8,1.365,1.245,0,nan,141,0.0,141,0.02199999988079071
805,5,8,1.335,1.245,0,nan,141,0.0,141,0.02199999988079071
806,6,8,1.305,1.245,0,nan,141,0.0,141,0.02199999988079071
807,7,8,1.275,1.245,0,nan,141,0.0,141,0.02199999988079071
808,8,8,1.245,1.245,0,nan,141,0.0,141,0.02199999988079071
809,9,8,1.215,1.245,0,nan,141,0.0,141,0.02199999988079071
810,10,8,1.185,1.245,0,nan,141,0.0,141,0.02199999988079071
811,11,8,1.155,1.245,0,nan,141,0.0,141,0.02199999988079071
812,12,8,1.125,1.245,0,nan,141,0.0,141,0.02199999988079071
813,13,8,1.095,1.245,0,nan,141,0.0,141,0.02199999988079071
814,14,8,1.065,1.245,0,nan,141,0.0,141,0.02199999988079071
815,15,8,1.0350000000000001,1.245,0,nan,141,0.0,141,0.02199999988079071
816,16,8,1.005,1.245,0,nan,141,0.0,141,0.02199999988079071
817,17,8,0.975,1.245,0,nan,141,0.0,141,0.02199999988079071
818,18,8,0.9450000000000001,1.245,0,nan,141,0.0,141,0.02199999988079071
819,19,8,0.915,1.245,0,nan,141,0.0,141,0.02199999988079071
820,20,8,0.885,1.245,0,nan,141,0.0,141,0.02199999988079071
821,21,8,0.855,1.245,0,nan,141,0.0,141,0.02199999988079071
822,22,8,0.8250000000000001,1.245,0,nan,141,0.0,141,0.02199999988079071
823,23,8,0.795,1.245,0,nan,141,0.0,141,0.02199999988079071
824,24,8,0.765,1.245,0,nan,141,0.0,141,0.02199999988079071
825,25,8,0.735,1.245,0,nan,141,0.0,141,0.02199999988079071
826,26,8,0.7050000000000001,1.245,0,nan,141,0.0,141,0.02199999988079071
827,27,8,0.675,1.245,0,nan,141,0.0,141,0.02199999988079071
828,28,8,0.645,1.245,0,nan,141,0.0,141,0.02199999988079071
829,29,8,0.615,1.245,0,nan,141,0.0,141,0.02199999988079071
830,30,8,0.5850000000000001,1.245,0,nan,141,0.0,141,0.02199999988079071
831,31,8,0.555,1.245,0,nan,141,0.0,141,0.02199999988079071
832,32,8,0.525,1.245,0,nan,141,0.0,141,0.02199999988079071
833,33,8,0.4950000000000001,1.245,0,nan,141,0.0,141,0.02199999988079071
834,34,8,0.4650000000000001,1.245,0,nan,141,0.0,141,0.02199999988079071
835,35,8,0.43500000000000005,1.245,0,nan,141,0.0,141,0.02199999988079071
836,36,8,0.405,1.245,0,nan,141,0.0,141,0.02199999988079071
837,37,8,0.375,1.245,0,nan,141,0.0,141,0.02199999988079071
838,38,8,0.345,1.245,0,nan,141,0.0,141,0.02199999988079071
839,39,8,0.31499999999999995,1.245,0,nan,141,0.0,141,0.02199999988079071
840,40,8,0.28500000000000014,1.245,0,nan,141,0.0,141,0.02199999988079071
841,41,8,0.2550000000000001,1.245,0,nan,141,0.0,141,0.02199999988079071
842,42,8,0.2250000000000001,1.245,0,nan,141,0.0,141,0.02199999988079071
843,43,8,0.19500000000000006,1.245,0,nan,141,0.0,141,0.02199999988079071
844,44,8,0.16500000000000004,1.245,0,nan,141,0.0,141,0.02199999988079071
845,45,8,0.135,1.245,0,nan,141,0.0,141,0.02199999988079071
846,46,8,0.10499999999999998,1.245,0,nan,141,0.0,141,0.02199999988079071
847,47,8,0.07499999999999996,1.245,0,nan,141,0.0,141,0.02199999988079071
848,48,8,0.04500000000000015,1.245,0,nan,141,0.0,141,0.02199999988079071
849,49,8,0.015000000000000124,1.245,0,nan,141,0.0,141,0.02199999988079071
850,50,8,-0.014999999999999902,1.245,0,nan,141,0.0,141,0.02199999988079071
851,51,8,-0.04499999999999993,1.245,0,nan,141,0.0,141,0.02199999988079071
852,52,8,-0.07499999999999996,1.245,0,nan,141,0.0,141,0.02199999988079071
853,53,8,-0.10499999999999998,1.245,0,nan,141,0.0,141,0.02199999988079071
854,54,8,-0.135,1.245,0,nan,141,0.0,141,0.02199999988079071
855,55,8,-0.16500000000000004,1.245,0,nan,141,0.0,141,0.02199999988079071
856,56,8,-0.19499999999999984,1.245,0,nan,141,0.0,141,0.02199999988079071
857,57,8,-0.22499999999999987,1.245,0,nan,141,0.0,141,0.02199999988079071
858,58,8,-0.2549999999999999,1.245,0,nan,141,0.0,141,0.02199999988079071
859,59,8,-0.2849999999999999,1.245,0,nan,141,0.0,141,0.02199999988079071
860,60,8,-0.31499999999999995,1.245,0,nan,141,0.0,141,0.02199999988079071
861,61,8,-0.345,1.245,0,nan,141,0.0,141,0.02199999988079071
862,62,8,-0.375,1.245,0,nan,141,0.0,141,0.02199999988079071
863,63,8,-0.405,1.245,0,nan,141,0.0,141,0.02199999988079071
864,64,8,-0.43499999999999983,1.245,0,nan,141,0.0,141,0.02199999988079071
865,65,8,-0.46499999999999986,1.245,0,nan,141,0.0,141,0.02199999988079071
866,66,8,-0.4949999999999999,1.245,0,nan,141,0.0,141,0.02199999988079071
867,67,8,-0.5249999999999999,1.245,0,nan,141,0.0,141,0.02199999988079071
868,68,8,-0.5549999999999997,1.245,0,nan,141,0.0,141,0.02199999988079071
869,69,8,-0.585,1.245,0,nan,141,0.0,141,0.02199999988079071
870,70,8,-0.6149999999999998,1.245,0,nan,141,0.0,141,0.02199999988079071
871,71,8,-0.645,1.245,0,nan,141,0.0,141,0.02199999988079071
872,72,8,-0.6749999999999998,1.245,0,nan,141,0.0,141,0.02199999988079071
873,73,8,-0.7050000000000001,1.245,0,nan,141,0.0,141,0.02199999988079071
874,74,8,-0.7349999999999999,1.245,0,nan,141,0.0,141,0.02199999988079071
875,75,8,-0.7650000000000001,1.245,0,nan,141,0.0,141,0.02199999988079071
876,76,8,-0.7949999999999999,1.245,0,nan,141,0.0,141,0.02199999988079071
877,77,8,-0.8249999999999997,1.245,0,nan,141,0.0,141,0.02199999988079071
878,78,8,-0.855,1.245,0,nan,141,0.0,141,0.02199999988079071
879,79,8,-0.8849999999999998,1.245,0,nan,141,0.0,141,0.02199999988079071
880,80,8,-0.915,1.245,0,nan,141,0.0,141,0.02199999988079071
881,81,8,-0.9449999999999998,1.245,0,nan,141,0.0,141,0.02199999988079071
882,82,8,-0.9750000000000001,1.245,0,nan,141,0.0,141,0.02199999988079071
883,83,8,-1.005,1.245,0,nan,141,0.0,141,0.02199999988079071
884,84,8,-1.0349999999999997,1.245,0,nan,141,0.0,141,0.02199999988079071
885,85,8,-1.065,1.245,0,nan,141,0.0,141,0.02199999988079071
886,86,8,-1.0949999999999998,1.245,0,nan,141,0.0,141,0.02199999988079071
887,87,8,-1.125,1.245,0,nan,141,0.0,141,0.02199999988079071
888,88,8,-1.1549999999999998,1.245,0,nan,141,0.0,141,0.02199999988079071
889,89,8,-1.185,1.245,0,nan,141,0.0,141,0.02199999988079071
890,90,8,-1.2149999999999999,1.245,0,nan,141,0.0,141,0.02199999988079071
891,91,8,-1.245,1.245,0,nan,141,0.0,141,0.02199999988079071
892,92,8,-1.275,1.245,0,nan,141,0.0,141,0.02199999988079071
893,93,8,-1.3049999999999997,1.245,0,nan,141,0.0,141,0.02199999988079071
894,94,8,-1.335,1.245,0,nan,141,0.0,141,0.02199999988079071
895,95,8,-1.3649999999999998,1.245,0,nan,141,0.0,141,0.02199999988079071
896,96,8,-1.395,1.245,0,nan,141,0.0,141,0.02199999988079071
897,97,8,-1.4249999999999998,1.245,0,nan,141,0.0,141,0.0
898,98,8,-1.455,1.245,0,nan,141,0.0,141,0.0
899,99,8,-1.4849999999999999,1.245,0,nan,141,0.0,141,0.0
900,0,9,1.485,1.215,0,nan,141,0.0,141,0.0
901,1,9,1.455,1.215,0,nan,141,0.0,141,0.0
902,2,9,1.425,1.215,0,nan,141,0.0,141,0.0
903,3,9,1.395,1.215,0,nan,141,0.0,141,0.02199999988079071
904,4,9,1.365,1.215,0,nan,141,0.0,141,0.02199999988079071
905,5,9,1.335,1.215,0,nan,141,0.0,141,0.02199999988079071
906,6,9,1.305,1.215,0,nan,141,0.0,141,0.02199999988079071
907,7,9,1.275,1.215,0,nan,141,0.0,141,0.02199999988079071
908,8,9,1.245,1.215,0,nan,141,0.0,141,0.02199999988079071
909,9,9,1.215,1.215,0,nan,141,0.0,141,0.02199999988079071
910,10,9,1.185,1.215,0,nan,141,0.0,141,0.02199999988079071
911,11,9,1.155,1.215,0,nan,141,0.0,141,0.02199999988079071
912,12,9,1.125,1.215,0,nan,141,0.0,141,0.02199999988079071
913,13,9,1.095,1.215,0,nan,141,0.0,141,0.02199999988079071
914,14,9,1.065,1.215,0,nan,141,0.0,141,0.02199999988079071
915,15,9,1.0350000000000001,1.215,0,nan,141,0.0,141,0.02199999988079071
916,16,9,1.005,1.215,0,nan,141,0.0,141,0.02199999988079071
917,17,9,0.975,1.215,0,nan,141,0.0,141,0.02199999988079071
918,18,9,0.9450000000000001,1.215,0,nan,141,0.0,141,0.02199999988079071
919,19,9,0.915,1.215,0,nan,141,0.0,141,0.02199999988079071
920,20,9,0.885,1.215,0,nan,141,0.0,141,0.02199999988079071
921,21,9,0.855,1.215,0,nan,141,0.0,141,0.02199999988079071
922,22,9,0.8250000000000001,1.215,0,nan,141,0.0,141,0.02199999988079071
923,23,9,0.795,1.215,0,nan,141,0.0,141,0.02199999988079071
924,24,9,0.765,1.215,0,nan,141,0.0,141,0.02199999988079071
925,25,9,0.735,1.215,0,nan,141,0.0,141,0.02199999988079071
926,26,9,0.7050000000000001,1.215,0,nan,141,0.0,141,0.02199999988079071
927,27,9,0.675,1.215,0,nan,141,0.0,141,0.02199999988079071
928,28,9,0.645,1.215,0,nan,141,0.0,141,0.02199999988079071
929,29,9,0.615,1.215,0,nan,141,0.0,141,0.02199999988079071
930,30,9,0.5850000000000001,1.215,0,nan,141,0.0,141,0.02199999988079071
931,31,9,0.555,1.215,0,nan,141,0.0,141,0.02199999988079071
932,32,9,0.525,1.215,0,nan,141,0.0,141,0.02199999988079071
933,33,9,0.4950000000000001,1.215,0,nan,141,0.0,141,0.02199999988079071
934,34,9,0.4650000000000001,1.215,0,nan,141,0.0,141,0.02199999988079071
935,35,9,0.43500000000000005,1.215,0,nan,141,0.0,141,0.02199999988079071
936,36,9,0.405,1.215,0,nan,141,0.0,141,0.02199999988079071
937,37,9,0.375,1.215,0,nan,141,0.0,141,0.02199999988079071
938,38,9,0.345,1.215,0,nan,141,0.0,141,0.02199999988079071
939,39,9,0.31499999999999995,1.215,0,nan,141,0.0,141,0.02199999988079071
940,40,9,0.28500000000000014,1.215,0,nan,141,0.0,141,0.02199999988079071
941,41,9,0.2550000000000001,1.215,0,nan,141,0.0,141,0.02199999988079071
942,42,9,0.2250000000000001,1.215,0,nan,141,0.0,141,0.02199999988079071
943,43,9,0.19500000000000006,1.215,0,nan,141,0.0,141,0.02199999988079071
944,44,9,0.16500000000000004,1.215,0,nan,141,0.0,141,0.02199999988079071
945,45,9,0.135,1.215,0,nan,141,0.0,141,0.02199999988079071
946,46,9,0.10499999999999998,1.215,0,nan,141,0.0,141,0.02199999988079071
947,47,9,0.07499999999999996,1.215,0,nan,141,0.0,141,0.02199999988079071
948,48,9,0.04500000000000015,1.215,0,nan,141,0.0,141,0.02199999988079071
949,49,9,0.015000000000000124,1.215,0,nan,141,0.0,141,0.02199999988079071
950,50,9,-0.014999999999999902,1.215,0,nan,141,0.0,141,0.02199999988079071
951,51,9,-0.04499999999999993,1.215,0,nan,141,0.0,141,0.02199999988079071
952,52,9,-0.07499999999999996,1.215,0,nan,141,0.0,141,0.02199999988079071
953,53,9,-0.10499999999999998,1.215,0,nan,141,0.0,141,0.02199999988079071
954,54,9,-0.135,1.215,0,nan,141,0.0,141,0.02199999988079071
955,55,9,-0.16500000000000004,1.215,0,nan,141,0.0,141,0.02199999988079071
956,56,9,-0.19499999999999984,1.215,0,nan,141,0.0,141,0.02199999988079071
957,57,9,-0.22499999999999987,1.215,0,nan,141,0.0,141,0.02199999988079071
958,58,9,-0.2549999999999999,1.215,0,nan,141,0.0,141,0.02199999988079071
959,59,9,-0.2849999999999999,1.215,0,nan,141,0.0,141,0.02199999988079071
960,60,9,-0.31499999999999995,1.215,0,nan,141,0.0,141,0.02199999988079071
961,61,9,-0.345,1.215,0,nan,141,0.0,141,0.02199999988079071
962,62,9,-0.375,1.215,0,nan,141,0.0,141,0.02199999988079071
963,63,9,-0.405,1.215,0,nan,141,0.0,141,0.02199999988079071
964,64,9,-0.43499999999999983,1.215,0,nan,141,0.0,141,0.02199999988079071
965,65,9,-0.46499999999999986,1.215,0,nan,141,0.0,141,0.02199999988079071
966,66,9,-0.4949999999999999,1.215,0,nan,141,0.0,141,0.02199999988079071
967,67,9,-0.5249999999999999,1.215,0,nan,141,0.0,141,0.02199999988079071
968,68,9,-0.5549999999999997,1.215,0,nan,141,0.0,141,0.02199999988079071
969,69,9,-0.585,1.215,0,nan,141,0.0,141,0.02199999988079071
970,70,9,-0.6149999999999998,1.215,0,nan,141,0.0,141,0.02199999988079071
971,71,9,-0.645,1.215,0,nan,141,0.0,141,0.02199999988079071
972,72,9,-0.6749999999999998,1.215,0,nan,141,0.0,141,0.02199999988079071
973,73,9,-0.7050000000000001,1.215,0,nan,141,0.0,141,0.02199999988079071
974,74,9,-0.7349999999999999,1.215,0,nan,141,0.0,141,0.02199999988079071
975,75,9,-0.7650000000000001,1.215,0,nan,141,0.0,141,0.02199999988079071
976,76,9,-0.7949999999999999,1.215,0,nan,141,0.0,141,0.02199999988079071
977,77,9,-0.8249999999999997,1.215,0,nan,141,0.0,141,0.02199999988079071
978,78,9,-0.855,1.215,0,nan,141,0.0,141,0.02199999988079071
979,79,9,-0.8849999999999998,1.215,0,nan,141,0.0,141,0.02199999988079071
980,80,9,-0.915,1.215,0,nan,141,0.0,141,0.02199999988079071
981,81,9,-0.9449999999999998,1.215,0,nan,141,0.0,141,0.02199999988079071
982,82,9,-0.9750000000000001,1.215,0,nan,141,0.0,141,0.02199999988079071
983,83,9,-1.005,1.215,0,nan,141,0.0,141,0.02199999988079071
984,84,9,-1.0349999999999997,1.215,0,nan,141,0.0,141,0.02199999988079071
985,85,9,-1.065,1.215,0,nan,141,0.0,141,0.02199999988079071
986,86,9,-1.0949999999999998,1.215,0,nan,141,0.0,141,0.02199999988079071
987,87,9,-1.125,1.215,0,nan,141,0.0,141,0.02199999988079071
988,88,9,-1.1549999999999998,1.215,0,nan,141,0.0,141,0.02199999988079071
989,89,9,-1.185,1.215,0,nan,141,0.0,141,0.02199999988079071
990,90,9,-1.2149999999999999,1.215,0,nan,141,0.0,141,0.02199999988079071
991,91,9,-1.245,1.215,0,nan,141,0.0,141,0.02199999988079071
992,92,9,-1.275,1.215,0,nan,141,0.0,141,0.02199999988079071
993,93,9,-1.3049999999999997,1.215,0,nan,141,0.0,141,0.02199999988079071
994,94,9,-1.335,1.215,0,nan,141,0.0,141,0.02199999988079071
995,95,9,-1.3649999999999998,1.215,0,nan,141,0.0,141,0.02199999988079071
996,96,9,-1.395,1.215,0,nan,141,0.0,141,0.02199999988079071
997,97,9,-1.4249999999999998,1.215,0,nan,141,0.0,141,0.0
998,98,9,-1.455,1.215,0,nan,141,0.0,141,0.0
999,99,9,-1.4849999999999999,1.215,0,nan,141,0.0,141,0.0
1000,0,10,1.485,1.185,0,nan,141,0.0,141,0.0
1001,1,10,1.455,1.185,0,nan,141,0.0,141,0.0
1002,2,10,1.425,1.185,0,nan,141,0.0,141,0.0
1003,3,10,1.395,1.185,0,nan,141,0.0,141,0.02199999988079071
1004,4,10,1.365,1.185,0,nan,141,0.0,141,0.02199999988079071
1005,5,10,1.335,1.185,0,nan,141,0.0,141,0.02199999988079071
1006,6,10,1.305,1.185,0,nan,141,0.0,141,0.02199999988079071
1007,7,10,1.275,1.185,0,nan,141,0.0,141,0.02199999988079071
1008,8,10,1.245,1.185,0,nan,141,0.0,141,0.02199999988079071
1009,9,10,1.215,1.185,0,nan,141,0.0,141,0.02199999988079071
1010,10,10,1.185,1.185,0,nan,141,0.0,141,0.02199999988079071
1011,11,10,1.155,1.185,0,nan,141,0.0,141,0.02199999988079071
1012,12,10,1.125,1.185,0,nan,141,0.0,141,0.02199999988079071
1013,13,10,1.095,1.185,0,nan,141,0.0,141,0.02199999988079071
1014,14,10,1.065,1.185,0,nan,141,0.0,141,0.02199999988079071
1015,15,10,1.0350000000000001,1.185,0,nan,141,0.0,141,0.02199999988079071
1016,16,10,1.005,1.185,0,nan,141,0.0,141,0.02199999988079071
1017,17,10,0.975,1.185,0,nan,141,0.0,141,0.02199999988079071
1018,18,10,0.9450000000000001,1.185,0,nan,141,0.0,141,0.02199999988079071
1019,19,10,0.915,1.185,0,nan,141,0.0,141,0.02199999988079071
1020,20,10,0.885,1.185,0,nan,141,0.0,141,0.02199999988079071
1021,21,10,0.855,1.185,0,nan,141,0.0,141,0.02199999988079071
1022,22,10,0.8250000000000001,1.185,0,nan,141,0.0,141,0.02199999988079071
1023,23,10,0.795,1.185,0,nan,141,0.0,141,0.02199999988079071
1024,24,10,0.765,1.185,0,nan,141,0.0,141,0.02199999988079071
1025,25,10,0.735,1.185,0,nan,141,0.0,141,0.02199999988079071
1026,26,10,0.7050000000000001,1.185,0,nan,141,0.0,141,0.02199999988079071
1027,27,10,0.675,1.185,0,nan,141,0.0,141,0.02199999988079071
1028,28,10,0.645,1.185,0,nan,141,0.0,141,0.02199999988079071
1029,29,10,0.615,1.185,0,nan,141,0.0,141,0.02199999988079071
1030,30,10,0.5850000000000001,1.185,0,nan,141,0.0,141,0.02199999988079071
1031,31,10,0.555,1.185,0,nan,141,0.0,141,0.02199999988079071
1032,32,10,0.525,1.185,0,nan,141,0.0,141,0.02199999988079071
1033,33,10,0.4950000000000001,1.185,0,nan,141,0.0,141,0.02199999988079071
1034,34,10,0.4650000000000001,1.185,0,nan,141,0.0,141,0.02199999988079071
1035,35,10,0.43500000000000005,1.185,0,nan,141,0.0,141,0.02199999988079071
1036,36,10,0.405,1.185,0,nan,141,0.0,141,0.02199999988079071
1037,37,10,0.375,1.185,0,nan,141,0.0,141,0.02199999988079071
1038,38,10,0.345,1.185,0,nan,141,0.0,141,0.02199999988079071
1039,39,10,0.31499999999999995,1.185,0,nan,141,0.0,141,0.02199999988079071
1040,40,10,0.28500000000000014,1.185,0,nan,141,0.0,141,0.02199999988079071
1041,41,10,0.2550000000000001,1.185,0,nan,141,0.0,141,0.02199999988079071
1042,42,10,0.2250000000000001,1.185,0,nan,141,0.0,141,0.02199999988079071
1043,43,10,0.19500000000000006,1.185,0,nan,141,0.0,141,0.02199999988079071
1044,44,10,0.16500000000000004,1.185,0,nan,141,0.0,141,0.02199999988079071
1045,45,10,0.135,1.185,0,nan,141,0.0,141,0.02199999988079071
1046,46,10,0.10499999999999998,1.185,0,nan,141,0.0,141,0.02199999988079071
1047,47,10,0.07499999999999996,1.185,0,nan,141,0.0,141,0.02199999988079071
1048,48,10,0.04500000000000015,1.185,0,nan,141,0.0,141,0.02199999988079071
1049,49,10,0.015000000000000124,1.185,0,nan,141,0.0,141,0.02199999988079071
1050,50,10,-0.014999999999999902,1.185,0,nan,141,0.0,141,0.02199999988079071
1051,51,10,-0.04499999999999993,1.185,0,nan,141,0.0,141,0.02199999988079071
1052,52,10,-0.07499999999999996,1.185,0,nan,141,0.0,141,0.02199999988079071
1053,53,10,-0.10499999999999998,1.185,0,nan,141,0.0,141,0.02199999988079071
1054,54,10,-0.135,1.185,0,nan,141,0.0,141,0.02199999988079071
1055,55,10,-0.16500000000000004,1.185,0,nan,141,0.0,141,0.02199999988079071
1056,56,10,-0.19499999999999984,1.185,0,nan,141,0.0,141,0.02199999988079071
1057,57,10,-0.22499999999999987,1.185,0,nan,141,0.0,141,0.02199999988079071
1058,58,10,-0.2549999999999999,1.185,0,nan,141,0.0,141,0.02199999988079071
1059,59,10,-0.2849999999999999,1.185,0,nan,141,0.0,141,0.02199999988079071
1060,60,10,-0.31499999999999995,1.185,0,nan,141,0.0,141,0.02199999988079071
1061,61,10,-0.345,1.185,0,nan,141,0.0,141,0.02199999988079071
1062,62,10,-0.375,1.185,0,nan,141,0.0,141,0.02199999988079071
1063,63,10,-0.405,1.185,0,nan,141,0.0,141,0.02199999988079071
1064,64,10,-0.43499999999999983,1.185,0,nan,141,0.0,141,0.02199999988079071
1065,65,10,-0.46499999999999986,1.185,0,nan,141,0.0,141,0.02199999988079071
1066,66,10,-0.4949999999999999,1.185,0,nan,141,0.0,141,0.02199999988079071
1067,67,10,-0.5249999999999999,1.185,0,nan,141,0.0,141,0.02199999988079071
1068,68,10,-0.5549999999999997,1.185,0,nan,141,0.0,141,0.02199999988079071
1069,69,10,-0.585,1.185,0,nan,141,0.0,141,0.02199999988079071
1070,70,10,-0.6149999999999998,1.185,0,nan,141,0.0,141,0.02199999988079071
1071,71,10,-0.645,1.185,0,nan,141,0.0,141,0.02199999988079071
1072,72,10,-0.6749999999999998,1.185,0,nan,141,0.0,141,0.02199999988079071
1073,73,10,-0.7050000000000001,1.185,0,nan,141,0.0,141,0.02199999988079071
1074,74,10,-0.7349999999999999,1.185,0,nan,141,0.0,141,0.02199999988079071
1075,75,10,-0.7650000000000001,1.185,0,nan,141,0.0,141,0.02199999988079071
1076,76,10,-0.7949999999999999,1.185,0,nan,141,0.0,141,0.02199999988079071
1077,77,10,-0.8249999999999997,1.185,0,nan,141,0.0,141,0.02199999988079071
1078,78,10,-0.855,1.185,0,nan,141,0.0,141,0.02199999988079071
1079,79,10,-0.8849999999999998,1.185,0,nan,141,0.0,141,0.02199999988079071
1080,80,10,-0.915,1.185,0,nan,141,0.0,141,0.02199999988079071
1081,81,10,-0.9449999999999998,1.185,0,nan,141,0.0,141,0.02199999988079071
1082,82,10,-0.9750000000000001,1.185,0,nan,141,0.0,141,0.02199999988079071
1083,83,10,-1.005,1.185,0,nan,141,0.0,141,0.02199999988079071
1084,84,10,-1.0349999999999997,1.185,0,nan,141,0.0,141,0.02199999988079071
1085,85,10,-1.065,1.185,0,nan,141,0.0,141,0.02199999988079071
1086,86,10,-1.0949999999999998,1.185,0,nan,141,0.0,141,0.02199999988079071
1087,87,10,-1.125,1.185,0,nan,141,0.0,141,0.02199999988079071
1088,88,10,-1.1549999999999998,1.185,0,nan,141,0.0,141,0.02199999988079071
1089,89,10,-1.185,1.185,0,nan,141,0.0,141,0.02199999988079071
1090,90,10,-1.2149999999999999,1.185,0,nan,141,0.0,141,0.02199999988079071
1091,91,10,-1.245,1.185,0,nan,141,0.0,141,0.02199999988079071
1092,92,10,-1.275,1.185,0,nan,141,0.0,141,0.02199999988079071
1093,93,10,-1.3049999999999997,1.185,0,nan,141,0.0,141,0.02199999988079071
1094,94,10,-1.335,1.185,0,nan,141,0.0,141,0.02199999988079071
1095,95,10,-1.3649999999999998,1.185,0,nan,141,0.0,141,0.02199999988079071
1096,96,10,-1.395,1.185,0,nan,141,0.0,141,0.02199999988079071
1097,97,10,-1.4249999999999998,1.185,0,nan,141,0.0,141,0.0
1098,98,10,-1.455,1.185,0,nan,141,0.0,141,0.0
1099,99,10,-1.4849999999999999,1.185,0,nan,141,0.0,141,0.0
1100,0,11,1.485,1.155,0,nan,141,0.0,141,0.0
1101,1,11,1.455,1.155,0,nan,141,0.0,141,0.0
1102,2,11,1.425,1.155,0,nan,141,0.0,141,0.0
1103,3,11,1.395,1.155,0,nan,141,0.0,141,0.02199999988079071
1104,4,11,1.365,1.155,0,nan,141,0.0,141,0.02199999988079071
1105,5,11,1.335,1.155,0,nan,141,0.0,141,0.02199999988079071
1106,6,11,1.305,1.155,0,nan,141,0.0,141,0.02199999988079071
1107,7,11,1.275,1.155,0,nan,141,0.0,141,0.02199999988079071
1108,8,11,1.245,1.155,0,nan,141,0.0,141,0.02199999988079071
1109,9,11,1.215,1.155,0,nan,141,0.0,141,0.02199999988079071
1110,10,11,1.185,1.155,0,nan,141,0.0,141,0.02199999988079071
1111,11,11,1.155,1.155,0,nan,141,0.0,141,0.02199999988079071
1112,12,11,1.125,1.155,0,nan,141,0.0,141,0.02199999988079071
1113,13,11,1.095,1.155,0,nan,141,0.0,141,0.02199999988079071
1114,14,11,1.065,1.155,0,nan,141,0.0,141,0.02199999988079071
1115,15,11,1.0350000000000001,1.155,0,nan,141,0.0,141,0.02199999988079071
1116,16,11,1.005,1.155,0,nan,141,0.0,141,0.02199999988079071
1117,17,11,0.975,1.155,0,nan,141,0.0,141,0.02199999988079071
1118,18,11,0.9450000000000001,1.155,0,nan,141,0.0,141,0.02199999988079071
1119,19,11,0.915,1.155,0,nan,141,0.0,141,0.02199999988079071
1120,20,11,0.885,1.155,0,nan,141,0.0,141,0.02199999988079071
1121,21,11,0.855,1.155,0,nan,141,0.0,141,0.02199999988079071
1122,22,11,0.8250000000000001,1.155,0,nan,141,0.0,141,0.02199999988079071
1123,23,11,0.795,1.155,0,nan,141,0.0,141,0.02199999988079071
1124,24,11,0.765,1.155,0,nan,141,0.0,141,0.02199999988079071
1125,25,11,0.735,1.155,0,nan,141,0.0,141,0.02199999988079071
1126,26,11,0.7050000000000001,1.155,0,nan,141,0.0,141,0.02199999988079071
1127,27,11,0.675,1.155,0,nan,141,0.0,141,0.02199999988079071
1128,28,11,0.645,1.155,0,nan,141,0.0,141,0.02199999988079071
1129,29,11,0.615,1.155,0,nan,141,0.0,141,0.02199999988079071
1130,30,11,0.5850000000000001,1.155,0,nan,141,0.0,141,0.02199999988079071
1131,31,11,0.555,1.155,0,nan,141,0.0,141,0.02199999988079071
1132,32,11,0.525,1.155,0,nan,141,0.0,141,0.02199999988079071
1133,33,11,0.4950000000000001,1.155,0,nan,141,0.0,141,0.02199999988079071
1134,34,11,0.4650000000000001,1.155,0,nan,141,0.0,141,0.02199999988079071
1135,35,11,0.43500000000000005,1.155,0,nan,141,0.0,141,0.02199999988079071
1136,36,11,0.405,1.155,0,nan,141,0.0,141,0.02199999988079071
1137,37,11,0.375,1.155,0,nan,141,0.0,141,0.02199999988079071
1138,38,11,0.345,1.155,0,nan,141,0.0,141,0.02199999988079071
1139,39,11,0.31499999999999995,1.155,0,nan,141,0.0,141,0.02199999988079071
1140,40,11,0.28500000000000014,1.155,0,nan,141,0.0,141,0.02199999988079071
1141,41,11,0.2550000000000001,1.155,0,nan,141,0.0,141,0.02199999988079071
1142,42,11,0.2250000000000001,1.155,0,nan,141,0.0,141,0.02199999988079071
1143,43,11,0.19500000000000006,1.155,0,nan,141,0.0,141,0.02199999988079071
1144,44,11,0.16500000000000004,1.155,0,nan,141,0.0,141,0.02199999988079071
1145,45,11,0.135,1.155,0,nan,141,0.0,141,0.02199999988079071
1146,46,11,0.10499999999999998,1.155,0,nan,141,0.0,141,0.02199999988079071
1147,47,11,0.07499999999999996,1.155,0,nan,141,0.0,141,0.02199999988079071
1148,48,11,0.04500000000000015,1.155,0,nan,141,0.0,141,0.02199999988079071
1149,49,11,0.015000000000000124,1.155,0,nan,141,0.0,141,0.02199999988079071
1150,50,11,-0.014999999999999902,1.155,0,nan,141,0.0,141,0.02199999988079071
1151,51,11,-0.04499999999999993,1.155,0,nan,141,0.0,141,0.02199999988079071
1152,52,11,-0.07499999999999996,1.155,0,nan,141,0.0,141,0.02199999988079071
1153,53,11,-0.10499999999999998,1.155,0,nan,141,0.0,141,0.02199999988079071
1154,54,11,-0.135,1.155,0,nan,141,0.0,141,0.02199999988079071
1155,55,11,-0.16500000000000004,1.155,0,nan,141,0.0,141,0.02199999988079071
1156,56,11,-0.19499999999999984,1.155,0,nan,141,0.0,141,0.02199999988079071
1157,57,11,-0.22499999999999987,1.155,0,nan,141,0.0,141,0.02199999988079071
1158,58,11,-0.2549999999999999,1.155,0,nan,141,0.0,141,0.02199999988079071
1159,59,11,-0.2849999999999999,1.155,0,nan,141,0.0,141,0.02199999988079071
1160,60,11,-0.31499999999999995,1.155,0,nan,141,0.0,141,0.02199999988079071
1161,61,11,-0.345,1.155,0,nan,141,0.0,141,0.02199999988079071
1162,62,11,-0.375,1.155,0,nan,141,0.0,141,0.02199999988079071
1163,63,11,-0.405,1.155,0,nan,141,0.0,141,0.02199999988079071
1164,64,11,-0.43499999999999983,1.155,0,nan,141,0.0,141,0.02199999988079071
1165,65,11,-0.46499999999999986,1.155,0,nan,141,0.0,141,0.02199999988079071
1166,66,11,-0.4949999999999999,1.155,0,nan,141,0.0,141,0.02199999988079071
1167,67,11,-0.5249999999999999,1.155,0,nan,141,0.0,141,0.02199999988079071
1168,68,11,-0.5549999999999997,1.155,0,nan,141,0.0,141,0.02199999988079071
1169,69,11,-0.585,1.155,0,nan,141,0.0,141,0.02199999988079071
1170,70,11,-0.6149999999999998,1.155,0,nan,141,0.0,141,0.02199999988079071
1171,71,11,-0.645,1.155,0,nan,141,0.0,141,0.02199999988079071
1172,72,11,-0.6749999999999998,1.155,0,nan,141,0.0,141,0.02199999988079071
1173,73,11,-0.7050000000000001,1.155,0,nan,141,0.0,141,0.02199999988079071
1174,74,11,-0.7349999999999999,1.155,0,nan,141,0.0,141,0.02199999988079071
1175,75,11,-0.7650000000000001,1.155,0,nan,141,0.0,141,0.02199999988079071
1176,76,11,-0.7949999999999999,1.155,0,nan,141,0.0,141,0.02199999988079071
1177,77,11,-0.8249999999999997,1.155,0,nan,141,0.0,141,0.02199999988079071
1178,78,11,-0.855,1.155,0,nan,141,0.0,141,0.02199999988079071
1179,79,11,-0.8849999999999998,1.155,0,nan,141,0.0,141,0.02199999988079071
1180,80,11,-0.915,1.155,0,nan,141,0.0,141,0.02199999988079071
1181,81,11,-0.9449999999999998,1.155,0,nan,141,0.0,141,0.02199999988079071
1182,82,11,-0.9750000000000001,1.155,0,nan,141,0.0,141,0.02199999988079071
1183,83,11,-1.005,1.155,0,nan,141,0.0,141,0.02199999988079071
1184,84,11,-1.0349999999999997,1.155,0,nan,141,0.0,141,0.02199999988079071
1185,85,11,-1.065,1.155,0,nan,141,0.0,141,0.02199999988079071
1186,86,11,-1.0949999999999998,1.155,0,nan,141,0.0,141,0.02199999988079071
1187,87,11,-1.125,1.155,0,nan,141,0.0,141,0.02199999988079071
1188,88,11,-1.1549999999999998,1.155,0,nan,141,0.0,141,0.02199999988079071
1189,89,11,-1.185,1.155,0,nan,141,0.0,141,0.02199999988079071
1190,90,11,-1.2149999999999999,1.155,0,nan,141,0.0,141,0.02199999988079071
1191,91,11,-1.245,1.155,0,nan,141,0.0,141,0.02199999988079071
1192,92,11,-1.275,1.155,0,nan,141,0.0,141,0.02199999988079071
1193,93,11,-1.3049999999999997,1.155,0,nan,141,0.0,141,0.02199999988079071
1194,94,11,-1.335,1.155,0,nan,141,0.0,141,0.02199999988079071
1195,95,11,-1.3649999999999998,1.155,0,nan,141,0.0,141,0.02199999988079071
1196,96,11,-1.395,1.155,0,nan,141,0.0,141,0.02199999988079071
1197,97,11,-1.4249999999999998,1.155,0,nan,141,0.0,141,0.0
1198,98,11,-1.455,1.155,0,nan,141,0.0,141,0.0
1199,99,11,-1.4849999999999999,1.155,0,nan,141,0.0,141,0.0
1200,0,12,1.485,1.125,0,nan,141,0.0,141,0.0
1201,1,12,1.455,1.125,0,nan,141,0.0,141,0.0
1202,2,12,1.425,1.125,0,nan,141,0.0,141,0.0
1203,3,12,1.395,1.125,0,nan,141,0.0,141,0.02199999988079071
1204,4,12,1.365,1.125,0,nan,141,0.0,141,0.02199999988079071
1205,5,12,1.335,1.125,0,nan,141,0.0,141,0.02199999988079071
1206,6,12,1.305,1.125,0,nan,141,0.0,141,0.02199999988079071
1207,7,12,1.275,1.125,0,nan,141,0.0,141,0.02199999988079071
1208,8,12,1.245,1.125,0,nan,141,0.0,141,0.02199999988079071
1209,9,12,1.215,1.125,0,nan,141,0.0,141,0.02199999988079071
1210,10,12,1.185,1.125,0,nan,141,0.0,141,0.02199999988079071
1211,11,12,1.155,1.125,0,nan,141,0.0,141,0.02199999988079071
1212,12,12,1.125,1.125,0,nan,141,0.0,141,0.02199999988079071
1213,13,12,1.095,1.125,0,nan,141,0.0,141,0.02199999988079071
1214,14,12,1.065,1.125,0,nan,141,0.0,141,0.02199999988079071
1215,15,12,1.0350000000000001,1.125,0,nan,141,0.0,141,0.02199999988079071
1216,16,12,1.005,1.125,0,nan,141,0.0,141,0.02199999988079071
1217,17,12,0.975,1.125,0,nan,141,0.0,141,0.02199999988079071
1218,18,12,0.9450000000000001,1.125,0,nan,141,0.0,141,0.02199999988079071
1219,19,12,0.915,1.125,0,nan,141,0.0,141,0.02199999988079071
1220,20,12,0.885,1.125,0,nan,141,0.0,141,0.02199999988079071
1221,21,12,0.855,1.125,0,nan,141,0.0,141,0.02199999988079071
1222,22,12,0.8250000000000001,1.125,0,nan,141,0.0,141,0.02199999988079071
1223,23,12,0.795,1.125,0,nan,141,0.0,141,0.02199999988079071
1224,24,12,0.765,1.125,0,nan,141,0.0,141,0.02199999988079071
1225,25,12,0.735,1.125,0,nan,141,0.0,141,0.02199999988079071
1226,26,12,0.7050000000000001,1.125,0,nan,141,0.0,141,0.02199999988079071
1227,27,12,0.675,1.125,0,nan,141,0.0,141,0.02199999988079071
1228,28,12,0.645,1.125,0,nan,141,0.0,141,0.02199999988079071
1229,29,12,0.615,1.125,0,nan,141,0.0,141,0.02199999988079071
1230,30,12,0.5850000000000001,1.125,0,nan,141,0.0,141,0.02199999988079071
1231,31,12,0.555,1.125,0,nan,141,0.0,141,0.02199999988079071
1232,32,12,0.525,1.125,0,nan,141,0.0,141,0.02199999988079071
1233,33,12,0.4950000000000001,1.125,0,nan,141,0.0,141,0.02199999988079071
1234,34,12,0.4650000000000001,1.125,0,nan,141,0.0,141,0.02199999988079071
1235,35,12,0.43500000000000005,1.125,0,nan,141,0.0,141,0.02199999988079071
1236,36,12,0.405,1.125,0,nan,141,0.0,141,0.02199999988079071
1237,37,12,0.375,1.125,0,nan,141,0.0,141,0.02199999988079071
1238,38,12,0.345,1.125,0,nan,141,0.0,141,0.02199999988079071
1239,39,12,0.31499999999999995,1.125,0,nan,141,0.0,141,0.02199999988079071
1240,40,12,0.28500000000000014,1.125,0,nan,141,0.0,141,0.02199999988079071
1241,41,12,0.2550000000000001,1.125,0,nan,141,0.0,141,0.02199999988079071
1242,42,12,0.2250000000000001,1.125,0,nan,141,0.0,141,0.02199999988079071
1243,43,12,0.19500000000000006,1.125,0,nan,141,0.0,141,0.02199999988079071
1244,44,12,0.16500000000000004,1.125,0,nan,141,0.0,141,0.02199999988079071
1245,45,12,0.135,1.125,0,nan,141,0.0,141,0.02199999988079071
1246,46,12,0.10499999999999998,1.125,0,nan,141,0.0,141,0.02199999988079071
1247,47,12,0.07499999999999996,1.125,0,nan,141,0.0,141,0.02199999988079071
1248,48,12,0.04500000000000015,1.125,0,nan,141,0.0,141,0.02199999988079071
1249,49,12,0.015000000000000124,1.125,0,nan,141,0.0,141,0.02199999988079071
1250,50,12,-0.014999999999999902,1.125,0,nan,141,0.0,141,0.02199999988079071
1251,51,12,-0.04499999999999993,1.125,0,nan,141,0.0,141,0.02199999988079071
1252,52,12,-0.07499999999999996,1.125,0,nan,141,0.0,141,0.02199999988079071
1253,53,12,-0.10499999999999998,1.125,0,nan,141,0.0,141,0.02199999988079071
1254,54,12,-0.135,1.125,0,nan,141,0.0,141,0.02199999988079071
1255,55,12,-0.16500000000000004,1.125,0,nan,141,0.0,141,0.02199999988079071
1256,56,12,-0.19499999999999984,1.125,0,nan,141,0.0,141,0.02199999988079071
1257,57,12,-0.22499999999999987,1.125,0,nan,141,0.0,141,0.02199999988079071
1258,58,12,-0.2549999999999999,1.125,0,nan,141,0.0,141,0.02199999988079071
1259,59,12,-0.2849999999999999,1.125,0,nan,141,0.0,141,0.02199999988079071
1260,60,12,-0.31499999999999995,1.125,0,nan,141,0.0,141,0.02199999988079071
1261,61,12,-0.345,1.125,0,nan,141,0.0,141,0.02199999988079071
1262,62,12,-0.375,1.125,0,nan,141,0.0,141,0.02199999988079071
1263,63,12,-0.405,1.125,0,nan,141,0.0,141,0.02199999988079071
1264,64,12,-0.43499999999999983,1.125,0,nan,141,0.0,141,0.02199999988079071
1265,65,12,-0.46499999999999986,1.125,0,nan,141,0.0,141,0.02199999988079071
1266,66,12,-0.4949999999999999,1.125,0,nan,141,0.0,141,0.02199999988079071
1267,67,12,-0.5249999999999999,1.125,0,nan,141,0.0,141,0.02199999988079071
1268,68,12,-0.5549999999999997,1.125,0,nan,141,0.0,141,0.02199999988079071
1269,69,12,-0.585,1.125,0,nan,141,0.0,141,0.02199999988079071
1270,70,12,-0.6149999999999998,1.125,0,nan,141,0.0,141,0.02199999988079071
1271,71,12,-0.645,1.125,0,nan,141,0.0,141,0.02199999988079071
1272,72,12,-0.6749999999999998,1.125,0,nan,141,0.0,141,0.02199999988079071
1273,73,12,-0.7050000000000001,1.125,0,nan,141,0.0,141,0.02199999988079071
1274,74,12,-0.7349999999999999,1.125,0,nan,141,0.0,141,0.02199999988079071
1275,75,12,-0.7650000000000001,1.125,0,nan,141,0.0,141,0.02199999988079071
1276,76,12,-0.7949999999999999,1.125,0,nan,141,0.0,141,0.02199999988079071
1277,77,12,-0.8249999999999997,1.125,0,nan,141,0.0,141,0.02199999988079071
1278,78,12,-0.855,1.125,0,nan,141,0.0,141,0.02199999988079071
1279,79,12,-0.8849999999999998,1.125,0,nan,141,0.0,141,0.02199999988079071
1280,80,12,-0.915,1.125,0,nan,141,0.0,141,0.02199999988079071
1281,81,12,-0.9449999999999998,1.125,0,nan,141,0.0,141,0.02199999988079071
1282,82,12,-0.9750000000000001,1.125,0,nan,141,0.0,141,0.02199999988079071
1283,83,12,-1.005,1.125,0,nan,141,0.0,141,0.02199999988079071
1284,84,12,-1.0349999999999997,1.125,0,nan,141,0.0,141,0.02199999988079071
1285,85,12,-1.065,1.125,0,nan,141,0.0,141,0.02199999988079071
1286,86,12,-1.0949999999999998,1.125,0,nan,141,0.0,141,0.02199999988079071
1287,87,12,-1.125,1.125,0,nan,141,0.0,141,0.02199999988079071
1288,88,12,-1.1549999999999998,1.125,0,nan,141,0.0,141,0.02199999988079071
1289,89,12,-1.185,1.125,0,nan,141,0.0,141,0.02199999988079071
1290,90,12,-1.2149999999999999,1.125,0,nan,141,0.0,141,0.02199999988079071
1291,91,12,-1.245,1.125,0,nan,141,0.0,141,0.02199999988079071
1292,92,12,-1.275,1.125,0,nan,141,0.0,141,0.02199999988079071
1293,93,12,-1.3049999999999997,1.125,0,nan,141,0.0,141,0.02199999988079071
1294,94,12,-1.335,1.125,0,nan,141,0.0,141,0.02199999988079071
1295,95,12,-1.3649999999999998,1.125,0,nan,141,0.0,141,0.02199999988079071
1296,96,12,-1.395,1.125,0,nan,141,0.0,141,0.02199999988079071
1297,97,12,-1.4249999999999998,1.125,0,nan,141,0.0,141,0.0
1298,98,12,-1.455,1.125,0,nan,141,0.0,141,0.0
1299,99,12,-1.4849999999999999,1.125,0,nan,141,0.0,141,0.0
1300,0,13,1.485,1.095,0,nan,141,0.0,141,0.0
1301,1,13,1.455,1.095,0,nan,141,0.0,141,0.0
1302,2,13,1.425,1.095,0,nan,141,0.0,141,0.0
1303,3,13,1.395,1.095,0,nan,141,0.0,141,0.02199999988079071
1304,4,13,1.365,1.095,0,nan,141,0.0,141,0.02199999988079071
1305,5,13,1.335,1.095,0,nan,141,0.0,141,0.02199999988079071
1306,6,13,1.305,1.095,0,nan,141,0.0,141,0.02199999988079071
1307,7,13,1.275,1.095,0,nan,141,0.0,141,0.02199999988079071
1308,8,13,1.245,1.095,0,nan,141,0.0,141,0.02199999988079071
1309,9,13,1.215,1.095,0,nan,141,0.0,141,0.02199999988079071
1310,10,13,1.185,1.095,0,nan,141,0.0,141,0.02199999988079071
1311,11,13,1.155,1.095,0,nan,141,0.0,141,0.02199999988079071
1312,12,13,1.125,1.095,0,nan,141,0.0,141,0.02199999988079071
1313,13,13,1.095,1.095,0,nan,141,0.0,141,0.02199999988079071
1314,14,13,1.065,1.095,0,nan,141,0.0,141,0.02199999988079071
1315,15,13,1.0350000000000001,1.095,0,nan,141,0.0,141,0.02199999988079071
1316,16,13,1.005,1.095,0,nan,141,0.0,141,0.02199999988079071
1317,17,13,0.975,1.095,0,nan,141,0.0,141,0.02199999988079071
1318,18,13,0.9450000000000001,1.095,0,nan,141,0.0,141,0.02199999988079071
1319,19,13,0.915,1.095,0,nan,141,0.0,141,0.02199999988079071
1320,20,13,0.885,1.095,0,nan,141,0.0,141,0.02199999988079071
1321,21,13,0.855,1.095,0,nan,141,0.0,141,0.02199999988079071
1322,22,13,0.8250000000000001,1.095,0,nan,141,0.0,141,0.02199999988079071
1323,23,13,0.795,1.095,0,nan,141,0.0,141,0.02199999988079071
1324,24,13,0.765,1.095,0,nan,141,0.0,141,0.02199999988079071
1325,25,13,0.735,1.095,0,nan,141,0.0,141,0.02199999988079071
1326,26,13,0.7050000000000001,1.095,0,nan,141,0.0,141,0.02199999988079071
1327,27,13,0.675,1.095,0,nan,141,0.0,141,0.02199999988079071
1328,28,13,0.645,1.095,0,nan,141,0.0,141,0.02199999988079071
1329,29,13,0.615,1.095,0,nan,141,0.0,141,0.02199999988079071
1330,30,13,0.5850000000000001,1.095,0,nan,141,0.0,141,0.02199999988079071
1331,31,13,0.555,1.095,0,nan,141,0.0,141,0.02199999988079071
1332,32,13,0.525,1.095,0,nan,141,0.0,141,0.02199999988079071
1333,33,13,0.4950000000000001,1.095,0,nan,141,0.0,141,0.02199999988079071
1334,34,13,0.4650000000000001,1.095,0,nan,141,0.0,141,0.02199999988079071
1335,35,13,0.43500000000000005,1.095,0,nan,141,0.0,141,0.02199999988079071
1336,36,13,0.405,1.095,0,nan,141,0.0,141,0.02199999988079071
1337,37,13,0.375,1.095,0,nan,141,0.0,141,0.02199999988079071
1338,38,13,0.345,1.095,0,nan,141,0.0,141,0.02199999988079071
1339,39,13,0.31499999999999995,1.095,0,nan,141,0.0,141,0.02199999988079071
1340,40,13,0.28500000000000014,1.095,0,nan,141,0.0,141,0.02199999988079071
1341,41,13,0.2550000000000001,1.095,0,nan,141,0.0,141,0.02199999988079071
1342,42,13,0.2250000000000001,1.095,0,nan,141,0.0,141,0.02199999988079071
1343,43,13,0.19500000000000006,1.095,0,nan,141,0.0,141,0.02199999988079071
1344,44,13,0.16500000000000004,1.095,0,nan,141,0.0,141,0.02199999988079071
1345,45,13,0.135,1.095,0,nan,141,0.0,141,0.02199999988079071
1346,46,13,0.10499999999999998,1.095,0,nan,141,0.0,141,0.02199999988079071
1347,47,13,0.07499999999999996,1.095,0,nan,141,0.0,141,0.02199999988079071
1348,48,13,0.04500000000000015,1.095,0,nan,141,0.0,141,0.02199999988079071
1349,49,13,0.015000000000000124,1.095,0,nan,141,0.0,141,0.02199999988079071
1350,50,13,-0.014999999999999902,1.095,0,nan,141,0.0,141,0.02199999988079071
1351,51,13,-0.04499999999999993,1.095,0,nan,141,0.0,141,0.02199999988079071
1352,52,13,-0.07499999999999996,1.095,0,nan,141,0.0,141,0.02199999988079071
1353,53,13,-0.10499999999999998,1.095,0,nan,141,0.0,141,0.02199999988079071
1354,54,13,-0.135,1.095,0,nan,141,0.0,141,0.02199999988079071
1355,55,13,-0.16500000000000004,1.095,0,nan,141,0.0,141,0.02199999988079071
1356,56,13,-0.19499999999999984,1.095,0,nan,141,0.0,141,0.02199999988079071
1357,57,13,-0.22499999999999987,1.095,0,nan,141,0.0,141,0.02199999988079071
1358,58,13,-0.2549999999999999,1.095,0,nan,141,0.0,141,0.02199999988079071
1359,59,13,-0.2849999999999999,1.095,0,nan,141,0.0,141,0.02199999988079071
1360,60,13,-0.31499999999999995,1.095,0,nan,141,0.0,141,0.02199999988079071
1361,61,13,-0.345,1.095,0,nan,141,0.0,141,0.02199999988079071
1362,62,13,-0.375,1.095,0,nan,141,0.0,141,0.02199999988079071
1363,63,13,-0.405,1.095,0,nan,141,0.0,141,0.02199999988079071
1364,64,13,-0.43499999999999983,1.095,0,nan,141,0.0,141,0.02199999988079071
1365,65,13,-0.46499999999999986,1.095,0,nan,141,0.0,141,0.02199999988079071
1366,66,13,-0.4949999999999999,1.095,0,nan,141,0.0,141,0.02199999988079071
1367,67,13,-0.5249999999999999,1.095,0,nan,141,0.0,141,0.02199999988079071
1368,68,13,-0.5549999999999997,1.095,0,nan,141,0.0,141,0.02199999988079071
1369,69,13,-0.585,1.095,0,nan,141,0.0,141,0.02199999988079071
1370,70,13,-0.6149999999999998,1.095,0,nan,141,0.0,141,0.02199999988079071
1371,71,13,-0.645,1.095,0,nan,141,0.0,141,0.02199999988079071
1372,72,13,-0.6749999999999998,1.095,0,nan,141,0.0,141,0.02199999988079071
1373,73,13,-0.7050000000000001,1.095,0,nan,141,0.0,141,0.02199999988079071
1374,74,13,-0.7349999999999999,1.095,0,nan,141,0.0,141,0.02199999988079071
1375,75,13,-0.7650000000000001,1.095,0,nan,141,0.0,141,0.02199999988079071
1376,76,13,-0.7949999999999999,1.095,0,nan,141,0.0,141,0.02199999988079071
1377,77,13,-0.8249999999999997,1.095,0,nan,141,0.0,141,0.02199999988079071
1378,78,13,-0.855,1.095,0,nan,141,0.0,141,0.02199999988079071
1379,79,13,-0.8849999999999998,1.095,0,nan,141,0.0,141,0.02199999988079071
1380,80,13,-0.915,1.095,0,nan,141,0.0,141,0.02199999988079071
1381,81,13,-0.9449999999999998,1.095,0,nan,141,0.0,141,0.02199999988079071
1382,82,13,-0.9750000000000001,1.095,0,nan,141,0.0,141,0.02199999988079071
1383,83,13,-1.005,1.095,0,nan,141,0.0,141,0.02199999988079071
1384,84,13,-1.0349999999999997,1.095,0,nan,141,0.0,141,0.02199999988079071
1385,85,13,-1.065,1.095,0,nan,141,0.0,141,0.02199999988079071
1386,86,13,-1.0949999999999998,1.095,0,nan,141,0.0,141,0.02199999988079071
1387,87,13,-1.125,1.095,0,nan,141,0.0,141,0.02199999988079071
1388,88,13,-1.1549999999999998,1.095,0,nan,141,0.0,141,0.02199999988079071
1389,89,13,-1.185,1.095,0,nan,141,0.0,141,0.02199999988079071
1390,90,13,-1.2149999999999999,1.095,0,nan,141,0.0,141,0.02199999988079071
1391,91,13,-1.245,1.095,0,nan,141,0.0,141,0.02199999988079071
1392,92,13,-1.275,1.095,0,nan,141,0.0,141,0.02199999988079071
1393,93,13,-1.3049999999999997,1.095,0,nan,141,0.0,141,0.02199999988079071
1394,94,13,-1.335,1.095,0,nan,141,0.0,141,0.02199999988079071
1395,95,13,-1.3649999999999998,1.095,0,nan,141,0.0,141,0.02199999988079071
1396,96,13,-1.395,1.095,0,nan,141,0.0,141,0.02199999988079071
1397,97,13,-1.4249999999999998,1.095,0,nan,141,0.0,141,0.0
1398,98,13,-1.455,1.095,0,nan,141,0.0,141,0.0
1399,99,13,-1.4849999999999999,1.095,0,nan,141,0.0,141,0.0
1400,0,14,1.485,1.065,0,nan,141,0.0,141,0.0
1401,1,14,1.455,1.065,0,nan,141,0.0,141,0.0
1402,2,14,1.425,1.065,0,nan,141,0.0,141,0.0
1403,3,14,1.395,1.065,0,nan,141,0.0,141,0.02199999988079071
1404,4,14,1.365,1.065,0,nan,141,0.0,141,0.02199999988079071
1405,5,14,1.335,1.065,0,nan,141,0.0,141,0.02199999988079071
1406,6,14,1.305,1.065,0,nan,141,0.0,141,0.02199999988079071
1407,7,14,1.275,1.065,0,nan,141,0.0,141,0.02199999988079071
1408,8,14,1.245,1.065,0,nan,141,0.0,141,0.02199999988079071
1409,9,14,1.215,1.065,0,nan,141,0.0,141,0.02199999988079071
1410,10,14,1.185,1.065,0,nan,141,0.0,141,0.02199999988079071
1411,11,14,1.155,1.065,0,nan,141,0.0,141,0.02199999988079071
1412,12,14,1.125,1.065,0,nan,141,0.0,141,0.02199999988079071
1413,13,14,1.095,1.065,0,nan,141,0.0,141,0.02199999988079071
1414,14,14,1.065,1.065,0,nan,141,0.0,141,0.02199999988079071
1415,15,14,1.0350000000000001,1.065,0,nan,141,0.0,141,0.02199999988079071
1416,16,14,1.005,1.065,0,nan,141,0.0,141,0.02199999988079071
1417,17,14,0.975,1.065,0,nan,141,0.0,141,0.02199999988079071
1418,18,14,0.9450000000000001,1.065,0,nan,141,0.0,141,0.02199999988079071
1419,19,14,0.915,1.065,0,nan,141,0.0,141,0.02199999988079071
1420,20,14,0.885,1.065,0,nan,141,0.0,141,0.02199999988079071
1421,21,14,0.855,1.065,0,nan,141,0.0,141,0.02199999988079071
1422,22,14,0.8250000000000001,1.065,0,nan,141,0.0,141,0.02199999988079071
1423,23,14,0.795,1.065,0,nan,141,0.0,141,0.02199999988079071
1424,24,14,0.765,1.065,0,nan,141,0.0,141,0.02199999988079071
1425,25,14,0.735,1.065,0,nan,141,0.0,141,0.02199999988079071
1426,26,14,0.7050000000000001,1.065,0,nan,141,0.0,141,0.02199999988079071
1427,27,14,0.675,1.065,0,nan,141,0.0,141,0.02199999988079071
1428,28,14,0.645,1.065,0,nan,141,0.0,141,0.02199999988079071
1429,29,14,0.615,1.065,0,nan,141,0.0,141,0.02199999988079071
1430,30,14,0.5850000000000001,1.065,0,nan,141,0.0,141,0.02199999988079071
1431,31,14,0.555,1.065,0,nan,141,0.0,141,0.02199999988079071
1432,32,14,0.525,1.065,0,nan,141,0.0,141,0.02199999988079071
1433,33,14,0.4950000000000001,1.065,0,nan,141,0.0,141,0.02199999988079071
1434,34,14,0.4650000000000001,1.065,0,nan,141,0.0,141,0.02199999988079071
1435,35,14,0.43500000000000005,1.065,0,nan,141,0.0,141,0.02199999988079071
1436,36,14,0.405,1.065,0,nan,141,0.0,141,0.02199999988079071
1437,37,14,0.375,1.065,0,nan,141,0.0,141,0.02199999988079071
1438,38,14,0.345,1.065,0,nan,141,0.0,141,0.02199999988079071
1439,39,14,0.31499999999999995,1.065,0,nan,141,0.0,141,0.02199999988079071
1440,40,14,0.28500000000000014,1.065,0,nan,141,0.0,141,0.02199999988079071
1441,41,14,0.2550000000000001,1.065,0,nan,141,0.0,141,0.02199999988079071
1442,42,14,0.2250000000000001,1.065,0,nan,141,0.0,141,0.02199999988079071
1443,43,14,0.19500000000000006,1.065,0,nan,141,0.0,141,0.02199999988079071
1444,44,14,0.16500000000000004,1.065,0,nan,141,0.0,141,0.02199999988079071
1445,45,14,0.135,1.065,0,nan,141,0.0,141,0.02199999988079071
1446,46,14,0.10499999999999998,1.065,0,nan,141,0.0,141,0.02199999988079071
1447,47,14,0.07499999999999996,1.065,0,nan,141,0.0,141,0.02199999988079071
1448,48,14,0.04500000000000015,1.065,0,nan,141,0.0,141,0.02199999988079071
1449,49,14,0.015000000000000124,1.065,0,nan,141,0.0,141,0.02199999988079071
1450,50,14,-0.014999999999999902,1.065,0,nan,141,0.0,141,0.02199999988079071
1451,51,14,-0.04499999999999993,1.065,0,nan,141,0.0,141,0.02199999988079071
1452,52,14,-0.07499999999999996,1.065,0,nan,141,0.0,141,0.02199999988079071
1453,53,14,-0.10499999999999998,1.065,0,nan,141,0.0,141,0.02199999988079071
1454,54,14,-0.135,1.065,0,nan,141,0.0,141,0.02199999988079071
1455,55,14,-0.16500000000000004,1.065,0,nan,141,0.0,141,0.02199999988079071
1456,56,14,-0.19499999999999984,1.065,0,nan,141,0.0,141,0.02199999988079071
1457,57,14,-0.22499999999999987,1.065,0,nan,141,0.0,141,0.02199999988079071
1458,58,14,-0.2549999999999999,1.065,0,nan,141,0.0,141,0.02199999988079071
1459,59,14,-0.2849999999999999,1.065,0,nan,141,0.0,141,0.02199999988079071
1460,60,14,-0.31499999999999995,1.065,0,nan,141,0.0,141,0.02199999988079071
1461,61,14,-0.345,1.065,0,nan,141,0.0,141,0.02199999988079071
1462,62,14,-0.375,1.065,0,nan,141,0.0,141,0.02199999988079071
1463,63,14,-0.405,1.065,0,nan,141,0.0,141,0.02199999988079071
1464,64,14,-0.43499999999999983,1.065,0,nan,141,0.0,141,0.02199999988079071
1465,65,14,-0.46499999999999986,1.065,0,nan,141,0.0,141,0.02199999988079071
1466,66,14,-0.4949999999999999,1.065,0,nan,141,0.0,141,0.02199999988079071
1467,67,14,-0.5249999999999999,1.065,0,nan,141,0.0,141,0.02199999988079071
1468,68,14,-0.5549999999999997,1.065,0,nan,141,0.0,141,0.02199999988079071
1469,69,14,-0.585,1.065,0,nan,141,0.0,141,0.02199999988079071
1470,70,14,-0.6149999999999998,1.065,0,nan,141,0.0,141,0.02199999988079071
1471,71,14,-0.645,1.065,0,nan,141,0.0,141,0.02199999988079071
1472,72,14,-0.6749999999999998,1.065,0,nan,141,0.0,141,0.02199999988079071
1473,73,14,-0.7050000000000001,1.065,0,nan,141,0.0,141,0.02199999988079071
1474,74,14,-0.7349999999999999,1.065,0,nan,141,0.0,141,0.02199999988079071
1475,75,14,-0.7650000000000001,1.065,0,nan,141,0.0,141,0.02199999988079071
1476,76,14,-0.7949999999999999,1.065,0,nan,141,0.0,141,0.02199999988079071
1477,77,14,-0.8249999999999997,1.065,0,nan,141,0.0,141,0.02199999988079071
1478,78,14,-0.855,1.065,0,nan,141,0.0,141,0.02199999988079071
1479,79,14,-0.8849999999999998,1.065,0,nan,141,0.0,141,0.02199999988079071
1480,80,14,-0.915,1.065,0,nan,141,0.0,141,0.02199999988079071
1481,81,14,-0.9449999999999998,1.065,0,nan,141,0.0,141,0.02199999988079071
1482,82,14,-0.9750000000000001,1.065,0,nan,141,0.0,141,0.02199999988079071
1483,83,14,-1.005,1.065,0,nan,141,0.0,141,0.02199999988079071
1484,84,14,-1.0349999999999997,1.065,0,nan,141,0.0,141,0.02199999988079071
1485,85,14,-1.065,1.065,0,nan,141,0.0,141,0.02199999988079071
1486,86,14,-1.0949999999999998,1.065,0,nan,141,0.0,141,0.02199999988079071
1487,87,14,-1.125,1.065,0,nan,141,0.0,141,0.02199999988079071
1488,88,14,-1.1549999999999998,1.065,0,nan,141,0.0,141,0.02199999988079071
1489,89,14,-1.185,1.065,0,nan,141,0.0,141,0.02199999988079071
1490,90,14,-1.2149999999999999,1.065,0,nan,141,0.0,141,0.02199999988079071
1491,91,14,-1.245,1.065,0,nan,141,0.0,141,0.02199999988079071
1492,92,14,-1.275,1.065,0,nan,141,0.0,141,0.02199999988079071
1493,93,14,-1.3049999999999997,1.065,0,nan,141,0.0,141,0.02199999988079071
1494,94,14,-1.335,1.065,0,nan,141,0.0,141,0.02199999988079071
1495,95,14,-1.3649999999999998,1.065,0,nan,141,0.0,141,0.02199999988079071
1496,96,14,-1.395,1.065,0,nan,141,0.0,141,0.02199999988079071
1497,97,14,-1.4249999999999998,1.065,0,nan,141,0.0,141,0.0
1498,98,14,-1.455,1.065,0,nan,141,0.0,141,0.0
1499,99,14,-1.4849999999999999,1.065,0,nan,141,0.0,141,0.0
1500,0,15,1.485,1.0350000000000001,0,nan,141,0.0,141,0.0
1501,1,15,1.455,1.0350000000000001,0,nan,141,0.0,141,0.0
1502,2,15,1.425,1.0350000000000001,0,nan,141,0.0,141,0.0
1503,3,15,1.395,1.0350000000000001,0,nan,141,0.0,141,0.02199999988079071
1504,4,15,1.365,1.0350000000000001,0,nan,141,0.0,141,0.02199999988079071
1505,5,15,1.335,1.0350000000000001,0,nan,141,0.0,141,0.02199999988079071
1506,6,15,1.305,1.0350000000000001,0,nan,141,0.0,141,0.02199999988079071
1507,7,15,1.275,1.0350000000000001,0,nan,141,0.0,141,0.02199999988079071
1508,8,15,1.245,1.0350000000000001,0,nan,141,0.0,141,0.02199999988079071
1509,9,15,1.215,1.0350000000000001,0,nan,141,0.0,141,0.02199999988079071
1510,10,15,1.185,1.0350000000000001,0,nan,141,0.0,141,0.02199999988079071
1511,11,15,1.155,1.0350000000000001,0,nan,141,0.0,141,0.02199999988079071
1512,12,15,1.125,1.0350000000000001,0,nan,141,0.0,141,0.02199999988079071
1513,13,15,1.095,1.0350000000000001,0,nan,141,0.0,141,0.02199999988079071
1514,14,15,1.065,1.0350000000000001,0,nan,141,0.0,141,0.02199999988079071
1515,15,15,1.0350000000000001,1.0350000000000001,0,nan,141,0.0,141,0.02199999988079071
1516,16,15,1.005,1.0350000000000001,0,nan,141,0.0,141,0.02199999988079071
1517,17,15,0.975,1.0350000000000001,0,nan,141,0.0,141,0.02199999988079071
1518,18,15,0.9450000000000001,1.0350000000000001,0,nan,141,0.0,141,0.02199999988079071
1519,19,15,0.915,1.0350000000000001,0,nan,141,0.0,141,0.02199999988079071
1520,20,15,0.885,1.0350000000000001,0,nan,141,0.0,141,0.02199999988079071
1521,21,15,0.855,1.0350000000000001,0,nan,141,0.0,141,0.02199999988079071
1522,22,15,0.8250000000000001,1.0350000000000001,0,nan,141,0.0,141,0.02199999988079071
1523,23,15,0.795,1.0350000000000001,0,nan,141,0.0,141,0.02199999988079071
1524,24,15,0.765,1.0350000000000001,0,nan,141,0.0,141,0.02199999988079071
1525,25,15,0.735,1.0350000000000001,0,nan,141,0.0,141,0.02199999988079071
1526,26,15,0.7050000000000001,1.0350000000000001,0,nan,141,0.0,141,0.02199999988079071
1527,27,15,0.675,1.0350000000000001,0,nan,141,0.0,141,0.02199999988079071
1528,28,15,0.645,1.0350000000000001,0,nan,141,0.0,141,0.02199999988079071
1529,29,15,0.615,1.0350000000000001,0,nan,141,0.0,141,0.02199999988079071
1530,30,15,0.5850000000000001,1.0350000000000001,0,nan,141,0.0,141,0.02199999988079071
1531,31,15,0.555,1.0350000000000001,0,nan,141,0.0,141,0.02199999988079071
1532,32,15,0.525,1.0350000000000001,0,nan,141,0.0,141,0.02199999988079071
1533,33,15,0.4950000000000001,1.0350000000000001,0,nan,141,0.0,141,0.02199999988079071
1534,34,15,0.4650000000000001,1.0350000000000001,0,nan,141,0.0,141,0.02199999988079071
1535,35,15,0.43500000000000005,1.0350000000000001,0,nan,141,0.0,141,0.02199999988079071
1536,36,15,0.405,1.0350000000000001,0,nan,141,0.0,141,0.02199999988079071
1537,37,15,0.375,1.0350000000000001,0,nan,141,0.0,141,0.02199999988079071
1538,38,15,0.345,1.0350000000000001,0,nan,141,0.0,141,0.02199999988079071
1539,39,15,0.31499999999999995,1.0350000000000001,0,nan,141,0.0,141,0.02199999988079071
1540,40,15,0.28500000000000014,1.0350000000000001,0,nan,141,0.0,141,0.02199999988079071
1541,41,15,0.2550000000000001,1.0350000000000001,0,nan,141,0.0,141,0.02199999988079071
1542,42,15,0.2250000000000001,1.0350000000000001,0,nan,141,0.0,141,0.02199999988079071
1543,43,15,0.19500000000000006,1.0350000000000001,0,nan,141,0.0,141,0.02199999988079071
1544,44,15,0.16500000000000004,1.0350000000000001,0,nan,141,0.0,141,0.02199999988079071
1545,45,15,0.135,1.0350000000000001,0,nan,141,0.0,141,0.02199999988079071
1546,46,15,0.10499999999999998,1.0350000000000001,0,nan,141,0.0,141,0.02199999988079071
1547,47,15,0.07499999999999996,1.0350000000000001,0,nan,141,0.0,141,0.02199999988079071
1548,48,15,0.04500000000000015,1.0350000000000001,0,nan,141,0.0,141,0.02199999988079071
1549,49,15,0.015000000000000124,1.0350000000000001,0,nan,141,0.0,141,0.02199999988079071
1550,50,15,-0.014999999999999902,1.0350000000000001,0,nan,141,0.0,141,0.02199999988079071
1551,51,15,-0.04499999999999993,1.0350000000000001,0,nan,141,0.0,141,0.02199999988079071
1552,52,15,-0.07499999999999996,1.0350000000000001,0,nan,141,0.0,141,0.02199999988079071
1553,53,15,-0.10499999999999998,1.0350000000000001,0,nan,141,0.0,141,0.02199999988079071
1554,54,15,-0.135,1.0350000000000001,0,nan,141,0.0,141,0.02199999988079071
1555,55,15,-0.16500000000000004,1.0350000000000001,0,nan,141,0.0,141,0.02199999988079071
1556,56,15,-0.19499999999999984,1.0350000000000001,0,nan,141,0.0,141,0.02199999988079071
1557,57,15,-0.22499999999999987,1.0350000000000001,0,nan,141,0.0,141,0.02199999988079071
1558,58,15,-0.2549999999999999,1.0350000000000001,0,nan,141,0.0,141,0.02199999988079071
1559,59,15,-0.2849999999999999,1.0350000000000001,0,nan,141,0.0,141,0.02199999988079071
1560,60,15,-0.31499999999999995,1.0350000000000001,0,nan,141,0.0,141,0.02199999988079071
1561,61,15,-0.345,1.0350000000000001,0,nan,141,0.0,141,0.02199999988079071
1562,62,15,-0.375,1.0350000000000001,0,nan,141,0.0,141,0.02199999988079071
1563,63,15,-0.405,1.0350000000000001,0,nan,141,0.0,141,0.02199999988079071
1564,64,15,-0.43499999999999983,1.0350000000000001,0,nan,141,0.0,141,0.02199999988079071
1565,65,15,-0.46499999999999986,1.0350000000000001,0,nan,141,0.0,141,0.02199999988079071
1566,66,15,-0.4949999999999999,1.0350000000000001,0,nan,141,0.0,141,0.02199999988079071
1567,67,15,-0.5249999999999999,1.0350000000000001,0,nan,141,0.0,141,0.02199999988079071
1568,68,15,-0.5549999999999997,1.0350000000000001,0,nan,141,0.0,141,0.02199999988079071
1569,69,15,-0.585,1.0350000000000001,0,nan,141,0.0,141,0.02199999988079071
1570,70,15,-0.6149999999999998,1.0350000000000001,0,nan,141,0.0,141,0.02199999988079071
1571,71,15,-0.645,1.0350000000000001,0,nan,141,0.0,141,0.02199999988079071
1572,72,15,-0.6749999999999998,1.0350000000000001,0,nan,141,0.0,141,0.02199999988079071
1573,73,15,-0.7050000000000001,1.0350000000000001,0,nan,141,0.0,141,0.02199999988079071
1574,74,15,-0.7349999999999999,1.0350000000000001,0,nan,141,0.0,141,0.02199999988079071
1575,75,15,-0.7650000000000001,1.0350000000000001,0,nan,141,0.0,141,0.02199999988079071
1576,76,15,-0.7949999999999999,1.0350000000000001,0,nan,141,0.0,141,0.02199999988079071
1577,77,15,-0.8249999999999997,1.0350000000000001,0,nan,141,0.0,141,0.02199999988079071
1578,78,15,-0.855,1.0350000000000001,0,nan,141,0.0,141,0.02199999988079071
1579,79,15,-0.8849999999999998,1.0350000000000001,0,nan,141,0.0,141,0.02199999988079071
1580,80,15,-0.915,1.0350000000000001,0,nan,141,0.0,141,0.02199999988079071
1581,81,15,-0.9449999999999998,1.0350000000000001,0,nan,141,0.0,141,0.02199999988079071
1582,82,15,-0.9750000000000001,1.0350000000000001,0,nan,141,0.0,141,0.02199999988079071
1583,83,15,-1.005,1.0350000000000001,0,nan,141,0.0,141,0.02199999988079071
1584,84,15,-1.0349999999999997,1.0350000000000001,0,nan,141,0.0,141,0.02199999988079071
1585,85,15,-1.065,1.0350000000000001,0,nan,141,0.0,141,0.02199999988079071
1586,86,15,-1.0949999999999998,1.0350000000000001,0,nan,141,0.0,141,0.02199999988079071
1587,87,15,-1.125,1.0350000000000001,0,nan,141,0.0,141,0.02199999988079071
1588,88,15,-1.1549999999999998,1.0350000000000001,0,nan,141,0.0,141,0.02199999988079071
1589,89,15,-1.185,1.0350000000000001,0,nan,141,0.0,141,0.02199999988079071
1590,90,15,-1.2149999999999999,1.0350000000000001,0,nan,141,0.0,141,0.02199999988079071
1591,91,15,-1.245,1.0350000000000001,0,nan,141,0.0,141,0.02199999988079071
1592,92,15,-1.275,1.0350000000000001,0,nan,141,0.0,141,0.02199999988079071
1593,93,15,-1.3049999999999997,1.0350000000000001,0,nan,141,0.0,141,0.02199999988079071
1594,94,15,-1.335,1.0350000000000001,0,nan,141,0.0,141,0.02199999988079071
1595,95,15,-1.3649999999999998,1.0350000000000001,0,nan,141,0.0,141,0.02199999988079071
1596,96,15,-1.395,1.0350000000000001,0,nan,141,0.0,141,0.02199999988079071
1597,97,15,-1.4249999999999998,1.0350000000000001,0,nan,141,0.0,141,0.0
1598,98,15,-1.455,1.0350000000000001,0,nan,141,0.0,141,0.0
1599,99,15,-1.4849999999999999,1.0350000000000001,0,nan,141,0.0,141,0.0
1600,0,16,1.485,1.005,0,nan,141,0.0,141,0.0
1601,1,16,1.455,1.005,0,nan,141,0.0,141,0.0
1602,2,16,1.425,1.005,0,nan,141,0.0,141,0.0
1603,3,16,1.395,1.005,0,nan,141,0.0,141,0.02199999988079071
1604,4,16,1.365,1.005,0,nan,141,0.0,141,0.02199999988079071
1605,5,16,1.335,1.005,0,nan,141,0.0,141,0.02199999988079071
1606,6,16,1.305,1.005,0,nan,141,0.0,141,0.02199999988079071
1607,7,16,1.275,1.005,0,nan,141,0.0,141,0.02199999988079071
1608,8,16,1.245,1.005,0,nan,141,0.0,141,0.02199999988079071
1609,9,16,1.215,1.005,0,nan,141,0.0,141,0.02199999988079071
1610,10,16,1.185,1.005,0,nan,141,0.0,141,0.02199999988079071
1611,11,16,1.155,1.005,0,nan,141,0.0,141,0.02199999988079071
1612,12,16,1.125,1.005,0,nan,141,0.0,141,0.02199999988079071
1613,13,16,1.095,1.005,0,nan,141,0.0,141,0.02199999988079071
1614,14,16,1.065,1.005,0,nan,141,0.0,141,0.02199999988079071
1615,15,16,1.0350000000000001,1.005,0,nan,141,0.0,141,0.02199999988079071
1616,16,16,1.005,1.005,0,nan,141,0.0,141,0.02199999988079071
1617,17,16,0.975,1.005,0,nan,141,0.0,141,0.02199999988079071
1618,18,16,0.9450000000000001,1.005,0,nan,141,0.0,141,0.02199999988079071
1619,19,16,0.915,1.005,0,nan,141,0.0,141,0.02199999988079071
1620,20,16,0.885,1.005,0,nan,141,0.0,141,0.02199999988079071
1621,21,16,0.855,1.005,0,nan,141,0.0,141,0.02199999988079071
1622,22,16,0.8250000000000001,1.005,0,nan,141,0.0,141,0.02199999988079071
1623,23,16,0.795,1.005,0,nan,141,0.0,141,0.02199999988079071
1624,24,16,0.765,1.005,0,nan,141,0.0,141,0.02199999988079071
1625,25,16,0.735,1.005,0,nan,141,0.0,141,0.02199999988079071
1626,26,16,0.7050000000000001,1.005,0,nan,141,0.0,141,0.02199999988079071
1627,27,16,0.675,1.005,0,nan,141,0.0,141,0.02199999988079071
1628,28,16,0.645,1.005,0,nan,141,0.0,141,0.02199999988079071
1629,29,16,0.615,1.005,0,nan,141,0.0,141,0.02199999988079071
1630,30,16,0.5850000000000001,1.005,0,nan,141,0.0,141,0.02199999988079071
1631,31,16,0.555,1.005,0,nan,141,0.0,141,0.02199999988079071
1632,32,16,0.525,1.005,0,nan,141,0.0,141,0.02199999988079071
1633,33,16,0.4950000000000001,1.005,0,nan,141,0.0,141,0.02199999988079071
1634,34,16,0.4650000000000001,1.005,0,nan,141,0.0,141,0.02199999988079071
1635,35,16,0.43500000000000005,1.005,0,nan,141,0.0,141,0.02199999988079071
1636,36,16,0.405,1.005,0,nan,141,0.0,141,0.02199999988079071
1637,37,16,0.375,1.005,0,nan,141,0.0,141,0.02199999988079071
1638,38,16,0.345,1.005,0,nan,141,0.0,141,0.02199999988079071
1639,39,16,0.31499999999999995,1.005,0,nan,141,0.0,141,0.02199999988079071
1640,40,16,0.28500000000000014,1.005,0,nan,141,0.0,141,0.02199999988079071
1641,41,16,0.2550000000000001,1.005,0,nan,141,0.0,141,0.02199999988079071
1642,42,16,0.2250000000000001,1.005,0,nan,141,0.0,141,0.02199999988079071
1643,43,16,0.19500000000000006,1.005,0,nan,141,0.0,141,0.02199999988079071
1644,44,16,0.16500000000000004,1.005,0,nan,141,0.0,141,0.02199999988079071
1645,45,16,0.135,1.005,0,nan,141,0.0,141,0.02199999988079071
1646,46,16,0.10499999999999998,1.005,0,nan,141,0.0,141,0.02199999988079071
1647,47,16,0.07499999999999996,1.005,0,nan,141,0.0,141,0.02199999988079071
1648,48,16,0.04500000000000015,1.005,0,nan,141,0.0,141,0.02199999988079071
1649,49,16,0.015000000000000124,1.005,0,nan,141,0.0,141,0.02199999988079071
1650,50,16,-0.014999999999999902,1.005,0,nan,141,0.0,141,0.02199999988079071
1651,51,16,-0.04499999999999993,1.005,0,nan,141,0.0,141,0.02199999988079071
1652,52,16,-0.07499999999999996,1.005,0,nan,141,0.0,141,0.02199999988079071
1653,53,16,-0.10499999999999998,1.005,0,nan,141,0.0,141,0.02199999988079071
1654,54,16,-0.135,1.005,0,nan,141,0.0,141,0.02199999988079071
1655,55,16,-0.16500000000000004,1.005,0,nan,141,0.0,141,0.02199999988079071
1656,56,16,-0.19499999999999984,1.005,0,nan,141,0.0,141,0.02199999988079071
1657,57,16,-0.22499999999999987,1.005,0,nan,141,0.0,141,0.02199999988079071
1658,58,16,-0.2549999999999999,1.005,0,nan,141,0.0,141,0.02199999988079071
1659,59,16,-0.2849999999999999,1.005,0,nan,141,0.0,141,0.02199999988079071
1660,60,16,-0.31499999999999995,1.005,0,nan,141,0.0,141,0.02199999988079071
1661,61,16,-0.345,1.005,0,nan,141,0.0,141,0.02199999988079071
1662,62,16,-0.375,1.005,0,nan,141,0.0,141,0.02199999988079071
1663,63,16,-0.405,1.005,0,nan,141,0.0,141,0.02199999988079071
1664,64,16,-0.43499999999999983,1.005,0,nan,141,0.0,141,0.02199999988079071
1665,65,16,-0.46499999999999986,1.005,0,nan,141,0.0,141,0.02199999988079071
1666,66,16,-0.4949999999999999,1.005,0,nan,141,0.0,141,0.02199999988079071
1667,67,16,-0.5249999999999999,1.005,0,nan,141,0.0,141,0.02199999988079071
1668,68,16,-0.5549999999999997,1.005,0,nan,141,0.0,141,0.02199999988079071
1669,69,16,-0.585,1.005,0,nan,141,0.0,141,0.02199999988079071
1670,70,16,-0.6149999999999998,1.005,0,nan,141,0.0,141,0.02199999988079071
1671,71,16,-0.645,1.005,0,nan,141,0.0,141,0.02199999988079071
1672,72,16,-0.6749999999999998,1.005,0,nan,141,0.0,141,0.02199999988079071
1673,73,16,-0.7050000000000001,1.005,0,nan,141,0.0,141,0.02199999988079071
1674,74,16,-0.7349999999999999,1.005,0,nan,141,0.0,141,0.02199999988079071
1675,75,16,-0.7650000000000001,1.005,0,nan,141,0.0,141,0.02199999988079071
1676,76,16,-0.7949999999999999,1.005,0,nan,141,0.0,141,0.02199999988079071
1677,77,16,-0.8249999999999997,1.005,0,nan,141,0.0,141,0.02199999988079071
1678,78,16,-0.855,1.005,0,nan,141,0.0,141,0.02199999988079071
1679,79,16,-0.8849999999999998,1.005,0,nan,141,0.0,141,0.02199999988079071
1680,80,16,-0.915,1.005,0,nan,141,0.0,141,0.02199999988079071
1681,81,16,-0.9449999999999998,1.005,0,nan,141,0.0,141,0.02199999988079071
1682,82,16,-0.9750000000000001,1.005,0,nan,141,0.0,141,0.02199999988079071
1683,83,16,-1.005,1.005,0,nan,141,0.0,141,0.02199999988079071
1684,84,16,-1.0349999999999997,1.005,0,nan,141,0.0,141,0.02199999988079071
1685,85,16,-1.065,1.005,0,nan,141,0.0,141,0.02199999988079071
1686,86,16,-1.0949999999999998,1.005,0,nan,141,0.0,141,0.02199999988079071
1687,87,16,-1.125,1.005,0,nan,141,0.0,141,0.02199999988079071
1688,88,16,-1.1549999999999998,1.005,0,nan,141,0.0,141,0.02199999988079071
1689,89,16,-1.185,1.005,0,nan,141,0.0,141,0.02199999988079071
1690,90,16,-1.2149999999999999,1.005,0,nan,141,0.0,141,0.02199999988079071
1691,91,16,-1.245,1.005,0,nan,141,0.0,141,0.02199999988079071
1692,92,16,-1.275,1.005,0,nan,141,0.0,141,0.02199999988079071
1693,93,16,-1.3049999999999997,1.005,0,nan,141,0.0,141,0.02199999988079071
1694,94,16,-1.335,1.005,0,nan,141,0.0,141,0.02199999988079071
1695,95,16,-1.3649999999999998,1.005,0,nan,141,0.0,141,0.02199999988079071
1696,96,16,-1.395,1.005,0,nan,141,0.0,141,0.02199999988079071
1697,97,16,-1.4249999999999998,1.005,0,nan,141,0.0,141,0.0
1698,98,16,-1.455,1.005,0,nan,141,0.0,141,0.0
1699,99,16,-1.4849999999999999,1.005,0,nan,141,0.0,141,0.0
1700,0,17,1.485,0.975,0,nan,141,0.0,141,0.0
1701,1,17,1.455,0.975,0,nan,141,0.0,141,0.0
1702,2,17,1.425,0.975,0,nan,141,0.0,141,0.0
1703,3,17,1.395,0.975,0,nan,141,0.0,141,0.02199999988079071
1704,4,17,1.365,0.975,0,nan,141,0.0,141,0.02199999988079071
1705,5,17,1.335,0.975,0,nan,141,0.0,141,0.02199999988079071
1706,6,17,1.305,0.975,0,nan,141,0.0,141,0.02199999988079071
1707,7,17,1.275,0.975,0,nan,141,0.0,141,0.02199999988079071
1708,8,17,1.245,0.975,0,nan,141,0.0,141,0.02199999988079071
1709,9,17,1.215,0.975,0,nan,141,0.0,141,0.02199999988079071
1710,10,17,1.185,0.975,0,nan,141,0.0,141,0.02199999988079071
1711,11,17,1.155,0.975,0,nan,141,0.0,141,0.02199999988079071
1712,12,17,1.125,0.975,0,nan,141,0.0,141,0.02199999988079071
1713,13,17,1.095,0.975,0,nan,141,0.0,141,0.02199999988079071
1714,14,17,1.065,0.975,0,nan,141,0.0,141,0.02199999988079071
1715,15,17,1.0350000000000001,0.975,0,nan,141,0.0,141,0.02199999988079071
1716,16,17,1.005,0.975,0,nan,141,0.0,141,0.02199999988079071
1717,17,17,0.975,0.975,0,nan,141,0.0,141,0.02199999988079071
1718,18,17,0.9450000000000001,0.975,0,nan,141,0.0,141,0.02199999988079071
1719,19,17,0.915,0.975,0,nan,141,0.0,141,0.02199999988079071
1720,20,17,0.885,0.975,0,nan,141,0.0,141,0.02199999988079071
1721,21,17,0.855,0.975,0,nan,141,0.0,141,0.02199999988079071
1722,22,17,0.8250000000000001,0.975,0,nan,141,0.0,141,0.02199999988079071
1723,23,17,0.795,0.975,0,nan,141,0.0,141,0.02199999988079071
1724,24,17,0.765,0.975,0,nan,141,0.0,141,0.02199999988079071
1725,25,17,0.735,0.975,0,nan,141,0.0,141,0.02199999988079071
1726,26,17,0.7050000000000001,0.975,0,nan,141,0.0,141,0.02199999988079071
1727,27,17,0.675,0.975,0,nan,141,0.0,141,0.02199999988079071
1728,28,17,0.645,0.975,0,nan,141,0.0,141,0.02199999988079071
1729,29,17,0.615,0.975,0,nan,141,0.0,141,0.02199999988079071
1730,30,17,0.5850000000000001,0.975,0,nan,141,0.0,141,0.02199999988079071
1731,31,17,0.555,0.975,0,nan,141,0.0,141,0.02199999988079071
1732,32,17,0.525,0.975,0,nan,141,0.0,141,0.02199999988079071
1733,33,17,0.4950000000000001,0.975,0,nan,141,0.0,141,0.02199999988079071
1734,34,17,0.4650000000000001,0.975,0,nan,141,0.0,141,0.02199999988079071
1735,35,17,0.43500000000000005,0.975,0,nan,141,0.0,141,0.02199999988079071
1736,36,17,0.405,0.975,0,nan,141,0.0,141,0.02199999988079071
1737,37,17,0.375,0.975,0,nan,141,0.0,141,0.02199999988079071
1738,38,17,0.345,0.975,0,nan,141,0.0,141,0.02199999988079071
1739,39,17,0.31499999999999995,0.975,0,nan,141,0.0,141,0.02199999988079071
1740,40,17,0.28500000000000014,0.975,0,nan,141,0.0,141,0.02199999988079071
1741,41,17,0.2550000000000001,0.975,0,nan,141,0.0,141,0.02199999988079071
1742,42,17,0.2250000000000001,0.975,0,nan,141,0.0,141,0.02199999988079071
1743,43,17,0.19500000000000006,0.975,0,nan,141,0.0,141,0.02199999988079071
1744,44,17,0.16500000000000004,0.975,0,nan,141,0.0,141,0.02199999988079071
1745,45,17,0.135,0.975,0,nan,141,0.0,141,0.02199999988079071
1746,46,17,0.10499999999999998,0.975,0,nan,141,0.0,141,0.02199999988079071
1747,47,17,0.07499999999999996,0.975,0,nan,141,0.0,141,0.02199999988079071
1748,48,17,0.04500000000000015,0.975,0,nan,141,0.0,141,0.02199999988079071
1749,49,17,0.015000000000000124,0.975,0,nan,141,0.0,141,0.02199999988079071
1750,50,17,-0.014999999999999902,0.975,0,nan,141,0.0,141,0.02199999988079071
1751,51,17,-0.04499999999999993,0.975,0,nan,141,0.0,141,0.02199999988079071
1752,52,17,-0.07499999999999996,0.975,0,nan,141,0.0,141,0.02199999988079071
1753,53,17,-0.10499999999999998,0.975,0,nan,141,0.0,141,0.02199999988079071
1754,54,17,-0.135,0.975,0,nan,141,0.0,141,0.02199999988079071
1755,55,17,-0.16500000000000004,0.975,0,nan,141,0.0,141,0.02199999988079071
1756,56,17,-0.19499999999999984,0.975,0,nan,141,0.0,141,0.02199999988079071
1757,57,17,-0.22499999999999987,0.975,0,nan,141,0.0,141,0.02199999988079071
1758,58,17,-0.2549999999999999,0.975,0,nan,141,0.0,141,0.02199999988079071
1759,59,17,-0.2849999999999999,0.975,0,nan,141,0.0,141,0.02199999988079071
1760,60,17,-0.31499999999999995,0.975,0,nan,141,0.0,141,0.02199999988079071
1761,61,17,-0.345,0.975,0,nan,141,0.0,141,0.02199999988079071
1762,62,17,-0.375,0.975,0,nan,141,0.0,141,0.02199999988079071
1763,63,17,-0.405,0.975,0,nan,141,0.0,141,0.02199999988079071
1764,64,17,-0.43499999999999983,0.975,0,nan,141,0.0,141,0.02199999988079071
1765,65,17,-0.46499999999999986,0.975,0,nan,141,0.0,141,0.02199999988079071
1766,66,17,-0.4949999999999999,0.975,0,nan,141,0.0,141,0.02199999988079071
1767,67,17,-0.5249999999999999,0.975,0,nan,141,0.0,141,0.02199999988079071
1768,68,17,-0.5549999999999997,0.975,0,nan,141,0.0,141,0.02199999988079071
1769,69,17,-0.585,0.975,0,nan,141,0.0,141,0.02199999988079071
1770,70,17,-0.6149999999999998,0.975,0,nan,141,0.0,141,0.02199999988079071
1771,71,17,-0.645,0.975,0,nan,141,0.0,141,0.02199999988079071
1772,72,17,-0.6749999999999998,0.975,0,nan,141,0.0,141,0.02199999988079071
1773,73,17,-0.7050000000000001,0.975,0,nan,141,0.0,141,0.02199999988079071
1774,74,17,-0.7349999999999999,0.975,0,nan,141,0.0,141,0.02199999988079071
1775,75,17,-0.7650000000000001,0.975,0,nan,141,0.0,141,0.02199999988079071
1776,76,17,-0.7949999999999999,0.975,0,nan,141,0.0,141,0.02199999988079071
1777,77,17,-0.8249999999999997,0.975,0,nan,141,0.0,141,0.02199999988079071
1778,78,17,-0.855,0.975,0,nan,141,0.0,141,0.02199999988079071
1779,79,17,-0.8849999999999998,0.975,0,nan,141,0.0,141,0.02199999988079071
1780,80,17,-0.915,0.975,0,nan,141,0.0,141,0.02199999988079071
1781,81,17,-0.9449999999999998,0.975,0,nan,141,0.0,141,0.02199999988079071
1782,82,17,-0.9750000000000001,0.975,0,nan,141,0.0,141,0.02199999988079071
1783,83,17,-1.005,0.975,0,nan,141,0.0,141,0.02199999988079071
1784,84,17,-1.0349999999999997,0.975,0,nan,141,0.0,141,0.02199999988079071
1785,85,17,-1.065,0.975,0,nan,141,0.0,141,0.02199999988079071
1786,86,17,-1.0949999999999998,0.975,0,nan,141,0.0,141,0.02199999988079071
1787,87,17,-1.125,0.975,0,nan,141,0.0,141,0.02199999988079071
1788,88,17,-1.1549999999999998,0.975,0,nan,141,0.0,141,0.02199999988079071
1789,89,17,-1.185,0.975,0,nan,141,0.0,141,0.02199999988079071
1790,90,17,-1.2149999999999999,0.975,0,nan,141,0.0,141,0.02199999988079071
1791,91,17,-1.245,0.975,0,nan,141,0.0,141,0.02199999988079071
1792,92,17,-1.275,0.975,0,nan,141,0.0,141,0.02199999988079071
1793,93,17,-1.3049999999999997,0.975,0,nan,141,0.0,141,0.02199999988079071
1794,94,17,-1.335,0.975,0,nan,141,0.0,141,0.02199999988079071
1795,95,17,-1.3649999999999998,0.975,0,nan,141,0.0,141,0.02199999988079071
1796,96,17,-1.395,0.975,0,nan,141,0.0,141,0.02199999988079071
1797,97,17,-1.4249999999999998,0.975,0,nan,141,0.0,141,0.0
1798,98,17,-1.455,0.975,0,nan,141,0.0,141,0.0
1799,99,17,-1.4849999999999999,0.975,0,nan,141,0.0,141,0.0
1800,0,18,1.485,0.9450000000000001,0,nan,141,0.0,141,0.0
1801,1,18,1.455,0.9450000000000001,0,nan,141,0.0,141,0.0
1802,2,18,1.425,0.9450000000000001,0,nan,141,0.0,141,0.0
1803,3,18,1.395,0.9450000000000001,0,nan,141,0.0,141,0.02199999988079071
1804,4,18,1.365,0.9450000000000001,0,nan,141,0.0,141,0.02199999988079071
1805,5,18,1.335,0.9450000000000001,0,nan,141,0.0,141,0.02199999988079071
1806,6,18,1.305,0.9450000000000001,0,nan,141,0.0,141,0.02199999988079071
1807,7,18,1.275,0.9450000000000001,0,nan,141,0.0,141,0.02199999988079071
1808,8,18,1.245,0.9450000000000001,0,nan,141,0.0,141,0.02199999988079071
1809,9,18,1.215,0.9450000000000001,0,nan,141,0.0,141,0.02199999988079071
1810,10,18,1.185,0.9450000000000001,0,nan,141,0.0,141,0.02199999988079071
1811,11,18,1.155,0.9450000000000001,0,nan,141,0.0,141,0.02199999988079071
1812,12,18,1.125,0.9450000000000001,0,nan,141,0.0,141,0.02199999988079071
1813,13,18,1.095,0.9450000000000001,0,nan,141,0.0,141,0.02199999988079071
1814,14,18,1.065,0.9450000000000001,0,nan,141,0.0,141,0.02199999988079071
1815,15,18,1.0350000000000001,0.9450000000000001,0,nan,141,0.0,141,0.02199999988079071
1816,16,18,1.005,0.9450000000000001,0,nan,141,0.0,141,0.02199999988079071
1817,17,18,0.975,0.9450000000000001,0,nan,141,0.0,141,0.02199999988079071
1818,18,18,0.9450000000000001,0.9450000000000001,0,nan,141,0.0,141,0.02199999988079071
1819,19,18,0.915,0.9450000000000001,0,nan,141,0.0,141,0.02199999988079071
1820,20,18,0.885,0.9450000000000001,0,nan,141,0.0,141,0.02199999988079071
1821,21,18,0.855,0.9450000000000001,0,nan,141,0.0,141,0.02199999988079071
1822,22,18,0.8250000000000001,0.9450000000000001,0,nan,141,0.0,141,0.02199999988079071
1823,23,18,0.795,0.9450000000000001,0,nan,141,0.0,141,0.02199999988079071
1824,24,18,0.765,0.9450000000000001,0,nan,141,0.0,141,0.02199999988079071
1825,25,18,0.735,0.9450000000000001,0,nan,141,0.0,141,0.02199999988079071
1826,26,18,0.7050000000000001,0.9450000000000001,0,nan,141,0.0,141,0.02199999988079071
1827,27,18,0.675,0.9450000000000001,0,nan,141,0.0,141,0.02199999988079071
1828,28,18,0.645,0.9450000000000001,0,nan,141,0.0,141,0.02199999988079071
1829,29,18,0.615,0.9450000000000001,0,nan,141,0.0,141,0.02199999988079071
1830,30,18,0.5850000000000001,0.9450000000000001,0,nan,141,0.0,141,0.02199999988079071
1831,31,18,0.555,0.9450000000000001,0,nan,141,0.0,141,0.02199999988079071
1832,32,18,0.525,0.9450000000000001,0,nan,141,0.0,141,0.02199999988079071
1833,33,18,0.4950000000000001,0.9450000000000001,0,nan,141,0.0,141,0.02199999988079071
1834,34,18,0.4650000000000001,0.9450000000000001,0,nan,141,0.0,141,0.02199999988079071
1835,35,18,0.43500000000000005,0.9450000000000001,0,nan,141,0.0,141,0.02199999988079071
1836,36,18,0.405,0.9450000000000001,0,nan,141,0.0,141,0.02199999988079071
1837,37,18,0.375,0.9450000000000001,0,nan,141,0.0,141,0.02199999988079071
1838,38,18,0.345,0.9450000000000001,0,nan,141,0.0,141,0.02199999988079071
1839,39,18,0.31499999999999995,0.9450000000000001,0,nan,141,0.0,141,0.02199999988079071
1840,40,18,0.28500000000000014,0.9450000000000001,0,nan,141,0.0,141,0.02199999988079071
1841,41,18,0.2550000000000001,0.9450000000000001,0,nan,141,0.0,141,0.02199999988079071
1842,42,18,0.2250000000000001,0.9450000000000001,0,nan,141,0.0,141,0.02199999988079071
1843,43,18,0.19500000000000006,0.9450000000000001,0,nan,141,0.0,141,0.02199999988079071
1844,44,18,0.16500000000000004,0.9450000000000001,0,nan,141,0.0,141,0.02199999988079071
1845,45,18,0.135,0.9450000000000001,0,nan,141,0.0,141,0.02199999988079071
1846,46,18,0.10499999999999998,0.9450000000000001,0,nan,141,0.0,141,0.02199999988079071
1847,47,18,0.07499999999999996,0.9450000000000001,0,nan,141,0.0,141,0.02199999988079071
1848,48,18,0.04500000000000015,0.9450000000000001,0,nan,141,0.0,141,0.02199999988079071
1849,49,18,0.015000000000000124,0.9450000000000001,0,nan,141,0.0,141,0.02199999988079071
1850,50,18,-0.014999999999999902,0.9450000000000001,0,nan,141,0.0,141,0.02199999988079071
1851,51,18,-0.04499999999999993,0.9450000000000001,0,nan,141,0.0,141,0.02199999988079071
1852,52,18,-0.07499999999999996,0.9450000000000001,0,nan,141,0.0,141,0.02199999988079071
1853,53,18,-0.10499999999999998,0.9450000000000001,0,nan,141,0.0,141,0.02199999988079071
1854,54,18,-0.135,0.9450000000000001,0,nan,141,0.0,141,0.02199999988079071
1855,55,18,-0.16500000000000004,0.9450000000000001,0,nan,141,0.0,141,0.02199999988079071
1856,56,18,-0.19499999999999984,0.9450000000000001,0,nan,141,0.0,141,0.02199999988079071
1857,57,18,-0.22499999999999987,0.9450000000000001,0,nan,141,0.0,141,0.02199999988079071
1858,58,18,-0.2549999999999999,0.9450000000000001,0,nan,141,0.0,141,0.02199999988079071
1859,59,18,-0.2849999999999999,0.9450000000000001,0,nan,141,0.0,141,0.02199999988079071
1860,60,18,-0.31499999999999995,0.9450000000000001,0,nan,141,0.0,141,0.02199999988079071
1861,61,18,-0.345,0.9450000000000001,0,nan,141,0.0,141,0.02199999988079071
1862,62,18,-0.375,0.9450000000000001,0,nan,141,0.0,141,0.02199999988079071
1863,63,18,-0.405,0.9450000000000001,0,nan,141,0.0,141,0.02199999988079071
1864,64,18,-0.43499999999999983,0.9450000000000001,0,nan,141,0.0,141,0.02199999988079071
1865,65,18,-0.46499999999999986,0.9450000000000001,0,nan,141,0.0,141,0.02199999988079071
1866,66,18,-0.4949999999999999,0.9450000000000001,0,nan,141,0.0,141,0.02199999988079071
1867,67,18,-0.5249999999999999,0.9450000000000001,0,nan,141,0.0,141,0.02199999988079071
1868,68,18,-0.5549999999999997,0.9450000000000001,0,nan,141,0.0,141,0.02199999988079071
1869,69,18,-0.585,0.9450000000000001,0,nan,141,0.0,141,0.02199999988079071
1870,70,18,-0.6149999999999998,0.9450000000000001,0,nan,141,0.0,141,0.02199999988079071
1871,71,18,-0.645,0.9450000000000001,0,nan,141,0.0,141,0.02199999988079071
1872,72,18,-0.6749999999999998,0.9450000000000001,0,nan,141,0.0,141,0.02199999988079071
1873,73,18,-0.7050000000000001,0.9450000000000001,0,nan,141,0.0,141,0.02199999988079071
1874,74,18,-0.7349999999999999,0.9450000000000001,0,nan,141,0.0,141,0.02199999988079071
1875,75,18,-0.7650000000000001,0.9450000000000001,0,nan,141,0.0,141,0.02199999988079071
1876,76,18,-0.7949999999999999,0.9450000000000001,0,nan,141,0.0,141,0.02199999988079071
1877,77,18,-0.8249999999999997,0.9450000000000001,0,nan,141,0.0,141,0.02199999988079071
1878,78,18,-0.855,0.9450000000000001,0,nan,141,0.0,141,0.02199999988079071
1879,79,18,-0.8849999999999998,0.9450000000000001,0,nan,141,0.0,141,0.02199999988079071
1880,80,18,-0.915,0.9450000000000001,0,nan,141,0.0,141,0.02199999988079071
1881,81,18,-0.9449999999999998,0.9450000000000001,0,nan,141,0.0,141,0.02199999988079071
1882,82,18,-0.9750000000000001,0.9450000000000001,0,nan,141,0.0,141,0.02199999988079071
1883,83,18,-1.005,0.9450000000000001,0,nan,141,0.0,141,0.02199999988079071
1884,84,18,-1.0349999999999997,0.9450000000000001,0,nan,141,0.0,141,0.02199999988079071
1885,85,18,-1.065,0.9450000000000001,0,nan,141,0.0,141,0.02199999988079071
1886,86,18,-1.0949999999999998,0.9450000000000001,0,nan,141,0.0,141,0.02199999988079071
1887,87,18,-1.125,0.9450000000000001,0,nan,141,0.0,141,0.02199999988079071
1888,88,18,-1.1549999999999998,0.9450000000000001,0,nan,141,0.0,141,0.02199999988079071
1889,89,18,-1.185,0.9450000000000001,0,nan,141,0.0,141,0.02199999988079071
1890,90,18,-1.2149999999999999,0.9450000000000001,0,nan,141,0.0,141,0.02199999988079071
1891,91,18,-1.245,0.9450000000000001,0,nan,141,0.0,141,0.02199999988079071
1892,92,18,-1.275,0.9450000000000001,0,nan,141,0.0,141,0.02199999988079071
1893,93,18,-1.3049999999999997,0.9450000000000001,0,nan,141,0.0,141,0.02199999988079071
1894,94,18,-1.335,0.9450000000000001,0,nan,141,0.0,141,0.02199999988079071
1895,95,18,-1.3649999999999998,0.9450000000000001,0,nan,141,0.0,141,0.02199999988079071
1896,96,18,-1.395,0.9450000000000001,0,nan,141,0.0,141,0.02199999988079071
1897,97,18,-1.4249999999999998,0.9450000000000001,0,nan,141,0.0,141,0.0
1898,98,18,-1.455,0.9450000000000001,0,nan,141,0.0,141,0.0
1899,99,18,-1.4849999999999999,0.9450000000000001,0,nan,141,0.0,141,0.0
1900,0,19,1.485,0.915,0,nan,141,0.0,141,0.0
1901,1,19,1.455,0.915,0,nan,141,0.0,141,0.0
1902,2,19,1.425,0.915,0,nan,141,0.0,141,0.0
1903,3,19,1.395,0.915,0,nan,141,0.0,141,0.02199999988079071
1904,4,19,1.365,0.915,0,nan,141,0.0,141,0.02199999988079071
1905,5,19,1.335,0.915,0,nan,141,0.0,141,0.02199999988079071
1906,6,19,1.305,0.915,0,nan,141,0.0,141,0.02199999988079071
1907,7,19,1.275,0.915,0,nan,141,0.0,141,0.02199999988079071
1908,8,19,1.245,0.915,0,nan,141,0.0,141,0.02199999988079071
1909,9,19,1.215,0.915,0,nan,141,0.0,141,0.02199999988079071
1910,10,19,1.185,0.915,0,nan,141,0.0,141,0.02199999988079071
1911,11,19,1.155,0.915,0,nan,141,0.0,141,0.02199999988079071
1912,12,19,1.125,0.915,0,nan,141,0.0,141,0.02199999988079071
1913,13,19,1.095,0.915,0,nan,141,0.0,141,0.02199999988079071
1914,14,19,1.065,0.915,0,nan,141,0.0,141,0.02199999988079071
1915,15,19,1.0350000000000001,0.915,0,nan,141,0.0,141,0.02199999988079071
1916,16,19,1.005,0.915,0,nan,141,0.0,141,0.02199999988079071
1917,17,19,0.975,0.915,0,nan,141,0.0,141,0.02199999988079071
1918,18,19,0.9450000000000001,0.915,0,nan,141,0.0,141,0.02199999988079071
1919,19,19,0.915,0.915,0,nan,141,0.0,141,0.02199999988079071
1920,20,19,0.885,0.915,0,nan,141,0.0,141,0.02199999988079071
1921,21,19,0.855,0.915,0,nan,141,0.0,141,0.02199999988079071
1922,22,19,0.8250000000000001,0.915,0,nan,141,0.0,141,0.02199999988079071
1923,23,19,0.795,0.915,0,nan,141,0.0,141,0.02199999988079071
1924,24,19,0.765,0.915,0,nan,141,0.0,141,0.02199999988079071
1925,25,19,0.735,0.915,0,nan,141,0.0,141,0.02199999988079071
1926,26,19,0.7050000000000001,0.915,0,nan,141,0.0,141,0.02199999988079071
1927,27,19,0.675,0.915,0,nan,141,0.0,141,0.02199999988079071
1928,28,19,0.645,0.915,0,nan,141,0.0,141,0.02199999988079071
1929,29,19,0.615,0.915,0,nan,141,0.0,141,0.02199999988079071
1930,30,19,0.5850000000000001,0.915,0,nan,141,0.0,141,0.02199999988079071
1931,31,19,0.555,0.915,0,nan,141,0.0,141,0.02199999988079071
1932,32,19,0.525,0.915,0,nan,141,0.0,141,0.02199999988079071
1933,33,19,0.4950000000000001,0.915,0,nan,141,0.0,141,0.02199999988079071
1934,34,19,0.4650000000000001,0.915,0,nan,141,0.0,141,0.02199999988079071
1935,35,19,0.43500000000000005,0.915,0,nan,141,0.0,141,0.02199999988079071
1936,36,19,0.405,0.915,0,nan,141,0.0,141,0.02199999988079071
1937,37,19,0.375,0.915,0,nan,141,0.0,141,0.02199999988079071
1938,38,19,0.345,0.915,0,nan,141,0.0,141,0.02199999988079071
1939,39,19,0.31499999999999995,0.915,0,nan,141,0.0,141,0.02199999988079071
1940,40,19,0.28500000000000014,0.915,0,nan,141,0.0,141,0.02199999988079071
1941,41,19,0.2550000000000001,0.915,0,nan,141,0.0,141,0.02199999988079071
1942,42,19,0.2250000000000001,0.915,0,nan,141,0.0,141,0.02199999988079071
1943,43,19,0.19500000000000006,0.915,0,nan,141,0.0,141,0.02199999988079071
1944,44,19,0.16500000000000004,0.915,0,nan,141,0.0,141,0.02199999988079071
1945,45,19,0.135,0.915,0,nan,141,0.0,141,0.02199999988079071
1946,46,19,0.10499999999999998,0.915,0,nan,141,0.0,141,0.02199999988079071
1947,47,19,0.07499999999999996,0.915,0,nan,141,0.0,141,0.02199999988079071
1948,48,19,0.04500000000000015,0.915,0,nan,141,0.0,141,0.02199999988079071
1949,49,19,0.015000000000000124,0.915,0,nan,141,0.0,141,0.02199999988079071
1950,50,19,-0.014999999999999902,0.915,0,nan,141,0.0,141,0.02199999988079071
1951,51,19,-0.04499999999999993,0.915,0,nan,141,0.0,141,0.02199999988079071
1952,52,19,-0.07499999999999996,0.915,0,nan,141,0.0,141,0.02199999988079071
1953,53,19,-0.10499999999999998,0.915,0,nan,141,0.0,141,0.02199999988079071
1954,54,19,-0.135,0.915,0,nan,141,0.0,141,0.02199999988079071
1955,55,19,-0.16500000000000004,0.915,0,nan,141,0.0,141,0.02199999988079071
1956,56,19,-0.19499999999999984,0.915,0,nan,141,0.0,141,0.02199999988079071
1957,57,19,-0.22499999999999987,0.915,0,nan,141,0.0,141,0.02199999988079071
1958,58,19,-0.2549999999999999,0.915,0,nan,141,0.0,141,0.02199999988079071
1959,59,19,-0.2849999999999999,0.915,0,nan,141,0.0,141,0.02199999988079071
1960,60,19,-0.31499999999999995,0.915,0,nan,141,0.0,141,0.02199999988079071
1961,61,19,-0.345,0.915,0,nan,141,0.0,141,0.02199999988079071
1962,62,19,-0.375,0.915,0,nan,141,0.0,141,0.02199999988079071
1963,63,19,-0.405,0.915,0,nan,141,0.0,141,0.02199999988079071
1964,64,19,-0.43499999999999983,0.915,0,nan,141,0.0,141,0.02199999988079071
1965,65,19,-0.46499999999999986,0.915,0,nan,141,0.0,141,0.02199999988079071
1966,66,19,-0.4949999999999999,0.915,0,nan,141,0.0,141,0.02199999988079071
1967,67,19,-0.5249999999999999,0.915,0,nan,141,0.0,141,0.02199999988079071
1968,68,19,-0.5549999999999997,0.915,0,nan,141,0.0,141,0.02199999988079071
1969,69,19,-0.585,0.915,0,nan,141,0.0,141,0.02199999988079071
1970,70,19,-0.6149999999999998,0.915,0,nan,141,0.0,141,0.02199999988079071
1971,71,19,-0.645,0.915,0,nan,141,0.0,141,0.02199999988079071
1972,72,19,-0.6749999999999998,0.915,0,nan,141,0.0,141,0.02199999988079071
1973,73,19,-0.7050000000000001,0.915,0,nan,141,0.0,141,0.02199999988079071
1974,74,19,-0.7349999999999999,0.915,0,nan,141,0.0,141,0.02199999988079071
1975,75,19,-0.7650000000000001,0.915,0,nan,141,0.0,141,0.02199999988079071
1976,76,19,-0.7949999999999999,0.915,0,nan,141,0.0,141,0.02199999988079071
1977,77,19,-0.8249999999999997,0.915,0,nan,141,0.0,141,0.02199999988079071
1978,78,19,-0.855,0.915,0,nan,141,0.0,141,0.02199999988079071
1979,79,19,-0.8849999999999998,0.915,0,nan,141,0.0,141,0.02199999988079071
1980,80,19,-0.915,0.915,0,nan,141,0.0,141,0.02199999988079071
1981,81,19,-0.9449999999999998,0.915,0,nan,141,0.0,141,0.02199999988079071
1982,82,19,-0.9750000000000001,0.915,0,nan,141,0.0,141,0.02199999988079071
1983,83,19,-1.005,0.915,0,nan,141,0.0,141,0.02199999988079071
1984,84,19,-1.0349999999999997,0.915,0,nan,141,0.0,141,0.02199999988079071
1985,85,19,-1.065,0.915,0,nan,141,0.0,141,0.02199999988079071
1986,86,19,-1.0949999999999998,0.915,0,nan,141,0.0,141,0.02199999988079071
1987,87,19,-1.125,0.915,0,nan,141,0.0,141,0.02199999988079071
1988,88,19,-1.1549999999999998,0.915,0,nan,141,0.0,141,0.02199999988079071
1989,89,19,-1.185,0.915,0,nan,141,0.0,141,0.02199999988079071
1990,90,19,-1.2149999999999999,0.915,0,nan,141,0.0,141,0.02199999988079071
1991,91,19,-1.245,0.915,0,nan,141,0.0,141,0.02199999988079071
1992,92,19,-1.275,0.915,0,nan,141,0.0,141,0.02199999988079071
1993,93,19,-1.3049999999999997,0.915,0,nan,141,0.0,141,0.02199999988079071
1994,94,19,-1.335,0.915,0,nan,141,0.0,141,0.02199999988079071
1995,95,19,-1.3649999999999998,0.915,0,nan,141,0.0,141,0.02199999988079071
1996,96,19,-1.395,0.915,0,nan,141,0.0,141,0.02199999988079071
1997,97,19,-1.4249999999999998,0.915,0,nan,141,0.0,141,0.0
1998,98,19,-1.455,0.915,0,nan,141,0.0,141,0.0
1999,99,19,-1.4849999999999999,0.915,0,nan,141,0.0,141,0.0
2000,0,20,1.485,0.885,0,nan,141,0.0,141,0.0
2001,1,20,1.455,0.885,0,nan,141,0.0,141,0.0
2002,2,20,1.425,0.885,0,nan,141,0.0,141,0.0
2003,3,20,1.395,0.885,0,nan,141,0.0,141,0.02199999988079071
2004,4,20,1.365,0.885,0,nan,141,0.0,141,0.02199999988079071
2005,5,20,1.335,0.885,0,nan,141,0.0,141,0.02199999988079071
2006,6,20,1.305,0.885,0,nan,141,0.0,141,0.02199999988079071
2007,7,20,1.275,0.885,0,nan,141,0.0,141,0.02199999988079071
2008,8,20,1.245,0.885,0,nan,141,0.0,141,0.02199999988079071
2009,9,20,1.215,0.885,0,nan,141,0.0,141,0.02199999988079071
2010,10,20,1.185,0.885,0,nan,141,0.0,141,0.02199999988079071
2011,11,20,1.155,0.885,0,nan,141,0.0,141,0.02199999988079071
2012,12,20,1.125,0.885,0,nan,141,0.0,141,0.02199999988079071
2013,13,20,1.095,0.885,0,nan,141,0.0,141,0.02199999988079071
2014,14,20,1.065,0.885,0,nan,141,0.0,141,0.02199999988079071
2015,15,20,1.0350000000000001,0.885,0,nan,141,0.0,141,0.02199999988079071
2016,16,20,1.005,0.885,0,nan,141,0.0,141,0.02199999988079071
2017,17,20,0.975,0.885,0,nan,141,0.0,141,0.02199999988079071
2018,18,20,0.9450000000000001,0.885,0,nan,141,0.0,141,0.02199999988079071
2019,19,20,0.915,0.885,0,nan,141,0.0,141,0.02199999988079071
2020,20,20,0.885,0.885,0,nan,141,0.0,141,0.02199999988079071
2021,21,20,0.855,0.885,0,nan,141,0.0,141,0.02199999988079071
2022,22,20,0.8250000000000001,0.885,0,nan,141,0.0,141,0.02199999988079071
2023,23,20,0.795,0.885,0,nan,141,0.0,141,0.02199999988079071
2024,24,20,0.765,0.885,0,nan,141,0.0,141,0.02199999988079071
2025,25,20,0.735,0.885,0,nan,141,0.0,141,0.02199999988079071
2026,26,20,0.7050000000000001,0.885,0,nan,141,0.0,141,0.02199999988079071
2027,27,20,0.675,0.885,0,nan,141,0.0,141,0.02199999988079071
2028,28,20,0.645,0.885,0,nan,141,0.0,141,0.02199999988079071
2029,29,20,0.615,0.885,0,nan,141,0.0,141,0.02199999988079071
2030,30,20,0.5850000000000001,0.885,0,nan,141,0.0,141,0.02199999988079071
2031,31,20,0.555,0.885,0,nan,141,0.0,141,0.02199999988079071
2032,32,20,0.525,0.885,0,nan,141,0.0,141,0.02199999988079071
2033,33,20,0.4950000000000001,0.885,0,nan,141,0.0,141,0.02199999988079071
2034,34,20,0.4650000000000001,0.885,0,nan,141,0.0,141,0.02199999988079071
2035,35,20,0.43500000000000005,0.885,0,nan,141,0.0,141,0.02199999988079071
2036,36,20,0.405,0.885,0,nan,141,0.0,141,0.02199999988079071
2037,37,20,0.375,0.885,0,nan,141,0.0,141,0.02199999988079071
2038,38,20,0.345,0.885,0,nan,141,0.0,141,0.02199999988079071
2039,39,20,0.31499999999999995,0.885,0,nan,141,0.0,141,0.02199999988079071
2040,40,20,0.28500000000000014,0.885,0,nan,141,0.0,141,0.02199999988079071
2041,41,20,0.2550000000000001,0.885,0,nan,141,0.0,141,0.02199999988079071
2042,42,20,0.2250000000000001,0.885,0,nan,141,0.0,141,0.02199999988079071
2043,43,20,0.19500000000000006,0.885,0,nan,141,0.0,141,0.02199999988079071
2044,44,20,0.16500000000000004,0.885,0,nan,141,0.0,141,0.02199999988079071
2045,45,20,0.135,0.885,0,nan,141,0.0,141,0.02199999988079071
2046,46,20,0.10499999999999998,0.885,0,nan,141,0.0,141,0.02199999988079071
2047,47,20,0.07499999999999996,0.885,0,nan,141,0.0,141,0.02199999988079071
2048,48,20,0.04500000000000015,0.885,0,nan,141,0.0,141,0.02199999988079071
2049,49,20,0.015000000000000124,0.885,0,nan,141,0.0,141,0.02199999988079071
2050,50,20,-0.014999999999999902,0.885,0,nan,141,0.0,141,0.02199999988079071
2051,51,20,-0.04499999999999993,0.885,0,nan,141,0.0,141,0.02199999988079071
2052,52,20,-0.07499999999999996,0.885,0,nan,141,0.0,141,0.02199999988079071
2053,53,20,-0.10499999999999998,0.885,0,nan,141,0.0,141,0.02199999988079071
2054,54,20,-0.135,0.885,0,nan,141,0.0,141,0.02199999988079071
2055,55,20,-0.16500000000000004,0.885,0,nan,141,0.0,141,0.02199999988079071
2056,56,20,-0.19499999999999984,0.885,0,nan,141,0.0,141,0.02199999988079071
2057,57,20,-0.22499999999999987,0.885,0,nan,141,0.0,141,0.02199999988079071
2058,58,20,-0.2549999999999999,0.885,0,nan,141,0.0,141,0.02199999988079071
2059,59,20,-0.2849999999999999,0.885,0,nan,141,0.0,141,0.02199999988079071
2060,60,20,-0.31499999999999995,0.885,0,nan,141,0.0,141,0.02199999988079071
2061,61,20,-0.345,0.885,0,nan,141,0.0,141,0.02199999988079071
2062,62,20,-0.375,0.885,0,nan,141,0.0,141,0.02199999988079071
2063,63,20,-0.405,0.885,0,nan,141,0.0,141,0.02199999988079071
2064,64,20,-0.43499999999999983,0.885,0,nan,141,0.0,141,0.02199999988079071
2065,65,20,-0.46499999999999986,0.885,0,nan,141,0.0,141,0.02199999988079071
2066,66,20,-0.4949999999999999,0.885,0,nan,141,0.0,141,0.02199999988079071
2067,67,20,-0.5249999999999999,0.885,0,nan,141,0.0,141,0.02199999988079071
2068,68,20,-0.5549999999999997,0.885,0,nan,141,0.0,141,0.02199999988079071
2069,69,20,-0.585,0.885,0,nan,141,0.0,141,0.02199999988079071
2070,70,20,-0.6149999999999998,0.885,0,nan,141,0.0,141,0.02199999988079071
2071,71,20,-0.645,0.885,0,nan,141,0.0,141,0.02199999988079071
2072,72,20,-0.6749999999999998,0.885,0,nan,141,0.0,141,0.02199999988079071
2073,73,20,-0.7050000000000001,0.885,0,nan,141,0.0,141,0.02199999988079071
2074,74,20,-0.7349999999999999,0.885,0,nan,141,0.0,141,0.02199999988079071
2075,75,20,-0.7650000000000001,0.885,0,nan,141,0.0,141,0.02199999988079071
2076,76,20,-0.7949999999999999,0.885,0,nan,141,0.0,141,0.02199999988079071
2077,77,20,-0.8249999999999997,0.885,0,nan,141,0.0,141,0.02199999988079071
2078,78,20,-0.855,0.885,0,nan,141,0.0,141,0.02199999988079071
2079,79,20,-0.8849999999999998,0.885,0,nan,141,0.0,141,0.02199999988079071
2080,80,20,-0.915,0.885,0,nan,141,0.0,141,0.02199999988079071
2081,81,20,-0.9449999999999998,0.885,0,nan,141,0.0,141,0.02199999988079071
2082,82,20,-0.9750000000000001,0.885,0,nan,141,0.0,141,0.02199999988079071
2083,83,20,-1.005,0.885,0,nan,141,0.0,141,0.02199999988079071
2084,84,20,-1.0349999999999997,0.885,0,nan,141,0.0,141,0.02199999988079071
2085,85,20,-1.065,0.885,0,nan,141,0.0,141,0.02199999988079071
2086,86,20,-1.0949999999999998,0.885,0,nan,141,0.0,141,0.02199999988079071
2087,87,20,-1.125,0.885,0,nan,141,0.0,141,0.02199999988079071
2088,88,20,-1.1549999999999998,0.885,0,nan,141,0.0,141,0.02199999988079071
2089,89,20,-1.185,0.885,0,nan,141,0.0,141,0.02199999988079071
2090,90,20,-1.2149999999999999,0.885,0,nan,141,0.0,141,0.02199999988079071
2091,91,20,-1.245,0.885,0,nan,141,0.0,141,0.02199999988079071
2092,92,20,-1.275,0.885,0,nan,141,0.0,141,0.02199999988079071
2093,93,20,-1.3049999999999997,0.885,0,nan,141,0.0,141,0.02199999988079071
2094,94,20,-1.335,0.885,0,nan,141,0.0,141,0.02199999988079071
2095,95,20,-1.3649999999999998,0.885,0,nan,141,0.0,141,0.02199999988079071
2096,96,20,-1.395,0.885,0,nan,141,0.0,141,0.02199999988079071
2097,97,20,-1.4249999999999998,0.885,0,nan,141,0.0,141,0.0
2098,98,20,-1.455,0.885,0,nan,141,0.0,141,0.0
2099,99,20,-1.4849999999999999,0.885,0,nan,141,0.0,141,0.0
2100,0,21,1.485,0.855,0,nan,141,0.0,141,0.0
2101,1,21,1.455,0.855,0,nan,141,0.0,141,0.0
2102,2,21,1.425,0.855,0,nan,141,0.0,141,0.0
2103,3,21,1.395,0.855,0,nan,141,0.0,141,0.02199999988079071
2104,4,21,1.365,0.855,0,nan,141,0.0,141,0.02199999988079071
2105,5,21,1.335,0.855,0,nan,141,0.0,141,0.02199999988079071
2106,6,21,1.305,0.855,0,nan,141,0.0,141,0.02199999988079071
2107,7,21,1.275,0.855,0,nan,141,0.0,141,0.02199999988079071
2108,8,21,1.245,0.855,0,nan,141,0.0,141,0.02199999988079071
2109,9,21,1.215,0.855,0,nan,141,0.0,141,0.02199999988079071
2110,10,21,1.185,0.855,0,nan,141,0.0,141,0.02199999988079071
2111,11,21,1.155,0.855,0,nan,141,0.0,141,0.02199999988079071
2112,12,21,1.125,0.855,0,nan,141,0.0,141,0.02199999988079071
2113,13,21,1.095,0.855,0,nan,141,0.0,141,0.02199999988079071
2114,14,21,1.065,0.855,0,nan,141,0.0,141,0.02199999988079071
2115,15,21,1.0350000000000001,0.855,0,nan,141,0.0,141,0.02199999988079071
2116,16,21,1.005,0.855,0,nan,141,0.0,141,0.02199999988079071
2117,17,21,0.975,0.855,0,nan,141,0.0,141,0.02199999988079071
2118,18,21,0.9450000000000001,0.855,0,nan,141,0.0,141,0.02199999988079071
2119,19,21,0.915,0.855,0,nan,141,0.0,141,0.02199999988079071
2120,20,21,0.885,0.855,0,nan,141,0.0,141,0.02199999988079071
2121,21,21,0.855,0.855,0,nan,141,0.0,141,0.02199999988079071
2122,22,21,0.8250000000000001,0.855,0,nan,141,0.0,141,0.02199999988079071
2123,23,21,0.795,0.855,0,nan,141,0.0,141,0.02199999988079071
2124,24,21,0.765,0.855,0,nan,141,0.0,141,0.02199999988079071
2125,25,21,0.735,0.855,0,nan,141,0.0,141,0.02199999988079071
2126,26,21,0.7050000000000001,0.855,0,nan,141,0.0,141,0.02199999988079071
2127,27,21,0.675,0.855,0,nan,141,0.0,141,0.02199999988079071
2128,28,21,0.645,0.855,0,nan,141,0.0,141,0.02199999988079071
2129,29,21,0.615,0.855,0,nan,141,0.0,141,0.02199999988079071
2130,30,21,0.5850000000000001,0.855,0,nan,141,0.0,141,0.02199999988079071
2131,31,21,0.555,0.855,0,nan,141,0.0,141,0.02199999988079071
2132,32,21,0.525,0.855,0,nan,141,0.0,141,0.02199999988079071
2133,33,21,0.4950000000000001,0.855,0,nan,141,0.0,141,0.02199999988079071
2134,34,21,0.4650000000000001,0.855,0,nan,141,0.0,141,0.02199999988079071
2135,35,21,0.43500000000000005,0.855,0,nan,141,0.0,141,0.02199999988079071
2136,36,21,0.405,0.855,0,nan,141,0.0,141,0.02199999988079071
2137,37,21,0.375,0.855,0,nan,141,0.0,141,0.02199999988079071
2138,38,21,0.345,0.855,0,nan,141,0.0,141,0.02199999988079071
2139,39,21,0.31499999999999995,0.855,0,nan,141,0.0,141,0.02199999988079071
2140,40,21,0.28500000000000014,0.855,0,nan,141,0.0,141,0.02199999988079071
2141,41,21,0.2550000000000001,0.855,0,nan,141,0.0,141,0.02199999988079071
2142,42,21,0.2250000000000001,0.855,0,nan,141,0.0,141,0.02199999988079071
2143,43,21,0.19500000000000006,0.855,0,nan,141,0.0,141,0.02199999988079071
2144,44,21,0.16500000000000004,0.855,0,nan,141,0.0,141,0.02199999988079071
2145,45,21,0.135,0.855,0,nan,141,0.0,141,0.02199999988079071
2146,46,21,0.10499999999999998,0.855,0,nan,141,0.0,141,0.02199999988079071
2147,47,21,0.07499999999999996,0.855,0,nan,141,0.0,141,0.02199999988079071
2148,48,21,0.04500000000000015,0.855,0,nan,141,0.0,141,0.02199999988079071
2149,49,21,0.015000000000000124,0.855,0,nan,141,0.0,141,0.02199999988079071
2150,50,21,-0.014999999999999902,0.855,0,nan,141,0.0,141,0.02199999988079071
2151,51,21,-0.04499999999999993,0.855,0,nan,141,0.0,141,0.02199999988079071
2152,52,21,-0.07499999999999996,0.855,0,nan,141,0.0,141,0.02199999988079071
2153,53,21,-0.10499999999999998,0.855,0,nan,141,0.0,141,0.02199999988079071
2154,54,21,-0.135,0.855,0,nan,141,0.0,141,0.02199999988079071
2155,55,21,-0.16500000000000004,0.855,0,nan,141,0.0,141,0.02199999988079071
2156,56,21,-0.19499999999999984,0.855,0,nan,141,0.0,141,0.02199999988079071
2157,57,21,-0.22499999999999987,0.855,0,nan,141,0.0,141,0.02199999988079071
2158,58,21,-0.2549999999999999,0.855,0,nan,141,0.0,141,0.02199999988079071
2159,59,21,-0.2849999999999999,0.855,0,nan,141,0.0,141,0.02199999988079071
2160,60,21,-0.31499999999999995,0.855,0,nan,141,0.0,141,0.02199999988079071
2161,61,21,-0.345,0.855,0,nan,141,0.0,141,0.02199999988079071
2162,62,21,-0.375,0.855,0,nan,141,0.0,141,0.02199999988079071
2163,63,21,-0.405,0.855,0,nan,141,0.0,141,0.02199999988079071
2164,64,21,-0.43499999999999983,0.855,0,nan,141,0.0,141,0.02199999988079071
2165,65,21,-0.46499999999999986,0.855,0,nan,141,0.0,141,0.02199999988079071
2166,66,21,-0.4949999999999999,0.855,0,nan,141,0.0,141,0.02199999988079071
2167,67,21,-0.5249999999999999,0.855,0,nan,141,0.0,141,0.02199999988079071
2168,68,21,-0.5549999999999997,0.855,0,nan,141,0.0,141,0.02199999988079071
2169,69,21,-0.585,0.855,0,nan,141,0.0,141,0.02199999988079071
2170,70,21,-0.6149999999999998,0.855,0,nan,141,0.0,141,0.02199999988079071
2171,71,21,-0.645,0.855,0,nan,141,0.0,141,0.02199999988079071
2172,72,21,-0.6749999999999998,0.855,0,nan,141,0.0,141,0.02199999988079071
2173,73,21,-0.7050000000000001,0.855,0,nan,141,0.0,141,0.02199999988079071
2174,74,21,-0.7349999999999999,0.855,0,nan,141,0.0,141,0.02199999988079071
2175,75,21,-0.7650000000000001,0.855,0,nan,141,0.0,141,0.02199999988079071
2176,76,21,-0.7949999999999999,0.855,0,nan,141,0.0,141,0.02199999988079071
2177,77,21,-0.8249999999999997,0.855,0,nan,141,0.0,141,0.02199999988079071
2178,78,21,-0.855,0.855,0,nan,141,0.0,141,0.02199999988079071
2179,79,21,-0.8849999999999998,0.855,0,nan,141,0.0,141,0.02199999988079071
2180,80,21,-0.915,0.855,0,nan,141,0.0,141,0.02199999988079071
2181,81,21,-0.9449999999999998,0.855,0,nan,141,0.0,141,0.02199999988079071
2182,82,21,-0.9750000000000001,0.855,0,nan,141,0.0,141,0.02199999988079071
2183,83,21,-1.005,0.855,0,nan,141,0.0,141,0.02199999988079071
2184,84,21,-1.0349999999999997,0.855,0,nan,141,0.0,141,0.02199999988079071
2185,85,21,-1.065,0.855,0,nan,141,0.0,141,0.02199999988079071
2186,86,21,-1.0949999999999998,0.855,0,nan,141,0.0,141,0.02199999988079071
2187,87,21,-1.125,0.855,0,nan,141,0.0,141,0.02199999988079071
2188,88,21,-1.1549999999999998,0.855,0,nan,141,0.0,141,0.02199999988079071
2189,89,21,-1.185,0.855,0,nan,141,0.0,141,0.02199999988079071
2190,90,21,-1.2149999999999999,0.855,0,nan,141,0.0,141,0.02199999988079071
2191,91,21,-1.245,0.855,0,nan,141,0.0,141,0.02199999988079071
2192,92,21,-1.275,0.855,0,nan,141,0.0,141,0.02199999988079071
2193,93,21,-1.3049999999999997,0.855,0,nan,141,0.0,141,0.02199999988079071
2194,94,21,-1.335,0.855,0,nan,141,0.0,141,0.02199999988079071
2195,95,21,-1.3649999999999998,0.855,0,nan,141,0.0,141,0.02199999988079071
2196,96,21,-1.395,0.855,0,nan,141,0.0,141,0.02199999988079071
2197,97,21,-1.4249999999999998,0.855,0,nan,141,0.0,141,0.0
2198,98,21,-1.455,0.855,0,nan,141,0.0,141,0.0
2199,99,21,-1.4849999999999999,0.855,0,nan,141,0.0,141,0.0
2200,0,22,1.485,0.8250000000000001,0,nan,141,0.0,141,0.0
2201,1,22,1.455,0.8250000000000001,0,nan,141,0.0,141,0.0
2202,2,22,1.425,0.8250000000000001,0,nan,141,0.0,141,0.0
2203,3,22,1.395,0.8250000000000001,0,nan,141,0.0,141,0.02199999988079071
2204,4,22,1.365,0.8250000000000001,0,nan,141,0.0,141,0.02199999988079071
2205,5,22,1.335,0.8250000000000001,0,nan,141,0.0,141,0.02199999988079071
2206,6,22,1.305,0.8250000000000001,0,nan,141,0.0,141,0.02199999988079071
2207,7,22,1.275,0.8250000000000001,0,nan,141,0.0,141,0.02199999988079071
2208,8,22,1.245,0.8250000000000001,0,nan,141,0.0,141,0.02199999988079071
2209,9,22,1.215,0.8250000000000001,0,nan,141,0.0,141,0.02199999988079071
2210,10,22,1.185,0.8250000000000001,0,nan,141,0.0,141,0.02199999988079071
2211,11,22,1.155,0.8250000000000001,0,nan,141,0.0,141,0.02199999988079071
2212,12,22,1.125,0.8250000000000001,0,nan,141,0.0,141,0.02199999988079071
2213,13,22,1.095,0.8250000000000001,0,nan,141,0.0,141,0.02199999988079071
2214,14,22,1.065,0.8250000000000001,0,nan,141,0.0,141,0.02199999988079071
2215,15,22,1.0350000000000001,0.8250000000000001,0,nan,141,0.0,141,0.02199999988079071
2216,16,22,1.005,0.8250000000000001,0,nan,141,0.0,141,0.02199999988079071
2217,17,22,0.975,0.8250000000000001,0,nan,141,0.0,141,0.02199999988079071
2218,18,22,0.9450000000000001,0.8250000000000001,0,nan,141,0.0,141,0.02199999988079071
2219,19,22,0.915,0.8250000000000001,0,nan,141,0.0,141,0.02199999988079071
2220,20,22,0.885,0.8250000000000001,0,nan,141,0.0,141,0.02199999988079071
2221,21,22,0.855,0.8250000000000001,0,nan,141,0.0,141,0.02199999988079071
2222,22,22,0.8250000000000001,0.8250000000000001,0,nan,141,0.0,141,0.02199999988079071
2223,23,22,0.795,0.8250000000000001,0,nan,141,0.0,141,0.02199999988079071
2224,24,22,0.765,0.8250000000000001,0,nan,141,0.0,141,0.02199999988079071
2225,25,22,0.735,0.8250000000000001,0,nan,141,0.0,141,0.02199999988079071
2226,26,22,0.7050000000000001,0.8250000000000001,0,nan,141,0.0,141,0.02199999988079071
2227,27,22,0.675,0.8250000000000001,0,nan,141,0.0,141,0.02199999988079071
2228,28,22,0.645,0.8250000000000001,0,nan,141,0.0,141,0.02199999988079071
2229,29,22,0.615,0.8250000000000001,0,nan,141,0.0,141,0.02199999988079071
2230,30,22,0.5850000000000001,0.8250000000000001,0,nan,141,0.0,141,0.02199999988079071
2231,31,22,0.555,0.8250000000000001,0,nan,141,0.0,141,0.02199999988079071
2232,32,22,0.525,0.8250000000000001,0,nan,141,0.0,141,0.02199999988079071
2233,33,22,0.4950000000000001,0.8250000000000001,0,nan,141,0.0,141,0.02199999988079071
2234,34,22,0.4650000000000001,0.8250000000000001,0,nan,141,0.0,141,0.02199999988079071
2235,35,22,0.43500000000000005,0.8250000000000001,0,nan,141,0.0,141,0.02199999988079071
2236,36,22,0.405,0.8250000000000001,0,nan,141,0.0,141,0.02199999988079071
2237,37,22,0.375,0.8250000000000001,0,nan,141,0.0,141,0.02199999988079071
2238,38,22,0.345,0.8250000000000001,0,nan,141,0.0,141,0.02199999988079071
2239,39,22,0.31499999999999995,0.8250000000000001,0,nan,141,0.0,141,0.02199999988079071
2240,40,22,0.28500000000000014,0.8250000000000001,0,nan,141,0.0,141,0.02199999988079071
2241,41,22,0.2550000000000001,0.8250000000000001,0,nan,141,0.0,141,0.02199999988079071
2242,42,22,0.2250000000000001,0.8250000000000001,0,nan,141,0.0,141,0.02199999988079071
2243,43,22,0.19500000000000006,0.8250000000000001,0,nan,141,0.0,141,0.02199999988079071
2244,44,22,0.16500000000000004,0.8250000000000001,0,nan,141,0.0,141,0.02199999988079071
2245,45,22,0.135,0.8250000000000001,0,nan,141,0.0,141,0.02199999988079071
2246,46,22,0.10499999999999998,0.8250000000000001,0,nan,141,0.0,141,0.02199999988079071
2247,47,22,0.07499999999999996,0.8250000000000001,0,nan,141,0.0,141,0.02199999988079071
2248,48,22,0.04500000000000015,0.8250000000000001,0,nan,141,0.0,141,0.02199999988079071
2249,49,22,0.015000000000000124,0.8250000000000001,0,nan,141,0.0,141,0.02199999988079071
2250,50,22,-0.014999999999999902,0.8250000000000001,0,nan,141,0.0,141,0.02199999988079071
2251,51,22,-0.04499999999999993,0.8250000000000001,0,nan,141,0.0,141,0.02199999988079071
2252,52,22,-0.07499999999999996,0.8250000000000001,0,nan,141,0.0,141,0.02199999988079071
2253,53,22,-0.10499999999999998,0.8250000000000001,0,nan,141,0.0,141,0.02199999988079071
2254,54,22,-0.135,0.8250000000000001,0,nan,141,0.0,141,0.02199999988079071
2255,55,22,-0.16500000000000004,0.8250000000000001,0,nan,141,0.0,141,0.02199999988079071
2256,56,22,-0.19499999999999984,0.8250000000000001,0,nan,141,0.0,141,0.02199999988079071
2257,57,22,-0.22499999999999987,0.8250000000000001,0,nan,141,0.0,141,0.02199999988079071
2258,58,22,-0.2549999999999999,0.8250000000000001,0,nan,141,0.0,141,0.02199999988079071
2259,59,22,-0.2849999999999999,0.8250000000000001,0,nan,141,0.0,141,0.02199999988079071
2260,60,22,-0.31499999999999995,0.8250000000000001,0,nan,141,0.0,141,0.02199999988079071
2261,61,22,-0.345,0.8250000000000001,0,nan,141,0.0,141,0.02199999988079071
2262,62,22,-0.375,0.8250000000000001,0,nan,141,0.0,141,0.02199999988079071
2263,63,22,-0.405,0.8250000000000001,0,nan,141,0.0,141,0.02199999988079071
2264,64,22,-0.43499999999999983,0.8250000000000001,0,nan,141,0.0,141,0.02199999988079071
2265,65,22,-0.46499999999999986,0.8250000000000001,0,nan,141,0.0,141,0.02199999988079071
2266,66,22,-0.4949999999999999,0.8250000000000001,0,nan,141,0.0,141,0.02199999988079071
2267,67,22,-0.5249999999999999,0.8250000000000001,0,nan,141,0.0,141,0.02199999988079071
2268,68,22,-0.5549999999999997,0.8250000000000001,0,nan,141,0.0,141,0.02199999988079071
2269,69,22,-0.585,0.8250000000000001,0,nan,141,0.0,141,0.02199999988079071
2270,70,22,-0.6149999999999998,0.8250000000000001,0,nan,141,0.0,141,0.02199999988079071
2271,71,22,-0.645,0.8250000000000001,0,nan,141,0.0,141,0.02199999988079071
2272,72,22,-0.6749999999999998,0.8250000000000001,0,nan,141,0.0,141,0.02199999988079071
2273,73,22,-0.7050000000000001,0.8250000000000001,0,nan,141,0.0,141,0.02199999988079071
2274,74,22,-0.7349999999999999,0.8250000000000001,0,nan,141,0.0,141,0.02199999988079071
2275,75,22,-0.7650000000000001,0.8250000000000001,0,nan,141,0.0,141,0.02199999988079071
2276,76,22,-0.7949999999999999,0.8250000000000001,0,nan,141,0.0,141,0.02199999988079071
2277,77,22,-0.8249999999999997,0.8250000000000001,0,nan,141,0.0,141,0.02199999988079071
2278,78,22,-0.855,0.8250000000000001,0,nan,141,0.0,141,0.02199999988079071
2279,79,22,-0.8849999999999998,0.8250000000000001,0,nan,141,0.0,141,0.02199999988079071
2280,80,22,-0.915,0.8250000000000001,0,nan,141,0.0,141,0.02199999988079071
2281,81,22,-0.9449999999999998,0.8250000000000001,0,nan,141,0.0,141,0.02199999988079071
2282,82,22,-0.9750000000000001,0.8250000000000001,0,nan,141,0.0,141,0.02199999988079071
2283,83,22,-1.005,0.8250000000000001,0,nan,141,0.0,141,0.02199999988079071
2284,84,22,-1.0349999999999997,0.8250000000000001,0,nan,141,0.0,141,0.02199999988079071
2285,85,22,-1.065,0.8250000000000001,0,nan,141,0.0,141,0.02199999988079071
2286,86,22,-1.0949999999999998,0.8250000000000001,0,nan,141,0.0,141,0.02199999988079071
2287,87,22,-1.125,0.8250000000000001,0,nan,141,0.0,141,0.02199999988079071
2288,88,22,-1.1549999999999998,0.8250000000000001,0,nan,141,0.0,141,0.02199999988079071
2289,89,22,-1.185,0.8250000000000001,0,nan,141,0.0,141,0.02199999988079071
2290,90,22,-1.2149999999999999,0.8250000000000001,0,nan,141,0.0,141,0.02199999988079071
2291,91,22,-1.245,0.8250000000000001,0,nan,141,0.0,141,0.02199999988079071
2292,92,22,-1.275,0.8250000000000001,0,nan,141,0.0,141,0.02199999988079071
2293,93,22,-1.3049999999999997,0.8250000000000001,0,nan,141,0.0,141,0.02199999988079071
2294,94,22,-1.335,0.8250000000000001,0,nan,141,0.0,141,0.02199999988079071
2295,95,22,-1.3649999999999998,0.8250000000000001,0,nan,141,0.0,141,0.02199999988079071
2296,96,22,-1.395,0.8250000000000001,0,nan,141,0.0,141,0.02199999988079071
2297,97,22,-1.4249999999999998,0.8250000000000001,0,nan,141,0.0,141,0.0
2298,98,22,-1.455,0.8250000000000001,0,nan,141,0.0,141,0.0
2299,99,22,-1.4849999999999999,0.8250000000000001,0,nan,141,0.0,141,0.0
2300,0,23,1.485,0.795,0,nan,141,0.0,141,0.0
2301,1,23,1.455,0.795,0,nan,141,0.0,141,0.0
2302,2,23,1.425,0.795,0,nan,141,0.0,141,0.0
2303,3,23,1.395,0.795,0,nan,141,0.0,141,0.02199999988079071
2304,4,23,1.365,0.795,0,nan,141,0.0,141,0.02199999988079071
2305,5,23,1.335,0.795,0,nan,141,0.0,141,0.02199999988079071
2306,6,23,1.305,0.795,0,nan,141,0.0,141,0.02199999988079071
2307,7,23,1.275,0.795,0,nan,141,0.0,141,0.02199999988079071
2308,8,23,1.245,0.795,0,nan,141,0.0,141,0.02199999988079071
2309,9,23,1.215,0.795,0,nan,141,0.0,141,0.02199999988079071
2310,10,23,1.185,0.795,129,-0.7947497963905334,141,0.0,141,0.0
2311,11,23,1.155,0.795,141,-0.7942302227020264,141,0.0,141,0.0
2312,12,23,1.125,0.795,140,-0.7941080033779144,141,0.0,141,0.0
2313,13,23,1.095,0.795,141,-0.7942302227020264,141,0.14526806771755219,141,0.0
2314,14,23,1.065,0.795,139,-0.7793387770652771,141,0.6085599064826965,141,0.0
2315,15,23,1.0350000000000001,0.795,141,-0.7376614809036255,141,0.5451475381851196,141,0.0
2316,16,23,1.005,0.795,141,-0.7278484106063843,141,0.0,141,0.0
2317,17,23,0.975,0.795,141,-0.7261012196540833,141,0.0,141,0.0
2318,18,23,0.9450000000000001,0.795,140,-0.7176274955272675,141,0.0,141,0.0
2319,19,23,0.915,0.795,140,-0.6949017345905304,141,0.06853052973747253,141,0.0
2320,20,23,0.885,0.795,141,-0.6669701337814331,141,0.03010992333292961,141,0.0
2321,21,23,0.855,0.795,140,-0.5765292346477509,141,0.03010992333292961,141,0.0
2322,22,23,0.8250000000000001,0.795,141,-0.5159172415733337,141,0.028200726956129074,141,0.0
2323,23,23,0.795,0.795,141,-0.5141888856887817,141,0.026672402396798134,141,0.0
2324,24,23,0.765,0.795,139,-0.5133575797080994,141,0.0033456343226134777,141,0.0
2325,25,23,0.735,0.795,140,-0.5130060017108917,141,0.0,141,0.0
2326,26,23,0.7050000000000001,0.795,140,-0.512583315372467,141,0.0,141,0.0
2327,27,23,0.675,0.795,141,-0.5123621821403503,141,0.0,141,0.0
2328,28,23,0.645,0.795,141,-0.5121420621871948,141,0.0,141,0.0
2329,29,23,0.615,0.795,140,-0.5122458636760712,141,0.0,141,0.0
2330,30,23,0.5850000000000001,0.795,141,-0.5122506618499756,141,0.0,141,0.0
2331,31,23,0.555,0.795,141,-0.5123603940010071,141,0.0,141,0.0
2332,32,23,0.525,0.795,141,-0.5134847164154053,141,0.0,141,0.0
2333,33,23,0.4950000000000001,0.795,141,-0.5135199427604675,141,0.0,141,0.0
2334,34,23,0.4650000000000001,0.795,141,-0.5135916471481323,141,0.0,141,0.0
2335,35,23,0.43500000000000005,0.795,140,-0.51351597905159,141,0.0,141,0.0
2336,36,23,0.405,0.795,141,-0.513515830039978,141,0.0,141,0.0
2337,37,23,0.375,0.795,141,-0.5133540630340576,141,0.0,141,0.0
2338,38,23,0.345,0.795,141,-0.5132661461830139,141,0.0,141,0.0
2339,39,23,0.31499999999999995,0.795,141,-0.5129107236862183,141,0.0,141,0.0
2340,40,23,0.28500000000000014,0.795,141,-0.5125853419303894,141,0.0,141,0.0
2341,41,23,0.2550000000000001,0.795,141,-0.5124050974845886,141,0.0,141,0.0
2342,42,23,0.2250000000000001,0.795,141,-0.5122250318527222,141,0.0,141,0.0
2343,43,23,0.19500000000000006,0.795,141,-0.5120342969894409,141,0.0001931986043928191,141,0.0
2344,44,23,0.16500000000000004,0.795,141,-0.511709988117218,141,0.008333956822752953,141,0.0
2345,45,23,0.135,0.795,141,-0.5111494064331055,141,0.01079241931438446,141,0.0
2346,46,23,0.10499999999999998,0.795,141,-0.5107508301734924,141,0.0023050319869071245,141,0.0
2347,47,23,0.07499999999999996,0.795,141,-0.5105891227722168,141,0.0,141,0.0
2348,48,23,0.04500000000000015,0.795,141,-0.510362982749939,141,0.0,141,0.0
2349,49,23,0.015000000000000124,0.795,141,-0.5101783275604248,141,0.0,141,0.0
2350,50,23,-0.014999999999999902,0.795,141,-0.5101684331893921,141,0.0,141,0.0
2351,51,23,-0.04499999999999993,0.795,141,-0.5101684331893921,141,0.0,141,0.0
2352,52,23,-0.07499999999999996,0.795,141,-0.5101721286773682,141,0.0,141,0.0
2353,53,23,-0.10499999999999998,0.795,141,-0.5101001262664795,141,0.002969160908833146,141,0.0
2354,54,23,-0.135,0.795,141,-0.510353147983551,141,0.005932905711233616,141,0.0
2355,55,23,-0.16500000000000004,0.795,141,-0.510255753993988,141,0.010317276231944561,141,0.0
2356,56,23,-0.19499999999999984,0.795,141,-0.5097681879997253,141,0.011190596967935562,141,0.0
2357,57,23,-0.22499999999999987,0.795,141,-0.5093880891799927,141,0.00831774901598692,141,0.0
2358,58,23,-0.2549999999999999,0.795,141,-0.5086836814880371,141,0.012222714722156525,141,0.0
2359,59,23,-0.2849999999999999,0.795,141,-0.5081743597984314,141,0.0099303238093853,141,0.0
2360,60,23,-0.31499999999999995,0.795,141,-0.507768452167511,141,0.0015063207829371095,141,0.0
2361,61,23,-0.345,0.795,141,-0.5074139833450317,141,0.0020238731522113085,141,0.0
2362,62,23,-0.375,0.795,141,-0.5070090889930725,141,0.0,141,0.0
2363,63,23,-0.405,0.795,141,-0.5068002939224243,141,0.0021093138493597507,141,0.0
2364,64,23,-0.43499999999999983,0.795,141,-0.5065726041793823,141,0.0,141,0.0
2365,65,23,-0.46499999999999986,0.795,141,-0.5064791440963745,141,0.0,141,0.0
2366,66,23,-0.4949999999999999,0.795,141,-0.5062726736068726,141,0.0,141,0.0
2367,67,23,-0.5249999999999999,0.795,141,-0.506076455116272,141,0.0,141,0.0
2368,68,23,-0.5549999999999997,0.795,141,-0.5059661865234375,141,0.0,141,0.0
2369,69,23,-0.585,0.795,141,-0.5057313442230225,141,9.345785656478256e-05,141,0.0
2370,70,23,-0.6149999999999998,0.795,141,-0.5052722692489624,141,0.0009479179861955345,141,0.0
2371,71,23,-0.645,0.795,141,-0.5051310062408447,141,0.0,141,0.0
2372,72,23,-0.6749999999999998,0.795,141,-0.5049769878387451,141,0.0,141,0.0
2373,73,23,-0.7050000000000001,0.795,141,-0.5046998858451843,141,0.0,141,0.0
2374,74,23,-0.7349999999999999,0.795,141,-0.5045087933540344,141,0.0,141,0.0
2375,75,23,-0.7650000000000001,0.795,141,-0.5043292045593262,141,0.0,141,0.0
2376,76,23,-0.7949999999999999,0.795,141,-0.504266619682312,141,0.0,141,0.0
2377,77,23,-0.8249999999999997,0.795,141,-0.5042159557342529,141,0.0,141,0.0
2378,78,23,-0.855,0.795,141,-0.5041084885597229,141,0.0,141,0.0
2379,79,23,-0.8849999999999998,0.795,141,-0.5042036175727844,141,0.0,141,0.0
2380,80,23,-0.915,0.795,141,-0.5040509700775146,141,0.0,141,0.0
2381,81,23,-0.9449999999999998,0.795,141,-0.5036083459854126,141,0.004501684568822384,141,0.0
2382,82,23,-0.9750000000000001,0.795,141,-0.5033571124076843,141,0.014469035901129246,141,0.0
2383,83,23,-1.005,0.795,141,-0.5024155974388123,141,0.016633259132504463,141,0.0
2384,84,23,-1.0349999999999997,0.795,141,-0.5018093585968018,141,0.008880852721631527,141,0.0
2385,85,23,-1.065,0.795,135,-0.501456081867218,141,0.006389440968632698,141,0.0
2386,86,23,-1.0949999999999998,0.795,133,-0.5011917352676392,141,0.0,141,0.0
2387,87,23,-1.125,0.795,130,-0.5011833012104034,141,0.0,141,0.0
2388,88,23,-1.1549999999999998,0.795,114,-0.5010946691036224,141,0.0,141,0.0
2389,89,23,-1.185,0.795,83,-0.5010051131248474,141,0.0,141,0.0
2390,90,23,-1.2149999999999999,0.795,0,nan,141,0.0,141,0.02199999988079071
2391,91,23,-1.245,0.795,0,nan,141,0.0,141,0.02199999988079071
2392,92,23,-1.275,0.795,0,nan,141,0.0,141,0.02199999988079071
2393,93,23,-1.3049999999999997,0.795,0,nan,141,0.0,141,0.02199999988079071
2394,94,23,-1.335,0.795,0,nan,141,0.0,141,0.02199999988079071
2395,95,23,-1.3649999999999998,0.795,0,nan,141,0.0,141,0.02199999988079071
2396,96,23,-1.395,0.795,0,nan,141,0.0,141,0.02199999988079071
2397,97,23,-1.4249999999999998,0.795,0,nan,141,0.0,141,0.0
2398,98,23,-1.455,0.795,0,nan,141,0.0,141,0.0
2399,99,23,-1.4849999999999999,0.795,0,nan,141,0.0,141,0.0
2400,0,24,1.485,0.765,0,nan,141,0.0,141,0.0
2401,1,24,1.455,0.765,0,nan,141,0.0,141,0.0
2402,2,24,1.425,0.765,0,nan,141,0.0,141,0.0
2403,3,24,1.395,0.765,0,nan,141,0.0,141,0.02199999988079071
2404,4,24,1.365,0.765,0,nan,141,0.0,141,0.02199999988079071
2405,5,24,1.335,0.765,0,nan,141,0.0,141,0.02199999988079071
2406,6,24,1.305,0.765,0,nan,141,0.0,141,0.02199999988079071
2407,7,24,1.275,0.765,0,nan,141,0.0,141,0.02199999988079071
2408,8,24,1.245,0.765,0,nan,141,0.0,141,0.02199999988079071
2409,9,24,1.215,0.765,0,nan,141,0.0,141,0.02199999988079071
2410,10,24,1.185,0.765,132,-0.7949728965759277,141,0.0,141,0.0
2411,11,24,1.155,0.765,140,-0.79456427693367,141,0.0,141,0.0
2412,12,24,1.125,0.765,141,-0.7944965362548828,141,0.0,141,0.0
2413,13,24,1.095,0.765,141,-0.7944965362548828,141,0.22211074829101562,141,0.0
2414,14,24,1.065,0.765,141,-0.779421865940094,141,0.8067458868026733,141,0.0
2415,15,24,1.0350000000000001,0.765,141,-0.7376614809036255,141,0.7270276546478271,141,0.0
2416,16,24,1.005,0.765,141,-0.7278484106063843,141,0.0,141,0.0
2417,17,24,0.975,0.765,141,-0.7261012196540833,141,0.0,141,0.0
2418,18,24,0.9450000000000001,0.765,141,-0.7175977826118469,141,0.0,141,0.0
2419,19,24,0.915,0.765,141,-0.6944273710250854,141,0.20110110938549042,141,0.0
2420,20,24,0.885,0.765,141,-0.6669701337814331,141,0.038618844002485275,141,0.0
2421,21,24,0.855,0.765,141,-0.6355497241020203,141,0.038179755210876465,141,0.0
2422,22,24,0.8250000000000001,0.765,141,-0.5159172415733337,141,0.03591179847717285,141,0.0
2423,23,24,0.795,0.765,141,-0.5141888856887817,141,0.033738214522600174,141,0.0
2424,24,24,0.765,0.765,141,-0.5134268999099731,141,0.004231929779052734,141,0.0
2425,25,24,0.735,0.765,141,-0.5130303502082825,141,0.0,141,0.0
2426,26,24,0.7050000000000001,0.765,141,-0.5125783085823059,141,0.0,141,0.0
2427,27,24,0.675,0.765,141,-0.5123621821403503,141,0.0,141,0.0
2428,28,24,0.645,0.765,141,-0.5121420621871948,141,0.0,141,0.0
2429,29,24,0.615,0.765,141,-0.5122410655021667,141,0.0,141,0.0
2430,30,24,0.5850000000000001,0.765,141,-0.5122506618499756,141,0.0,141,0.0
2431,31,24,0.555,0.765,141,-0.5123603940010071,141,0.0,141,0.0
2432,32,24,0.525,0.765,141,-0.5134847164154053,141,0.0,141,0.0
2433,33,24,0.4950000000000001,0.765,141,-0.5135199427604675,141,0.0,141,0.0
2434,34,24,0.4650000000000001,0.765,141,-0.5135916471481323,141,0.0,141,0.0
2435,35,24,0.43500000000000005,0.765,141,-0.5135161280632019,141,0.0,141,0.0
2436,36,24,0.405,0.765,141,-0.513515830039978,141,0.0,141,0.0
2437,37,24,0.375,0.765,141,-0.5133540630340576,141,0.0,141,0.0
2438,38,24,0.345,0.765,141,-0.5132661461830139,141,0.0,141,0.0
2439,39,24,0.31499999999999995,0.765,141,-0.5129107236862183,141,0.0,141,0.0
2440,40,24,0.28500000000000014,0.765,141,-0.5125853419303894,141,0.0,141,0.0
2441,41,24,0.2550000000000001,0.765,141,-0.5124050974845886,141,0.0,141,0.0
2442,42,24,0.2250000000000001,0.765,141,-0.5122250318527222,141,0.0,141,0.0
2443,43,24,0.19500000000000006,0.765,141,-0.5120342969894409,141,0.00024437904357910156,141,0.0
2444,44,24,0.16500000000000004,0.765,141,-0.511709988117218,141,0.01083711814135313,141,0.0
2445,45,24,0.135,0.765,141,-0.5111494064331055,141,0.013651450164616108,141,0.0
2446,46,24,0.10499999999999998,0.765,141,-0.5107508301734924,141,0.0029156606178730726,141,0.0
2447,47,24,0.07499999999999996,0.765,141,-0.5105891227722168,141,0.0,141,0.0
2448,48,24,0.04500000000000015,0.765,141,-0.510362982749939,141,0.0,141,0.0
2449,49,24,0.015000000000000124,0.765,141,-0.5101783275604248,141,0.0,141,0.0
2450,50,24,-0.014999999999999902,0.765,141,-0.5101684331893921,141,0.0,141,0.0
2451,51,24,-0.04499999999999993,0.765,141,-0.5101684331893921,141,0.0,141,0.0
2452,52,24,-0.07499999999999996,0.765,141,-0.5101721286773682,141,0.0,141,0.0
2453,53,24,-0.10499999999999998,0.765,141,-0.5101001262664795,141,0.003819664241746068,141,0.0
2454,54,24,-0.135,0.765,141,-0.510353147983551,141,0.006016095634549856,141,0.0
2455,55,24,-0.16500000000000004,0.765,141,-0.510255753993988,141,0.012798110954463482,141,0.0
2456,56,24,-0.19499999999999984,0.765,141,-0.5097681879997253,141,0.013050436973571777,141,0.0
2457,57,24,-0.22499999999999987,0.765,141,-0.5093880891799927,141,0.01052121352404356,141,0.0
2458,58,24,-0.2549999999999999,0.765,141,-0.5086836814880371,141,0.011667609214782715,141,0.0
2459,59,24,-0.2849999999999999,0.765,141,-0.5081743597984314,141,0.012729565612971783,141,0.0
2460,60,24,-0.31499999999999995,0.765,141,-0.507768452167511,141,0.0019053617725148797,141,0.0
2461,61,24,-0.345,0.765,141,-0.5074139833450317,141,0.0025600194931030273,141,0.0
2462,62,24,-0.375,0.765,141,-0.5070090889930725,141,0.0,141,0.0
2463,63,24,-0.405,0.765,141,-0.5068002939224243,141,0.0027676422614604235,141,0.0
2464,64,24,-0.43499999999999983,0.765,141,-0.5065726041793823,141,0.0,141,0.0
2465,65,24,-0.46499999999999986,0.765,141,-0.5064791440963745,141,0.0,141,0.0
2466,66,24,-0.4949999999999999,0.765,141,-0.5062726736068726,141,0.0,141,0.0
2467,67,24,-0.5249999999999999,0.765,141,-0.506076455116272,141,0.0,141,0.0
2468,68,24,-0.5549999999999997,0.765,141,-0.5059661865234375,141,0.0,141,0.0
2469,69,24,-0.585,0.765,141,-0.5057313442230225,141,0.00011821588122984394,141,0.0
2470,70,24,-0.6149999999999998,0.765,141,-0.5052722692489624,141,0.0012387832393869758,141,0.0
2471,71,24,-0.645,0.765,141,-0.5051310062408447,141,0.0,141,0.0
2472,72,24,-0.6749999999999998,0.765,141,-0.5049769878387451,141,0.0,141,0.0
2473,73,24,-0.7050000000000001,0.765,141,-0.5046998858451843,141,0.0,141,0.0
2474,74,24,-0.7349999999999999,0.765,141,-0.5045087933540344,141,0.0,141,0.0
2475,75,24,-0.7650000000000001,0.765,141,-0.5043292045593262,141,0.0,141,0.0
2476,76,24,-0.7949999999999999,0.765,141,-0.504266619682312,141,0.0,141,0.0
2477,77,24,-0.8249999999999997,0.765,141,-0.5042159557342529,141,0.0,141,0.0
2478,78,24,-0.855,0.765,141,-0.5041084885597229,141,0.0,141,0.0
2479,79,24,-0.8849999999999998,0.765,141,-0.5042036175727844,141,0.0,141,0.0
2480,80,24,-0.915,0.765,141,-0.5040509700775146,141,0.0,141,0.0
2481,81,24,-0.9449999999999998,0.765,141,-0.5036083459854126,141,0.005761782173067331,141,0.0
2482,82,24,-0.9750000000000001,0.765,141,-0.5033571124076843,141,0.0186234712600708,141,0.0
2483,83,24,-1.005,0.765,141,-0.5024155974388123,141,0.021649399772286415,141,0.0
2484,84,24,-1.0349999999999997,0.765,141,-0.5018093585968018,141,0.01211762335151434,141,0.0
2485,85,24,-1.065,0.765,141,-0.5014522075653076,141,0.009031097404658794,141,0.0
2486,86,24,-1.0949999999999998,0.765,141,-0.5011917352676392,141,0.0,141,0.0
2487,87,24,-1.125,0.765,141,-0.5011917352676392,141,0.0,141,0.0
2488,88,24,-1.1549999999999998,0.765,141,-0.5011866092681885,141,0.0,141,0.0
2489,89,24,-1.185,0.765,124,-0.5011833012104034,141,0.0,141,0.0
2490,90,24,-1.2149999999999999,0.765,0,nan,141,0.0,141,0.02199999988079071
2491,91,24,-1.245,0.765,0,nan,141,0.0,141,0.02199999988079071
2492,92,24,-1.275,0.765,0,nan,141,0.0,141,0.02199999988079071
2493,93,24,-1.3049999999999997,0.765,0,nan,141,0.0,141,0.02199999988079071
2494,94,24,-1.335,0.765,0,nan,141,0.0,141,0.02199999988079071
2495,95,24,-1.3649999999999998,0.765,0,nan,141,0.0,141,0.02199999988079071
2496,96,24,-1.395,0.765,0,nan,141,0.0,141,0.02199999988079071
2497,97,24,-1.4249999999999998,0.765,0,nan,141,0.0,141,0.0
2498,98,24,-1.455,0.765,0,nan,141,0.0,141,0.0
2499,99,24,-1.4849999999999999,0.765,0,nan,141,0.0,141,0.0
2500,0,25,1.485,0.735,0,nan,141,0.0,141,0.0
2501,1,25,1.455,0.735,0,nan,141,0.0,141,0.0
2502,2,25,1.425,0.735,0,nan,141,0.0,141,0.0
2503,3,25,1.395,0.735,0,nan,141,0.0,141,0.02199999988079071
2504,4,25,1.365,0.735,0,nan,141,0.0,141,0.02199999988079071
2505,5,25,1.335,0.735,0,nan,141,0.0,141,0.02199999988079071
2506,6,25,1.305,0.735,0,nan,141,0.0,141,0.02199999988079071
2507,7,25,1.275,0.735,0,nan,141,0.0,141,0.02199999988079071
2508,8,25,1.245,0.735,0,nan,141,0.0,141,0.02199999988079071
2509,9,25,1.215,0.735,0,nan,141,0.0,141,0.02199999988079071
2510,10,25,1.185,0.735,134,-0.795449823141098,141,0.0,141,0.0
2511,11,25,1.155,0.735,134,-0.795449823141098,141,0.0,141,0.0
2512,12,25,1.125,0.735,131,-0.7955016493797302,141,0.0,141,0.0
2513,13,25,1.095,0.735,137,-0.7947497963905334,141,0.2749423086643219,141,0.0
2514,14,25,1.065,0.735,141,-0.7794698476791382,141,0.8085250854492188,141,0.0
2515,15,25,1.0350000000000001,0.735,141,-0.738362729549408,141,0.7325549721717834,141,0.0
2516,16,25,1.005,0.735,141,-0.7278768420219421,141,0.0,141,0.0
2517,17,25,0.975,0.735,141,-0.7261012196540833,141,0.0,141,0.0
2518,18,25,0.9450000000000001,0.735,141,-0.7175977826118469,141,0.003012021305039525,141,0.0
2519,19,25,0.915,0.735,141,-0.6953760981559753,141,0.2416163682937622,141,0.0
2520,20,25,0.885,0.735,141,-0.6669701337814331,141,0.05431473255157471,141,0.0
2521,21,25,0.855,0.735,141,-0.6355497241020203,141,0.038179755210876465,141,0.0
2522,22,25,0.8250000000000001,0.735,141,-0.5159172415733337,141,0.03591179847717285,141,0.0
2523,23,25,0.795,0.735,141,-0.5141888856887817,141,0.033738214522600174,141,0.0
2524,24,25,0.765,0.735,141,-0.5134268999099731,141,0.004231929779052734,141,0.0
2525,25,25,0.735,0.735,141,-0.5130303502082825,141,0.0,141,0.0
2526,26,25,0.7050000000000001,0.735,141,-0.5125783085823059,141,0.0,141,0.0
2527,27,25,0.675,0.735,141,-0.5123621821403503,141,0.0,141,0.0
2528,28,25,0.645,0.735,141,-0.5121420621871948,141,0.0,141,0.0
2529,29,25,0.615,0.735,141,-0.5122410655021667,141,0.0,141,0.0
2530,30,25,0.5850000000000001,0.735,141,-0.5122506618499756,141,0.0,141,0.0
2531,31,25,0.555,0.735,141,-0.5123603940010071,141,0.0,141,0.0
2532,32,25,0.525,0.735,141,-0.5134847164154053,141,0.0,141,0.0
2533,33,25,0.4950000000000001,0.735,141,-0.5135199427604675,141,0.0,141,0.0
2534,34,25,0.4650000000000001,0.735,141,-0.5135916471481323,141,0.0,141,0.0
2535,35,25,0.43500000000000005,0.735,141,-0.5135161280632019,141,0.0,141,0.0
2536,36,25,0.405,0.735,141,-0.513515830039978,141,0.0,141,0.0
2537,37,25,0.375,0.735,141,-0.5133540630340576,141,0.0,141,0.0
2538,38,25,0.345,0.735,141,-0.5132661461830139,141,0.0,141,0.0
2539,39,25,0.31499999999999995,0.735,141,-0.5129107236862183,141,0.0,141,0.0
2540,40,25,0.28500000000000014,0.735,141,-0.5125853419303894,141,0.0,141,0.0
2541,41,25,0.2550000000000001,0.735,141,-0.5124050974845886,141,0.0,141,0.0
2542,42,25,0.2250000000000001,0.735,141,-0.5122250318527222,141,0.0,141,0.0
2543,43,25,0.19500000000000006,0.735,141,-0.5120342969894409,141,0.00024437904357910156,141,0.0
2544,44,25,0.16500000000000004,0.735,141,-0.511709988117218,141,0.01083711814135313,141,0.0
2545,45,25,0.135,0.735,141,-0.5111494064331055,141,0.013651450164616108,141,0.0
2546,46,25,0.10499999999999998,0.735,141,-0.5107508301734924,141,0.0029156606178730726,141,0.0
2547,47,25,0.07499999999999996,0.735,141,-0.5105891227722168,141,0.0,141,0.0
2548,48,25,0.04500000000000015,0.735,141,-0.510362982749939,141,0.0,141,0.0
2549,49,25,0.015000000000000124,0.735,141,-0.5101783275604248,141,0.0,141,0.0
2550,50,25,-0.014999999999999902,0.735,141,-0.5101684331893921,141,0.0,141,0.0
2551,51,25,-0.04499999999999993,0.735,141,-0.5101684331893921,141,0.0,141,0.0
2552,52,25,-0.07499999999999996,0.735,141,-0.5101721286773682,141,0.0,141,0.0
2553,53,25,-0.10499999999999998,0.735,141,-0.5101001262664795,141,0.003819664241746068,141,0.0
2554,54,25,-0.135,0.735,141,-0.510353147983551,141,0.006016095634549856,141,0.0
2555,55,25,-0.16500000000000004,0.735,141,-0.510255753993988,141,0.012798110954463482,141,0.0
2556,56,25,-0.19499999999999984,0.735,141,-0.5097681879997253,141,0.013050436973571777,141,0.0
2557,57,25,-0.22499999999999987,0.735,141,-0.5093880891799927,141,0.01052121352404356,141,0.0
2558,58,25,-0.2549999999999999,0.735,141,-0.5086836814880371,141,0.011667609214782715,141,0.0
2559,59,25,-0.2849999999999999,0.735,141,-0.5081743597984314,141,0.012729565612971783,141,0.0
2560,60,25,-0.31499999999999995,0.735,141,-0.507768452167511,141,0.0019053617725148797,141,0.0
2561,61,25,-0.345,0.735,141,-0.5074139833450317,141,0.0025600194931030273,141,0.0
2562,62,25,-0.375,0.735,141,-0.5070090889930725,141,0.0,141,0.0
2563,63,25,-0.405,0.735,141,-0.5068002939224243,141,0.0027676422614604235,141,0.0
2564,64,25,-0.43499999999999983,0.735,141,-0.5065726041793823,141,0.0,141,0.0
2565,65,25,-0.46499999999999986,0.735,141,-0.5064791440963745,141,0.0,141,0.0
2566,66,25,-0.4949999999999999,0.735,141,-0.5062726736068726,141,0.0,141,0.0
2567,67,25,-0.5249999999999999,0.735,141,-0.506076455116272,141,0.0,141,0.0
2568,68,25,-0.5549999999999997,0.735,141,-0.5059661865234375,141,0.0,141,0.0
2569,69,25,-0.585,0.735,141,-0.5057313442230225,141,0.00011821588122984394,141,0.0
2570,70,25,-0.6149999999999998,0.735,141,-0.5052722692489624,141,0.0012387832393869758,141,0.0
2571,71,25,-0.645,0.735,141,-0.5051310062408447,141,0.0,141,0.0
2572,72,25,-0.6749999999999998,0.735,141,-0.5049769878387451,141,0.0,141,0.0
2573,73,25,-0.7050000000000001,0.735,141,-0.5046998858451843,141,0.0,141,0.0
2574,74,25,-0.7349999999999999,0.735,141,-0.5045087933540344,141,0.0,141,0.0
2575,75,25,-0.7650000000000001,0.735,141,-0.5043292045593262,141,0.0,141,0.0
2576,76,25,-0.7949999999999999,0.735,141,-0.504266619682312,141,0.0,141,0.0
2577,77,25,-0.8249999999999997,0.735,141,-0.5042159557342529,141,0.0,141,0.0
2578,78,25,-0.855,0.735,141,-0.5041084885597229,141,0.0,141,0.0
2579,79,25,-0.8849999999999998,0.735,141,-0.5042036175727844,141,0.0,141,0.0
2580,80,25,-0.915,0.735,141,-0.5040509700775146,141,0.0,141,0.0
2581,81,25,-0.9449999999999998,0.735,141,-0.5036083459854126,141,0.005761782173067331,141,0.0
2582,82,25,-0.9750000000000001,0.735,141,-0.5033571124076843,141,0.0186234712600708,141,0.0
2583,83,25,-1.005,0.735,141,-0.5024155974388123,141,0.021649399772286415,141,0.0
2584,84,25,-1.0349999999999997,0.735,141,-0.5018093585968018,141,0.012197096832096577,141,0.0
2585,85,25,-1.065,0.735,141,-0.5014522075653076,141,0.009569525718688965,141,0.0
2586,86,25,-1.0949999999999998,0.735,141,-0.5011917352676392,141,0.0,141,0.0
2587,87,25,-1.125,0.735,141,-0.5011917352676392,141,0.0,141,0.0
2588,88,25,-1.1549999999999998,0.735,141,-0.5011866092681885,141,0.0,141,0.0
2589,89,25,-1.185,0.735,141,-0.5011917352676392,141,0.0,141,0.0
2590,90,25,-1.2149999999999999,0.735,0,nan,141,0.0,141,0.02199999988079071
2591,91,25,-1.245,0.735,0,nan,141,0.0,141,0.02199999988079071
2592,92,25,-1.275,0.735,0,nan,141,0.0,141,0.02199999988079071
2593,93,25,-1.3049999999999997,0.735,0,nan,141,0.0,141,0.02199999988079071
2594,94,25,-1.335,0.735,0,nan,141,0.0,141,0.02199999988079071
2595,95,25,-1.3649999999999998,0.735,0,nan,141,0.0,141,0.02199999988079071
2596,96,25,-1.395,0.735,0,nan,141,0.0,141,0.02199999988079071
2597,97,25,-1.4249999999999998,0.735,0,nan,141,0.0,141,0.0
2598,98,25,-1.455,0.735,0,nan,141,0.0,141,0.0
2599,99,25,-1.4849999999999999,0.735,0,nan,141,0.0,141,0.0
2600,0,26,1.485,0.7050000000000001,0,nan,141,0.0,141,0.0
2601,1,26,1.455,0.7050000000000001,0,nan,141,0.0,141,0.0
2602,2,26,1.425,0.7050000000000001,0,nan,141,0.0,141,0.0
2603,3,26,1.395,0.7050000000000001,0,nan,141,0.0,141,0.02199999988079071
2604,4,26,1.365,0.7050000000000001,0,nan,141,0.0,141,0.02199999988079071
2605,5,26,1.335,0.7050000000000001,0,nan,141,0.0,141,0.02199999988079071
2606,6,26,1.305,0.7050000000000001,0,nan,141,0.0,141,0.02199999988079071
2607,7,26,1.275,0.7050000000000001,0,nan,141,0.0,141,0.02199999988079071
2608,8,26,1.245,0.7050000000000001,0,nan,141,0.0,141,0.02199999988079071
2609,9,26,1.215,0.7050000000000001,0,nan,141,0.0,141,0.02199999988079071
2610,10,26,1.185,0.7050000000000001,134,-0.7968869805335999,141,0.0,141,0.0
2611,11,26,1.155,0.7050000000000001,134,-0.7967856526374817,141,0.0,141,0.0
2612,12,26,1.125,0.7050000000000001,130,-0.7967856526374817,141,0.0,141,0.0
2613,13,26,1.095,0.7050000000000001,113,-0.7966957688331604,141,0.21868807077407837,141,0.0
2614,14,26,1.065,0.7050000000000001,120,-0.7813852727413177,141,0.7025866508483887,141,0.02199999988079071
2615,15,26,1.0350000000000001,0.7050000000000001,140,-0.7384779751300812,141,0.8383560180664062,141,0.02199999988079071
2616,16,26,1.005,0.7050000000000001,141,-0.7280252575874329,141,0.46011045575141907,141,0.0
2617,17,26,0.975,0.7050000000000001,141,-0.7270293831825256,141,0.19977886974811554,141,0.0
2618,18,26,0.9450000000000001,0.7050000000000001,141,-0.717657208442688,141,0.18572409451007843,141,0.0
2619,19,26,0.915,0.7050000000000001,141,-0.6957427859306335,141,0.47954419255256653,141,0.0
2620,20,26,0.885,0.7050000000000001,141,-0.6669701337814331,141,0.26129385828971863,141,0.0
2621,21,26,0.855,0.7050000000000001,141,-0.6355497241020203,141,0.05918145179748535,141,0.0
2622,22,26,0.8250000000000001,0.7050000000000001,141,-0.5159172415733337,141,0.05030333995819092,141,0.0
2623,23,26,0.795,0.7050000000000001,141,-0.5141888856887817,141,0.04564126208424568,141,0.0
2624,24,26,0.765,0.7050000000000001,141,-0.5134268999099731,141,0.03963831067085266,141,0.0
2625,25,26,0.735,0.7050000000000001,141,-0.5130303502082825,141,0.015939274802803993,141,0.0
2626,26,26,0.7050000000000001,0.7050000000000001,141,-0.5125783085823059,141,0.015435616485774517,141,0.0
2627,27,26,0.675,0.7050000000000001,141,-0.5123621821403503,141,0.01293222140520811,141,0.0
2628,28,26,0.645,0.7050000000000001,141,-0.5121420621871948,141,0.014369686134159565,141,0.0
2629,29,26,0.615,0.7050000000000001,141,-0.5122410655021667,141,0.015939274802803993,141,0.0
2630,30,26,0.5850000000000001,0.7050000000000001,141,-0.5122506618499756,141,0.019046664237976074,141,0.0
2631,31,26,0.555,0.7050000000000001,141,-0.5123603940010071,141,0.035926301032304764,141,0.0
2632,32,26,0.525,0.7050000000000001,141,-0.5134847164154053,141,0.03115043044090271,141,0.0
2633,33,26,0.4950000000000001,0.7050000000000001,141,-0.5135199427604675,141,0.02068067528307438,141,0.0
2634,34,26,0.4650000000000001,0.7050000000000001,141,-0.5135916471481323,141,0.014428908936679363,141,0.0
2635,35,26,0.43500000000000005,0.7050000000000001,141,-0.5135161280632019,141,0.010985136032104492,141,0.0
2636,36,26,0.405,0.7050000000000001,141,-0.513515830039978,141,0.002817312953993678,141,0.0
2637,37,26,0.375,0.7050000000000001,141,-0.5133540630340576,141,0.000982483266852796,141,0.0
2638,38,26,0.345,0.7050000000000001,141,-0.5132661461830139,141,0.005254149436950684,141,0.0
2639,39,26,0.31499999999999995,0.7050000000000001,141,-0.5129107236862183,141,0.0036925077438354492,141,0.0
2640,40,26,0.28500000000000014,0.7050000000000001,141,-0.5125853419303894,141,0.005537271499633789,141,0.0
2641,41,26,0.2550000000000001,0.7050000000000001,141,-0.5124050974845886,141,0.006036046892404556,141,0.0
2642,42,26,0.2250000000000001,0.7050000000000001,141,-0.5122250318527222,141,0.0036925077438354492,141,0.0
2643,43,26,0.19500000000000006,0.7050000000000001,141,-0.5120342969894409,141,0.00775456428527832,141,0.0
2644,44,26,0.16500000000000004,0.7050000000000001,141,-0.511709988117218,141,0.01576046086847782,141,0.0
2645,45,26,0.135,0.7050000000000001,141,-0.5111494064331055,141,0.019145624712109566,141,0.0
2646,46,26,0.10499999999999998,0.7050000000000001,141,-0.5107508301734924,141,0.011741121299564838,141,0.0
2647,47,26,0.07499999999999996,0.7050000000000001,141,-0.5105891227722168,141,0.01084930170327425,141,0.0
2648,48,26,0.04500000000000015,0.7050000000000001,141,-0.510362982749939,141,0.006449222564697266,141,0.0
2649,49,26,0.015000000000000124,0.7050000000000001,141,-0.5101783275604248,141,0.0011632839450612664,141,0.0
2650,50,26,-0.014999999999999902,0.7050000000000001,141,-0.5101684331893921,141,0.0,141,0.0
2651,51,26,-0.04499999999999993,0.7050000000000001,141,-0.5101684331893921,141,0.0,141,0.0
2652,52,26,-0.07499999999999996,0.7050000000000001,141,-0.5101721286773682,141,0.0004728635249193758,141,0.0
2653,53,26,-0.10499999999999998,0.7050000000000001,141,-0.5101001262664795,141,0.007877597585320473,141,0.0
2654,54,26,-0.135,0.7050000000000001,141,-0.510353147983551,141,0.009099642746150494,141,0.0
2655,55,26,-0.16500000000000004,0.7050000000000001,141,-0.510255753993988,141,0.015182551927864552,141,0.0
2656,56,26,-0.19499999999999984,0.7050000000000001,141,-0.5097681879997253,141,0.019546350464224815,141,0.0
2657,57,26,-0.22499999999999987,0.7050000000000001,141,-0.5093880891799927,141,0.015858808532357216,141,0.0
2658,58,26,-0.2549999999999999,0.7050000000000001,141,-0.5086836814880371,141,0.016996264457702637,141,0.0
2659,59,26,-0.2849999999999999,0.7050000000000001,141,-0.5081743597984314,141,0.016129808500409126,141,0.0
2660,60,26,-0.31499999999999995,0.7050000000000001,141,-0.507768452167511,141,0.0113755464553833,141,0.0
2661,61,26,-0.345,0.7050000000000001,141,-0.5074139833450317,141,0.008783270604908466,141,0.0
2662,62,26,-0.375,0.7050000000000001,141,-0.5070090889930725,141,0.011469920165836811,141,0.0
2663,63,26,-0.405,0.7050000000000001,141,-0.5068002939224243,141,0.011906350031495094,141,0.0
2664,64,26,-0.43499999999999983,0.7050000000000001,141,-0.5065726041793823,141,0.009874503128230572,141,0.0
2665,65,26,-0.46499999999999986,0.7050000000000001,141,-0.5064791440963745,141,0.007819135673344135,141,0.0
2666,66,26,-0.4949999999999999,0.7050000000000001,141,-0.5062726736068726,141,0.008184949867427349,141,0.0
2667,67,26,-0.5249999999999999,0.7050000000000001,141,-0.506076455116272,141,0.006153186317533255,141,0.0
2668,68,26,-0.5549999999999997,0.7050000000000001,141,-0.5059661865234375,141,0.008203585632145405,141,0.0
2669,69,26,-0.585,0.7050000000000001,141,-0.5057313442230225,141,0.009085046127438545,141,0.0
2670,70,26,-0.6149999999999998,0.7050000000000001,141,-0.5052722692489624,141,0.007259812206029892,141,0.0
2671,71,26,-0.645,0.7050000000000001,141,-0.5051310062408447,141,0.0054745981469750404,141,0.0
2672,72,26,-0.6749999999999998,0.7050000000000001,141,-0.5049769878387451,141,0.001183152198791504,141,0.0
2673,73,26,-0.7050000000000001,0.7050000000000001,141,-0.5046998858451843,141,0.0,141,0.0
2674,74,26,-0.7349999999999999,0.7050000000000001,141,-0.5045087933540344,141,0.0,141,0.0
2675,75,26,-0.7650000000000001,0.7050000000000001,141,-0.5043292045593262,141,0.0,141,0.0
2676,76,26,-0.7949999999999999,0.7050000000000001,141,-0.504266619682312,141,0.0,141,0.0
2677,77,26,-0.8249999999999997,0.7050000000000001,141,-0.5042159557342529,141,0.0,141,0.0
2678,78,26,-0.855,0.7050000000000001,141,-0.5041084885597229,141,0.0,141,0.0
2679,79,26,-0.8849999999999998,0.7050000000000001,141,-0.5042036175727844,141,0.0,141,0.0
2680,80,26,-0.915,0.7050000000000001,141,-0.5040509700775146,141,0.006792942527681589,141,0.0
2681,81,26,-0.9449999999999998,0.7050000000000001,141,-0.5036083459854126,141,0.012728031724691391,141,0.0
2682,82,26,-0.9750000000000001,0.7050000000000001,141,-0.5033571124076843,141,0.021694103255867958,141,0.0
2683,83,26,-1.005,0.7050000000000001,141,-0.5024155974388123,141,0.022653130814433098,141,0.0
2684,84,26,-1.0349999999999997,0.7050000000000001,141,-0.5018093585968018,141,0.016786932945251465,141,0.0
2685,85,26,-1.065,0.7050000000000001,141,-0.5014522075653076,141,0.017859727144241333,141,0.0
2686,86,26,-1.0949999999999998,0.7050000000000001,141,-0.5011917352676392,141,0.009147973731160164,141,0.0
2687,87,26,-1.125,0.7050000000000001,141,-0.5011917352676392,141,0.0,141,0.0
2688,88,26,-1.1549999999999998,0.7050000000000001,141,-0.5011866092681885,141,0.0,141,0.0
2689,89,26,-1.185,0.7050000000000001,141,-0.5011917352676392,141,0.0,141,0.0
2690,90,26,-1.2149999999999999,0.7050000000000001,0,nan,141,0.0,141,0.02199999988079071
2691,91,26,-1.245,0.7050000000000001,0,nan,141,0.0,141,0.02199999988079071
2692,92,26,-1.275,0.7050000000000001,0,nan,141,0.0,141,0.02199999988079071
2693,93,26,-1.3049999999999997,0.7050000000000001,0,nan,141,0.0,141,0.02199999988079071
2694,94,26,-1.335,0.7050000000000001,0,nan,141,0.0,141,0.02199999988079071
2695,95,26,-1.3649999999999998,0.7050000000000001,0,nan,141,0.0,141,0.02199999988079071
2696,96,26,-1.395,0.7050000000000001,0,nan,141,0.0,141,0.02199999988079071
2697,97,26,-1.4249999999999998,0.7050000000000001,0,nan,141,0.0,141,0.0
2698,98,26,-1.455,0.7050000000000001,0,nan,141,0.0,141,0.0
2699,99,26,-1.4849999999999999,0.7050000000000001,0,nan,141,0.0,141,0.0
2700,0,27,1.485,0.675,0,nan,141,0.0,141,0.0
2701,1,27,1.455,0.675,0,nan,141,0.0,141,0.0
2702,2,27,1.425,0.675,0,nan,141,0.0,141,0.0
2703,3,27,1.395,0.675,0,nan,141,0.0,141,0.02199999988079071
2704,4,27,1.365,0.675,0,nan,141,0.0,141,0.02199999988079071
2705,5,27,1.335,0.675,0,nan,141,0.0,141,0.02199999988079071
2706,6,27,1.305,0.675,0,nan,141,0.0,141,0.02199999988079071
2707,7,27,1.275,0.675,0,nan,141,0.0,141,0.02199999988079071
2708,8,27,1.245,0.675,0,nan,141,0.0,141,0.02199999988079071
2709,9,27,1.215,0.675,0,nan,141,0.0,141,0.02199999988079071
2710,10,27,1.185,0.675,137,-0.7982248663902283,141,0.011862079612910748,141,0.0
2711,11,27,1.155,0.675,137,-0.7982248663902283,141,0.015004475601017475,141,0.0
2712,12,27,1.125,0.675,134,-0.7981831133365631,141,0.015004475601017475,141,0.0
2713,13,27,1.095,0.675,131,-0.7982248663902283,141,0.22970767319202423,141,0.0
2714,14,27,1.065,0.675,125,-0.7866888046264648,141,0.5810671448707581,141,0.0
2715,15,27,1.0350000000000001,0.675,119,-0.7738234996795654,141,0.7313241958618164,141,0.02199999988079071
2716,16,27,1.005,0.675,131,-0.7573911547660828,141,0.7051416635513306,141,0.0
2717,17,27,0.975,0.675,141,-0.7278768420219421,141,0.5249634385108948,141,0.0
2718,18,27,0.9450000000000001,0.675,141,-0.7221847176551819,141,0.581314742565155,141,0.0
2719,19,27,0.915,0.675,141,-0.6980324983596802,141,0.7344474196434021,141,0.0
2720,20,27,0.885,0.675,141,-0.680712103843689,141,0.5303174257278442,141,0.0
2721,21,27,0.855,0.675,141,-0.6609205603599548,141,0.29216110706329346,141,0.0
2722,22,27,0.8250000000000001,0.675,141,-0.5773890614509583,141,0.09105702489614487,141,0.0
2723,23,27,0.795,0.675,141,-0.5151672959327698,141,0.06378988176584244,141,0.0
2724,24,27,0.765,0.675,141,-0.5132842659950256,141,0.05524054914712906,141,0.0
2725,25,27,0.735,0.675,141,-0.5118875503540039,141,0.027868198230862617,141,0.0
2726,26,27,0.7050000000000001,0.675,141,-0.5118566155433655,141,0.033741194754838943,141,0.0
2727,27,27,0.675,0.675,141,-0.5116307139396667,141,0.03642141819000244,141,0.0
2728,28,27,0.645,0.675,141,-0.5113638043403625,141,0.03941655158996582,141,0.0
2729,29,27,0.615,0.675,141,-0.5112935900688171,141,0.03642141819000244,141,0.0
2730,30,27,0.5850000000000001,0.675,141,-0.5112186670303345,141,0.04623929783701897,141,0.0
2731,31,27,0.555,0.675,141,-0.511203408241272,141,0.054712604731321335,141,0.0
2732,32,27,0.525,0.675,141,-0.5120531916618347,141,0.05783694237470627,141,0.0
2733,33,27,0.4950000000000001,0.675,141,-0.5125128626823425,141,0.05111793801188469,141,0.0
2734,34,27,0.4650000000000001,0.675,141,-0.5125512480735779,141,0.04580787941813469,141,0.0
2735,35,27,0.43500000000000005,0.675,141,-0.51263827085495,141,0.031006336212158203,141,0.0
2736,36,27,0.405,0.675,141,-0.51263827085495,141,0.023299455642700195,141,0.0
2737,37,27,0.375,0.675,141,-0.51263827085495,141,0.015530983917415142,141,0.0
2738,38,27,0.345,0.675,141,-0.5127349495887756,141,0.012731123715639114,141,0.0
2739,39,27,0.31499999999999995,0.675,141,-0.5125637054443359,141,0.01268188189715147,141,0.0
2740,40,27,0.28500000000000014,0.675,141,-0.5124861001968384,141,0.015192240476608276,141,0.0
2741,41,27,0.2550000000000001,0.675,141,-0.5122635364532471,141,0.015097493305802345,141,0.0
2742,42,27,0.2250000000000001,0.675,141,-0.5120419859886169,141,0.012330283410847187,141,0.0
2743,43,27,0.19500000000000006,0.675,141,-0.5118889212608337,141,0.015455484390258789,141,0.0
2744,44,27,0.16500000000000004,0.675,141,-0.511518657207489,141,0.021298224106431007,141,0.0
2745,45,27,0.135,0.675,141,-0.510739803314209,141,0.023219173774123192,141,0.0
2746,46,27,0.10499999999999998,0.675,141,-0.5103224515914917,141,0.01895526982843876,141,0.0
2747,47,27,0.07499999999999996,0.675,141,-0.5100365281105042,141,0.017906244844198227,141,0.0
2748,48,27,0.04500000000000015,0.675,141,-0.5098833441734314,141,0.017230523750185966,141,0.0
2749,49,27,0.015000000000000124,0.675,141,-0.5098349452018738,141,0.014444191940128803,141,0.0
2750,50,27,-0.014999999999999902,0.675,141,-0.5098254084587097,141,0.011521577835083008,141,0.0
2751,51,27,-0.04499999999999993,0.675,141,-0.5098006129264832,141,0.01043338980525732,141,0.0
2752,52,27,-0.07499999999999996,0.675,141,-0.5098254084587097,141,0.011605765670537949,141,0.0
2753,53,27,-0.10499999999999998,0.675,141,-0.5097449421882629,141,0.014947575516998768,141,0.0
2754,54,27,-0.135,0.675,141,-0.5101924538612366,141,0.014154796488583088,141,0.0
2755,55,27,-0.16500000000000004,0.675,141,-0.5101800560951233,141,0.020508965477347374,141,0.0
2756,56,27,-0.19499999999999984,0.675,141,-0.5099416971206665,141,0.021787123754620552,141,0.0
2757,57,27,-0.22499999999999987,0.675,141,-0.5095093846321106,141,0.02332727052271366,141,0.0
2758,58,27,-0.2549999999999999,0.675,141,-0.5086728930473328,141,0.019301796332001686,141,0.0
2759,59,27,-0.2849999999999999,0.675,141,-0.5081132054328918,141,0.022574754431843758,141,0.0
2760,60,27,-0.31499999999999995,0.675,141,-0.5074940323829651,141,0.024381959810853004,141,0.0
2761,61,27,-0.345,0.675,141,-0.5070263743400574,141,0.026743002235889435,141,0.0
2762,62,27,-0.375,0.675,141,-0.5066916346549988,141,0.028219345957040787,141,0.0
2763,63,27,-0.405,0.675,141,-0.5064489841461182,141,0.027231572195887566,141,0.0
2764,64,27,-0.43499999999999983,0.675,141,-0.506028413772583,141,0.025416748598217964,141,0.0
2765,65,27,-0.46499999999999986,0.675,141,-0.5059295296669006,141,0.024130940437316895,141,0.0
2766,66,27,-0.4949999999999999,0.675,141,-0.5058035254478455,141,0.023599466308951378,141,0.0
2767,67,27,-0.5249999999999999,0.675,141,-0.5056631565093994,141,0.02103447914123535,141,0.0
2768,68,27,-0.5549999999999997,0.675,141,-0.5056053996086121,141,0.018357738852500916,141,0.0
2769,69,27,-0.585,0.675,141,-0.5053682327270508,141,0.017146268859505653,141,0.0
2770,70,27,-0.6149999999999998,0.675,141,-0.5050714015960693,141,0.014451146125793457,141,0.0
2771,71,27,-0.645,0.675,141,-0.5051310062408447,141,0.009871690534055233,141,0.0
2772,72,27,-0.6749999999999998,0.675,141,-0.5049493908882141,141,0.006868442054837942,141,0.0
2773,73,27,-0.7050000000000001,0.675,141,-0.5045719742774963,141,0.002345870714634657,141,0.0
2774,74,27,-0.7349999999999999,0.675,141,-0.5043323636054993,141,0.0,141,0.0
2775,75,27,-0.7650000000000001,0.675,141,-0.50428307056427,141,0.0,141,0.0
2776,76,27,-0.7949999999999999,0.675,141,-0.5042372941970825,141,0.0,141,0.0
2777,77,27,-0.8249999999999997,0.675,141,-0.5042193531990051,141,0.0,141,0.0
2778,78,27,-0.855,0.675,141,-0.5042036175727844,141,0.0,141,0.0
2779,79,27,-0.8849999999999998,0.675,141,-0.5042449831962585,141,0.0032222748268395662,141,0.0
2780,80,27,-0.915,0.675,141,-0.5041631460189819,141,0.011513379402458668,141,0.0
2781,81,27,-0.9449999999999998,0.675,141,-0.503902018070221,141,0.014704558067023754,141,0.0
2782,82,27,-0.9750000000000001,0.675,141,-0.5036340355873108,141,0.02295088768005371,141,0.0
2783,83,27,-1.005,0.675,141,-0.5026312470436096,141,0.025968771427869797,141,0.0
2784,84,27,-1.0349999999999997,0.675,141,-0.5021768808364868,141,0.021758105605840683,141,0.0
2785,85,27,-1.065,0.675,141,-0.5018635988235474,141,0.020465664565563202,141,0.0
2786,86,27,-1.0949999999999998,0.675,141,-0.5016573071479797,141,0.018535315990447998,141,0.0
2787,87,27,-1.125,0.675,141,-0.5016499161720276,141,0.012857130728662014,141,0.0
2788,88,27,-1.1549999999999998,0.675,141,-0.5011995434761047,141,0.00721222348511219,141,0.0
2789,89,27,-1.185,0.675,123,-0.5012171268463135,141,0.0,141,0.0
2790,90,27,-1.2149999999999999,0.675,0,nan,141,0.0,141,0.02199999988079071
2791,91,27,-1.245,0.675,0,nan,141,0.0,141,0.02199999988079071
2792,92,27,-1.275,0.675,0,nan,141,0.0,141,0.02199999988079071
2793,93,27,-1.3049999999999997,0.675,0,nan,141,0.0,141,0.02199999988079071
2794,94,27,-1.335,0.675,0,nan,141,0.0,141,0.02199999988079071
2795,95,27,-1.3649999999999998,0.675,0,nan,141,0.0,141,0.02199999988079071
2796,96,27,-1.395,0.675,0,nan,141,0.0,141,0.02199999988079071
2797,97,27,-1.4249999999999998,0.675,0,nan,141,0.0,141,0.0
2798,98,27,-1.455,0.675,0,nan,141,0.0,141,0.0
2799,99,27,-1.4849999999999999,0.675,0,nan,141,0.0,141,0.0
2800,0,28,1.485,0.645,0,nan,141,0.0,141,0.0
2801,1,28,1.455,0.645,0,nan,141,0.0,141,0.0
2802,2,28,1.425,0.645,0,nan,141,0.0,141,0.0
2803,3,28,1.395,0.645,0,nan,141,0.0,141,0.02199999988079071
2804,4,28,1.365,0.645,0,nan,141,0.0,141,0.02199999988079071
2805,5,28,1.335,0.645,0,nan,141,0.0,141,0.02199999988079071
2806,6,28,1.305,0.645,0,nan,141,0.0,141,0.02199999988079071
2807,7,28,1.275,0.645,0,nan,141,0.0,141,0.02199999988079071
2808,8,28,1.245,0.645,0,nan,141,0.0,141,0.02199999988079071
2809,9,28,1.215,0.645,0,nan,141,0.0,141,0.02199999988079071
2810,10,28,1.185,0.645,138,-0.7991666197776794,141,0.0,141,0.0
2811,11,28,1.155,0.645,138,-0.7991666197776794,141,0.0,141,0.0
2812,12,28,1.125,0.645,137,-0.7991593480110168,141,0.0,141,0.0
2813,13,28,1.095,0.645,135,-0.799173891544342,141,0.19227464497089386,141,0.0
2814,14,28,1.065,0.645,134,-0.7879273891448975,141,0.37863749265670776,141,0.0
2815,15,28,1.0350000000000001,0.645,135,-0.7755756974220276,141,0.4610578715801239,141,0.0
2816,16,28,1.005,0.645,133,-0.7637658715248108,141,0.5486804842948914,141,0.0
2817,17,28,0.975,0.645,133,-0.7507331371307373,141,0.6028582453727722,141,0.0
2818,18,28,0.9450000000000001,0.645,139,-0.7293252348899841,141,0.8050190210342407,141,0.02199999988079071
2819,19,28,0.915,0.645,141,-0.6982334852218628,141,0.8172018527984619,141,0.0
2820,20,28,0.885,0.645,141,-0.6816776394844055,141,0.7158946394920349,141,0.0
2821,21,28,0.855,0.645,141,-0.6655157208442688,141,0.44534504413604736,141,0.0
2822,22,28,0.8250000000000001,0.645,141,-0.6451928019523621,141,0.19319355487823486,141,0.0
2823,23,28,0.795,0.645,141,-0.5151672959327698,141,0.08243123441934586,141,0.0
2824,24,28,0.765,0.645,141,-0.512981653213501,141,0.06077687069773674,141,0.0
2825,25,28,0.735,0.645,141,-0.5117323398590088,141,0.03052552603185177,141,0.0
2826,26,28,0.7050000000000001,0.645,141,-0.511182427406311,141,0.019297083839774132,141,0.0
2827,27,28,0.675,0.645,141,-0.510919451713562,141,0.025892550125718117,141,0.0
2828,28,28,0.645,0.645,141,-0.510775089263916,141,0.03338158130645752,141,0.0
2829,29,28,0.615,0.645,141,-0.510775089263916,141,0.0367475263774395,141,0.0
2830,30,28,0.5850000000000001,0.645,141,-0.510265052318573,141,0.04398028180003166,141,0.0
2831,31,28,0.555,0.645,141,-0.5102152824401855,141,0.05289316177368164,141,0.0
2832,32,28,0.525,0.645,141,-0.5102152824401855,141,0.05810394883155823,141,0.0
2833,33,28,0.4950000000000001,0.645,141,-0.5110785365104675,141,0.05981624126434326,141,0.0
2834,34,28,0.4650000000000001,0.645,141,-0.5118582248687744,141,0.04119674488902092,141,0.0
2835,35,28,0.43500000000000005,0.645,141,-0.5121804475784302,141,0.03282129764556885,141,0.0
2836,36,28,0.405,0.645,141,-0.5121949911117554,141,0.023827949538826942,141,0.0
2837,37,28,0.375,0.645,141,-0.5122635364532471,141,0.018394704908132553,141,0.0
2838,38,28,0.345,0.645,141,-0.5123720765113831,141,0.011617682874202728,141,0.0
2839,39,28,0.31499999999999995,0.645,141,-0.5122635364532471,141,0.013089179992675781,141,0.0
2840,40,28,0.28500000000000014,0.645,141,-0.5121949911117554,141,0.017214814200997353,141,0.0
2841,41,28,0.2550000000000001,0.645,141,-0.5120517015457153,141,0.017215808853507042,141,0.0
2842,42,28,0.2250000000000001,0.645,141,-0.511709988117218,141,0.013657419942319393,141,0.0
2843,43,28,0.19500000000000006,0.645,141,-0.5114977955818176,141,0.018408531323075294,141,0.0
2844,44,28,0.16500000000000004,0.645,141,-0.5109938383102417,141,0.024850767105817795,141,0.0
2845,45,28,0.135,0.645,141,-0.510362982749939,141,0.02774619497358799,141,0.0
2846,46,28,0.10499999999999998,0.645,141,-0.5098262429237366,141,0.022744687274098396,141,0.0
2847,47,28,0.07499999999999996,0.645,141,-0.509577214717865,141,0.020858069881796837,141,0.0
2848,48,28,0.04500000000000015,0.645,141,-0.5094249844551086,141,0.01821489818394184,141,0.0
2849,49,28,0.015000000000000124,0.645,141,-0.5093660354614258,141,0.014879305846989155,141,0.0
2850,50,28,-0.014999999999999902,0.645,141,-0.5093612670898438,141,0.013939539901912212,141,0.0
2851,51,28,-0.04499999999999993,0.645,141,-0.5093612670898438,141,0.013015667907893658,141,0.0
2852,52,28,-0.07499999999999996,0.645,141,-0.5093771815299988,141,0.01341440249234438,141,0.0
2853,53,28,-0.10499999999999998,0.645,141,-0.5095149874687195,141,0.01709100790321827,141,0.0
2854,54,28,-0.135,0.645,141,-0.5099989175796509,141,0.014960146509110928,141,0.0
2855,55,28,-0.16500000000000004,0.645,141,-0.5101783275604248,141,0.017762422561645508,141,0.0
2856,56,28,-0.19499999999999984,0.645,141,-0.5101003646850586,141,0.021707018837332726,141,0.0
2857,57,28,-0.22499999999999987,0.645,141,-0.5093880891799927,141,0.023915952071547508,141,0.0
2858,58,28,-0.2549999999999999,0.645,141,-0.5086728930473328,141,0.023492665961384773,141,0.0
2859,59,28,-0.2849999999999999,0.645,141,-0.5080759525299072,141,0.026101866737008095,141,0.0
2860,60,28,-0.31499999999999995,0.645,141,-0.5071492195129395,141,0.031294338405132294,141,0.0
2861,61,28,-0.345,0.645,141,-0.5063983798027039,141,0.034872908145189285,141,0.0
2862,62,28,-0.375,0.645,141,-0.5055817365646362,141,0.0343422032892704,141,0.0
2863,63,28,-0.405,0.645,141,-0.5052253007888794,141,0.029323497787117958,141,0.0
2864,64,28,-0.43499999999999983,0.645,141,-0.5049793720245361,141,0.024421920999884605,141,0.0
2865,65,28,-0.46499999999999986,0.645,141,-0.5049200057983398,141,0.022342801094055176,141,0.0
2866,66,28,-0.4949999999999999,0.645,141,-0.5048287510871887,141,0.019735097885131836,141,0.0
2867,67,28,-0.5249999999999999,0.645,141,-0.5047736763954163,141,0.01818239688873291,141,0.0
2868,68,28,-0.5549999999999997,0.645,141,-0.5047736763954163,141,0.017569461837410927,141,0.0
2869,69,28,-0.585,0.645,141,-0.5047162771224976,141,0.016870101913809776,141,0.0
2870,70,28,-0.6149999999999998,0.645,141,-0.5046790838241577,141,0.015391536988317966,141,0.0
2871,71,28,-0.645,0.645,141,-0.5049793720245361,141,0.011624892242252827,141,0.0
2872,72,28,-0.6749999999999998,0.645,141,-0.5048864483833313,141,0.00738292234018445,141,0.0
2873,73,28,-0.7050000000000001,0.645,141,-0.5045719742774963,141,0.0025331974029541016,141,0.0
2874,74,28,-0.7349999999999999,0.645,141,-0.5043841004371643,141,0.0,141,0.0
2875,75,28,-0.7650000000000001,0.645,141,-0.5043323636054993,141,0.0,141,0.0
2876,76,28,-0.7949999999999999,0.645,141,-0.5043180584907532,141,0.0,141,0.0
2877,77,28,-0.8249999999999997,0.645,141,-0.5042877793312073,141,0.0,141,0.0
2878,78,28,-0.855,0.645,141,-0.50428307056427,141,0.0,141,0.0
2879,79,28,-0.8849999999999998,0.645,141,-0.5043841004371643,141,0.002058346988633275,141,0.0
2880,80,28,-0.915,0.645,141,-0.5042868256568909,141,0.009411039762198925,141,0.0
2881,81,28,-0.9449999999999998,0.645,141,-0.5039641261100769,141,0.011590818874537945,141,0.0
2882,82,28,-0.9750000000000001,0.645,141,-0.5038623213768005,141,0.02002813294529915,141,0.0
2883,83,28,-1.005,0.645,141,-0.5030879974365234,141,0.0222932081669569,141,0.0
2884,84,28,-1.0349999999999997,0.645,141,-0.502596914768219,141,0.017877332866191864,141,0.0
2885,85,28,-1.065,0.645,141,-0.5023340582847595,141,0.013843598775565624,141,0.0
2886,86,28,-1.0949999999999998,0.645,141,-0.502009391784668,141,0.007111827377229929,141,0.0
2887,87,28,-1.125,0.645,136,-0.5019973516464233,141,0.01166255958378315,141,0.0
2888,88,28,-1.1549999999999998,0.645,104,-0.5012263655662537,141,0.008734787814319134,141,0.0
2889,89,28,-1.185,0.645,75,-0.5012238621711731,141,0.0,141,0.0
2890,90,28,-1.2149999999999999,0.645,0,nan,141,0.0,141,0.02199999988079071
2891,91,28,-1.245,0.645,0,nan,141,0.0,141,0.02199999988079071
2892,92,28,-1.275,0.645,0,nan,141,0.0,141,0.02199999988079071
2893,93,28,-1.3049999999999997,0.645,0,nan,141,0.0,141,0.02199999988079071
2894,94,28,-1.335,0.645,0,nan,141,0.0,141,0.02199999988079071
2895,95,28,-1.3649999999999998,0.645,0,nan,141,0.0,141,0.02199999988079071
2896,96,28,-1.395,0.645,0,nan,141,0.0,141,0.02199999988079071
2897,97,28,-1.4249999999999998,0.645,0,nan,141,0.0,141,0.0
2898,98,28,-1.455,0.645,0,nan,141,0.0,141,0.0
2899,99,28,-1.4849999999999999,0.645,0,nan,141,0.0,141,0.0
2900,0,29,1.485,0.615,0,nan,141,0.0,141,0.0
2901,1,29,1.455,0.615,0,nan,141,0.0,141,0.0
2902,2,29,1.425,0.615,0,nan,141,0.0,141,0.0
2903,3,29,1.395,0.615,0,nan,141,0.0,141,0.02199999988079071
2904,4,29,1.365,0.615,0,nan,141,0.0,141,0.02199999988079071
2905,5,29,1.335,0.615,0,nan,141,0.0,141,0.02199999988079071
2906,6,29,1.305,0.615,0,nan,141,0.0,141,0.02199999988079071
2907,7,29,1.275,0.615,0,nan,141,0.0,141,0.02199999988079071
2908,8,29,1.245,0.615,0,nan,141,0.0,141,0.02199999988079071
2909,9,29,1.215,0.615,0,nan,141,0.0,141,0.02199999988079071
2910,10,29,1.185,0.615,138,-0.7997620701789856,141,0.0,141,0.0
2911,11,29,1.155,0.615,138,-0.7997620701789856,141,0.0,141,0.0
2912,12,29,1.125,0.615,138,-0.7997620701789856,141,0.0,141,0.0
2913,13,29,1.095,0.615,138,-0.7997620701789856,141,0.18331606686115265,141,0.0
2914,14,29,1.065,0.615,138,-0.7885610163211823,141,0.37808555364608765,141,0.0
2915,15,29,1.0350000000000001,0.615,140,-0.77720046043396,141,0.40594175457954407,141,0.0
2916,16,29,1.005,0.615,141,-0.7646254897117615,141,0.39413273334503174,141,0.0
2917,17,29,0.975,0.615,141,-0.7537834048271179,141,0.48461756110191345,141,0.0
2918,18,29,0.9450000000000001,0.615,133,-0.7411065697669983,141,0.6057468056678772,141,0.0
2919,19,29,0.915,0.615,126,-0.7271468639373779,141,0.7739363312721252,141,0.02199999988079071
2920,20,29,0.885,0.615,141,-0.6886648535728455,141,0.8982890248298645,141,0.10000000149011612
2921,21,29,0.855,0.615,141,-0.6696542501449585,141,0.5911986231803894,141,0.0
2922,22,29,0.8250000000000001,0.615,141,-0.651734471321106,141,0.23537079989910126,141,0.0
2923,23,29,0.795,0.615,141,-0.5156636238098145,141,0.07130106538534164,141,0.0
2924,24,29,0.765,0.615,141,-0.512981653213501,141,0.05596081539988518,141,0.0
2925,25,29,0.735,0.615,141,-0.5117323398590088,141,0.030025839805603027,141,0.0
2926,26,29,0.7050000000000001,0.615,141,-0.5111764073371887,141,0.01569071039557457,141,0.0
2927,27,29,0.675,0.615,141,-0.5102152824401855,141,0.010629494674503803,141,0.0
2928,28,29,0.645,0.615,141,-0.5097824335098267,141,0.016232585534453392,141,0.0
2929,29,29,0.615,0.615,141,-0.5095612406730652,141,0.01847563311457634,141,0.0
2930,30,29,0.5850000000000001,0.615,141,-0.509353518486023,141,0.024186676368117332,141,0.0
2931,31,29,0.555,0.615,141,-0.5092836022377014,141,0.023808082565665245,141,0.0
2932,32,29,0.525,0.615,141,-0.5092195868492126,141,0.031821925193071365,141,0.0
2933,33,29,0.4950000000000001,0.615,141,-0.509353518486023,141,0.03353689983487129,141,0.0
2934,34,29,0.4650000000000001,0.615,141,-0.5102242231369019,141,0.021711984649300575,141,0.0
2935,35,29,0.43500000000000005,0.615,141,-0.510536789894104,141,0.015274872072041035,141,0.0
2936,36,29,0.405,0.615,141,-0.5110785365104675,141,0.009808938018977642,141,0.0
2937,37,29,0.375,0.615,141,-0.5116872787475586,141,0.011959459632635117,141,0.0
2938,38,29,0.345,0.615,141,-0.5118035674095154,141,0.011530323885381222,141,0.0
2939,39,29,0.31499999999999995,0.615,141,-0.5120055079460144,141,0.010870893485844135,141,0.0
2940,40,29,0.28500000000000014,0.615,141,-0.5117776989936829,141,0.014822681434452534,141,0.0
2941,41,29,0.2550000000000001,0.615,141,-0.5114490389823914,141,0.01576046086847782,141,0.0
2942,42,29,0.2250000000000001,0.615,141,-0.511252224445343,141,0.01576046086847782,141,0.0
2943,43,29,0.19500000000000006,0.615,141,-0.5110256671905518,141,0.022196505218744278,141,0.0
2944,44,29,0.16500000000000004,0.615,141,-0.5104354023933411,141,0.02783343195915222,141,0.0
2945,45,29,0.135,0.615,141,-0.5098357796669006,141,0.028949813917279243,141,0.0
2946,46,29,0.10499999999999998,0.615,141,-0.5092912912368774,141,0.027884358540177345,141,0.0
2947,47,29,0.07499999999999996,0.615,141,-0.5089427828788757,141,0.02219836227595806,141,0.0
2948,48,29,0.04500000000000015,0.615,141,-0.508884847164154,141,0.01535813044756651,141,0.0
2949,49,29,0.015000000000000124,0.615,141,-0.5088533759117126,141,0.013898869045078754,141,0.0
2950,50,29,-0.014999999999999902,0.615,141,-0.5088375210762024,141,0.013529260642826557,141,0.0
2951,51,29,-0.04499999999999993,0.615,141,-0.508852481842041,141,0.013402104377746582,141,0.0
2952,52,29,-0.07499999999999996,0.615,141,-0.5089122653007507,141,0.01437612995505333,141,0.0
2953,53,29,-0.10499999999999998,0.615,141,-0.5092493295669556,141,0.022281209006905556,141,0.0
2954,54,29,-0.135,0.615,141,-0.5098174810409546,141,0.01760481856763363,141,0.0
2955,55,29,-0.16500000000000004,0.615,141,-0.5100884437561035,141,0.020612278953194618,141,0.0
2956,56,29,-0.19499999999999984,0.615,141,-0.5102347731590271,141,0.01935892552137375,141,0.0
2957,57,29,-0.22499999999999987,0.615,141,-0.5097275972366333,141,0.026216110214591026,141,0.0
2958,58,29,-0.2549999999999999,0.615,141,-0.5086728930473328,141,0.02613961696624756,141,0.0
2959,59,29,-0.2849999999999999,0.615,141,-0.5079911947250366,141,0.02687031216919422,141,0.0
2960,60,29,-0.31499999999999995,0.615,141,-0.5070294141769409,141,0.03524124622344971,141,0.0
2961,61,29,-0.345,0.615,141,-0.5060882568359375,141,0.03662705421447754,141,0.0
2962,62,29,-0.375,0.615,141,-0.5048779845237732,141,0.025154152885079384,141,0.0
2963,63,29,-0.405,0.615,141,-0.5047677159309387,141,0.013737876899540424,141,0.0
2964,64,29,-0.43499999999999983,0.615,141,-0.5045824646949768,141,0.008540351875126362,141,0.0
2965,65,29,-0.46499999999999986,0.615,141,-0.5045583844184875,141,0.005516409873962402,141,0.0
2966,66,29,-0.4949999999999999,0.615,141,-0.5044594407081604,141,0.005781684536486864,141,0.0
2967,67,29,-0.5249999999999999,0.615,141,-0.5043559074401855,141,0.006328700575977564,141,0.0
2968,68,29,-0.5549999999999997,0.615,141,-0.5045318603515625,141,0.007635354995727539,141,0.0
2969,69,29,-0.585,0.615,141,-0.5045155882835388,141,0.007967154495418072,141,0.0
2970,70,29,-0.6149999999999998,0.615,141,-0.5046548247337341,141,0.013788540847599506,141,0.0
2971,71,29,-0.645,0.615,141,-0.5048909187316895,141,0.011146068572998047,141,0.0
2972,72,29,-0.6749999999999998,0.615,141,-0.5047847628593445,141,0.00982383918017149,141,0.0
2973,73,29,-0.7050000000000001,0.615,141,-0.5045340657234192,141,0.0071148076094686985,141,0.0
2974,74,29,-0.7349999999999999,0.615,141,-0.5042726397514343,141,0.0025331974029541016,141,0.0
2975,75,29,-0.7650000000000001,0.615,141,-0.5042877793312073,141,0.0,141,0.0
2976,76,29,-0.7949999999999999,0.615,141,-0.5042726397514343,141,0.002054373500868678,141,0.0
2977,77,29,-0.8249999999999997,0.615,141,-0.5042726397514343,141,0.0022729237098246813,141,0.0
2978,78,29,-0.855,0.615,141,-0.5042449831962585,141,0.0030359779484570026,141,0.0
2979,79,29,-0.8849999999999998,0.615,141,-0.5043180584907532,141,0.005646975245326757,141,0.0
2980,80,29,-0.915,0.615,141,-0.5042936205863953,141,0.010286767967045307,141,0.0
2981,81,29,-0.9449999999999998,0.615,141,-0.5039832592010498,141,0.010063250549137592,141,0.0
2982,82,29,-0.9750000000000001,0.615,141,-0.5038085579872131,141,0.01639111340045929,141,0.0
2983,83,29,-1.005,0.615,141,-0.5031298995018005,141,0.01798214577138424,141,0.0
2984,84,29,-1.0349999999999997,0.615,141,-0.5027241706848145,141,0.013108055107295513,141,0.0
2985,85,29,-1.065,0.615,141,-0.502434492111206,141,0.007716163527220488,141,0.0
2986,86,29,-1.0949999999999998,0.615,141,-0.5021514892578125,141,0.0,141,0.0
2987,87,29,-1.125,0.615,133,-0.5021231174468994,141,0.0034391828812658787,141,0.0
2988,88,29,-1.1549999999999998,0.615,29,-0.5015665888786316,141,0.0,141,0.02199999988079071
2989,89,29,-1.185,0.615,3,-0.5000936388969421,141,0.0,141,0.02199999988079071
2990,90,29,-1.2149999999999999,0.615,0,nan,141,0.0,141,0.02199999988079071
2991,91,29,-1.245,0.615,0,nan,141,0.0,141,0.02199999988079071
2992,92,29,-1.275,0.615,0,nan,141,0.0,141,0.02199999988079071
2993,93,29,-1.3049999999999997,0.615,0,nan,141,0.0,141,0.02199999988079071
2994,94,29,-1.335,0.615,0,nan,141,0.0,141,0.02199999988079071
2995,95,29,-1.3649999999999998,0.615,0,nan,141,0.0,141,0.02199999988079071
2996,96,29,-1.395,0.615,0,nan,141,0.0,141,0.02199999988079071
2997,97,29,-1.4249999999999998,0.615,0,nan,141,0.0,141,0.0
2998,98,29,-1.455,0.615,0,nan,141,0.0,141,0.0
2999,99,29,-1.4849999999999999,0.615,0,nan,141,0.0,141,0.0
3000,0,30,1.485,0.5850000000000001,0,nan,141,0.0,141,0.0
3001,1,30,1.455,0.5850000000000001,0,nan,141,0.0,141,0.0
3002,2,30,1.425,0.5850000000000001,0,nan,141,0.0,141,0.0
3003,3,30,1.395,0.5850000000000001,0,nan,141,0.0,141,0.02199999988079071
3004,4,30,1.365,0.5850000000000001,0,nan,141,0.0,141,0.02199999988079071
3005,5,30,1.335,0.5850000000000001,0,nan,141,0.0,141,0.02199999988079071
3006,6,30,1.305,0.5850000000000001,0,nan,141,0.0,141,0.02199999988079071
3007,7,30,1.275,0.5850000000000001,0,nan,141,0.0,141,0.02199999988079071
3008,8,30,1.245,0.5850000000000001,0,nan,141,0.0,141,0.02199999988079071
3009,9,30,1.215,0.5850000000000001,0,nan,141,0.0,141,0.02199999988079071
3010,10,30,1.185,0.5850000000000001,136,-0.799929141998291,141,0.0,141,0.0
3011,11,30,1.155,0.5850000000000001,138,-0.799929141998291,141,0.0,141,0.0
3012,12,30,1.125,0.5850000000000001,138,-0.799929141998291,141,0.0,141,0.0
3013,13,30,1.095,0.5850000000000001,138,-0.799929141998291,141,0.18888413906097412,141,0.0
3014,14,30,1.065,0.5850000000000001,138,-0.7887632250785828,141,0.37648189067840576,141,0.0
3015,15,30,1.0350000000000001,0.5850000000000001,140,-0.7776687443256378,141,0.3873898386955261,141,0.0
3016,16,30,1.005,0.5850000000000001,141,-0.7652879953384399,141,0.38243263959884644,141,0.0
3017,17,30,0.975,0.5850000000000001,141,-0.7542135119438171,141,0.395801305770874,141,0.0
3018,18,30,0.9450000000000001,0.5850000000000001,140,-0.7422214150428772,141,0.3952794671058655,141,0.0
3019,19,30,0.915,0.5850000000000001,134,-0.7306711673736572,141,0.5811631679534912,141,0.0
3020,20,30,0.885,0.5850000000000001,117,-0.7164261341094971,141,0.6623470783233643,141,0.02199999988079071
3021,21,30,0.855,0.5850000000000001,139,-0.670730471611023,141,0.9249387383460999,141,0.10000000149011612
3022,22,30,0.8250000000000001,0.5850000000000001,141,-0.6543692350387573,141,1.1169761419296265,141,0.10000000149011612
3023,23,30,0.795,0.5850000000000001,141,-0.5156636238098145,141,0.5437096357345581,141,0.0
3024,24,30,0.765,0.5850000000000001,141,-0.512981653213501,141,0.07027089595794678,141,0.0
3025,25,30,0.735,0.5850000000000001,141,-0.5117323398590088,141,0.03052552603185177,141,0.0
3026,26,30,0.7050000000000001,0.5850000000000001,141,-0.5111764073371887,141,0.019847353920340538,141,0.0
3027,27,30,0.675,0.5850000000000001,141,-0.5102127194404602,141,0.0124295549467206,141,0.0
3028,28,30,0.645,0.5850000000000001,141,-0.509522020816803,141,0.0043551125563681126,141,0.0
3029,29,30,0.615,0.5850000000000001,141,-0.5092836022377014,141,0.008506990037858486,141,0.0
3030,30,30,0.5850000000000001,0.5850000000000001,141,-0.5091039538383484,141,0.010866920463740826,141,0.0
3031,31,30,0.555,0.5850000000000001,141,-0.5090572237968445,141,0.012000401504337788,141,0.0
3032,32,30,0.525,0.5850000000000001,141,-0.5090193748474121,141,0.01684029959142208,141,0.0
3033,33,30,0.4950000000000001,0.5850000000000001,141,-0.5091885924339294,141,0.025284290313720703,141,0.0
3034,34,30,0.4650000000000001,0.5850000000000001,141,-0.5095629692077637,141,0.021336475387215614,141,0.0
3035,35,30,0.43500000000000005,0.5850000000000001,141,-0.510115385055542,141,0.011829535476863384,141,0.0
3036,36,30,0.405,0.5850000000000001,141,-0.5106118321418762,141,0.009400646202266216,141,0.0
3037,37,30,0.375,0.5850000000000001,141,-0.5112186670303345,141,0.013283888809382915,141,0.0
3038,38,30,0.345,0.5850000000000001,141,-0.5114264488220215,141,0.011174877174198627,141,0.0
3039,39,30,0.31499999999999995,0.5850000000000001,141,-0.5114264488220215,141,0.011529524810612202,141,0.0
3040,40,30,0.28500000000000014,0.5850000000000001,141,-0.5112464427947998,141,0.017027059569954872,141,0.0
3041,41,30,0.2550000000000001,0.5850000000000001,141,-0.5111340284347534,141,0.018266836181282997,141,0.0
3042,42,30,0.2250000000000001,0.5850000000000001,141,-0.5106958746910095,141,0.017497593536973,141,0.0
3043,43,30,0.19500000000000006,0.5850000000000001,141,-0.5105275511741638,141,0.024106105789542198,141,0.0
3044,44,30,0.16500000000000004,0.5850000000000001,141,-0.5098764896392822,141,0.02867778204381466,141,0.0
3045,45,30,0.135,0.5850000000000001,141,-0.5093934535980225,141,0.027365082874894142,141,0.0
3046,46,30,0.10499999999999998,0.5850000000000001,141,-0.508773922920227,141,0.02607163041830063,141,0.0
3047,47,30,0.07499999999999996,0.5850000000000001,141,-0.5085266828536987,141,0.022686680778861046,141,0.0
3048,48,30,0.04500000000000015,0.5850000000000001,141,-0.5084750056266785,141,0.020112594589591026,141,0.0
3049,49,30,0.015000000000000124,0.5850000000000001,141,-0.508472740650177,141,0.01881519891321659,141,0.0
3050,50,30,-0.014999999999999902,0.5850000000000001,141,-0.5084512233734131,141,0.018478432670235634,141,0.0
3051,51,30,-0.04499999999999993,0.5850000000000001,141,-0.508472740650177,141,0.017741484567523003,141,0.0
3052,52,30,-0.07499999999999996,0.5850000000000001,141,-0.5086091160774231,141,0.020765265449881554,141,0.0
3053,53,30,-0.10499999999999998,0.5850000000000001,141,-0.5088703036308289,141,0.02962486632168293,141,0.0
3054,54,30,-0.135,0.5850000000000001,141,-0.509666919708252,141,0.02307073026895523,141,0.0
3055,55,30,-0.16500000000000004,0.5850000000000001,141,-0.5100077986717224,141,0.02089734375476837,141,0.0
3056,56,30,-0.19499999999999984,0.5850000000000001,141,-0.5102347731590271,141,0.018932657316327095,141,0.0
3057,57,30,-0.22499999999999987,0.5850000000000001,141,-0.5098975300788879,141,0.026216110214591026,141,0.0
3058,58,30,-0.2549999999999999,0.5850000000000001,141,-0.5086703896522522,141,0.0286738071590662,141,0.0
3059,59,30,-0.2849999999999999,0.5850000000000001,141,-0.5078893303871155,141,0.03346838057041168,141,0.0
3060,60,30,-0.31499999999999995,0.5850000000000001,141,-0.5070223808288574,141,0.037599604576826096,141,0.0
3061,61,30,-0.345,0.5850000000000001,141,-0.505921483039856,141,0.0368167944252491,141,0.0
3062,62,30,-0.375,0.5850000000000001,141,-0.5046113729476929,141,0.018613537773489952,141,0.0
3063,63,30,-0.405,0.5850000000000001,141,-0.5044870972633362,141,0.001487135887145996,141,0.0
3064,64,30,-0.43499999999999983,0.5850000000000001,141,-0.5042612552642822,141,0.0,141,0.0
3065,65,30,-0.46499999999999986,0.5850000000000001,141,-0.5042564868927002,141,0.0,141,0.0
3066,66,30,-0.4949999999999999,0.5850000000000001,141,-0.5042378306388855,141,0.0,141,0.0
3067,67,30,-0.5249999999999999,0.5850000000000001,141,-0.5042378306388855,141,0.0013838211307302117,141,0.0
3068,68,30,-0.5549999999999997,0.5850000000000001,141,-0.5042612552642822,141,0.003916170448064804,141,0.0
3069,69,30,-0.585,0.5850000000000001,141,-0.5042034983634949,141,0.00673922523856163,141,0.0
3070,70,30,-0.6149999999999998,0.5850000000000001,141,-0.5043031573295593,141,0.013705160468816757,141,0.0
3071,71,30,-0.645,0.5850000000000001,141,-0.5047847628593445,141,0.011068363673985004,141,0.0
3072,72,30,-0.6749999999999998,0.5850000000000001,141,-0.5046548247337341,141,0.00785092543810606,141,0.0
3073,73,30,-0.7050000000000001,0.5850000000000001,141,-0.504400372505188,141,0.006765127182006836,141,0.0
3074,74,30,-0.7349999999999999,0.5850000000000001,141,-0.5041631460189819,141,0.002594044664874673,141,0.0
3075,75,30,-0.7650000000000001,0.5850000000000001,141,-0.5042159557342529,141,0.0,141,0.0
3076,76,30,-0.7949999999999999,0.5850000000000001,141,-0.5041631460189819,141,0.0,141,0.0
3077,77,30,-0.8249999999999997,0.5850000000000001,141,-0.5041462182998657,141,0.0022729237098246813,141,0.0
3078,78,30,-0.855,0.5850000000000001,141,-0.5040852427482605,141,0.0016411145916208625,141,0.0
3079,79,30,-0.8849999999999998,0.5850000000000001,141,-0.5041549801826477,141,0.0043451786041259766,141,0.0
3080,80,30,-0.915,0.5850000000000001,141,-0.5041190385818481,141,0.007609526161104441,141,0.0
3081,81,30,-0.9449999999999998,0.5850000000000001,141,-0.5039429664611816,141,0.007208188530057669,141,0.0
3082,82,30,-0.9750000000000001,0.5850000000000001,141,-0.5038085579872131,141,0.013568003661930561,141,0.0
3083,83,30,-1.005,0.5850000000000001,141,-0.5031298995018005,141,0.015669068321585655,141,0.0
3084,84,30,-1.0349999999999997,0.5850000000000001,141,-0.5027111172676086,141,0.012022256851196289,141,0.0
3085,85,30,-1.065,0.5850000000000001,141,-0.502434492111206,141,0.005484620574861765,141,0.0
3086,86,30,-1.0949999999999998,0.5850000000000001,141,-0.5021514892578125,141,0.0,141,0.0
3087,87,30,-1.125,0.5850000000000001,133,-0.5021231174468994,141,0.0,141,0.0
3088,88,30,-1.1549999999999998,0.5850000000000001,16,-0.5018985569477081,141,0.0,141,0.02199999988079071
3089,89,30,-1.185,0.5850000000000001,0,nan,141,0.0,141,0.02199999988079071
3090,90,30,-1.2149999999999999,0.5850000000000001,0,nan,141,0.0,141,0.02199999988079071
3091,91,30,-1.245,0.5850000000000001,0,nan,141,0.0,141,0.02199999988079071
3092,92,30,-1.275,0.5850000000000001,0,nan,141,0.0,141,0.02199999988079071
3093,93,30,-1.3049999999999997,0.5850000000000001,0,nan,141,0.0,141,0.02199999988079071
3094,94,30,-1.335,0.5850000000000001,0,nan,141,0.0,141,0.02199999988079071
3095,95,30,-1.3649999999999998,0.5850000000000001,0,nan,141,0.0,141,0.02199999988079071
3096,96,30,-1.395,0.5850000000000001,0,nan,141,0.0,141,0.02199999988079071
3097,97,30,-1.4249999999999998,0.5850000000000001,0,nan,141,0.0,141,0.0
3098,98,30,-1.455,0.5850000000000001,0,nan,141,0.0,141,0.0
3099,99,30,-1.4849999999999999,0.5850000000000001,0,nan,141,0.0,141,0.0
3100,0,31,1.485,0.555,0,nan,141,0.0,141,0.0
3101,1,31,1.455,0.555,0,nan,141,0.0,141,0.0
3102,2,31,1.425,0.555,0,nan,141,0.0,141,0.0
3103,3,31,1.395,0.555,0,nan,141,0.0,141,0.02199999988079071
3104,4,31,1.365,0.555,0,nan,141,0.0,141,0.02199999988079071
3105,5,31,1.335,0.555,0,nan,141,0.0,141,0.02199999988079071
3106,6,31,1.305,0.555,0,nan,141,0.0,141,0.02199999988079071
3107,7,31,1.275,0.555,0,nan,141,0.0,141,0.02199999988079071
3108,8,31,1.245,0.555,0,nan,141,0.0,141,0.02199999988079071
3109,9,31,1.215,0.555,0,nan,141,0.0,141,0.02199999988079071
3110,10,31,1.185,0.555,131,-0.8005145192146301,141,0.0,141,0.0
3111,11,31,1.155,0.555,138,-0.8001570105552673,141,0.0,141,0.0
3112,12,31,1.125,0.555,138,-0.8001570105552673,141,0.0,141,0.0
3113,13,31,1.095,0.555,138,-0.8001570105552673,141,0.18435518443584442,141,0.0
3114,14,31,1.065,0.555,138,-0.7895192205905914,141,0.36082085967063904,141,0.0
3115,15,31,1.0350000000000001,0.555,139,-0.7780918478965759,141,0.37625831365585327,141,0.0
3116,16,31,1.005,0.555,141,-0.7661866545677185,141,0.38084983825683594,141,0.0
3117,17,31,0.975,0.555,141,-0.7548891305923462,141,0.3897998332977295,141,0.0
3118,18,31,0.9450000000000001,0.555,141,-0.7438978552818298,141,0.372121125459671,141,0.0
3119,19,31,0.915,0.555,139,-0.7321487069129944,141,0.4112949073314667,141,0.0
3120,20,31,0.885,0.555,134,-0.7194195985794067,141,0.5708103179931641,141,0.0
3121,21,31,0.855,0.555,131,-0.7063798308372498,141,0.7484242916107178,141,0.02199999988079071
3122,22,31,0.8250000000000001,0.555,130,-0.6909302771091461,141,1.0533790588378906,141,0.10000000149011612
3123,23,31,0.795,0.555,141,-0.6224932670593262,141,2.245023727416992,141,0.10000000149011612
3124,24,31,0.765,0.555,141,-0.512981653213501,141,1.0030467510223389,141,0.10000000149011612
3125,25,31,0.735,0.555,141,-0.5117323398590088,141,0.03941655158996582,141,0.0
3126,26,31,0.7050000000000001,0.555,141,-0.5111764073371887,141,0.02556542493402958,141,0.0
3127,27,31,0.675,0.555,141,-0.5102127194404602,141,0.024004777893424034,141,0.0
3128,28,31,0.645,0.555,141,-0.509522020816803,141,0.009395678527653217,141,0.0
3129,29,31,0.615,0.555,141,-0.5092195868492126,141,0.0049097565934062,141,0.0
3130,30,31,0.5850000000000001,0.555,141,-0.5088962316513062,141,0.0036906590685248375,141,0.0
3131,31,31,0.555,0.555,141,-0.5087440609931946,141,0.003134210826829076,141,0.0
3132,32,31,0.525,0.555,141,-0.5087018013000488,141,0.0022023916244506836,141,0.0
3133,33,31,0.4950000000000001,0.555,141,-0.5087553858757019,141,0.011903047561645508,141,0.0
3134,34,31,0.4650000000000001,0.555,141,-0.5092195868492126,141,0.010818243026733398,141,0.0
3135,35,31,0.43500000000000005,0.555,141,-0.5097905397415161,141,0.009182095527648926,141,0.0
3136,36,31,0.405,0.555,141,-0.5102924108505249,141,0.009012222290039062,141,0.0
3137,37,31,0.375,0.555,141,-0.5107924938201904,141,0.011492769233882427,141,0.0
3138,38,31,0.345,0.555,141,-0.5108292698860168,141,0.008866190910339355,141,0.0
3139,39,31,0.31499999999999995,0.555,141,-0.5108292698860168,141,0.007684031967073679,141,0.0
3140,40,31,0.28500000000000014,0.555,141,-0.5107924938201904,141,0.015537937171757221,141,0.0
3141,41,31,0.2550000000000001,0.555,141,-0.510668933391571,141,0.017214814200997353,141,0.0
3142,42,31,0.2250000000000001,0.555,141,-0.5103839039802551,141,0.018266836181282997,141,0.0
3143,43,31,0.19500000000000006,0.555,141,-0.510115385055542,141,0.022846460342407227,141,0.0
3144,44,31,0.16500000000000004,0.555,141,-0.509248673915863,141,0.024384260177612305,141,0.0
3145,45,31,0.135,0.555,141,-0.5088382363319397,141,0.02353191375732422,141,0.0
3146,46,31,0.10499999999999998,0.555,141,-0.5083151459693909,141,0.02607165277004242,141,0.0
3147,47,31,0.07499999999999996,0.555,141,-0.5078179240226746,141,0.02047220803797245,141,0.0
3148,48,31,0.04500000000000015,0.555,141,-0.5078052878379822,141,0.015732768923044205,141,0.0
3149,49,31,0.015000000000000124,0.555,141,-0.5078052878379822,141,0.01430511474609375,141,0.0
3150,50,31,-0.014999999999999902,0.555,141,-0.5078179240226746,141,0.01430511474609375,141,0.0
3151,51,31,-0.04499999999999993,0.555,141,-0.5078179240226746,141,0.01430511474609375,141,0.0
3152,52,31,-0.07499999999999996,0.555,141,-0.507880687713623,141,0.01805254817008972,141,0.0
3153,53,31,-0.10499999999999998,0.555,141,-0.508327841758728,141,0.03260186314582825,141,0.0
3154,54,31,-0.135,0.555,141,-0.509446382522583,141,0.03180965781211853,141,0.0
3155,55,31,-0.16500000000000004,0.555,141,-0.5099514126777649,141,0.02141694165766239,141,0.0
3156,56,31,-0.19499999999999984,0.555,141,-0.510204553604126,141,0.018468499183654785,141,0.0
3157,57,31,-0.22499999999999987,0.555,141,-0.5099084377288818,141,0.025355065241456032,141,0.0
3158,58,31,-0.2549999999999999,0.555,141,-0.5089443325996399,141,0.030732154846191406,141,0.0
3159,59,31,-0.2849999999999999,0.555,141,-0.5079471468925476,141,0.0377926379442215,141,0.0
3160,60,31,-0.31499999999999995,0.555,141,-0.5069913268089294,141,0.04120935872197151,141,0.0
3161,61,31,-0.345,0.555,141,-0.505921483039856,141,0.03758072853088379,141,0.0
3162,62,31,-0.375,0.555,141,-0.5045573115348816,141,0.01439849566668272,141,0.0
3163,63,31,-0.405,0.555,141,-0.5043559074401855,141,0.0,141,0.0
3164,64,31,-0.43499999999999983,0.555,141,-0.5041748285293579,141,0.0,141,0.0
3165,65,31,-0.46499999999999986,0.555,141,-0.5041748285293579,141,0.0,141,0.0
3166,66,31,-0.4949999999999999,0.555,141,-0.5040726065635681,141,0.0,141,0.0
3167,67,31,-0.5249999999999999,0.555,141,-0.5040081143379211,141,0.0,141,0.0
3168,68,31,-0.5549999999999997,0.555,141,-0.5040691494941711,141,0.005155801773071289,141,0.0
3169,69,31,-0.585,0.555,141,-0.5039271712303162,141,0.01062899548560381,141,0.0
3170,70,31,-0.6149999999999998,0.555,141,-0.5041472911834717,141,0.018270304426550865,141,0.0
3171,71,31,-0.645,0.555,141,-0.5046506524085999,141,0.01551147922873497,141,0.0
3172,72,31,-0.6749999999999998,0.555,141,-0.504421591758728,141,0.020249685272574425,141,0.0
3173,73,31,-0.7050000000000001,0.555,141,-0.5041631460189819,141,0.014633934013545513,141,0.0
3174,74,31,-0.7349999999999999,0.555,141,-0.5040538311004639,141,0.009954969398677349,141,0.0
3175,75,31,-0.7650000000000001,0.555,141,-0.504056453704834,141,0.007997949607670307,141,0.0
3176,76,31,-0.7949999999999999,0.555,141,-0.5040838718414307,141,0.009954969398677349,141,0.0
3177,77,31,-0.8249999999999997,0.555,141,-0.5040509700775146,141,0.011006991378962994,141,0.0
3178,78,31,-0.855,0.555,141,-0.5040550231933594,141,0.007048249244689941,141,0.0
3179,79,31,-0.8849999999999998,0.555,141,-0.5041309595108032,141,0.007898662239313126,141,0.0
3180,80,31,-0.915,0.555,141,-0.5041190385818481,141,0.010098456405103207,141,0.0
3181,81,31,-0.9449999999999998,0.555,141,-0.5039326548576355,141,0.007662476971745491,141,0.0
3182,82,31,-0.9750000000000001,0.555,141,-0.5038085579872131,141,0.012025237083435059,141,0.0
3183,83,31,-1.005,0.555,141,-0.5031298995018005,141,0.015669068321585655,141,0.0
3184,84,31,-1.0349999999999997,0.555,141,-0.5027111172676086,141,0.009959300048649311,141,0.0
3185,85,31,-1.065,0.555,141,-0.5025266408920288,141,0.005155889317393303,141,0.0
3186,86,31,-1.0949999999999998,0.555,141,-0.5024815201759338,141,0.001363952993415296,141,0.0
3187,87,31,-1.125,0.555,133,-0.5024157762527466,141,0.0,141,0.0
3188,88,31,-1.1549999999999998,0.555,16,-0.5018985569477081,141,0.0,141,0.02199999988079071
3189,89,31,-1.185,0.555,0,nan,141,0.0,141,0.02199999988079071
3190,90,31,-1.2149999999999999,0.555,0,nan,141,0.0,141,0.02199999988079071
3191,91,31,-1.245,0.555,0,nan,141,0.0,141,0.02199999988079071
3192,92,31,-1.275,0.555,0,nan,141,0.0,141,0.02199999988079071
3193,93,31,-1.3049999999999997,0.555,0,nan,141,0.0,141,0.02199999988079071
3194,94,31,-1.335,0.555,0,nan,141,0.0,141,0.02199999988079071
3195,95,31,-1.3649999999999998,0.555,0,nan,141,0.0,141,0.02199999988079071
3196,96,31,-1.395,0.555,0,nan,141,0.0,141,0.02199999988079071
3197,97,31,-1.4249999999999998,0.555,0,nan,141,0.0,141,0.0
3198,98,31,-1.455,0.555,0,nan,141,0.0,141,0.0
3199,99,31,-1.4849999999999999,0.555,0,nan,141,0.0,141,0.0
3200,0,32,1.485,0.525,0,nan,141,0.0,141,0.0
3201,1,32,1.455,0.525,0,nan,141,0.0,141,0.0
3202,2,32,1.425,0.525,0,nan,141,0.0,141,0.0
3203,3,32,1.395,0.525,0,nan,141,0.0,141,0.02199999988079071
3204,4,32,1.365,0.525,0,nan,141,0.0,141,0.02199999988079071
3205,5,32,1.335,0.525,0,nan,141,0.0,141,0.02199999988079071
3206,6,32,1.305,0.525,0,nan,141,0.0,141,0.02199999988079071
3207,7,32,1.275,0.525,0,nan,141,0.0,141,0.02199999988079071
3208,8,32,1.245,0.525,0,nan,141,0.0,141,0.02199999988079071
3209,9,32,1.215,0.525,0,nan,141,0.0,141,0.02199999988079071
3210,10,32,1.185,0.525,134,-0.8003945052623749,141,0.0,141,0.0
3211,11,32,1.155,0.525,139,-0.8000602126121521,141,0.0,141,0.0
3212,12,32,1.125,0.525,140,-0.8000247180461884,141,0.0,141,0.0
3213,13,32,1.095,0.525,140,-0.8000247180461884,141,0.17624099552631378,141,0.0
3214,14,32,1.065,0.525,140,-0.7896442115306854,141,0.34947624802589417,141,0.0
3215,15,32,1.0350000000000001,0.525,140,-0.7782020568847656,141,0.36869001388549805,141,0.0
3216,16,32,1.005,0.525,141,-0.7664722204208374,141,0.3640274107456207,141,0.0
3217,17,32,0.975,0.525,141,-0.7550613284111023,141,0.3765910565853119,141,0.0
3218,18,32,0.9450000000000001,0.525,141,-0.7442654967308044,141,0.37230944633483887,141,0.0
3219,19,32,0.915,0.525,139,-0.7324406504631042,141,0.3816492557525635,141,0.0
3220,20,32,0.885,0.525,139,-0.7206306457519531,141,0.41837140917778015,141,0.0
3221,21,32,0.855,0.525,138,-0.7079623639583588,141,0.4843100905418396,141,0.0
3222,22,32,0.8250000000000001,0.525,130,-0.6947008073329926,141,0.7846049666404724,141,0.02199999988079071
3223,23,32,0.795,0.525,122,-0.6802909970283508,141,1.4146203994750977,141,0.10000000149011612
3224,24,32,0.765,0.525,141,-0.513815701007843,141,2.4801528453826904,141,0.10000000149011612
3225,25,32,0.735,0.525,141,-0.5118201375007629,141,0.9339935779571533,141,0.10000000149011612
3226,26,32,0.7050000000000001,0.525,141,-0.5111764073371887,141,0.03694295883178711,141,0.0
3227,27,32,0.675,0.525,141,-0.5102127194404602,141,0.026182333007454872,141,0.0
3228,28,32,0.645,0.525,141,-0.509522020816803,141,0.012000401504337788,141,0.0
3229,29,32,0.615,0.525,141,-0.5092195868492126,141,0.010866920463740826,141,0.0
3230,30,32,0.5850000000000001,0.525,141,-0.5087262988090515,141,0.0,141,0.0
3231,31,32,0.555,0.525,141,-0.508537232875824,141,0.0,141,0.0
3232,32,32,0.525,0.525,141,-0.5083996057510376,141,0.0,141,0.0
3233,33,32,0.4950000000000001,0.525,141,-0.508597195148468,141,0.0,141,0.0
3234,34,32,0.4650000000000001,0.525,141,-0.5088962316513062,141,0.0,141,0.0
3235,35,32,0.43500000000000005,0.525,141,-0.5093386173248291,141,0.003337860107421875,141,0.0
3236,36,32,0.405,0.525,141,-0.5095629692077637,141,0.007097919937223196,141,0.0
3237,37,32,0.375,0.525,141,-0.5104132294654846,141,0.006873463746160269,141,0.0
3238,38,32,0.345,0.525,141,-0.5106118321418762,141,0.01172920037060976,141,0.0
3239,39,32,0.31499999999999995,0.525,141,-0.5106118321418762,141,0.00362396240234375,141,0.0
3240,40,32,0.28500000000000014,0.525,141,-0.510536789894104,141,0.00592872453853488,141,0.0
3241,41,32,0.2550000000000001,0.525,141,-0.5104132294654846,141,0.009730476886034012,141,0.0
3242,42,32,0.2250000000000001,0.525,141,-0.5102217793464661,141,0.011214613914489746,141,0.0
3243,43,32,0.19500000000000006,0.525,141,-0.5098006725311279,141,0.012846787460148335,141,0.0
3244,44,32,0.16500000000000004,0.525,141,-0.5089307427406311,141,0.019268810749053955,141,0.0
3245,45,32,0.135,0.525,141,-0.5085200667381287,141,0.021168220788240433,141,0.0
3246,46,32,0.10499999999999998,0.525,141,-0.5078933238983154,141,0.021521564573049545,141,0.0
3247,47,32,0.07499999999999996,0.525,141,-0.5071843266487122,141,0.009365876205265522,141,0.0
3248,48,32,0.04500000000000015,0.525,141,-0.5071843266487122,141,0.0011424223193898797,141,0.0
3249,49,32,0.015000000000000124,0.525,141,-0.5072030425071716,141,0.0,141,0.0
3250,50,32,-0.014999999999999902,0.525,141,-0.5072030425071716,141,0.0,141,0.0
3251,51,32,-0.04499999999999993,0.525,141,-0.5072858929634094,141,0.0011930862674489617,141,0.0
3252,52,32,-0.07499999999999996,0.525,141,-0.5075886845588684,141,0.00967937521636486,141,0.0
3253,53,32,-0.10499999999999998,0.525,141,-0.5078971982002258,141,0.03164782002568245,141,0.0
3254,54,32,-0.135,0.525,141,-0.5093129277229309,141,0.03491254150867462,141,0.0
3255,55,32,-0.16500000000000004,0.525,141,-0.5098493695259094,141,0.023038187995553017,141,0.0
3256,56,32,-0.19499999999999984,0.525,141,-0.5102347731590271,141,0.01824791356921196,141,0.0
3257,57,32,-0.22499999999999987,0.525,141,-0.5100204348564148,141,0.02385890670120716,141,0.0
3258,58,32,-0.2549999999999999,0.525,141,-0.5089114308357239,141,0.026744410395622253,141,0.0
3259,59,32,-0.2849999999999999,0.525,141,-0.5080759525299072,141,0.03632014989852905,141,0.0
3260,60,32,-0.31499999999999995,0.525,141,-0.5070294141769409,141,0.04142880439758301,141,0.0
3261,61,32,-0.345,0.525,141,-0.5059342384338379,141,0.04135313257575035,141,0.0
3262,62,32,-0.375,0.525,141,-0.5044870972633362,141,0.01439849566668272,141,0.0
3263,63,32,-0.405,0.525,141,-0.5043116807937622,141,0.0,141,0.0
3264,64,32,-0.43499999999999983,0.525,141,-0.5041748285293579,141,0.0,141,0.0
3265,65,32,-0.46499999999999986,0.525,141,-0.5041472911834717,141,0.0,141,0.0
3266,66,32,-0.4949999999999999,0.525,141,-0.5040081143379211,141,0.0,141,0.0
3267,67,32,-0.5249999999999999,0.525,141,-0.5040081143379211,141,0.0,141,0.0
3268,68,32,-0.5549999999999997,0.525,141,-0.5039147734642029,141,0.00432133674621582,141,0.0
3269,69,32,-0.585,0.525,141,-0.5037186741828918,141,0.012137828394770622,141,0.0
3270,70,32,-0.6149999999999998,0.525,141,-0.5037490129470825,141,0.019086400046944618,141,0.0
3271,71,32,-0.645,0.525,141,-0.5040526986122131,141,0.021516283974051476,141,0.0
3272,72,32,-0.6749999999999998,0.525,141,-0.5034168362617493,141,0.0246362816542387,141,0.0
3273,73,32,-0.7050000000000001,0.525,141,-0.503309965133667,141,0.019365224987268448,141,0.0
3274,74,32,-0.7349999999999999,0.525,141,-0.5031588673591614,141,0.01693626120686531,141,0.0
3275,75,32,-0.7650000000000001,0.525,141,-0.5031769871711731,141,0.014633934013545513,141,0.0
3276,76,32,-0.7949999999999999,0.525,141,-0.5035067796707153,141,0.016216730698943138,141,0.0
3277,77,32,-0.8249999999999997,0.525,141,-0.5034496784210205,141,0.014490197412669659,141,0.0
3278,78,32,-0.855,0.525,141,-0.5034887194633484,141,0.013349479995667934,141,0.0
3279,79,32,-0.8849999999999998,0.525,141,-0.5037641525268555,141,0.01534391101449728,141,0.0
3280,80,32,-0.915,0.525,141,-0.5039326548576355,141,0.017376741394400597,141,0.0
3281,81,32,-0.9449999999999998,0.525,141,-0.503871738910675,141,0.012025237083435059,141,0.0
3282,82,32,-0.9750000000000001,0.525,141,-0.5038085579872131,141,0.013451741077005863,141,0.0
3283,83,32,-1.005,0.525,141,-0.5031298995018005,141,0.014817975461483002,141,0.0
3284,84,32,-1.0349999999999997,0.525,141,-0.5027111172676086,141,0.00833978597074747,141,0.0
3285,85,32,-1.065,0.525,141,-0.5027111172676086,141,0.001078299479559064,141,0.0
3286,86,32,-1.0949999999999998,0.525,141,-0.5027111172676086,141,0.0,141,0.0
3287,87,32,-1.125,0.525,133,-0.5026174187660217,141,0.0,141,0.0
3288,88,32,-1.1549999999999998,0.525,16,-0.5018985569477081,141,0.0,141,0.02199999988079071
3289,89,32,-1.185,0.525,0,nan,141,0.0,141,0.02199999988079071
3290,90,32,-1.2149999999999999,0.525,0,nan,141,0.0,141,0.02199999988079071
3291,91,32,-1.245,0.525,0,nan,141,0.0,141,0.02199999988079071
3292,92,32,-1.275,0.525,0,nan,141,0.0,141,0.02199999988079071
3293,93,32,-1.3049999999999997,0.525,0,nan,141,0.0,141,0.02199999988079071
3294,94,32,-1.335,0.525,0,nan,141,0.0,141,0.02199999988079071
3295,95,32,-1.3649999999999998,0.525,0,nan,141,0.0,141,0.02199999988079071
3296,96,32,-1.395,0.525,0,nan,141,0.0,141,0.02199999988079071
3297,97,32,-1.4249999999999998,0.525,0,nan,141,0.0,141,0.0
3298,98,32,-1.455,0.525,0,nan,141,0.0,141,0.0
3299,99,32,-1.4849999999999999,0.525,0,nan,141,0.0,141,0.0
3300,0,33,1.485,0.4950000000000001,0,nan,141,0.0,141,0.0
3301,1,33,1.455,0.4950000000000001,0,nan,141,0.0,141,0.0
3302,2,33,1.425,0.4950000000000001,0,nan,141,0.0,141,0.0
3303,3,33,1.395,0.4950000000000001,0,nan,141,0.0,141,0.02199999988079071
3304,4,33,1.365,0.4950000000000001,0,nan,141,0.0,141,0.02199999988079071
3305,5,33,1.335,0.4950000000000001,0,nan,141,0.0,141,0.02199999988079071
3306,6,33,1.305,0.4950000000000001,0,nan,141,0.0,141,0.02199999988079071
3307,7,33,1.275,0.4950000000000001,0,nan,141,0.0,141,0.02199999988079071
3308,8,33,1.245,0.4950000000000001,0,nan,141,0.0,141,0.02199999988079071
3309,9,33,1.215,0.4950000000000001,0,nan,141,0.0,141,0.02199999988079071
3310,10,33,1.185,0.4950000000000001,134,-0.8005347847938538,141,0.0,141,0.0
3311,11,33,1.155,0.4950000000000001,134,-0.800468921661377,141,0.0,141,0.0
3312,12,33,1.125,0.4950000000000001,140,-0.8001881837844849,141,0.0,141,0.0
3313,13,33,1.095,0.4950000000000001,140,-0.8001881837844849,141,0.18331606686115265,141,0.0
3314,14,33,1.065,0.4950000000000001,140,-0.7891977727413177,141,0.3438135087490082,141,0.0
3315,15,33,1.0350000000000001,0.4950000000000001,140,-0.778264969587326,141,0.3665989637374878,141,0.0
3316,16,33,1.005,0.4950000000000001,141,-0.7667785286903381,141,0.3613700568675995,141,0.0
3317,17,33,0.975,0.4950000000000001,141,-0.7558192014694214,141,0.3725648522377014,141,0.0
3318,18,33,0.9450000000000001,0.4950000000000001,141,-0.7444422841072083,141,0.3644684851169586,141,0.0
3319,19,33,0.915,0.4950000000000001,141,-0.7330567836761475,141,0.3826754093170166,141,0.0
3320,20,33,0.885,0.4950000000000001,140,-0.7213714420795441,141,0.429477721452713,141,0.0
3321,21,33,0.855,0.4950000000000001,140,-0.7083655595779419,141,0.4313448965549469,141,0.0
3322,22,33,0.8250000000000001,0.4950000000000001,140,-0.6949268281459808,141,0.44178318977355957,141,0.0
3323,23,33,0.795,0.4950000000000001,135,-0.6818312406539917,141,1.0003571510314941,141,0.10000000149011612
3324,24,33,0.765,0.4950000000000001,113,-0.6670740842819214,141,1.4269202947616577,141,0.10000000149011612
3325,25,33,0.735,0.4950000000000001,138,-0.5125292241573334,141,2.3991148471832275,141,0.10000000149011612
3326,26,33,0.7050000000000001,0.4950000000000001,141,-0.5111910700798035,141,0.8887558579444885,141,0.10000000149011612
3327,27,33,0.675,0.4950000000000001,141,-0.5102127194404602,141,0.0429888553917408,141,0.0
3328,28,33,0.645,0.4950000000000001,141,-0.509522020816803,141,0.023182233795523643,141,0.0
3329,29,33,0.615,0.4950000000000001,141,-0.5092195868492126,141,0.01685917377471924,141,0.0
3330,30,33,0.5850000000000001,0.4950000000000001,141,-0.5087262988090515,141,0.00816782284528017,141,0.0
3331,31,33,0.555,0.4950000000000001,141,-0.5080869197845459,141,0.0,141,0.0
3332,32,33,0.525,0.4950000000000001,141,-0.5080209374427795,141,0.0,141,0.0
3333,33,33,0.4950000000000001,0.4950000000000001,141,-0.5080209374427795,141,0.0,141,0.0
3334,34,33,0.4650000000000001,0.4950000000000001,141,-0.5081200003623962,141,0.0,141,0.0
3335,35,33,0.43500000000000005,0.4950000000000001,141,-0.5083515644073486,141,5.9604644775390625e-06,141,0.0
3336,36,33,0.405,0.4950000000000001,141,-0.5087018013000488,141,0.009182095527648926,141,0.0
3337,37,33,0.375,0.4950000000000001,141,-0.509788990020752,141,0.011928875930607319,141,0.0
3338,38,33,0.345,0.4950000000000001,141,-0.5099872350692749,141,0.011492769233882427,141,0.0
3339,39,33,0.31499999999999995,0.4950000000000001,141,-0.510115385055542,141,0.002391139743849635,141,0.0
3340,40,33,0.28500000000000014,0.4950000000000001,141,-0.510115385055542,141,0.00030994415283203125,141,0.0
3341,41,33,0.2550000000000001,0.4950000000000001,141,-0.5099900960922241,141,0.0018614857690408826,141,0.0
3342,42,33,0.2250000000000001,0.4950000000000001,141,-0.5097509622573853,141,0.00330507755279541,141,0.0
3343,43,33,0.19500000000000006,0.4950000000000001,141,-0.5093386173248291,141,0.009620189666748047,141,0.0
3344,44,33,0.16500000000000004,0.4950000000000001,141,-0.5086963176727295,141,0.014165043830871582,141,0.0
3345,45,33,0.135,0.4950000000000001,141,-0.5081533193588257,141,0.021065274253487587,141,0.0
3346,46,33,0.10499999999999998,0.4950000000000001,141,-0.507527232170105,141,0.017887845635414124,141,0.0
3347,47,33,0.07499999999999996,0.4950000000000001,141,-0.5071364641189575,141,0.0025431315880268812,141,0.0
3348,48,33,0.04500000000000015,0.4950000000000001,141,-0.5071364641189575,141,0.0,141,0.0
3349,49,33,0.015000000000000124,0.4950000000000001,141,-0.5071410536766052,141,0.0,141,0.0
3350,50,33,-0.014999999999999902,0.4950000000000001,141,-0.5071410536766052,141,0.0,141,0.0
3351,51,33,-0.04499999999999993,0.4950000000000001,141,-0.5071571469306946,141,0.0,141,0.0
3352,52,33,-0.07499999999999996,0.4950000000000001,141,-0.5074938535690308,141,0.00486496277153492,141,0.0
3353,53,33,-0.10499999999999998,0.4950000000000001,141,-0.5077411532402039,141,0.026895178481936455,141,0.0
3354,54,33,-0.135,0.4950000000000001,141,-0.5089161992073059,141,0.03497544303536415,141,0.0
3355,55,33,-0.16500000000000004,0.4950000000000001,141,-0.5098352432250977,141,0.02473394013941288,141,0.0
3356,56,33,-0.19499999999999984,0.4950000000000001,141,-0.5102347731590271,141,0.018731217831373215,141,0.0
3357,57,33,-0.22499999999999987,0.4950000000000001,141,-0.5100401639938354,141,0.02607107162475586,141,0.0
3358,58,33,-0.2549999999999999,0.4950000000000001,141,-0.5089299082756042,141,0.026613473892211914,141,0.0
3359,59,33,-0.2849999999999999,0.4950000000000001,141,-0.5082182884216309,141,0.034025635570287704,141,0.0
3360,60,33,-0.31499999999999995,0.4950000000000001,141,-0.5070263743400574,141,0.042537663131952286,141,0.0
3361,61,33,-0.345,0.4950000000000001,141,-0.5058512687683105,141,0.04160059243440628,141,0.0
3362,62,33,-0.375,0.4950000000000001,141,-0.5044870972633362,141,0.01529355812817812,141,0.0
3363,63,33,-0.405,0.4950000000000001,141,-0.5043116807937622,141,0.0,141,0.0
3364,64,33,-0.43499999999999983,0.4950000000000001,141,-0.5041748285293579,141,0.0,141,0.0
3365,65,33,-0.46499999999999986,0.4950000000000001,141,-0.5041472911834717,141,0.0,141,0.0
3366,66,33,-0.4949999999999999,0.4950000000000001,141,-0.5040081143379211,141,0.0,141,0.0
3367,67,33,-0.5249999999999999,0.4950000000000001,141,-0.5040081143379211,141,0.0,141,0.0
3368,68,33,-0.5549999999999997,0.4950000000000001,141,-0.503851592540741,141,0.00432133674621582,141,0.0
3369,69,33,-0.585,0.4950000000000001,141,-0.503585159778595,141,0.008353590965270996,141,0.0
3370,70,33,-0.6149999999999998,0.4950000000000001,141,-0.5035021305084229,141,0.013935565948486328,141,0.0
3371,71,33,-0.645,0.4950000000000001,141,-0.5034347176551819,141,0.01577288657426834,141,0.0
3372,72,33,-0.6749999999999998,0.4950000000000001,141,-0.5030748844146729,141,0.01563727855682373,141,0.0
3373,73,33,-0.7050000000000001,0.4950000000000001,141,-0.5028853416442871,141,0.006515780929476023,141,0.0
3374,74,33,-0.7349999999999999,0.4950000000000001,141,-0.5027888417243958,141,0.003805860411375761,141,0.0
3375,75,33,-0.7650000000000001,0.4950000000000001,141,-0.502811074256897,141,0.005789597984403372,141,0.0
3376,76,33,-0.7949999999999999,0.4950000000000001,141,-0.502990186214447,141,0.012384851463139057,141,0.0
3377,77,33,-0.8249999999999997,0.4950000000000001,141,-0.5030226111412048,141,0.013177593238651752,141,0.0
3378,78,33,-0.855,0.4950000000000001,141,-0.503078043460846,141,0.013774633407592773,141,0.0
3379,79,33,-0.8849999999999998,0.4950000000000001,141,-0.5032833218574524,141,0.020364919677376747,141,0.0
3380,80,33,-0.915,0.4950000000000001,141,-0.5034887194633484,141,0.018993616104125977,141,0.0
3381,81,33,-0.9449999999999998,0.4950000000000001,141,-0.5036083459854126,141,0.017333030700683594,141,0.0
3382,82,33,-0.9750000000000001,0.4950000000000001,141,-0.5035317540168762,141,0.016627708449959755,141,0.0
3383,83,33,-1.005,0.4950000000000001,141,-0.5030879974365234,141,0.015080968849360943,141,0.0
3384,84,33,-1.0349999999999997,0.4950000000000001,141,-0.502650797367096,141,0.007182965986430645,141,0.0
3385,85,33,-1.065,0.4950000000000001,141,-0.5027784109115601,141,0.0,141,0.0
3386,86,33,-1.0949999999999998,0.4950000000000001,141,-0.5027941465377808,141,0.0,141,0.0
3387,87,33,-1.125,0.4950000000000001,133,-0.5026174187660217,141,0.0,141,0.0
3388,88,33,-1.1549999999999998,0.4950000000000001,16,-0.5018985569477081,141,0.0,141,0.02199999988079071
3389,89,33,-1.185,0.4950000000000001,0,nan,141,0.0,141,0.02199999988079071
3390,90,33,-1.2149999999999999,0.4950000000000001,0,nan,141,0.0,141,0.02199999988079071
3391,91,33,-1.245,0.4950000000000001,0,nan,141,0.0,141,0.02199999988079071
3392,92,33,-1.275,0.4950000000000001,0,nan,141,0.0,141,0.02199999988079071
3393,93,33,-1.3049999999999997,0.4950000000000001,0,nan,141,0.0,141,0.02199999988079071
3394,94,33,-1.335,0.4950000000000001,0,nan,141,0.0,141,0.02199999988079071
3395,95,33,-1.3649999999999998,0.4950000000000001,0,nan,141,0.0,141,0.02199999988079071
3396,96,33,-1.395,0.4950000000000001,0,nan,141,0.0,141,0.02199999988079071
3397,97,33,-1.4249999999999998,0.4950000000000001,0,nan,141,0.0,141,0.0
3398,98,33,-1.455,0.4950000000000001,0,nan,141,0.0,141,0.0
3399,99,33,-1.4849999999999999,0.4950000000000001,0,nan,141,0.0,141,0.0
3400,0,34,1.485,0.4650000000000001,0,nan,141,0.0,141,0.0
3401,1,34,1.455,0.4650000000000001,0,nan,141,0.0,141,0.0
3402,2,34,1.425,0.4650000000000001,0,nan,141,0.0,141,0.0
3403,3,34,1.395,0.4650000000000001,0,nan,141,0.0,141,0.02199999988079071
3404,4,34,1.365,0.4650000000000001,0,nan,141,0.0,141,0.02199999988079071
3405,5,34,1.335,0.4650000000000001,0,nan,141,0.0,141,0.02199999988079071
3406,6,34,1.305,0.4650000000000001,0,nan,141,0.0,141,0.02199999988079071
3407,7,34,1.275,0.4650000000000001,0,nan,141,0.0,141,0.02199999988079071
3408,8,34,1.245,0.4650000000000001,0,nan,141,0.0,141,0.02199999988079071
3409,9,34,1.215,0.4650000000000001,0,nan,141,0.0,141,0.02199999988079071
3410,10,34,1.185,0.4650000000000001,134,-0.799976110458374,141,0.0,141,0.0
3411,11,34,1.155,0.4650000000000001,134,-0.799976110458374,141,0.0,141,0.0
3412,12,34,1.125,0.4650000000000001,140,-0.7995927035808563,141,0.0,141,0.0
3413,13,34,1.095,0.4650000000000001,140,-0.7995927035808563,141,0.17872333526611328,141,0.0
3414,14,34,1.065,0.4650000000000001,140,-0.7890048623085022,141,0.3348865807056427,141,0.0
3415,15,34,1.0350000000000001,0.4650000000000001,140,-0.7783409059047699,141,0.3654559552669525,141,0.0
3416,16,34,1.005,0.4650000000000001,141,-0.7667773962020874,141,0.3460834324359894,141,0.0
3417,17,34,0.975,0.4650000000000001,141,-0.7562377452850342,141,0.359952449798584,141,0.0
3418,18,34,0.9450000000000001,0.4650000000000001,141,-0.745027482509613,141,0.3408561050891876,141,0.0
3419,19,34,0.915,0.4650000000000001,141,-0.733626127243042,141,0.3777821958065033,141,0.0
3420,20,34,0.885,0.4650000000000001,140,-0.7220758497714996,141,0.4388183355331421,141,0.0
3421,21,34,0.855,0.4650000000000001,140,-0.7087416052818298,141,0.4359593093395233,141,0.0
3422,22,34,0.8250000000000001,0.4650000000000001,140,-0.6955893039703369,141,0.4255642592906952,141,0.0
3423,23,34,0.795,0.4650000000000001,138,-0.6822820007801056,141,0.4485441744327545,141,0.0
3424,24,34,0.765,0.4650000000000001,136,-0.6690623760223389,141,1.1265008449554443,141,0.10000000149011612
3425,25,34,0.735,0.4650000000000001,122,-0.6559657454490662,141,1.9826210737228394,141,0.10000000149011612
3426,26,34,0.7050000000000001,0.4650000000000001,136,-0.5780112147331238,141,2.271193027496338,141,0.10000000149011612
3427,27,34,0.675,0.4650000000000001,141,-0.5102525949478149,141,1.223672866821289,141,0.10000000149011612
3428,28,34,0.645,0.4650000000000001,141,-0.5097767114639282,141,0.3125518560409546,141,0.0
3429,29,34,0.615,0.4650000000000001,141,-0.5092644095420837,141,0.052808720618486404,141,0.0
3430,30,34,0.5850000000000001,0.4650000000000001,141,-0.5087262988090515,141,0.02615092322230339,141,0.0
3431,31,34,0.555,0.4650000000000001,141,-0.5080869197845459,141,0.0031510989647358656,141,0.0
3432,32,34,0.525,0.4650000000000001,141,-0.5079982280731201,141,0.0,141,0.0
3433,33,34,0.4950000000000001,0.4650000000000001,141,-0.507797360420227,141,0.0,141,0.0
3434,34,34,0.4650000000000001,0.4650000000000001,141,-0.5079982280731201,141,0.0,141,0.0
3435,35,34,0.43500000000000005,0.4650000000000001,141,-0.5083098411560059,141,0.0,141,0.0
3436,36,34,0.405,0.4650000000000001,141,-0.5085200667381287,141,0.005119261331856251,141,0.0
3437,37,34,0.375,0.4650000000000001,141,-0.5093386173248291,141,0.015203158371150494,141,0.0
3438,38,34,0.345,0.4650000000000001,141,-0.5098483562469482,141,0.0158210601657629,141,0.0
3439,39,34,0.31499999999999995,0.4650000000000001,141,-0.5099471211433411,141,0.004936449695378542,141,0.0
3440,40,34,0.28500000000000014,0.4650000000000001,141,-0.5099471211433411,141,0.0,141,0.0
3441,41,34,0.2550000000000001,0.4650000000000001,141,-0.5098483562469482,141,0.0,141,0.0
3442,42,34,0.2250000000000001,0.4650000000000001,141,-0.5095613598823547,141,0.0,141,0.0
3443,43,34,0.19500000000000006,0.4650000000000001,141,-0.5090736150741577,141,0.003668883116915822,141,0.0
3444,44,34,0.16500000000000004,0.4650000000000001,141,-0.5086723566055298,141,0.011749872006475925,141,0.0
3445,45,34,0.135,0.4650000000000001,141,-0.507918119430542,141,0.01804536208510399,141,0.0
3446,46,34,0.10499999999999998,0.4650000000000001,141,-0.5074447989463806,141,0.010094046592712402,141,0.0
3447,47,34,0.07499999999999996,0.4650000000000001,141,-0.5070763230323792,141,0.0,141,0.0
3448,48,34,0.04500000000000015,0.4650000000000001,141,-0.5070759654045105,141,0.0,141,0.0
3449,49,34,0.015000000000000124,0.4650000000000001,141,-0.5070763230323792,141,0.0,141,0.0
3450,50,34,-0.014999999999999902,0.4650000000000001,141,-0.5070763230323792,141,0.0,141,0.0
3451,51,34,-0.04499999999999993,0.4650000000000001,141,-0.5071364641189575,141,0.0,141,0.0
3452,52,34,-0.07499999999999996,0.4650000000000001,141,-0.5072858929634094,141,0.002232193946838379,141,0.0
3453,53,34,-0.10499999999999998,0.4650000000000001,141,-0.5077375769615173,141,0.023501118645071983,141,0.0
3454,54,34,-0.135,0.4650000000000001,141,-0.5087326169013977,141,0.03192822262644768,141,0.0
3455,55,34,-0.16500000000000004,0.4650000000000001,141,-0.5095919966697693,141,0.02740522287786007,141,0.0
3456,56,34,-0.19499999999999984,0.4650000000000001,141,-0.510204553604126,141,0.02524654008448124,141,0.0
3457,57,34,-0.22499999999999987,0.4650000000000001,141,-0.5100204348564148,141,0.025023022666573524,141,0.0
3458,58,34,-0.2549999999999999,0.4650000000000001,141,-0.5088948011398315,141,0.025648871436715126,141,0.0
3459,59,34,-0.2849999999999999,0.4650000000000001,141,-0.5081513524055481,141,0.03294038027524948,141,0.0
3460,60,34,-0.31499999999999995,0.4650000000000001,141,-0.5067516565322876,141,0.04143218323588371,141,0.0
3461,61,34,-0.345,0.4650000000000001,141,-0.5059213638305664,141,0.04200339317321777,141,0.0
3462,62,34,-0.375,0.4650000000000001,141,-0.5044870972633362,141,0.017035581171512604,141,0.0
3463,63,34,-0.405,0.4650000000000001,141,-0.5043116807937622,141,0.0,141,0.0
3464,64,34,-0.43499999999999983,0.4650000000000001,141,-0.5042447447776794,141,0.0,141,0.0
3465,65,34,-0.46499999999999986,0.4650000000000001,141,-0.5042378306388855,141,0.0,141,0.0
3466,66,34,-0.4949999999999999,0.4650000000000001,141,-0.5042378306388855,141,0.0,141,0.0
3467,67,34,-0.5249999999999999,0.4650000000000001,141,-0.5042378306388855,141,0.005805492401123047,141,0.0
3468,68,34,-0.5549999999999997,0.4650000000000001,141,-0.5039007663726807,141,0.01145956665277481,141,0.0
3469,69,34,-0.585,0.4650000000000001,141,-0.5035765767097473,141,0.013453424908220768,141,0.0
3470,70,34,-0.6149999999999998,0.4650000000000001,141,-0.5034587979316711,141,0.012038095854222775,141,0.0
3471,71,34,-0.645,0.4650000000000001,141,-0.5033968091011047,141,0.007923443801701069,141,0.0
3472,72,34,-0.6749999999999998,0.4650000000000001,141,-0.502802312374115,141,0.003433211939409375,141,0.0
3473,73,34,-0.7050000000000001,0.4650000000000001,141,-0.502714216709137,141,0.0,141,0.0
3474,74,34,-0.7349999999999999,0.4650000000000001,141,-0.5026366114616394,141,0.0,141,0.0
3475,75,34,-0.7650000000000001,0.4650000000000001,141,-0.5025203227996826,141,0.0,141,0.0
3476,76,34,-0.7949999999999999,0.4650000000000001,141,-0.5026869177818298,141,0.0055074929259717464,141,0.0
3477,77,34,-0.8249999999999997,0.4650000000000001,141,-0.5026869177818298,141,0.006618230137974024,141,0.0
3478,78,34,-0.855,0.4650000000000001,141,-0.5024725198745728,141,0.009816884994506836,141,0.0
3479,79,34,-0.8849999999999998,0.4650000000000001,141,-0.5027638673782349,141,0.017559528350830078,141,0.0
3480,80,34,-0.915,0.4650000000000001,141,-0.5031298995018005,141,0.012533863075077534,141,0.0
3481,81,34,-0.9449999999999998,0.4650000000000001,141,-0.5032838582992554,141,0.013985245488584042,141,0.0
3482,82,34,-0.9750000000000001,0.4650000000000001,141,-0.5031298995018005,141,0.012979774735867977,141,0.0
3483,83,34,-1.005,0.4650000000000001,141,-0.5027729868888855,141,0.014093518257141113,141,0.0
3484,84,34,-1.0349999999999997,0.4650000000000001,141,-0.5027111172676086,141,0.00898992270231247,141,0.0
3485,85,34,-1.065,0.4650000000000001,141,-0.5029060244560242,141,0.0,141,0.0
3486,86,34,-1.0949999999999998,0.4650000000000001,141,-0.5027784109115601,141,0.0,141,0.0
3487,87,34,-1.125,0.4650000000000001,124,-0.5026434361934662,141,0.0,141,0.0
3488,88,34,-1.1549999999999998,0.4650000000000001,7,-0.501378059387207,141,0.0,141,0.02199999988079071
3489,89,34,-1.185,0.4650000000000001,0,nan,141,0.0,141,0.02199999988079071
3490,90,34,-1.2149999999999999,0.4650000000000001,0,nan,141,0.0,141,0.02199999988079071
3491,91,34,-1.245,0.4650000000000001,0,nan,141,0.0,141,0.02199999988079071
3492,92,34,-1.275,0.4650000000000001,0,nan,141,0.0,141,0.02199999988079071
3493,93,34,-1.3049999999999997,0.4650000000000001,0,nan,141,0.0,141,0.02199999988079071
3494,94,34,-1.335,0.4650000000000001,0,nan,141,0.0,141,0.02199999988079071
3495,95,34,-1.3649999999999998,0.4650000000000001,0,nan,141,0.0,141,0.02199999988079071
3496,96,34,-1.395,0.4650000000000001,0,nan,141,0.0,141,0.02199999988079071
3497,97,34,-1.4249999999999998,0.4650000000000001,0,nan,141,0.0,141,0.0
3498,98,34,-1.455,0.4650000000000001,0,nan,141,0.0,141,0.0
3499,99,34,-1.4849999999999999,0.4650000000000001,0,nan,141,0.0,141,0.0
3500,0,35,1.485,0.43500000000000005,0,nan,141,0.0,141,0.0
3501,1,35,1.455,0.43500000000000005,0,nan,141,0.0,141,0.0
3502,2,35,1.425,0.43500000000000005,0,nan,141,0.0,141,0.0
3503,3,35,1.395,0.43500000000000005,0,nan,141,0.0,141,0.02199999988079071
3504,4,35,1.365,0.43500000000000005,0,nan,141,0.0,141,0.02199999988079071
3505,5,35,1.335,0.43500000000000005,0,nan,141,0.0,141,0.02199999988079071
3506,6,35,1.305,0.43500000000000005,0,nan,141,0.0,141,0.02199999988079071
3507,7,35,1.275,0.43500000000000005,0,nan,141,0.0,141,0.02199999988079071
3508,8,35,1.245,0.43500000000000005,0,nan,141,0.0,141,0.02199999988079071
3509,9,35,1.215,0.43500000000000005,0,nan,141,0.0,141,0.02199999988079071
3510,10,35,1.185,0.43500000000000005,134,-0.7994575202465057,141,0.0,141,0.0
3511,11,35,1.155,0.43500000000000005,134,-0.7994575202465057,141,0.0,141,0.0
3512,12,35,1.125,0.43500000000000005,137,-0.7994003295898438,141,0.0,141,0.0
3513,13,35,1.095,0.43500000000000005,141,-0.7993603348731995,141,0.18505704402923584,141,0.0
3514,14,35,1.065,0.43500000000000005,141,-0.7888014316558838,141,0.3329099416732788,141,0.0
3515,15,35,1.0350000000000001,0.43500000000000005,141,-0.7781531810760498,141,0.35190972685813904,141,0.0
3516,16,35,1.005,0.43500000000000005,141,-0.7662991285324097,141,0.3460834324359894,141,0.0
3517,17,35,0.975,0.43500000000000005,141,-0.7563077211380005,141,0.359952449798584,141,0.0
3518,18,35,0.9450000000000001,0.43500000000000005,141,-0.745027482509613,141,0.3283103406429291,141,0.0
3519,19,35,0.915,0.43500000000000005,141,-0.7349762320518494,141,0.3722747266292572,141,0.0
3520,20,35,0.885,0.43500000000000005,141,-0.7228018641471863,141,0.43445131182670593,141,0.0
3521,21,35,0.855,0.43500000000000005,141,-0.7088110446929932,141,0.4329264163970947,141,0.0
3522,22,35,0.8250000000000001,0.43500000000000005,141,-0.6964626312255859,141,0.4255523383617401,141,0.0
3523,23,35,0.795,0.43500000000000005,141,-0.6823381781578064,141,0.44741469621658325,141,0.0
3524,24,35,0.765,0.43500000000000005,141,-0.6695162057876587,141,0.42205849289894104,141,0.0
3525,25,35,0.735,0.43500000000000005,140,-0.6566426753997803,141,0.7345828413963318,141,0.0
3526,26,35,0.7050000000000001,0.43500000000000005,133,-0.643875777721405,141,1.8255126476287842,141,0.10000000149011612
3527,27,35,0.675,0.43500000000000005,137,-0.5782856941223145,141,2.0866920948028564,141,0.10000000149011612
3528,28,35,0.645,0.43500000000000005,141,-0.5105453729629517,141,1.1495429277420044,141,0.10000000149011612
3529,29,35,0.615,0.43500000000000005,141,-0.5098171830177307,141,0.66365647315979,141,0.0
3530,30,35,0.5850000000000001,0.43500000000000005,141,-0.5091885924339294,141,0.19848544895648956,141,0.0
3531,31,35,0.555,0.43500000000000005,141,-0.5083098411560059,141,0.05577206611633301,141,0.0
3532,32,35,0.525,0.43500000000000005,141,-0.5080869197845459,141,0.010964274406433105,141,0.0
3533,33,35,0.4950000000000001,0.43500000000000005,141,-0.5078862309455872,141,0.0024318695068359375,141,0.0
3534,34,35,0.4650000000000001,0.43500000000000005,141,-0.5080869197845459,141,0.006384978070855141,141,0.0
3535,35,35,0.43500000000000005,0.43500000000000005,141,-0.5081836581230164,141,0.007952253334224224,141,0.0
3536,36,35,0.405,0.43500000000000005,141,-0.5085200667381287,141,0.019714320078492165,141,0.0
3537,37,35,0.375,0.43500000000000005,141,-0.5090945959091187,141,0.025842586532235146,141,0.0
3538,38,35,0.345,0.43500000000000005,141,-0.509788990020752,141,0.025228658691048622,141,0.0
3539,39,35,0.31499999999999995,0.43500000000000005,141,-0.5098090767860413,141,0.01793813332915306,141,0.0
3540,40,35,0.28500000000000014,0.43500000000000005,141,-0.5098090767860413,141,0.007845957763493061,141,0.0
3541,41,35,0.2550000000000001,0.43500000000000005,141,-0.5097675323486328,141,0.012977478094398975,141,0.0
3542,42,35,0.2250000000000001,0.43500000000000005,141,-0.5094595551490784,141,0.010669231414794922,141,0.0
3543,43,35,0.19500000000000006,0.43500000000000005,141,-0.5088943839073181,141,0.010397383011877537,141,0.0
3544,44,35,0.16500000000000004,0.43500000000000005,141,-0.5084669589996338,141,0.01554886531084776,141,0.0
3545,45,35,0.135,0.43500000000000005,141,-0.5078933238983154,141,0.017147263512015343,141,0.0
3546,46,35,0.10499999999999998,0.43500000000000005,141,-0.507391095161438,141,0.009539307095110416,141,0.0
3547,47,35,0.07499999999999996,0.43500000000000005,141,-0.5070759654045105,141,0.0,141,0.0
3548,48,35,0.04500000000000015,0.43500000000000005,141,-0.5070703029632568,141,0.0,141,0.0
3549,49,35,0.015000000000000124,0.43500000000000005,141,-0.5070759654045105,141,0.0,141,0.0
3550,50,35,-0.014999999999999902,0.43500000000000005,141,-0.5070759654045105,141,0.0,141,0.0
3551,51,35,-0.04499999999999993,0.43500000000000005,141,-0.5071111917495728,141,0.0,141,0.0
3552,52,35,-0.07499999999999996,0.43500000000000005,141,-0.5072210431098938,141,0.001408656476996839,141,0.0
3553,53,35,-0.10499999999999998,0.43500000000000005,141,-0.5077223777770996,141,0.02189476415514946,141,0.0
3554,54,35,-0.135,0.43500000000000005,141,-0.5086840391159058,141,0.031759340316057205,141,0.0
3555,55,35,-0.16500000000000004,0.43500000000000005,141,-0.5095227360725403,141,0.023425068706274033,141,0.0
3556,56,35,-0.19499999999999984,0.43500000000000005,141,-0.5097298622131348,141,0.02524654008448124,141,0.0
3557,57,35,-0.22499999999999987,0.43500000000000005,141,-0.5099992752075195,141,0.026204338297247887,141,0.0
3558,58,35,-0.2549999999999999,0.43500000000000005,141,-0.5089299082756042,141,0.025047823786735535,141,0.0
3559,59,35,-0.2849999999999999,0.43500000000000005,141,-0.5081750154495239,141,0.032689761370420456,141,0.0
3560,60,35,-0.31499999999999995,0.43500000000000005,141,-0.507053792476654,141,0.039576489478349686,141,0.0
3561,61,35,-0.345,0.43500000000000005,141,-0.5060164928436279,141,0.04200339317321777,141,0.0
3562,62,35,-0.375,0.43500000000000005,141,-0.504636824131012,141,0.01823902130126953,141,0.0
3563,63,35,-0.405,0.43500000000000005,141,-0.5044910311698914,141,0.0,141,0.0
3564,64,35,-0.43499999999999983,0.43500000000000005,141,-0.5043559074401855,141,0.0,141,0.0
3565,65,35,-0.46499999999999986,0.43500000000000005,141,-0.5043331980705261,141,0.0,141,0.0
3566,66,35,-0.4949999999999999,0.43500000000000005,141,-0.5043331980705261,141,0.0,141,0.0
3567,67,35,-0.5249999999999999,0.43500000000000005,141,-0.5044870972633362,141,0.006592273712158203,141,0.0
3568,68,35,-0.5549999999999997,0.43500000000000005,141,-0.5043031573295593,141,0.02143273688852787,141,0.0
3569,69,35,-0.585,0.43500000000000005,141,-0.5035765767097473,141,0.01792786456644535,141,0.0
3570,70,35,-0.6149999999999998,0.43500000000000005,141,-0.5033029317855835,141,0.014900321140885353,141,0.0
3571,71,35,-0.645,0.43500000000000005,141,-0.5031561851501465,141,0.005637606140226126,141,0.0
3572,72,35,-0.6749999999999998,0.43500000000000005,141,-0.5027492642402649,141,0.0015206943498924375,141,0.0
3573,73,35,-0.7050000000000001,0.43500000000000005,141,-0.5026869177818298,141,0.0,141,0.0
3574,74,35,-0.7349999999999999,0.43500000000000005,141,-0.5024734139442444,141,0.0,141,0.0
3575,75,35,-0.7650000000000001,0.43500000000000005,141,-0.5024566650390625,141,0.0,141,0.0
3576,76,35,-0.7949999999999999,0.43500000000000005,141,-0.5025203227996826,141,0.00047187009477056563,141,0.0
3577,77,35,-0.8249999999999997,0.43500000000000005,141,-0.5024387836456299,141,0.0011314948787912726,141,0.0
3578,78,35,-0.855,0.43500000000000005,141,-0.5023141503334045,141,0.0023533899802714586,141,0.0
3579,79,35,-0.8849999999999998,0.43500000000000005,141,-0.502650797367096,141,0.00880559254437685,141,0.0
3580,80,35,-0.915,0.43500000000000005,141,-0.502951443195343,141,0.0056803226470947266,141,0.0
3581,81,35,-0.9449999999999998,0.43500000000000005,141,-0.5030605792999268,141,0.005687276367098093,141,0.0
3582,82,35,-0.9750000000000001,0.43500000000000005,141,-0.5028150081634521,141,0.0035444896202534437,141,0.0
3583,83,35,-1.005,0.43500000000000005,141,-0.5026767253875732,141,0.010869900695979595,141,0.0
3584,84,35,-1.0349999999999997,0.43500000000000005,141,-0.5027111172676086,141,0.00969370175153017,141,0.0
3585,85,35,-1.065,0.43500000000000005,141,-0.5029060244560242,141,0.0,141,0.0
3586,86,35,-1.0949999999999998,0.43500000000000005,138,-0.5028605163097382,141,0.0,141,0.0
3587,87,35,-1.125,0.43500000000000005,60,-0.503048837184906,141,0.0,141,0.02199999988079071
3588,88,35,-1.1549999999999998,0.43500000000000005,0,nan,141,0.0,141,0.02199999988079071
3589,89,35,-1.185,0.43500000000000005,0,nan,141,0.0,141,0.02199999988079071
3590,90,35,-1.2149999999999999,0.43500000000000005,0,nan,141,0.0,141,0.02199999988079071
3591,91,35,-1.245,0.43500000000000005,0,nan,141,0.0,141,0.02199999988079071
3592,92,35,-1.275,0.43500000000000005,0,nan,141,0.0,141,0.02199999988079071
3593,93,35,-1.3049999999999997,0.43500000000000005,0,nan,141,0.0,141,0.02199999988079071
3594,94,35,-1.335,0.43500000000000005,0,nan,141,0.0,141,0.02199999988079071
3595,95,35,-1.3649999999999998,0.43500000000000005,0,nan,141,0.0,141,0.02199999988079071
3596,96,35,-1.395,0.43500000000000005,0,nan,141,0.0,141,0.02199999988079071
3597,97,35,-1.4249999999999998,0.43500000000000005,0,nan,141,0.0,141,0.0
3598,98,35,-1.455,0.43500000000000005,0,nan,141,0.0,141,0.0
3599,99,35,-1.4849999999999999,0.43500000000000005,0,nan,141,0.0,141,0.0
3600,0,36,1.485,0.405,0,nan,141,0.0,141,0.0
3601,1,36,1.455,0.405,0,nan,141,0.0,141,0.0
3602,2,36,1.425,0.405,0,nan,141,0.0,141,0.0
3603,3,36,1.395,0.405,0,nan,141,0.0,141,0.02199999988079071
3604,4,36,1.365,0.405,0,nan,141,0.0,141,0.02199999988079071
3605,5,36,1.335,0.405,0,nan,141,0.0,141,0.02199999988079071
3606,6,36,1.305,0.405,0,nan,141,0.0,141,0.02199999988079071
3607,7,36,1.275,0.405,0,nan,141,0.0,141,0.02199999988079071
3608,8,36,1.245,0.405,0,nan,141,0.0,141,0.02199999988079071
3609,9,36,1.215,0.405,0,nan,141,0.0,141,0.02199999988079071
3610,10,36,1.185,0.405,131,-0.7989944815635681,141,0.0,141,0.0
3611,11,36,1.155,0.405,134,-0.7989879846572876,141,0.0,141,0.0
3612,12,36,1.125,0.405,134,-0.7989879846572876,141,0.0,141,0.0
3613,13,36,1.095,0.405,141,-0.7986012697219849,141,0.17601747810840607,141,0.0
3614,14,36,1.065,0.405,141,-0.788290798664093,141,0.3347569406032562,141,0.0
3615,15,36,1.0350000000000001,0.405,141,-0.7779483795166016,141,0.3342663645744324,141,0.0
3616,16,36,1.005,0.405,141,-0.7667178511619568,141,0.3498353064060211,141,0.0
3617,17,36,0.975,0.405,141,-0.7561146020889282,141,0.3561508059501648,141,0.0
3618,18,36,0.9450000000000001,0.405,141,-0.7448664307594299,141,0.3207494914531708,141,0.0
3619,19,36,0.915,0.405,141,-0.735302209854126,141,0.3679898977279663,141,0.0
3620,20,36,0.885,0.405,141,-0.7228018641471863,141,0.4151741564273834,141,0.0
3621,21,36,0.855,0.405,141,-0.7090627551078796,141,0.43190717697143555,141,0.0
3622,22,36,0.8250000000000001,0.405,141,-0.6956536173820496,141,0.42259594798088074,141,0.0
3623,23,36,0.795,0.405,141,-0.6823990345001221,141,0.4492233097553253,141,0.0
3624,24,36,0.765,0.405,141,-0.6700195074081421,141,0.4119141399860382,141,0.0
3625,25,36,0.735,0.405,141,-0.657230794429779,141,0.4131169319152832,141,0.0
3626,26,36,0.7050000000000001,0.405,139,-0.6445944905281067,141,0.7195010185241699,141,0.0
3627,27,36,0.675,0.405,131,-0.6299276947975159,141,1.2303931713104248,141,0.10000000149011612
3628,28,36,0.645,0.405,139,-0.576882541179657,141,1.7979719638824463,141,0.10000000149011612
3629,29,36,0.615,0.405,141,-0.5544595718383789,141,1.0657273530960083,141,0.10000000149011612
3630,30,36,0.5850000000000001,0.405,141,-0.5518808960914612,141,0.5699642300605774,141,0.0
3631,31,36,0.555,0.405,141,-0.5103839039802551,141,0.01932779885828495,141,0.0
3632,32,36,0.525,0.405,141,-0.5092644095420837,141,0.040845077484846115,141,0.0
3633,33,36,0.4950000000000001,0.405,141,-0.508537232875824,141,0.026409825310111046,141,0.0
3634,34,36,0.4650000000000001,0.405,141,-0.5080089569091797,141,0.00756680965423584,141,0.0
3635,35,36,0.43500000000000005,0.405,141,-0.5081836581230164,141,0.003623371943831444,141,0.0
3636,36,36,0.405,0.405,141,-0.508537232875824,141,0.013235490769147873,141,0.0
3637,37,36,0.375,0.405,141,-0.5090945959091187,141,0.023423632606863976,141,0.0
3638,38,36,0.345,0.405,141,-0.5094513893127441,141,0.020516429096460342,141,0.0
3639,39,36,0.31499999999999995,0.405,141,-0.5095635056495667,141,0.013151764869689941,141,0.0
3640,40,36,0.28500000000000014,0.405,141,-0.5095635056495667,141,0.00713368272408843,141,0.0
3641,41,36,0.2550000000000001,0.405,141,-0.5094513893127441,141,0.007287661079317331,141,0.0
3642,42,36,0.2250000000000001,0.405,141,-0.5092560648918152,141,0.00578761100769043,141,0.0
3643,43,36,0.19500000000000006,0.405,141,-0.5088695287704468,141,0.009144219569861889,141,0.0
3644,44,36,0.16500000000000004,0.405,141,-0.508400022983551,141,0.011156158521771431,141,0.0
3645,45,36,0.135,0.405,141,-0.5078907012939453,141,0.01260232925415039,141,0.0
3646,46,36,0.10499999999999998,0.405,141,-0.5073862671852112,141,0.008023778907954693,141,0.0
3647,47,36,0.07499999999999996,0.405,141,-0.5070480704307556,141,0.0,141,0.0
3648,48,36,0.04500000000000015,0.405,141,-0.5070139765739441,141,0.0,141,0.0
3649,49,36,0.015000000000000124,0.405,141,-0.5070139765739441,141,0.0,141,0.0
3650,50,36,-0.014999999999999902,0.405,141,-0.5070139765739441,141,0.0,141,0.0
3651,51,36,-0.04499999999999993,0.405,141,-0.5070480704307556,141,0.0,141,0.0
3652,52,36,-0.07499999999999996,0.405,141,-0.5072030425071716,141,0.0021507341880351305,141,0.0
3653,53,36,-0.10499999999999998,0.405,141,-0.5077074766159058,141,0.022204717621207237,141,0.0
3654,54,36,-0.135,0.405,141,-0.5086840391159058,141,0.03192822262644768,141,0.0
3655,55,36,-0.16500000000000004,0.405,141,-0.5095683932304382,141,0.021699070930480957,141,0.0
3656,56,36,-0.19499999999999984,0.405,141,-0.5097298622131348,141,0.02524654008448124,141,0.0
3657,57,36,-0.22499999999999987,0.405,141,-0.5097746253013611,141,0.025330519303679466,141,0.0
3658,58,36,-0.2549999999999999,0.405,141,-0.5089299082756042,141,0.025648871436715126,141,0.0
3659,59,36,-0.2849999999999999,0.405,141,-0.5082566738128662,141,0.032844144850969315,141,0.0
3660,60,36,-0.31499999999999995,0.405,141,-0.5071687698364258,141,0.0385185070335865,141,0.0
3661,61,36,-0.345,0.405,141,-0.5059805512428284,141,0.03814275562763214,141,0.0
3662,62,36,-0.375,0.405,141,-0.5047166347503662,141,0.01996106468141079,141,0.0
3663,63,36,-0.405,0.405,141,-0.5045155882835388,141,0.0,141,0.0
3664,64,36,-0.43499999999999983,0.405,141,-0.5044852495193481,141,0.0,141,0.0
3665,65,36,-0.46499999999999986,0.405,141,-0.5044614672660828,141,0.0,141,0.0
3666,66,36,-0.4949999999999999,0.405,141,-0.5044614672660828,141,0.0,141,0.0
3667,67,36,-0.5249999999999999,0.405,141,-0.504625141620636,141,0.006638964172452688,141,0.0
3668,68,36,-0.5549999999999997,0.405,141,-0.5043445825576782,141,0.021040456369519234,141,0.0
3669,69,36,-0.585,0.405,141,-0.5036469101905823,141,0.01905469410121441,141,0.0
3670,70,36,-0.6149999999999998,0.405,141,-0.5031331777572632,141,0.01563727855682373,141,0.0
3671,71,36,-0.645,0.405,141,-0.5030723214149475,141,0.0047874958254396915,141,0.0
3672,72,36,-0.6749999999999998,0.405,141,-0.5026547908782959,141,0.0013690701453015208,141,0.0
3673,73,36,-0.7050000000000001,0.405,141,-0.5026074051856995,141,0.0,141,0.0
3674,74,36,-0.7349999999999999,0.405,141,-0.5024271607398987,141,0.0,141,0.0
3675,75,36,-0.7650000000000001,0.405,141,-0.5023141503334045,141,0.0,141,0.0
3676,76,36,-0.7949999999999999,0.405,141,-0.5024452209472656,141,0.00306133390404284,141,0.0
3677,77,36,-0.8249999999999997,0.405,141,-0.5022212862968445,141,0.007235560100525618,141,0.0
3678,78,36,-0.855,0.405,141,-0.5022581219673157,141,0.004870196338742971,141,0.0
3679,79,36,-0.8849999999999998,0.405,141,-0.5024746656417847,141,0.00845491886138916,141,0.0
3680,80,36,-0.915,0.405,141,-0.5027638673782349,141,0.0057888696901500225,141,0.0
3681,81,36,-0.9449999999999998,0.405,141,-0.5029593110084534,141,0.003612041473388672,141,0.0
3682,82,36,-0.9750000000000001,0.405,141,-0.5026767253875732,141,0.0017156203975901008,141,0.0
3683,83,36,-1.005,0.405,141,-0.5025969743728638,141,0.009434602223336697,141,0.0
3684,84,36,-1.0349999999999997,0.405,141,-0.502650797367096,141,0.012665987014770508,141,0.0
3685,85,36,-1.065,0.405,141,-0.5029214024543762,141,0.0036100547295063734,141,0.0
3686,86,36,-1.0949999999999998,0.405,106,-0.503048837184906,141,0.0,141,0.0
3687,87,36,-1.125,0.405,0,nan,141,0.0,141,0.02199999988079071
3688,88,36,-1.1549999999999998,0.405,0,nan,141,0.0,141,0.02199999988079071
3689,89,36,-1.185,0.405,0,nan,141,0.0,141,0.02199999988079071
3690,90,36,-1.2149999999999999,0.405,0,nan,141,0.0,141,0.02199999988079071
3691,91,36,-1.245,0.405,0,nan,141,0.0,141,0.02199999988079071
3692,92,36,-1.275,0.405,0,nan,141,0.0,141,0.02199999988079071
3693,93,36,-1.3049999999999997,0.405,0,nan,141,0.0,141,0.02199999988079071
3694,94,36,-1.335,0.405,0,nan,141,0.0,141,0.02199999988079071
3695,95,36,-1.3649999999999998,0.405,0,nan,141,0.0,141,0.02199999988079071
3696,96,36,-1.395,0.405,0,nan,141,0.0,141,0.02199999988079071
3697,97,36,-1.4249999999999998,0.405,0,nan,141,0.0,141,0.0
3698,98,36,-1.455,0.405,0,nan,141,0.0,141,0.0
3699,99,36,-1.4849999999999999,0.405,0,nan,141,0.0,141,0.0
3700,0,37,1.485,0.375,0,nan,141,0.0,141,0.0
3701,1,37,1.455,0.375,0,nan,141,0.0,141,0.0
3702,2,37,1.425,0.375,0,nan,141,0.0,141,0.0
3703,3,37,1.395,0.375,0,nan,141,0.0,141,0.02199999988079071
3704,4,37,1.365,0.375,0,nan,141,0.0,141,0.02199999988079071
3705,5,37,1.335,0.375,0,nan,141,0.0,141,0.02199999988079071
3706,6,37,1.305,0.375,0,nan,141,0.0,141,0.02199999988079071
3707,7,37,1.275,0.375,0,nan,141,0.0,141,0.02199999988079071
3708,8,37,1.245,0.375,0,nan,141,0.0,141,0.02199999988079071
3709,9,37,1.215,0.375,0,nan,141,0.0,141,0.02199999988079071
3710,10,37,1.185,0.375,129,-0.7986012697219849,141,0.0,141,0.0
3711,11,37,1.155,0.375,134,-0.7985644936561584,141,0.0,141,0.0
3712,12,37,1.125,0.375,134,-0.7985644936561584,141,0.0,141,0.0
3713,13,37,1.095,0.375,141,-0.7983882427215576,141,0.15691618621349335,141,0.0
3714,14,37,1.065,0.375,141,-0.7881346940994263,141,0.3255903720855713,141,0.0
3715,15,37,1.0350000000000001,0.375,141,-0.7772769331932068,141,0.3261185884475708,141,0.0
3716,16,37,1.005,0.375,141,-0.7662991285324097,141,0.34551650285720825,141,0.0
3717,17,37,0.975,0.375,141,-0.7556006908416748,141,0.323164701461792,141,0.0
3718,18,37,0.9450000000000001,0.375,141,-0.7450796961784363,141,0.32750359177589417,141,0.0
3719,19,37,0.915,0.375,141,-0.7356157302856445,141,0.36972010135650635,141,0.0
3720,20,37,0.885,0.375,141,-0.7228308320045471,141,0.405756413936615,141,0.0
3721,21,37,0.855,0.375,141,-0.7092848420143127,141,0.4329264163970947,141,0.0
3722,22,37,0.8250000000000001,0.375,141,-0.6956536173820496,141,0.41137391328811646,141,0.0
3723,23,37,0.795,0.375,141,-0.68248450756073,141,0.4379715323448181,141,0.0
3724,24,37,0.765,0.375,141,-0.6700431704521179,141,0.40512382984161377,141,0.0
3725,25,37,0.735,0.375,141,-0.6578183770179749,141,0.4149883985519409,141,0.0
3726,26,37,0.7050000000000001,0.375,141,-0.6449695229530334,141,0.4480898380279541,141,0.0
3727,27,37,0.675,0.375,141,-0.6305640935897827,141,0.6388408541679382,141,0.0
3728,28,37,0.645,0.375,136,-0.617846667766571,141,1.0295288562774658,141,0.10000000149011612
3729,29,37,0.615,0.375,138,-0.5861507654190063,141,1.1837643384933472,141,0.10000000149011612
3730,30,37,0.5850000000000001,0.375,141,-0.5522159934043884,141,0.6882263422012329,141,0.0
3731,31,37,0.555,0.375,141,-0.5164788365364075,141,0.11140108108520508,141,0.0
3732,32,37,0.525,0.375,141,-0.5111481547355652,141,0.0640869140625,141,0.0
3733,33,37,0.4950000000000001,0.375,141,-0.5088340044021606,141,0.055975716561079025,141,0.0
3734,34,37,0.4650000000000001,0.375,141,-0.508337676525116,141,0.015096539631485939,141,0.0
3735,35,37,0.43500000000000005,0.375,141,-0.5083098411560059,141,0.0,141,0.0
3736,36,37,0.405,0.375,141,-0.5086854696273804,141,0.0,141,0.0
3737,37,37,0.375,0.375,141,-0.5090945959091187,141,0.006709496024996042,141,0.0
3738,38,37,0.345,0.375,141,-0.5094513893127441,141,0.011717279441654682,141,0.0
3739,39,37,0.31499999999999995,0.375,141,-0.5095635056495667,141,0.007676084991544485,141,0.0
3740,40,37,0.28500000000000014,0.375,141,-0.5095054507255554,141,0.004556775093078613,141,0.0
3741,41,37,0.2550000000000001,0.375,141,-0.5094513893127441,141,0.0044578127562999725,141,0.0
3742,42,37,0.2250000000000001,0.375,141,-0.5092921853065491,141,0.003506380133330822,141,0.0
3743,43,37,0.19500000000000006,0.375,141,-0.508902370929718,141,0.004693865776062012,141,0.0
3744,44,37,0.16500000000000004,0.375,141,-0.5084590911865234,141,0.010309422388672829,141,0.0
3745,45,37,0.135,0.375,141,-0.5078554749488831,141,0.012524569407105446,141,0.0
3746,46,37,0.10499999999999998,0.375,141,-0.5073862671852112,141,0.006768910214304924,141,0.0
3747,47,37,0.07499999999999996,0.375,141,-0.5070271492004395,141,0.0,141,0.0
3748,48,37,0.04500000000000015,0.375,141,-0.5070139765739441,141,0.0,141,0.0
3749,49,37,0.015000000000000124,0.375,141,-0.5070139765739441,141,0.0,141,0.0
3750,50,37,-0.014999999999999902,0.375,141,-0.5070139765739441,141,0.0,141,0.0
3751,51,37,-0.04499999999999993,0.375,141,-0.5070480704307556,141,0.0,141,0.0
3752,52,37,-0.07499999999999996,0.375,141,-0.5072030425071716,141,0.0037501256447285414,141,0.0
3753,53,37,-0.10499999999999998,0.375,141,-0.5076680183410645,141,0.022926926612854004,141,0.0
3754,54,37,-0.135,0.375,141,-0.5086840391159058,141,0.03192822262644768,141,0.0
3755,55,37,-0.16500000000000004,0.375,141,-0.5096535086631775,141,0.025426845997571945,141,0.0
3756,56,37,-0.19499999999999984,0.375,141,-0.5098279714584351,141,0.026802221313118935,141,0.0
3757,57,37,-0.22499999999999987,0.375,141,-0.5096110701560974,141,0.030638257041573524,141,0.0
3758,58,37,-0.2549999999999999,0.375,141,-0.5086963176727295,141,0.028123978525400162,141,0.0
3759,59,37,-0.2849999999999999,0.375,141,-0.5082042813301086,141,0.030568305402994156,141,0.0
3760,60,37,-0.31499999999999995,0.375,141,-0.5071233510971069,141,0.03609954193234444,141,0.0
3761,61,37,-0.345,0.375,141,-0.5059213638305664,141,0.033363573253154755,141,0.0
3762,62,37,-0.375,0.375,141,-0.5048665404319763,141,0.01740952394902706,141,0.0
3763,63,37,-0.405,0.375,141,-0.5047166347503662,141,0.0,141,0.0
3764,64,37,-0.43499999999999983,0.375,141,-0.5046064853668213,141,0.0,141,0.0
3765,65,37,-0.46499999999999986,0.375,141,-0.504636824131012,141,0.0,141,0.0
3766,66,37,-0.4949999999999999,0.375,141,-0.5047166347503662,141,0.0,141,0.0
3767,67,37,-0.5249999999999999,0.375,141,-0.5047772526741028,141,0.007928210310637951,141,0.0
3768,68,37,-0.5549999999999997,0.375,141,-0.5045824646949768,141,0.025142231956124306,141,0.0
3769,69,37,-0.585,0.375,141,-0.5035765767097473,141,0.022655000910162926,141,0.0
3770,70,37,-0.6149999999999998,0.375,141,-0.5031121969223022,141,0.016696253791451454,141,0.0
3771,71,37,-0.645,0.375,141,-0.502802312374115,141,0.004627307411283255,141,0.0
3772,72,37,-0.6749999999999998,0.375,141,-0.5026074051856995,141,0.001015265821479261,141,0.0
3773,73,37,-0.7050000000000001,0.375,141,-0.5024201273918152,141,0.0,141,0.0
3774,74,37,-0.7349999999999999,0.375,141,-0.5020686388015747,141,0.0,141,0.0
3775,75,37,-0.7650000000000001,0.375,141,-0.5020812153816223,141,0.0,141,0.0
3776,76,37,-0.7949999999999999,0.375,141,-0.5020372271537781,141,0.0042241644114255905,141,0.0
3777,77,37,-0.8249999999999997,0.375,141,-0.5020686388015747,141,0.0059462180361151695,141,0.0
3778,78,37,-0.855,0.375,141,-0.502188503742218,141,0.0036954879760742188,141,0.0
3779,79,37,-0.8849999999999998,0.375,141,-0.5024387836456299,141,0.005957105662673712,141,0.0
3780,80,37,-0.915,0.375,141,-0.5026681423187256,141,0.003324683988466859,141,0.0
3781,81,37,-0.9449999999999998,0.375,141,-0.5027241706848145,141,0.003040830371901393,141,0.0
3782,82,37,-0.9750000000000001,0.375,141,-0.5026155710220337,141,0.0006000201101414859,141,0.0
3783,83,37,-1.005,0.375,141,-0.5026174187660217,141,0.010652625001966953,141,0.0
3784,84,37,-1.0349999999999997,0.375,141,-0.5027638673782349,141,0.019475815817713737,141,0.0
3785,85,37,-1.065,0.375,141,-0.5033113360404968,141,0.02254098653793335,141,0.0
3786,86,37,-1.0949999999999998,0.375,51,-0.5051098465919495,141,0.0,141,0.02199999988079071
3787,87,37,-1.125,0.375,0,nan,141,0.0,141,0.02199999988079071
3788,88,37,-1.1549999999999998,0.375,0,nan,141,0.0,141,0.02199999988079071
3789,89,37,-1.185,0.375,0,nan,141,0.0,141,0.02199999988079071
3790,90,37,-1.2149999999999999,0.375,0,nan,141,0.0,141,0.02199999988079071
3791,91,37,-1.245,0.375,0,nan,141,0.0,141,0.02199999988079071
3792,92,37,-1.275,0.375,0,nan,141,0.0,141,0.02199999988079071
3793,93,37,-1.3049999999999997,0.375,0,nan,141,0.0,141,0.02199999988079071
3794,94,37,-1.335,0.375,0,nan,141,0.0,141,0.02199999988079071
3795,95,37,-1.3649999999999998,0.375,0,nan,141,0.0,141,0.02199999988079071
3796,96,37,-1.395,0.375,0,nan,141,0.0,141,0.02199999988079071
3797,97,37,-1.4249999999999998,0.375,0,nan,141,0.0,141,0.0
3798,98,37,-1.455,0.375,0,nan,141,0.0,141,0.0
3799,99,37,-1.4849999999999999,0.375,0,nan,141,0.0,141,0.0
3800,0,38,1.485,0.345,0,nan,141,0.0,141,0.0
3801,1,38,1.455,0.345,0,nan,141,0.0,141,0.0
3802,2,38,1.425,0.345,0,nan,141,0.0,141,0.0
3803,3,38,1.395,0.345,0,nan,141,0.0,141,0.02199999988079071
3804,4,38,1.365,0.345,0,nan,141,0.0,141,0.02199999988079071
3805,5,38,1.335,0.345,0,nan,141,0.0,141,0.02199999988079071
3806,6,38,1.305,0.345,0,nan,141,0.0,141,0.02199999988079071
3807,7,38,1.275,0.345,0,nan,141,0.0,141,0.02199999988079071
3808,8,38,1.245,0.345,0,nan,141,0.0,141,0.02199999988079071
3809,9,38,1.215,0.345,0,nan,141,0.0,141,0.02199999988079071
3810,10,38,1.185,0.345,127,-0.7981706857681274,141,0.0,141,0.0
3811,11,38,1.155,0.345,134,-0.7979623973369598,141,0.0,141,0.0
3812,12,38,1.125,0.345,134,-0.7979623973369598,141,0.0,141,0.0
3813,13,38,1.095,0.345,141,-0.7978614568710327,141,0.14337123930454254,141,0.0
3814,14,38,1.065,0.345,141,-0.7880126237869263,141,0.3133508563041687,141,0.0
3815,15,38,1.0350000000000001,0.345,141,-0.7770402431488037,141,0.30355751514434814,141,0.0
3816,16,38,1.005,0.345,141,-0.7662904262542725,141,0.3356655538082123,141,0.0
3817,17,38,0.975,0.345,141,-0.7555495500564575,141,0.32206112146377563,141,0.0
3818,18,38,0.9450000000000001,0.345,141,-0.7450796961784363,141,0.3411322832107544,141,0.0
3819,19,38,0.915,0.345,141,-0.7352603077888489,141,0.3730897009372711,141,0.0
3820,20,38,0.885,0.345,141,-0.7225221395492554,141,0.423005610704422,141,0.0
3821,21,38,0.855,0.345,141,-0.7080746293067932,141,0.429857075214386,141,0.0
3822,22,38,0.8250000000000001,0.345,141,-0.6948955059051514,141,0.39342278242111206,141,0.0
3823,23,38,0.795,0.345,141,-0.6825927495956421,141,0.4144648611545563,141,0.0
3824,24,38,0.765,0.345,141,-0.6703157424926758,141,0.4082510769367218,141,0.0
3825,25,38,0.735,0.345,141,-0.6579715609550476,141,0.4085560739040375,141,0.0
3826,26,38,0.7050000000000001,0.345,141,-0.6455734968185425,141,0.44741562008857727,141,0.0
3827,27,38,0.675,0.345,141,-0.6308020949363708,141,0.45030373334884644,141,0.0
3828,28,38,0.645,0.345,140,-0.6183858811855316,141,0.5566403865814209,141,0.0
3829,29,38,0.615,0.345,137,-0.6053805947303772,141,0.9659311175346375,141,0.10000000149011612
3830,30,38,0.5850000000000001,0.345,141,-0.5593141317367554,141,1.4771833419799805,141,0.10000000149011612
3831,31,38,0.555,0.345,141,-0.5175038576126099,141,0.5135429501533508,141,0.0
3832,32,38,0.525,0.345,141,-0.5149695873260498,141,0.17804741859436035,141,0.0
3833,33,38,0.4950000000000001,0.345,141,-0.5097675323486328,141,0.10337730497121811,141,0.0
3834,34,38,0.4650000000000001,0.345,141,-0.5088340044021606,141,0.023499486967921257,141,0.0
3835,35,38,0.43500000000000005,0.345,141,-0.5087018013000488,141,0.00022550423454958946,141,0.0
3836,36,38,0.405,0.345,141,-0.5087018013000488,141,0.0,141,0.0
3837,37,38,0.375,0.345,141,-0.5090945959091187,141,0.008447964675724506,141,0.0
3838,38,38,0.345,0.345,141,-0.5095054507255554,141,0.014331936836242676,141,0.0
3839,39,38,0.31499999999999995,0.345,141,-0.5095860362052917,141,0.0088423490524292,141,0.0
3840,40,38,0.28500000000000014,0.345,141,-0.5095334053039551,141,0.008666515350341797,141,0.0
3841,41,38,0.2550000000000001,0.345,141,-0.5094513893127441,141,0.00887115765362978,141,0.0
3842,42,38,0.2250000000000001,0.345,141,-0.5093497037887573,141,0.005893758963793516,141,0.0
3843,43,38,0.19500000000000006,0.345,141,-0.5090175271034241,141,0.007737107574939728,141,0.0
3844,44,38,0.16500000000000004,0.345,141,-0.5084669589996338,141,0.012256900779902935,141,0.0
3845,45,38,0.135,0.345,141,-0.5078554749488831,141,0.016057375818490982,141,0.0
3846,46,38,0.10499999999999998,0.345,141,-0.5073132514953613,141,0.009802279062569141,141,0.0
3847,47,38,0.07499999999999996,0.345,141,-0.507099449634552,141,0.0034858782310038805,141,0.0
3848,48,38,0.04500000000000015,0.345,141,-0.5070703029632568,141,0.0,141,0.0
3849,49,38,0.015000000000000124,0.345,141,-0.5070834755897522,141,0.0,141,0.0
3850,50,38,-0.014999999999999902,0.345,141,-0.5070834755897522,141,0.0,141,0.0
3851,51,38,-0.04499999999999993,0.345,141,-0.5071364641189575,141,0.0004291534423828125,141,0.0
3852,52,38,-0.07499999999999996,0.345,141,-0.5072460770606995,141,0.007836907170712948,141,0.0
3853,53,38,-0.10499999999999998,0.345,141,-0.5076503157615662,141,0.027114998549222946,141,0.0
3854,54,38,-0.135,0.345,141,-0.5087326169013977,141,0.03553728386759758,141,0.0
3855,55,38,-0.16500000000000004,0.345,141,-0.5096611976623535,141,0.028738481923937798,141,0.0
3856,56,38,-0.19499999999999984,0.345,141,-0.5100295543670654,141,0.025401512160897255,141,0.0
3857,57,38,-0.22499999999999987,0.345,141,-0.509629487991333,141,0.029013553634285927,141,0.0
3858,58,38,-0.2549999999999999,0.345,141,-0.5086007714271545,141,0.02734561823308468,141,0.0
3859,59,38,-0.2849999999999999,0.345,141,-0.5082042813301086,141,0.03000795841217041,141,0.0
3860,60,38,-0.31499999999999995,0.345,141,-0.5071233510971069,141,0.03635287284851074,141,0.0
3861,61,38,-0.345,0.345,141,-0.5059213638305664,141,0.02874533273279667,141,0.0
3862,62,38,-0.375,0.345,141,-0.5050932765007019,141,0.012224912643432617,141,0.0
3863,63,38,-0.405,0.345,141,-0.5049893260002136,141,0.0,141,0.0
3864,64,38,-0.43499999999999983,0.345,141,-0.5048246383666992,141,0.0,141,0.0
3865,65,38,-0.46499999999999986,0.345,141,-0.5048246383666992,141,0.0,141,0.0
3866,66,38,-0.4949999999999999,0.345,141,-0.5048665404319763,141,0.0,141,0.0
3867,67,38,-0.5249999999999999,0.345,141,-0.5050318241119385,141,0.01025291346013546,141,0.0
3868,68,38,-0.5549999999999997,0.345,141,-0.5047772526741028,141,0.02654712274670601,141,0.0
3869,69,38,-0.585,0.345,141,-0.5036469101905823,141,0.026345252990722656,141,0.0
3870,70,38,-0.6149999999999998,0.345,141,-0.5030847787857056,141,0.018308943137526512,141,0.0
3871,71,38,-0.645,0.345,141,-0.502802312374115,141,0.005924701690673828,141,0.0
3872,72,38,-0.6749999999999998,0.345,141,-0.5025838613510132,141,0.002055287593975663,141,0.0
3873,73,38,-0.7050000000000001,0.345,141,-0.502188503742218,141,0.0009191525168716908,141,0.0
3874,74,38,-0.7349999999999999,0.345,141,-0.5020372271537781,141,0.0,141,0.0
3875,75,38,-0.7650000000000001,0.345,141,-0.5020812153816223,141,0.0,141,0.0
3876,76,38,-0.7949999999999999,0.345,141,-0.5020372271537781,141,0.002850095508620143,141,0.0
3877,77,38,-0.8249999999999997,0.345,141,-0.5020686388015747,141,0.0028928120154887438,141,0.0
3878,78,38,-0.855,0.345,141,-0.5021585822105408,141,0.0010500351199880242,141,0.0
3879,79,38,-0.8849999999999998,0.345,141,-0.5024452209472656,141,0.0031371910590678453,141,0.0
3880,80,38,-0.915,0.345,141,-0.5026174187660217,141,0.0,141,0.0
3881,81,38,-0.9449999999999998,0.345,141,-0.5026174187660217,141,0.0,141,0.0
3882,82,38,-0.9750000000000001,0.345,141,-0.5025138258934021,141,0.0,141,0.0
3883,83,38,-1.005,0.345,141,-0.5026681423187256,141,0.013752867467701435,141,0.0
3884,84,38,-1.0349999999999997,0.345,141,-0.5030703544616699,141,0.03245801851153374,141,0.0
3885,85,38,-1.065,0.345,141,-0.5042982697486877,141,0.03583480417728424,141,0.0
3886,86,38,-1.0949999999999998,0.345,49,-0.5057971477508545,141,0.0,141,0.02199999988079071
3887,87,38,-1.125,0.345,0,nan,141,0.0,141,0.02199999988079071
3888,88,38,-1.1549999999999998,0.345,0,nan,141,0.0,141,0.02199999988079071
3889,89,38,-1.185,0.345,0,nan,141,0.0,141,0.02199999988079071
3890,90,38,-1.2149999999999999,0.345,0,nan,141,0.0,141,0.02199999988079071
3891,91,38,-1.245,0.345,0,nan,141,0.0,141,0.02199999988079071
3892,92,38,-1.275,0.345,0,nan,141,0.0,141,0.02199999988079071
3893,93,38,-1.3049999999999997,0.345,0,nan,141,0.0,141,0.02199999988079071
3894,94,38,-1.335,0.345,0,nan,141,0.0,141,0.02199999988079071
3895,95,38,-1.3649999999999998,0.345,0,nan,141,0.0,141,0.02199999988079071
3896,96,38,-1.395,0.345,0,nan,141,0.0,141,0.02199999988079071
3897,97,38,-1.4249999999999998,0.345,0,nan,141,0.0,141,0.0
3898,98,38,-1.455,0.345,0,nan,141,0.0,141,0.0
3899,99,38,-1.4849999999999999,0.345,0,nan,141,0.0,141,0.0
3900,0,39,1.485,0.31499999999999995,0,nan,141,0.0,141,0.0
3901,1,39,1.455,0.31499999999999995,0,nan,141,0.0,141,0.0
3902,2,39,1.425,0.31499999999999995,0,nan,141,0.0,141,0.0
3903,3,39,1.395,0.31499999999999995,0,nan,141,0.0,141,0.02199999988079071
3904,4,39,1.365,0.31499999999999995,0,nan,141,0.0,141,0.02199999988079071
3905,5,39,1.335,0.31499999999999995,0,nan,141,0.0,141,0.02199999988079071
3906,6,39,1.305,0.31499999999999995,0,nan,141,0.0,141,0.02199999988079071
3907,7,39,1.275,0.31499999999999995,0,nan,141,0.0,141,0.02199999988079071
3908,8,39,1.245,0.31499999999999995,0,nan,141,0.0,141,0.02199999988079071
3909,9,39,1.215,0.31499999999999995,0,nan,141,0.0,141,0.02199999988079071
3910,10,39,1.185,0.31499999999999995,127,-0.7975393533706665,141,0.0,141,0.0
3911,11,39,1.155,0.31499999999999995,134,-0.7969716489315033,141,0.0,141,0.0
3912,12,39,1.125,0.31499999999999995,134,-0.7969716489315033,141,0.0,141,0.0
3913,13,39,1.095,0.31499999999999995,141,-0.7968273758888245,141,0.1404891461133957,141,0.0
3914,14,39,1.065,0.31499999999999995,141,-0.7868475914001465,141,0.2994297742843628,141,0.0
3915,15,39,1.0350000000000001,0.31499999999999995,141,-0.7765129208564758,141,0.31005191802978516,141,0.0
3916,16,39,1.005,0.31499999999999995,141,-0.7660987973213196,141,0.3356655538082123,141,0.0
3917,17,39,0.975,0.31499999999999995,141,-0.7553296089172363,141,0.3222038745880127,141,0.0
3918,18,39,0.9450000000000001,0.31499999999999995,141,-0.745027482509613,141,0.3285313546657562,141,0.0
3919,19,39,0.915,0.31499999999999995,141,-0.734829306602478,141,0.3865571916103363,141,0.0
3920,20,39,0.885,0.31499999999999995,141,-0.7214798927307129,141,0.43600592017173767,141,0.0
3921,21,39,0.855,0.31499999999999995,141,-0.7070196866989136,141,0.4310283362865448,141,0.0
3922,22,39,0.8250000000000001,0.31499999999999995,141,-0.6944276690483093,141,0.3715936243534088,141,0.0
3923,23,39,0.795,0.31499999999999995,141,-0.682348370552063,141,0.3938758671283722,141,0.0
3924,24,39,0.765,0.31499999999999995,141,-0.6708129048347473,141,0.4196239709854126,141,0.0
3925,25,39,0.735,0.31499999999999995,141,-0.6580653786659241,141,0.40976157784461975,141,0.0
3926,26,39,0.7050000000000001,0.31499999999999995,141,-0.6456091403961182,141,0.437847763299942,141,0.0
3927,27,39,0.675,0.31499999999999995,141,-0.6309837102890015,141,0.4416952431201935,141,0.0
3928,28,39,0.645,0.31499999999999995,141,-0.619011402130127,141,0.43468177318573,141,0.0
3929,29,39,0.615,0.31499999999999995,141,-0.605792760848999,141,0.6390491724014282,141,0.0
3930,30,39,0.5850000000000001,0.31499999999999995,140,-0.5930458009243011,141,0.954068124294281,141,0.10000000149011612
3931,31,39,0.555,0.31499999999999995,141,-0.5518808960914612,141,1.3144994974136353,141,0.10000000149011612
3932,32,39,0.525,0.31499999999999995,141,-0.5172888040542603,141,0.5117834210395813,141,0.0
3933,33,39,0.4950000000000001,0.31499999999999995,141,-0.513153076171875,141,0.1517474353313446,141,0.0
3934,34,39,0.4650000000000001,0.31499999999999995,141,-0.5103480815887451,141,0.04957316443324089,141,0.0
3935,35,39,0.43500000000000005,0.31499999999999995,141,-0.5095635056495667,141,0.008096297271549702,141,0.0
3936,36,39,0.405,0.31499999999999995,141,-0.5094513893127441,141,0.0,141,0.0
3937,37,39,0.375,0.31499999999999995,141,-0.5093632340431213,141,0.008281504735350609,141,0.0
3938,38,39,0.345,0.31499999999999995,141,-0.5095054507255554,141,0.01370718888938427,141,0.0
3939,39,39,0.31499999999999995,0.31499999999999995,141,-0.5095860362052917,141,0.014234044589102268,141,0.0
3940,40,39,0.28500000000000014,0.31499999999999995,141,-0.5095054507255554,141,0.01843472383916378,141,0.0
3941,41,39,0.2550000000000001,0.31499999999999995,141,-0.5093632340431213,141,0.022803744301199913,141,0.0
3942,42,39,0.2250000000000001,0.31499999999999995,141,-0.5092560648918152,141,0.014962716959416866,141,0.0
3943,43,39,0.19500000000000006,0.31499999999999995,141,-0.508902370929718,141,0.01062827929854393,141,0.0
3944,44,39,0.16500000000000004,0.31499999999999995,141,-0.5084590911865234,141,0.014420350082218647,141,0.0
3945,45,39,0.135,0.31499999999999995,141,-0.5078935027122498,141,0.01775430142879486,141,0.0
3946,46,39,0.10499999999999998,0.31499999999999995,141,-0.5074430704116821,141,0.012157084420323372,141,0.0
3947,47,39,0.07499999999999996,0.31499999999999995,141,-0.507266104221344,141,0.007542373612523079,141,0.0
3948,48,39,0.04500000000000015,0.31499999999999995,141,-0.5071704387664795,141,0.005091229919344187,141,0.0
3949,49,39,0.015000000000000124,0.31499999999999995,141,-0.5071408748626709,141,0.0036001205444335938,141,0.0
3950,50,39,-0.014999999999999902,0.31499999999999995,141,-0.5071408748626709,141,0.003490845439955592,141,0.0
3951,51,39,-0.04499999999999993,0.31499999999999995,141,-0.5072030425071716,141,0.0047147274017333984,141,0.0
3952,52,39,-0.07499999999999996,0.31499999999999995,141,-0.5073784589767456,141,0.015268723480403423,141,0.0
3953,53,39,-0.10499999999999998,0.31499999999999995,141,-0.5076498985290527,141,0.033799391239881516,141,0.0
3954,54,39,-0.135,0.31499999999999995,141,-0.5088263750076294,141,0.03819211944937706,141,0.0
3955,55,39,-0.16500000000000004,0.31499999999999995,141,-0.509717583656311,141,0.032844144850969315,141,0.0
3956,56,39,-0.19499999999999984,0.31499999999999995,141,-0.5103133916854858,141,0.03395974636077881,141,0.0
3957,57,39,-0.22499999999999987,0.31499999999999995,141,-0.5096535086631775,141,0.0309040155261755,141,0.0
3958,58,39,-0.2549999999999999,0.31499999999999995,141,-0.5088381171226501,141,0.03465721011161804,141,0.0
3959,59,39,-0.2849999999999999,0.31499999999999995,141,-0.5081223845481873,141,0.03667055070400238,141,0.0
3960,60,39,-0.31499999999999995,0.31499999999999995,141,-0.5070745944976807,141,0.040777787566185,141,0.0
3961,61,39,-0.345,0.31499999999999995,141,-0.5058106184005737,141,0.032190483063459396,141,0.0
3962,62,39,-0.375,0.31499999999999995,141,-0.5050932765007019,141,0.014830629341304302,141,0.0
3963,63,39,-0.405,0.31499999999999995,141,-0.5049893856048584,141,0.0,141,0.0
3964,64,39,-0.43499999999999983,0.31499999999999995,141,-0.5047772526741028,141,0.0,141,0.0
3965,65,39,-0.46499999999999986,0.31499999999999995,141,-0.5047772526741028,141,0.0,141,0.0
3966,66,39,-0.4949999999999999,0.31499999999999995,141,-0.504892110824585,141,0.001750423340126872,141,0.0
3967,67,39,-0.5249999999999999,0.31499999999999995,141,-0.505180299282074,141,0.016357501968741417,141,0.0
3968,68,39,-0.5549999999999997,0.31499999999999995,141,-0.504892110824585,141,0.03333853930234909,141,0.0
3969,69,39,-0.585,0.31499999999999995,141,-0.503585696220398,141,0.032525260001420975,141,0.0
3970,70,39,-0.6149999999999998,0.31499999999999995,141,-0.503075361251831,141,0.022075572982430458,141,0.0
3971,71,39,-0.645,0.31499999999999995,141,-0.5027453303337097,141,0.006720423698425293,141,0.0
3972,72,39,-0.6749999999999998,0.31499999999999995,141,-0.5024566650390625,141,0.0027574575506150723,141,0.0
3973,73,39,-0.7050000000000001,0.31499999999999995,141,-0.5021551847457886,141,0.0,141,0.0
3974,74,39,-0.7349999999999999,0.31499999999999995,141,-0.5020248889923096,141,0.0,141,0.0
3975,75,39,-0.7650000000000001,0.31499999999999995,141,-0.5020372271537781,141,0.0,141,0.0
3976,76,39,-0.7949999999999999,0.31499999999999995,141,-0.5020372271537781,141,0.0002096096723107621,141,0.0
3977,77,39,-0.8249999999999997,0.31499999999999995,141,-0.5020686388015747,141,0.0002950429916381836,141,0.0
3978,78,39,-0.855,0.31499999999999995,141,-0.502188503742218,141,0.0006407499313354492,141,0.0
3979,79,39,-0.8849999999999998,0.31499999999999995,141,-0.5023141503334045,141,0.001777192112058401,141,0.0
3980,80,39,-0.915,0.31499999999999995,141,-0.5024953484535217,141,0.0,141,0.0
3981,81,39,-0.9449999999999998,0.31499999999999995,141,-0.5025969743728638,141,0.0,141,0.0
3982,82,39,-0.9750000000000001,0.31499999999999995,141,-0.5026155710220337,141,0.003389517543837428,141,0.0
3983,83,39,-1.005,0.31499999999999995,141,-0.5027129054069519,141,0.016166599467396736,141,0.0
3984,84,39,-1.0349999999999997,0.31499999999999995,141,-0.5033193230628967,141,0.03560688719153404,141,0.0
3985,85,39,-1.065,0.31499999999999995,141,-0.5050188899040222,141,0.0353395938873291,141,0.0
3986,86,39,-1.0949999999999998,0.31499999999999995,49,-0.506147563457489,141,0.0,141,0.02199999988079071
3987,87,39,-1.125,0.31499999999999995,0,nan,141,0.0,141,0.02199999988079071
3988,88,39,-1.1549999999999998,0.31499999999999995,0,nan,141,0.0,141,0.02199999988079071
3989,89,39,-1.185,0.31499999999999995,0,nan,141,0.0,141,0.02199999988079071
3990,90,39,-1.2149999999999999,0.31499999999999995,0,nan,141,0.0,141,0.02199999988079071
3991,91,39,-1.245,0.31499999999999995,0,nan,141,0.0,141,0.02199999988079071
3992,92,39,-1.275,0.31499999999999995,0,nan,141,0.0,141,0.02199999988079071
3993,93,39,-1.3049999999999997,0.31499999999999995,0,nan,141,0.0,141,0.02199999988079071
3994,94,39,-1.335,0.31499999999999995,0,nan,141,0.0,141,0.02199999988079071
3995,95,39,-1.3649999999999998,0.31499999999999995,0,nan,141,0.0,141,0.02199999988079071
3996,96,39,-1.395,0.31499999999999995,0,nan,141,0.0,141,0.02199999988079071
3997,97,39,-1.4249999999999998,0.31499999999999995,0,nan,141,0.0,141,0.0
3998,98,39,-1.455,0.31499999999999995,0,nan,141,0.0,141,0.0
3999,99,39,-1.4849999999999999,0.31499999999999995,0,nan,141,0.0,141,0.0
4000,0,40,1.485,0.28500000000000014,0,nan,141,0.0,141,0.0
4001,1,40,1.455,0.28500000000000014,0,nan,141,0.0,141,0.0
4002,2,40,1.425,0.28500000000000014,0,nan,141,0.0,141,0.0
4003,3,40,1.395,0.28500000000000014,0,nan,141,0.0,141,0.02199999988079071
4004,4,40,1.365,0.28500000000000014,0,nan,141,0.0,141,0.02199999988079071
4005,5,40,1.335,0.28500000000000014,0,nan,141,0.0,141,0.02199999988079071
4006,6,40,1.305,0.28500000000000014,0,nan,141,0.0,141,0.02199999988079071
4007,7,40,1.275,0.28500000000000014,0,nan,141,0.0,141,0.02199999988079071
4008,8,40,1.245,0.28500000000000014,0,nan,141,0.0,141,0.02199999988079071
4009,9,40,1.215,0.28500000000000014,0,nan,141,0.0,141,0.02199999988079071
4010,10,40,1.185,0.28500000000000014,127,-0.7969805002212524,141,0.0,141,0.0
4011,11,40,1.155,0.28500000000000014,134,-0.7966865301132202,141,0.0,141,0.0
4012,12,40,1.125,0.28500000000000014,134,-0.7966865301132202,141,0.0,141,0.0
4013,13,40,1.095,0.28500000000000014,141,-0.7965021133422852,141,0.13041992485523224,141,0.0
4014,14,40,1.065,0.28500000000000014,141,-0.7863940596580505,141,0.28036609292030334,141,0.0
4015,15,40,1.0350000000000001,0.28500000000000014,141,-0.7767255306243896,141,0.305022269487381,141,0.0
4016,16,40,1.005,0.28500000000000014,141,-0.7661886215209961,141,0.3357082009315491,141,0.0
4017,17,40,0.975,0.28500000000000014,141,-0.7550365328788757,141,0.3281954526901245,141,0.0
4018,18,40,0.9450000000000001,0.28500000000000014,141,-0.7447115778923035,141,0.3243035078048706,141,0.0
4019,19,40,0.915,0.28500000000000014,141,-0.7346142530441284,141,0.40658506751060486,141,0.0
4020,20,40,0.885,0.28500000000000014,141,-0.7211760878562927,141,0.41968369483947754,141,0.0
4021,21,40,0.855,0.28500000000000014,141,-0.7062186598777771,141,0.4396306872367859,141,0.0
4022,22,40,0.8250000000000001,0.28500000000000014,141,-0.6940906047821045,141,0.3559871315956116,141,0.0
4023,23,40,0.795,0.28500000000000014,141,-0.6823420524597168,141,0.3801373243331909,141,0.0
4024,24,40,0.765,0.28500000000000014,141,-0.6707146763801575,141,0.405381977558136,141,0.0
4025,25,40,0.735,0.28500000000000014,141,-0.6581168174743652,141,0.4127045273780823,141,0.0
4026,26,40,0.7050000000000001,0.28500000000000014,141,-0.6456524729728699,141,0.43341290950775146,141,0.0
4027,27,40,0.675,0.28500000000000014,141,-0.6311305165290833,141,0.4339973032474518,141,0.0
4028,28,40,0.645,0.28500000000000014,141,-0.6192593574523926,141,0.4317900538444519,141,0.0
4029,29,40,0.615,0.28500000000000014,141,-0.6062559485435486,141,0.4512970447540283,141,0.0
4030,30,40,0.5850000000000001,0.28500000000000014,141,-0.5936670303344727,141,0.671978235244751,141,0.0
4031,31,40,0.555,0.28500000000000014,141,-0.5775310397148132,141,1.235633373260498,141,0.10000000149011612
4032,32,40,0.525,0.28500000000000014,141,-0.518138587474823,141,1.044606328010559,141,0.10000000149011612
4033,33,40,0.4950000000000001,0.28500000000000014,141,-0.5158165693283081,141,0.39709246158599854,141,0.0
4034,34,40,0.4650000000000001,0.28500000000000014,141,-0.5137764811515808,141,0.04737476631999016,141,0.0
4035,35,40,0.43500000000000005,0.28500000000000014,141,-0.5121063590049744,141,0.008096297271549702,141,0.0
4036,36,40,0.405,0.28500000000000014,141,-0.511532723903656,141,0.0,141,0.0
4037,37,40,0.375,0.28500000000000014,141,-0.5108614563941956,141,0.0,141,0.0
4038,38,40,0.345,0.28500000000000014,141,-0.5106545686721802,141,0.010305192321538925,141,0.0
4039,39,40,0.31499999999999995,0.28500000000000014,141,-0.5106545686721802,141,0.01533386018127203,141,0.0
4040,40,40,0.28500000000000014,0.28500000000000014,141,-0.5100246667861938,141,0.02307267300784588,141,0.0
4041,41,40,0.2550000000000001,0.28500000000000014,141,-0.5099291205406189,141,0.02347181737422943,141,0.0
4042,42,40,0.2250000000000001,0.28500000000000014,141,-0.5095478892326355,141,0.015538796782493591,141,0.0
4043,43,40,0.19500000000000006,0.28500000000000014,141,-0.5090621113777161,141,0.013443827629089355,141,0.0
4044,44,40,0.16500000000000004,0.28500000000000014,141,-0.5084429383277893,141,0.01850922964513302,141,0.0
4045,45,40,0.135,0.28500000000000014,141,-0.5079180598258972,141,0.016793599352240562,141,0.0
4046,46,40,0.10499999999999998,0.28500000000000014,141,-0.5074447989463806,141,0.014264020137488842,141,0.0
4047,47,40,0.07499999999999996,0.28500000000000014,141,-0.5071704387664795,141,0.01360177993774414,141,0.0
4048,48,40,0.04500000000000015,0.28500000000000014,141,-0.5069770812988281,141,0.011050701141357422,141,0.0
4049,49,40,0.015000000000000124,0.28500000000000014,141,-0.5069568157196045,141,0.010153921321034431,141,0.0
4050,50,40,-0.014999999999999902,0.28500000000000014,141,-0.5069241523742676,141,0.009647011756896973,141,0.0
4051,51,40,-0.04499999999999993,0.28500000000000014,141,-0.5069568157196045,141,0.012006361968815327,141,0.0
4052,52,40,-0.07499999999999996,0.28500000000000014,141,-0.5071010589599609,141,0.01773071102797985,141,0.0
4053,53,40,-0.10499999999999998,0.28500000000000014,141,-0.5075295567512512,141,0.038556668907403946,141,0.0
4054,54,40,-0.135,0.28500000000000014,141,-0.5089781880378723,141,0.040045492351055145,141,0.0
4055,55,40,-0.16500000000000004,0.28500000000000014,141,-0.5097304582595825,141,0.03929336741566658,141,0.0
4056,56,40,-0.19499999999999984,0.28500000000000014,141,-0.5103133916854858,141,0.03815652057528496,141,0.0
4057,57,40,-0.22499999999999987,0.28500000000000014,141,-0.509629487991333,141,0.03392218425869942,141,0.0
4058,58,40,-0.2549999999999999,0.28500000000000014,141,-0.5088381171226501,141,0.039319198578596115,141,0.0
4059,59,40,-0.2849999999999999,0.28500000000000014,141,-0.5082042813301086,141,0.04609799385070801,141,0.0
4060,60,40,-0.31499999999999995,0.28500000000000014,141,-0.5062161087989807,141,0.0460406132042408,141,0.0
4061,61,40,-0.345,0.28500000000000014,141,-0.5055798888206482,141,0.03209610655903816,141,0.0
4062,62,40,-0.375,0.28500000000000014,141,-0.5049998164176941,141,0.016486644744873047,141,0.0
4063,63,40,-0.405,0.28500000000000014,141,-0.5049230456352234,141,0.008822481147944927,141,0.0
4064,64,40,-0.43499999999999983,0.28500000000000014,141,-0.5044910311698914,141,0.003833992639556527,141,0.0
4065,65,40,-0.46499999999999986,0.28500000000000014,141,-0.5044910311698914,141,0.0020563602447509766,141,0.0
4066,66,40,-0.4949999999999999,0.28500000000000014,141,-0.5047166347503662,141,0.014594106003642082,141,0.0
4067,67,40,-0.5249999999999999,0.28500000000000014,141,-0.505221962928772,141,0.019603192806243896,141,0.0
4068,68,40,-0.5549999999999997,0.28500000000000014,141,-0.5053264498710632,141,0.0346977598965168,141,0.0
4069,69,40,-0.585,0.28500000000000014,141,-0.5037938952445984,141,0.031910788267850876,141,0.0
4070,70,40,-0.6149999999999998,0.28500000000000014,141,-0.5032284259796143,141,0.017590323463082314,141,0.0
4071,71,40,-0.645,0.28500000000000014,141,-0.5028853416442871,141,0.012311339378356934,141,0.0
4072,72,40,-0.6749999999999998,0.28500000000000014,141,-0.5026074051856995,141,0.003859400749206543,141,0.0
4073,73,40,-0.7050000000000001,0.28500000000000014,141,-0.5024201273918152,141,0.0,141,0.0
4074,74,40,-0.7349999999999999,0.28500000000000014,141,-0.5021551847457886,141,0.0025744240265339613,141,0.0
4075,75,40,-0.7650000000000001,0.28500000000000014,141,-0.5021551847457886,141,0.0,141,0.0
4076,76,40,-0.7949999999999999,0.28500000000000014,141,-0.5021551847457886,141,0.001655022264458239,141,0.0
4077,77,40,-0.8249999999999997,0.28500000000000014,141,-0.5021585822105408,141,0.0028848648071289062,141,0.0
4078,78,40,-0.855,0.28500000000000014,141,-0.5022212862968445,141,0.005047436337918043,141,0.0
4079,79,40,-0.8849999999999998,0.28500000000000014,141,-0.5023141503334045,141,0.006710489746183157,141,0.0
4080,80,40,-0.915,0.28500000000000014,141,-0.5025138258934021,141,0.0007793307304382324,141,0.0
4081,81,40,-0.9449999999999998,0.28500000000000014,141,-0.5025474429130554,141,0.0,141,0.0
4082,82,40,-0.9750000000000001,0.28500000000000014,141,-0.5026362538337708,141,0.006313125137239695,141,0.0
4083,83,40,-1.005,0.28500000000000014,141,-0.5027453303337097,141,0.020727552473545074,141,0.0
4084,84,40,-1.0349999999999997,0.28500000000000014,141,-0.5035247802734375,141,0.04489322379231453,141,0.0
4085,85,40,-1.065,0.28500000000000014,141,-0.5053192377090454,141,0.03460061177611351,141,0.0
4086,86,40,-1.0949999999999998,0.28500000000000014,49,-0.5062466859817505,141,0.0,141,0.02199999988079071
4087,87,40,-1.125,0.28500000000000014,0,nan,141,0.0,141,0.02199999988079071
4088,88,40,-1.1549999999999998,0.28500000000000014,0,nan,141,0.0,141,0.02199999988079071
4089,89,40,-1.185,0.28500000000000014,0,nan,141,0.0,141,0.02199999988079071
4090,90,40,-1.2149999999999999,0.28500000000000014,0,nan,141,0.0,141,0.02199999988079071
4091,91,40,-1.245,0.28500000000000014,0,nan,141,0.0,141,0.02199999988079071
4092,92,40,-1.275,0.28500000000000014,0,nan,141,0.0,141,0.02199999988079071
4093,93,40,-1.3049999999999997,0.28500000000000014,0,nan,141,0.0,141,0.02199999988079071
4094,94,40,-1.335,0.28500000000000014,0,nan,141,0.0,141,0.02199999988079071
4095,95,40,-1.3649999999999998,0.28500000000000014,0,nan,141,0.0,141,0.02199999988079071
4096,96,40,-1.395,0.28500000000000014,0,nan,141,0.0,141,0.02199999988079071
4097,97,40,-1.4249999999999998,0.28500000000000014,0,nan,141,0.0,141,0.0
4098,98,40,-1.455,0.28500000000000014,0,nan,141,0.0,141,0.0
4099,99,40,-1.4849999999999999,0.28500000000000014,0,nan,141,0.0,141,0.0
4100,0,41,1.485,0.2550000000000001,0,nan,141,0.0,141,0.0
4101,1,41,1.455,0.2550000000000001,0,nan,141,0.0,141,0.0
4102,2,41,1.425,0.2550000000000001,0,nan,141,0.0,141,0.0
4103,3,41,1.395,0.2550000000000001,0,nan,141,0.0,141,0.02199999988079071
4104,4,41,1.365,0.2550000000000001,0,nan,141,0.0,141,0.02199999988079071
4105,5,41,1.335,0.2550000000000001,0,nan,141,0.0,141,0.02199999988079071
4106,6,41,1.305,0.2550000000000001,0,nan,141,0.0,141,0.02199999988079071
4107,7,41,1.275,0.2550000000000001,0,nan,141,0.0,141,0.02199999988079071
4108,8,41,1.245,0.2550000000000001,0,nan,141,0.0,141,0.02199999988079071
4109,9,41,1.215,0.2550000000000001,0,nan,141,0.0,141,0.02199999988079071
4110,10,41,1.185,0.2550000000000001,127,-0.796607494354248,141,0.0,141,0.0
4111,11,41,1.155,0.2550000000000001,134,-0.7962194383144379,141,0.0,141,0.0
4112,12,41,1.125,0.2550000000000001,134,-0.7962194383144379,141,0.0,141,0.0
4113,13,41,1.095,0.2550000000000001,141,-0.7958501577377319,141,0.1325615793466568,141,0.0
4114,14,41,1.065,0.2550000000000001,141,-0.785825252532959,141,0.27452901005744934,141,0.0
4115,15,41,1.0350000000000001,0.2550000000000001,141,-0.7764889597892761,141,0.3029768466949463,141,0.0
4116,16,41,1.005,0.2550000000000001,141,-0.7663781642913818,141,0.3403455913066864,141,0.0
4117,17,41,0.975,0.2550000000000001,141,-0.7543044686317444,141,0.34264108538627625,141,0.0
4118,18,41,0.9450000000000001,0.2550000000000001,141,-0.7442560195922852,141,0.3466884195804596,141,0.0
4119,19,41,0.915,0.2550000000000001,141,-0.7343463897705078,141,0.39817482233047485,141,0.0
4120,20,41,0.885,0.2550000000000001,141,-0.720858633518219,141,0.4387438893318176,141,0.0
4121,21,41,0.855,0.2550000000000001,141,-0.7047179937362671,141,0.43331286311149597,141,0.0
4122,22,41,0.8250000000000001,0.2550000000000001,141,-0.6933275461196899,141,0.34837377071380615,141,0.0
4123,23,41,0.795,0.2550000000000001,141,-0.6823124289512634,141,0.36296480894088745,141,0.0
4124,24,41,0.765,0.2550000000000001,141,-0.6706029176712036,141,0.4042724668979645,141,0.0
4125,25,41,0.735,0.2550000000000001,141,-0.6576840877532959,141,0.4064529240131378,141,0.0
4126,26,41,0.7050000000000001,0.2550000000000001,141,-0.6456524729728699,141,0.43218135833740234,141,0.0
4127,27,41,0.675,0.2550000000000001,141,-0.6312570571899414,141,0.4319200813770294,141,0.0
4128,28,41,0.645,0.2550000000000001,141,-0.6195122599601746,141,0.43015778064727783,141,0.0
4129,29,41,0.615,0.2550000000000001,141,-0.6062701940536499,141,0.44364333152770996,141,0.0
4130,30,41,0.5850000000000001,0.2550000000000001,141,-0.594595193862915,141,0.46337199211120605,141,0.0
4131,31,41,0.555,0.2550000000000001,141,-0.5793066024780273,141,0.6885448694229126,141,0.0
4132,32,41,0.525,0.2550000000000001,141,-0.5644769668579102,141,1.1291930675506592,141,0.10000000149011612
4133,33,41,0.4950000000000001,0.2550000000000001,141,-0.5161800384521484,141,0.7639932632446289,141,0.0
4134,34,41,0.4650000000000001,0.2550000000000001,141,-0.5146108269691467,141,0.04766014963388443,141,0.0
4135,35,41,0.43500000000000005,0.2550000000000001,141,-0.5128077268600464,141,0.0038121824618428946,141,0.0
4136,36,41,0.405,0.2550000000000001,141,-0.5124571919441223,141,0.0,141,0.0
4137,37,41,0.375,0.2550000000000001,141,-0.5123359560966492,141,0.0,141,0.0
4138,38,41,0.345,0.2550000000000001,141,-0.5121063590049744,141,0.004305084235966206,141,0.0
4139,39,41,0.31499999999999995,0.2550000000000001,141,-0.5114246606826782,141,0.010534287430346012,141,0.0
4140,40,41,0.28500000000000014,0.2550000000000001,141,-0.5104203820228577,141,0.020032556727528572,141,0.0
4141,41,41,0.2550000000000001,0.2550000000000001,141,-0.5101168155670166,141,0.024008749052882195,141,0.0
4142,42,41,0.2250000000000001,0.2550000000000001,141,-0.5096202492713928,141,0.017107833176851273,141,0.0
4143,43,41,0.19500000000000006,0.2550000000000001,141,-0.5092388987541199,141,0.01333429105579853,141,0.0
4144,44,41,0.16500000000000004,0.2550000000000001,141,-0.5084669589996338,141,0.022302070632576942,141,0.0
4145,45,41,0.135,0.2550000000000001,141,-0.507918119430542,141,0.02247202768921852,141,0.0
4146,46,41,0.10499999999999998,0.2550000000000001,141,-0.5072161555290222,141,0.018959244713187218,141,0.0
4147,47,41,0.07499999999999996,0.2550000000000001,141,-0.5067700147628784,141,0.014744443818926811,141,0.0
4148,48,41,0.04500000000000015,0.2550000000000001,141,-0.5064955949783325,141,0.010640674270689487,141,0.0
4149,49,41,0.015000000000000124,0.2550000000000001,141,-0.5064826011657715,141,0.008724133484065533,141,0.0
4150,50,41,-0.014999999999999902,0.2550000000000001,141,-0.5064144134521484,141,0.006876389030367136,141,0.0
4151,51,41,-0.04499999999999993,0.2550000000000001,141,-0.5064144134521484,141,0.008724133484065533,141,0.0
4152,52,41,-0.07499999999999996,0.2550000000000001,141,-0.5064226388931274,141,0.016098221763968468,141,0.0
4153,53,41,-0.10499999999999998,0.2550000000000001,141,-0.5069568157196045,141,0.04534323886036873,141,0.0
4154,54,41,-0.135,0.2550000000000001,141,-0.5086861252784729,141,0.04647672176361084,141,0.0
4155,55,41,-0.16500000000000004,0.2550000000000001,141,-0.509702742099762,141,0.03675636276602745,141,0.0
4156,56,41,-0.19499999999999984,0.2550000000000001,141,-0.510254979133606,141,0.03308554366230965,141,0.0
4157,57,41,-0.22499999999999987,0.2550000000000001,141,-0.5092263221740723,141,0.03008047677576542,141,0.0
4158,58,41,-0.2549999999999999,0.2550000000000001,141,-0.5085906982421875,141,0.035961467772722244,141,0.0
4159,59,41,-0.2849999999999999,0.2550000000000001,141,-0.5076093077659607,141,0.0476251058280468,141,0.0
4160,60,41,-0.31499999999999995,0.2550000000000001,141,-0.505772590637207,141,0.04592736437916756,141,0.0
4161,61,41,-0.345,0.2550000000000001,141,-0.505232572555542,141,0.01919865608215332,141,0.0
4162,62,41,-0.375,0.2550000000000001,141,-0.5049893260002136,141,0.011945764534175396,141,0.0
4163,63,41,-0.405,0.2550000000000001,141,-0.50449538230896,141,0.00580151891335845,141,0.0
4164,64,41,-0.43499999999999983,0.2550000000000001,141,-0.5043445825576782,141,0.0005046526785008609,141,0.0
4165,65,41,-0.46499999999999986,0.2550000000000001,141,-0.5044135451316833,141,0.0005046526785008609,141,0.0
4166,66,41,-0.4949999999999999,0.2550000000000001,141,-0.50449538230896,141,0.01189257763326168,141,0.0
4167,67,41,-0.5249999999999999,0.2550000000000001,141,-0.505180299282074,141,0.022622015327215195,141,0.0
4168,68,41,-0.5549999999999997,0.2550000000000001,141,-0.5052727460861206,141,0.02905978076159954,141,0.0
4169,69,41,-0.585,0.2550000000000001,141,-0.5040449500083923,141,0.02867448888719082,141,0.0
4170,70,41,-0.6149999999999998,0.2550000000000001,141,-0.5032819509506226,141,0.019368529319763184,141,0.0
4171,71,41,-0.645,0.2550000000000001,141,-0.5029393434524536,141,0.013567971996963024,141,0.0
4172,72,41,-0.6749999999999998,0.2550000000000001,141,-0.5027089715003967,141,0.003872315166518092,141,0.0
4173,73,41,-0.7050000000000001,0.2550000000000001,141,-0.5025838613510132,141,0.0,141,0.0
4174,74,41,-0.7349999999999999,0.2550000000000001,141,-0.5020185112953186,141,0.0023106734734028578,141,0.0
4175,75,41,-0.7650000000000001,0.2550000000000001,141,-0.5019463300704956,141,0.0,141,0.0
4176,76,41,-0.7949999999999999,0.2550000000000001,141,-0.5017448663711548,141,0.001655022264458239,141,0.0
4177,77,41,-0.8249999999999997,0.2550000000000001,141,-0.5017448663711548,141,0.002793863881379366,141,0.0
4178,78,41,-0.855,0.2550000000000001,141,-0.5018050670623779,141,0.0027110178489238024,141,0.0
4179,79,41,-0.8849999999999998,0.2550000000000001,141,-0.5022212862968445,141,0.0034868717193603516,141,0.0
4180,80,41,-0.915,0.2550000000000001,141,-0.5023269057273865,141,0.0,141,0.0
4181,81,41,-0.9449999999999998,0.2550000000000001,141,-0.5023269057273865,141,0.0,141,0.0
4182,82,41,-0.9750000000000001,0.2550000000000001,141,-0.5025045275688171,141,0.006493926048278809,141,0.0
4183,83,41,-1.005,0.2550000000000001,141,-0.5027604699134827,141,0.025020042434334755,141,0.0
4184,84,41,-1.0349999999999997,0.2550000000000001,141,-0.5040850043296814,141,0.04360518231987953,141,0.0
4185,85,41,-1.065,0.2550000000000001,141,-0.5055897831916809,141,0.028787055984139442,141,0.0
4186,86,41,-1.0949999999999998,0.2550000000000001,49,-0.5064185857772827,141,0.0,141,0.02199999988079071
4187,87,41,-1.125,0.2550000000000001,0,nan,141,0.0,141,0.02199999988079071
4188,88,41,-1.1549999999999998,0.2550000000000001,0,nan,141,0.0,141,0.02199999988079071
4189,89,41,-1.185,0.2550000000000001,0,nan,141,0.0,141,0.02199999988079071
4190,90,41,-1.2149999999999999,0.2550000000000001,0,nan,141,0.0,141,0.02199999988079071
4191,91,41,-1.245,0.2550000000000001,0,nan,141,0.0,141,0.02199999988079071
4192,92,41,-1.275,0.2550000000000001,0,nan,141,0.0,141,0.02199999988079071
4193,93,41,-1.3049999999999997,0.2550000000000001,0,nan,141,0.0,141,0.02199999988079071
4194,94,41,-1.335,0.2550000000000001,0,nan,141,0.0,141,0.02199999988079071
4195,95,41,-1.3649999999999998,0.2550000000000001,0,nan,141,0.0,141,0.02199999988079071
4196,96,41,-1.395,0.2550000000000001,0,nan,141,0.0,141,0.02199999988079071
4197,97,41,-1.4249999999999998,0.2550000000000001,0,nan,141,0.0,141,0.0
4198,98,41,-1.455,0.2550000000000001,0,nan,141,0.0,141,0.0
4199,99,41,-1.4849999999999999,0.2550000000000001,0,nan,141,0.0,141,0.0
4200,0,42,1.485,0.2250000000000001,0,nan,141,0.0,141,0.0
4201,1,42,1.455,0.2250000000000001,0,nan,141,0.0,141,0.0
4202,2,42,1.425,0.2250000000000001,0,nan,141,0.0,141,0.0
4203,3,42,1.395,0.2250000000000001,0,nan,141,0.0,141,0.02199999988079071
4204,4,42,1.365,0.2250000000000001,0,nan,141,0.0,141,0.02199999988079071
4205,5,42,1.335,0.2250000000000001,0,nan,141,0.0,141,0.02199999988079071
4206,6,42,1.305,0.2250000000000001,0,nan,141,0.0,141,0.02199999988079071
4207,7,42,1.275,0.2250000000000001,0,nan,141,0.0,141,0.02199999988079071
4208,8,42,1.245,0.2250000000000001,0,nan,141,0.0,141,0.02199999988079071
4209,9,42,1.215,0.2250000000000001,0,nan,141,0.0,141,0.02199999988079071
4210,10,42,1.185,0.2250000000000001,127,-0.7957927584648132,141,0.0,141,0.0
4211,11,42,1.155,0.2250000000000001,134,-0.7956776022911072,141,0.0,141,0.0
4212,12,42,1.125,0.2250000000000001,134,-0.7956776022911072,141,0.0,141,0.0
4213,13,42,1.095,0.2250000000000001,141,-0.7953515648841858,141,0.13259442150592804,141,0.0
4214,14,42,1.065,0.2250000000000001,141,-0.7853862047195435,141,0.2714703381061554,141,0.0
4215,15,42,1.0350000000000001,0.2250000000000001,141,-0.7764024138450623,141,0.2863565981388092,141,0.0
4216,16,42,1.005,0.2250000000000001,141,-0.7660987973213196,141,0.33861860632896423,141,0.0
4217,17,42,0.975,0.2250000000000001,141,-0.7542262673377991,141,0.3428449332714081,141,0.0
4218,18,42,0.9450000000000001,0.2250000000000001,141,-0.743969202041626,141,0.34752893447875977,141,0.0
4219,19,42,0.915,0.2250000000000001,141,-0.7338489294052124,141,0.3976489305496216,141,0.0
4220,20,42,0.885,0.2250000000000001,141,-0.7207409143447876,141,0.44696828722953796,141,0.0
4221,21,42,0.855,0.2250000000000001,141,-0.7040243744850159,141,0.43331286311149597,141,0.0
4222,22,42,0.8250000000000001,0.2250000000000001,141,-0.6926800012588501,141,0.3466395139694214,141,0.0
4223,23,42,0.795,0.2250000000000001,141,-0.6821273565292358,141,0.3710312247276306,141,0.0
4224,24,42,0.765,0.2250000000000001,141,-0.6705043315887451,141,0.40712279081344604,141,0.0
4225,25,42,0.735,0.2250000000000001,141,-0.6576234698295593,141,0.40651410818099976,141,0.0
4226,26,42,0.7050000000000001,0.2250000000000001,141,-0.6455734968185425,141,0.43218135833740234,141,0.0
4227,27,42,0.675,0.2250000000000001,141,-0.631505012512207,141,0.43112635612487793,141,0.0
4228,28,42,0.645,0.2250000000000001,141,-0.6197348833084106,141,0.4290858805179596,141,0.0
4229,29,42,0.615,0.2250000000000001,141,-0.6063504219055176,141,0.43786370754241943,141,0.0
4230,30,42,0.5850000000000001,0.2250000000000001,141,-0.5946630239486694,141,0.444961816072464,141,0.0
4231,31,42,0.555,0.2250000000000001,141,-0.580032229423523,141,0.46755480766296387,141,0.0
4232,32,42,0.525,0.2250000000000001,141,-0.5670231580734253,141,0.9317470192909241,141,0.10000000149011612
4233,33,42,0.4950000000000001,0.2250000000000001,141,-0.5163888335227966,141,0.9533522725105286,141,0.10000000149011612
4234,34,42,0.4650000000000001,0.2250000000000001,141,-0.5147059559822083,141,0.289739191532135,141,0.0
4235,35,42,0.43500000000000005,0.2250000000000001,141,-0.5131322741508484,141,0.018906760960817337,141,0.0
4236,36,42,0.405,0.2250000000000001,141,-0.5128203630447388,141,0.0,141,0.0
4237,37,42,0.375,0.2250000000000001,141,-0.5124999284744263,141,0.0,141,0.0
4238,38,42,0.345,0.2250000000000001,141,-0.5124571919441223,141,0.007720788475126028,141,0.0
4239,39,42,0.31499999999999995,0.2250000000000001,141,-0.5121063590049744,141,0.012357036583125591,141,0.0
4240,40,42,0.28500000000000014,0.2250000000000001,141,-0.5111811757087708,141,0.028787055984139442,141,0.0
4241,41,42,0.2550000000000001,0.2250000000000001,141,-0.5103839039802551,141,0.0351150818169117,141,0.0
4242,42,42,0.2250000000000001,0.2250000000000001,141,-0.5096732378005981,141,0.029941968619823456,141,0.0
4243,43,42,0.19500000000000006,0.2250000000000001,141,-0.5093497037887573,141,0.019854506477713585,141,0.0
4244,44,42,0.16500000000000004,0.2250000000000001,141,-0.5086019039154053,141,0.022739171981811523,141,0.0
4245,45,42,0.135,0.2250000000000001,141,-0.5076602101325989,141,0.02427922748029232,141,0.0
4246,46,42,0.10499999999999998,0.2250000000000001,141,-0.5067787766456604,141,0.018702944740653038,141,0.0
4247,47,42,0.07499999999999996,0.2250000000000001,141,-0.5065329670906067,141,0.008165891282260418,141,0.0
4248,48,42,0.04500000000000015,0.2250000000000001,141,-0.5062756538391113,141,0.0020444393157958984,141,0.0
4249,49,42,0.015000000000000124,0.2250000000000001,141,-0.5061945915222168,141,0.0,141,0.0
4250,50,42,-0.014999999999999902,0.2250000000000001,141,-0.5061086416244507,141,0.0,141,0.0
4251,51,42,-0.04499999999999993,0.2250000000000001,141,-0.5061086416244507,141,0.0,141,0.0
4252,52,42,-0.07499999999999996,0.2250000000000001,141,-0.5061114430427551,141,0.011197726242244244,141,0.0
4253,53,42,-0.10499999999999998,0.2250000000000001,141,-0.5066083073616028,141,0.04415244609117508,141,0.0
4254,54,42,-0.135,0.2250000000000001,141,-0.5086861252784729,141,0.04647672176361084,141,0.0
4255,55,42,-0.16500000000000004,0.2250000000000001,141,-0.5095588564872742,141,0.036408502608537674,141,0.0
4256,56,42,-0.19499999999999984,0.2250000000000001,141,-0.510254979133606,141,0.03387331962585449,141,0.0
4257,57,42,-0.22499999999999987,0.2250000000000001,141,-0.5091063976287842,141,0.033687788993120193,141,0.0
4258,58,42,-0.2549999999999999,0.2250000000000001,141,-0.5086861252784729,141,0.03947844356298447,141,0.0
4259,59,42,-0.2849999999999999,0.2250000000000001,141,-0.5074296593666077,141,0.0477633997797966,141,0.0
4260,60,42,-0.31499999999999995,0.2250000000000001,141,-0.5055798888206482,141,0.039043959230184555,141,0.0
4261,61,42,-0.345,0.2250000000000001,141,-0.5049794912338257,141,0.01678168773651123,141,0.0
4262,62,42,-0.375,0.2250000000000001,141,-0.5047687292098999,141,0.003420041175559163,141,0.0
4263,63,42,-0.405,0.2250000000000001,141,-0.5044135451316833,141,0.004423657897859812,141,0.0
4264,64,42,-0.43499999999999983,0.2250000000000001,141,-0.5040825605392456,141,0.0013170490274205804,141,0.0
4265,65,42,-0.46499999999999986,0.2250000000000001,141,-0.5040600895881653,141,0.0,141,0.0
4266,66,42,-0.4949999999999999,0.2250000000000001,141,-0.5044135451316833,141,0.011739134788513184,141,0.0
4267,67,42,-0.5249999999999999,0.2250000000000001,141,-0.5050589442253113,141,0.024362212046980858,141,0.0
4268,68,42,-0.5549999999999997,0.2250000000000001,141,-0.5052727460861206,141,0.02829829789698124,141,0.0
4269,69,42,-0.585,0.2250000000000001,141,-0.5042608380317688,141,0.02829829789698124,141,0.0
4270,70,42,-0.6149999999999998,0.2250000000000001,141,-0.5035341382026672,141,0.01753767393529415,141,0.0
4271,71,42,-0.645,0.2250000000000001,141,-0.5030605792999268,141,0.013746817596256733,141,0.0
4272,72,42,-0.6749999999999998,0.2250000000000001,141,-0.5027492642402649,141,0.0006074706907384098,141,0.0
4273,73,42,-0.7050000000000001,0.2250000000000001,141,-0.5026074051856995,141,0.0,141,0.0
4274,74,42,-0.7349999999999999,0.2250000000000001,141,-0.5019463300704956,141,0.0,141,0.0
4275,75,42,-0.7650000000000001,0.2250000000000001,141,-0.5016916990280151,141,0.0,141,0.0
4276,76,42,-0.7949999999999999,0.2250000000000001,141,-0.5016211271286011,141,0.0,141,0.0
4277,77,42,-0.8249999999999997,0.2250000000000001,141,-0.5016398429870605,141,0.0,141,0.0
4278,78,42,-0.855,0.2250000000000001,141,-0.5015189051628113,141,0.00012814998626708984,141,0.0
4279,79,42,-0.8849999999999998,0.2250000000000001,141,-0.5017448663711548,141,0.0,141,0.0
4280,80,42,-0.915,0.2250000000000001,141,-0.50177401304245,141,0.0,141,0.0
4281,81,42,-0.9449999999999998,0.2250000000000001,141,-0.5020148158073425,141,0.0,141,0.0
4282,82,42,-0.9750000000000001,0.2250000000000001,141,-0.5024746656417847,141,0.014467081055045128,141,0.0
4283,83,42,-1.005,0.2250000000000001,141,-0.5027638673782349,141,0.03571212291717529,141,0.0
4284,84,42,-1.0349999999999997,0.2250000000000001,141,-0.5041014552116394,141,0.04940333962440491,141,0.0
4285,85,42,-1.065,0.2250000000000001,141,-0.5055897831916809,141,0.027333514764904976,141,0.0
4286,86,42,-1.0949999999999998,0.2250000000000001,49,-0.5064185857772827,141,0.0,141,0.02199999988079071
4287,87,42,-1.125,0.2250000000000001,0,nan,141,0.0,141,0.02199999988079071
4288,88,42,-1.1549999999999998,0.2250000000000001,0,nan,141,0.0,141,0.02199999988079071
4289,89,42,-1.185,0.2250000000000001,0,nan,141,0.0,141,0.02199999988079071
4290,90,42,-1.2149999999999999,0.2250000000000001,0,nan,141,0.0,141,0.02199999988079071
4291,91,42,-1.245,0.2250000000000001,0,nan,141,0.0,141,0.02199999988079071
4292,92,42,-1.275,0.2250000000000001,0,nan,141,0.0,141,0.02199999988079071
4293,93,42,-1.3049999999999997,0.2250000000000001,0,nan,141,0.0,141,0.02199999988079071
4294,94,42,-1.335,0.2250000000000001,0,nan,141,0.0,141,0.02199999988079071
4295,95,42,-1.3649999999999998,0.2250000000000001,0,nan,141,0.0,141,0.02199999988079071
4296,96,42,-1.395,0.2250000000000001,0,nan,141,0.0,141,0.02199999988079071
4297,97,42,-1.4249999999999998,0.2250000000000001,0,nan,141,0.0,141,0.0
4298,98,42,-1.455,0.2250000000000001,0,nan,141,0.0,141,0.0
4299,99,42,-1.4849999999999999,0.2250000000000001,0,nan,141,0.0,141,0.0
4300,0,43,1.485,0.19500000000000006,0,nan,141,0.0,141,0.0
4301,1,43,1.455,0.19500000000000006,0,nan,141,0.0,141,0.0
4302,2,43,1.425,0.19500000000000006,0,nan,141,0.0,141,0.0
4303,3,43,1.395,0.19500000000000006,0,nan,141,0.0,141,0.02199999988079071
4304,4,43,1.365,0.19500000000000006,0,nan,141,0.0,141,0.02199999988079071
4305,5,43,1.335,0.19500000000000006,0,nan,141,0.0,141,0.02199999988079071
4306,6,43,1.305,0.19500000000000006,0,nan,141,0.0,141,0.02199999988079071
4307,7,43,1.275,0.19500000000000006,0,nan,141,0.0,141,0.02199999988079071
4308,8,43,1.245,0.19500000000000006,0,nan,141,0.0,141,0.02199999988079071
4309,9,43,1.215,0.19500000000000006,0,nan,141,0.0,141,0.02199999988079071
4310,10,43,1.185,0.19500000000000006,127,-0.7951278686523438,141,0.0,141,0.0
4311,11,43,1.155,0.19500000000000006,134,-0.79485222697258,141,0.0,141,0.0
4312,12,43,1.125,0.19500000000000006,134,-0.79485222697258,141,0.0,141,0.0
4313,13,43,1.095,0.19500000000000006,141,-0.7946743369102478,141,0.12596845626831055,141,0.0
4314,14,43,1.065,0.19500000000000006,141,-0.7843608260154724,141,0.26825979351997375,141,0.0
4315,15,43,1.0350000000000001,0.19500000000000006,141,-0.7755390405654907,141,0.26949721574783325,141,0.0
4316,16,43,1.005,0.19500000000000006,141,-0.7658763527870178,141,0.3411370515823364,141,0.0
4317,17,43,0.975,0.19500000000000006,141,-0.7536140084266663,141,0.34297093749046326,141,0.0
4318,18,43,0.9450000000000001,0.19500000000000006,141,-0.7433264851570129,141,0.3550598919391632,141,0.0
4319,19,43,0.915,0.19500000000000006,141,-0.7331464886665344,141,0.40292274951934814,141,0.0
4320,20,43,0.885,0.19500000000000006,141,-0.7187036871910095,141,0.45330607891082764,141,0.0
4321,21,43,0.855,0.19500000000000006,141,-0.7037070989608765,141,0.41123154759407043,141,0.0
4322,22,43,0.8250000000000001,0.19500000000000006,141,-0.6926431655883789,141,0.3393828868865967,141,0.0
4323,23,43,0.795,0.19500000000000006,141,-0.6820220351219177,141,0.3651878535747528,141,0.0
4324,24,43,0.765,0.19500000000000006,141,-0.6704850196838379,141,0.4075159728527069,141,0.0
4325,25,43,0.735,0.19500000000000006,141,-0.6573429703712463,141,0.41854581236839294,141,0.0
4326,26,43,0.7050000000000001,0.19500000000000006,141,-0.6455734968185425,141,0.44587352871894836,141,0.0
4327,27,43,0.675,0.19500000000000006,141,-0.631505012512207,141,0.43112635612487793,141,0.0
4328,28,43,0.645,0.19500000000000006,141,-0.6195122599601746,141,0.4214356243610382,141,0.0
4329,29,43,0.615,0.19500000000000006,141,-0.6064091920852661,141,0.43470484018325806,141,0.0
4330,30,43,0.5850000000000001,0.19500000000000006,141,-0.5948171615600586,141,0.4339238107204437,141,0.0
4331,31,43,0.555,0.19500000000000006,141,-0.5808843970298767,141,0.4437323212623596,141,0.0
4332,32,43,0.525,0.19500000000000006,141,-0.5681712031364441,141,0.613150417804718,141,0.0
4333,33,43,0.4950000000000001,0.19500000000000006,140,-0.554278165102005,141,0.961018979549408,141,0.10000000149011612
4334,34,43,0.4650000000000001,0.19500000000000006,141,-0.5156503915786743,141,0.5987077951431274,141,0.0
4335,35,43,0.43500000000000005,0.19500000000000006,141,-0.5137764811515808,141,0.03811963275074959,141,0.0
4336,36,43,0.405,0.19500000000000006,141,-0.5135791897773743,141,0.0,141,0.0
4337,37,43,0.375,0.19500000000000006,141,-0.5132015347480774,141,0.004202127456665039,141,0.0
4338,38,43,0.345,0.19500000000000006,141,-0.5131322741508484,141,0.014061826281249523,141,0.0
4339,39,43,0.31499999999999995,0.19500000000000006,141,-0.5129354596138,141,0.026679731905460358,141,0.0
4340,40,43,0.28500000000000014,0.19500000000000006,141,-0.5122618079185486,141,0.040211278945207596,141,0.0
4341,41,43,0.2550000000000001,0.19500000000000006,141,-0.5109558701515198,141,0.041160982102155685,141,0.0
4342,42,43,0.2250000000000001,0.19500000000000006,141,-0.5099413394927979,141,0.03446575626730919,141,0.0
4343,43,43,0.19500000000000006,0.19500000000000006,141,-0.509310245513916,141,0.0227213054895401,141,0.0
4344,44,43,0.16500000000000004,0.19500000000000006,141,-0.5085893273353577,141,0.022919973358511925,141,0.0
4345,45,43,0.135,0.19500000000000006,141,-0.5076602101325989,141,0.02755708061158657,141,0.0
4346,46,43,0.10499999999999998,0.19500000000000006,141,-0.5067505836486816,141,0.014334917068481445,141,0.0
4347,47,43,0.07499999999999996,0.19500000000000006,141,-0.5064495205879211,141,0.0021268923301249743,141,0.0
4348,48,43,0.04500000000000015,0.19500000000000006,141,-0.5061945915222168,141,0.0,141,0.0
4349,49,43,0.015000000000000124,0.19500000000000006,141,-0.5060321688652039,141,0.0,141,0.0
4350,50,43,-0.014999999999999902,0.19500000000000006,141,-0.5060014724731445,141,0.0,141,0.0
4351,51,43,-0.04499999999999993,0.19500000000000006,141,-0.5060014724731445,141,0.0,141,0.0
4352,52,43,-0.07499999999999996,0.19500000000000006,141,-0.5060103535652161,141,0.005774696823209524,141,0.0
4353,53,43,-0.10499999999999998,0.19500000000000006,141,-0.5063675045967102,141,0.049177806824445724,141,0.0
4354,54,43,-0.135,0.19500000000000006,141,-0.5083773136138916,141,0.05060618370771408,141,0.0
4355,55,43,-0.16500000000000004,0.19500000000000006,141,-0.5093211531639099,141,0.043511390686035156,141,0.0
4356,56,43,-0.19499999999999984,0.19500000000000006,141,-0.5100664496421814,141,0.039122503250837326,141,0.0
4357,57,43,-0.22499999999999987,0.19500000000000006,141,-0.5090052485466003,141,0.034916266798973083,141,0.0
4358,58,43,-0.2549999999999999,0.19500000000000006,141,-0.5086703896522522,141,0.040447309613227844,141,0.0
4359,59,43,-0.2849999999999999,0.19500000000000006,141,-0.507276177406311,141,0.0502639040350914,141,0.0
4360,60,43,-0.31499999999999995,0.19500000000000006,141,-0.5052986145019531,141,0.04559655860066414,141,0.0
4361,61,43,-0.345,0.19500000000000006,141,-0.5044135451316833,141,0.015674903988838196,141,0.0
4362,62,43,-0.375,0.19500000000000006,141,-0.5043441653251648,141,0.0007649262552149594,141,0.0
4363,63,43,-0.405,0.19500000000000006,141,-0.5041922330856323,141,0.007751584053039551,141,0.0
4364,64,43,-0.43499999999999983,0.19500000000000006,141,-0.5034869909286499,141,0.0053336224518716335,141,0.0
4365,65,43,-0.46499999999999986,0.19500000000000006,141,-0.5035341382026672,141,0.006056328769773245,141,0.0
4366,66,43,-0.4949999999999999,0.19500000000000006,141,-0.503851592540741,141,0.016757845878601074,141,0.0
4367,67,43,-0.5249999999999999,0.19500000000000006,141,-0.5045191049575806,141,0.02849400043487549,141,0.0
4368,68,43,-0.5549999999999997,0.19500000000000006,141,-0.5051488280296326,141,0.031883519142866135,141,0.0
4369,69,43,-0.585,0.19500000000000006,141,-0.5041651129722595,141,0.029576817527413368,141,0.0
4370,70,43,-0.6149999999999998,0.19500000000000006,141,-0.5035653710365295,141,0.020029958337545395,141,0.0
4371,71,43,-0.645,0.19500000000000006,141,-0.5032284259796143,141,0.01946389675140381,141,0.0
4372,72,43,-0.6749999999999998,0.19500000000000006,141,-0.5030888915061951,141,0.010169546119868755,141,0.0
4373,73,43,-0.7050000000000001,0.19500000000000006,141,-0.5026547908782959,141,0.005933145526796579,141,0.0
4374,74,43,-0.7349999999999999,0.19500000000000006,141,-0.5020372271537781,141,0.005933145526796579,141,0.0
4375,75,43,-0.7650000000000001,0.19500000000000006,141,-0.5017414093017578,141,0.004033247474581003,141,0.0
4376,76,43,-0.7949999999999999,0.19500000000000006,141,-0.5016754269599915,141,0.0,141,0.0
4377,77,43,-0.8249999999999997,0.19500000000000006,141,-0.5017448663711548,141,0.0,141,0.0
4378,78,43,-0.855,0.19500000000000006,141,-0.5018050670623779,141,0.0,141,0.0
4379,79,43,-0.8849999999999998,0.19500000000000006,141,-0.5020372271537781,141,0.0,141,0.0
4380,80,43,-0.915,0.19500000000000006,141,-0.5022286772727966,141,0.0,141,0.0
4381,81,43,-0.9449999999999998,0.19500000000000006,141,-0.5023269057273865,141,0.0,141,0.0
4382,82,43,-0.9750000000000001,0.19500000000000006,141,-0.5025182366371155,141,0.021211305633187294,141,0.0
4383,83,43,-1.005,0.19500000000000006,141,-0.5035868287086487,141,0.03915031626820564,141,0.0
4384,84,43,-1.0349999999999997,0.19500000000000006,141,-0.5046805143356323,141,0.04753867909312248,141,0.0
4385,85,43,-1.065,0.19500000000000006,141,-0.5063068866729736,141,0.02584243379533291,141,0.0
4386,86,43,-1.0949999999999998,0.19500000000000006,49,-0.5070647597312927,141,0.0,141,0.02199999988079071
4387,87,43,-1.125,0.19500000000000006,0,nan,141,0.0,141,0.02199999988079071
4388,88,43,-1.1549999999999998,0.19500000000000006,0,nan,141,0.0,141,0.02199999988079071
4389,89,43,-1.185,0.19500000000000006,0,nan,141,0.0,141,0.02199999988079071
4390,90,43,-1.2149999999999999,0.19500000000000006,0,nan,141,0.0,141,0.02199999988079071
4391,91,43,-1.245,0.19500000000000006,0,nan,141,0.0,141,0.02199999988079071
4392,92,43,-1.275,0.19500000000000006,0,nan,141,0.0,141,0.02199999988079071
4393,93,43,-1.3049999999999997,0.19500000000000006,0,nan,141,0.0,141,0.02199999988079071
4394,94,43,-1.335,0.19500000000000006,0,nan,141,0.0,141,0.02199999988079071
4395,95,43,-1.3649999999999998,0.19500000000000006,0,nan,141,0.0,141,0.02199999988079071
4396,96,43,-1.395,0.19500000000000006,0,nan,141,0.0,141,0.02199999988079071
4397,97,43,-1.4249999999999998,0.19500000000000006,0,nan,141,0.0,141,0.0
4398,98,43,-1.455,0.19500000000000006,0,nan,141,0.0,141,0.0
4399,99,43,-1.4849999999999999,0.19500000000000006,0,nan,141,0.0,141,0.0
4400,0,44,1.485,0.16500000000000004,0,nan,141,0.0,141,0.0
4401,1,44,1.455,0.16500000000000004,0,nan,141,0.0,141,0.0
4402,2,44,1.425,0.16500000000000004,0,nan,141,0.0,141,0.0
4403,3,44,1.395,0.16500000000000004,0,nan,141,0.0,141,0.02199999988079071
4404,4,44,1.365,0.16500000000000004,0,nan,141,0.0,141,0.02199999988079071
4405,5,44,1.335,0.16500000000000004,0,nan,141,0.0,141,0.02199999988079071
4406,6,44,1.305,0.16500000000000004,0,nan,141,0.0,141,0.02199999988079071
4407,7,44,1.275,0.16500000000000004,0,nan,141,0.0,141,0.02199999988079071
4408,8,44,1.245,0.16500000000000004,0,nan,141,0.0,141,0.02199999988079071
4409,9,44,1.215,0.16500000000000004,0,nan,141,0.0,141,0.02199999988079071
4410,10,44,1.185,0.16500000000000004,127,-0.7948564887046814,141,0.0,141,0.0
4411,11,44,1.155,0.16500000000000004,134,-0.7945069670677185,141,0.0,141,0.0
4412,12,44,1.125,0.16500000000000004,134,-0.7945069670677185,141,0.0,141,0.0
4413,13,44,1.095,0.16500000000000004,141,-0.7941846251487732,141,0.12596845626831055,141,0.0
4414,14,44,1.065,0.16500000000000004,141,-0.7840545773506165,141,0.2681851387023926,141,0.0
4415,15,44,1.0350000000000001,0.16500000000000004,141,-0.7749780416488647,141,0.25236016511917114,141,0.0
4416,16,44,1.005,0.16500000000000004,141,-0.7664908170700073,141,0.3346264362335205,141,0.0
4417,17,44,0.975,0.16500000000000004,141,-0.7536140084266663,141,0.34051957726478577,141,0.0
4418,18,44,0.9450000000000001,0.16500000000000004,141,-0.7425245642662048,141,0.36997172236442566,141,0.0
4419,19,44,0.915,0.16500000000000004,141,-0.7321487069129944,141,0.4191884398460388,141,0.0
4420,20,44,0.885,0.16500000000000004,141,-0.7165636420249939,141,0.44696828722953796,141,0.0
4421,21,44,0.855,0.16500000000000004,141,-0.7030110359191895,141,0.39035800099372864,141,0.0
4422,22,44,0.8250000000000001,0.16500000000000004,141,-0.6926164031028748,141,0.3416541814804077,141,0.0
4423,23,44,0.795,0.16500000000000004,141,-0.6823215484619141,141,0.3697335720062256,141,0.0
4424,24,44,0.765,0.16500000000000004,141,-0.6705043315887451,141,0.41648250818252563,141,0.0
4425,25,44,0.735,0.16500000000000004,141,-0.6573429703712463,141,0.41648808121681213,141,0.0
4426,26,44,0.7050000000000001,0.16500000000000004,141,-0.6456778645515442,141,0.44825872778892517,141,0.0
4427,27,44,0.675,0.16500000000000004,141,-0.6311305165290833,141,0.43112635612487793,141,0.0
4428,28,44,0.645,0.16500000000000004,141,-0.6196786761283875,141,0.4214356243610382,141,0.0
4429,29,44,0.615,0.16500000000000004,141,-0.6064091920852661,141,0.4309253394603729,141,0.0
4430,30,44,0.5850000000000001,0.16500000000000004,141,-0.5949206352233887,141,0.42902639508247375,141,0.0
4431,31,44,0.555,0.16500000000000004,141,-0.5812439322471619,141,0.433577299118042,141,0.0
4432,32,44,0.525,0.16500000000000004,141,-0.5685886740684509,141,0.43227076530456543,141,0.0
4433,33,44,0.4950000000000001,0.16500000000000004,141,-0.5560510158538818,141,0.841858983039856,141,0.10000000149011612
4434,34,44,0.4650000000000001,0.16500000000000004,141,-0.5157591104507446,141,0.7498025894165039,141,0.0
4435,35,44,0.43500000000000005,0.16500000000000004,141,-0.5135791897773743,141,0.12712980806827545,141,0.0
4436,36,44,0.405,0.16500000000000004,141,-0.5134694576263428,141,0.0,141,0.0
4437,37,44,0.375,0.16500000000000004,141,-0.5134481191635132,141,0.0,141,0.0
4438,38,44,0.345,0.16500000000000004,141,-0.5131430625915527,141,0.005297859665006399,141,0.0
4439,39,44,0.31499999999999995,0.16500000000000004,141,-0.5129354596138,141,0.02359151840209961,141,0.0
4440,40,44,0.28500000000000014,0.16500000000000004,141,-0.5119680166244507,141,0.03352935239672661,141,0.0
4441,41,44,0.2550000000000001,0.16500000000000004,141,-0.5105010271072388,141,0.03610153868794441,141,0.0
4442,42,44,0.2250000000000001,0.16500000000000004,141,-0.5097625255584717,141,0.032983068376779556,141,0.0
4443,43,44,0.19500000000000006,0.16500000000000004,141,-0.5089781880378723,141,0.02239048480987549,141,0.0
4444,44,44,0.16500000000000004,0.16500000000000004,141,-0.508453905582428,141,0.02060602232813835,141,0.0
4445,45,44,0.135,0.16500000000000004,141,-0.5076212882995605,141,0.022919973358511925,141,0.0
4446,46,44,0.10499999999999998,0.16500000000000004,141,-0.506651759147644,141,0.0134757524356246,141,0.0
4447,47,44,0.07499999999999996,0.16500000000000004,141,-0.5063793063163757,141,0.0,141,0.0
4448,48,44,0.04500000000000015,0.16500000000000004,141,-0.5060358047485352,141,0.0,141,0.0
4449,49,44,0.015000000000000124,0.16500000000000004,141,-0.5056543946266174,141,0.0,141,0.0
4450,50,44,-0.014999999999999902,0.16500000000000004,141,-0.5055692791938782,141,0.0,141,0.0
4451,51,44,-0.04499999999999993,0.16500000000000004,141,-0.5055692791938782,141,0.0,141,0.0
4452,52,44,-0.07499999999999996,0.16500000000000004,141,-0.5055902600288391,141,0.002833207370713353,141,0.0
4453,53,44,-0.10499999999999998,0.16500000000000004,141,-0.5061086416244507,141,0.04534323886036873,141,0.0
4454,54,44,-0.135,0.16500000000000004,141,-0.5084466338157654,141,0.04647672176361084,141,0.0
4455,55,44,-0.16500000000000004,0.16500000000000004,141,-0.5090062022209167,141,0.04477107524871826,141,0.0
4456,56,44,-0.19499999999999984,0.16500000000000004,141,-0.5099247694015503,141,0.04158218577504158,141,0.0
4457,57,44,-0.22499999999999987,0.16500000000000004,141,-0.5088270902633667,141,0.05269859358668327,141,0.0
4458,58,44,-0.2549999999999999,0.16500000000000004,141,-0.5085906982421875,141,0.0526965968310833,141,0.0
4459,59,44,-0.2849999999999999,0.16500000000000004,141,-0.5071367621421814,141,0.06773003935813904,141,0.0
4460,60,44,-0.31499999999999995,0.16500000000000004,141,-0.50449538230896,141,0.05107174441218376,141,0.0
4461,61,44,-0.345,0.16500000000000004,141,-0.5039011836051941,141,0.0203996654599905,141,0.0
4462,62,44,-0.375,0.16500000000000004,141,-0.5039635896682739,141,0.0007649262552149594,141,0.0
4463,63,44,-0.405,0.16500000000000004,141,-0.5038252472877502,141,0.0075817108154296875,141,0.0
4464,64,44,-0.43499999999999983,0.16500000000000004,141,-0.5029174089431763,141,0.004956407938152552,141,0.0
4465,65,44,-0.46499999999999986,0.16500000000000004,141,-0.5030907988548279,141,0.0011543432483449578,141,0.0
4466,66,44,-0.4949999999999999,0.16500000000000004,141,-0.5033918023109436,141,0.014643867500126362,141,0.0
4467,67,44,-0.5249999999999999,0.16500000000000004,141,-0.5041243433952332,141,0.02680312469601631,141,0.0
4468,68,44,-0.5549999999999997,0.16500000000000004,141,-0.5052487254142761,141,0.02830425836145878,141,0.0
4469,69,44,-0.585,0.16500000000000004,141,-0.5043788552284241,141,0.026231011375784874,141,0.0
4470,70,44,-0.6149999999999998,0.16500000000000004,141,-0.5038517117500305,141,0.023380903527140617,141,0.0
4471,71,44,-0.645,0.16500000000000004,141,-0.503585696220398,141,0.02726077474653721,141,0.0
4472,72,44,-0.6749999999999998,0.16500000000000004,141,-0.5034900903701782,141,0.02184765785932541,141,0.0
4473,73,44,-0.7050000000000001,0.16500000000000004,141,-0.5031158924102783,141,0.026714801788330078,141,0.0
4474,74,44,-0.7349999999999999,0.16500000000000004,141,-0.5027278065681458,141,0.026480620726943016,141,0.0
4475,75,44,-0.7650000000000001,0.16500000000000004,141,-0.5021672248840332,141,0.021834585815668106,141,0.0
4476,76,44,-0.7949999999999999,0.16500000000000004,141,-0.5020365118980408,141,0.012514988891780376,141,0.0
4477,77,44,-0.8249999999999997,0.16500000000000004,141,-0.5020365118980408,141,0.008595374412834644,141,0.0
4478,78,44,-0.855,0.16500000000000004,141,-0.5020372271537781,141,0.002850095508620143,141,0.0
4479,79,44,-0.8849999999999998,0.16500000000000004,141,-0.5022231936454773,141,0.0,141,0.0
4480,80,44,-0.915,0.16500000000000004,141,-0.5022286772727966,141,0.0,141,0.0
4481,81,44,-0.9449999999999998,0.16500000000000004,141,-0.5022286772727966,141,0.0,141,0.0
4482,82,44,-0.9750000000000001,0.16500000000000004,141,-0.5025838613510132,141,0.028232911601662636,141,0.0
4483,83,44,-1.005,0.16500000000000004,141,-0.5035868287086487,141,0.037878427654504776,141,0.0
4484,84,44,-1.0349999999999997,0.16500000000000004,141,-0.5046805143356323,141,0.03316700458526611,141,0.0
4485,85,44,-1.065,0.16500000000000004,141,-0.5063068866729736,141,0.010434786789119244,141,0.0
4486,86,44,-1.0949999999999998,0.16500000000000004,49,-0.5070647597312927,141,0.0,141,0.02199999988079071
4487,87,44,-1.125,0.16500000000000004,0,nan,141,0.0,141,0.02199999988079071
4488,88,44,-1.1549999999999998,0.16500000000000004,0,nan,141,0.0,141,0.02199999988079071
4489,89,44,-1.185,0.16500000000000004,0,nan,141,0.0,141,0.02199999988079071
4490,90,44,-1.2149999999999999,0.16500000000000004,0,nan,141,0.0,141,0.02199999988079071
4491,91,44,-1.245,0.16500000000000004,0,nan,141,0.0,141,0.02199999988079071
4492,92,44,-1.275,0.16500000000000004,0,nan,141,0.0,141,0.02199999988079071
4493,93,44,-1.3049999999999997,0.16500000000000004,0,nan,141,0.0,141,0.02199999988079071
4494,94,44,-1.335,0.16500000000000004,0,nan,141,0.0,141,0.02199999988079071
4495,95,44,-1.3649999999999998,0.16500000000000004,0,nan,141,0.0,141,0.02199999988079071
4496,96,44,-1.395,0.16500000000000004,0,nan,141,0.0,141,0.02199999988079071
4497,97,44,-1.4249999999999998,0.16500000000000004,0,nan,141,0.0,141,0.0
4498,98,44,-1.455,0.16500000000000004,0,nan,141,0.0,141,0.0
4499,99,44,-1.4849999999999999,0.16500000000000004,0,nan,141,0.0,141,0.0
4500,0,45,1.485,0.135,0,nan,141,0.0,141,0.0
4501,1,45,1.455,0.135,0,nan,141,0.0,141,0.0
4502,2,45,1.425,0.135,0,nan,141,0.0,141,0.0
4503,3,45,1.395,0.135,0,nan,141,0.0,141,0.02199999988079071
4504,4,45,1.365,0.135,0,nan,141,0.0,141,0.02199999988079071
4505,5,45,1.335,0.135,0,nan,141,0.0,141,0.02199999988079071
4506,6,45,1.305,0.135,0,nan,141,0.0,141,0.02199999988079071
4507,7,45,1.275,0.135,0,nan,141,0.0,141,0.02199999988079071
4508,8,45,1.245,0.135,0,nan,141,0.0,141,0.02199999988079071
4509,9,45,1.215,0.135,0,nan,141,0.0,141,0.02199999988079071
4510,10,45,1.185,0.135,127,-0.7949163317680359,141,0.0,141,0.0
4511,11,45,1.155,0.135,134,-0.7945477068424225,141,0.0,141,0.0
4512,12,45,1.125,0.135,134,-0.7945477068424225,141,0.0,141,0.0
4513,13,45,1.095,0.135,141,-0.7941846251487732,141,0.13367633521556854,141,0.0
4514,14,45,1.065,0.135,141,-0.7839778661727905,141,0.25818249583244324,141,0.0
4515,15,45,1.0350000000000001,0.135,141,-0.7750430703163147,141,0.24559497833251953,141,0.0
4516,16,45,1.005,0.135,141,-0.7664908170700073,141,0.3231152296066284,141,0.0
4517,17,45,0.975,0.135,141,-0.7536140084266663,141,0.3580062985420227,141,0.0
4518,18,45,0.9450000000000001,0.135,141,-0.7423302531242371,141,0.3854183554649353,141,0.0
4519,19,45,0.915,0.135,141,-0.7302340269088745,141,0.4259943962097168,141,0.0
4520,20,45,0.885,0.135,141,-0.7165636420249939,141,0.4438762962818146,141,0.0
4521,21,45,0.855,0.135,141,-0.7030407190322876,141,0.3725304901599884,141,0.0
4522,22,45,0.8250000000000001,0.135,141,-0.6926229000091553,141,0.3391096889972687,141,0.0
4523,23,45,0.795,0.135,141,-0.6823215484619141,141,0.3623276948928833,141,0.0
4524,24,45,0.765,0.135,141,-0.6706975102424622,141,0.4264543354511261,141,0.0
4525,25,45,0.735,0.135,141,-0.657579243183136,141,0.41854581236839294,141,0.0
4526,26,45,0.7050000000000001,0.135,141,-0.6456778645515442,141,0.4439689517021179,141,0.0
4527,27,45,0.675,0.135,141,-0.6316182017326355,141,0.43195486068725586,141,0.0
4528,28,45,0.645,0.135,141,-0.6200830340385437,141,0.42080578207969666,141,0.0
4529,29,45,0.615,0.135,141,-0.6064091920852661,141,0.4285424053668976,141,0.0
4530,30,45,0.5850000000000001,0.135,141,-0.5948171615600586,141,0.42675545811653137,141,0.0
4531,31,45,0.555,0.135,141,-0.5814478993415833,141,0.4328092038631439,141,0.0
4532,32,45,0.525,0.135,141,-0.5686447024345398,141,0.417482852935791,141,0.0
4533,33,45,0.4950000000000001,0.135,141,-0.5566675066947937,141,0.723140299320221,141,0.0
4534,34,45,0.4650000000000001,0.135,139,-0.519812822341919,141,0.7938847541809082,141,0.0
4535,35,45,0.43500000000000005,0.135,141,-0.5133832097053528,141,0.2999706268310547,141,0.0
4536,36,45,0.405,0.135,141,-0.5132015347480774,141,0.0,141,0.0
4537,37,45,0.375,0.135,141,-0.5132015347480774,141,0.0,141,0.0
4538,38,45,0.345,0.135,141,-0.513142466545105,141,0.0,141,0.0
4539,39,45,0.31499999999999995,0.135,141,-0.5129354596138,141,0.019500652328133583,141,0.0
4540,40,45,0.28500000000000014,0.135,141,-0.5121063590049744,141,0.030661946162581444,141,0.0
4541,41,45,0.2550000000000001,0.135,141,-0.5106813907623291,141,0.03305148333311081,141,0.0
4542,42,45,0.2250000000000001,0.135,141,-0.5097625255584717,141,0.02992856316268444,141,0.0
4543,43,45,0.19500000000000006,0.135,141,-0.5089781880378723,141,0.022908052429556847,141,0.0
4544,44,45,0.16500000000000004,0.135,141,-0.5083866715431213,141,0.019611915573477745,141,0.0
4545,45,45,0.135,0.135,141,-0.5076499581336975,141,0.022909045219421387,141,0.0
4546,46,45,0.10499999999999998,0.135,141,-0.5066432952880859,141,0.009918212890625,141,0.0
4547,47,45,0.07499999999999996,0.135,141,-0.5063061714172363,141,0.0,141,0.0
4548,48,45,0.04500000000000015,0.135,141,-0.5059928297996521,141,0.0,141,0.0
4549,49,45,0.015000000000000124,0.135,141,-0.50556480884552,141,0.0,141,0.0
4550,50,45,-0.014999999999999902,0.135,141,-0.5054789185523987,141,0.0,141,0.0
4551,51,45,-0.04499999999999993,0.135,141,-0.5054789185523987,141,0.0,141,0.0
4552,52,45,-0.07499999999999996,0.135,141,-0.5055009722709656,141,0.0,141,0.0
4553,53,45,-0.10499999999999998,0.135,141,-0.5060358047485352,141,0.03421207144856453,141,0.0
4554,54,45,-0.135,0.135,141,-0.5082463622093201,141,0.03532568737864494,141,0.0
4555,55,45,-0.16500000000000004,0.135,141,-0.5088097453117371,141,0.0428318977355957,141,0.0
4556,56,45,-0.19499999999999984,0.135,141,-0.508897602558136,141,0.049219537526369095,141,0.0
4557,57,45,-0.22499999999999987,0.135,141,-0.5077518820762634,141,0.05445399880409241,141,0.0
4558,58,45,-0.2549999999999999,0.135,141,-0.5074678063392639,141,0.05589723587036133,141,0.0
4559,59,45,-0.2849999999999999,0.135,141,-0.5055989623069763,141,0.0679532140493393,141,0.0
4560,60,45,-0.31499999999999995,0.135,141,-0.5037651658058167,141,0.049720700830221176,141,0.0
4561,61,45,-0.345,0.135,141,-0.5029880404472351,141,0.008184711448848248,141,0.0
4562,62,45,-0.375,0.135,141,-0.503371000289917,141,0.001785123604349792,141,0.0
4563,63,45,-0.405,0.135,141,-0.5032455921173096,141,0.006660958286374807,141,0.0
4564,64,45,-0.43499999999999983,0.135,141,-0.5022634863853455,141,0.006137589458376169,141,0.0
4565,65,45,-0.46499999999999986,0.135,141,-0.5027931332588196,141,0.0,141,0.0
4566,66,45,-0.4949999999999999,0.135,141,-0.5032671689987183,141,0.011179347522556782,141,0.0
4567,67,45,-0.5249999999999999,0.135,141,-0.5041243433952332,141,0.020495334640145302,141,0.0
4568,68,45,-0.5549999999999997,0.135,141,-0.5050011873245239,141,0.024776624515652657,141,0.0
4569,69,45,-0.585,0.135,141,-0.5046166181564331,141,0.020984720438718796,141,0.0
4570,70,45,-0.6149999999999998,0.135,141,-0.5042438507080078,141,0.02290939725935459,141,0.0
4571,71,45,-0.645,0.135,141,-0.5042753219604492,141,0.02994338609278202,141,0.0
4572,72,45,-0.6749999999999998,0.135,141,-0.5042438507080078,141,0.02553711272776127,141,0.0
4573,73,45,-0.7050000000000001,0.135,141,-0.5038002133369446,141,0.02909582480788231,141,0.0
4574,74,45,-0.7349999999999999,0.135,141,-0.5032774806022644,141,0.03058863990008831,141,0.0
4575,75,45,-0.7650000000000001,0.135,141,-0.502789318561554,141,0.02830028533935547,141,0.0
4576,76,45,-0.7949999999999999,0.135,141,-0.5027089715003967,141,0.01855766400694847,141,0.0
4577,77,45,-0.8249999999999997,0.135,141,-0.5026417374610901,141,0.01410324964672327,141,0.0
4578,78,45,-0.855,0.135,141,-0.5026417374610901,141,0.010887584649026394,141,0.0
4579,79,45,-0.8849999999999998,0.135,141,-0.502642035484314,141,0.005030632019042969,141,0.0
4580,80,45,-0.915,0.135,141,-0.502642035484314,141,0.0031610329169780016,141,0.0
4581,81,45,-0.9449999999999998,0.135,141,-0.502642035484314,141,0.01583702862262726,141,0.0
4582,82,45,-0.9750000000000001,0.135,141,-0.5030300617218018,141,0.0352124385535717,141,0.0
4583,83,45,-1.005,0.135,141,-0.5040275454521179,141,0.04336933419108391,141,0.0
4584,84,45,-1.0349999999999997,0.135,141,-0.504972517490387,141,0.03319879248738289,141,0.0
4585,85,45,-1.065,0.135,141,-0.5064176321029663,141,0.017083683982491493,141,0.0
4586,86,45,-1.0949999999999998,0.135,49,-0.5070647597312927,141,0.0,141,0.02199999988079071
4587,87,45,-1.125,0.135,0,nan,141,0.0,141,0.02199999988079071
4588,88,45,-1.1549999999999998,0.135,0,nan,141,0.0,141,0.02199999988079071
4589,89,45,-1.185,0.135,0,nan,141,0.0,141,0.02199999988079071
4590,90,45,-1.2149999999999999,0.135,0,nan,141,0.0,141,0.02199999988079071
4591,91,45,-1.245,0.135,0,nan,141,0.0,141,0.02199999988079071
4592,92,45,-1.275,0.135,0,nan,141,0.0,141,0.02199999988079071
4593,93,45,-1.3049999999999997,0.135,0,nan,141,0.0,141,0.02199999988079071
4594,94,45,-1.335,0.135,0,nan,141,0.0,141,0.02199999988079071
4595,95,45,-1.3649999999999998,0.135,0,nan,141,0.0,141,0.02199999988079071
4596,96,45,-1.395,0.135,0,nan,141,0.0,141,0.02199999988079071
4597,97,45,-1.4249999999999998,0.135,0,nan,141,0.0,141,0.0
4598,98,45,-1.455,0.135,0,nan,141,0.0,141,0.0
4599,99,45,-1.4849999999999999,0.135,0,nan,141,0.0,141,0.0
4600,0,46,1.485,0.10499999999999998,0,nan,141,0.0,141,0.0
4601,1,46,1.455,0.10499999999999998,0,nan,141,0.0,141,0.0
4602,2,46,1.425,0.10499999999999998,0,nan,141,0.0,141,0.0
4603,3,46,1.395,0.10499999999999998,0,nan,141,0.0,141,0.02199999988079071
4604,4,46,1.365,0.10499999999999998,0,nan,141,0.0,141,0.02199999988079071
4605,5,46,1.335,0.10499999999999998,0,nan,141,0.0,141,0.02199999988079071
4606,6,46,1.305,0.10499999999999998,0,nan,141,0.0,141,0.02199999988079071
4607,7,46,1.275,0.10499999999999998,0,nan,141,0.0,141,0.02199999988079071
4608,8,46,1.245,0.10499999999999998,0,nan,141,0.0,141,0.02199999988079071
4609,9,46,1.215,0.10499999999999998,0,nan,141,0.0,141,0.02199999988079071
4610,10,46,1.185,0.10499999999999998,127,-0.7949545979499817,141,0.0,141,0.0
4611,11,46,1.155,0.10499999999999998,134,-0.7946202754974365,141,0.0,141,0.0
4612,12,46,1.125,0.10499999999999998,134,-0.7946202754974365,141,0.0,141,0.0
4613,13,46,1.095,0.10499999999999998,141,-0.7940692901611328,141,0.13367633521556854,141,0.0
4614,14,46,1.065,0.10499999999999998,141,-0.7839329242706299,141,0.25818249583244324,141,0.0
4615,15,46,1.0350000000000001,0.10499999999999998,141,-0.775012731552124,141,0.23998285830020905,141,0.0
4616,16,46,1.005,0.10499999999999998,141,-0.7665863037109375,141,0.31516939401626587,141,0.0
4617,17,46,0.975,0.10499999999999998,141,-0.7536134123802185,141,0.36055853962898254,141,0.0
4618,18,46,0.9450000000000001,0.10499999999999998,141,-0.7418634295463562,141,0.3978755474090576,141,0.0
4619,19,46,0.915,0.10499999999999998,141,-0.7299583554267883,141,0.4320181608200073,141,0.0
4620,20,46,0.885,0.10499999999999998,141,-0.7165510058403015,141,0.4260748326778412,141,0.0
4621,21,46,0.855,0.10499999999999998,141,-0.7033990621566772,141,0.3696540892124176,141,0.0
4622,22,46,0.8250000000000001,0.10499999999999998,141,-0.6926800012588501,141,0.3427753746509552,141,0.0
4623,23,46,0.795,0.10499999999999998,141,-0.6824265122413635,141,0.3590506315231323,141,0.0
4624,24,46,0.765,0.10499999999999998,141,-0.6706975102424622,141,0.4211743175983429,141,0.0
4625,25,46,0.735,0.10499999999999998,141,-0.658062756061554,141,0.41062110662460327,141,0.0
4626,26,46,0.7050000000000001,0.10499999999999998,141,-0.6455899477005005,141,0.44745999574661255,141,0.0
4627,27,46,0.675,0.10499999999999998,141,-0.6312341690063477,141,0.43047311902046204,141,0.0
4628,28,46,0.645,0.10499999999999998,141,-0.6202952265739441,141,0.41954514384269714,141,0.0
4629,29,46,0.615,0.10499999999999998,141,-0.6062559485435486,141,0.43074262142181396,141,0.0
4630,30,46,0.5850000000000001,0.10499999999999998,141,-0.5946630239486694,141,0.41501179337501526,141,0.0
4631,31,46,0.555,0.10499999999999998,141,-0.5817610025405884,141,0.4293471574783325,141,0.0
4632,32,46,0.525,0.10499999999999998,141,-0.5686447024345398,141,0.41982629895210266,141,0.0
4633,33,46,0.4950000000000001,0.10499999999999998,141,-0.5572667717933655,141,0.4524291753768921,141,0.0
4634,34,46,0.4650000000000001,0.10499999999999998,137,-0.5496692657470703,141,0.7713160514831543,141,0.0
4635,35,46,0.43500000000000005,0.10499999999999998,141,-0.5134114027023315,141,0.5229999423027039,141,0.0
4636,36,46,0.405,0.10499999999999998,141,-0.5132015347480774,141,0.0,141,0.0
4637,37,46,0.375,0.10499999999999998,141,-0.5132015347480774,141,0.0,141,0.0
4638,38,46,0.345,0.10499999999999998,141,-0.513142466545105,141,0.0,141,0.0
4639,39,46,0.31499999999999995,0.10499999999999998,141,-0.5128203630447388,141,0.01583198644220829,141,0.0
4640,40,46,0.28500000000000014,0.10499999999999998,141,-0.5120860934257507,141,0.02898176573216915,141,0.0
4641,41,46,0.2550000000000001,0.10499999999999998,141,-0.5105010271072388,141,0.03782212734222412,141,0.0
4642,42,46,0.2250000000000001,0.10499999999999998,141,-0.5096277594566345,141,0.0312526598572731,141,0.0
4643,43,46,0.19500000000000006,0.10499999999999998,141,-0.5089781880378723,141,0.022908052429556847,141,0.0
4644,44,46,0.16500000000000004,0.10499999999999998,141,-0.5083866715431213,141,0.020453408360481262,141,0.0
4645,45,46,0.135,0.10499999999999998,141,-0.507547914981842,141,0.022483864799141884,141,0.0
4646,46,46,0.10499999999999998,0.10499999999999998,141,-0.5065808892250061,141,0.013294816017150879,141,0.0
4647,47,46,0.07499999999999996,0.10499999999999998,141,-0.5062135457992554,141,0.00032881894730962813,141,0.0
4648,48,46,0.04500000000000015,0.10499999999999998,141,-0.5057356357574463,141,0.0,141,0.0
4649,49,46,0.015000000000000124,0.10499999999999998,141,-0.505451500415802,141,0.0,141,0.0
4650,50,46,-0.014999999999999902,0.10499999999999998,141,-0.5053394436836243,141,0.0,141,0.0
4651,51,46,-0.04499999999999993,0.10499999999999998,141,-0.5053394436836243,141,0.0,141,0.0
4652,52,46,-0.07499999999999996,0.10499999999999998,141,-0.5053394436836243,141,0.0,141,0.0
4653,53,46,-0.10499999999999998,0.10499999999999998,141,-0.5059928297996521,141,0.04648164287209511,141,0.0
4654,54,46,-0.135,0.10499999999999998,141,-0.5077792406082153,141,0.0405118428170681,141,0.0
4655,55,46,-0.16500000000000004,0.10499999999999998,141,-0.5081438422203064,141,0.05265244469046593,141,0.0
4656,56,46,-0.19499999999999984,0.10499999999999998,141,-0.5085399150848389,141,0.04417809844017029,141,0.0
4657,57,46,-0.22499999999999987,0.10499999999999998,141,-0.5065611600875854,141,0.05327562615275383,141,0.0
4658,58,46,-0.2549999999999999,0.10499999999999998,141,-0.5062048435211182,141,0.04771178588271141,141,0.0
4659,59,46,-0.2849999999999999,0.10499999999999998,141,-0.5051451325416565,141,0.06288909912109375,141,0.0
4660,60,46,-0.31499999999999995,0.10499999999999998,141,-0.5032671689987183,141,0.029088059440255165,141,0.0
4661,61,46,-0.345,0.10499999999999998,141,-0.5022231936454773,141,0.0029981136322021484,141,0.0
4662,62,46,-0.375,0.10499999999999998,141,-0.5029880404472351,141,0.0,141,0.0
4663,63,46,-0.405,0.10499999999999998,141,-0.5026184320449829,141,0.0029981136322021484,141,0.0
4664,64,46,-0.43499999999999983,0.10499999999999998,141,-0.5021578073501587,141,0.004423657897859812,141,0.0
4665,65,46,-0.46499999999999986,0.10499999999999998,141,-0.5024773478507996,141,0.0005543231964111328,141,0.0
4666,66,46,-0.4949999999999999,0.10499999999999998,141,-0.5032455921173096,141,0.011739134788513184,141,0.0
4667,67,46,-0.5249999999999999,0.10499999999999998,141,-0.5039635896682739,141,0.02592298574745655,141,0.0
4668,68,46,-0.5549999999999997,0.10499999999999998,141,-0.5049434900283813,141,0.015870558097958565,141,0.0
4669,69,46,-0.585,0.10499999999999998,141,-0.5050011873245239,141,0.018641982227563858,141,0.0
4670,70,46,-0.6149999999999998,0.10499999999999998,141,-0.50445157289505,141,0.02098778821527958,141,0.0
4671,71,46,-0.645,0.10499999999999998,141,-0.5050011873245239,141,0.02631676383316517,141,0.0
4672,72,46,-0.6749999999999998,0.10499999999999998,141,-0.5050939917564392,141,0.020713606849312782,141,0.0
4673,73,46,-0.7050000000000001,0.10499999999999998,141,-0.5046082735061646,141,0.02059057168662548,141,0.0
4674,74,46,-0.7349999999999999,0.10499999999999998,141,-0.5039548873901367,141,0.027194619178771973,141,0.0
4675,75,46,-0.7650000000000001,0.10499999999999998,141,-0.503585696220398,141,0.02154293656349182,141,0.0
4676,76,46,-0.7949999999999999,0.10499999999999998,141,-0.5033876895904541,141,0.01634296588599682,141,0.0
4677,77,46,-0.8249999999999997,0.10499999999999998,141,-0.5031085014343262,141,0.010117888450622559,141,0.0
4678,78,46,-0.855,0.10499999999999998,141,-0.5030605792999268,141,0.005915103014558554,141,0.0
4679,79,46,-0.8849999999999998,0.10499999999999998,141,-0.5031306147575378,141,0.00015099842858035117,141,0.0
4680,80,46,-0.915,0.10499999999999998,141,-0.5031306147575378,141,0.0,141,0.0
4681,81,46,-0.9449999999999998,0.10499999999999998,141,-0.5031306147575378,141,0.01233220100402832,141,0.0
4682,82,46,-0.9750000000000001,0.10499999999999998,141,-0.5039898753166199,141,0.034820038825273514,141,0.0
4683,83,46,-1.005,0.10499999999999998,141,-0.5046972632408142,141,0.034820038825273514,141,0.0
4684,84,46,-1.0349999999999997,0.10499999999999998,141,-0.5054505467414856,141,0.02790292166173458,141,0.0
4685,85,46,-1.065,0.10499999999999998,141,-0.506490170955658,141,0.01214146614074707,141,0.0
4686,86,46,-1.0949999999999998,0.10499999999999998,49,-0.5070647597312927,141,0.0,141,0.02199999988079071
4687,87,46,-1.125,0.10499999999999998,0,nan,141,0.0,141,0.02199999988079071
4688,88,46,-1.1549999999999998,0.10499999999999998,0,nan,141,0.0,141,0.02199999988079071
4689,89,46,-1.185,0.10499999999999998,0,nan,141,0.0,141,0.02199999988079071
4690,90,46,-1.2149999999999999,0.10499999999999998,0,nan,141,0.0,141,0.02199999988079071
4691,91,46,-1.245,0.10499999999999998,0,nan,141,0.0,141,0.02199999988079071
4692,92,46,-1.275,0.10499999999999998,0,nan,141,0.0,141,0.02199999988079071
4693,93,46,-1.3049999999999997,0.10499999999999998,0,nan,141,0.0,141,0.02199999988079071
4694,94,46,-1.335,0.10499999999999998,0,nan,141,0.0,141,0.02199999988079071
4695,95,46,-1.3649999999999998,0.10499999999999998,0,nan,141,0.0,141,0.02199999988079071
4696,96,46,-1.395,0.10499999999999998,0,nan,141,0.0,141,0.02199999988079071
4697,97,46,-1.4249999999999998,0.10499999999999998,0,nan,141,0.0,141,0.0
4698,98,46,-1.455,0.10499999999999998,0,nan,141,0.0,141,0.0
4699,99,46,-1.4849999999999999,0.10499999999999998,0,nan,141,0.0,141,0.0
4700,0,47,1.485,0.07499999999999996,0,nan,141,0.0,141,0.0
4701,1,47,1.455,0.07499999999999996,0,nan,141,0.0,141,0.0
4702,2,47,1.425,0.07499999999999996,0,nan,141,0.0,141,0.0
4703,3,47,1.395,0.07499999999999996,0,nan,141,0.0,141,0.02199999988079071
4704,4,47,1.365,0.07499999999999996,0,nan,141,0.0,141,0.02199999988079071
4705,5,47,1.335,0.07499999999999996,0,nan,141,0.0,141,0.02199999988079071
4706,6,47,1.305,0.07499999999999996,0,nan,141,0.0,141,0.02199999988079071
4707,7,47,1.275,0.07499999999999996,0,nan,141,0.0,141,0.02199999988079071
4708,8,47,1.245,0.07499999999999996,0,nan,141,0.0,141,0.02199999988079071
4709,9,47,1.215,0.07499999999999996,0,nan,141,0.0,141,0.02199999988079071
4710,10,47,1.185,0.07499999999999996,127,-0.7947807908058167,141,0.0,141,0.0
4711,11,47,1.155,0.07499999999999996,134,-0.794126957654953,141,0.0,141,0.0
4712,12,47,1.125,0.07499999999999996,134,-0.794126957654953,141,0.0,141,0.0
4713,13,47,1.095,0.07499999999999996,141,-0.7935467958450317,141,0.13022620975971222,141,0.0
4714,14,47,1.065,0.07499999999999996,141,-0.7839329242706299,141,0.2611936926841736,141,0.0
4715,15,47,1.0350000000000001,0.07499999999999996,141,-0.7749780416488647,141,0.23764921724796295,141,0.0
4716,16,47,1.005,0.07499999999999996,141,-0.7664908170700073,141,0.30611780285835266,141,0.0
4717,17,47,0.975,0.07499999999999996,141,-0.7536896467208862,141,0.3749330937862396,141,0.0
4718,18,47,0.9450000000000001,0.07499999999999996,141,-0.7415411472320557,141,0.4143478572368622,141,0.0
4719,19,47,0.915,0.07499999999999996,141,-0.7292898297309875,141,0.4259943962097168,141,0.0
4720,20,47,0.885,0.07499999999999996,141,-0.7168684005737305,141,0.41586917638778687,141,0.0
4721,21,47,0.855,0.07499999999999996,141,-0.7035554647445679,141,0.36156800389289856,141,0.0
4722,22,47,0.8250000000000001,0.07499999999999996,141,-0.6928742527961731,141,0.3428919315338135,141,0.0
4723,23,47,0.795,0.07499999999999996,141,-0.6824265122413635,141,0.36536818742752075,141,0.0
4724,24,47,0.765,0.07499999999999996,141,-0.669988214969635,141,0.4296037554740906,141,0.0
4725,25,47,0.735,0.07499999999999996,141,-0.6573429703712463,141,0.4120691418647766,141,0.0
4726,26,47,0.7050000000000001,0.07499999999999996,141,-0.6451911926269531,141,0.4449910819530487,141,0.0
4727,27,47,0.675,0.07499999999999996,141,-0.631169855594635,141,0.42930126190185547,141,0.0
4728,28,47,0.645,0.07499999999999996,141,-0.619865357875824,141,0.41704675555229187,141,0.0
4729,29,47,0.615,0.07499999999999996,141,-0.6062645316123962,141,0.42903783917427063,141,0.0
4730,30,47,0.5850000000000001,0.07499999999999996,141,-0.5946542620658875,141,0.4064887762069702,141,0.0
4731,31,47,0.555,0.07499999999999996,141,-0.5822257399559021,141,0.42870259284973145,141,0.0
4732,32,47,0.525,0.07499999999999996,141,-0.5687039494514465,141,0.42947497963905334,141,0.0
4733,33,47,0.4950000000000001,0.07499999999999996,141,-0.5575083494186401,141,0.3357436954975128,141,0.0
4734,34,47,0.4650000000000001,0.07499999999999996,136,-0.5501345098018646,141,0.7590621709823608,141,0.0
4735,35,47,0.43500000000000005,0.07499999999999996,141,-0.5133038759231567,141,0.598044216632843,141,0.0
4736,36,47,0.405,0.07499999999999996,141,-0.5131464004516602,141,0.0,141,0.0
4737,37,47,0.375,0.07499999999999996,141,-0.5131430625915527,141,0.0,141,0.0
4738,38,47,0.345,0.07499999999999996,141,-0.5127406716346741,141,0.0,141,0.0
4739,39,47,0.31499999999999995,0.07499999999999996,141,-0.5124999284744263,141,0.013041496276855469,141,0.0
4740,40,47,0.28500000000000014,0.07499999999999996,141,-0.5115464329719543,141,0.02898176573216915,141,0.0
4741,41,47,0.2550000000000001,0.07499999999999996,141,-0.5104923844337463,141,0.03743867203593254,141,0.0
4742,42,47,0.2250000000000001,0.07499999999999996,141,-0.5095481276512146,141,0.03464718535542488,141,0.0
4743,43,47,0.19500000000000006,0.07499999999999996,141,-0.5088875889778137,141,0.024059414863586426,141,0.0
4744,44,47,0.16500000000000004,0.07499999999999996,141,-0.5083518624305725,141,0.019132914021611214,141,0.0
4745,45,47,0.135,0.07499999999999996,141,-0.507547914981842,141,0.01803307980298996,141,0.0
4746,46,47,0.10499999999999998,0.07499999999999996,141,-0.5065329670906067,141,0.01172622013837099,141,0.0
4747,47,47,0.07499999999999996,0.07499999999999996,141,-0.5060964226722717,141,0.007596611976623535,141,0.0
4748,48,47,0.04500000000000015,0.07499999999999996,141,-0.5056787729263306,141,0.0020166237372905016,141,0.0
4749,49,47,0.015000000000000124,0.07499999999999996,141,-0.5053394436836243,141,0.0,141,0.0
4750,50,47,-0.014999999999999902,0.07499999999999996,141,-0.505283534526825,141,0.0,141,0.0
4751,51,47,-0.04499999999999993,0.07499999999999996,141,-0.505283534526825,141,0.0,141,0.0
4752,52,47,-0.07499999999999996,0.07499999999999996,141,-0.5051215887069702,141,0.0,141,0.0
4753,53,47,-0.10499999999999998,0.07499999999999996,141,-0.5055692791938782,141,0.04825920984148979,141,0.0
4754,54,47,-0.135,0.07499999999999996,141,-0.5067153573036194,141,0.04656016826629639,141,0.0
4755,55,47,-0.16500000000000004,0.07499999999999996,141,-0.5063683390617371,141,0.053242843598127365,141,0.0
4756,56,47,-0.19499999999999984,0.07499999999999996,141,-0.5065320134162903,141,0.04037320613861084,141,0.0
4757,57,47,-0.22499999999999987,0.07499999999999996,141,-0.5052378177642822,141,0.03383855149149895,141,0.0
4758,58,47,-0.2549999999999999,0.07499999999999996,141,-0.5051451325416565,141,0.03434434160590172,141,0.0
4759,59,47,-0.2849999999999999,0.07499999999999996,141,-0.5037665367126465,141,0.04929006099700928,141,0.0
4760,60,47,-0.31499999999999995,0.07499999999999996,141,-0.5013468265533447,141,0.026180103421211243,141,0.0
4761,61,47,-0.345,0.07499999999999996,141,-0.5012625455856323,141,0.010179479606449604,141,0.0
4762,62,47,-0.375,0.07499999999999996,141,-0.5028471350669861,141,0.0042984881438314915,141,0.0
4763,63,47,-0.405,0.07499999999999996,141,-0.5024773478507996,141,0.01129110623151064,141,0.0
4764,64,47,-0.43499999999999983,0.07499999999999996,141,-0.5016047954559326,141,0.01129110623151064,141,0.0
4765,65,47,-0.46499999999999986,0.07499999999999996,141,-0.5022634863853455,141,0.0048607587814331055,141,0.0
4766,66,47,-0.4949999999999999,0.07499999999999996,141,-0.5027931332588196,141,0.01565019227564335,141,0.0
4767,67,47,-0.5249999999999999,0.07499999999999996,141,-0.5039098262786865,141,0.024205446243286133,141,0.0
4768,68,47,-0.5549999999999997,0.07499999999999996,141,-0.504867434501648,141,0.013173123821616173,141,0.0
4769,69,47,-0.585,0.07499999999999996,141,-0.5050011873245239,141,0.012516975402832031,141,0.0
4770,70,47,-0.6149999999999998,0.07499999999999996,141,-0.5048795342445374,141,0.01739821955561638,141,0.0
4771,71,47,-0.645,0.07499999999999996,141,-0.5051997900009155,141,0.022810697555541992,141,0.0
4772,72,47,-0.6749999999999998,0.07499999999999996,141,-0.5051893591880798,141,0.02292921207845211,141,0.0
4773,73,47,-0.7050000000000001,0.07499999999999996,141,-0.5050011873245239,141,0.017209848389029503,141,0.0
4774,74,47,-0.7349999999999999,0.07499999999999996,141,-0.504273533821106,141,0.022406378760933876,141,0.0
4775,75,47,-0.7650000000000001,0.07499999999999996,141,-0.5037245750427246,141,0.018934408202767372,141,0.0
4776,76,47,-0.7949999999999999,0.07499999999999996,141,-0.5035721063613892,141,0.01282537542283535,141,0.0
4777,77,47,-0.8249999999999997,0.07499999999999996,141,-0.5033096075057983,141,0.0031610329169780016,141,0.0
4778,78,47,-0.855,0.07499999999999996,141,-0.5033096075057983,141,0.0,141,0.0
4779,79,47,-0.8849999999999998,0.07499999999999996,141,-0.5033002495765686,141,0.0,141,0.0
4780,80,47,-0.915,0.07499999999999996,141,-0.5033002495765686,141,0.0,141,0.0
4781,81,47,-0.9449999999999998,0.07499999999999996,141,-0.5033002495765686,141,0.005776683334261179,141,0.0
4782,82,47,-0.9750000000000001,0.07499999999999996,141,-0.5042775869369507,141,0.020954007282853127,141,0.0
4783,83,47,-1.005,0.07499999999999996,141,-0.5047474503517151,141,0.01570582389831543,141,0.0
4784,84,47,-1.0349999999999997,0.07499999999999996,141,-0.5054768919944763,141,0.01322627067565918,141,0.0
4785,85,47,-1.065,0.07499999999999996,141,-0.5064916014671326,141,0.0,141,0.0
4786,86,47,-1.0949999999999998,0.07499999999999996,49,-0.5070647597312927,141,0.0,141,0.02199999988079071
4787,87,47,-1.125,0.07499999999999996,0,nan,141,0.0,141,0.02199999988079071
4788,88,47,-1.1549999999999998,0.07499999999999996,0,nan,141,0.0,141,0.02199999988079071
4789,89,47,-1.185,0.07499999999999996,0,nan,141,0.0,141,0.02199999988079071
4790,90,47,-1.2149999999999999,0.07499999999999996,0,nan,141,0.0,141,0.02199999988079071
4791,91,47,-1.245,0.07499999999999996,0,nan,141,0.0,141,0.02199999988079071
4792,92,47,-1.275,0.07499999999999996,0,nan,141,0.0,141,0.02199999988079071
4793,93,47,-1.3049999999999997,0.07499999999999996,0,nan,141,0.0,141,0.02199999988079071
4794,94,47,-1.335,0.07499999999999996,0,nan,141,0.0,141,0.02199999988079071
4795,95,47,-1.3649999999999998,0.07499999999999996,0,nan,141,0.0,141,0.02199999988079071
4796,96,47,-1.395,0.07499999999999996,0,nan,141,0.0,141,0.02199999988079071
4797,97,47,-1.4249999999999998,0.07499999999999996,0,nan,141,0.0,141,0.0
4798,98,47,-1.455,0.07499999999999996,0,nan,141,0.0,141,0.0
4799,99,47,-1.4849999999999999,0.07499999999999996,0,nan,141,0.0,141,0.0
4800,0,48,1.485,0.04500000000000015,0,nan,141,0.0,141,0.0
4801,1,48,1.455,0.04500000000000015,0,nan,141,0.0,141,0.0
4802,2,48,1.425,0.04500000000000015,0,nan,141,0.0,141,0.0
4803,3,48,1.395,0.04500000000000015,0,nan,141,0.0,141,0.02199999988079071
4804,4,48,1.365,0.04500000000000015,0,nan,141,0.0,141,0.02199999988079071
4805,5,48,1.335,0.04500000000000015,0,nan,141,0.0,141,0.02199999988079071
4806,6,48,1.305,0.04500000000000015,0,nan,141,0.0,141,0.02199999988079071
4807,7,48,1.275,0.04500000000000015,0,nan,141,0.0,141,0.02199999988079071
4808,8,48,1.245,0.04500000000000015,0,nan,141,0.0,141,0.02199999988079071
4809,9,48,1.215,0.04500000000000015,0,nan,141,0.0,141,0.02199999988079071
4810,10,48,1.185,0.04500000000000015,127,-0.7941846251487732,141,0.0,141,0.0
4811,11,48,1.155,0.04500000000000015,134,-0.7939528524875641,141,0.0,141,0.0
4812,12,48,1.125,0.04500000000000015,134,-0.7939528524875641,141,0.0,141,0.0
4813,13,48,1.095,0.04500000000000015,141,-0.7935285568237305,141,0.13022620975971222,141,0.0
4814,14,48,1.065,0.04500000000000015,141,-0.7836968898773193,141,0.2567204236984253,141,0.0
4815,15,48,1.0350000000000001,0.04500000000000015,141,-0.7745873332023621,141,0.23761887848377228,141,0.0
4816,16,48,1.005,0.04500000000000015,141,-0.7665863037109375,141,0.3116225600242615,141,0.0
4817,17,48,0.975,0.04500000000000015,141,-0.7532158493995667,141,0.3850446343421936,141,0.0
4818,18,48,0.9450000000000001,0.04500000000000015,141,-0.7412022352218628,141,0.4285683333873749,141,0.0
4819,19,48,0.915,0.04500000000000015,141,-0.7281396985054016,141,0.4150974154472351,141,0.0
4820,20,48,0.885,0.04500000000000015,141,-0.716907799243927,141,0.40509819984436035,141,0.0
4821,21,48,0.855,0.04500000000000015,141,-0.7036147713661194,141,0.3650438189506531,141,0.0
4822,22,48,0.8250000000000001,0.04500000000000015,141,-0.6932864189147949,141,0.34545737504959106,141,0.0
4823,23,48,0.795,0.04500000000000015,141,-0.6824482083320618,141,0.3683638870716095,141,0.0
4824,24,48,0.765,0.04500000000000015,141,-0.669863224029541,141,0.43315389752388,141,0.0
4825,25,48,0.735,0.04500000000000015,141,-0.6571813821792603,141,0.4171999394893646,141,0.0
4826,26,48,0.7050000000000001,0.04500000000000015,141,-0.6444193124771118,141,0.4501922130584717,141,0.0
4827,27,48,0.675,0.04500000000000015,141,-0.630394697189331,141,0.39485326409339905,141,0.0
4828,28,48,0.645,0.04500000000000015,141,-0.6195905208587646,141,0.4058639109134674,141,0.0
4829,29,48,0.615,0.04500000000000015,141,-0.606669545173645,141,0.42580342292785645,141,0.0
4830,30,48,0.5850000000000001,0.04500000000000015,141,-0.5947346091270447,141,0.3903319537639618,141,0.0
4831,31,48,0.555,0.04500000000000015,141,-0.5841255187988281,141,0.42980432510375977,141,0.0
4832,32,48,0.525,0.04500000000000015,141,-0.5687872767448425,141,0.4351317882537842,141,0.0
4833,33,48,0.4950000000000001,0.04500000000000015,141,-0.5576733350753784,141,0.332151859998703,141,0.0
4834,34,48,0.4650000000000001,0.04500000000000015,136,-0.5505650341510773,141,0.761065661907196,141,0.0
4835,35,48,0.43500000000000005,0.04500000000000015,141,-0.5136056542396545,141,0.6131162047386169,141,0.0
4836,36,48,0.405,0.04500000000000015,141,-0.5133038759231567,141,0.0,141,0.0
4837,37,48,0.375,0.04500000000000015,141,-0.5131430625915527,141,0.0,141,0.0
4838,38,48,0.345,0.04500000000000015,141,-0.5127406716346741,141,0.0,141,0.0
4839,39,48,0.31499999999999995,0.04500000000000015,141,-0.5126326680183411,141,0.006845593452453613,141,0.0
4840,40,48,0.28500000000000014,0.04500000000000015,141,-0.5118311643600464,141,0.022912096232175827,141,0.0
4841,41,48,0.2550000000000001,0.04500000000000015,141,-0.5106156468391418,141,0.03364582732319832,141,0.0
4842,42,48,0.2250000000000001,0.04500000000000015,141,-0.5092979073524475,141,0.03339151665568352,141,0.0
4843,43,48,0.19500000000000006,0.04500000000000015,141,-0.5085087418556213,141,0.020711621269583702,141,0.0
4844,44,48,0.16500000000000004,0.04500000000000015,141,-0.5082162022590637,141,0.014329950325191021,141,0.0
4845,45,48,0.135,0.04500000000000015,141,-0.5074625015258789,141,0.014123755507171154,141,0.0
4846,46,48,0.10499999999999998,0.04500000000000015,141,-0.5066361427307129,141,0.011722247116267681,141,0.0
4847,47,48,0.07499999999999996,0.04500000000000015,141,-0.5060964226722717,141,0.008596288971602917,141,0.0
4848,48,48,0.04500000000000015,0.04500000000000015,141,-0.5056787729263306,141,0.007547935005277395,141,0.0
4849,49,48,0.015000000000000124,0.04500000000000015,141,-0.5054048895835876,141,0.0,141,0.0
4850,50,48,-0.014999999999999902,0.04500000000000015,141,-0.5053394436836243,141,0.0,141,0.0
4851,51,48,-0.04499999999999993,0.04500000000000015,141,-0.5053394436836243,141,0.0,141,0.0
4852,52,48,-0.07499999999999996,0.04500000000000015,141,-0.5053240656852722,141,0.0,141,0.0
4853,53,48,-0.10499999999999998,0.04500000000000015,141,-0.5056787729263306,141,0.04112979769706726,141,0.0
4854,54,48,-0.135,0.04500000000000015,141,-0.5065757632255554,141,0.02835690975189209,141,0.0
4855,55,48,-0.16500000000000004,0.04500000000000015,141,-0.5059686303138733,141,0.026474783197045326,141,0.0
4856,56,48,-0.19499999999999984,0.04500000000000015,141,-0.5060901045799255,141,0.016361407935619354,141,0.0
4857,57,48,-0.22499999999999987,0.04500000000000015,141,-0.504752516746521,141,0.016420086845755577,141,0.0
4858,58,48,-0.2549999999999999,0.04500000000000015,141,-0.5044395327568054,141,0.01129110623151064,141,0.0
4859,59,48,-0.2849999999999999,0.04500000000000015,141,-0.5028343796730042,141,0.025888284668326378,141,0.0
4860,60,48,-0.31499999999999995,0.04500000000000015,141,-0.5013468265533447,141,0.01812477968633175,141,0.0
4861,61,48,-0.345,0.04500000000000015,141,-0.5011845231056213,141,0.01658797264099121,141,0.0
4862,62,48,-0.375,0.04500000000000015,141,-0.502697229385376,141,0.0038427673280239105,141,0.0
4863,63,48,-0.405,0.04500000000000015,141,-0.5026184320449829,141,0.013734152540564537,141,0.0
4864,64,48,-0.43499999999999983,0.04500000000000015,141,-0.5014525651931763,141,0.011928875930607319,141,0.0
4865,65,48,-0.46499999999999986,0.04500000000000015,141,-0.5019748210906982,141,0.0,141,0.0
4866,66,48,-0.4949999999999999,0.04500000000000015,141,-0.5027689933776855,141,0.01658797264099121,141,0.0
4867,67,48,-0.5249999999999999,0.04500000000000015,141,-0.5038051605224609,141,0.022809501737356186,141,0.0
4868,68,48,-0.5549999999999997,0.04500000000000015,141,-0.5048194527626038,141,0.009828432463109493,141,0.0
4869,69,48,-0.585,0.04500000000000015,141,-0.5049893856048584,141,0.009429454803466797,141,0.0
4870,70,48,-0.6149999999999998,0.04500000000000015,141,-0.5049477219581604,141,0.016268214210867882,141,0.0
4871,71,48,-0.645,0.04500000000000015,141,-0.5054906010627747,141,0.02456790581345558,141,0.0
4872,72,48,-0.6749999999999998,0.04500000000000015,141,-0.5055124759674072,141,0.023110708221793175,141,0.0
4873,73,48,-0.7050000000000001,0.04500000000000015,141,-0.5053073167800903,141,0.017262497916817665,141,0.0
4874,74,48,-0.7349999999999999,0.04500000000000015,141,-0.5046069622039795,141,0.0185549259185791,141,0.0
4875,75,48,-0.7650000000000001,0.04500000000000015,141,-0.5039011836051941,141,0.018300160765647888,141,0.0
4876,76,48,-0.7949999999999999,0.04500000000000015,141,-0.5037606358528137,141,0.012393792159855366,141,0.0
4877,77,48,-0.8249999999999997,0.04500000000000015,141,-0.5033993124961853,141,0.0,141,0.0
4878,78,48,-0.855,0.04500000000000015,141,-0.5034074783325195,141,0.0,141,0.0
4879,79,48,-0.8849999999999998,0.04500000000000015,141,-0.5033876895904541,141,0.0,141,0.0
4880,80,48,-0.915,0.04500000000000015,141,-0.5033876895904541,141,0.0,141,0.0
4881,81,48,-0.9449999999999998,0.04500000000000015,141,-0.5033876895904541,141,0.0,141,0.0
4882,82,48,-0.9750000000000001,0.04500000000000015,141,-0.5042775869369507,141,0.017179051414132118,141,0.0
4883,83,48,-1.005,0.04500000000000015,141,-0.5047474503517151,141,0.014100472442805767,141,0.0
4884,84,48,-1.0349999999999997,0.04500000000000015,141,-0.5054768919944763,141,0.01182854175567627,141,0.0
4885,85,48,-1.065,0.04500000000000015,141,-0.5064916014671326,141,0.0,141,0.0
4886,86,48,-1.0949999999999998,0.04500000000000015,49,-0.5070647597312927,141,0.0,141,0.02199999988079071
4887,87,48,-1.125,0.04500000000000015,0,nan,141,0.0,141,0.02199999988079071
4888,88,48,-1.1549999999999998,0.04500000000000015,0,nan,141,0.0,141,0.02199999988079071
4889,89,48,-1.185,0.04500000000000015,0,nan,141,0.0,141,0.02199999988079071
4890,90,48,-1.2149999999999999,0.04500000000000015,0,nan,141,0.0,141,0.02199999988079071
4891,91,48,-1.245,0.04500000000000015,0,nan,141,0.0,141,0.02199999988079071
4892,92,48,-1.275,0.04500000000000015,0,nan,141,0.0,141,0.02199999988079071
4893,93,48,-1.3049999999999997,0.04500000000000015,0,nan,141,0.0,141,0.02199999988079071
4894,94,48,-1.335,0.04500000000000015,0,nan,141,0.0,141,0.02199999988079071
4895,95,48,-1.3649999999999998,0.04500000000000015,0,nan,141,0.0,141,0.02199999988079071
4896,96,48,-1.395,0.04500000000000015,0,nan,141,0.0,141,0.02199999988079071
4897,97,48,-1.4249999999999998,0.04500000000000015,0,nan,141,0.0,141,0.0
4898,98,48,-1.455,0.04500000000000015,0,nan,141,0.0,141,0.0
4899,99,48,-1.4849999999999999,0.04500000000000015,0,nan,141,0.0,141,0.0
4900,0,49,1.485,0.015000000000000124,0,nan,141,0.0,141,0.0
4901,1,49,1.455,0.015000000000000124,0,nan,141,0.0,141,0.0
4902,2,49,1.425,0.015000000000000124,0,nan,141,0.0,141,0.0
4903,3,49,1.395,0.015000000000000124,0,nan,141,0.0,141,0.02199999988079071
4904,4,49,1.365,0.015000000000000124,0,nan,141,0.0,141,0.02199999988079071
4905,5,49,1.335,0.015000000000000124,0,nan,141,0.0,141,0.02199999988079071
4906,6,49,1.305,0.015000000000000124,0,nan,141,0.0,141,0.02199999988079071
4907,7,49,1.275,0.015000000000000124,0,nan,141,0.0,141,0.02199999988079071
4908,8,49,1.245,0.015000000000000124,0,nan,141,0.0,141,0.02199999988079071
4909,9,49,1.215,0.015000000000000124,0,nan,141,0.0,141,0.02199999988079071
4910,10,49,1.185,0.015000000000000124,127,-0.7939856648445129,141,0.0,141,0.0
4911,11,49,1.155,0.015000000000000124,134,-0.7936199605464935,141,0.0,141,0.0
4912,12,49,1.125,0.015000000000000124,134,-0.7936199605464935,141,0.0,141,0.0
4913,13,49,1.095,0.015000000000000124,141,-0.7934038043022156,141,0.12365138530731201,141,0.0
4914,14,49,1.065,0.015000000000000124,141,-0.7836716771125793,141,0.24891528487205505,141,0.0
4915,15,49,1.0350000000000001,0.015000000000000124,141,-0.7745558023452759,141,0.23739473521709442,141,0.0
4916,16,49,1.005,0.015000000000000124,141,-0.7666812539100647,141,0.30477145314216614,141,0.0
4917,17,49,0.975,0.015000000000000124,141,-0.7531449794769287,141,0.40585002303123474,141,0.0
4918,18,49,0.9450000000000001,0.015000000000000124,141,-0.7409995794296265,141,0.42946338653564453,141,0.0
4919,19,49,0.915,0.015000000000000124,141,-0.728018581867218,141,0.41018083691596985,141,0.0
4920,20,49,0.885,0.015000000000000124,141,-0.7165510058403015,141,0.40213626623153687,141,0.0
4921,21,49,0.855,0.015000000000000124,141,-0.7040161490440369,141,0.3615061342716217,141,0.0
4922,22,49,0.8250000000000001,0.015000000000000124,141,-0.6936132311820984,141,0.3418534994125366,141,0.0
4923,23,49,0.795,0.015000000000000124,141,-0.6824265122413635,141,0.3812955319881439,141,0.0
4924,24,49,0.765,0.015000000000000124,141,-0.6695605516433716,141,0.4346216917037964,141,0.0
4925,25,49,0.735,0.015000000000000124,141,-0.6562864184379578,141,0.43412014842033386,141,0.0
4926,26,49,0.7050000000000001,0.015000000000000124,141,-0.6429958939552307,141,0.4502415657043457,141,0.0
4927,27,49,0.675,0.015000000000000124,141,-0.6299914121627808,141,0.3877321779727936,141,0.0
4928,28,49,0.645,0.015000000000000124,141,-0.6196786761283875,141,0.3960626721382141,141,0.0
4929,29,49,0.615,0.015000000000000124,141,-0.6068823337554932,141,0.42007267475128174,141,0.0
4930,30,49,0.5850000000000001,0.015000000000000124,141,-0.5952408313751221,141,0.3687768280506134,141,0.0
4931,31,49,0.555,0.015000000000000124,141,-0.5849179625511169,141,0.43384432792663574,141,0.0
4932,32,49,0.525,0.015000000000000124,141,-0.5694803595542908,141,0.45534074306488037,141,0.0
4933,33,49,0.4950000000000001,0.015000000000000124,141,-0.5576733350753784,141,0.3315955400466919,141,0.0
4934,34,49,0.4650000000000001,0.015000000000000124,136,-0.5505650341510773,141,0.7600605487823486,141,0.0
4935,35,49,0.43500000000000005,0.015000000000000124,141,-0.5133528113365173,141,0.6163442730903625,141,0.0
4936,36,49,0.405,0.015000000000000124,141,-0.5131464004516602,141,0.0,141,0.0
4937,37,49,0.375,0.015000000000000124,141,-0.5130569338798523,141,0.0,141,0.0
4938,38,49,0.345,0.015000000000000124,141,-0.5127280354499817,141,0.0,141,0.0
4939,39,49,0.31499999999999995,0.015000000000000124,141,-0.5123798251152039,141,0.006845593452453613,141,0.0
4940,40,49,0.28500000000000014,0.015000000000000124,141,-0.5119033455848694,141,0.019697997719049454,141,0.0
4941,41,49,0.2550000000000001,0.015000000000000124,141,-0.5106156468391418,141,0.02720494195818901,141,0.0
4942,42,49,0.2250000000000001,0.015000000000000124,141,-0.5092971920967102,141,0.026118958368897438,141,0.0
4943,43,49,0.19500000000000006,0.015000000000000124,141,-0.508453905582428,141,0.0200208593159914,141,0.0
4944,44,49,0.16500000000000004,0.015000000000000124,141,-0.5081579089164734,141,0.015023350715637207,141,0.0
4945,45,49,0.135,0.015000000000000124,141,-0.5076212882995605,141,0.016302505508065224,141,0.0
4946,46,49,0.10499999999999998,0.015000000000000124,141,-0.5067153573036194,141,0.013234217651188374,141,0.0
4947,47,49,0.07499999999999996,0.015000000000000124,141,-0.5061389207839966,141,0.008186697959899902,141,0.0
4948,48,49,0.04500000000000015,0.015000000000000124,141,-0.5058149695396423,141,0.00557998800650239,141,0.0
4949,49,49,0.015000000000000124,0.015000000000000124,141,-0.5054243206977844,141,0.0,141,0.0
4950,50,49,-0.014999999999999902,0.015000000000000124,141,-0.5053703188896179,141,0.0,141,0.0
4951,51,49,-0.04499999999999993,0.015000000000000124,141,-0.5053703188896179,141,0.0,141,0.0
4952,52,49,-0.07499999999999996,0.015000000000000124,141,-0.5053240656852722,141,0.0012665987014770508,141,0.0
4953,53,49,-0.10499999999999998,0.015000000000000124,141,-0.505795955657959,141,0.04828242212533951,141,0.0
4954,54,49,-0.135,0.015000000000000124,141,-0.5065320134162903,141,0.027808457612991333,141,0.0
4955,55,49,-0.16500000000000004,0.015000000000000124,141,-0.5058149695396423,141,0.026681026443839073,141,0.0
4956,56,49,-0.19499999999999984,0.015000000000000124,141,-0.5058149695396423,141,0.016420086845755577,141,0.0
4957,57,49,-0.22499999999999987,0.015000000000000124,141,-0.5046029090881348,141,0.02059042453765869,141,0.0
4958,58,49,-0.2549999999999999,0.015000000000000124,141,-0.5043944716453552,141,0.008468826301395893,141,0.0
4959,59,49,-0.2849999999999999,0.015000000000000124,141,-0.5032671689987183,141,0.018809203058481216,141,0.0
4960,60,49,-0.31499999999999995,0.015000000000000124,141,-0.5015000104904175,141,0.00600803317502141,141,0.0
4961,61,49,-0.345,0.015000000000000124,141,-0.5013468265533447,141,0.0075817108154296875,141,0.0
4962,62,49,-0.375,0.015000000000000124,141,-0.5028471350669861,141,0.002264738082885742,141,0.0
4963,63,49,-0.405,0.015000000000000124,141,-0.5027689933776855,141,0.009945531375706196,141,0.0
4964,64,49,-0.43499999999999983,0.015000000000000124,141,-0.5017225742340088,141,0.012169902212917805,141,0.0
4965,65,49,-0.46499999999999986,0.015000000000000124,141,-0.5023045539855957,141,0.0009059906005859375,141,0.0
4966,66,49,-0.4949999999999999,0.015000000000000124,141,-0.5029066205024719,141,0.021022329106926918,141,0.0
4967,67,49,-0.5249999999999999,0.015000000000000124,141,-0.503878116607666,141,0.025387108325958252,141,0.0
4968,68,49,-0.5549999999999997,0.015000000000000124,141,-0.5049477219581604,141,0.005957819055765867,141,0.0
4969,69,49,-0.585,0.015000000000000124,141,-0.5049893856048584,141,0.0060598053969442844,141,0.0
4970,70,49,-0.6149999999999998,0.015000000000000124,141,-0.5049893856048584,141,0.014157096855342388,141,0.0
4971,71,49,-0.645,0.015000000000000124,141,-0.5055854320526123,141,0.019809197634458542,141,0.0
4972,72,49,-0.6749999999999998,0.015000000000000124,141,-0.5055937170982361,141,0.021330514922738075,141,0.0
4973,73,49,-0.7050000000000001,0.015000000000000124,141,-0.5053309202194214,141,0.013930599205195904,141,0.0
4974,74,49,-0.7349999999999999,0.015000000000000124,141,-0.5046361684799194,141,0.01709858514368534,141,0.0
4975,75,49,-0.7650000000000001,0.015000000000000124,141,-0.5042082071304321,141,0.01672705076634884,141,0.0
4976,76,49,-0.7949999999999999,0.015000000000000124,141,-0.5037667155265808,141,0.008907914161682129,141,0.0
4977,77,49,-0.8249999999999997,0.015000000000000124,141,-0.5034074783325195,141,0.0,141,0.0
4978,78,49,-0.855,0.015000000000000124,141,-0.503426730632782,141,0.0,141,0.0
4979,79,49,-0.8849999999999998,0.015000000000000124,141,-0.5034074783325195,141,0.0,141,0.0
4980,80,49,-0.915,0.015000000000000124,141,-0.5034074783325195,141,0.0,141,0.0
4981,81,49,-0.9449999999999998,0.015000000000000124,141,-0.503426730632782,141,0.0,141,0.0
4982,82,49,-0.9750000000000001,0.015000000000000124,141,-0.5042775869369507,141,0.014323887415230274,141,0.0
4983,83,49,-1.005,0.015000000000000124,141,-0.5047474503517151,141,0.011220574378967285,141,0.0
4984,84,49,-1.0349999999999997,0.015000000000000124,141,-0.5054768919944763,141,0.01182854175567627,141,0.0
4985,85,49,-1.065,0.015000000000000124,141,-0.5064916014671326,141,0.0,141,0.0
4986,86,49,-1.0949999999999998,0.015000000000000124,49,-0.5070647597312927,141,0.0,141,0.02199999988079071
4987,87,49,-1.125,0.015000000000000124,0,nan,141,0.0,141,0.02199999988079071
4988,88,49,-1.1549999999999998,0.015000000000000124,0,nan,141,0.0,141,0.02199999988079071
4989,89,49,-1.185,0.015000000000000124,0,nan,141,0.0,141,0.02199999988079071
4990,90,49,-1.2149999999999999,0.015000000000000124,0,nan,141,0.0,141,0.02199999988079071
4991,91,49,-1.245,0.015000000000000124,0,nan,141,0.0,141,0.02199999988079071
4992,92,49,-1.275,0.015000000000000124,0,nan,141,0.0,141,0.02199999988079071
4993,93,49,-1.3049999999999997,0.015000000000000124,0,nan,141,0.0,141,0.02199999988079071
4994,94,49,-1.335,0.015000000000000124,0,nan,141,0.0,141,0.02199999988079071
4995,95,49,-1.3649999999999998,0.015000000000000124,0,nan,141,0.0,141,0.02199999988079071
4996,96,49,-1.395,0.015000000000000124,0,nan,141,0.0,141,0.02199999988079071
4997,97,49,-1.4249999999999998,0.015000000000000124,0,nan,141,0.0,141,0.0
4998,98,49,-1.455,0.015000000000000124,0,nan,141,0.0,141,0.0
4999,99,49,-1.4849999999999999,0.015000000000000124,0,nan,141,0.0,141,0.0
5000,0,50,1.485,-0.014999999999999902,0,nan,141,0.0,141,0.0
5001,1,50,1.455,-0.014999999999999902,0,nan,141,0.0,141,0.0
5002,2,50,1.425,-0.014999999999999902,0,nan,141,0.0,141,0.0
5003,3,50,1.395,-0.014999999999999902,0,nan,141,0.0,141,0.02199999988079071
5004,4,50,1.365,-0.014999999999999902,0,nan,141,0.0,141,0.02199999988079071
5005,5,50,1.335,-0.014999999999999902,0,nan,141,0.0,141,0.02199999988079071
5006,6,50,1.305,-0.014999999999999902,0,nan,141,0.0,141,0.02199999988079071
5007,7,50,1.275,-0.014999999999999902,0,nan,141,0.0,141,0.02199999988079071
5008,8,50,1.245,-0.014999999999999902,0,nan,141,0.0,141,0.02199999988079071
5009,9,50,1.215,-0.014999999999999902,0,nan,141,0.0,141,0.02199999988079071
5010,10,50,1.185,-0.014999999999999902,127,-0.793967604637146,141,0.0,141,0.0
5011,11,50,1.155,-0.014999999999999902,134,-0.7935560941696167,141,0.0,141,0.0
5012,12,50,1.125,-0.014999999999999902,134,-0.7935560941696167,141,0.0,141,0.0
5013,13,50,1.095,-0.014999999999999902,141,-0.7933608889579773,141,0.12246668338775635,141,0.0
5014,14,50,1.065,-0.014999999999999902,141,-0.7833638191223145,141,0.24948716163635254,141,0.0
5015,15,50,1.0350000000000001,-0.014999999999999902,141,-0.7743987441062927,141,0.23761887848377228,141,0.0
5016,16,50,1.005,-0.014999999999999902,141,-0.766758918762207,141,0.299716979265213,141,0.0
5017,17,50,0.975,-0.014999999999999902,141,-0.7531687617301941,141,0.4065713882446289,141,0.0
5018,18,50,0.9450000000000001,-0.014999999999999902,141,-0.7409937381744385,141,0.43320995569229126,141,0.0
5019,19,50,0.915,-0.014999999999999902,141,-0.7277584075927734,141,0.4037310779094696,141,0.0
5020,20,50,0.885,-0.014999999999999902,141,-0.7160820364952087,141,0.3916611671447754,141,0.0
5021,21,50,0.855,-0.014999999999999902,141,-0.7040147185325623,141,0.3639447093009949,141,0.0
5022,22,50,0.8250000000000001,-0.014999999999999902,141,-0.6935960650444031,141,0.33418795466423035,141,0.0
5023,23,50,0.795,-0.014999999999999902,141,-0.682791531085968,141,0.38232389092445374,141,0.0
5024,24,50,0.765,-0.014999999999999902,141,-0.6695605516433716,141,0.4368385374546051,141,0.0
5025,25,50,0.735,-0.014999999999999902,141,-0.6560406684875488,141,0.43180209398269653,141,0.0
5026,26,50,0.7050000000000001,-0.014999999999999902,141,-0.6428782939910889,141,0.4423322081565857,141,0.0
5027,27,50,0.675,-0.014999999999999902,141,-0.6299373507499695,141,0.3803679645061493,141,0.0
5028,28,50,0.645,-0.014999999999999902,141,-0.6197749376296997,141,0.3853122293949127,141,0.0
5029,29,50,0.615,-0.014999999999999902,141,-0.6069636344909668,141,0.41113096475601196,141,0.0
5030,30,50,0.5850000000000001,-0.014999999999999902,141,-0.5954934358596802,141,0.36077365279197693,141,0.0
5031,31,50,0.555,-0.014999999999999902,141,-0.586063027381897,141,0.4420956075191498,141,0.0
5032,32,50,0.525,-0.014999999999999902,141,-0.5696716904640198,141,0.4720360040664673,141,0.0
5033,33,50,0.4950000000000001,-0.014999999999999902,141,-0.5576733350753784,141,0.3315955400466919,141,0.0
5034,34,50,0.4650000000000001,-0.014999999999999902,136,-0.5505650341510773,141,0.7600605487823486,141,0.0
5035,35,50,0.43500000000000005,-0.014999999999999902,141,-0.5138857364654541,141,0.6107320189476013,141,0.0
5036,36,50,0.405,-0.014999999999999902,141,-0.513523280620575,141,0.0024368364829570055,141,0.0
5037,37,50,0.375,-0.014999999999999902,141,-0.5133528113365173,141,0.00030994415283203125,141,0.0
5038,38,50,0.345,-0.014999999999999902,141,-0.5128568410873413,141,0.0029295682907104492,141,0.0
5039,39,50,0.31499999999999995,-0.014999999999999902,141,-0.5121057033538818,141,0.00756382942199707,141,0.0
5040,40,50,0.28500000000000014,-0.014999999999999902,141,-0.511404275894165,141,0.016419092193245888,141,0.0
5041,41,50,0.2550000000000001,-0.014999999999999902,141,-0.5107780694961548,141,0.025787949562072754,141,0.0
5042,42,50,0.2250000000000001,-0.014999999999999902,141,-0.5095444917678833,141,0.028764327988028526,141,0.0
5043,43,50,0.19500000000000006,-0.014999999999999902,141,-0.5090562105178833,141,0.024447308853268623,141,0.0
5044,44,50,0.16500000000000004,-0.014999999999999902,141,-0.508401095867157,141,0.01623840443789959,141,0.0
5045,45,50,0.135,-0.014999999999999902,141,-0.5078181028366089,141,0.016232332214713097,141,0.0
5046,46,50,0.10499999999999998,-0.014999999999999902,141,-0.5067222714424133,141,0.010418891906738281,141,0.0
5047,47,50,0.07499999999999996,-0.014999999999999902,141,-0.5063061714172363,141,0.006653865333646536,141,0.0
5048,48,50,0.04500000000000015,-0.014999999999999902,141,-0.5061111450195312,141,0.005008777137845755,141,0.0
5049,49,50,0.015000000000000124,-0.014999999999999902,141,-0.5055506229400635,141,0.0,141,0.0
5050,50,50,-0.014999999999999902,-0.014999999999999902,141,-0.5054980516433716,141,0.0,141,0.0
5051,51,50,-0.04499999999999993,-0.014999999999999902,141,-0.5054980516433716,141,0.0,141,0.0
5052,52,50,-0.07499999999999996,-0.014999999999999902,141,-0.5054980516433716,141,0.007458528038114309,141,0.0
5053,53,50,-0.10499999999999998,-0.014999999999999902,141,-0.5060358047485352,141,0.04674792289733887,141,0.0
5054,54,50,-0.135,-0.014999999999999902,141,-0.5067153573036194,141,0.031041106209158897,141,0.0
5055,55,50,-0.16500000000000004,-0.014999999999999902,141,-0.5059686303138733,141,0.029528141021728516,141,0.0
5056,56,50,-0.19499999999999984,-0.014999999999999902,141,-0.5058149695396423,141,0.016420086845755577,141,0.0
5057,57,50,-0.22499999999999987,-0.014999999999999902,141,-0.5049683451652527,141,0.021968994289636612,141,0.0
5058,58,50,-0.2549999999999999,-0.014999999999999902,141,-0.5042818784713745,141,0.005228320602327585,141,0.0
5059,59,50,-0.2849999999999999,-0.014999999999999902,141,-0.5028343796730042,141,0.004915893077850342,141,0.0
5060,60,50,-0.31499999999999995,-0.014999999999999902,141,-0.5015000104904175,141,0.0,141,0.0
5061,61,50,-0.345,-0.014999999999999902,141,-0.5013468265533447,141,0.0,141,0.0
5062,62,50,-0.375,-0.014999999999999902,141,-0.5032747983932495,141,0.0,141,0.0
5063,63,50,-0.405,-0.014999999999999902,141,-0.5032747983932495,141,0.0058822487480938435,141,0.0
5064,64,50,-0.43499999999999983,-0.014999999999999902,141,-0.5019918084144592,141,0.009430604986846447,141,0.0
5065,65,50,-0.46499999999999986,-0.014999999999999902,141,-0.5024061799049377,141,0.0006864468450658023,141,0.0
5066,66,50,-0.4949999999999999,-0.014999999999999902,141,-0.5033698678016663,141,0.01192999817430973,141,0.0
5067,67,50,-0.5249999999999999,-0.014999999999999902,141,-0.5043097734451294,141,0.015093386173248291,141,0.0
5068,68,50,-0.5549999999999997,-0.014999999999999902,141,-0.5051893591880798,141,0.0021736053749918938,141,0.0
5069,69,50,-0.585,-0.014999999999999902,141,-0.5051668882369995,141,0.0010281801223754883,141,0.0
5070,70,50,-0.6149999999999998,-0.014999999999999902,141,-0.5050691962242126,141,0.005979339126497507,141,0.0
5071,71,50,-0.645,-0.014999999999999902,141,-0.5055937170982361,141,0.018527111038565636,141,0.0
5072,72,50,-0.6749999999999998,-0.014999999999999902,141,-0.5057144165039062,141,0.022648772224783897,141,0.0
5073,73,50,-0.7050000000000001,-0.014999999999999902,141,-0.5054079294204712,141,0.01434286404401064,141,0.0
5074,74,50,-0.7349999999999999,-0.014999999999999902,141,-0.5048695802688599,141,0.015348196029663086,141,0.0
5075,75,50,-0.7650000000000001,-0.014999999999999902,141,-0.5044735074043274,141,0.012777679599821568,141,0.0
5076,76,50,-0.7949999999999999,-0.014999999999999902,141,-0.5038637518882751,141,0.005335608962923288,141,0.0
5077,77,50,-0.8249999999999997,-0.014999999999999902,141,-0.5035721063613892,141,0.0,141,0.0
5078,78,50,-0.855,-0.014999999999999902,141,-0.5036189556121826,141,0.0,141,0.0
5079,79,50,-0.8849999999999998,-0.014999999999999902,141,-0.5036120414733887,141,0.0,141,0.0
5080,80,50,-0.915,-0.014999999999999902,141,-0.5035721063613892,141,0.0,141,0.0
5081,81,50,-0.9449999999999998,-0.014999999999999902,141,-0.5035721063613892,141,0.0,141,0.0
5082,82,50,-0.9750000000000001,-0.014999999999999902,141,-0.5043736100196838,141,0.01194775104522705,141,0.0
5083,83,50,-1.005,-0.014999999999999902,141,-0.5048816204071045,141,0.0097592668607831,141,0.0
5084,84,50,-1.0349999999999997,-0.014999999999999902,141,-0.5054768919944763,141,0.01182854175567627,141,0.0
5085,85,50,-1.065,-0.014999999999999902,141,-0.5064916014671326,141,0.0,141,0.0
5086,86,50,-1.0949999999999998,-0.014999999999999902,49,-0.5070647597312927,141,0.0,141,0.02199999988079071
5087,87,50,-1.125,-0.014999999999999902,0,nan,141,0.0,141,0.02199999988079071
5088,88,50,-1.1549999999999998,-0.014999999999999902,0,nan,141,0.0,141,0.02199999988079071
5089,89,50,-1.185,-0.014999999999999902,0,nan,141,0.0,141,0.02199999988079071
5090,90,50,-1.2149999999999999,-0.014999999999999902,0,nan,141,0.0,141,0.02199999988079071
5091,91,50,-1.245,-0.014999999999999902,0,nan,141,0.0,141,0.02199999988079071
5092,92,50,-1.275,-0.014999999999999902,0,nan,141,0.0,141,0.02199999988079071
5093,93,50,-1.3049999999999997,-0.014999999999999902,0,nan,141,0.0,141,0.02199999988079071
5094,94,50,-1.335,-0.014999999999999902,0,nan,141,0.0,141,0.02199999988079071
5095,95,50,-1.3649999999999998,-0.014999999999999902,0,nan,141,0.0,141,0.02199999988079071
5096,96,50,-1.395,-0.014999999999999902,0,nan,141,0.0,141,0.02199999988079071
5097,97,50,-1.4249999999999998,-0.014999999999999902,0,nan,141,0.0,141,0.0
5098,98,50,-1.455,-0.014999999999999902,0,nan,141,0.0,141,0.0
5099,99,50,-1.4849999999999999,-0.014999999999999902,0,nan,141,0.0,141,0.0
5100,0,51,1.485,-0.04499999999999993,0,nan,141,0.0,141,0.0
5101,1,51,1.455,-0.04499999999999993,0,nan,141,0.0,141,0.0
5102,2,51,1.425,-0.04499999999999993,0,nan,141,0.0,141,0.0
5103,3,51,1.395,-0.04499999999999993,0,nan,141,0.0,141,0.02199999988079071
5104,4,51,1.365,-0.04499999999999993,0,nan,141,0.0,141,0.02199999988079071
5105,5,51,1.335,-0.04499999999999993,0,nan,141,0.0,141,0.02199999988079071
5106,6,51,1.305,-0.04499999999999993,0,nan,141,0.0,141,0.02199999988079071
5107,7,51,1.275,-0.04499999999999993,0,nan,141,0.0,141,0.02199999988079071
5108,8,51,1.245,-0.04499999999999993,0,nan,141,0.0,141,0.02199999988079071
5109,9,51,1.215,-0.04499999999999993,0,nan,141,0.0,141,0.02199999988079071
5110,10,51,1.185,-0.04499999999999993,127,-0.7939856648445129,141,0.0,141,0.0
5111,11,51,1.155,-0.04499999999999993,134,-0.7937284708023071,141,0.0,141,0.0
5112,12,51,1.125,-0.04499999999999993,134,-0.7937284708023071,141,0.0,141,0.0
5113,13,51,1.095,-0.04499999999999993,141,-0.7935038208961487,141,0.12014011293649673,141,0.0
5114,14,51,1.065,-0.04499999999999993,141,-0.7836146354675293,141,0.2533336579799652,141,0.0
5115,15,51,1.0350000000000001,-0.04499999999999993,141,-0.7743077874183655,141,0.2285962700843811,141,0.0
5116,16,51,1.005,-0.04499999999999993,141,-0.7667810916900635,141,0.30423885583877563,141,0.0
5117,17,51,0.975,-0.04499999999999993,141,-0.7538241147994995,141,0.4034072160720825,141,0.0
5118,18,51,0.9450000000000001,-0.04499999999999993,141,-0.7415411472320557,141,0.43821218609809875,141,0.0
5119,19,51,0.915,-0.04499999999999993,141,-0.7277584075927734,141,0.40937066078186035,141,0.0
5120,20,51,0.885,-0.04499999999999993,141,-0.7160820364952087,141,0.39153364300727844,141,0.0
5121,21,51,0.855,-0.04499999999999993,141,-0.7039958238601685,141,0.3601905107498169,141,0.0
5122,22,51,0.8250000000000001,-0.04499999999999993,141,-0.6936132311820984,141,0.32947811484336853,141,0.0
5123,23,51,0.795,-0.04499999999999993,141,-0.6827174425125122,141,0.3861185610294342,141,0.0
5124,24,51,0.765,-0.04499999999999993,141,-0.669988214969635,141,0.44492170214653015,141,0.0
5125,25,51,0.735,-0.04499999999999993,141,-0.6560406684875488,141,0.444301962852478,141,0.0
5126,26,51,0.7050000000000001,-0.04499999999999993,141,-0.6426866054534912,141,0.4387552738189697,141,0.0
5127,27,51,0.675,-0.04499999999999993,141,-0.6299373507499695,141,0.3747135400772095,141,0.0
5128,28,51,0.645,-0.04499999999999993,141,-0.620073676109314,141,0.3814031779766083,141,0.0
5129,29,51,0.615,-0.04499999999999993,141,-0.6080466508865356,141,0.40152454376220703,141,0.0
5130,30,51,0.5850000000000001,-0.04499999999999993,141,-0.5969323515892029,141,0.36649948358535767,141,0.0
5131,31,51,0.555,-0.04499999999999993,141,-0.5863786339759827,141,0.4580254852771759,141,0.0
5132,32,51,0.525,-0.04499999999999993,141,-0.5694803595542908,141,0.48022955656051636,141,0.0
5133,33,51,0.4950000000000001,-0.04499999999999993,141,-0.5575083494186401,141,0.332151859998703,141,0.0
5134,34,51,0.4650000000000001,-0.04499999999999993,137,-0.5501595139503479,141,0.7590621709823608,141,0.0
5135,35,51,0.43500000000000005,-0.04499999999999993,141,-0.5131810307502747,141,0.6107320189476013,141,0.0
5136,36,51,0.405,-0.04499999999999993,141,-0.5131464004516602,141,0.0,141,0.0
5137,37,51,0.375,-0.04499999999999993,141,-0.5128568410873413,141,0.0,141,0.0
5138,38,51,0.345,-0.04499999999999993,141,-0.5124999284744263,141,0.0,141,0.0
5139,39,51,0.31499999999999995,-0.04499999999999993,141,-0.5120552778244019,141,0.0,141,0.0
5140,40,51,0.28500000000000014,-0.04499999999999993,141,-0.511323869228363,141,0.0023581162095069885,141,0.0
5141,41,51,0.2550000000000001,-0.04499999999999993,141,-0.5109526515007019,141,0.01697441004216671,141,0.0
5142,42,51,0.2250000000000001,-0.04499999999999993,141,-0.5095444917678833,141,0.023666024208068848,141,0.0
5143,43,51,0.19500000000000006,-0.04499999999999993,141,-0.5091588497161865,141,0.018626032397150993,141,0.0
5144,44,51,0.16500000000000004,-0.04499999999999993,141,-0.5088019371032715,141,0.015023350715637207,141,0.0
5145,45,51,0.135,-0.04499999999999993,141,-0.5078181028366089,141,0.014385581016540527,141,0.0
5146,46,51,0.10499999999999998,-0.04499999999999993,141,-0.5067222714424133,141,0.009156267158687115,141,0.0
5147,47,51,0.07499999999999996,-0.04499999999999993,141,-0.5063061714172363,141,0.00644284812733531,141,0.0
5148,48,51,0.04500000000000015,-0.04499999999999993,141,-0.5061305165290833,141,0.003384202253073454,141,0.0
5149,49,51,0.015000000000000124,-0.04499999999999993,141,-0.5056557655334473,141,0.0,141,0.0
5150,50,51,-0.014999999999999902,-0.04499999999999993,141,-0.5055692791938782,141,0.0,141,0.0
5151,51,51,-0.04499999999999993,-0.04499999999999993,141,-0.5055692791938782,141,0.0,141,0.0
5152,52,51,-0.07499999999999996,-0.04499999999999993,141,-0.5055692791938782,141,0.0003322073316667229,141,0.0
5153,53,51,-0.10499999999999998,-0.04499999999999993,141,-0.5060597658157349,141,0.0430375337600708,141,0.0
5154,54,51,-0.135,-0.04499999999999993,141,-0.5067376494407654,141,0.031041106209158897,141,0.0
5155,55,51,-0.16500000000000004,-0.04499999999999993,141,-0.5061135292053223,141,0.025263428688049316,141,0.0
5156,56,51,-0.19499999999999984,-0.04499999999999993,141,-0.5058149695396423,141,0.012428064830601215,141,0.0
5157,57,51,-0.22499999999999987,-0.04499999999999993,141,-0.5046989917755127,141,0.013196880929172039,141,0.0
5158,58,51,-0.2549999999999999,-0.04499999999999993,141,-0.5043765306472778,141,0.0026067097205668688,141,0.0
5159,59,51,-0.2849999999999999,-0.04499999999999993,141,-0.5028343796730042,141,0.002440810203552246,141,0.0
5160,60,51,-0.31499999999999995,-0.04499999999999993,141,-0.5020342469215393,141,0.0,141,0.0
5161,61,51,-0.345,-0.04499999999999993,141,-0.5018734335899353,141,0.0034386913757771254,141,0.0
5162,62,51,-0.375,-0.04499999999999993,141,-0.5035608410835266,141,0.0024249155540019274,141,0.0
5163,63,51,-0.405,-0.04499999999999993,141,-0.5035608410835266,141,0.008277098648250103,141,0.0
5164,64,51,-0.43499999999999983,-0.04499999999999993,141,-0.5027352571487427,141,0.010973215103149414,141,0.0
5165,65,51,-0.46499999999999986,-0.04499999999999993,141,-0.5029174089431763,141,0.002211828948929906,141,0.0
5166,66,51,-0.4949999999999999,-0.04499999999999993,141,-0.5037431120872498,141,0.02181629277765751,141,0.0
5167,67,51,-0.5249999999999999,-0.04499999999999993,141,-0.5044395327568054,141,0.02181629277765751,141,0.0
5168,68,51,-0.5549999999999997,-0.04499999999999993,141,-0.5053202509880066,141,0.00514984130859375,141,0.0
5169,69,51,-0.585,-0.04499999999999993,141,-0.5051893591880798,141,0.005799531936645508,141,0.0
5170,70,51,-0.6149999999999998,-0.04499999999999993,141,-0.5051893591880798,141,0.007955233566462994,141,0.0
5171,71,51,-0.645,-0.04499999999999993,141,-0.5055937170982361,141,0.016361474990844727,141,0.0
5172,72,51,-0.6749999999999998,-0.04499999999999993,141,-0.5058178305625916,141,0.021330514922738075,141,0.0
5173,73,51,-0.7050000000000001,-0.04499999999999993,141,-0.5055102705955505,141,0.01403594296425581,141,0.0
5174,74,51,-0.7349999999999999,-0.04499999999999993,141,-0.5049477219581604,141,0.016181668266654015,141,0.0
5175,75,51,-0.7650000000000001,-0.04499999999999993,141,-0.5045425295829773,141,0.011718329973518848,141,0.0
5176,76,51,-0.7949999999999999,-0.04499999999999993,141,-0.5039682984352112,141,0.004342179279774427,141,0.0
5177,77,51,-0.8249999999999997,-0.04499999999999993,141,-0.5036290884017944,141,0.0,141,0.0
5178,78,51,-0.855,-0.04499999999999993,141,-0.5036290884017944,141,0.0,141,0.0
5179,79,51,-0.8849999999999998,-0.04499999999999993,141,-0.5036189556121826,141,0.0,141,0.0
5180,80,51,-0.915,-0.04499999999999993,141,-0.5036161541938782,141,0.0,141,0.0
5181,81,51,-0.9449999999999998,-0.04499999999999993,141,-0.5036161541938782,141,0.0,141,0.0
5182,82,51,-0.9750000000000001,-0.04499999999999993,141,-0.5044195055961609,141,0.010338425636291504,141,0.0
5183,83,51,-1.005,-0.04499999999999993,141,-0.5048816204071045,141,0.008406241424381733,141,0.0
5184,84,51,-1.0349999999999997,-0.04499999999999993,141,-0.5054768919944763,141,0.011220574378967285,141,0.0
5185,85,51,-1.065,-0.04499999999999993,141,-0.5064916014671326,141,0.0,141,0.0
5186,86,51,-1.0949999999999998,-0.04499999999999993,49,-0.5070647597312927,141,0.0,141,0.02199999988079071
5187,87,51,-1.125,-0.04499999999999993,0,nan,141,0.0,141,0.02199999988079071
5188,88,51,-1.1549999999999998,-0.04499999999999993,0,nan,141,0.0,141,0.02199999988079071
5189,89,51,-1.185,-0.04499999999999993,0,nan,141,0.0,141,0.02199999988079071
5190,90,51,-1.2149999999999999,-0.04499999999999993,0,nan,141,0.0,141,0.02199999988079071
5191,91,51,-1.245,-0.04499999999999993,0,nan,141,0.0,141,0.02199999988079071
5192,92,51,-1.275,-0.04499999999999993,0,nan,141,0.0,141,0.02199999988079071
5193,93,51,-1.3049999999999997,-0.04499999999999993,0,nan,141,0.0,141,0.02199999988079071
5194,94,51,-1.335,-0.04499999999999993,0,nan,141,0.0,141,0.02199999988079071
5195,95,51,-1.3649999999999998,-0.04499999999999993,0,nan,141,0.0,141,0.02199999988079071
5196,96,51,-1.395,-0.04499999999999993,0,nan,141,0.0,141,0.02199999988079071
5197,97,51,-1.4249999999999998,-0.04499999999999993,0,nan,141,0.0,141,0.0
5198,98,51,-1.455,-0.04499999999999993,0,nan,141,0.0,141,0.0
5199,99,51,-1.4849999999999999,-0.04499999999999993,0,nan,141,0.0,141,0.0
5200,0,52,1.485,-0.07499999999999996,0,nan,141,0.0,141,0.0
5201,1,52,1.455,-0.07499999999999996,0,nan,141,0.0,141,0.0
5202,2,52,1.425,-0.07499999999999996,0,nan,141,0.0,141,0.0
5203,3,52,1.395,-0.07499999999999996,0,nan,141,0.0,141,0.02199999988079071
5204,4,52,1.365,-0.07499999999999996,0,nan,141,0.0,141,0.02199999988079071
5205,5,52,1.335,-0.07499999999999996,0,nan,141,0.0,141,0.02199999988079071
5206,6,52,1.305,-0.07499999999999996,0,nan,141,0.0,141,0.02199999988079071
5207,7,52,1.275,-0.07499999999999996,0,nan,141,0.0,141,0.02199999988079071
5208,8,52,1.245,-0.07499999999999996,0,nan,141,0.0,141,0.02199999988079071
5209,9,52,1.215,-0.07499999999999996,0,nan,141,0.0,141,0.02199999988079071
5210,10,52,1.185,-0.07499999999999996,127,-0.793967604637146,141,0.0,141,0.0
5211,11,52,1.155,-0.07499999999999996,134,-0.7936199605464935,141,0.0,141,0.0
5212,12,52,1.125,-0.07499999999999996,134,-0.7936199605464935,141,0.0,141,0.0
5213,13,52,1.095,-0.07499999999999996,141,-0.7935038208961487,141,0.12285805493593216,141,0.0
5214,14,52,1.065,-0.07499999999999996,141,-0.783643364906311,141,0.24948087334632874,141,0.0
5215,15,52,1.0350000000000001,-0.07499999999999996,141,-0.7743284106254578,141,0.23598571121692657,141,0.0
5216,16,52,1.005,-0.07499999999999996,141,-0.7674164175987244,141,0.30336400866508484,141,0.0
5217,17,52,0.975,-0.07499999999999996,141,-0.7540122866630554,141,0.4034072160720825,141,0.0
5218,18,52,0.9450000000000001,-0.07499999999999996,141,-0.7419134378433228,141,0.4450547993183136,141,0.0
5219,19,52,0.915,-0.07499999999999996,141,-0.7277309894561768,141,0.41112998127937317,141,0.0
5220,20,52,0.885,-0.07499999999999996,141,-0.7160835862159729,141,0.3964294493198395,141,0.0
5221,21,52,0.855,-0.07499999999999996,141,-0.7039958238601685,141,0.35519179701805115,141,0.0
5222,22,52,0.8250000000000001,-0.07499999999999996,141,-0.6936132311820984,141,0.3287160098552704,141,0.0
5223,23,52,0.795,-0.07499999999999996,141,-0.6827511191368103,141,0.3889417052268982,141,0.0
5224,24,52,0.765,-0.07499999999999996,141,-0.6702739000320435,141,0.45133575797080994,141,0.0
5225,25,52,0.735,-0.07499999999999996,141,-0.6556423902511597,141,0.444301962852478,141,0.0
5226,26,52,0.7050000000000001,-0.07499999999999996,141,-0.6425814032554626,141,0.43469735980033875,141,0.0
5227,27,52,0.675,-0.07499999999999996,141,-0.6299373507499695,141,0.3752768039703369,141,0.0
5228,28,52,0.645,-0.07499999999999996,141,-0.6205276846885681,141,0.3773808479309082,141,0.0
5229,29,52,0.615,-0.07499999999999996,141,-0.6086772680282593,141,0.3993256390094757,141,0.0
5230,30,52,0.5850000000000001,-0.07499999999999996,141,-0.5972425937652588,141,0.3755509853363037,141,0.0
5231,31,52,0.555,-0.07499999999999996,141,-0.5863886475563049,141,0.4717426896095276,141,0.0
5232,32,52,0.525,-0.07499999999999996,141,-0.5685781240463257,141,0.48864907026290894,141,0.0
5233,33,52,0.4950000000000001,-0.07499999999999996,141,-0.55678391456604,141,0.3395240902900696,141,0.0
5234,34,52,0.4650000000000001,-0.07499999999999996,137,-0.5499963760375977,141,0.7519562244415283,141,0.0
5235,35,52,0.43500000000000005,-0.07499999999999996,141,-0.5130569338798523,141,0.6020317673683167,141,0.0
5236,36,52,0.405,-0.07499999999999996,141,-0.513044536113739,141,0.0,141,0.0
5237,37,52,0.375,-0.07499999999999996,141,-0.5127280354499817,141,0.0,141,0.0
5238,38,52,0.345,-0.07499999999999996,141,-0.5123798251152039,141,0.0,141,0.0
5239,39,52,0.31499999999999995,-0.07499999999999996,141,-0.5120860934257507,141,0.0,141,0.0
5240,40,52,0.28500000000000014,-0.07499999999999996,141,-0.5111861824989319,141,0.0,141,0.0
5241,41,52,0.2550000000000001,-0.07499999999999996,141,-0.5106156468391418,141,0.013716022484004498,141,0.0
5242,42,52,0.2250000000000001,-0.07499999999999996,141,-0.5094559192657471,141,0.023666024208068848,141,0.0
5243,43,52,0.19500000000000006,-0.07499999999999996,141,-0.5090774297714233,141,0.01478393841534853,141,0.0
5244,44,52,0.16500000000000004,-0.07499999999999996,141,-0.5086684823036194,141,0.01200517825782299,141,0.0
5245,45,52,0.135,-0.07499999999999996,141,-0.5080327987670898,141,0.010685126297175884,141,0.0
5246,46,52,0.10499999999999998,-0.07499999999999996,141,-0.5068216919898987,141,0.0027964513283222914,141,0.0
5247,47,52,0.07499999999999996,-0.07499999999999996,141,-0.5065046548843384,141,0.002002668334171176,141,0.0
5248,48,52,0.04500000000000015,-0.07499999999999996,141,-0.5061389207839966,141,0.0006515200366266072,141,0.0
5249,49,52,0.015000000000000124,-0.07499999999999996,141,-0.5058120489120483,141,0.0,141,0.0
5250,50,52,-0.014999999999999902,-0.07499999999999996,141,-0.5057385563850403,141,0.0,141,0.0
5251,51,52,-0.04499999999999993,-0.07499999999999996,141,-0.5056787729263306,141,0.0,141,0.0
5252,52,52,-0.07499999999999996,-0.07499999999999996,141,-0.5056787729263306,141,0.0,141,0.0
5253,53,52,-0.10499999999999998,-0.07499999999999996,141,-0.5060636401176453,141,0.03426770493388176,141,0.0
5254,54,52,-0.135,-0.07499999999999996,141,-0.5066853761672974,141,0.02706056833267212,141,0.0
5255,55,52,-0.16500000000000004,-0.07499999999999996,141,-0.5059801340103149,141,0.019486745819449425,141,0.0
5256,56,52,-0.19499999999999984,-0.07499999999999996,141,-0.5057259798049927,141,0.011361019685864449,141,0.0
5257,57,52,-0.22499999999999987,-0.07499999999999996,141,-0.5051451325416565,141,0.022712165489792824,141,0.0
5258,58,52,-0.2549999999999999,-0.07499999999999996,141,-0.5045118927955627,141,0.008585430681705475,141,0.0
5259,59,52,-0.2849999999999999,-0.07499999999999996,141,-0.5035607218742371,141,0.0021724540274590254,141,0.0
5260,60,52,-0.31499999999999995,-0.07499999999999996,141,-0.5027352571487427,141,0.0,141,0.0
5261,61,52,-0.345,-0.07499999999999996,141,-0.5023809671401978,141,0.007554888725280762,141,0.0
5262,62,52,-0.375,-0.07499999999999996,141,-0.5039658546447754,141,0.0075022378005087376,141,0.0
5263,63,52,-0.405,-0.07499999999999996,141,-0.5039658546447754,141,0.01793603040277958,141,0.0
5264,64,52,-0.43499999999999983,-0.07499999999999996,141,-0.503114640712738,141,0.01793603040277958,141,0.0
5265,65,52,-0.46499999999999986,-0.07499999999999996,141,-0.503452479839325,141,0.013750791549682617,141,0.0
5266,66,52,-0.4949999999999999,-0.07499999999999996,141,-0.5039941072463989,141,0.02696911431849003,141,0.0
5267,67,52,-0.5249999999999999,-0.07499999999999996,141,-0.5045350790023804,141,0.02721012569963932,141,0.0
5268,68,52,-0.5549999999999997,-0.07499999999999996,141,-0.5054906010627747,141,0.015541911125183105,141,0.0
5269,69,52,-0.585,-0.07499999999999996,141,-0.5054906010627747,141,0.021204352378845215,141,0.0
5270,70,52,-0.6149999999999998,-0.07499999999999996,141,-0.5054481029510498,141,0.015611822716891766,141,0.0
5271,71,52,-0.645,-0.07499999999999996,141,-0.5057271718978882,141,0.022648772224783897,141,0.0
5272,72,52,-0.6749999999999998,-0.07499999999999996,141,-0.505950927734375,141,0.02397199533879757,141,0.0
5273,73,52,-0.7050000000000001,-0.07499999999999996,141,-0.5055124759674072,141,0.01722872257232666,141,0.0
5274,74,52,-0.7349999999999999,-0.07499999999999996,141,-0.5049752593040466,141,0.01833350583910942,141,0.0
5275,75,52,-0.7650000000000001,-0.07499999999999996,141,-0.5046511888504028,141,0.016617774963378906,141,0.0
5276,76,52,-0.7949999999999999,-0.07499999999999996,141,-0.5040915608406067,141,0.011383493430912495,141,0.0
5277,77,52,-0.8249999999999997,-0.07499999999999996,141,-0.5037631392478943,141,0.0,141,0.0
5278,78,52,-0.855,-0.07499999999999996,141,-0.5037606358528137,141,0.0,141,0.0
5279,79,52,-0.8849999999999998,-0.07499999999999996,141,-0.5037539005279541,141,0.0,141,0.0
5280,80,52,-0.915,-0.07499999999999996,141,-0.5037103295326233,141,0.0,141,0.0
5281,81,52,-0.9449999999999998,-0.07499999999999996,141,-0.5037103295326233,141,0.0,141,0.0
5282,82,52,-0.9750000000000001,-0.07499999999999996,141,-0.5044711232185364,141,0.013328592292964458,141,0.0
5283,83,52,-1.005,-0.07499999999999996,141,-0.5049195289611816,141,0.010338425636291504,141,0.0
5284,84,52,-1.0349999999999997,-0.07499999999999996,141,-0.5054768919944763,141,0.011220574378967285,141,0.0
5285,85,52,-1.065,-0.07499999999999996,141,-0.5064916014671326,141,0.0,141,0.0
5286,86,52,-1.0949999999999998,-0.07499999999999996,49,-0.5070647597312927,141,0.0,141,0.02199999988079071
5287,87,52,-1.125,-0.07499999999999996,0,nan,141,0.0,141,0.02199999988079071
5288,88,52,-1.1549999999999998,-0.07499999999999996,0,nan,141,0.0,141,0.02199999988079071
5289,89,52,-1.185,-0.07499999999999996,0,nan,141,0.0,141,0.02199999988079071
5290,90,52,-1.2149999999999999,-0.07499999999999996,0,nan,141,0.0,141,0.02199999988079071
5291,91,52,-1.245,-0.07499999999999996,0,nan,141,0.0,141,0.02199999988079071
5292,92,52,-1.275,-0.07499999999999996,0,nan,141,0.0,141,0.02199999988079071
5293,93,52,-1.3049999999999997,-0.07499999999999996,0,nan,141,0.0,141,0.02199999988079071
5294,94,52,-1.335,-0.07499999999999996,0,nan,141,0.0,141,0.02199999988079071
5295,95,52,-1.3649999999999998,-0.07499999999999996,0,nan,141,0.0,141,0.02199999988079071
5296,96,52,-1.395,-0.07499999999999996,0,nan,141,0.0,141,0.02199999988079071
5297,97,52,-1.4249999999999998,-0.07499999999999996,0,nan,141,0.0,141,0.0
5298,98,52,-1.455,-0.07499999999999996,0,nan,141,0.0,141,0.0
5299,99,52,-1.4849999999999999,-0.07499999999999996,0,nan,141,0.0,141,0.0
5300,0,53,1.485,-0.10499999999999998,0,nan,141,0.0,141,0.0
5301,1,53,1.455,-0.10499999999999998,0,nan,141,0.0,141,0.0
5302,2,53,1.425,-0.10499999999999998,0,nan,141,0.0,141,0.0
5303,3,53,1.395,-0.10499999999999998,0,nan,141,0.0,141,0.02199999988079071
5304,4,53,1.365,-0.10499999999999998,0,nan,141,0.0,141,0.02199999988079071
5305,5,53,1.335,-0.10499999999999998,0,nan,141,0.0,141,0.02199999988079071
5306,6,53,1.305,-0.10499999999999998,0,nan,141,0.0,141,0.02199999988079071
5307,7,53,1.275,-0.10499999999999998,0,nan,141,0.0,141,0.02199999988079071
5308,8,53,1.245,-0.10499999999999998,0,nan,141,0.0,141,0.02199999988079071
5309,9,53,1.215,-0.10499999999999998,0,nan,141,0.0,141,0.02199999988079071
5310,10,53,1.185,-0.10499999999999998,127,-0.7941846251487732,141,0.0,141,0.0
5311,11,53,1.155,-0.10499999999999998,134,-0.7938409745693207,141,0.0,141,0.0
5312,12,53,1.125,-0.10499999999999998,134,-0.7938409745693207,141,0.0,141,0.0
5313,13,53,1.095,-0.10499999999999998,141,-0.793561577796936,141,0.11790692806243896,141,0.0
5314,14,53,1.065,-0.10499999999999998,141,-0.7837669253349304,141,0.24713025987148285,141,0.0
5315,15,53,1.0350000000000001,-0.10499999999999998,141,-0.774427592754364,141,0.22781187295913696,141,0.0
5316,16,53,1.005,-0.10499999999999998,141,-0.7680895924568176,141,0.3047761917114258,141,0.0
5317,17,53,0.975,-0.10499999999999998,141,-0.7542492151260376,141,0.38884830474853516,141,0.0
5318,18,53,0.9450000000000001,-0.10499999999999998,141,-0.7421135306358337,141,0.4463096559047699,141,0.0
5319,19,53,0.915,-0.10499999999999998,141,-0.7277584075927734,141,0.4117422103881836,141,0.0
5320,20,53,0.885,-0.10499999999999998,141,-0.7160882949829102,141,0.4048387110233307,141,0.0
5321,21,53,0.855,-0.10499999999999998,141,-0.7040147185325623,141,0.3647410273551941,141,0.0
5322,22,53,0.8250000000000001,-0.10499999999999998,141,-0.6937487125396729,141,0.3262244164943695,141,0.0
5323,23,53,0.795,-0.10499999999999998,141,-0.6829017996788025,141,0.4020344018936157,141,0.0
5324,24,53,0.765,-0.10499999999999998,141,-0.6699753999710083,141,0.4550478458404541,141,0.0
5325,25,53,0.735,-0.10499999999999998,141,-0.6554638743400574,141,0.444301962852478,141,0.0
5326,26,53,0.7050000000000001,-0.10499999999999998,141,-0.6426084637641907,141,0.4272981584072113,141,0.0
5327,27,53,0.675,-0.10499999999999998,141,-0.6299609541893005,141,0.3753652274608612,141,0.0
5328,28,53,0.645,-0.10499999999999998,141,-0.6202268004417419,141,0.3675808608531952,141,0.0
5329,29,53,0.615,-0.10499999999999998,141,-0.6089158654212952,141,0.3961543142795563,141,0.0
5330,30,53,0.5850000000000001,-0.10499999999999998,141,-0.5973023772239685,141,0.38566291332244873,141,0.0
5331,31,53,0.555,-0.10499999999999998,141,-0.5863886475563049,141,0.4739989936351776,141,0.0
5332,32,53,0.525,-0.10499999999999998,141,-0.5682372450828552,141,0.5031612515449524,141,0.0
5333,33,53,0.4950000000000001,-0.10499999999999998,141,-0.5563623905181885,141,0.49957549571990967,141,0.0
5334,34,53,0.4650000000000001,-0.10499999999999998,138,-0.5495708882808685,141,0.7598685622215271,141,0.0
5335,35,53,0.43500000000000005,-0.10499999999999998,141,-0.5129722952842712,141,0.5118341445922852,141,0.0
5336,36,53,0.405,-0.10499999999999998,141,-0.5129722952842712,141,0.0,141,0.0
5337,37,53,0.375,-0.10499999999999998,141,-0.5124999284744263,141,0.0,141,0.0
5338,38,53,0.345,-0.10499999999999998,141,-0.5123467445373535,141,0.000892459531314671,141,0.0
5339,39,53,0.31499999999999995,-0.10499999999999998,141,-0.5120552778244019,141,0.0014444192638620734,141,0.0
5340,40,53,0.28500000000000014,-0.10499999999999998,141,-0.5111861824989319,141,0.005612770561128855,141,0.0
5341,41,53,0.2550000000000001,-0.10499999999999998,141,-0.5106156468391418,141,0.013716022484004498,141,0.0
5342,42,53,0.2250000000000001,-0.10499999999999998,141,-0.5095868706703186,141,0.019085407257080078,141,0.0
5343,43,53,0.19500000000000006,-0.10499999999999998,141,-0.5093451738357544,141,0.009667783044278622,141,0.0
5344,44,53,0.16500000000000004,-0.10499999999999998,141,-0.5090562105178833,141,0.006430347915738821,141,0.0
5345,45,53,0.135,-0.10499999999999998,141,-0.5081931352615356,141,0.0058809914626181126,141,0.0
5346,46,53,0.10499999999999998,-0.10499999999999998,141,-0.5071560740470886,141,0.0,141,0.0
5347,47,53,0.07499999999999996,-0.10499999999999998,141,-0.5065422058105469,141,0.0010701786959543824,141,0.0
5348,48,53,0.04500000000000015,-0.10499999999999998,141,-0.5061389207839966,141,0.0012308359146118164,141,0.0
5349,49,53,0.015000000000000124,-0.10499999999999998,141,-0.5058120489120483,141,0.0,141,0.0
5350,50,53,-0.014999999999999902,-0.10499999999999998,141,-0.5057385563850403,141,0.0,141,0.0
5351,51,53,-0.04499999999999993,-0.10499999999999998,141,-0.5056787729263306,141,0.0,141,0.0
5352,52,53,-0.07499999999999996,-0.10499999999999998,141,-0.5056787729263306,141,0.0,141,0.0
5353,53,53,-0.10499999999999998,-0.10499999999999998,141,-0.5060636401176453,141,0.026164451614022255,141,0.0
5354,54,53,-0.135,-0.10499999999999998,141,-0.5066853761672974,141,0.021519264206290245,141,0.0
5355,55,53,-0.16500000000000004,-0.10499999999999998,141,-0.5059801340103149,141,0.01950741745531559,141,0.0
5356,56,53,-0.19499999999999984,-0.10499999999999998,141,-0.5059686303138733,141,0.016224781051278114,141,0.0
5357,57,53,-0.22499999999999987,-0.10499999999999998,141,-0.5052427649497986,141,0.039911869913339615,141,0.0
5358,58,53,-0.2549999999999999,-0.10499999999999998,141,-0.5050418376922607,141,0.029284754768013954,141,0.0
5359,59,53,-0.2849999999999999,-0.10499999999999998,141,-0.5039941072463989,141,0.01326004695147276,141,0.0
5360,60,53,-0.31499999999999995,-0.10499999999999998,141,-0.5033155083656311,141,0.0,141,0.0
5361,61,53,-0.345,-0.10499999999999998,141,-0.5027352571487427,141,0.011594593524932861,141,0.0
5362,62,53,-0.375,-0.10499999999999998,141,-0.5043441653251648,141,0.01306310947984457,141,0.0
5363,63,53,-0.405,-0.10499999999999998,141,-0.5043034553527832,141,0.02226429618895054,141,0.0
5364,64,53,-0.43499999999999983,-0.10499999999999998,141,-0.5033567547798157,141,0.022723278030753136,141,0.0
5365,65,53,-0.46499999999999986,-0.10499999999999998,141,-0.5036648511886597,141,0.02402365207672119,141,0.0
5366,66,53,-0.4949999999999999,-0.10499999999999998,141,-0.504510760307312,141,0.035830337554216385,141,0.0
5367,67,53,-0.5249999999999999,-0.10499999999999998,141,-0.5049684047698975,141,0.04006326198577881,141,0.0
5368,68,53,-0.5549999999999997,-0.10499999999999998,141,-0.5058939456939697,141,0.029540061950683594,141,0.0
5369,69,53,-0.585,-0.10499999999999998,141,-0.5058643221855164,141,0.029681269079446793,141,0.0
5370,70,53,-0.6149999999999998,-0.10499999999999998,141,-0.5058939456939697,141,0.029201308265328407,141,0.0
5371,71,53,-0.645,-0.10499999999999998,141,-0.5060778260231018,141,0.026132186874747276,141,0.0
5372,72,53,-0.6749999999999998,-0.10499999999999998,141,-0.5060893297195435,141,0.025660913437604904,141,0.0
5373,73,53,-0.7050000000000001,-0.10499999999999998,141,-0.505766749382019,141,0.018422026187181473,141,0.0
5374,74,53,-0.7349999999999999,-0.10499999999999998,141,-0.505150318145752,141,0.0185549259185791,141,0.0
5375,75,53,-0.7650000000000001,-0.10499999999999998,141,-0.504797101020813,141,0.018536051735281944,141,0.0
5376,76,53,-0.7949999999999999,-0.10499999999999998,141,-0.5042128562927246,141,0.01467184443026781,141,0.0
5377,77,53,-0.8249999999999997,-0.10499999999999998,141,-0.5039547681808472,141,0.006945800501853228,141,0.0
5378,78,53,-0.855,-0.10499999999999998,141,-0.5038637518882751,141,0.0,141,0.0
5379,79,53,-0.8849999999999998,-0.10499999999999998,141,-0.5038637518882751,141,0.0,141,0.0
5380,80,53,-0.915,-0.10499999999999998,141,-0.503814697265625,141,0.0,141,0.0
5381,81,53,-0.9449999999999998,-0.10499999999999998,141,-0.503814697265625,141,0.0008940696716308594,141,0.0
5382,82,53,-0.9750000000000001,-0.10499999999999998,141,-0.5045061707496643,141,0.015688728541135788,141,0.0
5383,83,53,-1.005,-0.10499999999999998,141,-0.5049914717674255,141,0.014190112240612507,141,0.0
5384,84,53,-1.0349999999999997,-0.10499999999999998,141,-0.5054768919944763,141,0.012257695198059082,141,0.0
5385,85,53,-1.065,-0.10499999999999998,141,-0.5064916014671326,141,0.003389517543837428,141,0.0
5386,86,53,-1.0949999999999998,-0.10499999999999998,49,-0.5070647597312927,141,0.0,141,0.02199999988079071
5387,87,53,-1.125,-0.10499999999999998,0,nan,141,0.0,141,0.02199999988079071
5388,88,53,-1.1549999999999998,-0.10499999999999998,0,nan,141,0.0,141,0.02199999988079071
5389,89,53,-1.185,-0.10499999999999998,0,nan,141,0.0,141,0.02199999988079071
5390,90,53,-1.2149999999999999,-0.10499999999999998,0,nan,141,0.0,141,0.02199999988079071
5391,91,53,-1.245,-0.10499999999999998,0,nan,141,0.0,141,0.02199999988079071
5392,92,53,-1.275,-0.10499999999999998,0,nan,141,0.0,141,0.02199999988079071
5393,93,53,-1.3049999999999997,-0.10499999999999998,0,nan,141,0.0,141,0.02199999988079071
5394,94,53,-1.335,-0.10499999999999998,0,nan,141,0.0,141,0.02199999988079071
5395,95,53,-1.3649999999999998,-0.10499999999999998,0,nan,141,0.0,141,0.02199999988079071
5396,96,53,-1.395,-0.10499999999999998,0,nan,141,0.0,141,0.02199999988079071
5397,97,53,-1.4249999999999998,-0.10499999999999998,0,nan,141,0.0,141,0.0
5398,98,53,-1.455,-0.10499999999999998,0,nan,141,0.0,141,0.0
5399,99,53,-1.4849999999999999,-0.10499999999999998,0,nan,141,0.0,141,0.0
5400,0,54,1.485,-0.135,0,nan,141,0.0,141,0.0
5401,1,54,1.455,-0.135,0,nan,141,0.0,141,0.0
5402,2,54,1.425,-0.135,0,nan,141,0.0,141,0.0
5403,3,54,1.395,-0.135,0,nan,141,0.0,141,0.02199999988079071
5404,4,54,1.365,-0.135,0,nan,141,0.0,141,0.02199999988079071
5405,5,54,1.335,-0.135,0,nan,141,0.0,141,0.02199999988079071
5406,6,54,1.305,-0.135,0,nan,141,0.0,141,0.02199999988079071
5407,7,54,1.275,-0.135,0,nan,141,0.0,141,0.02199999988079071
5408,8,54,1.245,-0.135,0,nan,141,0.0,141,0.02199999988079071
5409,9,54,1.215,-0.135,0,nan,141,0.0,141,0.02199999988079071
5410,10,54,1.185,-0.135,127,-0.7946417927742004,141,0.0,141,0.0
5411,11,54,1.155,-0.135,134,-0.7940851449966431,141,0.0,141,0.0
5412,12,54,1.125,-0.135,134,-0.7940851449966431,141,0.0,141,0.0
5413,13,54,1.095,-0.135,141,-0.7935653924942017,141,0.12048681825399399,141,0.0
5414,14,54,1.065,-0.135,141,-0.7841416001319885,141,0.2682626247406006,141,0.0
5415,15,54,1.0350000000000001,-0.135,141,-0.7744031548500061,141,0.24453501403331757,141,0.0
5416,16,54,1.005,-0.135,141,-0.7680895924568176,141,0.30330419540405273,141,0.0
5417,17,54,0.975,-0.135,141,-0.7542492151260376,141,0.35908958315849304,141,0.0
5418,18,54,0.9450000000000001,-0.135,141,-0.7425076365470886,141,0.4342993199825287,141,0.0
5419,19,54,0.915,-0.135,141,-0.7282443642616272,141,0.4006381928920746,141,0.0
5420,20,54,0.885,-0.135,141,-0.7165536880493164,141,0.41304925084114075,141,0.0
5421,21,54,0.855,-0.135,141,-0.7038228511810303,141,0.3615076243877411,141,0.0
5422,22,54,0.8250000000000001,-0.135,141,-0.6946198344230652,141,0.32149553298950195,141,0.0
5423,23,54,0.795,-0.135,141,-0.6831654906272888,141,0.4005261957645416,141,0.0
5424,24,54,0.765,-0.135,141,-0.6700478792190552,141,0.4569788873195648,141,0.0
5425,25,54,0.735,-0.135,141,-0.6553699970245361,141,0.4468460977077484,141,0.0
5426,26,54,0.7050000000000001,-0.135,141,-0.6426672339439392,141,0.4271232485771179,141,0.0
5427,27,54,0.675,-0.135,141,-0.6300652027130127,141,0.3753652274608612,141,0.0
5428,28,54,0.645,-0.135,141,-0.6202268004417419,141,0.35062113404273987,141,0.0
5429,29,54,0.615,-0.135,141,-0.6091296672821045,141,0.3962927758693695,141,0.0
5430,30,54,0.5850000000000001,-0.135,141,-0.5972590446472168,141,0.39546093344688416,141,0.0
5431,31,54,0.555,-0.135,141,-0.5863786339759827,141,0.49682357907295227,141,0.0
5432,32,54,0.525,-0.135,141,-0.5678408741950989,141,0.5307601094245911,141,0.0
5433,33,54,0.4950000000000001,-0.135,141,-0.5544235110282898,141,0.73131263256073,141,0.0
5434,34,54,0.4650000000000001,-0.135,139,-0.518552839756012,141,0.7564520239830017,141,0.0
5435,35,54,0.43500000000000005,-0.135,141,-0.5126233696937561,141,0.26144009828567505,141,0.0
5436,36,54,0.405,-0.135,141,-0.5123467445373535,141,0.0,141,0.0
5437,37,54,0.375,-0.135,141,-0.5119093656539917,141,0.0,141,0.0
5438,38,54,0.345,-0.135,141,-0.5113394856452942,141,0.0034799177665263414,141,0.0
5439,39,54,0.31499999999999995,-0.135,141,-0.5111598372459412,141,0.006949901580810547,141,0.0
5440,40,54,0.28500000000000014,-0.135,141,-0.5107570886611938,141,0.005879991687834263,141,0.0
5441,41,54,0.2550000000000001,-0.135,141,-0.5104634761810303,141,0.01186331082135439,141,0.0
5442,42,54,0.2250000000000001,-0.135,141,-0.5095868706703186,141,0.012127558700740337,141,0.0
5443,43,54,0.19500000000000006,-0.135,141,-0.509310245513916,141,0.004323564004153013,141,0.0
5444,44,54,0.16500000000000004,-0.135,141,-0.5090454816818237,141,0.0025908153038471937,141,0.0
5445,45,54,0.135,-0.135,141,-0.5081741809844971,141,0.0,141,0.0
5446,46,54,0.10499999999999998,-0.135,141,-0.5071560740470886,141,0.0,141,0.0
5447,47,54,0.07499999999999996,-0.135,141,-0.5065422058105469,141,0.0021725893020629883,141,0.0
5448,48,54,0.04500000000000015,-0.135,141,-0.5061305165290833,141,0.0018427768955007195,141,0.0
5449,49,54,0.015000000000000124,-0.135,141,-0.5056950449943542,141,0.0,141,0.0
5450,50,54,-0.014999999999999902,-0.135,141,-0.5056554079055786,141,0.0,141,0.0
5451,51,54,-0.04499999999999993,-0.135,141,-0.505567193031311,141,0.0,141,0.0
5452,52,54,-0.07499999999999996,-0.135,141,-0.505567193031311,141,0.0,141,0.0
5453,53,54,-0.10499999999999998,-0.135,141,-0.5060358047485352,141,0.026164451614022255,141,0.0
5454,54,54,-0.135,-0.135,141,-0.5064569711685181,141,0.017504120245575905,141,0.0
5455,55,54,-0.16500000000000004,-0.135,141,-0.5058149695396423,141,0.026681026443839073,141,0.0
5456,56,54,-0.19499999999999984,-0.135,141,-0.5058149695396423,141,0.023801378905773163,141,0.0
5457,57,54,-0.22499999999999987,-0.135,141,-0.5053760409355164,141,0.05172695964574814,141,0.0
5458,58,54,-0.2549999999999999,-0.135,141,-0.5053616166114807,141,0.04509488865733147,141,0.0
5459,59,54,-0.2849999999999999,-0.135,141,-0.5050973892211914,141,0.037167955189943314,141,0.0
5460,60,54,-0.31499999999999995,-0.135,141,-0.5039658546447754,141,0.016622014343738556,141,0.0
5461,61,54,-0.345,-0.135,141,-0.5039658546447754,141,0.008595983497798443,141,0.0
5462,62,54,-0.375,-0.135,141,-0.5050973892211914,141,0.007296673022210598,141,0.0
5463,63,54,-0.405,-0.135,141,-0.5050973892211914,141,0.014649190939962864,141,0.0
5464,64,54,-0.43499999999999983,-0.135,141,-0.504216730594635,141,0.018778443336486816,141,0.0
5465,65,54,-0.46499999999999986,-0.135,141,-0.5045316219329834,141,0.019204411655664444,141,0.0
5466,66,54,-0.4949999999999999,-0.135,141,-0.5056609511375427,141,0.0347624234855175,141,0.0
5467,67,54,-0.5249999999999999,-0.135,141,-0.5061141848564148,141,0.041477661579847336,141,0.0
5468,68,54,-0.5549999999999997,-0.135,141,-0.5066590309143066,141,0.035962462425231934,141,0.0
5469,69,54,-0.585,-0.135,141,-0.5066686868667603,141,0.03450214862823486,141,0.0
5470,70,54,-0.6149999999999998,-0.135,141,-0.50648432970047,141,0.03153582289814949,141,0.0
5471,71,54,-0.645,-0.135,141,-0.5068102478981018,141,0.03237570449709892,141,0.0
5472,72,54,-0.6749999999999998,-0.135,141,-0.5064591765403748,141,0.02539069391787052,141,0.0
5473,73,54,-0.7050000000000001,-0.135,141,-0.5060637593269348,141,0.02449539676308632,141,0.0
5474,74,54,-0.7349999999999999,-0.135,141,-0.5053744316101074,141,0.029259920120239258,141,0.0
5475,75,54,-0.7650000000000001,-0.135,141,-0.5050436854362488,141,0.029437324032187462,141,0.0
5476,76,54,-0.7949999999999999,-0.135,141,-0.5046274662017822,141,0.02107974700629711,141,0.0
5477,77,54,-0.8249999999999997,-0.135,141,-0.5042082071304321,141,0.010310864076018333,141,0.0
5478,78,54,-0.855,-0.135,141,-0.5042082071304321,141,0.0029365222435444593,141,0.0
5479,79,54,-0.8849999999999998,-0.135,141,-0.5042082071304321,141,0.0007539987564086914,141,0.0
5480,80,54,-0.915,-0.135,141,-0.5042043328285217,141,0.0,141,0.0
5481,81,54,-0.9449999999999998,-0.135,141,-0.5041974782943726,141,0.010323524475097656,141,0.0
5482,82,54,-0.9750000000000001,-0.135,141,-0.5045291781425476,141,0.0162799172103405,141,0.0
5483,83,54,-1.005,-0.135,141,-0.504972517490387,141,0.015262153930962086,141,0.0
5484,84,54,-1.0349999999999997,-0.135,141,-0.5053979754447937,141,0.01182854175567627,141,0.0
5485,85,54,-1.065,-0.135,141,-0.5064176321029663,141,0.003389517543837428,141,0.0
5486,86,54,-1.0949999999999998,-0.135,49,-0.5070647597312927,141,0.0,141,0.02199999988079071
5487,87,54,-1.125,-0.135,0,nan,141,0.0,141,0.02199999988079071
5488,88,54,-1.1549999999999998,-0.135,0,nan,141,0.0,141,0.02199999988079071
5489,89,54,-1.185,-0.135,0,nan,141,0.0,141,0.02199999988079071
5490,90,54,-1.2149999999999999,-0.135,0,nan,141,0.0,141,0.02199999988079071
5491,91,54,-1.245,-0.135,0,nan,141,0.0,141,0.02199999988079071
5492,92,54,-1.275,-0.135,0,nan,141,0.0,141,0.02199999988079071
5493,93,54,-1.3049999999999997,-0.135,0,nan,141,0.0,141,0.02199999988079071
5494,94,54,-1.335,-0.135,0,nan,141,0.0,141,0.02199999988079071
5495,95,54,-1.3649999999999998,-0.135,0,nan,141,0.0,141,0.02199999988079071
5496,96,54,-1.395,-0.135,0,nan,141,0.0,141,0.02199999988079071
5497,97,54,-1.4249999999999998,-0.135,0,nan,141,0.0,141,0.0
5498,98,54,-1.455,-0.135,0,nan,141,0.0,141,0.0
5499,99,54,-1.4849999999999999,-0.135,0,nan,141,0.0,141,0.0
5500,0,55,1.485,-0.16500000000000004,0,nan,141,0.0,141,0.0
5501,1,55,1.455,-0.16500000000000004,0,nan,141,0.0,141,0.0
5502,2,55,1.425,-0.16500000000000004,0,nan,141,0.0,141,0.0
5503,3,55,1.395,-0.16500000000000004,0,nan,141,0.0,141,0.02199999988079071
5504,4,55,1.365,-0.16500000000000004,0,nan,141,0.0,141,0.02199999988079071
5505,5,55,1.335,-0.16500000000000004,0,nan,141,0.0,141,0.02199999988079071
5506,6,55,1.305,-0.16500000000000004,0,nan,141,0.0,141,0.02199999988079071
5507,7,55,1.275,-0.16500000000000004,0,nan,141,0.0,141,0.02199999988079071
5508,8,55,1.245,-0.16500000000000004,0,nan,141,0.0,141,0.02199999988079071
5509,9,55,1.215,-0.16500000000000004,0,nan,141,0.0,141,0.02199999988079071
5510,10,55,1.185,-0.16500000000000004,127,-0.794665515422821,141,0.0,141,0.0
5511,11,55,1.155,-0.16500000000000004,134,-0.7943522334098816,141,0.0,141,0.0
5512,12,55,1.125,-0.16500000000000004,134,-0.7943522334098816,141,0.0,141,0.0
5513,13,55,1.095,-0.16500000000000004,141,-0.7939856648445129,141,0.12765316665172577,141,0.0
5514,14,55,1.065,-0.16500000000000004,141,-0.7845348715782166,141,0.2862289249897003,141,0.0
5515,15,55,1.0350000000000001,-0.16500000000000004,141,-0.7745558023452759,141,0.2517949640750885,141,0.0
5516,16,55,1.005,-0.16500000000000004,141,-0.7667810916900635,141,0.30479034781455994,141,0.0
5517,17,55,0.975,-0.16500000000000004,141,-0.7542492151260376,141,0.34519335627555847,141,0.0
5518,18,55,0.9450000000000001,-0.16500000000000004,141,-0.7438907623291016,141,0.4277198016643524,141,0.0
5519,19,55,0.915,-0.16500000000000004,141,-0.7298675179481506,141,0.4004932641983032,141,0.0
5520,20,55,0.885,-0.16500000000000004,141,-0.7166598439216614,141,0.4361180365085602,141,0.0
5521,21,55,0.855,-0.16500000000000004,141,-0.7040147185325623,141,0.3734517991542816,141,0.0
5522,22,55,0.8250000000000001,-0.16500000000000004,141,-0.6943312287330627,141,0.32443690299987793,141,0.0
5523,23,55,0.795,-0.16500000000000004,141,-0.6831663250923157,141,0.39495429396629333,141,0.0
5524,24,55,0.765,-0.16500000000000004,141,-0.6702998280525208,141,0.46534737944602966,141,0.0
5525,25,55,0.735,-0.16500000000000004,141,-0.6556342244148254,141,0.4603842496871948,141,0.0
5526,26,55,0.7050000000000001,-0.16500000000000004,141,-0.6426672339439392,141,0.41381633281707764,141,0.0
5527,27,55,0.675,-0.16500000000000004,141,-0.6303802132606506,141,0.3753652274608612,141,0.0
5528,28,55,0.645,-0.16500000000000004,141,-0.6202268004417419,141,0.3548683822154999,141,0.0
5529,29,55,0.615,-0.16500000000000004,141,-0.610027015209198,141,0.3988231420516968,141,0.0
5530,30,55,0.5850000000000001,-0.16500000000000004,141,-0.5972590446472168,141,0.3946542739868164,141,0.0
5531,31,55,0.555,-0.16500000000000004,141,-0.5863786339759827,141,0.5050401091575623,141,0.0
5532,32,55,0.525,-0.16500000000000004,141,-0.5671499967575073,141,0.5772878527641296,141,0.0
5533,33,55,0.4950000000000001,-0.16500000000000004,141,-0.5523257851600647,141,0.846823513507843,141,0.10000000149011612
5534,34,55,0.4650000000000001,-0.16500000000000004,141,-0.5155893564224243,141,0.6826066374778748,141,0.0
5535,35,55,0.43500000000000005,-0.16500000000000004,141,-0.5121057033538818,141,0.09367863088846207,141,0.0
5536,36,55,0.405,-0.16500000000000004,141,-0.5120919942855835,141,0.0,141,0.0
5537,37,55,0.375,-0.16500000000000004,141,-0.5115100741386414,141,0.0,141,0.0
5538,38,55,0.345,-0.16500000000000004,141,-0.510957658290863,141,0.0,141,0.0
5539,39,55,0.31499999999999995,-0.16500000000000004,141,-0.5106831192970276,141,0.0008165836334228516,141,0.0
5540,40,55,0.28500000000000014,-0.16500000000000004,141,-0.5106204748153687,141,0.002719958545640111,141,0.0
5541,41,55,0.2550000000000001,-0.16500000000000004,141,-0.5102724432945251,141,0.01736745424568653,141,0.0
5542,42,55,0.2250000000000001,-0.16500000000000004,141,-0.5095021724700928,141,0.014435647055506706,141,0.0
5543,43,55,0.19500000000000006,-0.16500000000000004,141,-0.5092939138412476,141,0.003349781036376953,141,0.0
5544,44,55,0.16500000000000004,-0.16500000000000004,141,-0.5089282989501953,141,0.0,141,0.0
5545,45,55,0.135,-0.16500000000000004,141,-0.508154571056366,141,0.0,141,0.0
5546,46,55,0.10499999999999998,-0.16500000000000004,141,-0.5070374608039856,141,0.0,141,0.0
5547,47,55,0.07499999999999996,-0.16500000000000004,141,-0.5065422058105469,141,0.0025331974029541016,141,0.0
5548,48,55,0.04500000000000015,-0.16500000000000004,141,-0.5060964226722717,141,0.003325939178466797,141,0.0
5549,49,55,0.015000000000000124,-0.16500000000000004,141,-0.5056557655334473,141,0.0,141,0.0
5550,50,55,-0.014999999999999902,-0.16500000000000004,141,-0.505567193031311,141,0.0,141,0.0
5551,51,55,-0.04499999999999993,-0.16500000000000004,141,-0.5055506229400635,141,0.0,141,0.0
5552,52,55,-0.07499999999999996,-0.16500000000000004,141,-0.5055661201477051,141,0.0,141,0.0
5553,53,55,-0.10499999999999998,-0.16500000000000004,141,-0.5059686303138733,141,0.025543250143527985,141,0.0
5554,54,55,-0.135,-0.16500000000000004,141,-0.5061807036399841,141,0.01474618911743164,141,0.0
5555,55,55,-0.16500000000000004,-0.16500000000000004,141,-0.5057289600372314,141,0.02491474151611328,141,0.0
5556,56,55,-0.19499999999999984,-0.16500000000000004,141,-0.5056586861610413,141,0.03423810005187988,141,0.0
5557,57,55,-0.22499999999999987,-0.16500000000000004,141,-0.5058469176292419,141,0.057503361254930496,141,0.0
5558,58,55,-0.2549999999999999,-0.16500000000000004,141,-0.5066031813621521,141,0.048850953578948975,141,0.0
5559,59,55,-0.2849999999999999,-0.16500000000000004,141,-0.5066163539886475,141,0.040335457772016525,141,0.0
5560,60,55,-0.31499999999999995,-0.16500000000000004,141,-0.5050973892211914,141,0.03616611286997795,141,0.0
5561,61,55,-0.345,-0.16500000000000004,141,-0.5050953030586243,141,0.027460852637887,141,0.0
5562,62,55,-0.375,-0.16500000000000004,141,-0.5056570172309875,141,0.021459659561514854,141,0.0
5563,63,55,-0.405,-0.16500000000000004,141,-0.5053880214691162,141,0.02657274343073368,141,0.0
5564,64,55,-0.43499999999999983,-0.16500000000000004,141,-0.5046045184135437,141,0.028001269325613976,141,0.0
5565,65,55,-0.46499999999999986,-0.16500000000000004,141,-0.5049684047698975,141,0.02247106283903122,141,0.0
5566,66,55,-0.4949999999999999,-0.16500000000000004,141,-0.5058614015579224,141,0.0347624234855175,141,0.0
5567,67,55,-0.5249999999999999,-0.16500000000000004,141,-0.5063977241516113,141,0.03473063185811043,141,0.0
5568,68,55,-0.5549999999999997,-0.16500000000000004,141,-0.5070330500602722,141,0.036266446113586426,141,0.0
5569,69,55,-0.585,-0.16500000000000004,141,-0.5072695016860962,141,0.040534138679504395,141,0.0
5570,70,55,-0.6149999999999998,-0.16500000000000004,141,-0.5073793530464172,141,0.04226754605770111,141,0.0
5571,71,55,-0.645,-0.16500000000000004,141,-0.5075437426567078,141,0.0410209521651268,141,0.0
5572,72,55,-0.6749999999999998,-0.16500000000000004,141,-0.5073793530464172,141,0.03914494439959526,141,0.0
5573,73,55,-0.7050000000000001,-0.16500000000000004,141,-0.5066138505935669,141,0.03456786647439003,141,0.0
5574,74,55,-0.7349999999999999,-0.16500000000000004,141,-0.5063087344169617,141,0.03472098708152771,141,0.0
5575,75,55,-0.7650000000000001,-0.16500000000000004,141,-0.5055230855941772,141,0.03625935688614845,141,0.0
5576,76,55,-0.7949999999999999,-0.16500000000000004,141,-0.5050355195999146,141,0.025897225365042686,141,0.0
5577,77,55,-0.8249999999999997,-0.16500000000000004,141,-0.5047891736030579,141,0.016926048323512077,141,0.0
5578,78,55,-0.855,-0.16500000000000004,141,-0.5047600269317627,141,0.010266900062561035,141,0.0
5579,79,55,-0.8849999999999998,-0.16500000000000004,141,-0.5047693252563477,141,0.006839632987976074,141,0.0
5580,80,55,-0.915,-0.16500000000000004,141,-0.5047600269317627,141,0.004905359353870153,141,0.0
5581,81,55,-0.9449999999999998,-0.16500000000000004,141,-0.5047693252563477,141,0.009834280237555504,141,0.0
5582,82,55,-0.9750000000000001,-0.16500000000000004,141,-0.504916787147522,141,0.011286139488220215,141,0.0
5583,83,55,-1.005,-0.16500000000000004,141,-0.5052306056022644,141,0.009752781130373478,141,0.0
5584,84,55,-1.0349999999999997,-0.16500000000000004,141,-0.5054768919944763,141,0.008286039344966412,141,0.0
5585,85,55,-1.065,-0.16500000000000004,141,-0.506338894367218,141,0.0,141,0.0
5586,86,55,-1.0949999999999998,-0.16500000000000004,49,-0.5070647597312927,141,0.0,141,0.02199999988079071
5587,87,55,-1.125,-0.16500000000000004,0,nan,141,0.0,141,0.02199999988079071
5588,88,55,-1.1549999999999998,-0.16500000000000004,0,nan,141,0.0,141,0.02199999988079071
5589,89,55,-1.185,-0.16500000000000004,0,nan,141,0.0,141,0.02199999988079071
5590,90,55,-1.2149999999999999,-0.16500000000000004,0,nan,141,0.0,141,0.02199999988079071
5591,91,55,-1.245,-0.16500000000000004,0,nan,141,0.0,141,0.02199999988079071
5592,92,55,-1.275,-0.16500000000000004,0,nan,141,0.0,141,0.02199999988079071
5593,93,55,-1.3049999999999997,-0.16500000000000004,0,nan,141,0.0,141,0.02199999988079071
5594,94,55,-1.335,-0.16500000000000004,0,nan,141,0.0,141,0.02199999988079071
5595,95,55,-1.3649999999999998,-0.16500000000000004,0,nan,141,0.0,141,0.02199999988079071
5596,96,55,-1.395,-0.16500000000000004,0,nan,141,0.0,141,0.02199999988079071
5597,97,55,-1.4249999999999998,-0.16500000000000004,0,nan,141,0.0,141,0.0
5598,98,55,-1.455,-0.16500000000000004,0,nan,141,0.0,141,0.0
5599,99,55,-1.4849999999999999,-0.16500000000000004,0,nan,141,0.0,141,0.0
5600,0,56,1.485,-0.19499999999999984,0,nan,141,0.0,141,0.0
5601,1,56,1.455,-0.19499999999999984,0,nan,141,0.0,141,0.0
5602,2,56,1.425,-0.19499999999999984,0,nan,141,0.0,141,0.0
5603,3,56,1.395,-0.19499999999999984,0,nan,141,0.0,141,0.02199999988079071
5604,4,56,1.365,-0.19499999999999984,0,nan,141,0.0,141,0.02199999988079071
5605,5,56,1.335,-0.19499999999999984,0,nan,141,0.0,141,0.02199999988079071
5606,6,56,1.305,-0.19499999999999984,0,nan,141,0.0,141,0.02199999988079071
5607,7,56,1.275,-0.19499999999999984,0,nan,141,0.0,141,0.02199999988079071
5608,8,56,1.245,-0.19499999999999984,0,nan,141,0.0,141,0.02199999988079071
5609,9,56,1.215,-0.19499999999999984,0,nan,141,0.0,141,0.02199999988079071
5610,10,56,1.185,-0.19499999999999984,127,-0.7956733703613281,141,0.0,141,0.0
5611,11,56,1.155,-0.19499999999999984,134,-0.795038640499115,141,0.0,141,0.0
5612,12,56,1.125,-0.19499999999999984,134,-0.795038640499115,141,0.0,141,0.0
5613,13,56,1.095,-0.19499999999999984,141,-0.7946854829788208,141,0.12391914427280426,141,0.0
5614,14,56,1.065,-0.19499999999999984,141,-0.7848103046417236,141,0.277944415807724,141,0.0
5615,15,56,1.0350000000000001,-0.19499999999999984,141,-0.774651825428009,141,0.2504410743713379,141,0.0
5616,16,56,1.005,-0.19499999999999984,141,-0.7666033506393433,141,0.3351539373397827,141,0.0
5617,17,56,0.975,-0.19499999999999984,141,-0.7538989782333374,141,0.33166685700416565,141,0.0
5618,18,56,0.9450000000000001,-0.19499999999999984,141,-0.7438907623291016,141,0.3908382058143616,141,0.0
5619,19,56,0.915,-0.19499999999999984,141,-0.731631338596344,141,0.4060955345630646,141,0.0
5620,20,56,0.885,-0.19499999999999984,141,-0.7173450589179993,141,0.46029984951019287,141,0.0
5621,21,56,0.855,-0.19499999999999984,141,-0.7046571373939514,141,0.39935487508773804,141,0.0
5622,22,56,0.8250000000000001,-0.19499999999999984,141,-0.6935960650444031,141,0.306725412607193,141,0.0
5623,23,56,0.795,-0.19499999999999984,141,-0.6839808821678162,141,0.38161662220954895,141,0.0
5624,24,56,0.765,-0.19499999999999984,141,-0.6709778904914856,141,0.46260297298431396,141,0.0
5625,25,56,0.735,-0.19499999999999984,141,-0.6560971736907959,141,0.44381216168403625,141,0.0
5626,26,56,0.7050000000000001,-0.19499999999999984,141,-0.6431058049201965,141,0.40791743993759155,141,0.0
5627,27,56,0.675,-0.19499999999999984,141,-0.6311246752738953,141,0.38637134432792664,141,0.0
5628,28,56,0.645,-0.19499999999999984,141,-0.6206420063972473,141,0.3675808608531952,141,0.0
5629,29,56,0.615,-0.19499999999999984,141,-0.610027015209198,141,0.4003612697124481,141,0.0
5630,30,56,0.5850000000000001,-0.19499999999999984,141,-0.5972093939781189,141,0.3946542739868164,141,0.0
5631,31,56,0.555,-0.19499999999999984,141,-0.586063027381897,141,0.5097766518592834,141,0.0
5632,32,56,0.525,-0.19499999999999984,141,-0.5667726993560791,141,0.7762731909751892,141,0.0
5633,33,56,0.4950000000000001,-0.19499999999999984,141,-0.5512457489967346,141,0.9238139390945435,141,0.10000000149011612
5634,34,56,0.4650000000000001,-0.19499999999999984,141,-0.515280544757843,141,0.5262490510940552,141,0.0
5635,35,56,0.43500000000000005,-0.19499999999999984,141,-0.5118311643600464,141,0.060812633484601974,141,0.0
5636,36,56,0.405,-0.19499999999999984,141,-0.5115100741386414,141,0.004992882255464792,141,0.0
5637,37,56,0.375,-0.19499999999999984,141,-0.5110813975334167,141,0.0012303367257118225,141,0.0
5638,38,56,0.345,-0.19499999999999984,141,-0.5106204748153687,141,0.0031769275665283203,141,0.0
5639,39,56,0.31499999999999995,-0.19499999999999984,141,-0.5104743838310242,141,0.0034799177665263414,141,0.0
5640,40,56,0.28500000000000014,-0.19499999999999984,141,-0.5103892683982849,141,0.009045004844665527,141,0.0
5641,41,56,0.2550000000000001,-0.19499999999999984,141,-0.5102189183235168,141,0.024958787485957146,141,0.0
5642,42,56,0.2250000000000001,-0.19499999999999984,141,-0.5094527006149292,141,0.017570318654179573,141,0.0
5643,43,56,0.19500000000000006,-0.19499999999999984,141,-0.5092135071754456,141,0.0101407365873456,141,0.0
5644,44,56,0.16500000000000004,-0.19499999999999984,141,-0.5089235901832581,141,0.003164013149216771,141,0.0
5645,45,56,0.135,-0.19499999999999984,141,-0.5081140398979187,141,0.000915991491638124,141,0.0
5646,46,56,0.10499999999999998,-0.19499999999999984,141,-0.506842851638794,141,0.0,141,0.0
5647,47,56,0.07499999999999996,-0.19499999999999984,141,-0.5064761638641357,141,0.004624327179044485,141,0.0
5648,48,56,0.04500000000000015,-0.19499999999999984,141,-0.5060476064682007,141,0.005866090301424265,141,0.0
5649,49,56,0.015000000000000124,-0.19499999999999984,141,-0.5054238438606262,141,0.0,141,0.0
5650,50,56,-0.014999999999999902,-0.19499999999999984,141,-0.5053799748420715,141,0.0,141,0.0
5651,51,56,-0.04499999999999993,-0.19499999999999984,141,-0.5053703188896179,141,0.0,141,0.0
5652,52,56,-0.07499999999999996,-0.19499999999999984,141,-0.5053799748420715,141,0.0,141,0.0
5653,53,56,-0.10499999999999998,-0.19499999999999984,141,-0.505567193031311,141,0.02988775633275509,141,0.0
5654,54,56,-0.135,-0.19499999999999984,141,-0.5057385563850403,141,0.03369351103901863,141,0.0
5655,55,56,-0.16500000000000004,-0.19499999999999984,141,-0.5052427649497986,141,0.03456146642565727,141,0.0
5656,56,56,-0.19499999999999984,-0.19499999999999984,141,-0.5052427649497986,141,0.04000786319375038,141,0.0
5657,57,56,-0.22499999999999987,-0.19499999999999984,141,-0.5058469176292419,141,0.06196601316332817,141,0.0
5658,58,56,-0.2549999999999999,-0.19499999999999984,141,-0.5067468881607056,141,0.04509488865733147,141,0.0
5659,59,56,-0.2849999999999999,-0.19499999999999984,141,-0.5068105459213257,141,0.037453923374414444,141,0.0
5660,60,56,-0.31499999999999995,-0.19499999999999984,141,-0.5060755014419556,141,0.03399501368403435,141,0.0
5661,61,56,-0.345,-0.19499999999999984,141,-0.5060029625892639,141,0.03134310245513916,141,0.0
5662,62,56,-0.375,-0.19499999999999984,141,-0.5062048435211182,141,0.028689702972769737,141,0.0
5663,63,56,-0.405,-0.19499999999999984,141,-0.5062048435211182,141,0.030800700187683105,141,0.0
5664,64,56,-0.43499999999999983,-0.19499999999999984,141,-0.5056062340736389,141,0.028001269325613976,141,0.0
5665,65,56,-0.46499999999999986,-0.19499999999999984,141,-0.5059801340103149,141,0.023035207763314247,141,0.0
5666,66,56,-0.4949999999999999,-0.19499999999999984,141,-0.5064274072647095,141,0.03586818277835846,141,0.0
5667,67,56,-0.5249999999999999,-0.19499999999999984,141,-0.5069737434387207,141,0.03573954105377197,141,0.0
5668,68,56,-0.5549999999999997,-0.19499999999999984,141,-0.5077547430992126,141,0.0344395637512207,141,0.0
5669,69,56,-0.585,-0.19499999999999984,141,-0.508212685585022,141,0.03807453811168671,141,0.0
5670,70,56,-0.6149999999999998,-0.19499999999999984,141,-0.5084148049354553,141,0.039429280906915665,141,0.0
5671,71,56,-0.645,-0.19499999999999984,141,-0.5086217522621155,141,0.03851792961359024,141,0.0
5672,72,56,-0.6749999999999998,-0.19499999999999984,141,-0.5084601044654846,141,0.0393575057387352,141,0.0
5673,73,56,-0.7050000000000001,-0.19499999999999984,141,-0.5075097680091858,141,0.036688949912786484,141,0.0
5674,74,56,-0.7349999999999999,-0.19499999999999984,141,-0.5068548917770386,141,0.03625651076436043,141,0.0
5675,75,56,-0.7650000000000001,-0.19499999999999984,141,-0.506205677986145,141,0.03762940689921379,141,0.0
5676,76,56,-0.7949999999999999,-0.19499999999999984,141,-0.5056678056716919,141,0.028371991589665413,141,0.0
5677,77,56,-0.8249999999999997,-0.19499999999999984,141,-0.5052236914634705,141,0.02175370790064335,141,0.0
5678,78,56,-0.855,-0.19499999999999984,141,-0.5050694346427917,141,0.013328592292964458,141,0.0
5679,79,56,-0.8849999999999998,-0.19499999999999984,141,-0.5050355195999146,141,0.01029506977647543,141,0.0
5680,80,56,-0.915,-0.19499999999999984,141,-0.5050355195999146,141,0.007887681014835835,141,0.0
5681,81,56,-0.9449999999999998,-0.19499999999999984,141,-0.5049639940261841,141,0.00880757998675108,141,0.0
5682,82,56,-0.9750000000000001,-0.19499999999999984,141,-0.5052089095115662,141,0.008406241424381733,141,0.0
5683,83,56,-1.005,-0.19499999999999984,141,-0.5053186416625977,141,0.0068900091573596,141,0.0
5684,84,56,-1.0349999999999997,-0.19499999999999984,141,-0.5056091547012329,141,0.0070601701736450195,141,0.0
5685,85,56,-1.065,-0.19499999999999984,141,-0.506338894367218,141,0.0016023715725168586,141,0.0
5686,86,56,-1.0949999999999998,-0.19499999999999984,49,-0.5070647597312927,141,0.0,141,0.02199999988079071
5687,87,56,-1.125,-0.19499999999999984,0,nan,141,0.0,141,0.02199999988079071
5688,88,56,-1.1549999999999998,-0.19499999999999984,0,nan,141,0.0,141,0.02199999988079071
5689,89,56,-1.185,-0.19499999999999984,0,nan,141,0.0,141,0.02199999988079071
5690,90,56,-1.2149999999999999,-0.19499999999999984,0,nan,141,0.0,141,0.02199999988079071
5691,91,56,-1.245,-0.19499999999999984,0,nan,141,0.0,141,0.02199999988079071
5692,92,56,-1.275,-0.19499999999999984,0,nan,141,0.0,141,0.02199999988079071
5693,93,56,-1.3049999999999997,-0.19499999999999984,0,nan,141,0.0,141,0.02199999988079071
5694,94,56,-1.335,-0.19499999999999984,0,nan,141,0.0,141,0.02199999988079071
5695,95,56,-1.3649999999999998,-0.19499999999999984,0,nan,141,0.0,141,0.02199999988079071
5696,96,56,-1.395,-0.19499999999999984,0,nan,141,0.0,141,0.02199999988079071
5697,97,56,-1.4249999999999998,-0.19499999999999984,0,nan,141,0.0,141,0.0
5698,98,56,-1.455,-0.19499999999999984,0,nan,141,0.0,141,0.0
5699,99,56,-1.4849999999999999,-0.19499999999999984,0,nan,141,0.0,141,0.0
5700,0,57,1.485,-0.22499999999999987,0,nan,141,0.0,141,0.0
5701,1,57,1.455,-0.22499999999999987,0,nan,141,0.0,141,0.0
5702,2,57,1.425,-0.22499999999999987,0,nan,141,0.0,141,0.0
5703,3,57,1.395,-0.22499999999999987,0,nan,141,0.0,141,0.02199999988079071
5704,4,57,1.365,-0.22499999999999987,0,nan,141,0.0,141,0.02199999988079071
5705,5,57,1.335,-0.22499999999999987,0,nan,141,0.0,141,0.02199999988079071
5706,6,57,1.305,-0.22499999999999987,0,nan,141,0.0,141,0.02199999988079071
5707,7,57,1.275,-0.22499999999999987,0,nan,141,0.0,141,0.02199999988079071
5708,8,57,1.245,-0.22499999999999987,0,nan,141,0.0,141,0.02199999988079071
5709,9,57,1.215,-0.22499999999999987,0,nan,141,0.0,141,0.02199999988079071
5710,10,57,1.185,-0.22499999999999987,127,-0.795822024345398,141,0.0,141,0.0
5711,11,57,1.155,-0.22499999999999987,134,-0.7957549691200256,141,0.0,141,0.0
5712,12,57,1.125,-0.22499999999999987,134,-0.7957549691200256,141,0.0,141,0.0
5713,13,57,1.095,-0.22499999999999987,141,-0.7951278686523438,141,0.12332995980978012,141,0.0
5714,14,57,1.065,-0.22499999999999987,141,-0.785235583782196,141,0.2825486958026886,141,0.0
5715,15,57,1.0350000000000001,-0.22499999999999987,141,-0.7748545408248901,141,0.25583186745643616,141,0.0
5716,16,57,1.005,-0.22499999999999987,141,-0.7673789262771606,141,0.3348343074321747,141,0.0
5717,17,57,0.975,-0.22499999999999987,141,-0.7538585662841797,141,0.32828739285469055,141,0.0
5718,18,57,0.9450000000000001,-0.22499999999999987,141,-0.7445264458656311,141,0.3596998155117035,141,0.0
5719,19,57,0.915,-0.22499999999999987,141,-0.7332479357719421,141,0.40305036306381226,141,0.0
5720,20,57,0.885,-0.22499999999999987,141,-0.7183613181114197,141,0.4565986096858978,141,0.0
5721,21,57,0.855,-0.22499999999999987,141,-0.7048285007476807,141,0.4084467887878418,141,0.0
5722,22,57,0.8250000000000001,-0.22499999999999987,141,-0.693673312664032,141,0.3082161843776703,141,0.0
5723,23,57,0.795,-0.22499999999999987,141,-0.6846916675567627,141,0.3614186942577362,141,0.0
5724,24,57,0.765,-0.22499999999999987,141,-0.6713346242904663,141,0.45987069606781006,141,0.0
5725,25,57,0.735,-0.22499999999999987,141,-0.6566483378410339,141,0.4309435784816742,141,0.0
5726,26,57,0.7050000000000001,-0.22499999999999987,141,-0.6437929272651672,141,0.40832751989364624,141,0.0
5727,27,57,0.675,-0.22499999999999987,141,-0.6328102946281433,141,0.3921007812023163,141,0.0
5728,28,57,0.645,-0.22499999999999987,141,-0.6208077073097229,141,0.3800159990787506,141,0.0
5729,29,57,0.615,-0.22499999999999987,141,-0.610027015209198,141,0.405845046043396,141,0.0
5730,30,57,0.5850000000000001,-0.22499999999999987,141,-0.5971513986587524,141,0.40552759170532227,141,0.0
5731,31,57,0.555,-0.22499999999999987,141,-0.585972011089325,141,0.6032469868659973,141,0.0
5732,32,57,0.525,-0.22499999999999987,137,-0.5660402178764343,141,1.11046302318573,141,0.10000000149011612
5733,33,57,0.4950000000000001,-0.22499999999999987,141,-0.516210675239563,141,0.8641483187675476,141,0.10000000149011612
5734,34,57,0.4650000000000001,-0.22499999999999987,141,-0.5143676400184631,141,0.26667675375938416,141,0.0
5735,35,57,0.43500000000000005,-0.22499999999999987,141,-0.5108670592308044,141,0.05762477591633797,141,0.0
5736,36,57,0.405,-0.22499999999999987,141,-0.5096961855888367,141,0.01154238823801279,141,0.0
5737,37,57,0.375,-0.22499999999999987,141,-0.5093393921852112,141,0.00791947077959776,141,0.0
5738,38,57,0.345,-0.22499999999999987,141,-0.5091651082038879,141,0.010718785226345062,141,0.0
5739,39,57,0.31499999999999995,-0.22499999999999987,141,-0.5090562105178833,141,0.00791947077959776,141,0.0
5740,40,57,0.28500000000000014,-0.22499999999999987,141,-0.5090774297714233,141,0.014955799095332623,141,0.0
5741,41,57,0.2550000000000001,-0.22499999999999987,141,-0.5091904401779175,141,0.027005847543478012,141,0.0
5742,42,57,0.2250000000000001,-0.22499999999999987,141,-0.5089983344078064,141,0.020578503608703613,141,0.0
5743,43,57,0.19500000000000006,-0.22499999999999987,141,-0.5090454816818237,141,0.017186567187309265,141,0.0
5744,44,57,0.16500000000000004,-0.22499999999999987,141,-0.5085629820823669,141,0.019343694671988487,141,0.0
5745,45,57,0.135,-0.22499999999999987,141,-0.507964015007019,141,0.018390020355582237,141,0.0
5746,46,57,0.10499999999999998,-0.22499999999999987,141,-0.5068216919898987,141,0.014187891967594624,141,0.0
5747,47,57,0.07499999999999996,-0.22499999999999987,141,-0.5064761638641357,141,0.03447970002889633,141,0.0
5748,48,57,0.04500000000000015,-0.22499999999999987,141,-0.505953311920166,141,0.06682045012712479,141,0.0
5749,49,57,0.015000000000000124,-0.22499999999999987,141,-0.5051710605621338,141,0.08886028826236725,141,0.0
5750,50,57,-0.014999999999999902,-0.22499999999999987,141,-0.5051710605621338,141,0.10399773716926575,141,0.0
5751,51,57,-0.04499999999999993,-0.22499999999999987,141,-0.5051710605621338,141,0.10993877798318863,141,0.0
5752,52,57,-0.07499999999999996,-0.22499999999999987,141,-0.5051710605621338,141,0.12034043669700623,141,0.0
5753,53,57,-0.10499999999999998,-0.22499999999999987,141,-0.5052617788314819,141,0.13039197027683258,141,0.0
5754,54,57,-0.135,-0.22499999999999987,141,-0.5052045583724976,141,0.13805031776428223,141,0.0
5755,55,57,-0.16500000000000004,-0.22499999999999987,141,-0.5048990845680237,141,0.13226266205310822,141,0.0
5756,56,57,-0.19499999999999984,-0.22499999999999987,141,-0.5047913789749146,141,0.12653009593486786,141,0.0
5757,57,57,-0.22499999999999987,-0.22499999999999987,141,-0.5054728984832764,141,0.09176158905029297,141,0.0
5758,58,57,-0.2549999999999999,-0.22499999999999987,141,-0.5068737864494324,141,0.05940648913383484,141,0.0
5759,59,57,-0.2849999999999999,-0.22499999999999987,141,-0.5069819092750549,141,0.039653975516557693,141,0.0
5760,60,57,-0.31499999999999995,-0.22499999999999987,141,-0.5062048435211182,141,0.028232276439666748,141,0.0
5761,61,57,-0.345,-0.22499999999999987,141,-0.5062417387962341,141,0.016714386641979218,141,0.0
5762,62,57,-0.375,-0.22499999999999987,141,-0.5063902139663696,141,0.011587142944335938,141,0.0
5763,63,57,-0.405,-0.22499999999999987,141,-0.5063902139663696,141,0.01205106545239687,141,0.0
5764,64,57,-0.43499999999999983,-0.22499999999999987,141,-0.5060097575187683,141,0.014288598671555519,141,0.0
5765,65,57,-0.46499999999999986,-0.22499999999999987,141,-0.50629061460495,141,0.010468562133610249,141,0.0
5766,66,57,-0.4949999999999999,-0.22499999999999987,141,-0.5067028403282166,141,0.02385617047548294,141,0.0
5767,67,57,-0.5249999999999999,-0.22499999999999987,141,-0.5073022842407227,141,0.035783153027296066,141,0.0
5768,68,57,-0.5549999999999997,-0.22499999999999987,141,-0.5083889961242676,141,0.03382323682308197,141,0.0
5769,69,57,-0.585,-0.22499999999999987,141,-0.5087850093841553,141,0.03145734593272209,141,0.0
5770,70,57,-0.6149999999999998,-0.22499999999999987,141,-0.509072482585907,141,0.027386346831917763,141,0.0
5771,71,57,-0.645,-0.22499999999999987,141,-0.5095633268356323,141,0.026620427146553993,141,0.0
5772,72,57,-0.6749999999999998,-0.22499999999999987,141,-0.5090283751487732,141,0.027390489354729652,141,0.0
5773,73,57,-0.7050000000000001,-0.22499999999999987,141,-0.5083302855491638,141,0.03609795495867729,141,0.0
5774,74,57,-0.7349999999999999,-0.22499999999999987,141,-0.5075029134750366,141,0.0374176986515522,141,0.0
5775,75,57,-0.7650000000000001,-0.22499999999999987,141,-0.5067971348762512,141,0.03726781904697418,141,0.0
5776,76,57,-0.7949999999999999,-0.22499999999999987,141,-0.5063216090202332,141,0.03274182602763176,141,0.0
5777,77,57,-0.8249999999999997,-0.22499999999999987,141,-0.506005585193634,141,0.027432044968008995,141,0.0
5778,78,57,-0.855,-0.22499999999999987,141,-0.5056519508361816,141,0.01965697482228279,141,0.0
5779,79,57,-0.8849999999999998,-0.22499999999999987,141,-0.5056092739105225,141,0.012894033454358578,141,0.0
5780,80,57,-0.915,-0.22499999999999987,141,-0.5055963397026062,141,0.011362631805241108,141,0.0
5781,81,57,-0.9449999999999998,-0.22499999999999987,141,-0.5054505467414856,141,0.013500341214239597,141,0.0
5782,82,57,-0.9750000000000001,-0.22499999999999987,141,-0.5054505467414856,141,0.010240279138088226,141,0.0
5783,83,57,-1.005,-0.22499999999999987,141,-0.505498468875885,141,0.00696300296112895,141,0.0
5784,84,57,-1.0349999999999997,-0.22499999999999987,141,-0.5057065486907959,141,0.009598671458661556,141,0.0
5785,85,57,-1.065,-0.22499999999999987,141,-0.50627601146698,141,0.004292656667530537,141,0.0
5786,86,57,-1.0949999999999998,-0.22499999999999987,49,-0.5070647597312927,141,0.0,141,0.02199999988079071
5787,87,57,-1.125,-0.22499999999999987,0,nan,141,0.0,141,0.02199999988079071
5788,88,57,-1.1549999999999998,-0.22499999999999987,0,nan,141,0.0,141,0.02199999988079071
5789,89,57,-1.185,-0.22499999999999987,0,nan,141,0.0,141,0.02199999988079071
5790,90,57,-1.2149999999999999,-0.22499999999999987,0,nan,141,0.0,141,0.02199999988079071
5791,91,57,-1.245,-0.22499999999999987,0,nan,141,0.0,141,0.02199999988079071
5792,92,57,-1.275,-0.22499999999999987,0,nan,141,0.0,141,0.02199999988079071
5793,93,57,-1.3049999999999997,-0.22499999999999987,0,nan,141,0.0,141,0.02199999988079071
5794,94,57,-1.335,-0.22499999999999987,0,nan,141,0.0,141,0.02199999988079071
5795,95,57,-1.3649999999999998,-0.22499999999999987,0,nan,141,0.0,141,0.02199999988079071
5796,96,57,-1.395,-0.22499999999999987,0,nan,141,0.0,141,0.02199999988079071
5797,97,57,-1.4249999999999998,-0.22499999999999987,0,nan,141,0.0,141,0.0
5798,98,57,-1.455,-0.22499999999999987,0,nan,141,0.0,141,0.0
5799,99,57,-1.4849999999999999,-0.22499999999999987,0,nan,141,0.0,141,0.0
5800,0,58,1.485,-0.2549999999999999,0,nan,141,0.0,141,0.0
5801,1,58,1.455,-0.2549999999999999,0,nan,141,0.0,141,0.0
5802,2,58,1.425,-0.2549999999999999,0,nan,141,0.0,141,0.0
5803,3,58,1.395,-0.2549999999999999,0,nan,141,0.0,141,0.02199999988079071
5804,4,58,1.365,-0.2549999999999999,0,nan,141,0.0,141,0.02199999988079071
5805,5,58,1.335,-0.2549999999999999,0,nan,141,0.0,141,0.02199999988079071
5806,6,58,1.305,-0.2549999999999999,0,nan,141,0.0,141,0.02199999988079071
5807,7,58,1.275,-0.2549999999999999,0,nan,141,0.0,141,0.02199999988079071
5808,8,58,1.245,-0.2549999999999999,0,nan,141,0.0,141,0.02199999988079071
5809,9,58,1.215,-0.2549999999999999,0,nan,141,0.0,141,0.02199999988079071
5810,10,58,1.185,-0.2549999999999999,127,-0.79631507396698,141,0.0,141,0.0
5811,11,58,1.155,-0.2549999999999999,134,-0.796087384223938,141,0.0,141,0.0
5812,12,58,1.125,-0.2549999999999999,134,-0.796087384223938,141,0.0,141,0.0
5813,13,58,1.095,-0.2549999999999999,141,-0.7957782745361328,141,0.12832681834697723,141,0.0
5814,14,58,1.065,-0.2549999999999999,141,-0.7856325507164001,141,0.28295212984085083,141,0.0
5815,15,58,1.0350000000000001,-0.2549999999999999,141,-0.7751234173774719,141,0.2643810212612152,141,0.0
5816,16,58,1.005,-0.2549999999999999,141,-0.7683113217353821,141,0.3339327573776245,141,0.0
5817,17,58,0.975,-0.2549999999999999,141,-0.7539593577384949,141,0.3219892680644989,141,0.0
5818,18,58,0.9450000000000001,-0.2549999999999999,141,-0.744796633720398,141,0.34282803535461426,141,0.0
5819,19,58,0.915,-0.2549999999999999,141,-0.7335481643676758,141,0.4320453107357025,141,0.0
5820,20,58,0.885,-0.2549999999999999,141,-0.72088223695755,141,0.44446882605552673,141,0.0
5821,21,58,0.855,-0.2549999999999999,141,-0.705573320388794,141,0.429200679063797,141,0.0
5822,22,58,0.8250000000000001,-0.2549999999999999,141,-0.6940034627914429,141,0.3271335959434509,141,0.0
5823,23,58,0.795,-0.2549999999999999,141,-0.684390127658844,141,0.35032522678375244,141,0.0
5824,24,58,0.765,-0.2549999999999999,141,-0.6714154481887817,141,0.45987069606781006,141,0.0
5825,25,58,0.735,-0.2549999999999999,141,-0.6575955152511597,141,0.4280368387699127,141,0.0
5826,26,58,0.7050000000000001,-0.2549999999999999,141,-0.6452795267105103,141,0.40782448649406433,141,0.0
5827,27,58,0.675,-0.2549999999999999,141,-0.6335050463676453,141,0.4081924855709076,141,0.0
5828,28,58,0.645,-0.2549999999999999,141,-0.6206598281860352,141,0.398705393075943,141,0.0
5829,29,58,0.615,-0.2549999999999999,141,-0.6100163459777832,141,0.4078666865825653,141,0.0
5830,30,58,0.5850000000000001,-0.2549999999999999,140,-0.5966620445251465,141,0.45774710178375244,141,0.0
5831,31,58,0.555,-0.2549999999999999,127,-0.5834704041481018,141,0.8004903197288513,141,0.02199999988079071
5832,32,58,0.525,-0.2549999999999999,141,-0.5603010654449463,141,1.2044365406036377,141,0.10000000149011612
5833,33,58,0.4950000000000001,-0.2549999999999999,141,-0.5140637159347534,141,0.5660145878791809,141,0.0
5834,34,58,0.4650000000000001,-0.2549999999999999,141,-0.5123172402381897,141,0.07123389840126038,141,0.0
5835,35,58,0.43500000000000005,-0.2549999999999999,141,-0.5096965432167053,141,0.04890461638569832,141,0.0
5836,36,58,0.405,-0.2549999999999999,141,-0.5089307427406311,141,0.004992882255464792,141,0.0
5837,37,58,0.375,-0.2549999999999999,141,-0.5087599158287048,141,0.0,141,0.0
5838,38,58,0.345,-0.2549999999999999,141,-0.5087117552757263,141,0.0,141,0.0
5839,39,58,0.31499999999999995,-0.2549999999999999,141,-0.5086731910705566,141,0.004875659942626953,141,0.0
5840,40,58,0.28500000000000014,-0.2549999999999999,141,-0.5086684823036194,141,0.01766780950129032,141,0.0
5841,41,58,0.2550000000000001,-0.2549999999999999,141,-0.5087117552757263,141,0.028316179290413857,141,0.0
5842,42,58,0.2250000000000001,-0.2549999999999999,141,-0.5085172653198242,141,0.02802257426083088,141,0.0
5843,43,58,0.19500000000000006,-0.2549999999999999,141,-0.5081931352615356,141,0.0207162294536829,141,0.0
5844,44,58,0.16500000000000004,-0.2549999999999999,141,-0.5080327987670898,141,0.028316179290413857,141,0.0
5845,45,58,0.135,-0.2549999999999999,141,-0.5072019100189209,141,0.02848842740058899,141,0.0
5846,46,58,0.10499999999999998,-0.2549999999999999,141,-0.5063477754592896,141,0.02469315007328987,141,0.0
5847,47,58,0.07499999999999996,-0.2549999999999999,141,-0.5061135292053223,141,0.21633736789226532,141,0.0
5848,48,58,0.04500000000000015,-0.2549999999999999,141,-0.5037968158721924,141,0.44073715806007385,141,0.0
5849,49,58,0.015000000000000124,-0.2549999999999999,141,-0.5009824633598328,141,0.5473965406417847,141,0.0
5850,50,58,-0.014999999999999902,-0.2549999999999999,141,-0.4995720386505127,141,0.5876019597053528,141,0.0
5851,51,58,-0.04499999999999993,-0.2549999999999999,141,-0.4986850917339325,141,0.5933766961097717,141,0.0
5852,52,58,-0.07499999999999996,-0.2549999999999999,141,-0.4986850917339325,141,0.5970805287361145,141,0.0
5853,53,58,-0.10499999999999998,-0.2549999999999999,141,-0.49861255288124084,141,0.5997811555862427,141,0.0
5854,54,58,-0.135,-0.2549999999999999,141,-0.4979228675365448,141,0.5964626669883728,141,0.0
5855,55,58,-0.16500000000000004,-0.2549999999999999,141,-0.49790695309638977,141,0.5320221185684204,141,0.0
5856,56,58,-0.19499999999999984,-0.2549999999999999,141,-0.4986516535282135,141,0.467109739780426,141,0.0
5857,57,58,-0.22499999999999987,-0.2549999999999999,141,-0.5041688680648804,141,0.3102094531059265,141,0.0
5858,58,58,-0.2549999999999999,-0.2549999999999999,141,-0.5069819092750549,141,0.0989229679107666,141,0.0
5859,59,58,-0.2849999999999999,-0.2549999999999999,141,-0.5072507858276367,141,0.04685017094016075,141,0.0
5860,60,58,-0.31499999999999995,-0.2549999999999999,141,-0.5066491365432739,141,0.031039118766784668,141,0.0
5861,61,58,-0.345,-0.2549999999999999,141,-0.5065839290618896,141,0.015195849351584911,141,0.0
5862,62,58,-0.375,-0.2549999999999999,141,-0.5065532326698303,141,0.011240564286708832,141,0.0
5863,63,58,-0.405,-0.2549999999999999,141,-0.5065532326698303,141,0.009938080795109272,141,0.0
5864,64,58,-0.43499999999999983,-0.2549999999999999,141,-0.5062417387962341,141,0.013110017403960228,141,0.0
5865,65,58,-0.46499999999999986,-0.2549999999999999,141,-0.5064274072647095,141,0.005681315902620554,141,0.0
5866,66,58,-0.4949999999999999,-0.2549999999999999,141,-0.5068105459213257,141,0.02047022245824337,141,0.0
5867,67,58,-0.5249999999999999,-0.2549999999999999,141,-0.5074285268783569,141,0.03949284553527832,141,0.0
5868,68,58,-0.5549999999999997,-0.2549999999999999,141,-0.5085996389389038,141,0.03290368616580963,141,0.0
5869,69,58,-0.585,-0.2549999999999999,141,-0.509072482585907,141,0.02911325916647911,141,0.0
5870,70,58,-0.6149999999999998,-0.2549999999999999,141,-0.5094202756881714,141,0.027386346831917763,141,0.0
5871,71,58,-0.645,-0.2549999999999999,141,-0.5100945830345154,141,0.022548791021108627,141,0.0
5872,72,58,-0.6749999999999998,-0.2549999999999999,141,-0.5095649361610413,141,0.02758990228176117,141,0.0
5873,73,58,-0.7050000000000001,-0.2549999999999999,141,-0.5087287425994873,141,0.030355652794241905,141,0.0
5874,74,58,-0.7349999999999999,-0.2549999999999999,141,-0.5083333253860474,141,0.0335395485162735,141,0.0
5875,75,58,-0.7650000000000001,-0.2549999999999999,141,-0.5077284574508667,141,0.03401559218764305,141,0.0
5876,76,58,-0.7949999999999999,-0.2549999999999999,141,-0.5068919062614441,141,0.02789285033941269,141,0.0
5877,77,58,-0.8249999999999997,-0.2549999999999999,141,-0.5064237713813782,141,0.021009644493460655,141,0.0
5878,78,58,-0.855,-0.2549999999999999,141,-0.50611412525177,141,0.016860125586390495,141,0.0
5879,79,58,-0.8849999999999998,-0.2549999999999999,141,-0.506137490272522,141,0.012703736312687397,141,0.0
5880,80,58,-0.915,-0.2549999999999999,141,-0.5060361623764038,141,0.015441765077412128,141,0.0
5881,81,58,-0.9449999999999998,-0.2549999999999999,141,-0.5059654712677002,141,0.01614391803741455,141,0.0
5882,82,58,-0.9750000000000001,-0.2549999999999999,141,-0.5056101083755493,141,0.01048743724822998,141,0.0
5883,83,58,-1.005,-0.2549999999999999,141,-0.5056477189064026,141,0.005005104001611471,141,0.0
5884,84,58,-1.0349999999999997,-0.2549999999999999,141,-0.5059654712677002,141,0.0025143225211650133,141,0.0
5885,85,58,-1.065,-0.2549999999999999,141,-0.5062435269355774,141,0.0,141,0.0
5886,86,58,-1.0949999999999998,-0.2549999999999999,49,-0.5066396594047546,141,0.0,141,0.02199999988079071
5887,87,58,-1.125,-0.2549999999999999,0,nan,141,0.0,141,0.02199999988079071
5888,88,58,-1.1549999999999998,-0.2549999999999999,0,nan,141,0.0,141,0.02199999988079071
5889,89,58,-1.185,-0.2549999999999999,0,nan,141,0.0,141,0.02199999988079071
5890,90,58,-1.2149999999999999,-0.2549999999999999,0,nan,141,0.0,141,0.02199999988079071
5891,91,58,-1.245,-0.2549999999999999,0,nan,141,0.0,141,0.02199999988079071
5892,92,58,-1.275,-0.2549999999999999,0,nan,141,0.0,141,0.02199999988079071
5893,93,58,-1.3049999999999997,-0.2549999999999999,0,nan,141,0.0,141,0.02199999988079071
5894,94,58,-1.335,-0.2549999999999999,0,nan,141,0.0,141,0.02199999988079071
5895,95,58,-1.3649999999999998,-0.2549999999999999,0,nan,141,0.0,141,0.02199999988079071
5896,96,58,-1.395,-0.2549999999999999,0,nan,141,0.0,141,0.02199999988079071
5897,97,58,-1.4249999999999998,-0.2549999999999999,0,nan,141,0.0,141,0.0
5898,98,58,-1.455,-0.2549999999999999,0,nan,141,0.0,141,0.0
5899,99,58,-1.4849999999999999,-0.2549999999999999,0,nan,141,0.0,141,0.0
5900,0,59,1.485,-0.2849999999999999,0,nan,141,0.0,141,0.0
5901,1,59,1.455,-0.2849999999999999,0,nan,141,0.0,141,0.0
5902,2,59,1.425,-0.2849999999999999,0,nan,141,0.0,141,0.0
5903,3,59,1.395,-0.2849999999999999,0,nan,141,0.0,141,0.02199999988079071
5904,4,59,1.365,-0.2849999999999999,0,nan,141,0.0,141,0.02199999988079071
5905,5,59,1.335,-0.2849999999999999,0,nan,141,0.0,141,0.02199999988079071
5906,6,59,1.305,-0.2849999999999999,0,nan,141,0.0,141,0.02199999988079071
5907,7,59,1.275,-0.2849999999999999,0,nan,141,0.0,141,0.02199999988079071
5908,8,59,1.245,-0.2849999999999999,0,nan,141,0.0,141,0.02199999988079071
5909,9,59,1.215,-0.2849999999999999,0,nan,141,0.0,141,0.02199999988079071
5910,10,59,1.185,-0.2849999999999999,127,-0.796942412853241,141,0.0,141,0.0
5911,11,59,1.155,-0.2849999999999999,134,-0.7966634035110474,141,0.0,141,0.0
5912,12,59,1.125,-0.2849999999999999,134,-0.7966634035110474,141,0.0,141,0.0
5913,13,59,1.095,-0.2849999999999999,141,-0.7963645458221436,141,0.1286328136920929,141,0.0
5914,14,59,1.065,-0.2849999999999999,141,-0.7861465811729431,141,0.27561211585998535,141,0.0
5915,15,59,1.0350000000000001,-0.2849999999999999,140,-0.7752292156219482,141,0.26486119627952576,141,0.0
5916,16,59,1.005,-0.2849999999999999,140,-0.7670261561870575,141,0.32298168540000916,141,0.0
5917,17,59,0.975,-0.2849999999999999,141,-0.7547841668128967,141,0.3243883550167084,141,0.0
5918,18,59,0.9450000000000001,-0.2849999999999999,141,-0.7453787922859192,141,0.3318388760089874,141,0.0
5919,19,59,0.915,-0.2849999999999999,141,-0.7340562343597412,141,0.4261240065097809,141,0.0
5920,20,59,0.885,-0.2849999999999999,141,-0.7221024036407471,141,0.44349291920661926,141,0.0
5921,21,59,0.855,-0.2849999999999999,141,-0.7056974172592163,141,0.4483940303325653,141,0.0
5922,22,59,0.8250000000000001,-0.2849999999999999,141,-0.6943312287330627,141,0.35801827907562256,141,0.0
5923,23,59,0.795,-0.2849999999999999,141,-0.6844293475151062,141,0.36208629608154297,141,0.0
5924,24,59,0.765,-0.2849999999999999,141,-0.6717509627342224,141,0.4562722444534302,141,0.0
5925,25,59,0.735,-0.2849999999999999,141,-0.6581424474716187,141,0.4309435784816742,141,0.0
5926,26,59,0.7050000000000001,-0.2849999999999999,141,-0.6454891562461853,141,0.40830573439598083,141,0.0
5927,27,59,0.675,-0.2849999999999999,141,-0.6335050463676453,141,0.42369067668914795,141,0.0
5928,28,59,0.645,-0.2849999999999999,141,-0.6200945973396301,141,0.4039347171783447,141,0.0
5929,29,59,0.615,-0.2849999999999999,141,-0.6096575260162354,141,0.4115021824836731,141,0.0
5930,30,59,0.5850000000000001,-0.2849999999999999,140,-0.5956200063228607,141,0.7999445199966431,141,0.0
5931,31,59,0.555,-0.2849999999999999,118,-0.5808638632297516,141,1.4239431619644165,141,0.10000000149011612
5932,32,59,0.525,-0.2849999999999999,141,-0.513288676738739,141,0.9685330986976624,141,0.10000000149011612
5933,33,59,0.4950000000000001,-0.2849999999999999,141,-0.5128253102302551,141,0.29241594672203064,141,0.0
5934,34,59,0.4650000000000001,-0.2849999999999999,141,-0.5106273293495178,141,0.05962454900145531,141,0.0
5935,35,59,0.43500000000000005,-0.2849999999999999,141,-0.5091651082038879,141,0.046584077179431915,141,0.0
5936,36,59,0.405,-0.2849999999999999,141,-0.5086684823036194,141,0.015858808532357216,141,0.0
5937,37,59,0.375,-0.2849999999999999,141,-0.5085604190826416,141,0.0018229087581858039,141,0.0
5938,38,59,0.345,-0.2849999999999999,141,-0.5084776282310486,141,0.004562396556138992,141,0.0
5939,39,59,0.31499999999999995,-0.2849999999999999,141,-0.5082589387893677,141,0.015438695438206196,141,0.0
5940,40,59,0.28500000000000014,-0.2849999999999999,141,-0.5081477165222168,141,0.028316179290413857,141,0.0
5941,41,59,0.2550000000000001,-0.2849999999999999,141,-0.508154571056366,141,0.06665289402008057,141,0.0
5942,42,59,0.2250000000000001,-0.2849999999999999,141,-0.5076212882995605,141,0.11648019403219223,141,0.0
5943,43,59,0.19500000000000006,-0.2849999999999999,141,-0.5076019763946533,141,0.35123586654663086,141,0.0
5944,44,59,0.16500000000000004,-0.2849999999999999,141,-0.507351279258728,141,0.6840097308158875,141,0.0
5945,45,59,0.135,-0.2849999999999999,141,-0.5063964128494263,141,0.9882996678352356,141,0.10000000149011612
5946,46,59,0.10499999999999998,-0.2849999999999999,141,-0.5061135292053223,141,1.087232232093811,141,0.10000000149011612
5947,47,59,0.07499999999999996,-0.2849999999999999,138,-0.5056973695755005,141,1.11575186252594,141,0.10000000149011612
5948,48,59,0.04500000000000015,-0.2849999999999999,141,-0.4766358733177185,141,1.0900927782058716,141,0.10000000149011612
5949,49,59,0.015000000000000124,-0.2849999999999999,141,-0.4701552987098694,141,1.0150936841964722,141,0.10000000149011612
5950,50,59,-0.014999999999999902,-0.2849999999999999,141,-0.4697100818157196,141,0.9677926898002625,141,0.10000000149011612
5951,51,59,-0.04499999999999993,-0.2849999999999999,141,-0.4697100818157196,141,0.9616151452064514,141,0.10000000149011612
5952,52,59,-0.07499999999999996,-0.2849999999999999,141,-0.4697100818157196,141,0.8775691390037537,141,0.10000000149011612
5953,53,59,-0.10499999999999998,-0.2849999999999999,141,-0.4697100818157196,141,0.6931836605072021,141,0.0
5954,54,59,-0.135,-0.2849999999999999,141,-0.4701552987098694,141,0.5448713898658752,141,0.0
5955,55,59,-0.16500000000000004,-0.2849999999999999,141,-0.47157561779022217,141,0.49433228373527527,141,0.0
5956,56,59,-0.19499999999999984,-0.2849999999999999,141,-0.47461068630218506,141,0.5133975148200989,141,0.0
5957,57,59,-0.22499999999999987,-0.2849999999999999,141,-0.5014169812202454,141,0.5008069276809692,141,0.0
5958,58,59,-0.2549999999999999,-0.2849999999999999,141,-0.5075443983078003,141,0.11743258684873581,141,0.0
5959,59,59,-0.2849999999999999,-0.2849999999999999,141,-0.5076802968978882,141,0.050276461988687515,141,0.0
5960,60,59,-0.31499999999999995,-0.2849999999999999,141,-0.5070830583572388,141,0.028848648071289062,141,0.0
5961,61,59,-0.345,-0.2849999999999999,141,-0.5070081949234009,141,0.013189153745770454,141,0.0
5962,62,59,-0.375,-0.2849999999999999,141,-0.5070971846580505,141,0.009395678527653217,141,0.0
5963,63,59,-0.405,-0.2849999999999999,141,-0.5070971846580505,141,0.004500150680541992,141,0.0
5964,64,59,-0.43499999999999983,-0.2849999999999999,141,-0.5066637396812439,141,0.005681315902620554,141,0.0
5965,65,59,-0.46499999999999986,-0.2849999999999999,141,-0.5068008303642273,141,0.0013719002017751336,141,0.0
5966,66,59,-0.4949999999999999,-0.2849999999999999,141,-0.5070971846580505,141,0.019504627212882042,141,0.0
5967,67,59,-0.5249999999999999,-0.2849999999999999,141,-0.5077352523803711,141,0.041227761656045914,141,0.0
5968,68,59,-0.5549999999999997,-0.2849999999999999,141,-0.509016752243042,141,0.035775378346443176,141,0.0
5969,69,59,-0.585,-0.2849999999999999,141,-0.5093474984169006,141,0.02651810646057129,141,0.0
5970,70,59,-0.6149999999999998,-0.2849999999999999,141,-0.5095633268356323,141,0.027357032522559166,141,0.0
5971,71,59,-0.645,-0.2849999999999999,141,-0.5101826190948486,141,0.022172018885612488,141,0.0
5972,72,59,-0.6749999999999998,-0.2849999999999999,141,-0.5100516080856323,141,0.027157165110111237,141,0.0
5973,73,59,-0.7050000000000001,-0.2849999999999999,141,-0.5091133713722229,141,0.026162367314100266,141,0.0
5974,74,59,-0.7349999999999999,-0.2849999999999999,141,-0.5087628960609436,141,0.028011063113808632,141,0.0
5975,75,59,-0.7650000000000001,-0.2849999999999999,141,-0.5082662105560303,141,0.033023953437805176,141,0.0
5976,76,59,-0.7949999999999999,-0.2849999999999999,141,-0.5075039863586426,141,0.02633538469672203,141,0.0
5977,77,59,-0.8249999999999997,-0.2849999999999999,141,-0.5068964958190918,141,0.019228458404541016,141,0.0
5978,78,59,-0.855,-0.2849999999999999,141,-0.5065032243728638,141,0.013557717204093933,141,0.0
5979,79,59,-0.8849999999999998,-0.2849999999999999,141,-0.5064455270767212,141,0.012889504432678223,141,0.0
5980,80,59,-0.915,-0.2849999999999999,141,-0.5064176321029663,141,0.01658598519861698,141,0.0
5981,81,59,-0.9449999999999998,-0.2849999999999999,141,-0.5063265562057495,141,0.014488895423710346,141,0.0
5982,82,59,-0.9750000000000001,-0.2849999999999999,141,-0.5058658719062805,141,0.012306606397032738,141,0.0
5983,83,59,-1.005,-0.2849999999999999,141,-0.5058456063270569,141,0.00027465695166029036,141,0.0
5984,84,59,-1.0349999999999997,-0.2849999999999999,141,-0.5061087012290955,141,0.0,141,0.0
5985,85,59,-1.065,-0.2849999999999999,141,-0.5062857270240784,141,0.0,141,0.0
5986,86,59,-1.0949999999999998,-0.2849999999999999,49,-0.5066396594047546,141,0.0,141,0.02199999988079071
5987,87,59,-1.125,-0.2849999999999999,0,nan,141,0.0,141,0.02199999988079071
5988,88,59,-1.1549999999999998,-0.2849999999999999,0,nan,141,0.0,141,0.02199999988079071
5989,89,59,-1.185,-0.2849999999999999,0,nan,141,0.0,141,0.02199999988079071
5990,90,59,-1.2149999999999999,-0.2849999999999999,0,nan,141,0.0,141,0.02199999988079071
5991,91,59,-1.245,-0.2849999999999999,0,nan,141,0.0,141,0.02199999988079071
5992,92,59,-1.275,-0.2849999999999999,0,nan,141,0.0,141,0.02199999988079071
5993,93,59,-1.3049999999999997,-0.2849999999999999,0,nan,141,0.0,141,0.02199999988079071
5994,94,59,-1.335,-0.2849999999999999,0,nan,141,0.0,141,0.02199999988079071
5995,95,59,-1.3649999999999998,-0.2849999999999999,0,nan,141,0.0,141,0.02199999988079071
5996,96,59,-1.395,-0.2849999999999999,0,nan,141,0.0,141,0.02199999988079071
5997,97,59,-1.4249999999999998,-0.2849999999999999,0,nan,141,0.0,141,0.0
5998,98,59,-1.455,-0.2849999999999999,0,nan,141,0.0,141,0.0
5999,99,59,-1.4849999999999999,-0.2849999999999999,0,nan,141,0.0,141,0.0
6000,0,60,1.485,-0.31499999999999995,0,nan,141,0.0,141,0.0
6001,1,60,1.455,-0.31499999999999995,0,nan,141,0.0,141,0.0
6002,2,60,1.425,-0.31499999999999995,0,nan,141,0.0,141,0.0
6003,3,60,1.395,-0.31499999999999995,0,nan,141,0.0,141,0.02199999988079071
6004,4,60,1.365,-0.31499999999999995,0,nan,141,0.0,141,0.02199999988079071
6005,5,60,1.335,-0.31499999999999995,0,nan,141,0.0,141,0.02199999988079071
6006,6,60,1.305,-0.31499999999999995,0,nan,141,0.0,141,0.02199999988079071
6007,7,60,1.275,-0.31499999999999995,0,nan,141,0.0,141,0.02199999988079071
6008,8,60,1.245,-0.31499999999999995,0,nan,141,0.0,141,0.02199999988079071
6009,9,60,1.215,-0.31499999999999995,0,nan,141,0.0,141,0.02199999988079071
6010,10,60,1.185,-0.31499999999999995,127,-0.7972776889801025,141,0.0,141,0.0
6011,11,60,1.155,-0.31499999999999995,134,-0.7968717813491821,141,0.0,141,0.0
6012,12,60,1.125,-0.31499999999999995,134,-0.7968717813491821,141,0.0,141,0.0
6013,13,60,1.095,-0.31499999999999995,141,-0.7966824173927307,141,0.13862450420856476,141,0.0
6014,14,60,1.065,-0.31499999999999995,140,-0.7862596809864044,141,0.27687349915504456,141,0.0
6015,15,60,1.0350000000000001,-0.31499999999999995,140,-0.7756342589855194,141,0.2620493471622467,141,0.0
6016,16,60,1.005,-0.31499999999999995,140,-0.7672425508499146,141,0.3215447664260864,141,0.0
6017,17,60,0.975,-0.31499999999999995,141,-0.7547075152397156,141,0.32366079092025757,141,0.0
6018,18,60,0.9450000000000001,-0.31499999999999995,141,-0.7453821897506714,141,0.3153146803379059,141,0.0
6019,19,60,0.915,-0.31499999999999995,141,-0.734671413898468,141,0.37898337841033936,141,0.0
6020,20,60,0.885,-0.31499999999999995,141,-0.723152220249176,141,0.42918717861175537,141,0.0
6021,21,60,0.855,-0.31499999999999995,141,-0.7083698511123657,141,0.4415370523929596,141,0.0
6022,22,60,0.8250000000000001,-0.31499999999999995,141,-0.6960607767105103,141,0.3915601968765259,141,0.0
6023,23,60,0.795,-0.31499999999999995,141,-0.6843364834785461,141,0.3701014816761017,141,0.0
6024,24,60,0.765,-0.31499999999999995,141,-0.6719902753829956,141,0.43910840153694153,141,0.0
6025,25,60,0.735,-0.31499999999999995,141,-0.658710777759552,141,0.4314810037612915,141,0.0
6026,26,60,0.7050000000000001,-0.31499999999999995,141,-0.6454891562461853,141,0.41203513741493225,141,0.0
6027,27,60,0.675,-0.31499999999999995,141,-0.6335050463676453,141,0.43201544880867004,141,0.0
6028,28,60,0.645,-0.31499999999999995,141,-0.6191326975822449,141,0.4150255024433136,141,0.0
6029,29,60,0.615,-0.31499999999999995,141,-0.6092467904090881,141,0.8033820986747742,141,0.0
6030,30,60,0.5850000000000001,-0.31499999999999995,138,-0.5951876938343048,141,1.613250970840454,141,0.10000000149011612
6031,31,60,0.555,-0.31499999999999995,141,-0.5128567814826965,141,1.3858479261398315,141,0.10000000149011612
6032,32,60,0.525,-0.31499999999999995,141,-0.5120897889137268,141,0.41832488775253296,141,0.0
6033,33,60,0.4950000000000001,-0.31499999999999995,141,-0.5117961764335632,141,0.044924020767211914,141,0.0
6034,34,60,0.4650000000000001,-0.31499999999999995,141,-0.5097739696502686,141,0.04473302140831947,141,0.0
6035,35,60,0.43500000000000005,-0.31499999999999995,141,-0.5089966654777527,141,0.03412419557571411,141,0.0
6036,36,60,0.405,-0.31499999999999995,141,-0.5085629820823669,141,0.01013775635510683,141,0.0
6037,37,60,0.375,-0.31499999999999995,141,-0.5085384249687195,141,0.0,141,0.0
6038,38,60,0.345,-0.31499999999999995,141,-0.508300244808197,141,0.0020792086143046618,141,0.0
6039,39,60,0.31499999999999995,-0.31499999999999995,141,-0.507712185382843,141,0.013687188737094402,141,0.0
6040,40,60,0.28500000000000014,-0.31499999999999995,141,-0.50727778673172,141,0.031146803870797157,141,0.0
6041,41,60,0.2550000000000001,-0.31499999999999995,141,-0.5064741373062134,141,0.13759686052799225,141,0.0
6042,42,60,0.2250000000000001,-0.31499999999999995,141,-0.5040051341056824,141,0.5087743401527405,141,0.0
6043,43,60,0.19500000000000006,-0.31499999999999995,141,-0.4987986385822296,141,1.0216525793075562,141,0.10000000149011612
6044,44,60,0.16500000000000004,-0.31499999999999995,139,-0.4624677896499634,141,1.1997638940811157,141,0.10000000149011612
6045,45,60,0.135,-0.31499999999999995,141,-0.4416824281215668,141,1.1495296955108643,141,0.10000000149011612
6046,46,60,0.10499999999999998,-0.31499999999999995,141,-0.4403980076313019,141,1.1113312244415283,141,0.10000000149011612
6047,47,60,0.07499999999999996,-0.31499999999999995,141,-0.44026678800582886,141,1.0075980424880981,141,0.10000000149011612
6048,48,60,0.04500000000000015,-0.31499999999999995,141,-0.44026678800582886,141,0.7552958130836487,141,0.0
6049,49,60,0.015000000000000124,-0.31499999999999995,141,-0.44026678800582886,141,0.5751897692680359,141,0.0
6050,50,60,-0.014999999999999902,-0.31499999999999995,141,-0.44026678800582886,141,0.5001435279846191,141,0.0
6051,51,60,-0.04499999999999993,-0.31499999999999995,141,-0.4403417706489563,141,0.48002004623413086,141,0.0
6052,52,60,-0.07499999999999996,-0.31499999999999995,141,-0.4407592713832855,141,0.45924487709999084,141,0.0
6053,53,60,-0.10499999999999998,-0.31499999999999995,141,-0.46192628145217896,141,0.37855106592178345,141,0.0
6054,54,60,-0.135,-0.31499999999999995,141,-0.4694402515888214,141,0.14395911991596222,141,0.0
6055,55,60,-0.16500000000000004,-0.31499999999999995,141,-0.47133681178092957,141,0.05065848305821419,141,0.0
6056,56,60,-0.19499999999999984,-0.31499999999999995,141,-0.4734504818916321,141,0.47363919019699097,141,0.0
6057,57,60,-0.22499999999999987,-0.31499999999999995,141,-0.5007803440093994,141,0.5525240898132324,141,0.0
6058,58,60,-0.2549999999999999,-0.31499999999999995,141,-0.5075834393501282,141,0.12315674126148224,141,0.0
6059,59,60,-0.2849999999999999,-0.31499999999999995,141,-0.5077518820762634,141,0.058902304619550705,141,0.0
6060,60,60,-0.31499999999999995,-0.31499999999999995,141,-0.5070830583572388,141,0.03521541878581047,141,0.0
6061,61,60,-0.345,-0.31499999999999995,141,-0.5069367289543152,141,0.014457106590270996,141,0.0
6062,62,60,-0.375,-0.31499999999999995,141,-0.5069367289543152,141,0.006723834667354822,141,0.0
6063,63,60,-0.405,-0.31499999999999995,141,-0.5069819092750549,141,0.0,141,0.0
6064,64,60,-0.43499999999999983,-0.31499999999999995,141,-0.5066637396812439,141,0.0,141,0.0
6065,65,60,-0.46499999999999986,-0.31499999999999995,141,-0.5067622065544128,141,0.0,141,0.0
6066,66,60,-0.4949999999999999,-0.31499999999999995,141,-0.5070601105690002,141,0.016693124547600746,141,0.0
6067,67,60,-0.5249999999999999,-0.31499999999999995,141,-0.507527768611908,141,0.0384858176112175,141,0.0
6068,68,60,-0.5549999999999997,-0.31499999999999995,141,-0.5091882348060608,141,0.02949933148920536,141,0.0
6069,69,60,-0.585,-0.31499999999999995,141,-0.509919285774231,141,0.022435946390032768,141,0.0
6070,70,60,-0.6149999999999998,-0.31499999999999995,141,-0.5101826190948486,141,0.027386346831917763,141,0.0
6071,71,60,-0.645,-0.31499999999999995,141,-0.5107290148735046,141,0.024407636374235153,141,0.0
6072,72,60,-0.6749999999999998,-0.31499999999999995,141,-0.5102478265762329,141,0.025373943150043488,141,0.0
6073,73,60,-0.7050000000000001,-0.31499999999999995,141,-0.509735643863678,141,0.01869400404393673,141,0.0
6074,74,60,-0.7349999999999999,-0.31499999999999995,141,-0.5092024803161621,141,0.018962224945425987,141,0.0
6075,75,60,-0.7650000000000001,-0.31499999999999995,141,-0.5088853240013123,141,0.027311677113175392,141,0.0
6076,76,60,-0.7949999999999999,-0.31499999999999995,141,-0.5081693530082703,141,0.02448956109583378,141,0.0
6077,77,60,-0.8249999999999997,-0.31499999999999995,141,-0.5072450637817383,141,0.018436400219798088,141,0.0
6078,78,60,-0.855,-0.31499999999999995,141,-0.5070350170135498,141,0.008763869293034077,141,0.0
6079,79,60,-0.8849999999999998,-0.31499999999999995,141,-0.5069050788879395,141,0.008763869293034077,141,0.0
6080,80,60,-0.915,-0.31499999999999995,141,-0.5067908763885498,141,0.013048768974840641,141,0.0
6081,81,60,-0.9449999999999998,-0.31499999999999995,141,-0.5066799521446228,141,0.01658896543085575,141,0.0
6082,82,60,-0.9750000000000001,-0.31499999999999995,141,-0.5062435269355774,141,0.012143452651798725,141,0.0
6083,83,60,-1.005,-0.31499999999999995,141,-0.5061542391777039,141,0.0013371309032663703,141,0.0
6084,84,60,-1.0349999999999997,-0.31499999999999995,141,-0.5062857270240784,141,0.00048180422163568437,141,0.0
6085,85,60,-1.065,-0.31499999999999995,141,-0.5064550042152405,141,0.0,141,0.0
6086,86,60,-1.0949999999999998,-0.31499999999999995,49,-0.5066396594047546,141,0.0,141,0.02199999988079071
6087,87,60,-1.125,-0.31499999999999995,0,nan,141,0.0,141,0.02199999988079071
6088,88,60,-1.1549999999999998,-0.31499999999999995,0,nan,141,0.0,141,0.02199999988079071
6089,89,60,-1.185,-0.31499999999999995,0,nan,141,0.0,141,0.02199999988079071
6090,90,60,-1.2149999999999999,-0.31499999999999995,0,nan,141,0.0,141,0.02199999988079071
6091,91,60,-1.245,-0.31499999999999995,0,nan,141,0.0,141,0.02199999988079071
6092,92,60,-1.275,-0.31499999999999995,0,nan,141,0.0,141,0.02199999988079071
6093,93,60,-1.3049999999999997,-0.31499999999999995,0,nan,141,0.0,141,0.02199999988079071
6094,94,60,-1.335,-0.31499999999999995,0,nan,141,0.0,141,0.02199999988079071
6095,95,60,-1.3649999999999998,-0.31499999999999995,0,nan,141,0.0,141,0.02199999988079071
6096,96,60,-1.395,-0.31499999999999995,0,nan,141,0.0,141,0.02199999988079071
6097,97,60,-1.4249999999999998,-0.31499999999999995,0,nan,141,0.0,141,0.0
6098,98,60,-1.455,-0.31499999999999995,0,nan,141,0.0,141,0.0
6099,99,60,-1.4849999999999999,-0.31499999999999995,0,nan,141,0.0,141,0.0
6100,0,61,1.485,-0.345,0,nan,141,0.0,141,0.0
6101,1,61,1.455,-0.345,0,nan,141,0.0,141,0.0
6102,2,61,1.425,-0.345,0,nan,141,0.0,141,0.0
6103,3,61,1.395,-0.345,0,nan,141,0.0,141,0.02199999988079071
6104,4,61,1.365,-0.345,0,nan,141,0.0,141,0.02199999988079071
6105,5,61,1.335,-0.345,0,nan,141,0.0,141,0.02199999988079071
6106,6,61,1.305,-0.345,0,nan,141,0.0,141,0.02199999988079071
6107,7,61,1.275,-0.345,0,nan,141,0.0,141,0.02199999988079071
6108,8,61,1.245,-0.345,0,nan,141,0.0,141,0.02199999988079071
6109,9,61,1.215,-0.345,0,nan,141,0.0,141,0.02199999988079071
6110,10,61,1.185,-0.345,127,-0.7977721691131592,141,0.0,141,0.0
6111,11,61,1.155,-0.345,134,-0.7971100509166718,141,0.0,141,0.0
6112,12,61,1.125,-0.345,134,-0.7971100509166718,141,0.0,141,0.0
6113,13,61,1.095,-0.345,141,-0.7968053221702576,141,0.13498219847679138,141,0.0
6114,14,61,1.065,-0.345,140,-0.786429226398468,141,0.2961612939834595,141,0.0
6115,15,61,1.0350000000000001,-0.345,140,-0.7757729291915894,141,0.27067363262176514,141,0.0
6116,16,61,1.005,-0.345,140,-0.7666034698486328,141,0.3166311979293823,141,0.0
6117,17,61,0.975,-0.345,141,-0.7547841668128967,141,0.3089408576488495,141,0.0
6118,18,61,0.9450000000000001,-0.345,141,-0.7453935146331787,141,0.30517902970314026,141,0.0
6119,19,61,0.915,-0.345,141,-0.7349733710289001,141,0.343147337436676,141,0.0
6120,20,61,0.885,-0.345,141,-0.7236613035202026,141,0.4239351153373718,141,0.0
6121,21,61,0.855,-0.345,141,-0.7109514474868774,141,0.45627400279045105,141,0.0
6122,22,61,0.8250000000000001,-0.345,141,-0.6966614127159119,141,0.4191340506076813,141,0.0
6123,23,61,0.795,-0.345,141,-0.684390127658844,141,0.39495429396629333,141,0.0
6124,24,61,0.765,-0.345,141,-0.6717740297317505,141,0.42830905318260193,141,0.0
6125,25,61,0.735,-0.345,141,-0.658285915851593,141,0.43736597895622253,141,0.0
6126,26,61,0.7050000000000001,-0.345,139,-0.6452111005783081,141,0.40830573439598083,141,0.0
6127,27,61,0.675,-0.345,139,-0.6332365870475769,141,0.4401678144931793,141,0.0
6128,28,61,0.645,-0.345,139,-0.6186398267745972,141,0.6513826847076416,141,0.0
6129,29,61,0.615,-0.345,133,-0.60779869556427,141,1.4848074913024902,141,0.10000000149011612
6130,30,61,0.5850000000000001,-0.345,141,-0.5140901803970337,141,1.6658185720443726,141,0.10000000149011612
6131,31,61,0.555,-0.345,141,-0.511288046836853,141,0.5420225262641907,141,0.0
6132,32,61,0.525,-0.345,141,-0.5106164216995239,141,0.02188185788691044,141,0.0
6133,33,61,0.4950000000000001,-0.345,141,-0.509996771812439,141,0.02767295017838478,141,0.0
6134,34,61,0.4650000000000001,-0.345,141,-0.5093393921852112,141,0.028721490874886513,141,0.0
6135,35,61,0.43500000000000005,-0.345,141,-0.5089003443717957,141,0.021029170602560043,141,0.0
6136,36,61,0.405,-0.345,141,-0.5084168910980225,141,0.013430912978947163,141,0.0
6137,37,61,0.375,-0.345,141,-0.508300244808197,141,0.0018229087581858039,141,0.0
6138,38,61,0.345,-0.345,141,-0.5077567100524902,141,0.004916389938443899,141,0.0
6139,39,61,0.31499999999999995,-0.345,141,-0.5075588822364807,141,0.013931591995060444,141,0.0
6140,40,61,0.28500000000000014,-0.345,141,-0.5068954825401306,141,0.02581089921295643,141,0.0
6141,41,61,0.2550000000000001,-0.345,141,-0.5058831572532654,141,0.1728382706642151,141,0.0
6142,42,61,0.2250000000000001,-0.345,141,-0.49841561913490295,141,0.9000750184059143,141,0.10000000149011612
6143,43,61,0.19500000000000006,-0.345,141,-0.4412365257740021,141,1.058976411819458,141,0.10000000149011612
6144,44,61,0.16500000000000004,-0.345,141,-0.4396170675754547,141,0.5254628658294678,141,0.0
6145,45,61,0.135,-0.345,141,-0.4395706355571747,141,0.2048124223947525,141,0.0
6146,46,61,0.10499999999999998,-0.345,141,-0.43940532207489014,141,0.02778211608529091,141,0.0
6147,47,61,0.07499999999999996,-0.345,141,-0.4392356872558594,141,0.0083948178216815,141,0.0
6148,48,61,0.04500000000000015,-0.345,141,-0.4392356872558594,141,0.007407864090055227,141,0.0
6149,49,61,0.015000000000000124,-0.345,141,-0.4392356872558594,141,0.007407864090055227,141,0.0
6150,50,61,-0.014999999999999902,-0.345,141,-0.4394151270389557,141,0.007631877902895212,141,0.0
6151,51,61,-0.04499999999999993,-0.345,141,-0.4398382604122162,141,0.009356780909001827,141,0.0
6152,52,61,-0.07499999999999996,-0.345,141,-0.44058457016944885,141,0.3550741374492645,141,0.0
6153,53,61,-0.10499999999999998,-0.345,141,-0.4605911672115326,141,0.4217897951602936,141,0.0
6154,54,61,-0.135,-0.345,141,-0.46941012144088745,141,0.1273423433303833,141,0.0
6155,55,61,-0.16500000000000004,-0.345,141,-0.47131937742233276,141,0.0,141,0.0
6156,56,61,-0.19499999999999984,-0.345,141,-0.4731529653072357,141,0.4180145263671875,141,0.0
6157,57,61,-0.22499999999999987,-0.345,141,-0.4992390275001526,141,0.5528835654258728,141,0.0
6158,58,61,-0.2549999999999999,-0.345,141,-0.5073009729385376,141,0.1639670878648758,141,0.0
6159,59,61,-0.2849999999999999,-0.345,141,-0.5075230002403259,141,0.05844235420227051,141,0.0
6160,60,61,-0.31499999999999995,-0.345,141,-0.5063962936401367,141,0.030928850173950195,141,0.0
6161,61,61,-0.345,-0.345,141,-0.506377100944519,141,0.010850031860172749,141,0.0
6162,62,61,-0.375,-0.345,141,-0.5062030553817749,141,0.0063320002518594265,141,0.0
6163,63,61,-0.405,-0.345,141,-0.506377100944519,141,0.0,141,0.0
6164,64,61,-0.43499999999999983,-0.345,141,-0.5062058568000793,141,0.0,141,0.0
6165,65,61,-0.46499999999999986,-0.345,141,-0.5065252780914307,141,0.0,141,0.0
6166,66,61,-0.4949999999999999,-0.345,141,-0.5069819092750549,141,0.017848610877990723,141,0.0
6167,67,61,-0.5249999999999999,-0.345,141,-0.5074995756149292,141,0.040093064308166504,141,0.0
6168,68,61,-0.5549999999999997,-0.345,141,-0.5092419385910034,141,0.02759695053100586,141,0.0
6169,69,61,-0.585,-0.345,141,-0.5100838541984558,141,0.019243838265538216,141,0.0
6170,70,61,-0.6149999999999998,-0.345,141,-0.510475754737854,141,0.029396018013358116,141,0.0
6171,71,61,-0.645,-0.345,141,-0.510983407497406,141,0.022084513679146767,141,0.0
6172,72,61,-0.6749999999999998,-0.345,141,-0.5105164051055908,141,0.024324174970388412,141,0.0
6173,73,61,-0.7050000000000001,-0.345,141,-0.5100783705711365,141,0.012635734863579273,141,0.0
6174,74,61,-0.7349999999999999,-0.345,141,-0.5096986293792725,141,0.01471539307385683,141,0.0
6175,75,61,-0.7650000000000001,-0.345,141,-0.509060800075531,141,0.02295745722949505,141,0.0
6176,76,61,-0.7949999999999999,-0.345,141,-0.5084085464477539,141,0.01976582780480385,141,0.0
6177,77,61,-0.8249999999999997,-0.345,141,-0.5077025890350342,141,0.01490612793713808,141,0.0
6178,78,61,-0.855,-0.345,141,-0.5075646638870239,141,0.010266559198498726,141,0.0
6179,79,61,-0.8849999999999998,-0.345,141,-0.5075646638870239,141,0.010444720275700092,141,0.0
6180,80,61,-0.915,-0.345,141,-0.5073482990264893,141,0.01855790615081787,141,0.0
6181,81,61,-0.9449999999999998,-0.345,141,-0.5071283578872681,141,0.023175278678536415,141,0.0
6182,82,61,-0.9750000000000001,-0.345,141,-0.5066244602203369,141,0.019321784377098083,141,0.0
6183,83,61,-1.005,-0.345,141,-0.506343424320221,141,0.004255771636962891,141,0.0
6184,84,61,-1.0349999999999997,-0.345,141,-0.5066009163856506,141,0.001407662988640368,141,0.0
6185,85,61,-1.065,-0.345,141,-0.5067835450172424,141,0.0,141,0.0
6186,86,61,-1.0949999999999998,-0.345,49,-0.5066396594047546,141,0.0,141,0.02199999988079071
6187,87,61,-1.125,-0.345,0,nan,141,0.0,141,0.02199999988079071
6188,88,61,-1.1549999999999998,-0.345,0,nan,141,0.0,141,0.02199999988079071
6189,89,61,-1.185,-0.345,0,nan,141,0.0,141,0.02199999988079071
6190,90,61,-1.2149999999999999,-0.345,0,nan,141,0.0,141,0.02199999988079071
6191,91,61,-1.245,-0.345,0,nan,141,0.0,141,0.02199999988079071
6192,92,61,-1.275,-0.345,0,nan,141,0.0,141,0.02199999988079071
6193,93,61,-1.3049999999999997,-0.345,0,nan,141,0.0,141,0.02199999988079071
6194,94,61,-1.335,-0.345,0,nan,141,0.0,141,0.02199999988079071
6195,95,61,-1.3649999999999998,-0.345,0,nan,141,0.0,141,0.02199999988079071
6196,96,61,-1.395,-0.345,0,nan,141,0.0,141,0.02199999988079071
6197,97,61,-1.4249999999999998,-0.345,0,nan,141,0.0,141,0.0
6198,98,61,-1.455,-0.345,0,nan,141,0.0,141,0.0
6199,99,61,-1.4849999999999999,-0.345,0,nan,141,0.0,141,0.0
6200,0,62,1.485,-0.375,0,nan,141,0.0,141,0.0
6201,1,62,1.455,-0.375,0,nan,141,0.0,141,0.0
6202,2,62,1.425,-0.375,0,nan,141,0.0,141,0.0
6203,3,62,1.395,-0.375,0,nan,141,0.0,141,0.02199999988079071
6204,4,62,1.365,-0.375,0,nan,141,0.0,141,0.02199999988079071
6205,5,62,1.335,-0.375,0,nan,141,0.0,141,0.02199999988079071
6206,6,62,1.305,-0.375,0,nan,141,0.0,141,0.02199999988079071
6207,7,62,1.275,-0.375,0,nan,141,0.0,141,0.02199999988079071
6208,8,62,1.245,-0.375,0,nan,141,0.0,141,0.02199999988079071
6209,9,62,1.215,-0.375,0,nan,141,0.0,141,0.02199999988079071
6210,10,62,1.185,-0.375,127,-0.7980270385742188,141,0.0,141,0.0
6211,11,62,1.155,-0.375,134,-0.7977553308010101,141,0.0,141,0.0
6212,12,62,1.125,-0.375,134,-0.7977553308010101,141,0.0,141,0.0
6213,13,62,1.095,-0.375,140,-0.7973810732364655,141,0.138866126537323,141,0.0
6214,14,62,1.065,-0.375,140,-0.7868051826953888,141,0.3048330545425415,141,0.0
6215,15,62,1.0350000000000001,-0.375,140,-0.7761602997779846,141,0.2891117334365845,141,0.0
6216,16,62,1.005,-0.375,140,-0.7662939131259918,141,0.3113415241241455,141,0.0
6217,17,62,0.975,-0.375,141,-0.7552802562713623,141,0.3133449852466583,141,0.0
6218,18,62,0.9450000000000001,-0.375,141,-0.7453821897506714,141,0.3044337034225464,141,0.0
6219,19,62,0.915,-0.375,141,-0.7348955869674683,141,0.3298494815826416,141,0.0
6220,20,62,0.885,-0.375,141,-0.7242271304130554,141,0.3933919668197632,141,0.0
6221,21,62,0.855,-0.375,141,-0.7118440866470337,141,0.46535035967826843,141,0.0
6222,22,62,0.8250000000000001,-0.375,141,-0.6967786550521851,141,0.451894611120224,141,0.0
6223,23,62,0.795,-0.375,141,-0.6837373971939087,141,0.4102136194705963,141,0.0
6224,24,62,0.765,-0.375,141,-0.671396791934967,141,0.4269550144672394,141,0.0
6225,25,62,0.735,-0.375,141,-0.6581674218177795,141,0.43736597895622253,141,0.0
6226,26,62,0.7050000000000001,-0.375,139,-0.644874095916748,141,0.40830573439598083,141,0.0
6227,27,62,0.675,-0.375,139,-0.6329292058944702,141,0.5476568341255188,141,0.0
6228,28,62,0.645,-0.375,131,-0.6178180575370789,141,1.1850563287734985,141,0.10000000149011612
6229,29,62,0.615,-0.375,138,-0.5632936358451843,141,1.7897772789001465,141,0.10000000149011612
6230,30,62,0.5850000000000001,-0.375,141,-0.5122055411338806,141,0.8045990467071533,141,0.0
6231,31,62,0.555,-0.375,141,-0.5106613039970398,141,0.039787132292985916,141,0.0
6232,32,62,0.525,-0.375,141,-0.5100821256637573,141,0.006592313293367624,141,0.0
6233,33,62,0.4950000000000001,-0.375,141,-0.509483277797699,141,0.011192758567631245,141,0.0
6234,34,62,0.4650000000000001,-0.375,141,-0.5091295838356018,141,0.012070449069142342,141,0.0
6235,35,62,0.43500000000000005,-0.375,141,-0.5087481141090393,141,0.018454590812325478,141,0.0
6236,36,62,0.405,-0.375,141,-0.5082012414932251,141,0.010005633346736431,141,0.0
6237,37,62,0.375,-0.375,141,-0.5079933404922485,141,0.0,141,0.0
6238,38,62,0.345,-0.375,141,-0.5076556205749512,141,0.0020792086143046618,141,0.0
6239,39,62,0.31499999999999995,-0.375,141,-0.5074614882469177,141,0.011976559646427631,141,0.0
6240,40,62,0.28500000000000014,-0.375,141,-0.5067533850669861,141,0.025147326290607452,141,0.0
6241,41,62,0.2550000000000001,-0.375,141,-0.5055605173110962,141,0.1760994791984558,141,0.0
6242,42,62,0.2250000000000001,-0.375,141,-0.49749135971069336,141,1.073316216468811,141,0.10000000149011612
6243,43,62,0.19500000000000006,-0.375,141,-0.4411815404891968,141,0.9606386423110962,141,0.10000000149011612
6244,44,62,0.16500000000000004,-0.375,141,-0.4395834505558014,141,0.007866819389164448,141,0.0
6245,45,62,0.135,-0.375,141,-0.4395706355571747,141,0.0,141,0.0
6246,46,62,0.10499999999999998,-0.375,141,-0.43940532207489014,141,0.0,141,0.0
6247,47,62,0.07499999999999996,-0.375,141,-0.4392356872558594,141,0.0,141,0.0
6248,48,62,0.04500000000000015,-0.375,141,-0.4392356872558594,141,0.0,141,0.0
6249,49,62,0.015000000000000124,-0.375,141,-0.4392356872558594,141,0.0,141,0.0
6250,50,62,-0.014999999999999902,-0.375,141,-0.4394151270389557,141,0.0,141,0.0
6251,51,62,-0.04499999999999993,-0.375,141,-0.4397973120212555,141,0.00475098704919219,141,0.0
6252,52,62,-0.07499999999999996,-0.375,141,-0.44058457016944885,141,0.32997480034828186,141,0.0
6253,53,62,-0.10499999999999998,-0.375,141,-0.4605911672115326,141,0.430510938167572,141,0.0
6254,54,62,-0.135,-0.375,141,-0.46941012144088745,141,0.12421955913305283,141,0.0
6255,55,62,-0.16500000000000004,-0.375,141,-0.47131937742233276,141,0.0,141,0.0
6256,56,62,-0.19499999999999984,-0.375,141,-0.47287264466285706,141,0.39577534794807434,141,0.0
6257,57,62,-0.22499999999999987,-0.375,141,-0.4939427971839905,141,0.5587996244430542,141,0.0
6258,58,62,-0.2549999999999999,-0.375,141,-0.5075739622116089,141,0.16852770745754242,141,0.0
6259,59,62,-0.2849999999999999,-0.375,141,-0.5075002908706665,141,0.05380817502737045,141,0.0
6260,60,62,-0.31499999999999995,-0.375,141,-0.5061542391777039,141,0.02422829531133175,141,0.0
6261,61,62,-0.345,-0.375,141,-0.5060915350914001,141,0.0,141,0.0
6262,62,62,-0.375,-0.375,141,-0.5060915350914001,141,0.0,141,0.0
6263,63,62,-0.405,-0.375,141,-0.5061044692993164,141,0.0,141,0.0
6264,64,62,-0.43499999999999983,-0.375,141,-0.5061044692993164,141,0.0,141,0.0
6265,65,62,-0.46499999999999986,-0.375,141,-0.5062058568000793,141,0.0,141,0.0
6266,66,62,-0.4949999999999999,-0.375,141,-0.5065473914146423,141,0.013200442306697369,141,0.0
6267,67,62,-0.5249999999999999,-0.375,141,-0.5073816776275635,141,0.040093064308166504,141,0.0
6268,68,62,-0.5549999999999997,-0.375,141,-0.5092273950576782,141,0.02877620793879032,141,0.0
6269,69,62,-0.585,-0.375,141,-0.5100945830345154,141,0.017879405990242958,141,0.0
6270,70,62,-0.6149999999999998,-0.375,141,-0.510736346244812,141,0.029396018013358116,141,0.0
6271,71,62,-0.645,-0.375,141,-0.5113047957420349,141,0.023124512284994125,141,0.0
6272,72,62,-0.6749999999999998,-0.375,141,-0.5106093287467957,141,0.02320011518895626,141,0.0
6273,73,62,-0.7050000000000001,-0.375,141,-0.5102160573005676,141,0.010451674461364746,141,0.0
6274,74,62,-0.7349999999999999,-0.375,141,-0.5098515748977661,141,0.011630852706730366,141,0.0
6275,75,62,-0.7650000000000001,-0.375,141,-0.5092155337333679,141,0.017479287460446358,141,0.0
6276,76,62,-0.7949999999999999,-0.375,141,-0.5085762739181519,141,0.01894434355199337,141,0.0
6277,77,62,-0.8249999999999997,-0.375,141,-0.5083232522010803,141,0.016877055168151855,141,0.0
6278,78,62,-0.855,-0.375,141,-0.5081664323806763,141,0.015684379264712334,141,0.0
6279,79,62,-0.8849999999999998,-0.375,141,-0.508155107498169,141,0.012196104042232037,141,0.0
6280,80,62,-0.915,-0.375,141,-0.5081447958946228,141,0.017328063026070595,141,0.0
6281,81,62,-0.9449999999999998,-0.375,141,-0.507892370223999,141,0.023702627047896385,141,0.0
6282,82,62,-0.9750000000000001,-0.375,141,-0.5070378184318542,141,0.020867586135864258,141,0.0
6283,83,62,-1.005,-0.375,141,-0.5067835450172424,141,0.007297595497220755,141,0.0
6284,84,62,-1.0349999999999997,-0.375,141,-0.5068843364715576,141,0.002069423906505108,141,0.0
6285,85,62,-1.065,-0.375,141,-0.5069936513900757,141,0.0,141,0.0
6286,86,62,-1.0949999999999998,-0.375,56,-0.5069208145141602,141,0.0,141,0.02199999988079071
6287,87,62,-1.125,-0.375,0,nan,141,0.0,141,0.02199999988079071
6288,88,62,-1.1549999999999998,-0.375,0,nan,141,0.0,141,0.02199999988079071
6289,89,62,-1.185,-0.375,0,nan,141,0.0,141,0.02199999988079071
6290,90,62,-1.2149999999999999,-0.375,0,nan,141,0.0,141,0.02199999988079071
6291,91,62,-1.245,-0.375,0,nan,141,0.0,141,0.02199999988079071
6292,92,62,-1.275,-0.375,0,nan,141,0.0,141,0.02199999988079071
6293,93,62,-1.3049999999999997,-0.375,0,nan,141,0.0,141,0.02199999988079071
6294,94,62,-1.335,-0.375,0,nan,141,0.0,141,0.02199999988079071
6295,95,62,-1.3649999999999998,-0.375,0,nan,141,0.0,141,0.02199999988079071
6296,96,62,-1.395,-0.375,0,nan,141,0.0,141,0.02199999988079071
6297,97,62,-1.4249999999999998,-0.375,0,nan,141,0.0,141,0.0
6298,98,62,-1.455,-0.375,0,nan,141,0.0,141,0.0
6299,99,62,-1.4849999999999999,-0.375,0,nan,141,0.0,141,0.0
6300,0,63,1.485,-0.405,0,nan,141,0.0,141,0.0
6301,1,63,1.455,-0.405,0,nan,141,0.0,141,0.0
6302,2,63,1.425,-0.405,0,nan,141,0.0,141,0.0
6303,3,63,1.395,-0.405,0,nan,141,0.0,141,0.02199999988079071
6304,4,63,1.365,-0.405,0,nan,141,0.0,141,0.02199999988079071
6305,5,63,1.335,-0.405,0,nan,141,0.0,141,0.02199999988079071
6306,6,63,1.305,-0.405,0,nan,141,0.0,141,0.02199999988079071
6307,7,63,1.275,-0.405,0,nan,141,0.0,141,0.02199999988079071
6308,8,63,1.245,-0.405,0,nan,141,0.0,141,0.02199999988079071
6309,9,63,1.215,-0.405,0,nan,141,0.0,141,0.02199999988079071
6310,10,63,1.185,-0.405,131,-0.7980849742889404,141,0.0,141,0.0
6311,11,63,1.155,-0.405,134,-0.7979219853878021,141,0.0,141,0.0
6312,12,63,1.125,-0.405,134,-0.7979219853878021,141,0.0,141,0.0
6313,13,63,1.095,-0.405,140,-0.7975406646728516,141,0.15428060293197632,141,0.0
6314,14,63,1.065,-0.405,140,-0.7870543003082275,141,0.3175230026245117,141,0.0
6315,15,63,1.0350000000000001,-0.405,140,-0.7763375639915466,141,0.2939733862876892,141,0.0
6316,16,63,1.005,-0.405,140,-0.7662309408187866,141,0.3187887966632843,141,0.0
6317,17,63,0.975,-0.405,141,-0.7550403475761414,141,0.3197689950466156,141,0.0
6318,18,63,0.9450000000000001,-0.405,141,-0.7456061244010925,141,0.3047058880329132,141,0.0
6319,19,63,0.915,-0.405,141,-0.7347073554992676,141,0.3224700689315796,141,0.0
6320,20,63,0.885,-0.405,141,-0.7245092988014221,141,0.3837098777294159,141,0.0
6321,21,63,0.855,-0.405,141,-0.7121639847755432,141,0.460558146238327,141,0.0
6322,22,63,0.8250000000000001,-0.405,141,-0.6968154311180115,141,0.4626840353012085,141,0.0
6323,23,63,0.795,-0.405,141,-0.6836084127426147,141,0.422939658164978,141,0.0
6324,24,63,0.765,-0.405,141,-0.6712336540222168,141,0.4269550144672394,141,0.0
6325,25,63,0.735,-0.405,141,-0.6580753326416016,141,0.4423024356365204,141,0.0
6326,26,63,0.7050000000000001,-0.405,139,-0.64475417137146,141,0.5987656116485596,141,0.0
6327,27,63,0.675,-0.405,133,-0.6325913667678833,141,0.9435362815856934,141,0.10000000149011612
6328,28,63,0.645,-0.405,136,-0.6122733354568481,141,1.8203728199005127,141,0.10000000149011612
6329,29,63,0.615,-0.405,141,-0.5152459740638733,141,1.3092362880706787,141,0.10000000149011612
6330,30,63,0.5850000000000001,-0.405,141,-0.5120897889137268,141,0.47213634848594666,141,0.0
6331,31,63,0.555,-0.405,141,-0.5106613039970398,141,0.017578402534127235,141,0.0
6332,32,63,0.525,-0.405,141,-0.5100743770599365,141,0.0,141,0.0
6333,33,63,0.4950000000000001,-0.405,141,-0.509483277797699,141,0.0,141,0.0
6334,34,63,0.4650000000000001,-0.405,141,-0.5091456770896912,141,0.0,141,0.0
6335,35,63,0.43500000000000005,-0.405,141,-0.5087369680404663,141,0.00934898853302002,141,0.0
6336,36,63,0.405,-0.405,141,-0.5082012414932251,141,0.001755356788635254,141,0.0
6337,37,63,0.375,-0.405,141,-0.5079933404922485,141,0.0,141,0.0
6338,38,63,0.345,-0.405,141,-0.5075752139091492,141,0.0,141,0.0
6339,39,63,0.31499999999999995,-0.405,141,-0.5074338912963867,141,0.005231300834566355,141,0.0
6340,40,63,0.28500000000000014,-0.405,141,-0.5067704916000366,141,0.02289613150060177,141,0.0
6341,41,63,0.2550000000000001,-0.405,141,-0.5056806802749634,141,0.16155391931533813,141,0.0
6342,42,63,0.2250000000000001,-0.405,141,-0.49749135971069336,141,1.0693153142929077,141,0.10000000149011612
6343,43,63,0.19500000000000006,-0.405,141,-0.4411815404891968,141,0.9606386423110962,141,0.10000000149011612
6344,44,63,0.16500000000000004,-0.405,141,-0.4395834505558014,141,0.007866819389164448,141,0.0
6345,45,63,0.135,-0.405,141,-0.4395706355571747,141,0.0,141,0.0
6346,46,63,0.10499999999999998,-0.405,141,-0.43940532207489014,141,0.0,141,0.0
6347,47,63,0.07499999999999996,-0.405,141,-0.4392356872558594,141,0.0,141,0.0
6348,48,63,0.04500000000000015,-0.405,141,-0.4392356872558594,141,0.0,141,0.0
6349,49,63,0.015000000000000124,-0.405,141,-0.4392356872558594,141,0.0,141,0.0
6350,50,63,-0.014999999999999902,-0.405,141,-0.4394151270389557,141,0.0,141,0.0
6351,51,63,-0.04499999999999993,-0.405,141,-0.4397973120212555,141,0.00475098704919219,141,0.0
6352,52,63,-0.07499999999999996,-0.405,141,-0.44058457016944885,141,0.32997480034828186,141,0.0
6353,53,63,-0.10499999999999998,-0.405,141,-0.4605911672115326,141,0.430510938167572,141,0.0
6354,54,63,-0.135,-0.405,141,-0.46941012144088745,141,0.12421955913305283,141,0.0
6355,55,63,-0.16500000000000004,-0.405,141,-0.47131937742233276,141,0.0,141,0.0
6356,56,63,-0.19499999999999984,-0.405,141,-0.47287264466285706,141,0.3152335584163666,141,0.0
6357,57,63,-0.22499999999999987,-0.405,141,-0.4933565855026245,141,0.5612512230873108,141,0.0
6358,58,63,-0.2549999999999999,-0.405,141,-0.5076618790626526,141,0.17537076771259308,141,0.0
6359,59,63,-0.2849999999999999,-0.405,141,-0.5075002908706665,141,0.05358251929283142,141,0.0
6360,60,63,-0.31499999999999995,-0.405,141,-0.5062030553817749,141,0.022166967391967773,141,0.0
6361,61,63,-0.345,-0.405,141,-0.5060992240905762,141,0.0,141,0.0
6362,62,63,-0.375,-0.405,141,-0.5060992240905762,141,0.0,141,0.0
6363,63,63,-0.405,-0.405,141,-0.5061542391777039,141,0.0,141,0.0
6364,64,63,-0.43499999999999983,-0.405,141,-0.5061542391777039,141,0.0,141,0.0
6365,65,63,-0.46499999999999986,-0.405,141,-0.506255030632019,141,0.0,141,0.0
6366,66,63,-0.4949999999999999,-0.405,141,-0.5065473914146423,141,0.002917647361755371,141,0.0
6367,67,63,-0.5249999999999999,-0.405,141,-0.5073506832122803,141,0.040093064308166504,141,0.0
6368,68,63,-0.5549999999999997,-0.405,141,-0.5092273950576782,141,0.031477756798267365,141,0.0
6369,69,63,-0.585,-0.405,141,-0.5100945830345154,141,0.01938243769109249,141,0.0
6370,70,63,-0.6149999999999998,-0.405,141,-0.5108739733695984,141,0.03858804702758789,141,0.0
6371,71,63,-0.645,-0.405,141,-0.5115249156951904,141,0.029656291007995605,141,0.0
6372,72,63,-0.6749999999999998,-0.405,141,-0.5107452869415283,141,0.03161728382110596,141,0.0
6373,73,63,-0.7050000000000001,-0.405,141,-0.5103402137756348,141,0.01481473445892334,141,0.0
6374,74,63,-0.7349999999999999,-0.405,141,-0.5101580023765564,141,0.01894363760948181,141,0.0
6375,75,63,-0.7650000000000001,-0.405,141,-0.5096791982650757,141,0.024248844012618065,141,0.0
6376,76,63,-0.7949999999999999,-0.405,141,-0.508948802947998,141,0.02034318447113037,141,0.0
6377,77,63,-0.8249999999999997,-0.405,141,-0.5087223052978516,141,0.021101705729961395,141,0.0
6378,78,63,-0.855,-0.405,141,-0.5084981918334961,141,0.017070485278964043,141,0.0
6379,79,63,-0.8849999999999998,-0.405,141,-0.5084587931632996,141,0.014772932045161724,141,0.0
6380,80,63,-0.915,-0.405,141,-0.5084093809127808,141,0.02008279226720333,141,0.0
6381,81,63,-0.9449999999999998,-0.405,141,-0.5081693530082703,141,0.0277359951287508,141,0.0
6382,82,63,-0.9750000000000001,-0.405,141,-0.5072960257530212,141,0.027995605021715164,141,0.0
6383,83,63,-1.005,-0.405,141,-0.5071380138397217,141,0.019562244415283203,141,0.0
6384,84,63,-1.0349999999999997,-0.405,141,-0.5071541666984558,141,0.014694025740027428,141,0.0
6385,85,63,-1.065,-0.405,141,-0.5071646571159363,141,0.010775926522910595,141,0.0
6386,86,63,-1.0949999999999998,-0.405,125,-0.5072076916694641,141,0.0031560659408569336,141,0.0
6387,87,63,-1.125,-0.405,3,-0.5087565183639526,141,0.0,141,0.02199999988079071
6388,88,63,-1.1549999999999998,-0.405,0,nan,141,0.0,141,0.02199999988079071
6389,89,63,-1.185,-0.405,0,nan,141,0.0,141,0.02199999988079071
6390,90,63,-1.2149999999999999,-0.405,0,nan,141,0.0,141,0.02199999988079071
6391,91,63,-1.245,-0.405,0,nan,141,0.0,141,0.02199999988079071
6392,92,63,-1.275,-0.405,0,nan,141,0.0,141,0.02199999988079071
6393,93,63,-1.3049999999999997,-0.405,0,nan,141,0.0,141,0.02199999988079071
6394,94,63,-1.335,-0.405,0,nan,141,0.0,141,0.02199999988079071
6395,95,63,-1.3649999999999998,-0.405,0,nan,141,0.0,141,0.02199999988079071
6396,96,63,-1.395,-0.405,0,nan,141,0.0,141,0.02199999988079071
6397,97,63,-1.4249999999999998,-0.405,0,nan,141,0.0,141,0.0
6398,98,63,-1.455,-0.405,0,nan,141,0.0,141,0.0
6399,99,63,-1.4849999999999999,-0.405,0,nan,141,0.0,141,0.0
6400,0,64,1.485,-0.43499999999999983,0,nan,141,0.0,141,0.0
6401,1,64,1.455,-0.43499999999999983,0,nan,141,0.0,141,0.0
6402,2,64,1.425,-0.43499999999999983,0,nan,141,0.0,141,0.0
6403,3,64,1.395,-0.43499999999999983,0,nan,141,0.0,141,0.02199999988079071
6404,4,64,1.365,-0.43499999999999983,0,nan,141,0.0,141,0.02199999988079071
6405,5,64,1.335,-0.43499999999999983,0,nan,141,0.0,141,0.02199999988079071
6406,6,64,1.305,-0.43499999999999983,0,nan,141,0.0,141,0.02199999988079071
6407,7,64,1.275,-0.43499999999999983,0,nan,141,0.0,141,0.02199999988079071
6408,8,64,1.245,-0.43499999999999983,0,nan,141,0.0,141,0.02199999988079071
6409,9,64,1.215,-0.43499999999999983,0,nan,141,0.0,141,0.02199999988079071
6410,10,64,1.185,-0.43499999999999983,132,-0.7983491718769073,141,0.0,141,0.0
6411,11,64,1.155,-0.43499999999999983,134,-0.7983084917068481,141,0.0,141,0.0
6412,12,64,1.125,-0.43499999999999983,134,-0.7983084917068481,141,0.0,141,0.0
6413,13,64,1.095,-0.43499999999999983,140,-0.7979385852813721,141,0.15398859977722168,141,0.0
6414,14,64,1.065,-0.43499999999999983,140,-0.786912739276886,141,0.33176741003990173,141,0.0
6415,15,64,1.0350000000000001,-0.43499999999999983,140,-0.7763583362102509,141,0.3098905682563782,141,0.0
6416,16,64,1.005,-0.43499999999999983,140,-0.7662939131259918,141,0.3283560276031494,141,0.0
6417,17,64,0.975,-0.43499999999999983,141,-0.7551077008247375,141,0.3197689950466156,141,0.0
6418,18,64,0.9450000000000001,-0.43499999999999983,141,-0.7454236745834351,141,0.311550498008728,141,0.0
6419,19,64,0.915,-0.43499999999999983,141,-0.7344745397567749,141,0.3377419114112854,141,0.0
6420,20,64,0.885,-0.43499999999999983,141,-0.7242828011512756,141,0.39070644974708557,141,0.0
6421,21,64,0.855,-0.43499999999999983,140,-0.711898535490036,141,0.460558146238327,141,0.0
6422,22,64,0.8250000000000001,-0.43499999999999983,140,-0.696759045124054,141,0.462922602891922,141,0.0
6423,23,64,0.795,-0.43499999999999983,140,-0.6833906173706055,141,0.422939658164978,141,0.0
6424,24,64,0.765,-0.43499999999999983,141,-0.6706942319869995,141,0.4285166561603546,141,0.0
6425,25,64,0.735,-0.43499999999999983,138,-0.6573911309242249,141,0.6060798764228821,141,0.0
6426,26,64,0.7050000000000001,-0.43499999999999983,126,-0.6441672146320343,141,0.9620442390441895,141,0.10000000149011612
6427,27,64,0.675,-0.43499999999999983,130,-0.5968541502952576,141,1.6363354921340942,141,0.10000000149011612
6428,28,64,0.645,-0.43499999999999983,141,-0.5590866804122925,141,1.3740547895431519,141,0.10000000149011612
6429,29,64,0.615,-0.43499999999999983,141,-0.5152459740638733,141,0.6490709781646729,141,0.0
6430,30,64,0.5850000000000001,-0.43499999999999983,141,-0.5120897889137268,141,0.07616082578897476,141,0.0
6431,31,64,0.555,-0.43499999999999983,141,-0.5106613039970398,141,0.017578402534127235,141,0.0
6432,32,64,0.525,-0.43499999999999983,141,-0.5100743770599365,141,0.0,141,0.0
6433,33,64,0.4950000000000001,-0.43499999999999983,141,-0.5096063017845154,141,0.0,141,0.0
6434,34,64,0.4650000000000001,-0.43499999999999983,141,-0.5091836452484131,141,0.0,141,0.0
6435,35,64,0.43500000000000005,-0.43499999999999983,141,-0.5087864398956299,141,0.0017841657390818,141,0.0
6436,36,64,0.405,-0.43499999999999983,141,-0.5082589387893677,141,0.0,141,0.0
6437,37,64,0.375,-0.43499999999999983,141,-0.5081921219825745,141,0.0,141,0.0
6438,38,64,0.345,-0.43499999999999983,141,-0.5076566934585571,141,0.0,141,0.0
6439,39,64,0.31499999999999995,-0.43499999999999983,141,-0.5074644088745117,141,0.004153450485318899,141,0.0
6440,40,64,0.28500000000000014,-0.43499999999999983,141,-0.5067829489707947,141,0.02110302448272705,141,0.0
6441,41,64,0.2550000000000001,-0.43499999999999983,141,-0.505588710308075,141,0.16155391931533813,141,0.0
6442,42,64,0.2250000000000001,-0.43499999999999983,141,-0.49749135971069336,141,1.073316216468811,141,0.10000000149011612
6443,43,64,0.19500000000000006,-0.43499999999999983,141,-0.4411815404891968,141,0.9606386423110962,141,0.10000000149011612
6444,44,64,0.16500000000000004,-0.43499999999999983,141,-0.4395834505558014,141,0.007866819389164448,141,0.0
6445,45,64,0.135,-0.43499999999999983,141,-0.4395706355571747,141,0.0,141,0.0
6446,46,64,0.10499999999999998,-0.43499999999999983,141,-0.43940532207489014,141,0.0,141,0.0
6447,47,64,0.07499999999999996,-0.43499999999999983,141,-0.4392356872558594,141,0.0,141,0.0
6448,48,64,0.04500000000000015,-0.43499999999999983,141,-0.4392356872558594,141,0.0,141,0.0
6449,49,64,0.015000000000000124,-0.43499999999999983,141,-0.4392356872558594,141,0.0,141,0.0
6450,50,64,-0.014999999999999902,-0.43499999999999983,141,-0.4394151270389557,141,0.0,141,0.0
6451,51,64,-0.04499999999999993,-0.43499999999999983,141,-0.4397973120212555,141,0.00475098704919219,141,0.0
6452,52,64,-0.07499999999999996,-0.43499999999999983,141,-0.44058457016944885,141,0.32997480034828186,141,0.0
6453,53,64,-0.10499999999999998,-0.43499999999999983,141,-0.4605911672115326,141,0.430510938167572,141,0.0
6454,54,64,-0.135,-0.43499999999999983,141,-0.46941012144088745,141,0.12421955913305283,141,0.0
6455,55,64,-0.16500000000000004,-0.43499999999999983,141,-0.47131937742233276,141,0.0,141,0.0
6456,56,64,-0.19499999999999984,-0.43499999999999983,141,-0.47287264466285706,141,0.3152335584163666,141,0.0
6457,57,64,-0.22499999999999987,-0.43499999999999983,141,-0.4933565855026245,141,0.5612512230873108,141,0.0
6458,58,64,-0.2549999999999999,-0.43499999999999983,141,-0.5076618790626526,141,0.17913877964019775,141,0.0
6459,59,64,-0.2849999999999999,-0.43499999999999983,141,-0.5075002908706665,141,0.050885479897260666,141,0.0
6460,60,64,-0.31499999999999995,-0.43499999999999983,141,-0.5062030553817749,141,0.021094083786010742,141,0.0
6461,61,64,-0.345,-0.43499999999999983,141,-0.5060992240905762,141,0.0,141,0.0
6462,62,64,-0.375,-0.43499999999999983,141,-0.5060992240905762,141,0.0,141,0.0
6463,63,64,-0.405,-0.43499999999999983,141,-0.5061556100845337,141,0.0,141,0.0
6464,64,64,-0.43499999999999983,-0.43499999999999983,141,-0.5061556100845337,141,0.0,141,0.0
6465,65,64,-0.46499999999999986,-0.43499999999999983,141,-0.506377100944519,141,0.0,141,0.0
6466,66,64,-0.4949999999999999,-0.43499999999999983,141,-0.5066382884979248,141,0.004336237907409668,141,0.0
6467,67,64,-0.5249999999999999,-0.43499999999999983,141,-0.5074051022529602,141,0.04235208034515381,141,0.0
6468,68,64,-0.5549999999999997,-0.43499999999999983,141,-0.5094387531280518,141,0.03870129585266113,141,0.0
6469,69,64,-0.585,-0.43499999999999983,141,-0.5101742744445801,141,0.023489197716116905,141,0.0
6470,70,64,-0.6149999999999998,-0.43499999999999983,141,-0.511002779006958,141,0.049481943249702454,141,0.0
6471,71,64,-0.645,-0.43499999999999983,141,-0.5119541883468628,141,0.03126863017678261,141,0.0
6472,72,64,-0.6749999999999998,-0.43499999999999983,141,-0.5111933350563049,141,0.03763324394822121,141,0.0
6473,73,64,-0.7050000000000001,-0.43499999999999983,141,-0.5107290148735046,141,0.021060308441519737,141,0.0
6474,74,64,-0.7349999999999999,-0.43499999999999983,141,-0.5106914043426514,141,0.02610701695084572,141,0.0
6475,75,64,-0.7650000000000001,-0.43499999999999983,141,-0.5102160573005676,141,0.033574365079402924,141,0.0
6476,76,64,-0.7949999999999999,-0.43499999999999983,141,-0.5098366737365723,141,0.034941259771585464,141,0.0
6477,77,64,-0.8249999999999997,-0.43499999999999983,141,-0.5095812082290649,141,0.03841141238808632,141,0.0
6478,78,64,-0.855,-0.43499999999999983,141,-0.5092452168464661,141,0.032897789031267166,141,0.0
6479,79,64,-0.8849999999999998,-0.43499999999999983,141,-0.5090916156768799,141,0.03330111503601074,141,0.0
6480,80,64,-0.915,-0.43499999999999983,141,-0.5089530944824219,141,0.03814873471856117,141,0.0
6481,81,64,-0.9449999999999998,-0.43499999999999983,141,-0.5087711215019226,141,0.04808657988905907,141,0.0
6482,82,64,-0.9750000000000001,-0.43499999999999983,141,-0.5081522464752197,141,0.05548658221960068,141,0.0
6483,83,64,-1.005,-0.43499999999999983,141,-0.5080122351646423,141,0.053269945085048676,141,0.0
6484,84,64,-1.0349999999999997,-0.43499999999999983,141,-0.5079260468482971,141,0.043212853372097015,141,0.0
6485,85,64,-1.065,-0.43499999999999983,141,-0.5078911781311035,141,0.03409089520573616,141,0.0
6486,86,64,-1.0949999999999998,-0.43499999999999983,141,-0.5079013109207153,141,0.0210891030728817,141,0.0
6487,87,64,-1.125,-0.43499999999999983,49,-0.5083239078521729,141,0.0,141,0.02199999988079071
6488,88,64,-1.1549999999999998,-0.43499999999999983,0,nan,141,0.0,141,0.02199999988079071
6489,89,64,-1.185,-0.43499999999999983,0,nan,141,0.0,141,0.02199999988079071
6490,90,64,-1.2149999999999999,-0.43499999999999983,0,nan,141,0.0,141,0.02199999988079071
6491,91,64,-1.245,-0.43499999999999983,0,nan,141,0.0,141,0.02199999988079071
6492,92,64,-1.275,-0.43499999999999983,0,nan,141,0.0,141,0.02199999988079071
6493,93,64,-1.3049999999999997,-0.43499999999999983,0,nan,141,0.0,141,0.02199999988079071
6494,94,64,-1.335,-0.43499999999999983,0,nan,141,0.0,141,0.02199999988079071
6495,95,64,-1.3649999999999998,-0.43499999999999983,0,nan,141,0.0,141,0.02199999988079071
6496,96,64,-1.395,-0.43499999999999983,0,nan,141,0.0,141,0.02199999988079071
6497,97,64,-1.4249999999999998,-0.43499999999999983,0,nan,141,0.0,141,0.0
6498,98,64,-1.455,-0.43499999999999983,0,nan,141,0.0,141,0.0
6499,99,64,-1.4849999999999999,-0.43499999999999983,0,nan,141,0.0,141,0.0
6500,0,65,1.485,-0.46499999999999986,0,nan,141,0.0,141,0.0
6501,1,65,1.455,-0.46499999999999986,0,nan,141,0.0,141,0.0
6502,2,65,1.425,-0.46499999999999986,0,nan,141,0.0,141,0.0
6503,3,65,1.395,-0.46499999999999986,0,nan,141,0.0,141,0.02199999988079071
6504,4,65,1.365,-0.46499999999999986,0,nan,141,0.0,141,0.02199999988079071
6505,5,65,1.335,-0.46499999999999986,0,nan,141,0.0,141,0.02199999988079071
6506,6,65,1.305,-0.46499999999999986,0,nan,141,0.0,141,0.02199999988079071
6507,7,65,1.275,-0.46499999999999986,0,nan,141,0.0,141,0.02199999988079071
6508,8,65,1.245,-0.46499999999999986,0,nan,141,0.0,141,0.02199999988079071
6509,9,65,1.215,-0.46499999999999986,0,nan,141,0.0,141,0.02199999988079071
6510,10,65,1.185,-0.46499999999999986,134,-0.7985611259937286,141,0.0,141,0.0
6511,11,65,1.155,-0.46499999999999986,134,-0.7985611259937286,141,0.0,141,0.0
6512,12,65,1.125,-0.46499999999999986,136,-0.7984210252761841,141,0.0,141,0.0
6513,13,65,1.095,-0.46499999999999986,140,-0.798299103975296,141,0.15547996759414673,141,0.0
6514,14,65,1.065,-0.46499999999999986,140,-0.7869419455528259,141,0.32797300815582275,141,0.0
6515,15,65,1.0350000000000001,-0.46499999999999986,140,-0.7765180170536041,141,0.3244539201259613,141,0.0
6516,16,65,1.005,-0.46499999999999986,140,-0.7661768794059753,141,0.3315488398075104,141,0.0
6517,17,65,0.975,-0.46499999999999986,140,-0.7549542486667633,141,0.3264685571193695,141,0.0
6518,18,65,0.9450000000000001,-0.46499999999999986,140,-0.745180070400238,141,0.31904181838035583,141,0.0
6519,19,65,0.915,-0.46499999999999986,140,-0.7342982292175293,141,0.340737909078598,141,0.0
6520,20,65,0.885,-0.46499999999999986,140,-0.7241297662258148,141,0.3951517641544342,141,0.0
6521,21,65,0.855,-0.46499999999999986,140,-0.7115960121154785,141,0.4683156907558441,141,0.0
6522,22,65,0.8250000000000001,-0.46499999999999986,140,-0.696759045124054,141,0.47524845600128174,141,0.0
6523,23,65,0.795,-0.46499999999999986,138,-0.6828917264938354,141,0.4216848909854889,141,0.0
6524,24,65,0.765,-0.46499999999999986,133,-0.6700245141983032,141,0.55675208568573,141,0.0
6525,25,65,0.735,-0.46499999999999986,123,-0.6563121676445007,141,1.0056991577148438,141,0.10000000149011612
6526,26,65,0.7050000000000001,-0.46499999999999986,136,-0.6046420931816101,141,1.2520099878311157,141,0.10000000149011612
6527,27,65,0.675,-0.46499999999999986,141,-0.5770223736763,141,1.0705658197402954,141,0.10000000149011612
6528,28,65,0.645,-0.46499999999999986,141,-0.5191290378570557,141,0.7543951272964478,141,0.0
6529,29,65,0.615,-0.46499999999999986,141,-0.5151629447937012,141,0.1760035753250122,141,0.0
6530,30,65,0.5850000000000001,-0.46499999999999986,141,-0.5120897889137268,141,0.07119178771972656,141,0.0
6531,31,65,0.555,-0.46499999999999986,141,-0.5106613039970398,141,0.01287857722491026,141,0.0
6532,32,65,0.525,-0.46499999999999986,141,-0.5100821256637573,141,0.0,141,0.0
6533,33,65,0.4950000000000001,-0.46499999999999986,141,-0.5096063017845154,141,0.0,141,0.0
6534,34,65,0.4650000000000001,-0.46499999999999986,141,-0.5091836452484131,141,0.0,141,0.0
6535,35,65,0.43500000000000005,-0.46499999999999986,141,-0.5087864398956299,141,0.005381306167691946,141,0.0
6536,36,65,0.405,-0.46499999999999986,141,-0.5082708597183228,141,0.0005374352331273258,141,0.0
6537,37,65,0.375,-0.46499999999999986,141,-0.5082012414932251,141,0.0,141,0.0
6538,38,65,0.345,-0.46499999999999986,141,-0.5076566934585571,141,0.0,141,0.0
6539,39,65,0.31499999999999995,-0.46499999999999986,141,-0.5074644088745117,141,0.005419055465608835,141,0.0
6540,40,65,0.28500000000000014,-0.46499999999999986,141,-0.5067844390869141,141,0.02110302448272705,141,0.0
6541,41,65,0.2550000000000001,-0.46499999999999986,141,-0.505588710308075,141,0.16155391931533813,141,0.0
6542,42,65,0.2250000000000001,-0.46499999999999986,141,-0.49749135971069336,141,1.074501872062683,141,0.10000000149011612
6543,43,65,0.19500000000000006,-0.46499999999999986,141,-0.4411815404891968,141,0.9606386423110962,141,0.10000000149011612
6544,44,65,0.16500000000000004,-0.46499999999999986,141,-0.4395834505558014,141,0.007866819389164448,141,0.0
6545,45,65,0.135,-0.46499999999999986,141,-0.4395706355571747,141,0.0,141,0.0
6546,46,65,0.10499999999999998,-0.46499999999999986,141,-0.43940532207489014,141,0.0,141,0.0
6547,47,65,0.07499999999999996,-0.46499999999999986,141,-0.4392356872558594,141,0.0,141,0.0
6548,48,65,0.04500000000000015,-0.46499999999999986,141,-0.4392356872558594,141,0.0,141,0.0
6549,49,65,0.015000000000000124,-0.46499999999999986,141,-0.4392356872558594,141,0.0,141,0.0
6550,50,65,-0.014999999999999902,-0.46499999999999986,141,-0.4394151270389557,141,0.0,141,0.0
6551,51,65,-0.04499999999999993,-0.46499999999999986,141,-0.4397973120212555,141,0.00475098704919219,141,0.0
6552,52,65,-0.07499999999999996,-0.46499999999999986,141,-0.44058457016944885,141,0.37035462260246277,141,0.0
6553,53,65,-0.10499999999999998,-0.46499999999999986,141,-0.4605911672115326,141,0.4682495892047882,141,0.0
6554,54,65,-0.135,-0.46499999999999986,141,-0.46941012144088745,141,0.20732481777668,141,0.0
6555,55,65,-0.16500000000000004,-0.46499999999999986,141,-0.47131937742233276,141,0.08978148549795151,141,0.0
6556,56,65,-0.19499999999999984,-0.46499999999999986,141,-0.47287264466285706,141,0.38820305466651917,141,0.0
6557,57,65,-0.22499999999999987,-0.46499999999999986,141,-0.4933565855026245,141,0.5420535802841187,141,0.0
6558,58,65,-0.2549999999999999,-0.46499999999999986,141,-0.5076618790626526,141,0.17913877964019775,141,0.0
6559,59,65,-0.2849999999999999,-0.46499999999999986,141,-0.5075002908706665,141,0.052051741629838943,141,0.0
6560,60,65,-0.31499999999999995,-0.46499999999999986,141,-0.5063368678092957,141,0.021094083786010742,141,0.0
6561,61,65,-0.345,-0.46499999999999986,141,-0.5061044692993164,141,0.0,141,0.0
6562,62,65,-0.375,-0.46499999999999986,141,-0.5061542391777039,141,0.0,141,0.0
6563,63,65,-0.405,-0.46499999999999986,141,-0.506255030632019,141,0.0,141,0.0
6564,64,65,-0.43499999999999983,-0.46499999999999986,141,-0.506255030632019,141,0.0,141,0.0
6565,65,65,-0.46499999999999986,-0.46499999999999986,141,-0.5064274072647095,141,0.0,141,0.0
6566,66,65,-0.4949999999999999,-0.46499999999999986,141,-0.5066637992858887,141,0.0,141,0.0
6567,67,65,-0.5249999999999999,-0.46499999999999986,141,-0.5074962377548218,141,0.04050930216908455,141,0.0
6568,68,65,-0.5549999999999997,-0.46499999999999986,141,-0.5094407796859741,141,0.03870129585266113,141,0.0
6569,69,65,-0.585,-0.46499999999999986,141,-0.5102960467338562,141,0.020653873682022095,141,0.0
6570,70,65,-0.6149999999999998,-0.46499999999999986,141,-0.5111667513847351,141,0.051967304199934006,141,0.0
6571,71,65,-0.645,-0.46499999999999986,141,-0.5126356482505798,141,0.03297042474150658,141,0.0
6572,72,65,-0.6749999999999998,-0.46499999999999986,141,-0.51166170835495,141,0.04181067273020744,141,0.0
6573,73,65,-0.7050000000000001,-0.46499999999999986,141,-0.511366069316864,141,0.04836369305849075,141,0.0
6574,74,65,-0.7349999999999999,-0.46499999999999986,141,-0.5113198757171631,141,0.05180104821920395,141,0.0
6575,75,65,-0.7650000000000001,-0.46499999999999986,141,-0.5108961462974548,141,0.07169928401708603,141,0.0
6576,76,65,-0.7949999999999999,-0.46499999999999986,141,-0.5107693672180176,141,0.08193034678697586,141,0.0
6577,77,65,-0.8249999999999997,-0.46499999999999986,141,-0.51057368516922,141,0.08351808786392212,141,0.0
6578,78,65,-0.855,-0.46499999999999986,141,-0.5105164051055908,141,0.08304516226053238,141,0.0
6579,79,65,-0.8849999999999998,-0.46499999999999986,141,-0.5104760527610779,141,0.08506590127944946,141,0.0
6580,80,65,-0.915,-0.46499999999999986,141,-0.5104760527610779,141,0.0740349292755127,141,0.0
6581,81,65,-0.9449999999999998,-0.46499999999999986,141,-0.5105018019676208,141,0.060581691563129425,141,0.0
6582,82,65,-0.9750000000000001,-0.46499999999999986,141,-0.5104760527610779,141,0.059596698731184006,141,0.0
6583,83,65,-1.005,-0.46499999999999986,141,-0.5100983381271362,141,0.052089642733335495,141,0.0
6584,84,65,-1.0349999999999997,-0.46499999999999986,141,-0.5099107027053833,141,0.03624015301465988,141,0.0
6585,85,65,-1.065,-0.46499999999999986,141,-0.5089641809463501,141,0.022277232259511948,141,0.0
6586,86,65,-1.0949999999999998,-0.46499999999999986,141,-0.5089341402053833,141,0.013822338543832302,141,0.0
6587,87,65,-1.125,-0.46499999999999986,49,-0.5096585154533386,141,0.0,141,0.02199999988079071
6588,88,65,-1.1549999999999998,-0.46499999999999986,0,nan,141,0.0,141,0.02199999988079071
6589,89,65,-1.185,-0.46499999999999986,0,nan,141,0.0,141,0.02199999988079071
6590,90,65,-1.2149999999999999,-0.46499999999999986,0,nan,141,0.0,141,0.02199999988079071
6591,91,65,-1.245,-0.46499999999999986,0,nan,141,0.0,141,0.02199999988079071
6592,92,65,-1.275,-0.46499999999999986,0,nan,141,0.0,141,0.02199999988079071
6593,93,65,-1.3049999999999997,-0.46499999999999986,0,nan,141,0.0,141,0.02199999988079071
6594,94,65,-1.335,-0.46499999999999986,0,nan,141,0.0,141,0.02199999988079071
6595,95,65,-1.3649999999999998,-0.46499999999999986,0,nan,141,0.0,141,0.02199999988079071
6596,96,65,-1.395,-0.46499999999999986,0,nan,141,0.0,141,0.02199999988079071
6597,97,65,-1.4249999999999998,-0.46499999999999986,0,nan,141,0.0,141,0.0
6598,98,65,-1.455,-0.46499999999999986,0,nan,141,0.0,141,0.0
6599,99,65,-1.4849999999999999,-0.46499999999999986,0,nan,141,0.0,141,0.0
6600,0,66,1.485,-0.4949999999999999,0,nan,141,0.0,141,0.0
6601,1,66,1.455,-0.4949999999999999,0,nan,141,0.0,141,0.0
6602,2,66,1.425,-0.4949999999999999,0,nan,141,0.0,141,0.0
6603,3,66,1.395,-0.4949999999999999,0,nan,141,0.0,141,0.02199999988079071
6604,4,66,1.365,-0.4949999999999999,0,nan,141,0.0,141,0.02199999988079071
6605,5,66,1.335,-0.4949999999999999,0,nan,141,0.0,141,0.02199999988079071
6606,6,66,1.305,-0.4949999999999999,0,nan,141,0.0,141,0.02199999988079071
6607,7,66,1.275,-0.4949999999999999,0,nan,141,0.0,141,0.02199999988079071
6608,8,66,1.245,-0.4949999999999999,0,nan,141,0.0,141,0.02199999988079071
6609,9,66,1.215,-0.4949999999999999,0,nan,141,0.0,141,0.02199999988079071
6610,10,66,1.185,-0.4949999999999999,134,-0.7988839447498322,141,0.0,141,0.0
6611,11,66,1.155,-0.4949999999999999,134,-0.7988839447498322,141,0.0,141,0.0
6612,12,66,1.125,-0.4949999999999999,140,-0.7984210252761841,141,0.0,141,0.0
6613,13,66,1.095,-0.4949999999999999,140,-0.7984210252761841,141,0.15390661358833313,141,0.0
6614,14,66,1.065,-0.4949999999999999,140,-0.7873229086399078,141,0.32628676295280457,141,0.0
6615,15,66,1.0350000000000001,-0.4949999999999999,140,-0.7765961587429047,141,0.3423035144805908,141,0.0
6616,16,66,1.005,-0.4949999999999999,139,-0.7654271721839905,141,0.35046836733818054,141,0.0
6617,17,66,0.975,-0.4949999999999999,140,-0.754337728023529,141,0.3291030824184418,141,0.0
6618,18,66,0.9450000000000001,-0.4949999999999999,140,-0.7444808185100555,141,0.32930710911750793,141,0.0
6619,19,66,0.915,-0.4949999999999999,140,-0.7340361773967743,141,0.3327729403972626,141,0.0
6620,20,66,0.885,-0.4949999999999999,140,-0.7238688766956329,141,0.3998667001724243,141,0.0
6621,21,66,0.855,-0.4949999999999999,140,-0.7114174365997314,141,0.460558146238327,141,0.0
6622,22,66,0.8250000000000001,-0.4949999999999999,139,-0.6955931782722473,141,0.49520304799079895,141,0.0
6623,23,66,0.795,-0.4949999999999999,134,-0.6816713213920593,141,0.7944323420524597,141,0.0
6624,24,66,0.765,-0.4949999999999999,120,-0.6691909432411194,141,1.095088005065918,141,0.10000000149011612
6625,25,66,0.735,-0.4949999999999999,131,-0.6176251769065857,141,1.369893193244934,141,0.10000000149011612
6626,26,66,0.7050000000000001,-0.4949999999999999,141,-0.5894222855567932,141,1.214097261428833,141,0.10000000149011612
6627,27,66,0.675,-0.4949999999999999,141,-0.5732320547103882,141,0.5434702038764954,141,0.0
6628,28,66,0.645,-0.4949999999999999,141,-0.5183976292610168,141,0.4565209150314331,141,0.0
6629,29,66,0.615,-0.4949999999999999,141,-0.5151629447937012,141,0.13709168136119843,141,0.0
6630,30,66,0.5850000000000001,-0.4949999999999999,141,-0.5120897889137268,141,0.06975531578063965,141,0.0
6631,31,66,0.555,-0.4949999999999999,141,-0.5106613039970398,141,0.011557340621948242,141,0.0
6632,32,66,0.525,-0.4949999999999999,141,-0.5100821256637573,141,0.005498528480529785,141,0.0
6633,33,66,0.4950000000000001,-0.4949999999999999,141,-0.5096063017845154,141,0.0067641339264810085,141,0.0
6634,34,66,0.4650000000000001,-0.4949999999999999,141,-0.509290337562561,141,0.01188516616821289,141,0.0
6635,35,66,0.43500000000000005,-0.4949999999999999,141,-0.5088897347450256,141,0.01679261587560177,141,0.0
6636,36,66,0.405,-0.4949999999999999,141,-0.5083518028259277,141,0.012360811233520508,141,0.0
6637,37,66,0.375,-0.4949999999999999,141,-0.5082723498344421,141,0.004666610155254602,141,0.0
6638,38,66,0.345,-0.4949999999999999,141,-0.5077567100524902,141,0.005419055465608835,141,0.0
6639,39,66,0.31499999999999995,-0.4949999999999999,141,-0.507533609867096,141,0.014220674522221088,141,0.0
6640,40,66,0.28500000000000014,-0.4949999999999999,141,-0.5069085359573364,141,0.03181145340204239,141,0.0
6641,41,66,0.2550000000000001,-0.4949999999999999,141,-0.5056806802749634,141,0.1331058293581009,141,0.0
6642,42,66,0.2250000000000001,-0.4949999999999999,141,-0.49749135971069336,141,1.074177622795105,141,0.10000000149011612
6643,43,66,0.19500000000000006,-0.4949999999999999,141,-0.4411815404891968,141,0.9689105153083801,141,0.10000000149011612
6644,44,66,0.16500000000000004,-0.4949999999999999,141,-0.4395834505558014,141,0.007866819389164448,141,0.0
6645,45,66,0.135,-0.4949999999999999,141,-0.4395706355571747,141,0.0,141,0.0
6646,46,66,0.10499999999999998,-0.4949999999999999,141,-0.43940532207489014,141,0.0,141,0.0
6647,47,66,0.07499999999999996,-0.4949999999999999,141,-0.4392356872558594,141,0.0,141,0.0
6648,48,66,0.04500000000000015,-0.4949999999999999,141,-0.4392356872558594,141,0.0,141,0.0
6649,49,66,0.015000000000000124,-0.4949999999999999,141,-0.4392356872558594,141,0.0,141,0.0
6650,50,66,-0.014999999999999902,-0.4949999999999999,141,-0.4394151270389557,141,0.0002726912498474121,141,0.0
6651,51,66,-0.04499999999999993,-0.4949999999999999,141,-0.4397973120212555,141,0.1877407431602478,141,0.0
6652,52,66,-0.07499999999999996,-0.4949999999999999,141,-0.44058457016944885,141,0.5145667791366577,141,0.0
6653,53,66,-0.10499999999999998,-0.4949999999999999,141,-0.4686497449874878,141,0.5401472449302673,141,0.0
6654,54,66,-0.135,-0.4949999999999999,141,-0.474416047334671,141,0.23715481162071228,141,0.0
6655,55,66,-0.16500000000000004,-0.4949999999999999,141,-0.47487518191337585,141,0.1327882558107376,141,0.0
6656,56,66,-0.19499999999999984,-0.4949999999999999,141,-0.4759874939918518,141,0.3260701596736908,141,0.0
6657,57,66,-0.22499999999999987,-0.4949999999999999,141,-0.4939427971839905,141,0.5206048488616943,141,0.0
6658,58,66,-0.2549999999999999,-0.4949999999999999,141,-0.5076802968978882,141,0.18651385605335236,141,0.0
6659,59,66,-0.2849999999999999,-0.4949999999999999,141,-0.5075443983078003,141,0.05900760367512703,141,0.0
6660,60,66,-0.31499999999999995,-0.4949999999999999,141,-0.506377100944519,141,0.02422829531133175,141,0.0
6661,61,66,-0.345,-0.4949999999999999,141,-0.5061044692993164,141,0.0,141,0.0
6662,62,66,-0.375,-0.4949999999999999,141,-0.5061542391777039,141,0.0,141,0.0
6663,63,66,-0.405,-0.4949999999999999,141,-0.5063534379005432,141,0.0,141,0.0
6664,64,66,-0.43499999999999983,-0.4949999999999999,141,-0.50629061460495,141,0.0,141,0.0
6665,65,66,-0.46499999999999986,-0.4949999999999999,141,-0.5064274072647095,141,0.0,141,0.0
6666,66,66,-0.4949999999999999,-0.4949999999999999,141,-0.5066637992858887,141,0.0022361676674336195,141,0.0
6667,67,66,-0.5249999999999999,-0.4949999999999999,141,-0.5074995756149292,141,0.04050930216908455,141,0.0
6668,68,66,-0.5549999999999997,-0.4949999999999999,141,-0.5094965100288391,141,0.03942718729376793,141,0.0
6669,69,66,-0.585,-0.4949999999999999,141,-0.5103136301040649,141,0.02829829789698124,141,0.0
6670,70,66,-0.6149999999999998,-0.4949999999999999,141,-0.5114310383796692,141,0.0584506019949913,141,0.0
6671,71,66,-0.645,-0.4949999999999999,141,-0.5131499767303467,141,0.04566103592514992,141,0.0
6672,72,66,-0.6749999999999998,-0.4949999999999999,141,-0.5128728151321411,141,0.04700158163905144,141,0.0
6673,73,66,-0.7050000000000001,-0.4949999999999999,141,-0.5131499767303467,141,0.07399901002645493,141,0.0
6674,74,66,-0.7349999999999999,-0.4949999999999999,141,-0.5135147571563721,141,0.09130716323852539,141,0.0
6675,75,66,-0.7650000000000001,-0.4949999999999999,141,-0.5137642025947571,141,0.10554393380880356,141,0.0
6676,76,66,-0.7949999999999999,-0.4949999999999999,141,-0.5141205191612244,141,0.0988156795501709,141,0.0
6677,77,66,-0.8249999999999997,-0.4949999999999999,141,-0.5142834782600403,141,0.09630421549081802,141,0.0
6678,78,66,-0.855,-0.4949999999999999,141,-0.5142257809638977,141,0.08236228674650192,141,0.0
6679,79,66,-0.8849999999999998,-0.4949999999999999,141,-0.513914942741394,141,0.06408076733350754,141,0.0
6680,80,66,-0.915,-0.4949999999999999,141,-0.5133204460144043,141,0.05163564905524254,141,0.0
6681,81,66,-0.9449999999999998,-0.4949999999999999,141,-0.512110710144043,141,0.04044174402952194,141,0.0
6682,82,66,-0.9750000000000001,-0.4949999999999999,141,-0.5113650560379028,141,0.026497842743992805,141,0.0
6683,83,66,-1.005,-0.4949999999999999,141,-0.5105617642402649,141,0.022638006135821342,141,0.0
6684,84,66,-1.0349999999999997,-0.4949999999999999,141,-0.5099107027053833,141,0.014192859642207623,141,0.0
6685,85,66,-1.065,-0.4949999999999999,141,-0.5089530944824219,141,0.0006198883056640625,141,0.0
6686,86,66,-1.0949999999999998,-0.4949999999999999,141,-0.5089341402053833,141,0.0,141,0.0
6687,87,66,-1.125,-0.4949999999999999,49,-0.5096585154533386,141,0.0,141,0.02199999988079071
6688,88,66,-1.1549999999999998,-0.4949999999999999,0,nan,141,0.0,141,0.02199999988079071
6689,89,66,-1.185,-0.4949999999999999,0,nan,141,0.0,141,0.02199999988079071
6690,90,66,-1.2149999999999999,-0.4949999999999999,0,nan,141,0.0,141,0.02199999988079071
6691,91,66,-1.245,-0.4949999999999999,0,nan,141,0.0,141,0.02199999988079071
6692,92,66,-1.275,-0.4949999999999999,0,nan,141,0.0,141,0.02199999988079071
6693,93,66,-1.3049999999999997,-0.4949999999999999,0,nan,141,0.0,141,0.02199999988079071
6694,94,66,-1.335,-0.4949999999999999,0,nan,141,0.0,141,0.02199999988079071
6695,95,66,-1.3649999999999998,-0.4949999999999999,0,nan,141,0.0,141,0.02199999988079071
6696,96,66,-1.395,-0.4949999999999999,0,nan,141,0.0,141,0.02199999988079071
6697,97,66,-1.4249999999999998,-0.4949999999999999,0,nan,141,0.0,141,0.0
6698,98,66,-1.455,-0.4949999999999999,0,nan,141,0.0,141,0.0
6699,99,66,-1.4849999999999999,-0.4949999999999999,0,nan,141,0.0,141,0.0
6700,0,67,1.485,-0.5249999999999999,0,nan,141,0.0,141,0.0
6701,1,67,1.455,-0.5249999999999999,0,nan,141,0.0,141,0.0
6702,2,67,1.425,-0.5249999999999999,0,nan,141,0.0,141,0.0
6703,3,67,1.395,-0.5249999999999999,0,nan,141,0.0,141,0.02199999988079071
6704,4,67,1.365,-0.5249999999999999,0,nan,141,0.0,141,0.02199999988079071
6705,5,67,1.335,-0.5249999999999999,0,nan,141,0.0,141,0.02199999988079071
6706,6,67,1.305,-0.5249999999999999,0,nan,141,0.0,141,0.02199999988079071
6707,7,67,1.275,-0.5249999999999999,0,nan,141,0.0,141,0.02199999988079071
6708,8,67,1.245,-0.5249999999999999,0,nan,141,0.0,141,0.02199999988079071
6709,9,67,1.215,-0.5249999999999999,0,nan,141,0.0,141,0.02199999988079071
6710,10,67,1.185,-0.5249999999999999,134,-0.7989437580108643,141,0.0,141,0.0
6711,11,67,1.155,-0.5249999999999999,136,-0.7987867295742035,141,0.0,141,0.0
6712,12,67,1.125,-0.5249999999999999,140,-0.7984214127063751,141,0.0,141,0.0
6713,13,67,1.095,-0.5249999999999999,140,-0.7984214127063751,141,0.15398859977722168,141,0.0
6714,14,67,1.065,-0.5249999999999999,140,-0.7870510518550873,141,0.3376487195491791,141,0.0
6715,15,67,1.0350000000000001,-0.5249999999999999,140,-0.7765716314315796,141,0.3585270643234253,141,0.0
6716,16,67,1.005,-0.5249999999999999,139,-0.7649015188217163,141,0.35783350467681885,141,0.0
6717,17,67,0.975,-0.5249999999999999,140,-0.7538577914237976,141,0.3325732946395874,141,0.0
6718,18,67,0.9450000000000001,-0.5249999999999999,140,-0.7442188560962677,141,0.343593955039978,141,0.0
6719,19,67,0.915,-0.5249999999999999,140,-0.7332305610179901,141,0.33842629194259644,141,0.0
6720,20,67,0.885,-0.5249999999999999,139,-0.7234963774681091,141,0.3910532295703888,141,0.0
6721,21,67,0.855,-0.5249999999999999,138,-0.7107095420360565,141,0.5112572312355042,141,0.0
6722,22,67,0.8250000000000001,-0.5249999999999999,129,-0.6946390271186829,141,0.7864997982978821,141,0.02199999988079071
6723,23,67,0.795,-0.5249999999999999,117,-0.6788846254348755,141,1.1288286447525024,141,0.10000000149011612
6724,24,67,0.765,-0.5249999999999999,141,-0.6144900321960449,141,1.4675257205963135,141,0.10000000149011612
6725,25,67,0.735,-0.5249999999999999,141,-0.5918750166893005,141,1.0476784706115723,141,0.10000000149011612
6726,26,67,0.7050000000000001,-0.5249999999999999,141,-0.5205392241477966,141,0.5029797554016113,141,0.0
6727,27,67,0.675,-0.5249999999999999,141,-0.5200971364974976,141,0.0982532873749733,141,0.0
6728,28,67,0.645,-0.5249999999999999,141,-0.5173836946487427,141,0.295328289270401,141,0.0
6729,29,67,0.615,-0.5249999999999999,141,-0.5151629447937012,141,0.1162986159324646,141,0.0
6730,30,67,0.5850000000000001,-0.5249999999999999,141,-0.5120897889137268,141,0.06812770664691925,141,0.0
6731,31,67,0.555,-0.5249999999999999,141,-0.5112359523773193,141,0.043909747153520584,141,0.0
6732,32,67,0.525,-0.5249999999999999,141,-0.5108936429023743,141,0.048656266182661057,141,0.0
6733,33,67,0.4950000000000001,-0.5249999999999999,141,-0.5101189613342285,141,0.04289944842457771,141,0.0
6734,34,67,0.4650000000000001,-0.5249999999999999,141,-0.5097606182098389,141,0.03999532014131546,141,0.0
6735,35,67,0.43500000000000005,-0.5249999999999999,141,-0.509290337562561,141,0.037032365798950195,141,0.0
6736,36,67,0.405,-0.5249999999999999,141,-0.5088329315185547,141,0.027166804298758507,141,0.0
6737,37,67,0.375,-0.5249999999999999,141,-0.5086300373077393,141,0.02251664735376835,141,0.0
6738,38,67,0.345,-0.5249999999999999,141,-0.508300244808197,141,0.023932257667183876,141,0.0
6739,39,67,0.31499999999999995,-0.5249999999999999,141,-0.5081838369369507,141,0.030430158600211143,141,0.0
6740,40,67,0.28500000000000014,-0.5249999999999999,141,-0.5074201822280884,141,0.04165568947792053,141,0.0
6741,41,67,0.2550000000000001,-0.5249999999999999,141,-0.5061272978782654,141,0.12360844761133194,141,0.0
6742,42,67,0.2250000000000001,-0.5249999999999999,140,-0.5006494522094727,141,1.0431525707244873,141,0.10000000149011612
6743,43,67,0.19500000000000006,-0.5249999999999999,141,-0.4411815404891968,141,0.9939717054367065,141,0.10000000149011612
6744,44,67,0.16500000000000004,-0.5249999999999999,141,-0.4396170675754547,141,0.14251570403575897,141,0.0
6745,45,67,0.135,-0.5249999999999999,141,-0.4395834505558014,141,0.07466375827789307,141,0.0
6746,46,67,0.10499999999999998,-0.5249999999999999,141,-0.4395638406276703,141,0.07595767825841904,141,0.0
6747,47,67,0.07499999999999996,-0.5249999999999999,141,-0.4395638406276703,141,0.07649759203195572,141,0.0
6748,48,67,0.04500000000000015,-0.5249999999999999,141,-0.4395638406276703,141,0.07649759203195572,141,0.0
6749,49,67,0.015000000000000124,-0.5249999999999999,141,-0.4395638406276703,141,0.09465068578720093,141,0.0
6750,50,67,-0.014999999999999902,-0.5249999999999999,141,-0.4396713078022003,141,0.1903395652770996,141,0.0
6751,51,67,-0.04499999999999993,-0.5249999999999999,141,-0.44019773602485657,141,0.4653974175453186,141,0.0
6752,52,67,-0.07499999999999996,-0.5249999999999999,141,-0.46533405780792236,141,0.6055086851119995,141,0.0
6753,53,67,-0.10499999999999998,-0.5249999999999999,141,-0.4753832221031189,141,0.4442931115627289,141,0.0
6754,54,67,-0.135,-0.5249999999999999,141,-0.4766369163990021,141,0.16736137866973877,141,0.0
6755,55,67,-0.16500000000000004,-0.5249999999999999,141,-0.4768562912940979,141,0.061065953224897385,141,0.0
6756,56,67,-0.19499999999999984,-0.5249999999999999,141,-0.47739091515541077,141,0.32364943623542786,141,0.0
6757,57,67,-0.22499999999999987,-0.5249999999999999,141,-0.4985380470752716,141,0.4713084101676941,141,0.0
6758,58,67,-0.2549999999999999,-0.5249999999999999,141,-0.5079589486122131,141,0.18793240189552307,141,0.0
6759,59,67,-0.2849999999999999,-0.5249999999999999,141,-0.507771909236908,141,0.07862309366464615,141,0.0
6760,60,67,-0.31499999999999995,-0.5249999999999999,141,-0.5065532326698303,141,0.048345327377319336,141,0.0
6761,61,67,-0.345,-0.5249999999999999,141,-0.5061542391777039,141,0.02422829531133175,141,0.0
6762,62,67,-0.375,-0.5249999999999999,141,-0.5061556100845337,141,0.007475415710359812,141,0.0
6763,63,67,-0.405,-0.5249999999999999,141,-0.5063534379005432,141,0.003960728645324707,141,0.0
6764,64,67,-0.43499999999999983,-0.5249999999999999,141,-0.5063534379005432,141,0.0018705924740061164,141,0.0
6765,65,67,-0.46499999999999986,-0.5249999999999999,141,-0.5065473914146423,141,0.0035494565963745117,141,0.0
6766,66,67,-0.4949999999999999,-0.5249999999999999,141,-0.5067039728164673,141,0.017761191353201866,141,0.0
6767,67,67,-0.5249999999999999,-0.5249999999999999,141,-0.507849395275116,141,0.04509688541293144,141,0.0
6768,68,67,-0.5549999999999997,-0.5249999999999999,141,-0.5099745392799377,141,0.03954867646098137,141,0.0
6769,69,67,-0.585,-0.5249999999999999,141,-0.510556697845459,141,0.0431879460811615,141,0.0
6770,70,67,-0.6149999999999998,-0.5249999999999999,141,-0.511846661567688,141,0.06786444038152695,141,0.0
6771,71,67,-0.645,-0.5249999999999999,141,-0.5137642025947571,141,0.06590068340301514,141,0.0
6772,72,67,-0.6749999999999998,-0.5249999999999999,141,-0.5143089890480042,141,0.062260355800390244,141,0.0
6773,73,67,-0.7050000000000001,-0.5249999999999999,141,-0.5155085921287537,141,0.08077821880578995,141,0.0
6774,74,67,-0.7349999999999999,-0.5249999999999999,141,-0.5168349146842957,141,0.07611659169197083,141,0.0
6775,75,67,-0.7650000000000001,-0.5249999999999999,141,-0.5174524188041687,141,0.06808194518089294,141,0.0
6776,76,67,-0.7949999999999999,-0.5249999999999999,141,-0.5168280005455017,141,0.0656641349196434,141,0.0
6777,77,67,-0.8249999999999997,-0.5249999999999999,141,-0.5162714123725891,141,0.046887993812561035,141,0.0
6778,78,67,-0.855,-0.5249999999999999,141,-0.5154187679290771,141,0.04049937054514885,141,0.0
6779,79,67,-0.8849999999999998,-0.5249999999999999,141,-0.5144233107566833,141,0.027920803055167198,141,0.0
6780,80,67,-0.915,-0.5249999999999999,141,-0.5134783983230591,141,0.02803703211247921,141,0.0
6781,81,67,-0.9449999999999998,-0.5249999999999999,141,-0.5122689008712769,141,0.024246176704764366,141,0.0
6782,82,67,-0.9750000000000001,-0.5249999999999999,141,-0.5113799571990967,141,0.013286869041621685,141,0.0
6783,83,67,-1.005,-0.5249999999999999,141,-0.5105676054954529,141,0.013722975738346577,141,0.0
6784,84,67,-1.0349999999999997,-0.5249999999999999,141,-0.5099107027053833,141,0.01129829790443182,141,0.0
6785,85,67,-1.065,-0.5249999999999999,141,-0.5089530944824219,141,0.0,141,0.0
6786,86,67,-1.0949999999999998,-0.5249999999999999,141,-0.5089341402053833,141,0.0,141,0.0
6787,87,67,-1.125,-0.5249999999999999,49,-0.5096585154533386,141,0.0,141,0.02199999988079071
6788,88,67,-1.1549999999999998,-0.5249999999999999,0,nan,141,0.0,141,0.02199999988079071
6789,89,67,-1.185,-0.5249999999999999,0,nan,141,0.0,141,0.02199999988079071
6790,90,67,-1.2149999999999999,-0.5249999999999999,0,nan,141,0.0,141,0.02199999988079071
6791,91,67,-1.245,-0.5249999999999999,0,nan,141,0.0,141,0.02199999988079071
6792,92,67,-1.275,-0.5249999999999999,0,nan,141,0.0,141,0.02199999988079071
6793,93,67,-1.3049999999999997,-0.5249999999999999,0,nan,141,0.0,141,0.02199999988079071
6794,94,67,-1.335,-0.5249999999999999,0,nan,141,0.0,141,0.02199999988079071
6795,95,67,-1.3649999999999998,-0.5249999999999999,0,nan,141,0.0,141,0.02199999988079071
6796,96,67,-1.395,-0.5249999999999999,0,nan,141,0.0,141,0.02199999988079071
6797,97,67,-1.4249999999999998,-0.5249999999999999,0,nan,141,0.0,141,0.0
6798,98,67,-1.455,-0.5249999999999999,0,nan,141,0.0,141,0.0
6799,99,67,-1.4849999999999999,-0.5249999999999999,0,nan,141,0.0,141,0.0
6800,0,68,1.485,-0.5549999999999997,0,nan,141,0.0,141,0.0
6801,1,68,1.455,-0.5549999999999997,0,nan,141,0.0,141,0.0
6802,2,68,1.425,-0.5549999999999997,0,nan,141,0.0,141,0.0
6803,3,68,1.395,-0.5549999999999997,0,nan,141,0.0,141,0.02199999988079071
6804,4,68,1.365,-0.5549999999999997,0,nan,141,0.0,141,0.02199999988079071
6805,5,68,1.335,-0.5549999999999997,0,nan,141,0.0,141,0.02199999988079071
6806,6,68,1.305,-0.5549999999999997,0,nan,141,0.0,141,0.02199999988079071
6807,7,68,1.275,-0.5549999999999997,0,nan,141,0.0,141,0.02199999988079071
6808,8,68,1.245,-0.5549999999999997,0,nan,141,0.0,141,0.02199999988079071
6809,9,68,1.215,-0.5549999999999997,0,nan,141,0.0,141,0.02199999988079071
6810,10,68,1.185,-0.5549999999999997,133,-0.7989067435264587,141,0.0,141,0.0
6811,11,68,1.155,-0.5549999999999997,140,-0.798490583896637,141,0.0,141,0.0
6812,12,68,1.125,-0.5549999999999997,140,-0.798490583896637,141,0.0,141,0.0
6813,13,68,1.095,-0.5549999999999997,140,-0.798490583896637,141,0.17043650150299072,141,0.0
6814,14,68,1.065,-0.5549999999999997,140,-0.7871197760105133,141,0.34891048073768616,141,0.0
6815,15,68,1.0350000000000001,-0.5549999999999997,140,-0.7763271033763885,141,0.36099502444267273,141,0.0
6816,16,68,1.005,-0.5549999999999997,139,-0.7647854089736938,141,0.3700266182422638,141,0.0
6817,17,68,0.975,-0.5549999999999997,140,-0.7533259689807892,141,0.3477931022644043,141,0.0
6818,18,68,0.9450000000000001,-0.5549999999999997,140,-0.7433252930641174,141,0.35191771388053894,141,0.0
6819,19,68,0.915,-0.5549999999999997,139,-0.7328770160675049,141,0.3555963635444641,141,0.0
6820,20,68,0.885,-0.5549999999999997,134,-0.7223547995090485,141,0.43319594860076904,141,0.0
6821,21,68,0.855,-0.5549999999999997,124,-0.7091487646102905,141,0.6692788004875183,141,0.02199999988079071
6822,22,68,0.8250000000000001,-0.5549999999999997,124,-0.6915051937103271,141,1.0462499856948853,141,0.10000000149011612
6823,23,68,0.795,-0.5549999999999997,141,-0.6295128464698792,141,1.3357442617416382,141,0.10000000149011612
6824,24,68,0.765,-0.5549999999999997,141,-0.6097386479377747,141,0.9439591765403748,141,0.10000000149011612
6825,25,68,0.735,-0.5549999999999997,141,-0.5221983790397644,141,0.09719232469797134,141,0.0
6826,26,68,0.7050000000000001,-0.5549999999999997,141,-0.5201180577278137,141,0.01869797706604004,141,0.0
6827,27,68,0.675,-0.5549999999999997,141,-0.5193652510643005,141,0.02709229849278927,141,0.0
6828,28,68,0.645,-0.5549999999999997,141,-0.5173836946487427,141,0.08414769172668457,141,0.0
6829,29,68,0.615,-0.5549999999999997,141,-0.51520836353302,141,0.08969912678003311,141,0.0
6830,30,68,0.5850000000000001,-0.5549999999999997,141,-0.5136935114860535,141,0.07919708639383316,141,0.0
6831,31,68,0.555,-0.5549999999999997,141,-0.5136330127716064,141,0.08892113715410233,141,0.0
6832,32,68,0.525,-0.5549999999999997,141,-0.5133715271949768,141,0.08846564590930939,141,0.0
6833,33,68,0.4950000000000001,-0.5549999999999997,141,-0.5119757056236267,141,0.09076574444770813,141,0.0
6834,34,68,0.4650000000000001,-0.5549999999999997,141,-0.5110596418380737,141,0.0742606595158577,141,0.0
6835,35,68,0.43500000000000005,-0.5549999999999997,141,-0.5100610852241516,141,0.07228156179189682,141,0.0
6836,36,68,0.405,-0.5549999999999997,141,-0.5097236633300781,141,0.05022088810801506,141,0.0
6837,37,68,0.375,-0.5549999999999997,141,-0.5095303654670715,141,0.03359019756317139,141,0.0
6838,38,68,0.345,-0.5549999999999997,141,-0.5090710520744324,141,0.030793972313404083,141,0.0
6839,39,68,0.31499999999999995,-0.5549999999999997,141,-0.508762001991272,141,0.035821396857500076,141,0.0
6840,40,68,0.28500000000000014,-0.5549999999999997,141,-0.5080156326293945,141,0.04821320250630379,141,0.0
6841,41,68,0.2550000000000001,-0.5549999999999997,141,-0.5068880319595337,141,0.11417409777641296,141,0.0
6842,42,68,0.2250000000000001,-0.5549999999999997,139,-0.5037369728088379,141,0.8837558031082153,141,0.10000000149011612
6843,43,68,0.19500000000000006,-0.5549999999999997,141,-0.45115646719932556,141,0.983518660068512,141,0.10000000149011612
6844,44,68,0.16500000000000004,-0.5549999999999997,141,-0.4445788264274597,141,0.6714059710502625,141,0.0
6845,45,68,0.135,-0.5549999999999997,141,-0.44439730048179626,141,0.5811532139778137,141,0.0
6846,46,68,0.10499999999999998,-0.5549999999999997,141,-0.44439730048179626,141,0.5504692792892456,141,0.0
6847,47,68,0.07499999999999996,-0.5549999999999997,141,-0.44439730048179626,141,0.5495816469192505,141,0.0
6848,48,68,0.04500000000000015,-0.5549999999999997,141,-0.44439730048179626,141,0.5493720173835754,141,0.0
6849,49,68,0.015000000000000124,-0.5549999999999997,141,-0.44439730048179626,141,0.5495816469192505,141,0.0
6850,50,68,-0.014999999999999902,-0.5549999999999997,141,-0.44613513350486755,141,0.5792622566223145,141,0.0
6851,51,68,-0.04499999999999993,-0.5549999999999997,141,-0.4600430727005005,141,0.5972606539726257,141,0.0
6852,52,68,-0.07499999999999996,-0.5549999999999997,141,-0.4722021520137787,141,0.4894794225692749,141,0.0
6853,53,68,-0.10499999999999998,-0.5549999999999997,141,-0.47797515988349915,141,0.2971489131450653,141,0.0
6854,54,68,-0.135,-0.5549999999999997,141,-0.4789113402366638,141,0.1672346144914627,141,0.0
6855,55,68,-0.16500000000000004,-0.5549999999999997,141,-0.4789113402366638,141,0.18489162623882294,141,0.0
6856,56,68,-0.19499999999999984,-0.5549999999999997,141,-0.47934776544570923,141,0.411091148853302,141,0.0
6857,57,68,-0.22499999999999987,-0.5549999999999997,141,-0.5034322738647461,141,0.4487229287624359,141,0.0
6858,58,68,-0.2549999999999999,-0.5549999999999997,141,-0.5089318156242371,141,0.17218412458896637,141,0.0
6859,59,68,-0.2849999999999999,-0.5549999999999997,141,-0.5092964768409729,141,0.08925137668848038,141,0.0
6860,60,68,-0.31499999999999995,-0.5549999999999997,141,-0.5077098608016968,141,0.07260838896036148,141,0.0
6861,61,68,-0.345,-0.5549999999999997,141,-0.5074962377548218,141,0.04801750183105469,141,0.0
6862,62,68,-0.375,-0.5549999999999997,141,-0.5074962377548218,141,0.04082421585917473,141,0.0
6863,63,68,-0.405,-0.5549999999999997,141,-0.5075269341468811,141,0.036439310759305954,141,0.0
6864,64,68,-0.43499999999999983,-0.5549999999999997,141,-0.5075269341468811,141,0.0328948087990284,141,0.0
6865,65,68,-0.46499999999999986,-0.5549999999999997,141,-0.5075803399085999,141,0.033790867775678635,141,0.0
6866,66,68,-0.4949999999999999,-0.5549999999999997,141,-0.5076962113380432,141,0.03245736286044121,141,0.0
6867,67,68,-0.5249999999999999,-0.5549999999999997,141,-0.5083300471305847,141,0.0456792451441288,141,0.0
6868,68,68,-0.5549999999999997,-0.5549999999999997,141,-0.51020348072052,141,0.041100382804870605,141,0.0
6869,69,68,-0.585,-0.5549999999999997,141,-0.5107597708702087,141,0.04285074770450592,141,0.0
6870,70,68,-0.6149999999999998,-0.5549999999999997,141,-0.5122132897377014,141,0.07500159740447998,141,0.0
6871,71,68,-0.645,-0.5549999999999997,141,-0.5150490999221802,141,0.06698837131261826,141,0.0
6872,72,68,-0.6749999999999998,-0.5549999999999997,141,-0.5164511203765869,141,0.04882713034749031,141,0.0
6873,73,68,-0.7050000000000001,-0.5549999999999997,141,-0.517394483089447,141,0.05296071246266365,141,0.0
6874,74,68,-0.7349999999999999,-0.5549999999999997,141,-0.5176355838775635,141,0.038171809166669846,141,0.0
6875,75,68,-0.7650000000000001,-0.5549999999999997,141,-0.5179879665374756,141,0.025354823097586632,141,0.0
6876,76,68,-0.7949999999999999,-0.5549999999999997,141,-0.5174421668052673,141,0.019472625106573105,141,0.0
6877,77,68,-0.8249999999999997,-0.5549999999999997,141,-0.5164801478385925,141,0.023823227733373642,141,0.0
6878,78,68,-0.855,-0.5549999999999997,141,-0.5154822468757629,141,0.021898746490478516,141,0.0
6879,79,68,-0.8849999999999998,-0.5549999999999997,141,-0.5144609808921814,141,0.02053876779973507,141,0.0
6880,80,68,-0.915,-0.5549999999999997,141,-0.5134783983230591,141,0.025017062202095985,141,0.0
6881,81,68,-0.9449999999999998,-0.5549999999999997,141,-0.5122689008712769,141,0.02086460590362549,141,0.0
6882,82,68,-0.9750000000000001,-0.5549999999999997,141,-0.5113799571990967,141,0.009870529174804688,141,0.0
6883,83,68,-1.005,-0.5549999999999997,141,-0.5105676054954529,141,0.013047456741333008,141,0.0
6884,84,68,-1.0349999999999997,-0.5549999999999997,141,-0.5099107027053833,141,0.011660655029118061,141,0.0
6885,85,68,-1.065,-0.5549999999999997,141,-0.5089341402053833,141,0.0,141,0.0
6886,86,68,-1.0949999999999998,-0.5549999999999997,141,-0.5087721347808838,141,0.0,141,0.0
6887,87,68,-1.125,-0.5549999999999997,49,-0.5096170902252197,141,0.0,141,0.02199999988079071
6888,88,68,-1.1549999999999998,-0.5549999999999997,0,nan,141,0.0,141,0.02199999988079071
6889,89,68,-1.185,-0.5549999999999997,0,nan,141,0.0,141,0.02199999988079071
6890,90,68,-1.2149999999999999,-0.5549999999999997,0,nan,141,0.0,141,0.02199999988079071
6891,91,68,-1.245,-0.5549999999999997,0,nan,141,0.0,141,0.02199999988079071
6892,92,68,-1.275,-0.5549999999999997,0,nan,141,0.0,141,0.02199999988079071
6893,93,68,-1.3049999999999997,-0.5549999999999997,0,nan,141,0.0,141,0.02199999988079071
6894,94,68,-1.335,-0.5549999999999997,0,nan,141,0.0,141,0.02199999988079071
6895,95,68,-1.3649999999999998,-0.5549999999999997,0,nan,141,0.0,141,0.02199999988079071
6896,96,68,-1.395,-0.5549999999999997,0,nan,141,0.0,141,0.02199999988079071
6897,97,68,-1.4249999999999998,-0.5549999999999997,0,nan,141,0.0,141,0.0
6898,98,68,-1.455,-0.5549999999999997,0,nan,141,0.0,141,0.0
6899,99,68,-1.4849999999999999,-0.5549999999999997,0,nan,141,0.0,141,0.0
6900,0,69,1.485,-0.585,0,nan,141,0.0,141,0.0
6901,1,69,1.455,-0.585,0,nan,141,0.0,141,0.0
6902,2,69,1.425,-0.585,0,nan,141,0.0,141,0.0
6903,3,69,1.395,-0.585,0,nan,141,0.0,141,0.02199999988079071
6904,4,69,1.365,-0.585,0,nan,141,0.0,141,0.02199999988079071
6905,5,69,1.335,-0.585,0,nan,141,0.0,141,0.02199999988079071
6906,6,69,1.305,-0.585,0,nan,141,0.0,141,0.02199999988079071
6907,7,69,1.275,-0.585,0,nan,141,0.0,141,0.02199999988079071
6908,8,69,1.245,-0.585,0,nan,141,0.0,141,0.02199999988079071
6909,9,69,1.215,-0.585,0,nan,141,0.0,141,0.02199999988079071
6910,10,69,1.185,-0.585,133,-0.7991408705711365,141,0.0,141,0.0
6911,11,69,1.155,-0.585,140,-0.7989437580108643,141,0.0,141,0.0
6912,12,69,1.125,-0.585,140,-0.7989437580108643,141,0.0,141,0.0
6913,13,69,1.095,-0.585,140,-0.7989437580108643,141,0.17170344293117523,141,0.0
6914,14,69,1.065,-0.585,140,-0.7870510518550873,141,0.35896986722946167,141,0.0
6915,15,69,1.0350000000000001,-0.585,140,-0.7757614254951477,141,0.3787318766117096,141,0.0
6916,16,69,1.005,-0.585,139,-0.7644502520561218,141,0.3669539988040924,141,0.0
6917,17,69,0.975,-0.585,140,-0.7531812191009521,141,0.3547087013721466,141,0.0
6918,18,69,0.9450000000000001,-0.585,140,-0.7420146465301514,141,0.38785332441329956,141,0.0
6919,19,69,0.915,-0.585,136,-0.7316217720508575,141,0.45735105872154236,141,0.0
6920,20,69,0.885,-0.585,127,-0.7205834984779358,141,0.5634874701499939,141,0.0
6921,21,69,0.855,-0.585,130,-0.7046523094177246,141,0.9338936805725098,141,0.10000000149011612
6922,22,69,0.8250000000000001,-0.585,141,-0.6510936617851257,141,1.1087154150009155,141,0.10000000149011612
6923,23,69,0.795,-0.585,141,-0.6238524913787842,141,0.6791989803314209,141,0.0
6924,24,69,0.765,-0.585,141,-0.5226995348930359,141,0.24872024357318878,141,0.0
6925,25,69,0.735,-0.585,141,-0.5214933156967163,141,0.016700228676199913,141,0.0
6926,26,69,0.7050000000000001,-0.585,141,-0.5200971364974976,141,0.0,141,0.0
6927,27,69,0.675,-0.585,141,-0.5193652510643005,141,0.019832199439406395,141,0.0
6928,28,69,0.645,-0.585,141,-0.5182577967643738,141,0.047309134155511856,141,0.0
6929,29,69,0.615,-0.585,141,-0.5162773132324219,141,0.07278025150299072,141,0.0
6930,30,69,0.5850000000000001,-0.585,141,-0.5162309408187866,141,0.0841858983039856,141,0.0
6931,31,69,0.555,-0.585,141,-0.5160359144210815,141,0.09017186611890793,141,0.0
6932,32,69,0.525,-0.585,141,-0.5156915783882141,141,0.08718249946832657,141,0.0
6933,33,69,0.4950000000000001,-0.585,141,-0.5147016048431396,141,0.09733200073242188,141,0.0
6934,34,69,0.4650000000000001,-0.585,141,-0.5137202143669128,141,0.07863835245370865,141,0.0
6935,35,69,0.43500000000000005,-0.585,141,-0.5123699903488159,141,0.07117876410484314,141,0.0
6936,36,69,0.405,-0.585,141,-0.5107622146606445,141,0.06340526789426804,141,0.0
6937,37,69,0.375,-0.585,141,-0.5101983547210693,141,0.044079557061195374,141,0.0
6938,38,69,0.345,-0.585,141,-0.5100981593132019,141,0.03943343833088875,141,0.0
6939,39,69,0.31499999999999995,-0.585,141,-0.5098128318786621,141,0.045228999108076096,141,0.0
6940,40,69,0.28500000000000014,-0.585,141,-0.5091140866279602,141,0.049567222595214844,141,0.0
6941,41,69,0.2550000000000001,-0.585,141,-0.5082723498344421,141,0.08562087267637253,141,0.0
6942,42,69,0.2250000000000001,-0.585,141,-0.5056132674217224,141,0.5282149910926819,141,0.0
6943,43,69,0.19500000000000006,-0.585,139,-0.48713523149490356,141,0.8783401250839233,141,0.10000000149011612
6944,44,69,0.16500000000000004,-0.585,141,-0.47673189640045166,141,0.9201900362968445,141,0.10000000149011612
6945,45,69,0.135,-0.585,141,-0.4735480844974518,141,0.8673851490020752,141,0.10000000149011612
6946,46,69,0.10499999999999998,-0.585,141,-0.4730127155780792,141,0.833423912525177,141,0.0
6947,47,69,0.07499999999999996,-0.585,141,-0.4726633131504059,141,0.8301516175270081,141,0.0
6948,48,69,0.04500000000000015,-0.585,141,-0.4726633131504059,141,0.8182336688041687,141,0.0
6949,49,69,0.015000000000000124,-0.585,141,-0.4726633131504059,141,0.7744554281234741,141,0.0
6950,50,69,-0.014999999999999902,-0.585,141,-0.4732121229171753,141,0.6737444400787354,141,0.0
6951,51,69,-0.04499999999999993,-0.585,141,-0.47524359822273254,141,0.5836667418479919,141,0.0
6952,52,69,-0.07499999999999996,-0.585,141,-0.47848162055015564,141,0.4481673836708069,141,0.0
6953,53,69,-0.10499999999999998,-0.585,141,-0.4812234342098236,141,0.35077667236328125,141,0.0
6954,54,69,-0.135,-0.585,141,-0.4852878451347351,141,0.2824053168296814,141,0.0
6955,55,69,-0.16500000000000004,-0.585,141,-0.4863792955875397,141,0.3201720118522644,141,0.0
6956,56,69,-0.19499999999999984,-0.585,141,-0.4910564124584198,141,0.45534980297088623,141,0.0
6957,57,69,-0.22499999999999987,-0.585,141,-0.5086109638214111,141,0.41434815526008606,141,0.0
6958,58,69,-0.2549999999999999,-0.585,141,-0.5101950764656067,141,0.13385213911533356,141,0.0
6959,59,69,-0.2849999999999999,-0.585,141,-0.5105912685394287,141,0.07871995866298676,141,0.0
6960,60,69,-0.31499999999999995,-0.585,141,-0.5094974637031555,141,0.07235432416200638,141,0.0
6961,61,69,-0.345,-0.585,141,-0.5087716579437256,141,0.05015894025564194,141,0.0
6962,62,69,-0.375,-0.585,141,-0.5087542533874512,141,0.04333541542291641,141,0.0
6963,63,69,-0.405,-0.585,141,-0.508770227432251,141,0.04012187197804451,141,0.0
6964,64,69,-0.43499999999999983,-0.585,141,-0.508770227432251,141,0.03991127014160156,141,0.0
6965,65,69,-0.46499999999999986,-0.585,141,-0.5087716579437256,141,0.03991127014160156,141,0.0
6966,66,69,-0.4949999999999999,-0.585,141,-0.5088934302330017,141,0.03686050698161125,141,0.0
6967,67,69,-0.5249999999999999,-0.585,141,-0.5090990662574768,141,0.04183550551533699,141,0.0
6968,68,69,-0.5549999999999997,-0.585,141,-0.5104591846466064,141,0.037475407123565674,141,0.0
6969,69,69,-0.585,-0.585,141,-0.5109876990318298,141,0.03731052204966545,141,0.0
6970,70,69,-0.6149999999999998,-0.585,141,-0.5125241875648499,141,0.07331287115812302,141,0.0
6971,71,69,-0.645,-0.585,141,-0.5155085921287537,141,0.06269713491201401,141,0.0
6972,72,69,-0.6749999999999998,-0.585,141,-0.5167096257209778,141,0.03612511605024338,141,0.0
6973,73,69,-0.7050000000000001,-0.585,141,-0.5174421668052673,141,0.030545393005013466,141,0.0
6974,74,69,-0.7349999999999999,-0.585,141,-0.5177323222160339,141,0.018615320324897766,141,0.0
6975,75,69,-0.7650000000000001,-0.585,141,-0.5180796980857849,141,0.011966626159846783,141,0.0
6976,76,69,-0.7949999999999999,-0.585,141,-0.5175179839134216,141,0.01729528047144413,141,0.0
6977,77,69,-0.8249999999999997,-0.585,141,-0.5165795087814331,141,0.026549896225333214,141,0.0
6978,78,69,-0.855,-0.585,141,-0.5155453085899353,141,0.028700629249215126,141,0.0
6979,79,69,-0.8849999999999998,-0.585,141,-0.5144609808921814,141,0.023550787940621376,141,0.0
6980,80,69,-0.915,-0.585,141,-0.5135874152183533,141,0.02746184729039669,141,0.0
6981,81,69,-0.9449999999999998,-0.585,141,-0.5122689008712769,141,0.024246176704764366,141,0.0
6982,82,69,-0.9750000000000001,-0.585,141,-0.5113799571990967,141,0.013140837661921978,141,0.0
6983,83,69,-1.005,-0.585,141,-0.5105676054954529,141,0.013722975738346577,141,0.0
6984,84,69,-1.0349999999999997,-0.585,141,-0.5099107027053833,141,0.012461475096642971,141,0.0
6985,85,69,-1.065,-0.585,141,-0.5089322924613953,141,0.0,141,0.0
6986,86,69,-1.0949999999999998,-0.585,141,-0.5087262392044067,141,0.0,141,0.0
6987,87,69,-1.125,-0.585,49,-0.5095543265342712,141,0.0,141,0.02199999988079071
6988,88,69,-1.1549999999999998,-0.585,0,nan,141,0.0,141,0.02199999988079071
6989,89,69,-1.185,-0.585,0,nan,141,0.0,141,0.02199999988079071
6990,90,69,-1.2149999999999999,-0.585,0,nan,141,0.0,141,0.02199999988079071
6991,91,69,-1.245,-0.585,0,nan,141,0.0,141,0.02199999988079071
6992,92,69,-1.275,-0.585,0,nan,141,0.0,141,0.02199999988079071
6993,93,69,-1.3049999999999997,-0.585,0,nan,141,0.0,141,0.02199999988079071
6994,94,69,-1.335,-0.585,0,nan,141,0.0,141,0.02199999988079071
6995,95,69,-1.3649999999999998,-0.585,0,nan,141,0.0,141,0.02199999988079071
6996,96,69,-1.395,-0.585,0,nan,141,0.0,141,0.02199999988079071
6997,97,69,-1.4249999999999998,-0.585,0,nan,141,0.0,141,0.0
6998,98,69,-1.455,-0.585,0,nan,141,0.0,141,0.0
6999,99,69,-1.4849999999999999,-0.585,0,nan,141,0.0,141,0.0
7000,0,70,1.485,-0.6149999999999998,0,nan,141,0.0,141,0.0
7001,1,70,1.455,-0.6149999999999998,0,nan,141,0.0,141,0.0
7002,2,70,1.425,-0.6149999999999998,0,nan,141,0.0,141,0.0
7003,3,70,1.395,-0.6149999999999998,0,nan,141,0.0,141,0.02199999988079071
7004,4,70,1.365,-0.6149999999999998,0,nan,141,0.0,141,0.02199999988079071
7005,5,70,1.335,-0.6149999999999998,0,nan,141,0.0,141,0.02199999988079071
7006,6,70,1.305,-0.6149999999999998,0,nan,141,0.0,141,0.02199999988079071
7007,7,70,1.275,-0.6149999999999998,0,nan,141,0.0,141,0.02199999988079071
7008,8,70,1.245,-0.6149999999999998,0,nan,141,0.0,141,0.02199999988079071
7009,9,70,1.215,-0.6149999999999998,0,nan,141,0.0,141,0.02199999988079071
7010,10,70,1.185,-0.6149999999999998,135,-0.7986494898796082,141,0.0,141,0.0
7011,11,70,1.155,-0.6149999999999998,140,-0.7984620034694672,141,0.0,141,0.0
7012,12,70,1.125,-0.6149999999999998,140,-0.7984620034694672,141,0.0,141,0.0
7013,13,70,1.095,-0.6149999999999998,140,-0.7984620034694672,141,0.18718242645263672,141,0.0
7014,14,70,1.065,-0.6149999999999998,140,-0.7869419455528259,141,0.36568740010261536,141,0.0
7015,15,70,1.0350000000000001,-0.6149999999999998,139,-0.7750877737998962,141,0.377773255109787,141,0.0
7016,16,70,1.005,-0.6149999999999998,136,-0.7632134258747101,141,0.3669539988040924,141,0.0
7017,17,70,0.975,-0.6149999999999998,137,-0.7528644800186157,141,0.4613139033317566,141,0.0
7018,18,70,0.9450000000000001,-0.6149999999999998,135,-0.7408835887908936,141,0.5624504089355469,141,0.0
7019,19,70,0.915,-0.6149999999999998,137,-0.7270810604095459,141,0.5967877507209778,141,0.0
7020,20,70,0.885,-0.6149999999999998,138,-0.709134966135025,141,0.6171046495437622,141,0.0
7021,21,70,0.855,-0.6149999999999998,141,-0.6838770508766174,141,0.8857796788215637,141,0.10000000149011612
7022,22,70,0.8250000000000001,-0.6149999999999998,141,-0.6492995023727417,141,0.844501256942749,141,0.10000000149011612
7023,23,70,0.795,-0.6149999999999998,141,-0.6200700402259827,141,0.3632575273513794,141,0.0
7024,24,70,0.765,-0.6149999999999998,141,-0.5225130319595337,141,0.10538002103567123,141,0.0
7025,25,70,0.735,-0.6149999999999998,141,-0.5214365124702454,141,0.005615750793367624,141,0.0
7026,26,70,0.7050000000000001,-0.6149999999999998,141,-0.5200971364974976,141,0.0,141,0.0
7027,27,70,0.675,-0.6149999999999998,141,-0.5193652510643005,141,0.014626010321080685,141,0.0
7028,28,70,0.645,-0.6149999999999998,141,-0.5192229747772217,141,0.033447373658418655,141,0.0
7029,29,70,0.615,-0.6149999999999998,141,-0.5191701650619507,141,0.049179792404174805,141,0.0
7030,30,70,0.5850000000000001,-0.6149999999999998,141,-0.5189731121063232,141,0.051407165825366974,141,0.0
7031,31,70,0.555,-0.6149999999999998,141,-0.5184580087661743,141,0.058853257447481155,141,0.0
7032,32,70,0.525,-0.6149999999999998,141,-0.5174044966697693,141,0.0735701322555542,141,0.0
7033,33,70,0.4950000000000001,-0.6149999999999998,141,-0.51595139503479,141,0.07922586053609848,141,0.0
7034,34,70,0.4650000000000001,-0.6149999999999998,141,-0.5153270959854126,141,0.07274945825338364,141,0.0
7035,35,70,0.43500000000000005,-0.6149999999999998,141,-0.5138084888458252,141,0.07332398742437363,141,0.0
7036,36,70,0.405,-0.6149999999999998,141,-0.512302577495575,141,0.05911871790885925,141,0.0
7037,37,70,0.375,-0.6149999999999998,141,-0.5115240812301636,141,0.04959612339735031,141,0.0
7038,38,70,0.345,-0.6149999999999998,141,-0.511242151260376,141,0.043518371880054474,141,0.0
7039,39,70,0.31499999999999995,-0.6149999999999998,141,-0.5109102725982666,141,0.04295704886317253,141,0.0
7040,40,70,0.28500000000000014,-0.6149999999999998,141,-0.5102645754814148,141,0.05218548700213432,141,0.0
7041,41,70,0.2550000000000001,-0.6149999999999998,141,-0.5095238089561462,141,0.06962265819311142,141,0.0
7042,42,70,0.2250000000000001,-0.6149999999999998,141,-0.5084266662597656,141,0.20851662755012512,141,0.0
7043,43,70,0.19500000000000006,-0.6149999999999998,141,-0.5062061548233032,141,0.39235275983810425,141,0.0
7044,44,70,0.16500000000000004,-0.6149999999999998,140,-0.5033761560916901,141,0.5108837485313416,141,0.0
7045,45,70,0.135,-0.6149999999999998,140,-0.49986647069454193,141,0.5367680788040161,141,0.0
7046,46,70,0.10499999999999998,-0.6149999999999998,140,-0.49860264360904694,141,0.5130469799041748,141,0.0
7047,47,70,0.07499999999999996,-0.6149999999999998,140,-0.49673718214035034,141,0.49915215373039246,141,0.0
7048,48,70,0.04500000000000015,-0.6149999999999998,140,-0.4944203346967697,141,0.4832068979740143,141,0.0
7049,49,70,0.015000000000000124,-0.6149999999999998,140,-0.49317386746406555,141,0.4829014241695404,141,0.0
7050,50,70,-0.014999999999999902,-0.6149999999999998,141,-0.49228182435035706,141,0.46136727929115295,141,0.0
7051,51,70,-0.04499999999999993,-0.6149999999999998,141,-0.4928215742111206,141,0.4328995943069458,141,0.0
7052,52,70,-0.07499999999999996,-0.6149999999999998,141,-0.49335578083992004,141,0.38806962966918945,141,0.0
7053,53,70,-0.10499999999999998,-0.6149999999999998,141,-0.4939711391925812,141,0.3522808253765106,141,0.0
7054,54,70,-0.135,-0.6149999999999998,141,-0.4964498281478882,141,0.30454474687576294,141,0.0
7055,55,70,-0.16500000000000004,-0.6149999999999998,141,-0.4975410997867584,141,0.3521278500556946,141,0.0
7056,56,70,-0.19499999999999984,-0.6149999999999998,141,-0.5059265494346619,141,0.37455055117607117,141,0.0
7057,57,70,-0.22499999999999987,-0.6149999999999998,141,-0.5107789635658264,141,0.2357129454612732,141,0.0
7058,58,70,-0.2549999999999999,-0.6149999999999998,141,-0.5119287967681885,141,0.07133085280656815,141,0.0
7059,59,70,-0.2849999999999999,-0.6149999999999998,141,-0.512012779712677,141,0.05736026167869568,141,0.0
7060,60,70,-0.31499999999999995,-0.6149999999999998,141,-0.5111899971961975,141,0.05443406105041504,141,0.0
7061,61,70,-0.345,-0.6149999999999998,141,-0.510095477104187,141,0.046888358891010284,141,0.0
7062,62,70,-0.375,-0.6149999999999998,141,-0.5098794102668762,141,0.04183651879429817,141,0.0
7063,63,70,-0.405,-0.6149999999999998,141,-0.5098794102668762,141,0.0375598669052124,141,0.0
7064,64,70,-0.43499999999999983,-0.6149999999999998,141,-0.5098794102668762,141,0.03516077995300293,141,0.0
7065,65,70,-0.46499999999999986,-0.6149999999999998,141,-0.5098794102668762,141,0.03516077995300293,141,0.0
7066,66,70,-0.4949999999999999,-0.6149999999999998,141,-0.5098794102668762,141,0.03310692310333252,141,0.0
7067,67,70,-0.5249999999999999,-0.6149999999999998,141,-0.509939968585968,141,0.033198509365320206,141,0.0
7068,68,70,-0.5549999999999997,-0.6149999999999998,141,-0.5107439756393433,141,0.030586473643779755,141,0.0
7069,69,70,-0.585,-0.6149999999999998,141,-0.5112392902374268,141,0.03163076564669609,141,0.0
7070,70,70,-0.6149999999999998,-0.6149999999999998,141,-0.5125412940979004,141,0.06524324417114258,141,0.0
7071,71,70,-0.645,-0.6149999999999998,141,-0.5155993700027466,141,0.0591813288629055,141,0.0
7072,72,70,-0.6749999999999998,-0.6149999999999998,141,-0.5167616009712219,141,0.02867182157933712,141,0.0
7073,73,70,-0.7050000000000001,-0.6149999999999998,141,-0.5174421668052673,141,0.025209784507751465,141,0.0
7074,74,70,-0.7349999999999999,-0.6149999999999998,141,-0.5177323222160339,141,0.016620755195617676,141,0.0
7075,75,70,-0.7650000000000001,-0.6149999999999998,141,-0.5180796980857849,141,0.010695059783756733,141,0.0
7076,76,70,-0.7949999999999999,-0.6149999999999998,141,-0.5175694823265076,141,0.016241272911429405,141,0.0
7077,77,70,-0.8249999999999997,-0.6149999999999998,141,-0.5167616009712219,141,0.02639293670654297,141,0.0
7078,78,70,-0.855,-0.6149999999999998,141,-0.5158272981643677,141,0.033538538962602615,141,0.0
7079,79,70,-0.8849999999999998,-0.6149999999999998,141,-0.5146602988243103,141,0.02789994142949581,141,0.0
7080,80,70,-0.915,-0.6149999999999998,141,-0.5135874152183533,141,0.028122464194893837,141,0.0
7081,81,70,-0.9449999999999998,-0.6149999999999998,141,-0.5122689008712769,141,0.026612481102347374,141,0.0
7082,82,70,-0.9750000000000001,-0.6149999999999998,141,-0.5113799571990967,141,0.015617410652339458,141,0.0
7083,83,70,-1.005,-0.6149999999999998,141,-0.5105676054954529,141,0.014192859642207623,141,0.0
7084,84,70,-1.0349999999999997,-0.6149999999999998,141,-0.5098733305931091,141,0.015511115081608295,141,0.0
7085,85,70,-1.065,-0.6149999999999998,141,-0.5087262392044067,141,0.0005652506952174008,141,0.0
7086,86,70,-1.0949999999999998,-0.6149999999999998,141,-0.5084502696990967,141,0.0,141,0.0
7087,87,70,-1.125,-0.6149999999999998,103,-0.508150041103363,141,0.0,141,0.0
7088,88,70,-1.1549999999999998,-0.6149999999999998,0,nan,141,0.0,141,0.02199999988079071
7089,89,70,-1.185,-0.6149999999999998,0,nan,141,0.0,141,0.02199999988079071
7090,90,70,-1.2149999999999999,-0.6149999999999998,0,nan,141,0.0,141,0.02199999988079071
7091,91,70,-1.245,-0.6149999999999998,0,nan,141,0.0,141,0.02199999988079071
7092,92,70,-1.275,-0.6149999999999998,0,nan,141,0.0,141,0.02199999988079071
7093,93,70,-1.3049999999999997,-0.6149999999999998,0,nan,141,0.0,141,0.02199999988079071
7094,94,70,-1.335,-0.6149999999999998,0,nan,141,0.0,141,0.02199999988079071
7095,95,70,-1.3649999999999998,-0.6149999999999998,0,nan,141,0.0,141,0.02199999988079071
7096,96,70,-1.395,-0.6149999999999998,0,nan,141,0.0,141,0.02199999988079071
7097,97,70,-1.4249999999999998,-0.6149999999999998,0,nan,141,0.0,141,0.0
7098,98,70,-1.455,-0.6149999999999998,0,nan,141,0.0,141,0.0
7099,99,70,-1.4849999999999999,-0.6149999999999998,0,nan,141,0.0,141,0.0
7100,0,71,1.485,-0.645,0,nan,141,0.0,141,0.0
7101,1,71,1.455,-0.645,0,nan,141,0.0,141,0.0
7102,2,71,1.425,-0.645,0,nan,141,0.0,141,0.0
7103,3,71,1.395,-0.645,0,nan,141,0.0,141,0.02199999988079071
7104,4,71,1.365,-0.645,0,nan,141,0.0,141,0.02199999988079071
7105,5,71,1.335,-0.645,0,nan,141,0.0,141,0.02199999988079071
7106,6,71,1.305,-0.645,0,nan,141,0.0,141,0.02199999988079071
7107,7,71,1.275,-0.645,0,nan,141,0.0,141,0.02199999988079071
7108,8,71,1.245,-0.645,0,nan,141,0.0,141,0.02199999988079071
7109,9,71,1.215,-0.645,0,nan,141,0.0,141,0.02199999988079071
7110,10,71,1.185,-0.645,139,-0.7977592945098877,141,0.0,141,0.0
7111,11,71,1.155,-0.645,140,-0.7977239191532135,141,0.0,141,0.0
7112,12,71,1.125,-0.645,140,-0.7977239191532135,141,0.0,141,0.0
7113,13,71,1.095,-0.645,140,-0.7977239191532135,141,0.19963794946670532,141,0.0
7114,14,71,1.065,-0.645,140,-0.7853085100650787,141,0.37169408798217773,141,0.0
7115,15,71,1.0350000000000001,-0.645,133,-0.7746284604072571,141,0.45914947986602783,141,0.0
7116,16,71,1.005,-0.645,128,-0.7625187635421753,141,0.5526126027107239,141,0.0
7117,17,71,0.975,-0.645,128,-0.7513885200023651,141,0.6902375817298889,141,0.0
7118,18,71,0.9450000000000001,-0.645,136,-0.7296431660652161,141,0.6894730925559998,141,0.0
7119,19,71,0.915,-0.645,141,-0.7071797847747803,141,0.5610893368721008,141,0.0
7120,20,71,0.885,-0.645,141,-0.7041014432907104,141,0.4095514714717865,141,0.0
7121,21,71,0.855,-0.645,141,-0.6838770508766174,141,0.8242349028587341,141,0.0
7122,22,71,0.8250000000000001,-0.645,141,-0.6450947523117065,141,0.77628493309021,141,0.0
7123,23,71,0.795,-0.645,141,-0.6158111095428467,141,0.2209693193435669,141,0.0
7124,24,71,0.765,-0.645,141,-0.5225130319595337,141,0.10538002103567123,141,0.0
7125,25,71,0.735,-0.645,141,-0.5214933156967163,141,0.006796179339289665,141,0.0
7126,26,71,0.7050000000000001,-0.645,141,-0.5205835700035095,141,0.0,141,0.0
7127,27,71,0.675,-0.645,141,-0.5205835700035095,141,0.004869699478149414,141,0.0
7128,28,71,0.645,-0.645,141,-0.5205392241477966,141,0.02531210519373417,141,0.0
7129,29,71,0.615,-0.645,141,-0.5204786658287048,141,0.05645419657230377,141,0.0
7130,30,71,0.5850000000000001,-0.645,141,-0.5204786658287048,141,0.040539104491472244,141,0.0
7131,31,71,0.555,-0.645,141,-0.5204786658287048,141,0.061332184821367264,141,0.0
7132,32,71,0.525,-0.645,141,-0.5200400352478027,141,0.09465983510017395,141,0.0
7133,33,71,0.4950000000000001,-0.645,140,-0.5186086893081665,141,0.10165585577487946,141,0.0
7134,34,71,0.4650000000000001,-0.645,141,-0.5167739987373352,141,0.10835094749927521,141,0.0
7135,35,71,0.43500000000000005,-0.645,141,-0.515242874622345,141,0.12666504085063934,141,0.0
7136,36,71,0.405,-0.645,141,-0.5137432217597961,141,0.0859919935464859,141,0.0
7137,37,71,0.375,-0.645,141,-0.5128289461135864,141,0.05733569338917732,141,0.0
7138,38,71,0.345,-0.645,141,-0.512414813041687,141,0.05021263659000397,141,0.0
7139,39,71,0.31499999999999995,-0.645,141,-0.5117823481559753,141,0.0431746244430542,141,0.0
7140,40,71,0.28500000000000014,-0.645,141,-0.5114641189575195,141,0.04537900164723396,141,0.0
7141,41,71,0.2550000000000001,-0.645,141,-0.511043906211853,141,0.05336128547787666,141,0.0
7142,42,71,0.2250000000000001,-0.645,141,-0.5098182559013367,141,0.07401619106531143,141,0.0
7143,43,71,0.19500000000000006,-0.645,141,-0.5087252259254456,141,0.10344191640615463,141,0.0
7144,44,71,0.16500000000000004,-0.645,141,-0.5074520707130432,141,0.1408696174621582,141,0.0
7145,45,71,0.135,-0.645,141,-0.5064530968666077,141,0.1666608303785324,141,0.0
7146,46,71,0.10499999999999998,-0.645,141,-0.5056440234184265,141,0.17605407536029816,141,0.0
7147,47,71,0.07499999999999996,-0.645,141,-0.5049801468849182,141,0.18248657882213593,141,0.0
7148,48,71,0.04500000000000015,-0.645,141,-0.5027098655700684,141,0.2060389518737793,141,0.0
7149,49,71,0.015000000000000124,-0.645,141,-0.5021815896034241,141,0.23781894147396088,141,0.0
7150,50,71,-0.014999999999999902,-0.645,141,-0.5018054842948914,141,0.2476533204317093,141,0.0
7151,51,71,-0.04499999999999993,-0.645,141,-0.5018054842948914,141,0.25291740894317627,141,0.0
7152,52,71,-0.07499999999999996,-0.645,141,-0.5021815896034241,141,0.24036119878292084,141,0.0
7153,53,71,-0.10499999999999998,-0.645,141,-0.502841055393219,141,0.25291740894317627,141,0.0
7154,54,71,-0.135,-0.645,141,-0.5052238702774048,141,0.2721101939678192,141,0.0
7155,55,71,-0.16500000000000004,-0.645,141,-0.5090422034263611,141,0.2564077377319336,141,0.0
7156,56,71,-0.19499999999999984,-0.645,141,-0.5120495557785034,141,0.21565252542495728,141,0.0
7157,57,71,-0.22499999999999987,-0.645,141,-0.5127239227294922,141,0.08209395408630371,141,0.0
7158,58,71,-0.2549999999999999,-0.645,141,-0.5131685137748718,141,0.04811307042837143,141,0.0
7159,59,71,-0.2849999999999999,-0.645,141,-0.5126547813415527,141,0.03902154043316841,141,0.0
7160,60,71,-0.31499999999999995,-0.645,141,-0.5119500160217285,141,0.03775457665324211,141,0.0
7161,61,71,-0.345,-0.645,141,-0.5113910436630249,141,0.03616611286997795,141,0.0
7162,62,71,-0.375,-0.645,141,-0.5111173987388611,141,0.031533971428871155,141,0.0
7163,63,71,-0.405,-0.645,141,-0.5109650492668152,141,0.027557214722037315,141,0.0
7164,64,71,-0.43499999999999983,-0.645,141,-0.5109650492668152,141,0.023280581459403038,141,0.0
7165,65,71,-0.46499999999999986,-0.645,141,-0.5109650492668152,141,0.023227930068969727,141,0.0
7166,66,71,-0.4949999999999999,-0.645,141,-0.5109650492668152,141,0.023227930068969727,141,0.0
7167,67,71,-0.5249999999999999,-0.645,141,-0.5109667778015137,141,0.02295837178826332,141,0.0
7168,68,71,-0.5549999999999997,-0.645,141,-0.511198878288269,141,0.02129795029759407,141,0.0
7169,69,71,-0.585,-0.645,141,-0.5115569829940796,141,0.025761127471923828,141,0.0
7170,70,71,-0.6149999999999998,-0.645,141,-0.5125993490219116,141,0.0641355887055397,141,0.0
7171,71,71,-0.645,-0.645,141,-0.5155993700027466,141,0.058202940970659256,141,0.0
7172,72,71,-0.6749999999999998,-0.645,141,-0.5167616009712219,141,0.028634071350097656,141,0.0
7173,73,71,-0.7050000000000001,-0.645,141,-0.5174421668052673,141,0.025209784507751465,141,0.0
7174,74,71,-0.7349999999999999,-0.645,141,-0.5177323222160339,141,0.016564130783081055,141,0.0
7175,75,71,-0.7650000000000001,-0.645,141,-0.5180796980857849,141,0.009800990112125874,141,0.0
7176,76,71,-0.7949999999999999,-0.645,141,-0.5175694823265076,141,0.014378626830875874,141,0.0
7177,77,71,-0.8249999999999997,-0.645,141,-0.5168280005455017,141,0.02501150779426098,141,0.0
7178,78,71,-0.855,-0.645,141,-0.5160640478134155,141,0.03540019318461418,141,0.0
7179,79,71,-0.8849999999999998,-0.645,141,-0.5146602988243103,141,0.0342537946999073,141,0.0
7180,80,71,-0.915,-0.645,141,-0.5138077139854431,141,0.029868880286812782,141,0.0
7181,81,71,-0.9449999999999998,-0.645,141,-0.5123945474624634,141,0.026612481102347374,141,0.0
7182,82,71,-0.9750000000000001,-0.645,141,-0.5114388465881348,141,0.016182661056518555,141,0.0
7183,83,71,-1.005,-0.645,141,-0.5106101036071777,141,0.014192859642207623,141,0.0
7184,84,71,-1.0349999999999997,-0.645,141,-0.5098752379417419,141,0.01564919948577881,141,0.0
7185,85,71,-1.065,-0.645,141,-0.5087565183639526,141,0.0014312367420643568,141,0.0
7186,86,71,-1.0949999999999998,-0.645,141,-0.5085127949714661,141,0.0,141,0.0
7187,87,71,-1.125,-0.645,137,-0.5086850523948669,141,0.0,141,0.0
7188,88,71,-1.1549999999999998,-0.645,27,-0.5075775384902954,141,0.0,141,0.02199999988079071
7189,89,71,-1.185,-0.645,0,nan,141,0.0,141,0.02199999988079071
7190,90,71,-1.2149999999999999,-0.645,0,nan,141,0.0,141,0.02199999988079071
7191,91,71,-1.245,-0.645,0,nan,141,0.0,141,0.02199999988079071
7192,92,71,-1.275,-0.645,0,nan,141,0.0,141,0.02199999988079071
7193,93,71,-1.3049999999999997,-0.645,0,nan,141,0.0,141,0.02199999988079071
7194,94,71,-1.335,-0.645,0,nan,141,0.0,141,0.02199999988079071
7195,95,71,-1.3649999999999998,-0.645,0,nan,141,0.0,141,0.02199999988079071
7196,96,71,-1.395,-0.645,0,nan,141,0.0,141,0.02199999988079071
7197,97,71,-1.4249999999999998,-0.645,0,nan,141,0.0,141,0.0
7198,98,71,-1.455,-0.645,0,nan,141,0.0,141,0.0
7199,99,71,-1.4849999999999999,-0.645,0,nan,141,0.0,141,0.0
7200,0,72,1.485,-0.6749999999999998,0,nan,141,0.0,141,0.0
7201,1,72,1.455,-0.6749999999999998,0,nan,141,0.0,141,0.0
7202,2,72,1.425,-0.6749999999999998,0,nan,141,0.0,141,0.0
7203,3,72,1.395,-0.6749999999999998,0,nan,141,0.0,141,0.02199999988079071
7204,4,72,1.365,-0.6749999999999998,0,nan,141,0.0,141,0.02199999988079071
7205,5,72,1.335,-0.6749999999999998,0,nan,141,0.0,141,0.02199999988079071
7206,6,72,1.305,-0.6749999999999998,0,nan,141,0.0,141,0.02199999988079071
7207,7,72,1.275,-0.6749999999999998,0,nan,141,0.0,141,0.02199999988079071
7208,8,72,1.245,-0.6749999999999998,0,nan,141,0.0,141,0.02199999988079071
7209,9,72,1.215,-0.6749999999999998,0,nan,141,0.0,141,0.02199999988079071
7210,10,72,1.185,-0.6749999999999998,135,-0.7968053221702576,141,0.0,141,0.0
7211,11,72,1.155,-0.6749999999999998,139,-0.7967212796211243,141,0.0,141,0.0
7212,12,72,1.125,-0.6749999999999998,140,-0.7967633008956909,141,0.0,141,0.0
7213,13,72,1.095,-0.6749999999999998,136,-0.7967633008956909,141,0.29717814922332764,141,0.0
7214,14,72,1.065,-0.6749999999999998,133,-0.7838076949119568,141,0.5845513343811035,141,0.0
7215,15,72,1.0350000000000001,-0.6749999999999998,118,-0.7731947600841522,141,0.5747641921043396,141,0.0
7216,16,72,1.005,-0.6749999999999998,130,-0.753929853439331,141,0.7755597233772278,141,0.02199999988079071
7217,17,72,0.975,-0.6749999999999998,138,-0.721485823392868,141,0.8566117882728577,141,0.10000000149011612
7218,18,72,0.9450000000000001,-0.6749999999999998,141,-0.7082016468048096,141,0.697317361831665,141,0.0
7219,19,72,0.915,-0.6749999999999998,141,-0.7051946520805359,141,0.2633730471134186,141,0.0
7220,20,72,0.885,-0.6749999999999998,141,-0.7026821374893188,141,0.37968602776527405,141,0.0
7221,21,72,0.855,-0.6749999999999998,141,-0.6804288625717163,141,0.9347687363624573,141,0.10000000149011612
7222,22,72,0.8250000000000001,-0.6749999999999998,141,-0.636821985244751,141,0.8707801699638367,141,0.10000000149011612
7223,23,72,0.795,-0.6749999999999998,141,-0.5924092531204224,141,0.3282841444015503,141,0.0
7224,24,72,0.765,-0.6749999999999998,141,-0.5229079127311707,141,0.1082589253783226,141,0.0
7225,25,72,0.735,-0.6749999999999998,141,-0.5219071507453918,141,0.029720863327383995,141,0.0
7226,26,72,0.7050000000000001,-0.6749999999999998,141,-0.5214933156967163,141,0.07698370516300201,141,0.0
7227,27,72,0.675,-0.6749999999999998,141,-0.5216323137283325,141,0.07886091619729996,141,0.0
7228,28,72,0.645,-0.6749999999999998,141,-0.5216323137283325,141,0.11359850317239761,141,0.0
7229,29,72,0.615,-0.6749999999999998,141,-0.5229079127311707,141,0.11359850317239761,141,0.0
7230,30,72,0.5850000000000001,-0.6749999999999998,141,-0.5230247974395752,141,0.07886091619729996,141,0.0
7231,31,72,0.555,-0.6749999999999998,141,-0.5230247974395752,141,0.1876019388437271,141,0.0
7232,32,72,0.525,-0.6749999999999998,141,-0.5230247974395752,141,0.27329233288764954,141,0.0
7233,33,72,0.4950000000000001,-0.6749999999999998,141,-0.5210816860198975,141,0.316582590341568,141,0.0
7234,34,72,0.4650000000000001,-0.6749999999999998,141,-0.5199785232543945,141,0.2759965658187866,141,0.0
7235,35,72,0.43500000000000005,-0.6749999999999998,141,-0.5187509059906006,141,0.13464747369289398,141,0.0
7236,36,72,0.405,-0.6749999999999998,141,-0.5164565443992615,141,0.10707447677850723,141,0.0
7237,37,72,0.375,-0.6749999999999998,141,-0.514624834060669,141,0.07991638779640198,141,0.0
7238,38,72,0.345,-0.6749999999999998,141,-0.5136625170707703,141,0.07009804248809814,141,0.0
7239,39,72,0.31499999999999995,-0.6749999999999998,141,-0.5128294229507446,141,0.05536874011158943,141,0.0
7240,40,72,0.28500000000000014,-0.6749999999999998,141,-0.5123031735420227,141,0.04734578728675842,141,0.0
7241,41,72,0.2550000000000001,-0.6749999999999998,141,-0.5116927623748779,141,0.04912860691547394,141,0.0
7242,42,72,0.2250000000000001,-0.6749999999999998,141,-0.5112602710723877,141,0.05490710958838463,141,0.0
7243,43,72,0.19500000000000006,-0.6749999999999998,141,-0.5107816457748413,141,0.05917659401893616,141,0.0
7244,44,72,0.16500000000000004,-0.6749999999999998,141,-0.5099546909332275,141,0.07219639420509338,141,0.0
7245,45,72,0.135,-0.6749999999999998,141,-0.508663535118103,141,0.08425215631723404,141,0.0
7246,46,72,0.10499999999999998,-0.6749999999999998,141,-0.5082283020019531,141,0.09938884526491165,141,0.0
7247,47,72,0.07499999999999996,-0.6749999999999998,141,-0.5075119733810425,141,0.11265592277050018,141,0.0
7248,48,72,0.04500000000000015,-0.6749999999999998,141,-0.5074236392974854,141,0.13877905905246735,141,0.0
7249,49,72,0.015000000000000124,-0.6749999999999998,141,-0.5072755813598633,141,0.1508166342973709,141,0.0
7250,50,72,-0.014999999999999902,-0.6749999999999998,141,-0.5072755813598633,141,0.1508166342973709,141,0.0
7251,51,72,-0.04499999999999993,-0.6749999999999998,141,-0.5073166489601135,141,0.16501228511333466,141,0.0
7252,52,72,-0.07499999999999996,-0.6749999999999998,141,-0.507660448551178,141,0.180307999253273,141,0.0
7253,53,72,-0.10499999999999998,-0.6749999999999998,141,-0.5102410316467285,141,0.19065439701080322,141,0.0
7254,54,72,-0.135,-0.6749999999999998,141,-0.5128495097160339,141,0.1728583127260208,141,0.0
7255,55,72,-0.16500000000000004,-0.6749999999999998,141,-0.5133374929428101,141,0.11583913117647171,141,0.0
7256,56,72,-0.19499999999999984,-0.6749999999999998,141,-0.5137867331504822,141,0.07893934100866318,141,0.0
7257,57,72,-0.22499999999999987,-0.6749999999999998,141,-0.5139744281768799,141,0.0397052988409996,141,0.0
7258,58,72,-0.2549999999999999,-0.6749999999999998,141,-0.5137526988983154,141,0.02723032422363758,141,0.0
7259,59,72,-0.2849999999999999,-0.6749999999999998,141,-0.5133239030838013,141,0.02590665966272354,141,0.0
7260,60,72,-0.31499999999999995,-0.6749999999999998,141,-0.5124272704124451,141,0.02519795671105385,141,0.0
7261,61,72,-0.345,-0.6749999999999998,141,-0.5119754672050476,141,0.023160044103860855,141,0.0
7262,62,72,-0.375,-0.6749999999999998,141,-0.5118081569671631,141,0.020356573164463043,141,0.0
7263,63,72,-0.405,-0.6749999999999998,141,-0.511603593826294,141,0.019598007202148438,141,0.0
7264,64,72,-0.43499999999999983,-0.6749999999999998,141,-0.5115635991096497,141,0.018702944740653038,141,0.0
7265,65,72,-0.46499999999999986,-0.6749999999999998,141,-0.5115678906440735,141,0.01862943172454834,141,0.0
7266,66,72,-0.4949999999999999,-0.6749999999999998,141,-0.5115635991096497,141,0.018905600532889366,141,0.0
7267,67,72,-0.5249999999999999,-0.6749999999999998,141,-0.511603593826294,141,0.02047121524810791,141,0.0
7268,68,72,-0.5549999999999997,-0.6749999999999998,141,-0.5117481350898743,141,0.01895352639257908,141,0.0
7269,69,72,-0.585,-0.6749999999999998,141,-0.5119791626930237,141,0.025099562481045723,141,0.0
7270,70,72,-0.6149999999999998,-0.6749999999999998,141,-0.5128974318504333,141,0.0590006560087204,141,0.0
7271,71,72,-0.645,-0.6749999999999998,141,-0.5155993700027466,141,0.05634923651814461,141,0.0
7272,72,72,-0.6749999999999998,-0.6749999999999998,141,-0.5167616009712219,141,0.034499168395996094,141,0.0
7273,73,72,-0.7050000000000001,-0.6749999999999998,141,-0.5174421668052673,141,0.025209784507751465,141,0.0
7274,74,72,-0.7349999999999999,-0.6749999999999998,141,-0.5177323222160339,141,0.016620755195617676,141,0.0
7275,75,72,-0.7650000000000001,-0.6749999999999998,141,-0.5180936455726624,141,0.010695059783756733,141,0.0
7276,76,72,-0.7949999999999999,-0.6749999999999998,141,-0.5177528262138367,141,0.014131267555058002,141,0.0
7277,77,72,-0.8249999999999997,-0.6749999999999998,141,-0.5170031189918518,141,0.026541948318481445,141,0.0
7278,78,72,-0.855,-0.6749999999999998,141,-0.5161684155464172,141,0.03540019318461418,141,0.0
7279,79,72,-0.8849999999999998,-0.6749999999999998,141,-0.5148942470550537,141,0.0475664921104908,141,0.0
7280,80,72,-0.915,-0.6749999999999998,141,-0.5138077139854431,141,0.03986319527029991,141,0.0
7281,81,72,-0.9449999999999998,-0.6749999999999998,141,-0.5123945474624634,141,0.029625805094838142,141,0.0
7282,82,72,-0.9750000000000001,-0.6749999999999998,141,-0.5114388465881348,141,0.018225112929940224,141,0.0
7283,83,72,-1.005,-0.6749999999999998,141,-0.5106101036071777,141,0.016604231670498848,141,0.0
7284,84,72,-1.0349999999999997,-0.6749999999999998,141,-0.5098752379417419,141,0.018674135208129883,141,0.0
7285,85,72,-1.065,-0.6749999999999998,141,-0.5087565183639526,141,0.0017801920184865594,141,0.0
7286,86,72,-1.0949999999999998,-0.6749999999999998,141,-0.5084502696990967,141,0.0,141,0.0
7287,87,72,-1.125,-0.6749999999999998,141,-0.5084502696990967,141,0.0,141,0.0
7288,88,72,-1.1549999999999998,-0.6749999999999998,111,-0.508242130279541,141,0.0,141,0.0
7289,89,72,-1.185,-0.6749999999999998,0,nan,141,0.0,141,0.02199999988079071
7290,90,72,-1.2149999999999999,-0.6749999999999998,0,nan,141,0.0,141,0.02199999988079071
7291,91,72,-1.245,-0.6749999999999998,0,nan,141,0.0,141,0.02199999988079071
7292,92,72,-1.275,-0.6749999999999998,0,nan,141,0.0,141,0.02199999988079071
7293,93,72,-1.3049999999999997,-0.6749999999999998,0,nan,141,0.0,141,0.02199999988079071
7294,94,72,-1.335,-0.6749999999999998,0,nan,141,0.0,141,0.02199999988079071
7295,95,72,-1.3649999999999998,-0.6749999999999998,0,nan,141,0.0,141,0.02199999988079071
7296,96,72,-1.395,-0.6749999999999998,0,nan,141,0.0,141,0.02199999988079071
7297,97,72,-1.4249999999999998,-0.6749999999999998,0,nan,141,0.0,141,0.0
7298,98,72,-1.455,-0.6749999999999998,0,nan,141,0.0,141,0.0
7299,99,72,-1.4849999999999999,-0.6749999999999998,0,nan,141,0.0,141,0.0
7300,0,73,1.485,-0.7050000000000001,0,nan,141,0.0,141,0.0
7301,1,73,1.455,-0.7050000000000001,0,nan,141,0.0,141,0.0
7302,2,73,1.425,-0.7050000000000001,0,nan,141,0.0,141,0.0
7303,3,73,1.395,-0.7050000000000001,0,nan,141,0.0,141,0.02199999988079071
7304,4,73,1.365,-0.7050000000000001,0,nan,141,0.0,141,0.02199999988079071
7305,5,73,1.335,-0.7050000000000001,0,nan,141,0.0,141,0.02199999988079071
7306,6,73,1.305,-0.7050000000000001,0,nan,141,0.0,141,0.02199999988079071
7307,7,73,1.275,-0.7050000000000001,0,nan,141,0.0,141,0.02199999988079071
7308,8,73,1.245,-0.7050000000000001,0,nan,141,0.0,141,0.02199999988079071
7309,9,73,1.215,-0.7050000000000001,0,nan,141,0.0,141,0.02199999988079071
7310,10,73,1.185,-0.7050000000000001,132,-0.7946681082248688,141,0.0,141,0.0
7311,11,73,1.155,-0.7050000000000001,131,-0.7945964932441711,141,0.0,141,0.0
7312,12,73,1.125,-0.7050000000000001,129,-0.7942964434623718,141,0.0,141,0.0
7313,13,73,1.095,-0.7050000000000001,119,-0.7946380972862244,141,0.2752324044704437,141,0.0
7314,14,73,1.065,-0.7050000000000001,128,-0.7772775888442993,141,0.7114744186401367,141,0.0
7315,15,73,1.0350000000000001,-0.7050000000000001,134,-0.7534197568893433,141,0.6989273428916931,141,0.0
7316,16,73,1.005,-0.7050000000000001,141,-0.7211452126502991,141,0.7126529216766357,141,0.0
7317,17,73,0.975,-0.7050000000000001,141,-0.712442934513092,141,0.5777180194854736,141,0.0
7318,18,73,0.9450000000000001,-0.7050000000000001,141,-0.7029067277908325,141,0.2682204246520996,141,0.0
7319,19,73,0.915,-0.7050000000000001,141,-0.7000534534454346,141,0.030623817816376686,141,0.0
7320,20,73,0.885,-0.7050000000000001,141,-0.6902946829795837,141,0.23429393768310547,141,0.0
7321,21,73,0.855,-0.7050000000000001,141,-0.6477023959159851,141,0.6349663138389587,141,0.0
7322,22,73,0.8250000000000001,-0.7050000000000001,141,-0.5241982936859131,141,0.6349663138389587,141,0.0
7323,23,73,0.795,-0.7050000000000001,141,-0.5232630968093872,141,0.22003750503063202,141,0.0
7324,24,73,0.765,-0.7050000000000001,141,-0.5226995348930359,141,0.058392204344272614,141,0.0
7325,25,73,0.735,-0.7050000000000001,141,-0.5229079127311707,141,0.018665194511413574,141,0.0
7326,26,73,0.7050000000000001,-0.7050000000000001,141,-0.5227171182632446,141,0.0037888686638325453,141,0.0
7327,27,73,0.675,-0.7050000000000001,141,-0.5481480956077576,141,0.011223554611206055,141,0.0
7328,28,73,0.645,-0.7050000000000001,141,-0.5581367611885071,141,0.018665194511413574,141,0.0
7329,29,73,0.615,-0.7050000000000001,141,-0.5544508099555969,141,0.04896223545074463,141,0.0
7330,30,73,0.5850000000000001,-0.7050000000000001,141,-0.5544508099555969,141,0.04896223545074463,141,0.0
7331,31,73,0.555,-0.7050000000000001,141,-0.5544508099555969,141,0.05739331245422363,141,0.0
7332,32,73,0.525,-0.7050000000000001,141,-0.5511667728424072,141,0.07886091619729996,141,0.0
7333,33,73,0.4950000000000001,-0.7050000000000001,141,-0.5435394644737244,141,0.07637143135070801,141,0.0
7334,34,73,0.4650000000000001,-0.7050000000000001,141,-0.5219992995262146,141,0.07726958394050598,141,0.0
7335,35,73,0.43500000000000005,-0.7050000000000001,141,-0.5205392241477966,141,0.08916457742452621,141,0.0
7336,36,73,0.405,-0.7050000000000001,141,-0.519351601600647,141,0.07168633490800858,141,0.0
7337,37,73,0.375,-0.7050000000000001,141,-0.5187509059906006,141,0.050769250839948654,141,0.0
7338,38,73,0.345,-0.7050000000000001,141,-0.5178937315940857,141,0.05536874011158943,141,0.0
7339,39,73,0.31499999999999995,-0.7050000000000001,141,-0.5142434239387512,141,0.04478222504258156,141,0.0
7340,40,73,0.28500000000000014,-0.7050000000000001,141,-0.5135818123817444,141,0.02685798890888691,141,0.0
7341,41,73,0.2550000000000001,-0.7050000000000001,141,-0.5128294229507446,141,0.02371181733906269,141,0.0
7342,42,73,0.2250000000000001,-0.7050000000000001,141,-0.5123010873794556,141,0.027379393577575684,141,0.0
7343,43,73,0.19500000000000006,-0.7050000000000001,141,-0.5119162201881409,141,0.03223733603954315,141,0.0
7344,44,73,0.16500000000000004,-0.7050000000000001,141,-0.5114085078239441,141,0.038556259125471115,141,0.0
7345,45,73,0.135,-0.7050000000000001,141,-0.511216938495636,141,0.036653876304626465,141,0.0
7346,46,73,0.10499999999999998,-0.7050000000000001,141,-0.5111910104751587,141,0.03861188888549805,141,0.0
7347,47,73,0.07499999999999996,-0.7050000000000001,141,-0.511210560798645,141,0.0383954718708992,141,0.0
7348,48,73,0.04500000000000015,-0.7050000000000001,141,-0.5113076567649841,141,0.04856685921549797,141,0.0
7349,49,73,0.015000000000000124,-0.7050000000000001,141,-0.5113076567649841,141,0.04856685921549797,141,0.0
7350,50,73,-0.014999999999999902,-0.7050000000000001,141,-0.5113413333892822,141,0.05674954876303673,141,0.0
7351,51,73,-0.04499999999999993,-0.7050000000000001,141,-0.5117182731628418,141,0.07800062745809555,141,0.0
7352,52,73,-0.07499999999999996,-0.7050000000000001,141,-0.5127437710762024,141,0.08176703006029129,141,0.0
7353,53,73,-0.10499999999999998,-0.7050000000000001,141,-0.5135341882705688,141,0.07761837542057037,141,0.0
7354,54,73,-0.135,-0.7050000000000001,141,-0.5142496824264526,141,0.04635273292660713,141,0.0
7355,55,73,-0.16500000000000004,-0.7050000000000001,141,-0.514333188533783,141,0.021394256502389908,141,0.0
7356,56,73,-0.19499999999999984,-0.7050000000000001,141,-0.514333188533783,141,0.020335152745246887,141,0.0
7357,57,73,-0.22499999999999987,-0.7050000000000001,141,-0.514333188533783,141,0.0188088770955801,141,0.0
7358,58,73,-0.2549999999999999,-0.7050000000000001,141,-0.5140417814254761,141,0.016182661056518555,141,0.0
7359,59,73,-0.2849999999999999,-0.7050000000000001,141,-0.5135009288787842,141,0.01571079157292843,141,0.0
7360,60,73,-0.31499999999999995,-0.7050000000000001,141,-0.512938916683197,141,0.013862716034054756,141,0.0
7361,61,73,-0.345,-0.7050000000000001,141,-0.5124462842941284,141,0.01150529831647873,141,0.0
7362,62,73,-0.375,-0.7050000000000001,141,-0.5122441053390503,141,0.009364883415400982,141,0.0
7363,63,73,-0.405,-0.7050000000000001,141,-0.5121009945869446,141,0.007030367851257324,141,0.0
7364,64,73,-0.43499999999999983,-0.7050000000000001,141,-0.5120288729667664,141,0.00421305513009429,141,0.0
7365,65,73,-0.46499999999999986,-0.7050000000000001,141,-0.5120598077774048,141,0.002332528354600072,141,0.0
7366,66,73,-0.4949999999999999,-0.7050000000000001,141,-0.5120746493339539,141,0.004177292343229055,141,0.0
7367,67,73,-0.5249999999999999,-0.7050000000000001,141,-0.5121669173240662,141,0.0056842961348593235,141,0.0
7368,68,73,-0.5549999999999997,-0.7050000000000001,141,-0.5123052000999451,141,0.008434057235717773,141,0.0
7369,69,73,-0.585,-0.7050000000000001,141,-0.512420117855072,141,0.017801757901906967,141,0.0
7370,70,73,-0.6149999999999998,-0.7050000000000001,141,-0.5130492448806763,141,0.05969603732228279,141,0.0
7371,71,73,-0.645,-0.7050000000000001,141,-0.5160641670227051,141,0.057508908212184906,141,0.0
7372,72,73,-0.6749999999999998,-0.7050000000000001,141,-0.5168687701225281,141,0.03272096440196037,141,0.0
7373,73,73,-0.7050000000000001,-0.7050000000000001,141,-0.5175566673278809,141,0.023351112380623817,141,0.0
7374,74,73,-0.7349999999999999,-0.7050000000000001,141,-0.5178936719894409,141,0.01596411131322384,141,0.0
7375,75,73,-0.7650000000000001,-0.7050000000000001,141,-0.5182544589042664,141,0.01042187213897705,141,0.0
7376,76,73,-0.7949999999999999,-0.7050000000000001,141,-0.5178936719894409,141,0.01312295626848936,141,0.0
7377,77,73,-0.8249999999999997,-0.7050000000000001,141,-0.5171860456466675,141,0.02639293670654297,141,0.0
7378,78,73,-0.855,-0.7050000000000001,141,-0.5165108442306519,141,0.020259151235222816,141,0.0
7379,79,73,-0.8849999999999998,-0.7050000000000001,141,-0.5159485340118408,141,0.041917961090803146,141,0.0
7380,80,73,-0.915,-0.7050000000000001,141,-0.5141262412071228,141,0.04385213181376457,141,0.0
7381,81,73,-0.9449999999999998,-0.7050000000000001,141,-0.5126169919967651,141,0.03412365913391113,141,0.0
7382,82,73,-0.9750000000000001,-0.7050000000000001,141,-0.5114388465881348,141,0.019619861617684364,141,0.0
7383,83,73,-1.005,-0.7050000000000001,141,-0.5106101036071777,141,0.018519163131713867,141,0.0
7384,84,73,-1.0349999999999997,-0.7050000000000001,141,-0.5098752379417419,141,0.018733739852905273,141,0.0
7385,85,73,-1.065,-0.7050000000000001,141,-0.5086850523948669,141,0.0010142723331227899,141,0.0
7386,86,73,-1.0949999999999998,-0.7050000000000001,141,-0.508400559425354,141,0.0,141,0.0
7387,87,73,-1.125,-0.7050000000000001,141,-0.508400559425354,141,0.0,141,0.0
7388,88,73,-1.1549999999999998,-0.7050000000000001,141,-0.5084502696990967,141,0.0,141,0.0
7389,89,73,-1.185,-0.7050000000000001,110,-0.5082194805145264,141,0.0,141,0.0
7390,90,73,-1.2149999999999999,-0.7050000000000001,0,nan,141,0.0,141,0.02199999988079071
7391,91,73,-1.245,-0.7050000000000001,0,nan,141,0.0,141,0.02199999988079071
7392,92,73,-1.275,-0.7050000000000001,0,nan,141,0.0,141,0.02199999988079071
7393,93,73,-1.3049999999999997,-0.7050000000000001,0,nan,141,0.0,141,0.02199999988079071
7394,94,73,-1.335,-0.7050000000000001,0,nan,141,0.0,141,0.02199999988079071
7395,95,73,-1.3649999999999998,-0.7050000000000001,0,nan,141,0.0,141,0.02199999988079071
7396,96,73,-1.395,-0.7050000000000001,0,nan,141,0.0,141,0.02199999988079071
7397,97,73,-1.4249999999999998,-0.7050000000000001,0,nan,141,0.0,141,0.0
7398,98,73,-1.455,-0.7050000000000001,0,nan,141,0.0,141,0.0
7399,99,73,-1.4849999999999999,-0.7050000000000001,0,nan,141,0.0,141,0.0
7400,0,74,1.485,-0.7349999999999999,0,nan,141,0.0,141,0.0
7401,1,74,1.455,-0.7349999999999999,0,nan,141,0.0,141,0.0
7402,2,74,1.425,-0.7349999999999999,0,nan,141,0.0,141,0.0
7403,3,74,1.395,-0.7349999999999999,0,nan,141,0.0,141,0.02199999988079071
7404,4,74,1.365,-0.7349999999999999,0,nan,141,0.0,141,0.02199999988079071
7405,5,74,1.335,-0.7349999999999999,0,nan,141,0.0,141,0.02199999988079071
7406,6,74,1.305,-0.7349999999999999,0,nan,141,0.0,141,0.02199999988079071
7407,7,74,1.275,-0.7349999999999999,0,nan,141,0.0,141,0.02199999988079071
7408,8,74,1.245,-0.7349999999999999,0,nan,141,0.0,141,0.02199999988079071
7409,9,74,1.215,-0.7349999999999999,0,nan,141,0.0,141,0.02199999988079071
7410,10,74,1.185,-0.7349999999999999,127,-0.7930780649185181,141,0.0,141,0.0
7411,11,74,1.155,-0.7349999999999999,130,-0.7938444018363953,141,0.0,141,0.0
7412,12,74,1.125,-0.7349999999999999,132,-0.7935997843742371,141,0.0,141,0.0
7413,13,74,1.095,-0.7349999999999999,138,-0.79317706823349,141,0.33847326040267944,141,0.0
7414,14,74,1.065,-0.7349999999999999,141,-0.7760447859764099,141,0.6828546524047852,141,0.0
7415,15,74,1.0350000000000001,-0.7349999999999999,141,-0.7520862221717834,141,0.49309730529785156,141,0.0
7416,16,74,1.005,-0.7349999999999999,141,-0.7211452126502991,141,0.007685025688260794,141,0.0
7417,17,74,0.975,-0.7349999999999999,141,-0.712442934513092,141,0.0,141,0.0
7418,18,74,0.9450000000000001,-0.7349999999999999,141,-0.7029067277908325,141,0.0,141,0.0
7419,19,74,0.915,-0.7349999999999999,141,-0.7000534534454346,141,0.0,141,0.0
7420,20,74,0.885,-0.7349999999999999,141,-0.6902946829795837,141,0.012581546790897846,141,0.0
7421,21,74,0.855,-0.7349999999999999,141,-0.6477023959159851,141,0.2501676380634308,141,0.0
7422,22,74,0.8250000000000001,-0.7349999999999999,141,-0.5241982936859131,141,0.09280244261026382,141,0.0
7423,23,74,0.795,-0.7349999999999999,141,-0.5232630968093872,141,0.03793637081980705,141,0.0
7424,24,74,0.765,-0.7349999999999999,141,-0.5226995348930359,141,0.0,141,0.0
7425,25,74,0.735,-0.7349999999999999,141,-0.5229079127311707,141,0.0,141,0.0
7426,26,74,0.7050000000000001,-0.7349999999999999,141,-0.5227171182632446,141,0.0,141,0.0
7427,27,74,0.675,-0.7349999999999999,141,-0.5481480956077576,141,0.0,141,0.0
7428,28,74,0.645,-0.7349999999999999,141,-0.5581367611885071,141,0.0,141,0.0
7429,29,74,0.615,-0.7349999999999999,141,-0.5544508099555969,141,0.0,141,0.0
7430,30,74,0.5850000000000001,-0.7349999999999999,141,-0.5544508099555969,141,0.0,141,0.0
7431,31,74,0.555,-0.7349999999999999,141,-0.5544508099555969,141,0.0,141,0.0
7432,32,74,0.525,-0.7349999999999999,141,-0.5511667728424072,141,0.033153098076581955,141,0.0
7433,33,74,0.4950000000000001,-0.7349999999999999,141,-0.5435394644737244,141,0.0,141,0.0
7434,34,74,0.4650000000000001,-0.7349999999999999,141,-0.5219992995262146,141,0.02493361569941044,141,0.0
7435,35,74,0.43500000000000005,-0.7349999999999999,141,-0.5205392241477966,141,0.03019273281097412,141,0.0
7436,36,74,0.405,-0.7349999999999999,141,-0.519351601600647,141,0.020297368988394737,141,0.0
7437,37,74,0.375,-0.7349999999999999,141,-0.5187509059906006,141,0.007541974540799856,141,0.0
7438,38,74,0.345,-0.7349999999999999,141,-0.5178937315940857,141,0.023820003494620323,141,0.0
7439,39,74,0.31499999999999995,-0.7349999999999999,141,-0.5142434239387512,141,0.004891554359346628,141,0.0
7440,40,74,0.28500000000000014,-0.7349999999999999,141,-0.5135818123817444,141,0.0,141,0.0
7441,41,74,0.2550000000000001,-0.7349999999999999,141,-0.5128294229507446,141,0.0,141,0.0
7442,42,74,0.2250000000000001,-0.7349999999999999,141,-0.5123010873794556,141,0.0,141,0.0
7443,43,74,0.19500000000000006,-0.7349999999999999,141,-0.5119162201881409,141,0.0,141,0.0
7444,44,74,0.16500000000000004,-0.7349999999999999,141,-0.5114085078239441,141,0.0,141,0.0
7445,45,74,0.135,-0.7349999999999999,141,-0.511216938495636,141,0.0,141,0.0
7446,46,74,0.10499999999999998,-0.7349999999999999,141,-0.5111910104751587,141,0.0,141,0.0
7447,47,74,0.07499999999999996,-0.7349999999999999,141,-0.511210560798645,141,0.0,141,0.0
7448,48,74,0.04500000000000015,-0.7349999999999999,141,-0.5113076567649841,141,0.0,141,0.0
7449,49,74,0.015000000000000124,-0.7349999999999999,141,-0.5113076567649841,141,0.0,141,0.0
7450,50,74,-0.014999999999999902,-0.7349999999999999,141,-0.5113413333892822,141,0.0,141,0.0
7451,51,74,-0.04499999999999993,-0.7349999999999999,141,-0.5117182731628418,141,0.0,141,0.0
7452,52,74,-0.07499999999999996,-0.7349999999999999,141,-0.5127437710762024,141,0.013557076454162598,141,0.0
7453,53,74,-0.10499999999999998,-0.7349999999999999,141,-0.5135341882705688,141,0.014707446098327637,141,0.0
7454,54,74,-0.135,-0.7349999999999999,141,-0.5142496824264526,141,0.0,141,0.0
7455,55,74,-0.16500000000000004,-0.7349999999999999,141,-0.514333188533783,141,0.003982583526521921,141,0.0
7456,56,74,-0.19499999999999984,-0.7349999999999999,141,-0.514333188533783,141,0.006101528648287058,141,0.0
7457,57,74,-0.22499999999999987,-0.7349999999999999,141,-0.514333188533783,141,0.009116530418395996,141,0.0
7458,58,74,-0.2549999999999999,-0.7349999999999999,141,-0.5140417814254761,141,0.013517339713871479,141,0.0
7459,59,74,-0.2849999999999999,-0.7349999999999999,141,-0.5135009288787842,141,0.012791156768798828,141,0.0
7460,60,74,-0.31499999999999995,-0.7349999999999999,141,-0.512938916683197,141,0.0049153962172567844,141,0.0
7461,61,74,-0.345,-0.7349999999999999,141,-0.5124462842941284,141,3.973642833443591e-06,141,0.0
7462,62,74,-0.375,-0.7349999999999999,141,-0.5122441053390503,141,0.0,141,0.0
7463,63,74,-0.405,-0.7349999999999999,141,-0.5121009945869446,141,0.0,141,0.0
7464,64,74,-0.43499999999999983,-0.7349999999999999,141,-0.5120288729667664,141,0.0,141,0.0
7465,65,74,-0.46499999999999986,-0.7349999999999999,141,-0.5120598077774048,141,0.0,141,0.0
7466,66,74,-0.4949999999999999,-0.7349999999999999,141,-0.5120746493339539,141,0.0,141,0.0
7467,67,74,-0.5249999999999999,-0.7349999999999999,141,-0.5121669173240662,141,0.0,141,0.0
7468,68,74,-0.5549999999999997,-0.7349999999999999,141,-0.5123052000999451,141,0.0,141,0.0
7469,69,74,-0.585,-0.7349999999999999,141,-0.512420117855072,141,0.006913145538419485,141,0.0
7470,70,74,-0.6149999999999998,-0.7349999999999999,141,-0.5130492448806763,141,0.05969603732228279,141,0.0
7471,71,74,-0.645,-0.7349999999999999,141,-0.5160641670227051,141,0.05753238871693611,141,0.0
7472,72,74,-0.6749999999999998,-0.7349999999999999,141,-0.5168687701225281,141,0.01933872699737549,141,0.0
7473,73,74,-0.7050000000000001,-0.7349999999999999,141,-0.5175566673278809,141,0.013898809440433979,141,0.0
7474,74,74,-0.7349999999999999,-0.7349999999999999,141,-0.5178936719894409,141,0.01068413257598877,141,0.0
7475,75,74,-0.7650000000000001,-0.7349999999999999,141,-0.5182544589042664,141,0.004547834396362305,141,0.0
7476,76,74,-0.7949999999999999,-0.7349999999999999,141,-0.5178936719894409,141,0.010273854248225689,141,0.0
7477,77,74,-0.8249999999999997,-0.7349999999999999,141,-0.5171860456466675,141,0.013979275710880756,141,0.0
7478,78,74,-0.855,-0.7349999999999999,141,-0.5165108442306519,141,0.0031769275665283203,141,0.0
7479,79,74,-0.8849999999999998,-0.7349999999999999,141,-0.5159485340118408,141,0.03483195975422859,141,0.0
7480,80,74,-0.915,-0.7349999999999999,141,-0.5141262412071228,141,0.04385213181376457,141,0.0
7481,81,74,-0.9449999999999998,-0.7349999999999999,141,-0.5126169919967651,141,0.03458758071064949,141,0.0
7482,82,74,-0.9750000000000001,-0.7349999999999999,141,-0.5114388465881348,141,0.01730124093592167,141,0.0
7483,83,74,-1.005,-0.7349999999999999,141,-0.5106101036071777,141,0.0158896055072546,141,0.0
7484,84,74,-1.0349999999999997,-0.7349999999999999,141,-0.5098752379417419,141,0.017721453681588173,141,0.0
7485,85,74,-1.065,-0.7349999999999999,141,-0.5086850523948669,141,0.0,141,0.0
7486,86,74,-1.0949999999999998,-0.7349999999999999,141,-0.508400559425354,141,0.0,141,0.0
7487,87,74,-1.125,-0.7349999999999999,141,-0.508400559425354,141,0.0,141,0.0
7488,88,74,-1.1549999999999998,-0.7349999999999999,141,-0.5084502696990967,141,0.0,141,0.0
7489,89,74,-1.185,-0.7349999999999999,141,-0.5084502696990967,141,0.0,141,0.0
7490,90,74,-1.2149999999999999,-0.7349999999999999,0,nan,141,0.0,141,0.02199999988079071
7491,91,74,-1.245,-0.7349999999999999,0,nan,141,0.0,141,0.02199999988079071
7492,92,74,-1.275,-0.7349999999999999,0,nan,141,0.0,141,0.02199999988079071
7493,93,74,-1.3049999999999997,-0.7349999999999999,0,nan,141,0.0,141,0.02199999988079071
7494,94,74,-1.335,-0.7349999999999999,0,nan,141,0.0,141,0.02199999988079071
7495,95,74,-1.3649999999999998,-0.7349999999999999,0,nan,141,0.0,141,0.02199999988079071
7496,96,74,-1.395,-0.7349999999999999,0,nan,141,0.0,141,0.02199999988079071
7497,97,74,-1.4249999999999998,-0.7349999999999999,0,nan,141,0.0,141,0.0
7498,98,74,-1.455,-0.7349999999999999,0,nan,141,0.0,141,0.0
7499,99,74,-1.4849999999999999,-0.7349999999999999,0,nan,141,0.0,141,0.0
7500,0,75,1.485,-0.7650000000000001,0,nan,141,0.0,141,0.0
7501,1,75,1.455,-0.7650000000000001,0,nan,141,0.0,141,0.0
7502,2,75,1.425,-0.7650000000000001,0,nan,141,0.0,141,0.0
7503,3,75,1.395,-0.7650000000000001,0,nan,141,0.0,141,0.02199999988079071
7504,4,75,1.365,-0.7650000000000001,0,nan,141,0.0,141,0.02199999988079071
7505,5,75,1.335,-0.7650000000000001,0,nan,141,0.0,141,0.02199999988079071
7506,6,75,1.305,-0.7650000000000001,0,nan,141,0.0,141,0.02199999988079071
7507,7,75,1.275,-0.7650000000000001,0,nan,141,0.0,141,0.02199999988079071
7508,8,75,1.245,-0.7650000000000001,0,nan,141,0.0,141,0.02199999988079071
7509,9,75,1.215,-0.7650000000000001,0,nan,141,0.0,141,0.02199999988079071
7510,10,75,1.185,-0.7650000000000001,124,-0.7929754853248596,141,0.0,141,0.0
7511,11,75,1.155,-0.7650000000000001,138,-0.7926971912384033,141,0.0,141,0.0
7512,12,75,1.125,-0.7650000000000001,141,-0.7925503849983215,141,0.0,141,0.0
7513,13,75,1.095,-0.7650000000000001,141,-0.7925503849983215,141,0.26435354351997375,141,0.0
7514,14,75,1.065,-0.7650000000000001,141,-0.7758888006210327,141,0.6650100350379944,141,0.0
7515,15,75,1.0350000000000001,-0.7650000000000001,141,-0.7520862221717834,141,0.49034157395362854,141,0.0
7516,16,75,1.005,-0.7650000000000001,141,-0.7211452126502991,141,0.0,141,0.0
7517,17,75,0.975,-0.7650000000000001,141,-0.712442934513092,141,0.0,141,0.0
7518,18,75,0.9450000000000001,-0.7650000000000001,141,-0.7029067277908325,141,0.0,141,0.0
7519,19,75,0.915,-0.7650000000000001,141,-0.7000534534454346,141,0.0,141,0.0
7520,20,75,0.885,-0.7650000000000001,141,-0.6902946829795837,141,0.009982784278690815,141,0.0
7521,21,75,0.855,-0.7650000000000001,141,-0.6477023959159851,141,0.2501676380634308,141,0.0
7522,22,75,0.8250000000000001,-0.7650000000000001,141,-0.5241982936859131,141,0.09280244261026382,141,0.0
7523,23,75,0.795,-0.7650000000000001,141,-0.5232630968093872,141,0.03793637081980705,141,0.0
7524,24,75,0.765,-0.7650000000000001,141,-0.5226995348930359,141,0.0,141,0.0
7525,25,75,0.735,-0.7650000000000001,141,-0.5229079127311707,141,0.0,141,0.0
7526,26,75,0.7050000000000001,-0.7650000000000001,141,-0.5227171182632446,141,0.0,141,0.0
7527,27,75,0.675,-0.7650000000000001,141,-0.5481480956077576,141,0.0,141,0.0
7528,28,75,0.645,-0.7650000000000001,141,-0.5581367611885071,141,0.0,141,0.0
7529,29,75,0.615,-0.7650000000000001,141,-0.5544508099555969,141,0.0,141,0.0
7530,30,75,0.5850000000000001,-0.7650000000000001,141,-0.5544508099555969,141,0.0,141,0.0
7531,31,75,0.555,-0.7650000000000001,141,-0.5544508099555969,141,0.0,141,0.0
7532,32,75,0.525,-0.7650000000000001,141,-0.5511667728424072,141,0.033153098076581955,141,0.0
7533,33,75,0.4950000000000001,-0.7650000000000001,141,-0.5435394644737244,141,0.0,141,0.0
7534,34,75,0.4650000000000001,-0.7650000000000001,141,-0.5219992995262146,141,0.02493361569941044,141,0.0
7535,35,75,0.43500000000000005,-0.7650000000000001,141,-0.5205392241477966,141,0.03019273281097412,141,0.0
7536,36,75,0.405,-0.7650000000000001,141,-0.519351601600647,141,0.020297368988394737,141,0.0
7537,37,75,0.375,-0.7650000000000001,141,-0.5187509059906006,141,0.007541974540799856,141,0.0
7538,38,75,0.345,-0.7650000000000001,141,-0.5178937315940857,141,0.023820003494620323,141,0.0
7539,39,75,0.31499999999999995,-0.7650000000000001,141,-0.5142434239387512,141,0.004891554359346628,141,0.0
7540,40,75,0.28500000000000014,-0.7650000000000001,141,-0.5135818123817444,141,0.0,141,0.0
7541,41,75,0.2550000000000001,-0.7650000000000001,141,-0.5128294229507446,141,0.0,141,0.0
7542,42,75,0.2250000000000001,-0.7650000000000001,141,-0.5123010873794556,141,0.0,141,0.0
7543,43,75,0.19500000000000006,-0.7650000000000001,141,-0.5119162201881409,141,0.0,141,0.0
7544,44,75,0.16500000000000004,-0.7650000000000001,141,-0.5114085078239441,141,0.0,141,0.0
7545,45,75,0.135,-0.7650000000000001,141,-0.511216938495636,141,0.0,141,0.0
7546,46,75,0.10499999999999998,-0.7650000000000001,141,-0.5111910104751587,141,0.0,141,0.0
7547,47,75,0.07499999999999996,-0.7650000000000001,141,-0.511210560798645,141,0.0,141,0.0
7548,48,75,0.04500000000000015,-0.7650000000000001,141,-0.5113076567649841,141,0.0,141,0.0
7549,49,75,0.015000000000000124,-0.7650000000000001,141,-0.5113076567649841,141,0.0,141,0.0
7550,50,75,-0.014999999999999902,-0.7650000000000001,141,-0.5113413333892822,141,0.0,141,0.0
7551,51,75,-0.04499999999999993,-0.7650000000000001,141,-0.5117182731628418,141,0.0,141,0.0
7552,52,75,-0.07499999999999996,-0.7650000000000001,141,-0.5127437710762024,141,0.013557076454162598,141,0.0
7553,53,75,-0.10499999999999998,-0.7650000000000001,141,-0.5135341882705688,141,0.014707446098327637,141,0.0
7554,54,75,-0.135,-0.7650000000000001,141,-0.5142496824264526,141,0.0,141,0.0
7555,55,75,-0.16500000000000004,-0.7650000000000001,141,-0.514333188533783,141,0.003982583526521921,141,0.0
7556,56,75,-0.19499999999999984,-0.7650000000000001,141,-0.514333188533783,141,0.006101528648287058,141,0.0
7557,57,75,-0.22499999999999987,-0.7650000000000001,141,-0.514333188533783,141,0.009116530418395996,141,0.0
7558,58,75,-0.2549999999999999,-0.7650000000000001,141,-0.5140417814254761,141,0.013517339713871479,141,0.0
7559,59,75,-0.2849999999999999,-0.7650000000000001,141,-0.5135009288787842,141,0.012791156768798828,141,0.0
7560,60,75,-0.31499999999999995,-0.7650000000000001,141,-0.512938916683197,141,0.0049153962172567844,141,0.0
7561,61,75,-0.345,-0.7650000000000001,141,-0.5124462842941284,141,3.973642833443591e-06,141,0.0
7562,62,75,-0.375,-0.7650000000000001,141,-0.5122441053390503,141,0.0,141,0.0
7563,63,75,-0.405,-0.7650000000000001,141,-0.5121009945869446,141,0.0,141,0.0
7564,64,75,-0.43499999999999983,-0.7650000000000001,141,-0.5120288729667664,141,0.0,141,0.0
7565,65,75,-0.46499999999999986,-0.7650000000000001,141,-0.5120598077774048,141,0.0,141,0.0
7566,66,75,-0.4949999999999999,-0.7650000000000001,141,-0.5120746493339539,141,0.0,141,0.0
7567,67,75,-0.5249999999999999,-0.7650000000000001,141,-0.5121669173240662,141,0.0,141,0.0
7568,68,75,-0.5549999999999997,-0.7650000000000001,141,-0.5123052000999451,141,0.0,141,0.0
7569,69,75,-0.585,-0.7650000000000001,141,-0.512420117855072,141,0.006913145538419485,141,0.0
7570,70,75,-0.6149999999999998,-0.7650000000000001,141,-0.5130492448806763,141,0.05969603732228279,141,0.0
7571,71,75,-0.645,-0.7650000000000001,141,-0.5160641670227051,141,0.05753238871693611,141,0.0
7572,72,75,-0.6749999999999998,-0.7650000000000001,141,-0.5168687701225281,141,0.01933872699737549,141,0.0
7573,73,75,-0.7050000000000001,-0.7650000000000001,141,-0.5175566673278809,141,0.013898809440433979,141,0.0
7574,74,75,-0.7349999999999999,-0.7650000000000001,141,-0.5178936719894409,141,0.01068413257598877,141,0.0
7575,75,75,-0.7650000000000001,-0.7650000000000001,141,-0.5182544589042664,141,0.004547834396362305,141,0.0
7576,76,75,-0.7949999999999999,-0.7650000000000001,141,-0.5178936719894409,141,0.010273854248225689,141,0.0
7577,77,75,-0.8249999999999997,-0.7650000000000001,141,-0.5171860456466675,141,0.013979275710880756,141,0.0
7578,78,75,-0.855,-0.7650000000000001,141,-0.5165108442306519,141,0.0031769275665283203,141,0.0
7579,79,75,-0.8849999999999998,-0.7650000000000001,141,-0.5159485340118408,141,0.03483195975422859,141,0.0
7580,80,75,-0.915,-0.7650000000000001,141,-0.5141262412071228,141,0.04385213181376457,141,0.0
7581,81,75,-0.9449999999999998,-0.7650000000000001,141,-0.5126169919967651,141,0.03458758071064949,141,0.0
7582,82,75,-0.9750000000000001,-0.7650000000000001,141,-0.5114388465881348,141,0.01730124093592167,141,0.0
7583,83,75,-1.005,-0.7650000000000001,141,-0.5106101036071777,141,0.0158896055072546,141,0.0
7584,84,75,-1.0349999999999997,-0.7650000000000001,141,-0.5098752379417419,141,0.017721453681588173,141,0.0
7585,85,75,-1.065,-0.7650000000000001,141,-0.5086850523948669,141,0.0,141,0.0
7586,86,75,-1.0949999999999998,-0.7650000000000001,141,-0.508400559425354,141,0.0,141,0.0
7587,87,75,-1.125,-0.7650000000000001,141,-0.508400559425354,141,0.0,141,0.0
7588,88,75,-1.1549999999999998,-0.7650000000000001,141,-0.5084502696990967,141,0.0,141,0.0
7589,89,75,-1.185,-0.7650000000000001,140,-0.5084254145622253,141,0.0,141,0.0
7590,90,75,-1.2149999999999999,-0.7650000000000001,0,nan,141,0.0,141,0.02199999988079071
7591,91,75,-1.245,-0.7650000000000001,0,nan,141,0.0,141,0.02199999988079071
7592,92,75,-1.275,-0.7650000000000001,0,nan,141,0.0,141,0.02199999988079071
7593,93,75,-1.3049999999999997,-0.7650000000000001,0,nan,141,0.0,141,0.02199999988079071
7594,94,75,-1.335,-0.7650000000000001,0,nan,141,0.0,141,0.02199999988079071
7595,95,75,-1.3649999999999998,-0.7650000000000001,0,nan,141,0.0,141,0.02199999988079071
7596,96,75,-1.395,-0.7650000000000001,0,nan,141,0.0,141,0.02199999988079071
7597,97,75,-1.4249999999999998,-0.7650000000000001,0,nan,141,0.0,141,0.0
7598,98,75,-1.455,-0.7650000000000001,0,nan,141,0.0,141,0.0
7599,99,75,-1.4849999999999999,-0.7650000000000001,0,nan,141,0.0,141,0.0
7600,0,76,1.485,-0.7949999999999999,0,nan,141,0.0,141,0.0
7601,1,76,1.455,-0.7949999999999999,0,nan,141,0.0,141,0.0
7602,2,76,1.425,-0.7949999999999999,0,nan,141,0.0,141,0.0
7603,3,76,1.395,-0.7949999999999999,0,nan,141,0.0,141,0.02199999988079071
7604,4,76,1.365,-0.7949999999999999,0,nan,141,0.0,141,0.02199999988079071
7605,5,76,1.335,-0.7949999999999999,0,nan,141,0.0,141,0.02199999988079071
7606,6,76,1.305,-0.7949999999999999,0,nan,141,0.0,141,0.02199999988079071
7607,7,76,1.275,-0.7949999999999999,0,nan,141,0.0,141,0.02199999988079071
7608,8,76,1.245,-0.7949999999999999,0,nan,141,0.0,141,0.02199999988079071
7609,9,76,1.215,-0.7949999999999999,0,nan,141,0.0,141,0.02199999988079071
7610,10,76,1.185,-0.7949999999999999,78,-0.7924462556838989,141,0.0,141,0.0
7611,11,76,1.155,-0.7949999999999999,135,-0.7925503849983215,141,0.0,141,0.0
7612,12,76,1.125,-0.7949999999999999,141,-0.7925011515617371,141,0.0,141,0.0
7613,13,76,1.095,-0.7949999999999999,140,-0.7925257682800293,141,0.20561906695365906,141,0.0
7614,14,76,1.065,-0.7949999999999999,141,-0.7758888006210327,141,0.5050063133239746,141,0.0
7615,15,76,1.0350000000000001,-0.7949999999999999,140,-0.7522975504398346,141,0.37408992648124695,141,0.0
7616,16,76,1.005,-0.7949999999999999,141,-0.7211452126502991,141,0.0,141,0.0
7617,17,76,0.975,-0.7949999999999999,141,-0.712442934513092,141,0.0,141,0.0
7618,18,76,0.9450000000000001,-0.7949999999999999,141,-0.7029067277908325,141,0.0,141,0.0
7619,19,76,0.915,-0.7949999999999999,141,-0.7000534534454346,141,0.0,141,0.0
7620,20,76,0.885,-0.7949999999999999,141,-0.6902946829795837,141,0.007892084307968616,141,0.0
7621,21,76,0.855,-0.7949999999999999,141,-0.6477023959159851,141,0.18860170245170593,141,0.0
7622,22,76,0.8250000000000001,-0.7949999999999999,140,-0.5244657397270203,141,0.07336677610874176,141,0.0
7623,23,76,0.795,-0.7949999999999999,141,-0.5232630968093872,141,0.02864733897149563,141,0.0
7624,24,76,0.765,-0.7949999999999999,141,-0.5226995348930359,141,0.0,141,0.0
7625,25,76,0.735,-0.7949999999999999,140,-0.522975504398346,141,0.0,141,0.0
7626,26,76,0.7050000000000001,-0.7949999999999999,141,-0.5227171182632446,141,0.0,141,0.0
7627,27,76,0.675,-0.7949999999999999,141,-0.5481480956077576,141,0.0,141,0.0
7628,28,76,0.645,-0.7949999999999999,141,-0.5581367611885071,141,0.0,141,0.0
7629,29,76,0.615,-0.7949999999999999,138,-0.5582539737224579,141,0.0,141,0.0
7630,30,76,0.5850000000000001,-0.7949999999999999,137,-0.5581367611885071,141,0.0,141,0.0
7631,31,76,0.555,-0.7949999999999999,141,-0.5544508099555969,141,0.0,141,0.0
7632,32,76,0.525,-0.7949999999999999,141,-0.5511667728424072,141,0.026209823787212372,141,0.0
7633,33,76,0.4950000000000001,-0.7949999999999999,141,-0.5435394644737244,141,0.0,141,0.0
7634,34,76,0.4650000000000001,-0.7949999999999999,139,-0.5219992995262146,141,0.017019540071487427,141,0.0
7635,35,76,0.43500000000000005,-0.7949999999999999,140,-0.5205814242362976,141,0.023431221023201942,141,0.0
7636,36,76,0.405,-0.7949999999999999,141,-0.519351601600647,141,0.01604647934436798,141,0.0
7637,37,76,0.375,-0.7949999999999999,141,-0.5187509059906006,141,0.0059624542482197285,141,0.0
7638,38,76,0.345,-0.7949999999999999,141,-0.5178937315940857,141,0.018831364810466766,141,0.0
7639,39,76,0.31499999999999995,-0.7949999999999999,141,-0.5142434239387512,141,0.003867113497108221,141,0.0
7640,40,76,0.28500000000000014,-0.7949999999999999,141,-0.5135818123817444,141,0.0,141,0.0
7641,41,76,0.2550000000000001,-0.7949999999999999,141,-0.5128294229507446,141,0.0,141,0.0
7642,42,76,0.2250000000000001,-0.7949999999999999,141,-0.5123010873794556,141,0.0,141,0.0
7643,43,76,0.19500000000000006,-0.7949999999999999,141,-0.5119162201881409,141,0.0,141,0.0
7644,44,76,0.16500000000000004,-0.7949999999999999,141,-0.5114085078239441,141,0.0,141,0.0
7645,45,76,0.135,-0.7949999999999999,141,-0.511216938495636,141,0.0,141,0.0
7646,46,76,0.10499999999999998,-0.7949999999999999,141,-0.5111910104751587,141,0.0,141,0.0
7647,47,76,0.07499999999999996,-0.7949999999999999,141,-0.511210560798645,141,0.0,141,0.0
7648,48,76,0.04500000000000015,-0.7949999999999999,141,-0.5113076567649841,141,0.0,141,0.0
7649,49,76,0.015000000000000124,-0.7949999999999999,141,-0.5113076567649841,141,0.0,141,0.0
7650,50,76,-0.014999999999999902,-0.7949999999999999,141,-0.5113413333892822,141,0.0,141,0.0
7651,51,76,-0.04499999999999993,-0.7949999999999999,141,-0.5117182731628418,141,0.0,141,0.0
7652,52,76,-0.07499999999999996,-0.7949999999999999,141,-0.5127437710762024,141,0.01071781013160944,141,0.0
7653,53,76,-0.10499999999999998,-0.7949999999999999,141,-0.5135341882705688,141,0.011627256870269775,141,0.0
7654,54,76,-0.135,-0.7949999999999999,141,-0.5142496824264526,141,0.003549042623490095,141,0.0
7655,55,76,-0.16500000000000004,-0.7949999999999999,141,-0.514333188533783,141,0.003321288153529167,141,0.0
7656,56,76,-0.19499999999999984,-0.7949999999999999,141,-0.514333188533783,141,0.005303886253386736,141,0.0
7657,57,76,-0.22499999999999987,-0.7949999999999999,141,-0.514333188533783,141,0.008792106993496418,141,0.0
7658,58,76,-0.2549999999999999,-0.7949999999999999,141,-0.5140417814254761,141,0.011343741789460182,141,0.0
7659,59,76,-0.2849999999999999,-0.7949999999999999,141,-0.5135009288787842,141,0.010232431814074516,141,0.0
7660,60,76,-0.31499999999999995,-0.7949999999999999,141,-0.512938916683197,141,0.0038859620690345764,141,0.0
7661,61,76,-0.345,-0.7949999999999999,141,-0.5124462842941284,141,3.1414406294061337e-06,141,0.0
7662,62,76,-0.375,-0.7949999999999999,141,-0.5122441053390503,141,0.0,141,0.0
7663,63,76,-0.405,-0.7949999999999999,141,-0.5121009945869446,141,0.0,141,0.0
7664,64,76,-0.43499999999999983,-0.7949999999999999,141,-0.5120288729667664,141,0.0,141,0.0
7665,65,76,-0.46499999999999986,-0.7949999999999999,141,-0.5120598077774048,141,0.0,141,0.0
7666,66,76,-0.4949999999999999,-0.7949999999999999,141,-0.5120746493339539,141,0.0,141,0.0
7667,67,76,-0.5249999999999999,-0.7949999999999999,141,-0.5121669173240662,141,0.0,141,0.0
7668,68,76,-0.5549999999999997,-0.7949999999999999,141,-0.5123052000999451,141,0.0,141,0.0
7669,69,76,-0.585,-0.7949999999999999,141,-0.512420117855072,141,0.005465321242809296,141,0.0
7670,70,76,-0.6149999999999998,-0.7949999999999999,141,-0.5130492448806763,141,0.04719386249780655,141,0.0
7671,71,76,-0.645,-0.7949999999999999,141,-0.5160641670227051,141,0.044366564601659775,141,0.0
7672,72,76,-0.6749999999999998,-0.7949999999999999,141,-0.5168687701225281,141,0.017028965055942535,141,0.0
7673,73,76,-0.7050000000000001,-0.7949999999999999,141,-0.5175566673278809,141,0.012772312387824059,141,0.0
7674,74,76,-0.7349999999999999,-0.7949999999999999,141,-0.5178936719894409,141,0.01262073777616024,141,0.0
7675,75,76,-0.7650000000000001,-0.7949999999999999,141,-0.5182544589042664,141,0.00823921337723732,141,0.0
7676,76,76,-0.7949999999999999,-0.7949999999999999,141,-0.5178936719894409,141,0.009258321486413479,141,0.0
7677,77,76,-0.8249999999999997,-0.7949999999999999,141,-0.5171860456466675,141,0.011051587760448456,141,0.0
7678,78,76,-0.855,-0.7949999999999999,141,-0.5165108442306519,141,0.003059763228520751,141,0.0
7679,79,76,-0.8849999999999998,-0.7949999999999999,141,-0.5159485340118408,141,0.027537083253264427,141,0.0
7680,80,76,-0.915,-0.7949999999999999,141,-0.5141262412071228,141,0.03347010165452957,141,0.0
7681,81,76,-0.9449999999999998,-0.7949999999999999,141,-0.5126169919967651,141,0.027343884110450745,141,0.0
7682,82,76,-0.9750000000000001,-0.7949999999999999,141,-0.5114388465881348,141,0.013677832670509815,141,0.0
7683,83,76,-1.005,-0.7949999999999999,141,-0.5106101036071777,141,0.01256183534860611,141,0.0
7684,84,76,-1.0349999999999997,-0.7949999999999999,141,-0.5098752379417419,141,0.01401004008948803,141,0.0
7685,85,76,-1.065,-0.7949999999999999,141,-0.5086850523948669,141,0.0,141,0.0
7686,86,76,-1.0949999999999998,-0.7949999999999999,141,-0.508400559425354,141,0.0,141,0.0
7687,87,76,-1.125,-0.7949999999999999,140,-0.5083965361118317,141,0.0,141,0.0
7688,88,76,-1.1549999999999998,-0.7949999999999999,138,-0.5084254145622253,141,0.0,141,0.0
7689,89,76,-1.185,-0.7949999999999999,113,-0.5084502696990967,141,0.0,141,0.0
7690,90,76,-1.2149999999999999,-0.7949999999999999,0,nan,141,0.0,141,0.02199999988079071
7691,91,76,-1.245,-0.7949999999999999,0,nan,141,0.0,141,0.02199999988079071
7692,92,76,-1.275,-0.7949999999999999,0,nan,141,0.0,141,0.02199999988079071
7693,93,76,-1.3049999999999997,-0.7949999999999999,0,nan,141,0.0,141,0.02199999988079071
7694,94,76,-1.335,-0.7949999999999999,0,nan,141,0.0,141,0.02199999988079071
7695,95,76,-1.3649999999999998,-0.7949999999999999,0,nan,141,0.0,141,0.02199999988079071
7696,96,76,-1.395,-0.7949999999999999,0,nan,141,0.0,141,0.02199999988079071
7697,97,76,-1.4249999999999998,-0.7949999999999999,0,nan,141,0.0,141,0.0
7698,98,76,-1.455,-0.7949999999999999,0,nan,141,0.0,141,0.0
7699,99,76,-1.4849999999999999,-0.7949999999999999,0,nan,141,0.0,141,0.0
7700,0,77,1.485,-0.8249999999999997,0,nan,141,0.0,141,0.0
7701,1,77,1.455,-0.8249999999999997,0,nan,141,0.0,141,0.0
7702,2,77,1.425,-0.8249999999999997,0,nan,141,0.0,141,0.0
7703,3,77,1.395,-0.8249999999999997,0,nan,141,0.0,141,0.02199999988079071
7704,4,77,1.365,-0.8249999999999997,0,nan,141,0.0,141,0.02199999988079071
7705,5,77,1.335,-0.8249999999999997,0,nan,141,0.0,141,0.02199999988079071
7706,6,77,1.305,-0.8249999999999997,0,nan,141,0.0,141,0.02199999988079071
7707,7,77,1.275,-0.8249999999999997,0,nan,141,0.0,141,0.02199999988079071
7708,8,77,1.245,-0.8249999999999997,0,nan,141,0.0,141,0.02199999988079071
7709,9,77,1.215,-0.8249999999999997,0,nan,141,0.0,141,0.02199999988079071
7710,10,77,1.185,-0.8249999999999997,0,nan,141,0.0,141,0.02199999988079071
7711,11,77,1.155,-0.8249999999999997,0,nan,141,0.0,141,0.02199999988079071
7712,12,77,1.125,-0.8249999999999997,0,nan,141,0.0,141,0.02199999988079071
7713,13,77,1.095,-0.8249999999999997,0,nan,141,0.0,141,0.02199999988079071
7714,14,77,1.065,-0.8249999999999997,0,nan,141,0.0,141,0.02199999988079071
7715,15,77,1.0350000000000001,-0.8249999999999997,0,nan,141,0.0,141,0.02199999988079071
7716,16,77,1.005,-0.8249999999999997,0,nan,141,0.0,141,0.02199999988079071
7717,17,77,0.975,-0.8249999999999997,0,nan,141,0.0,141,0.02199999988079071
7718,18,77,0.9450000000000001,-0.8249999999999997,0,nan,141,0.0,141,0.02199999988079071
7719,19,77,0.915,-0.8249999999999997,0,nan,141,0.0,141,0.02199999988079071
7720,20,77,0.885,-0.8249999999999997,0,nan,141,0.0,141,0.02199999988079071
7721,21,77,0.855,-0.8249999999999997,0,nan,141,0.0,141,0.02199999988079071
7722,22,77,0.8250000000000001,-0.8249999999999997,0,nan,141,0.0,141,0.02199999988079071
7723,23,77,0.795,-0.8249999999999997,0,nan,141,0.0,141,0.02199999988079071
7724,24,77,0.765,-0.8249999999999997,0,nan,141,0.0,141,0.02199999988079071
7725,25,77,0.735,-0.8249999999999997,0,nan,141,0.0,141,0.02199999988079071
7726,26,77,0.7050000000000001,-0.8249999999999997,0,nan,141,0.0,141,0.02199999988079071
7727,27,77,0.675,-0.8249999999999997,0,nan,141,0.0,141,0.02199999988079071
7728,28,77,0.645,-0.8249999999999997,0,nan,141,0.0,141,0.02199999988079071
7729,29,77,0.615,-0.8249999999999997,0,nan,141,0.0,141,0.02199999988079071
7730,30,77,0.5850000000000001,-0.8249999999999997,0,nan,141,0.0,141,0.02199999988079071
7731,31,77,0.555,-0.8249999999999997,0,nan,141,0.0,141,0.02199999988079071
7732,32,77,0.525,-0.8249999999999997,0,nan,141,0.0,141,0.02199999988079071
7733,33,77,0.4950000000000001,-0.8249999999999997,0,nan,141,0.0,141,0.02199999988079071
7734,34,77,0.4650000000000001,-0.8249999999999997,0,nan,141,0.0,141,0.02199999988079071
7735,35,77,0.43500000000000005,-0.8249999999999997,0,nan,141,0.0,141,0.02199999988079071
7736,36,77,0.405,-0.8249999999999997,0,nan,141,0.0,141,0.02199999988079071
7737,37,77,0.375,-0.8249999999999997,0,nan,141,0.0,141,0.02199999988079071
7738,38,77,0.345,-0.8249999999999997,0,nan,141,0.0,141,0.02199999988079071
7739,39,77,0.31499999999999995,-0.8249999999999997,0,nan,141,0.0,141,0.02199999988079071
7740,40,77,0.28500000000000014,-0.8249999999999997,0,nan,141,0.0,141,0.02199999988079071
7741,41,77,0.2550000000000001,-0.8249999999999997,0,nan,141,0.0,141,0.02199999988079071
7742,42,77,0.2250000000000001,-0.8249999999999997,0,nan,141,0.0,141,0.02199999988079071
7743,43,77,0.19500000000000006,-0.8249999999999997,0,nan,141,0.0,141,0.02199999988079071
7744,44,77,0.16500000000000004,-0.8249999999999997,0,nan,141,0.0,141,0.02199999988079071
7745,45,77,0.135,-0.8249999999999997,0,nan,141,0.0,141,0.02199999988079071
7746,46,77,0.10499999999999998,-0.8249999999999997,0,nan,141,0.0,141,0.02199999988079071
7747,47,77,0.07499999999999996,-0.8249999999999997,0,nan,141,0.0,141,0.02199999988079071
7748,48,77,0.04500000000000015,-0.8249999999999997,0,nan,141,0.0,141,0.02199999988079071
7749,49,77,0.015000000000000124,-0.8249999999999997,0,nan,141,0.0,141,0.02199999988079071
7750,50,77,-0.014999999999999902,-0.8249999999999997,0,nan,141,0.0,141,0.02199999988079071
7751,51,77,-0.04499999999999993,-0.8249999999999997,0,nan,141,0.0,141,0.02199999988079071
7752,52,77,-0.07499999999999996,-0.8249999999999997,0,nan,141,0.0,141,0.02199999988079071
7753,53,77,-0.10499999999999998,-0.8249999999999997,0,nan,141,0.0,141,0.02199999988079071
7754,54,77,-0.135,-0.8249999999999997,0,nan,141,0.0,141,0.02199999988079071
7755,55,77,-0.16500000000000004,-0.8249999999999997,0,nan,141,0.0,141,0.02199999988079071
7756,56,77,-0.19499999999999984,-0.8249999999999997,0,nan,141,0.0,141,0.02199999988079071
7757,57,77,-0.22499999999999987,-0.8249999999999997,0,nan,141,0.0,141,0.02199999988079071
7758,58,77,-0.2549999999999999,-0.8249999999999997,0,nan,141,0.0,141,0.02199999988079071
7759,59,77,-0.2849999999999999,-0.8249999999999997,0,nan,141,0.0,141,0.02199999988079071
7760,60,77,-0.31499999999999995,-0.8249999999999997,0,nan,141,0.0,141,0.02199999988079071
7761,61,77,-0.345,-0.8249999999999997,0,nan,141,0.0,141,0.02199999988079071
7762,62,77,-0.375,-0.8249999999999997,0,nan,141,0.0,141,0.02199999988079071
7763,63,77,-0.405,-0.8249999999999997,0,nan,141,0.0,141,0.02199999988079071
7764,64,77,-0.43499999999999983,-0.8249999999999997,0,nan,141,0.0,141,0.02199999988079071
7765,65,77,-0.46499999999999986,-0.8249999999999997,0,nan,141,0.0,141,0.02199999988079071
7766,66,77,-0.4949999999999999,-0.8249999999999997,0,nan,141,0.0,141,0.02199999988079071
7767,67,77,-0.5249999999999999,-0.8249999999999997,0,nan,141,0.0,141,0.02199999988079071
7768,68,77,-0.5549999999999997,-0.8249999999999997,0,nan,141,0.0,141,0.02199999988079071
7769,69,77,-0.585,-0.8249999999999997,0,nan,141,0.0,141,0.02199999988079071
7770,70,77,-0.6149999999999998,-0.8249999999999997,0,nan,141,0.0,141,0.02199999988079071
7771,71,77,-0.645,-0.8249999999999997,0,nan,141,0.0,141,0.02199999988079071
7772,72,77,-0.6749999999999998,-0.8249999999999997,0,nan,141,0.0,141,0.02199999988079071
7773,73,77,-0.7050000000000001,-0.8249999999999997,0,nan,141,0.0,141,0.02199999988079071
7774,74,77,-0.7349999999999999,-0.8249999999999997,0,nan,141,0.0,141,0.02199999988079071
7775,75,77,-0.7650000000000001,-0.8249999999999997,0,nan,141,0.0,141,0.02199999988079071
7776,76,77,-0.7949999999999999,-0.8249999999999997,0,nan,141,0.0,141,0.02199999988079071
7777,77,77,-0.8249999999999997,-0.8249999999999997,0,nan,141,0.0,141,0.02199999988079071
7778,78,77,-0.855,-0.8249999999999997,0,nan,141,0.0,141,0.02199999988079071
7779,79,77,-0.8849999999999998,-0.8249999999999997,0,nan,141,0.0,141,0.02199999988079071
7780,80,77,-0.915,-0.8249999999999997,0,nan,141,0.0,141,0.02199999988079071
7781,81,77,-0.9449999999999998,-0.8249999999999997,0,nan,141,0.0,141,0.02199999988079071
7782,82,77,-0.9750000000000001,-0.8249999999999997,0,nan,141,0.0,141,0.02199999988079071
7783,83,77,-1.005,-0.8249999999999997,0,nan,141,0.0,141,0.02199999988079071
7784,84,77,-1.0349999999999997,-0.8249999999999997,0,nan,141,0.0,141,0.02199999988079071
7785,85,77,-1.065,-0.8249999999999997,0,nan,141,0.0,141,0.02199999988079071
7786,86,77,-1.0949999999999998,-0.8249999999999997,0,nan,141,0.0,141,0.02199999988079071
7787,87,77,-1.125,-0.8249999999999997,0,nan,141,0.0,141,0.02199999988079071
7788,88,77,-1.1549999999999998,-0.8249999999999997,0,nan,141,0.0,141,0.02199999988079071
7789,89,77,-1.185,-0.8249999999999997,0,nan,141,0.0,141,0.02199999988079071
7790,90,77,-1.2149999999999999,-0.8249999999999997,0,nan,141,0.0,141,0.02199999988079071
7791,91,77,-1.245,-0.8249999999999997,0,nan,141,0.0,141,0.02199999988079071
7792,92,77,-1.275,-0.8249999999999997,0,nan,141,0.0,141,0.02199999988079071
7793,93,77,-1.3049999999999997,-0.8249999999999997,0,nan,141,0.0,141,0.02199999988079071
7794,94,77,-1.335,-0.8249999999999997,0,nan,141,0.0,141,0.02199999988079071
7795,95,77,-1.3649999999999998,-0.8249999999999997,0,nan,141,0.0,141,0.02199999988079071
7796,96,77,-1.395,-0.8249999999999997,0,nan,141,0.0,141,0.02199999988079071
7797,97,77,-1.4249999999999998,-0.8249999999999997,0,nan,141,0.0,141,0.0
7798,98,77,-1.455,-0.8249999999999997,0,nan,141,0.0,141,0.0
7799,99,77,-1.4849999999999999,-0.8249999999999997,0,nan,141,0.0,141,0.0
7800,0,78,1.485,-0.855,0,nan,141,0.0,141,0.0
7801,1,78,1.455,-0.855,0,nan,141,0.0,141,0.0
7802,2,78,1.425,-0.855,0,nan,141,0.0,141,0.0
7803,3,78,1.395,-0.855,0,nan,141,0.0,141,0.02199999988079071
7804,4,78,1.365,-0.855,0,nan,141,0.0,141,0.02199999988079071
7805,5,78,1.335,-0.855,0,nan,141,0.0,141,0.02199999988079071
7806,6,78,1.305,-0.855,0,nan,141,0.0,141,0.02199999988079071
7807,7,78,1.275,-0.855,0,nan,141,0.0,141,0.02199999988079071
7808,8,78,1.245,-0.855,0,nan,141,0.0,141,0.02199999988079071
7809,9,78,1.215,-0.855,0,nan,141,0.0,141,0.02199999988079071
7810,10,78,1.185,-0.855,0,nan,141,0.0,141,0.02199999988079071
7811,11,78,1.155,-0.855,0,nan,141,0.0,141,0.02199999988079071
7812,12,78,1.125,-0.855,0,nan,141,0.0,141,0.02199999988079071
7813,13,78,1.095,-0.855,0,nan,141,0.0,141,0.02199999988079071
7814,14,78,1.065,-0.855,0,nan,141,0.0,141,0.02199999988079071
7815,15,78,1.0350000000000001,-0.855,0,nan,141,0.0,141,0.02199999988079071
7816,16,78,1.005,-0.855,0,nan,141,0.0,141,0.02199999988079071
7817,17,78,0.975,-0.855,0,nan,141,0.0,141,0.02199999988079071
7818,18,78,0.9450000000000001,-0.855,0,nan,141,0.0,141,0.02199999988079071
7819,19,78,0.915,-0.855,0,nan,141,0.0,141,0.02199999988079071
7820,20,78,0.885,-0.855,0,nan,141,0.0,141,0.02199999988079071
7821,21,78,0.855,-0.855,0,nan,141,0.0,141,0.02199999988079071
7822,22,78,0.8250000000000001,-0.855,0,nan,141,0.0,141,0.02199999988079071
7823,23,78,0.795,-0.855,0,nan,141,0.0,141,0.02199999988079071
7824,24,78,0.765,-0.855,0,nan,141,0.0,141,0.02199999988079071
7825,25,78,0.735,-0.855,0,nan,141,0.0,141,0.02199999988079071
7826,26,78,0.7050000000000001,-0.855,0,nan,141,0.0,141,0.02199999988079071
7827,27,78,0.675,-0.855,0,nan,141,0.0,141,0.02199999988079071
7828,28,78,0.645,-0.855,0,nan,141,0.0,141,0.02199999988079071
7829,29,78,0.615,-0.855,0,nan,141,0.0,141,0.02199999988079071
7830,30,78,0.5850000000000001,-0.855,0,nan,141,0.0,141,0.02199999988079071
7831,31,78,0.555,-0.855,0,nan,141,0.0,141,0.02199999988079071
7832,32,78,0.525,-0.855,0,nan,141,0.0,141,0.02199999988079071
7833,33,78,0.4950000000000001,-0.855,0,nan,141,0.0,141,0.02199999988079071
7834,34,78,0.4650000000000001,-0.855,0,nan,141,0.0,141,0.02199999988079071
7835,35,78,0.43500000000000005,-0.855,0,nan,141,0.0,141,0.02199999988079071
7836,36,78,0.405,-0.855,0,nan,141,0.0,141,0.02199999988079071
7837,37,78,0.375,-0.855,0,nan,141,0.0,141,0.02199999988079071
7838,38,78,0.345,-0.855,0,nan,141,0.0,141,0.02199999988079071
7839,39,78,0.31499999999999995,-0.855,0,nan,141,0.0,141,0.02199999988079071
7840,40,78,0.28500000000000014,-0.855,0,nan,141,0.0,141,0.02199999988079071
7841,41,78,0.2550000000000001,-0.855,0,nan,141,0.0,141,0.02199999988079071
7842,42,78,0.2250000000000001,-0.855,0,nan,141,0.0,141,0.02199999988079071
7843,43,78,0.19500000000000006,-0.855,0,nan,141,0.0,141,0.02199999988079071
7844,44,78,0.16500000000000004,-0.855,0,nan,141,0.0,141,0.02199999988079071
7845,45,78,0.135,-0.855,0,nan,141,0.0,141,0.02199999988079071
7846,46,78,0.10499999999999998,-0.855,0,nan,141,0.0,141,0.02199999988079071
7847,47,78,0.07499999999999996,-0.855,0,nan,141,0.0,141,0.02199999988079071
7848,48,78,0.04500000000000015,-0.855,0,nan,141,0.0,141,0.02199999988079071
7849,49,78,0.015000000000000124,-0.855,0,nan,141,0.0,141,0.02199999988079071
7850,50,78,-0.014999999999999902,-0.855,0,nan,141,0.0,141,0.02199999988079071
7851,51,78,-0.04499999999999993,-0.855,0,nan,141,0.0,141,0.02199999988079071
7852,52,78,-0.07499999999999996,-0.855,0,nan,141,0.0,141,0.02199999988079071
7853,53,78,-0.10499999999999998,-0.855,0,nan,141,0.0,141,0.02199999988079071
7854,54,78,-0.135,-0.855,0,nan,141,0.0,141,0.02199999988079071
7855,55,78,-0.16500000000000004,-0.855,0,nan,141,0.0,141,0.02199999988079071
7856,56,78,-0.19499999999999984,-0.855,0,nan,141,0.0,141,0.02199999988079071
7857,57,78,-0.22499999999999987,-0.855,0,nan,141,0.0,141,0.02199999988079071
7858,58,78,-0.2549999999999999,-0.855,0,nan,141,0.0,141,0.02199999988079071
7859,59,78,-0.2849999999999999,-0.855,0,nan,141,0.0,141,0.02199999988079071
7860,60,78,-0.31499999999999995,-0.855,0,nan,141,0.0,141,0.02199999988079071
7861,61,78,-0.345,-0.855,0,nan,141,0.0,141,0.02199999988079071
7862,62,78,-0.375,-0.855,0,nan,141,0.0,141,0.02199999988079071
7863,63,78,-0.405,-0.855,0,nan,141,0.0,141,0.02199999988079071
7864,64,78,-0.43499999999999983,-0.855,0,nan,141,0.0,141,0.02199999988079071
7865,65,78,-0.46499999999999986,-0.855,0,nan,141,0.0,141,0.02199999988079071
7866,66,78,-0.4949999999999999,-0.855,0,nan,141,0.0,141,0.02199999988079071
7867,67,78,-0.5249999999999999,-0.855,0,nan,141,0.0,141,0.02199999988079071
7868,68,78,-0.5549999999999997,-0.855,0,nan,141,0.0,141,0.02199999988079071
7869,69,78,-0.585,-0.855,0,nan,141,0.0,141,0.02199999988079071
7870,70,78,-0.6149999999999998,-0.855,0,nan,141,0.0,141,0.02199999988079071
7871,71,78,-0.645,-0.855,0,nan,141,0.0,141,0.02199999988079071
7872,72,78,-0.6749999999999998,-0.855,0,nan,141,0.0,141,0.02199999988079071
7873,73,78,-0.7050000000000001,-0.855,0,nan,141,0.0,141,0.02199999988079071
7874,74,78,-0.7349999999999999,-0.855,0,nan,141,0.0,141,0.02199999988079071
7875,75,78,-0.7650000000000001,-0.855,0,nan,141,0.0,141,0.02199999988079071
7876,76,78,-0.7949999999999999,-0.855,0,nan,141,0.0,141,0.02199999988079071
7877,77,78,-0.8249999999999997,-0.855,0,nan,141,0.0,141,0.02199999988079071
7878,78,78,-0.855,-0.855,0,nan,141,0.0,141,0.02199999988079071
7879,79,78,-0.8849999999999998,-0.855,0,nan,141,0.0,141,0.02199999988079071
7880,80,78,-0.915,-0.855,0,nan,141,0.0,141,0.02199999988079071
7881,81,78,-0.9449999999999998,-0.855,0,nan,141,0.0,141,0.02199999988079071
7882,82,78,-0.9750000000000001,-0.855,0,nan,141,0.0,141,0.02199999988079071
7883,83,78,-1.005,-0.855,0,nan,141,0.0,141,0.02199999988079071
7884,84,78,-1.0349999999999997,-0.855,0,nan,141,0.0,141,0.02199999988079071
7885,85,78,-1.065,-0.855,0,nan,141,0.0,141,0.02199999988079071
7886,86,78,-1.0949999999999998,-0.855,0,nan,141,0.0,141,0.02199999988079071
7887,87,78,-1.125,-0.855,0,nan,141,0.0,141,0.02199999988079071
7888,88,78,-1.1549999999999998,-0.855,0,nan,141,0.0,141,0.02199999988079071
7889,89,78,-1.185,-0.855,0,nan,141,0.0,141,0.02199999988079071
7890,90,78,-1.2149999999999999,-0.855,0,nan,141,0.0,141,0.02199999988079071
7891,91,78,-1.245,-0.855,0,nan,141,0.0,141,0.02199999988079071
7892,92,78,-1.275,-0.855,0,nan,141,0.0,141,0.02199999988079071
7893,93,78,-1.3049999999999997,-0.855,0,nan,141,0.0,141,0.02199999988079071
7894,94,78,-1.335,-0.855,0,nan,141,0.0,141,0.02199999988079071
7895,95,78,-1.3649999999999998,-0.855,0,nan,141,0.0,141,0.02199999988079071
7896,96,78,-1.395,-0.855,0,nan,141,0.0,141,0.02199999988079071
7897,97,78,-1.4249999999999998,-0.855,0,nan,141,0.0,141,0.0
7898,98,78,-1.455,-0.855,0,nan,141,0.0,141,0.0
7899,99,78,-1.4849999999999999,-0.855,0,nan,141,0.0,141,0.0
7900,0,79,1.485,-0.8849999999999998,0,nan,141,0.0,141,0.0
7901,1,79,1.455,-0.8849999999999998,0,nan,141,0.0,141,0.0
7902,2,79,1.425,-0.8849999999999998,0,nan,141,0.0,141,0.0
7903,3,79,1.395,-0.8849999999999998,0,nan,141,0.0,141,0.02199999988079071
7904,4,79,1.365,-0.8849999999999998,0,nan,141,0.0,141,0.02199999988079071
7905,5,79,1.335,-0.8849999999999998,0,nan,141,0.0,141,0.02199999988079071
7906,6,79,1.305,-0.8849999999999998,0,nan,141,0.0,141,0.02199999988079071
7907,7,79,1.275,-0.8849999999999998,0,nan,141,0.0,141,0.02199999988079071
7908,8,79,1.245,-0.8849999999999998,0,nan,141,0.0,141,0.02199999988079071
7909,9,79,1.215,-0.8849999999999998,0,nan,141,0.0,141,0.02199999988079071
7910,10,79,1.185,-0.8849999999999998,0,nan,141,0.0,141,0.02199999988079071
7911,11,79,1.155,-0.8849999999999998,0,nan,141,0.0,141,0.02199999988079071
7912,12,79,1.125,-0.8849999999999998,0,nan,141,0.0,141,0.02199999988079071
7913,13,79,1.095,-0.8849999999999998,0,nan,141,0.0,141,0.02199999988079071
7914,14,79,1.065,-0.8849999999999998,0,nan,141,0.0,141,0.02199999988079071
7915,15,79,1.0350000000000001,-0.8849999999999998,0,nan,141,0.0,141,0.02199999988079071
7916,16,79,1.005,-0.8849999999999998,0,nan,141,0.0,141,0.02199999988079071
7917,17,79,0.975,-0.8849999999999998,0,nan,141,0.0,141,0.02199999988079071
7918,18,79,0.9450000000000001,-0.8849999999999998,0,nan,141,0.0,141,0.02199999988079071
7919,19,79,0.915,-0.8849999999999998,0,nan,141,0.0,141,0.02199999988079071
7920,20,79,0.885,-0.8849999999999998,0,nan,141,0.0,141,0.02199999988079071
7921,21,79,0.855,-0.8849999999999998,0,nan,141,0.0,141,0.02199999988079071
7922,22,79,0.8250000000000001,-0.8849999999999998,0,nan,141,0.0,141,0.02199999988079071
7923,23,79,0.795,-0.8849999999999998,0,nan,141,0.0,141,0.02199999988079071
7924,24,79,0.765,-0.8849999999999998,0,nan,141,0.0,141,0.02199999988079071
7925,25,79,0.735,-0.8849999999999998,0,nan,141,0.0,141,0.02199999988079071
7926,26,79,0.7050000000000001,-0.8849999999999998,0,nan,141,0.0,141,0.02199999988079071
7927,27,79,0.675,-0.8849999999999998,0,nan,141,0.0,141,0.02199999988079071
7928,28,79,0.645,-0.8849999999999998,0,nan,141,0.0,141,0.02199999988079071
7929,29,79,0.615,-0.8849999999999998,0,nan,141,0.0,141,0.02199999988079071
7930,30,79,0.5850000000000001,-0.8849999999999998,0,nan,141,0.0,141,0.02199999988079071
7931,31,79,0.555,-0.8849999999999998,0,nan,141,0.0,141,0.02199999988079071
7932,32,79,0.525,-0.8849999999999998,0,nan,141,0.0,141,0.02199999988079071
7933,33,79,0.4950000000000001,-0.8849999999999998,0,nan,141,0.0,141,0.02199999988079071
7934,34,79,0.4650000000000001,-0.8849999999999998,0,nan,141,0.0,141,0.02199999988079071
7935,35,79,0.43500000000000005,-0.8849999999999998,0,nan,141,0.0,141,0.02199999988079071
7936,36,79,0.405,-0.8849999999999998,0,nan,141,0.0,141,0.02199999988079071
7937,37,79,0.375,-0.8849999999999998,0,nan,141,0.0,141,0.02199999988079071
7938,38,79,0.345,-0.8849999999999998,0,nan,141,0.0,141,0.02199999988079071
7939,39,79,0.31499999999999995,-0.8849999999999998,0,nan,141,0.0,141,0.02199999988079071
7940,40,79,0.28500000000000014,-0.8849999999999998,0,nan,141,0.0,141,0.02199999988079071
7941,41,79,0.2550000000000001,-0.8849999999999998,0,nan,141,0.0,141,0.02199999988079071
7942,42,79,0.2250000000000001,-0.8849999999999998,0,nan,141,0.0,141,0.02199999988079071
7943,43,79,0.19500000000000006,-0.8849999999999998,0,nan,141,0.0,141,0.02199999988079071
7944,44,79,0.16500000000000004,-0.8849999999999998,0,nan,141,0.0,141,0.02199999988079071
7945,45,79,0.135,-0.8849999999999998,0,nan,141,0.0,141,0.02199999988079071
7946,46,79,0.10499999999999998,-0.8849999999999998,0,nan,141,0.0,141,0.02199999988079071
7947,47,79,0.07499999999999996,-0.8849999999999998,0,nan,141,0.0,141,0.02199999988079071
7948,48,79,0.04500000000000015,-0.8849999999999998,0,nan,141,0.0,141,0.02199999988079071
7949,49,79,0.015000000000000124,-0.8849999999999998,0,nan,141,0.0,141,0.02199999988079071
7950,50,79,-0.014999999999999902,-0.8849999999999998,0,nan,141,0.0,141,0.02199999988079071
7951,51,79,-0.04499999999999993,-0.8849999999999998,0,nan,141,0.0,141,0.02199999988079071
7952,52,79,-0.07499999999999996,-0.8849999999999998,0,nan,141,0.0,141,0.02199999988079071
7953,53,79,-0.10499999999999998,-0.8849999999999998,0,nan,141,0.0,141,0.02199999988079071
7954,54,79,-0.135,-0.8849999999999998,0,nan,141,0.0,141,0.02199999988079071
7955,55,79,-0.16500000000000004,-0.8849999999999998,0,nan,141,0.0,141,0.02199999988079071
7956,56,79,-0.19499999999999984,-0.8849999999999998,0,nan,141,0.0,141,0.02199999988079071
7957,57,79,-0.22499999999999987,-0.8849999999999998,0,nan,141,0.0,141,0.02199999988079071
7958,58,79,-0.2549999999999999,-0.8849999999999998,0,nan,141,0.0,141,0.02199999988079071
7959,59,79,-0.2849999999999999,-0.8849999999999998,0,nan,141,0.0,141,0.02199999988079071
7960,60,79,-0.31499999999999995,-0.8849999999999998,0,nan,141,0.0,141,0.02199999988079071
7961,61,79,-0.345,-0.8849999999999998,0,nan,141,0.0,141,0.02199999988079071
7962,62,79,-0.375,-0.8849999999999998,0,nan,141,0.0,141,0.02199999988079071
7963,63,79,-0.405,-0.8849999999999998,0,nan,141,0.0,141,0.02199999988079071
7964,64,79,-0.43499999999999983,-0.8849999999999998,0,nan,141,0.0,141,0.02199999988079071
7965,65,79,-0.46499999999999986,-0.8849999999999998,0,nan,141,0.0,141,0.02199999988079071
7966,66,79,-0.4949999999999999,-0.8849999999999998,0,nan,141,0.0,141,0.02199999988079071
7967,67,79,-0.5249999999999999,-0.8849999999999998,0,nan,141,0.0,141,0.02199999988079071
7968,68,79,-0.5549999999999997,-0.8849999999999998,0,nan,141,0.0,141,0.02199999988079071
7969,69,79,-0.585,-0.8849999999999998,0,nan,141,0.0,141,0.02199999988079071
7970,70,79,-0.6149999999999998,-0.8849999999999998,0,nan,141,0.0,141,0.02199999988079071
7971,71,79,-0.645,-0.8849999999999998,0,nan,141,0.0,141,0.02199999988079071
7972,72,79,-0.6749999999999998,-0.8849999999999998,0,nan,141,0.0,141,0.02199999988079071
7973,73,79,-0.7050000000000001,-0.8849999999999998,0,nan,141,0.0,141,0.02199999988079071
7974,74,79,-0.7349999999999999,-0.8849999999999998,0,nan,141,0.0,141,0.02199999988079071
7975,75,79,-0.7650000000000001,-0.8849999999999998,0,nan,141,0.0,141,0.02199999988079071
7976,76,79,-0.7949999999999999,-0.8849999999999998,0,nan,141,0.0,141,0.02199999988079071
7977,77,79,-0.8249999999999997,-0.8849999999999998,0,nan,141,0.0,141,0.02199999988079071
7978,78,79,-0.855,-0.8849999999999998,0,nan,141,0.0,141,0.02199999988079071
7979,79,79,-0.8849999999999998,-0.8849999999999998,0,nan,141,0.0,141,0.02199999988079071
7980,80,79,-0.915,-0.8849999999999998,0,nan,141,0.0,141,0.02199999988079071
7981,81,79,-0.9449999999999998,-0.8849999999999998,0,nan,141,0.0,141,0.02199999988079071
7982,82,79,-0.9750000000000001,-0.8849999999999998,0,nan,141,0.0,141,0.02199999988079071
7983,83,79,-1.005,-0.8849999999999998,0,nan,141,0.0,141,0.02199999988079071
7984,84,79,-1.0349999999999997,-0.8849999999999998,0,nan,141,0.0,141,0.02199999988079071
7985,85,79,-1.065,-0.8849999999999998,0,nan,141,0.0,141,0.02199999988079071
7986,86,79,-1.0949999999999998,-0.8849999999999998,0,nan,141,0.0,141,0.02199999988079071
7987,87,79,-1.125,-0.8849999999999998,0,nan,141,0.0,141,0.02199999988079071
7988,88,79,-1.1549999999999998,-0.8849999999999998,0,nan,141,0.0,141,0.02199999988079071
7989,89,79,-1.185,-0.8849999999999998,0,nan,141,0.0,141,0.02199999988079071
7990,90,79,-1.2149999999999999,-0.8849999999999998,0,nan,141,0.0,141,0.02199999988079071
7991,91,79,-1.245,-0.8849999999999998,0,nan,141,0.0,141,0.02199999988079071
7992,92,79,-1.275,-0.8849999999999998,0,nan,141,0.0,141,0.02199999988079071
7993,93,79,-1.3049999999999997,-0.8849999999999998,0,nan,141,0.0,141,0.02199999988079071
7994,94,79,-1.335,-0.8849999999999998,0,nan,141,0.0,141,0.02199999988079071
7995,95,79,-1.3649999999999998,-0.8849999999999998,0,nan,141,0.0,141,0.02199999988079071
7996,96,79,-1.395,-0.8849999999999998,0,nan,141,0.0,141,0.02199999988079071
7997,97,79,-1.4249999999999998,-0.8849999999999998,0,nan,141,0.0,141,0.0
7998,98,79,-1.455,-0.8849999999999998,0,nan,141,0.0,141,0.0
7999,99,79,-1.4849999999999999,-0.8849999999999998,0,nan,141,0.0,141,0.0
8000,0,80,1.485,-0.915,0,nan,141,0.0,141,0.0
8001,1,80,1.455,-0.915,0,nan,141,0.0,141,0.0
8002,2,80,1.425,-0.915,0,nan,141,0.0,141,0.0
8003,3,80,1.395,-0.915,0,nan,141,0.0,141,0.02199999988079071
8004,4,80,1.365,-0.915,0,nan,141,0.0,141,0.02199999988079071
8005,5,80,1.335,-0.915,0,nan,141,0.0,141,0.02199999988079071
8006,6,80,1.305,-0.915,0,nan,141,0.0,141,0.02199999988079071
8007,7,80,1.275,-0.915,0,nan,141,0.0,141,0.02199999988079071
8008,8,80,1.245,-0.915,0,nan,141,0.0,141,0.02199999988079071
8009,9,80,1.215,-0.915,0,nan,141,0.0,141,0.02199999988079071
8010,10,80,1.185,-0.915,0,nan,141,0.0,141,0.02199999988079071
8011,11,80,1.155,-0.915,0,nan,141,0.0,141,0.02199999988079071
8012,12,80,1.125,-0.915,0,nan,141,0.0,141,0.02199999988079071
8013,13,80,1.095,-0.915,0,nan,141,0.0,141,0.02199999988079071
8014,14,80,1.065,-0.915,0,nan,141,0.0,141,0.02199999988079071
8015,15,80,1.0350000000000001,-0.915,0,nan,141,0.0,141,0.02199999988079071
8016,16,80,1.005,-0.915,0,nan,141,0.0,141,0.02199999988079071
8017,17,80,0.975,-0.915,0,nan,141,0.0,141,0.02199999988079071
8018,18,80,0.9450000000000001,-0.915,0,nan,141,0.0,141,0.02199999988079071
8019,19,80,0.915,-0.915,0,nan,141,0.0,141,0.02199999988079071
8020,20,80,0.885,-0.915,0,nan,141,0.0,141,0.02199999988079071
8021,21,80,0.855,-0.915,0,nan,141,0.0,141,0.02199999988079071
8022,22,80,0.8250000000000001,-0.915,0,nan,141,0.0,141,0.02199999988079071
8023,23,80,0.795,-0.915,0,nan,141,0.0,141,0.02199999988079071
8024,24,80,0.765,-0.915,0,nan,141,0.0,141,0.02199999988079071
8025,25,80,0.735,-0.915,0,nan,141,0.0,141,0.02199999988079071
8026,26,80,0.7050000000000001,-0.915,0,nan,141,0.0,141,0.02199999988079071
8027,27,80,0.675,-0.915,0,nan,141,0.0,141,0.02199999988079071
8028,28,80,0.645,-0.915,0,nan,141,0.0,141,0.02199999988079071
8029,29,80,0.615,-0.915,0,nan,141,0.0,141,0.02199999988079071
8030,30,80,0.5850000000000001,-0.915,0,nan,141,0.0,141,0.02199999988079071
8031,31,80,0.555,-0.915,0,nan,141,0.0,141,0.02199999988079071
8032,32,80,0.525,-0.915,0,nan,141,0.0,141,0.02199999988079071
8033,33,80,0.4950000000000001,-0.915,0,nan,141,0.0,141,0.02199999988079071
8034,34,80,0.4650000000000001,-0.915,0,nan,141,0.0,141,0.02199999988079071
8035,35,80,0.43500000000000005,-0.915,0,nan,141,0.0,141,0.02199999988079071
8036,36,80,0.405,-0.915,0,nan,141,0.0,141,0.02199999988079071
8037,37,80,0.375,-0.915,0,nan,141,0.0,141,0.02199999988079071
8038,38,80,0.345,-0.915,0,nan,141,0.0,141,0.02199999988079071
8039,39,80,0.31499999999999995,-0.915,0,nan,141,0.0,141,0.02199999988079071
8040,40,80,0.28500000000000014,-0.915,0,nan,141,0.0,141,0.02199999988079071
8041,41,80,0.2550000000000001,-0.915,0,nan,141,0.0,141,0.02199999988079071
8042,42,80,0.2250000000000001,-0.915,0,nan,141,0.0,141,0.02199999988079071
8043,43,80,0.19500000000000006,-0.915,0,nan,141,0.0,141,0.02199999988079071
8044,44,80,0.16500000000000004,-0.915,0,nan,141,0.0,141,0.02199999988079071
8045,45,80,0.135,-0.915,0,nan,141,0.0,141,0.02199999988079071
8046,46,80,0.10499999999999998,-0.915,0,nan,141,0.0,141,0.02199999988079071
8047,47,80,0.07499999999999996,-0.915,0,nan,141,0.0,141,0.02199999988079071
8048,48,80,0.04500000000000015,-0.915,0,nan,141,0.0,141,0.02199999988079071
8049,49,80,0.015000000000000124,-0.915,0,nan,141,0.0,141,0.02199999988079071
8050,50,80,-0.014999999999999902,-0.915,0,nan,141,0.0,141,0.02199999988079071
8051,51,80,-0.04499999999999993,-0.915,0,nan,141,0.0,141,0.02199999988079071
8052,52,80,-0.07499999999999996,-0.915,0,nan,141,0.0,141,0.02199999988079071
8053,53,80,-0.10499999999999998,-0.915,0,nan,141,0.0,141,0.02199999988079071
8054,54,80,-0.135,-0.915,0,nan,141,0.0,141,0.02199999988079071
8055,55,80,-0.16500000000000004,-0.915,0,nan,141,0.0,141,0.02199999988079071
8056,56,80,-0.19499999999999984,-0.915,0,nan,141,0.0,141,0.02199999988079071
8057,57,80,-0.22499999999999987,-0.915,0,nan,141,0.0,141,0.02199999988079071
8058,58,80,-0.2549999999999999,-0.915,0,nan,141,0.0,141,0.02199999988079071
8059,59,80,-0.2849999999999999,-0.915,0,nan,141,0.0,141,0.02199999988079071
8060,60,80,-0.31499999999999995,-0.915,0,nan,141,0.0,141,0.02199999988079071
8061,61,80,-0.345,-0.915,0,nan,141,0.0,141,0.02199999988079071
8062,62,80,-0.375,-0.915,0,nan,141,0.0,141,0.02199999988079071
8063,63,80,-0.405,-0.915,0,nan,141,0.0,141,0.02199999988079071
8064,64,80,-0.43499999999999983,-0.915,0,nan,141,0.0,141,0.02199999988079071
8065,65,80,-0.46499999999999986,-0.915,0,nan,141,0.0,141,0.02199999988079071
8066,66,80,-0.4949999999999999,-0.915,0,nan,141,0.0,141,0.02199999988079071
8067,67,80,-0.5249999999999999,-0.915,0,nan,141,0.0,141,0.02199999988079071
8068,68,80,-0.5549999999999997,-0.915,0,nan,141,0.0,141,0.02199999988079071
8069,69,80,-0.585,-0.915,0,nan,141,0.0,141,0.02199999988079071
8070,70,80,-0.6149999999999998,-0.915,0,nan,141,0.0,141,0.02199999988079071
8071,71,80,-0.645,-0.915,0,nan,141,0.0,141,0.02199999988079071
8072,72,80,-0.6749999999999998,-0.915,0,nan,141,0.0,141,0.02199999988079071
8073,73,80,-0.7050000000000001,-0.915,0,nan,141,0.0,141,0.02199999988079071
8074,74,80,-0.7349999999999999,-0.915,0,nan,141,0.0,141,0.02199999988079071
8075,75,80,-0.7650000000000001,-0.915,0,nan,141,0.0,141,0.02199999988079071
8076,76,80,-0.7949999999999999,-0.915,0,nan,141,0.0,141,0.02199999988079071
8077,77,80,-0.8249999999999997,-0.915,0,nan,141,0.0,141,0.02199999988079071
8078,78,80,-0.855,-0.915,0,nan,141,0.0,141,0.02199999988079071
8079,79,80,-0.8849999999999998,-0.915,0,nan,141,0.0,141,0.02199999988079071
8080,80,80,-0.915,-0.915,0,nan,141,0.0,141,0.02199999988079071
8081,81,80,-0.9449999999999998,-0.915,0,nan,141,0.0,141,0.02199999988079071
8082,82,80,-0.9750000000000001,-0.915,0,nan,141,0.0,141,0.02199999988079071
8083,83,80,-1.005,-0.915,0,nan,141,0.0,141,0.02199999988079071
8084,84,80,-1.0349999999999997,-0.915,0,nan,141,0.0,141,0.02199999988079071
8085,85,80,-1.065,-0.915,0,nan,141,0.0,141,0.02199999988079071
8086,86,80,-1.0949999999999998,-0.915,0,nan,141,0.0,141,0.02199999988079071
8087,87,80,-1.125,-0.915,0,nan,141,0.0,141,0.02199999988079071
8088,88,80,-1.1549999999999998,-0.915,0,nan,141,0.0,141,0.02199999988079071
8089,89,80,-1.185,-0.915,0,nan,141,0.0,141,0.02199999988079071
8090,90,80,-1.2149999999999999,-0.915,0,nan,141,0.0,141,0.02199999988079071
8091,91,80,-1.245,-0.915,0,nan,141,0.0,141,0.02199999988079071
8092,92,80,-1.275,-0.915,0,nan,141,0.0,141,0.02199999988079071
8093,93,80,-1.3049999999999997,-0.915,0,nan,141,0.0,141,0.02199999988079071
8094,94,80,-1.335,-0.915,0,nan,141,0.0,141,0.02199999988079071
8095,95,80,-1.3649999999999998,-0.915,0,nan,141,0.0,141,0.02199999988079071
8096,96,80,-1.395,-0.915,0,nan,141,0.0,141,0.02199999988079071
8097,97,80,-1.4249999999999998,-0.915,0,nan,141,0.0,141,0.0
8098,98,80,-1.455,-0.915,0,nan,141,0.0,141,0.0
8099,99,80,-1.4849999999999999,-0.915,0,nan,141,0.0,141,0.0
8100,0,81,1.485,-0.9449999999999998,0,nan,141,0.0,141,0.0
8101,1,81,1.455,-0.9449999999999998,0,nan,141,0.0,141,0.0
8102,2,81,1.425,-0.9449999999999998,0,nan,141,0.0,141,0.0
8103,3,81,1.395,-0.9449999999999998,0,nan,141,0.0,141,0.02199999988079071
8104,4,81,1.365,-0.9449999999999998,0,nan,141,0.0,141,0.02199999988079071
8105,5,81,1.335,-0.9449999999999998,0,nan,141,0.0,141,0.02199999988079071
8106,6,81,1.305,-0.9449999999999998,0,nan,141,0.0,141,0.02199999988079071
8107,7,81,1.275,-0.9449999999999998,0,nan,141,0.0,141,0.02199999988079071
8108,8,81,1.245,-0.9449999999999998,0,nan,141,0.0,141,0.02199999988079071
8109,9,81,1.215,-0.9449999999999998,0,nan,141,0.0,141,0.02199999988079071
8110,10,81,1.185,-0.9449999999999998,0,nan,141,0.0,141,0.02199999988079071
8111,11,81,1.155,-0.9449999999999998,0,nan,141,0.0,141,0.02199999988079071
8112,12,81,1.125,-0.9449999999999998,0,nan,141,0.0,141,0.02199999988079071
8113,13,81,1.095,-0.9449999999999998,0,nan,141,0.0,141,0.02199999988079071
8114,14,81,1.065,-0.9449999999999998,0,nan,141,0.0,141,0.02199999988079071
8115,15,81,1.0350000000000001,-0.9449999999999998,0,nan,141,0.0,141,0.02199999988079071
8116,16,81,1.005,-0.9449999999999998,0,nan,141,0.0,141,0.02199999988079071
8117,17,81,0.975,-0.9449999999999998,0,nan,141,0.0,141,0.02199999988079071
8118,18,81,0.9450000000000001,-0.9449999999999998,0,nan,141,0.0,141,0.02199999988079071
8119,19,81,0.915,-0.9449999999999998,0,nan,141,0.0,141,0.02199999988079071
8120,20,81,0.885,-0.9449999999999998,0,nan,141,0.0,141,0.02199999988079071
8121,21,81,0.855,-0.9449999999999998,0,nan,141,0.0,141,0.02199999988079071
8122,22,81,0.8250000000000001,-0.9449999999999998,0,nan,141,0.0,141,0.02199999988079071
8123,23,81,0.795,-0.9449999999999998,0,nan,141,0.0,141,0.02199999988079071
8124,24,81,0.765,-0.9449999999999998,0,nan,141,0.0,141,0.02199999988079071
8125,25,81,0.735,-0.9449999999999998,0,nan,141,0.0,141,0.02199999988079071
8126,26,81,0.7050000000000001,-0.9449999999999998,0,nan,141,0.0,141,0.02199999988079071
8127,27,81,0.675,-0.9449999999999998,0,nan,141,0.0,141,0.02199999988079071
8128,28,81,0.645,-0.9449999999999998,0,nan,141,0.0,141,0.02199999988079071
8129,29,81,0.615,-0.9449999999999998,0,nan,141,0.0,141,0.02199999988079071
8130,30,81,0.5850000000000001,-0.9449999999999998,0,nan,141,0.0,141,0.02199999988079071
8131,31,81,0.555,-0.9449999999999998,0,nan,141,0.0,141,0.02199999988079071
8132,32,81,0.525,-0.9449999999999998,0,nan,141,0.0,141,0.02199999988079071
8133,33,81,0.4950000000000001,-0.9449999999999998,0,nan,141,0.0,141,0.02199999988079071
8134,34,81,0.4650000000000001,-0.9449999999999998,0,nan,141,0.0,141,0.02199999988079071
8135,35,81,0.43500000000000005,-0.9449999999999998,0,nan,141,0.0,141,0.02199999988079071
8136,36,81,0.405,-0.9449999999999998,0,nan,141,0.0,141,0.02199999988079071
8137,37,81,0.375,-0.9449999999999998,0,nan,141,0.0,141,0.02199999988079071
8138,38,81,0.345,-0.9449999999999998,0,nan,141,0.0,141,0.02199999988079071
8139,39,81,0.31499999999999995,-0.9449999999999998,0,nan,141,0.0,141,0.02199999988079071
8140,40,81,0.28500000000000014,-0.9449999999999998,0,nan,141,0.0,141,0.02199999988079071
8141,41,81,0.2550000000000001,-0.9449999999999998,0,nan,141,0.0,141,0.02199999988079071
8142,42,81,0.2250000000000001,-0.9449999999999998,0,nan,141,0.0,141,0.02199999988079071
8143,43,81,0.19500000000000006,-0.9449999999999998,0,nan,141,0.0,141,0.02199999988079071
8144,44,81,0.16500000000000004,-0.9449999999999998,0,nan,141,0.0,141,0.02199999988079071
8145,45,81,0.135,-0.9449999999999998,0,nan,141,0.0,141,0.02199999988079071
8146,46,81,0.10499999999999998,-0.9449999999999998,0,nan,141,0.0,141,0.02199999988079071
8147,47,81,0.07499999999999996,-0.9449999999999998,0,nan,141,0.0,141,0.02199999988079071
8148,48,81,0.04500000000000015,-0.9449999999999998,0,nan,141,0.0,141,0.02199999988079071
8149,49,81,0.015000000000000124,-0.9449999999999998,0,nan,141,0.0,141,0.02199999988079071
8150,50,81,-0.014999999999999902,-0.9449999999999998,0,nan,141,0.0,141,0.02199999988079071
8151,51,81,-0.04499999999999993,-0.9449999999999998,0,nan,141,0.0,141,0.02199999988079071
8152,52,81,-0.07499999999999996,-0.9449999999999998,0,nan,141,0.0,141,0.02199999988079071
8153,53,81,-0.10499999999999998,-0.9449999999999998,0,nan,141,0.0,141,0.02199999988079071
8154,54,81,-0.135,-0.9449999999999998,0,nan,141,0.0,141,0.02199999988079071
8155,55,81,-0.16500000000000004,-0.9449999999999998,0,nan,141,0.0,141,0.02199999988079071
8156,56,81,-0.19499999999999984,-0.9449999999999998,0,nan,141,0.0,141,0.02199999988079071
8157,57,81,-0.22499999999999987,-0.9449999999999998,0,nan,141,0.0,141,0.02199999988079071
8158,58,81,-0.2549999999999999,-0.9449999999999998,0,nan,141,0.0,141,0.02199999988079071
8159,59,81,-0.2849999999999999,-0.9449999999999998,0,nan,141,0.0,141,0.02199999988079071
8160,60,81,-0.31499999999999995,-0.9449999999999998,0,nan,141,0.0,141,0.02199999988079071
8161,61,81,-0.345,-0.9449999999999998,0,nan,141,0.0,141,0.02199999988079071
8162,62,81,-0.375,-0.9449999999999998,0,nan,141,0.0,141,0.02199999988079071
8163,63,81,-0.405,-0.9449999999999998,0,nan,141,0.0,141,0.02199999988079071
8164,64,81,-0.43499999999999983,-0.9449999999999998,0,nan,141,0.0,141,0.02199999988079071
8165,65,81,-0.46499999999999986,-0.9449999999999998,0,nan,141,0.0,141,0.02199999988079071
8166,66,81,-0.4949999999999999,-0.9449999999999998,0,nan,141,0.0,141,0.02199999988079071
8167,67,81,-0.5249999999999999,-0.9449999999999998,0,nan,141,0.0,141,0.02199999988079071
8168,68,81,-0.5549999999999997,-0.9449999999999998,0,nan,141,0.0,141,0.02199999988079071
8169,69,81,-0.585,-0.9449999999999998,0,nan,141,0.0,141,0.02199999988079071
8170,70,81,-0.6149999999999998,-0.9449999999999998,0,nan,141,0.0,141,0.02199999988079071
8171,71,81,-0.645,-0.9449999999999998,0,nan,141,0.0,141,0.02199999988079071
8172,72,81,-0.6749999999999998,-0.9449999999999998,0,nan,141,0.0,141,0.02199999988079071
8173,73,81,-0.7050000000000001,-0.9449999999999998,0,nan,141,0.0,141,0.02199999988079071
8174,74,81,-0.7349999999999999,-0.9449999999999998,0,nan,141,0.0,141,0.02199999988079071
8175,75,81,-0.7650000000000001,-0.9449999999999998,0,nan,141,0.0,141,0.02199999988079071
8176,76,81,-0.7949999999999999,-0.9449999999999998,0,nan,141,0.0,141,0.02199999988079071
8177,77,81,-0.8249999999999997,-0.9449999999999998,0,nan,141,0.0,141,0.02199999988079071
8178,78,81,-0.855,-0.9449999999999998,0,nan,141,0.0,141,0.02199999988079071
8179,79,81,-0.8849999999999998,-0.9449999999999998,0,nan,141,0.0,141,0.02199999988079071
8180,80,81,-0.915,-0.9449999999999998,0,nan,141,0.0,141,0.02199999988079071
8181,81,81,-0.9449999999999998,-0.9449999999999998,0,nan,141,0.0,141,0.02199999988079071
8182,82,81,-0.9750000000000001,-0.9449999999999998,0,nan,141,0.0,141,0.02199999988079071
8183,83,81,-1.005,-0.9449999999999998,0,nan,141,0.0,141,0.02199999988079071
8184,84,81,-1.0349999999999997,-0.9449999999999998,0,nan,141,0.0,141,0.02199999988079071
8185,85,81,-1.065,-0.9449999999999998,0,nan,141,0.0,141,0.02199999988079071
8186,86,81,-1.0949999999999998,-0.9449999999999998,0,nan,141,0.0,141,0.02199999988079071
8187,87,81,-1.125,-0.9449999999999998,0,nan,141,0.0,141,0.02199999988079071
8188,88,81,-1.1549999999999998,-0.9449999999999998,0,nan,141,0.0,141,0.02199999988079071
8189,89,81,-1.185,-0.9449999999999998,0,nan,141,0.0,141,0.02199999988079071
8190,90,81,-1.2149999999999999,-0.9449999999999998,0,nan,141,0.0,141,0.02199999988079071
8191,91,81,-1.245,-0.9449999999999998,0,nan,141,0.0,141,0.02199999988079071
8192,92,81,-1.275,-0.9449999999999998,0,nan,141,0.0,141,0.02199999988079071
8193,93,81,-1.3049999999999997,-0.9449999999999998,0,nan,141,0.0,141,0.02199999988079071
8194,94,81,-1.335,-0.9449999999999998,0,nan,141,0.0,141,0.02199999988079071
8195,95,81,-1.3649999999999998,-0.9449999999999998,0,nan,141,0.0,141,0.02199999988079071
8196,96,81,-1.395,-0.9449999999999998,0,nan,141,0.0,141,0.02199999988079071
8197,97,81,-1.4249999999999998,-0.9449999999999998,0,nan,141,0.0,141,0.0
8198,98,81,-1.455,-0.9449999999999998,0,nan,141,0.0,141,0.0
8199,99,81,-1.4849999999999999,-0.9449999999999998,0,nan,141,0.0,141,0.0
8200,0,82,1.485,-0.9750000000000001,0,nan,141,0.0,141,0.0
8201,1,82,1.455,-0.9750000000000001,0,nan,141,0.0,141,0.0
8202,2,82,1.425,-0.9750000000000001,0,nan,141,0.0,141,0.0
8203,3,82,1.395,-0.9750000000000001,0,nan,141,0.0,141,0.02199999988079071
8204,4,82,1.365,-0.9750000000000001,0,nan,141,0.0,141,0.02199999988079071
8205,5,82,1.335,-0.9750000000000001,0,nan,141,0.0,141,0.02199999988079071
8206,6,82,1.305,-0.9750000000000001,0,nan,141,0.0,141,0.02199999988079071
8207,7,82,1.275,-0.9750000000000001,0,nan,141,0.0,141,0.02199999988079071
8208,8,82,1.245,-0.9750000000000001,0,nan,141,0.0,141,0.02199999988079071
8209,9,82,1.215,-0.9750000000000001,0,nan,141,0.0,141,0.02199999988079071
8210,10,82,1.185,-0.9750000000000001,0,nan,141,0.0,141,0.02199999988079071
8211,11,82,1.155,-0.9750000000000001,0,nan,141,0.0,141,0.02199999988079071
8212,12,82,1.125,-0.9750000000000001,0,nan,141,0.0,141,0.02199999988079071
8213,13,82,1.095,-0.9750000000000001,0,nan,141,0.0,141,0.02199999988079071
8214,14,82,1.065,-0.9750000000000001,0,nan,141,0.0,141,0.02199999988079071
8215,15,82,1.0350000000000001,-0.9750000000000001,0,nan,141,0.0,141,0.02199999988079071
8216,16,82,1.005,-0.9750000000000001,0,nan,141,0.0,141,0.02199999988079071
8217,17,82,0.975,-0.9750000000000001,0,nan,141,0.0,141,0.02199999988079071
8218,18,82,0.9450000000000001,-0.9750000000000001,0,nan,141,0.0,141,0.02199999988079071
8219,19,82,0.915,-0.9750000000000001,0,nan,141,0.0,141,0.02199999988079071
8220,20,82,0.885,-0.9750000000000001,0,nan,141,0.0,141,0.02199999988079071
8221,21,82,0.855,-0.9750000000000001,0,nan,141,0.0,141,0.02199999988079071
8222,22,82,0.8250000000000001,-0.9750000000000001,0,nan,141,0.0,141,0.02199999988079071
8223,23,82,0.795,-0.9750000000000001,0,nan,141,0.0,141,0.02199999988079071
8224,24,82,0.765,-0.9750000000000001,0,nan,141,0.0,141,0.02199999988079071
8225,25,82,0.735,-0.9750000000000001,0,nan,141,0.0,141,0.02199999988079071
8226,26,82,0.7050000000000001,-0.9750000000000001,0,nan,141,0.0,141,0.02199999988079071
8227,27,82,0.675,-0.9750000000000001,0,nan,141,0.0,141,0.02199999988079071
8228,28,82,0.645,-0.9750000000000001,0,nan,141,0.0,141,0.02199999988079071
8229,29,82,0.615,-0.9750000000000001,0,nan,141,0.0,141,0.02199999988079071
8230,30,82,0.5850000000000001,-0.9750000000000001,0,nan,141,0.0,141,0.02199999988079071
8231,31,82,0.555,-0.9750000000000001,0,nan,141,0.0,141,0.02199999988079071
8232,32,82,0.525,-0.9750000000000001,0,nan,141,0.0,141,0.02199999988079071
8233,33,82,0.4950000000000001,-0.9750000000000001,0,nan,141,0.0,141,0.02199999988079071
8234,34,82,0.4650000000000001,-0.9750000000000001,0,nan,141,0.0,141,0.02199999988079071
8235,35,82,0.43500000000000005,-0.9750000000000001,0,nan,141,0.0,141,0.02199999988079071
8236,36,82,0.405,-0.9750000000000001,0,nan,141,0.0,141,0.02199999988079071
8237,37,82,0.375,-0.9750000000000001,0,nan,141,0.0,141,0.02199999988079071
8238,38,82,0.345,-0.9750000000000001,0,nan,141,0.0,141,0.02199999988079071
8239,39,82,0.31499999999999995,-0.9750000000000001,0,nan,141,0.0,141,0.02199999988079071
8240,40,82,0.28500000000000014,-0.9750000000000001,0,nan,141,0.0,141,0.02199999988079071
8241,41,82,0.2550000000000001,-0.9750000000000001,0,nan,141,0.0,141,0.02199999988079071
8242,42,82,0.2250000000000001,-0.9750000000000001,0,nan,141,0.0,141,0.02199999988079071
8243,43,82,0.19500000000000006,-0.9750000000000001,0,nan,141,0.0,141,0.02199999988079071
8244,44,82,0.16500000000000004,-0.9750000000000001,0,nan,141,0.0,141,0.02199999988079071
8245,45,82,0.135,-0.9750000000000001,0,nan,141,0.0,141,0.02199999988079071
8246,46,82,0.10499999999999998,-0.9750000000000001,0,nan,141,0.0,141,0.02199999988079071
8247,47,82,0.07499999999999996,-0.9750000000000001,0,nan,141,0.0,141,0.02199999988079071
8248,48,82,0.04500000000000015,-0.9750000000000001,0,nan,141,0.0,141,0.02199999988079071
8249,49,82,0.015000000000000124,-0.9750000000000001,0,nan,141,0.0,141,0.02199999988079071
8250,50,82,-0.014999999999999902,-0.9750000000000001,0,nan,141,0.0,141,0.02199999988079071
8251,51,82,-0.04499999999999993,-0.9750000000000001,0,nan,141,0.0,141,0.02199999988079071
8252,52,82,-0.07499999999999996,-0.9750000000000001,0,nan,141,0.0,141,0.02199999988079071
8253,53,82,-0.10499999999999998,-0.9750000000000001,0,nan,141,0.0,141,0.02199999988079071
8254,54,82,-0.135,-0.9750000000000001,0,nan,141,0.0,141,0.02199999988079071
8255,55,82,-0.16500000000000004,-0.9750000000000001,0,nan,141,0.0,141,0.02199999988079071
8256,56,82,-0.19499999999999984,-0.9750000000000001,0,nan,141,0.0,141,0.02199999988079071
8257,57,82,-0.22499999999999987,-0.9750000000000001,0,nan,141,0.0,141,0.02199999988079071
8258,58,82,-0.2549999999999999,-0.9750000000000001,0,nan,141,0.0,141,0.02199999988079071
8259,59,82,-0.2849999999999999,-0.9750000000000001,0,nan,141,0.0,141,0.02199999988079071
8260,60,82,-0.31499999999999995,-0.9750000000000001,0,nan,141,0.0,141,0.02199999988079071
8261,61,82,-0.345,-0.9750000000000001,0,nan,141,0.0,141,0.02199999988079071
8262,62,82,-0.375,-0.9750000000000001,0,nan,141,0.0,141,0.02199999988079071
8263,63,82,-0.405,-0.9750000000000001,0,nan,141,0.0,141,0.02199999988079071
8264,64,82,-0.43499999999999983,-0.9750000000000001,0,nan,141,0.0,141,0.02199999988079071
8265,65,82,-0.46499999999999986,-0.9750000000000001,0,nan,141,0.0,141,0.02199999988079071
8266,66,82,-0.4949999999999999,-0.9750000000000001,0,nan,141,0.0,141,0.02199999988079071
8267,67,82,-0.5249999999999999,-0.9750000000000001,0,nan,141,0.0,141,0.02199999988079071
8268,68,82,-0.5549999999999997,-0.9750000000000001,0,nan,141,0.0,141,0.02199999988079071
8269,69,82,-0.585,-0.9750000000000001,0,nan,141,0.0,141,0.02199999988079071
8270,70,82,-0.6149999999999998,-0.9750000000000001,0,nan,141,0.0,141,0.02199999988079071
8271,71,82,-0.645,-0.9750000000000001,0,nan,141,0.0,141,0.02199999988079071
8272,72,82,-0.6749999999999998,-0.9750000000000001,0,nan,141,0.0,141,0.02199999988079071
8273,73,82,-0.7050000000000001,-0.9750000000000001,0,nan,141,0.0,141,0.02199999988079071
8274,74,82,-0.7349999999999999,-0.9750000000000001,0,nan,141,0.0,141,0.02199999988079071
8275,75,82,-0.7650000000000001,-0.9750000000000001,0,nan,141,0.0,141,0.02199999988079071
8276,76,82,-0.7949999999999999,-0.9750000000000001,0,nan,141,0.0,141,0.02199999988079071
8277,77,82,-0.8249999999999997,-0.9750000000000001,0,nan,141,0.0,141,0.02199999988079071
8278,78,82,-0.855,-0.9750000000000001,0,nan,141,0.0,141,0.02199999988079071
8279,79,82,-0.8849999999999998,-0.9750000000000001,0,nan,141,0.0,141,0.02199999988079071
8280,80,82,-0.915,-0.9750000000000001,0,nan,141,0.0,141,0.02199999988079071
8281,81,82,-0.9449999999999998,-0.9750000000000001,0,nan,141,0.0,141,0.02199999988079071
8282,82,82,-0.9750000000000001,-0.9750000000000001,0,nan,141,0.0,141,0.02199999988079071
8283,83,82,-1.005,-0.9750000000000001,0,nan,141,0.0,141,0.02199999988079071
8284,84,82,-1.0349999999999997,-0.9750000000000001,0,nan,141,0.0,141,0.02199999988079071
8285,85,82,-1.065,-0.9750000000000001,0,nan,141,0.0,141,0.02199999988079071
8286,86,82,-1.0949999999999998,-0.9750000000000001,0,nan,141,0.0,141,0.02199999988079071
8287,87,82,-1.125,-0.9750000000000001,0,nan,141,0.0,141,0.02199999988079071
8288,88,82,-1.1549999999999998,-0.9750000000000001,0,nan,141,0.0,141,0.02199999988079071
8289,89,82,-1.185,-0.9750000000000001,0,nan,141,0.0,141,0.02199999988079071
8290,90,82,-1.2149999999999999,-0.9750000000000001,0,nan,141,0.0,141,0.02199999988079071
8291,91,82,-1.245,-0.9750000000000001,0,nan,141,0.0,141,0.02199999988079071
8292,92,82,-1.275,-0.9750000000000001,0,nan,141,0.0,141,0.02199999988079071
8293,93,82,-1.3049999999999997,-0.9750000000000001,0,nan,141,0.0,141,0.02199999988079071
8294,94,82,-1.335,-0.9750000000000001,0,nan,141,0.0,141,0.02199999988079071
8295,95,82,-1.3649999999999998,-0.9750000000000001,0,nan,141,0.0,141,0.02199999988079071
8296,96,82,-1.395,-0.9750000000000001,0,nan,141,0.0,141,0.02199999988079071
8297,97,82,-1.4249999999999998,-0.9750000000000001,0,nan,141,0.0,141,0.0
8298,98,82,-1.455,-0.9750000000000001,0,nan,141,0.0,141,0.0
8299,99,82,-1.4849999999999999,-0.9750000000000001,0,nan,141,0.0,141,0.0
8300,0,83,1.485,-1.005,0,nan,141,0.0,141,0.0
8301,1,83,1.455,-1.005,0,nan,141,0.0,141,0.0
8302,2,83,1.425,-1.005,0,nan,141,0.0,141,0.0
8303,3,83,1.395,-1.005,0,nan,141,0.0,141,0.02199999988079071
8304,4,83,1.365,-1.005,0,nan,141,0.0,141,0.02199999988079071
8305,5,83,1.335,-1.005,0,nan,141,0.0,141,0.02199999988079071
8306,6,83,1.305,-1.005,0,nan,141,0.0,141,0.02199999988079071
8307,7,83,1.275,-1.005,0,nan,141,0.0,141,0.02199999988079071
8308,8,83,1.245,-1.005,0,nan,141,0.0,141,0.02199999988079071
8309,9,83,1.215,-1.005,0,nan,141,0.0,141,0.02199999988079071
8310,10,83,1.185,-1.005,0,nan,141,0.0,141,0.02199999988079071
8311,11,83,1.155,-1.005,0,nan,141,0.0,141,0.02199999988079071
8312,12,83,1.125,-1.005,0,nan,141,0.0,141,0.02199999988079071
8313,13,83,1.095,-1.005,0,nan,141,0.0,141,0.02199999988079071
8314,14,83,1.065,-1.005,0,nan,141,0.0,141,0.02199999988079071
8315,15,83,1.0350000000000001,-1.005,0,nan,141,0.0,141,0.02199999988079071
8316,16,83,1.005,-1.005,0,nan,141,0.0,141,0.02199999988079071
8317,17,83,0.975,-1.005,0,nan,141,0.0,141,0.02199999988079071
8318,18,83,0.9450000000000001,-1.005,0,nan,141,0.0,141,0.02199999988079071
8319,19,83,0.915,-1.005,0,nan,141,0.0,141,0.02199999988079071
8320,20,83,0.885,-1.005,0,nan,141,0.0,141,0.02199999988079071
8321,21,83,0.855,-1.005,0,nan,141,0.0,141,0.02199999988079071
8322,22,83,0.8250000000000001,-1.005,0,nan,141,0.0,141,0.02199999988079071
8323,23,83,0.795,-1.005,0,nan,141,0.0,141,0.02199999988079071
8324,24,83,0.765,-1.005,0,nan,141,0.0,141,0.02199999988079071
8325,25,83,0.735,-1.005,0,nan,141,0.0,141,0.02199999988079071
8326,26,83,0.7050000000000001,-1.005,0,nan,141,0.0,141,0.02199999988079071
8327,27,83,0.675,-1.005,0,nan,141,0.0,141,0.02199999988079071
8328,28,83,0.645,-1.005,0,nan,141,0.0,141,0.02199999988079071
8329,29,83,0.615,-1.005,0,nan,141,0.0,141,0.02199999988079071
8330,30,83,0.5850000000000001,-1.005,0,nan,141,0.0,141,0.02199999988079071
8331,31,83,0.555,-1.005,0,nan,141,0.0,141,0.02199999988079071
8332,32,83,0.525,-1.005,0,nan,141,0.0,141,0.02199999988079071
8333,33,83,0.4950000000000001,-1.005,0,nan,141,0.0,141,0.02199999988079071
8334,34,83,0.4650000000000001,-1.005,0,nan,141,0.0,141,0.02199999988079071
8335,35,83,0.43500000000000005,-1.005,0,nan,141,0.0,141,0.02199999988079071
8336,36,83,0.405,-1.005,0,nan,141,0.0,141,0.02199999988079071
8337,37,83,0.375,-1.005,0,nan,141,0.0,141,0.02199999988079071
8338,38,83,0.345,-1.005,0,nan,141,0.0,141,0.02199999988079071
8339,39,83,0.31499999999999995,-1.005,0,nan,141,0.0,141,0.02199999988079071
8340,40,83,0.28500000000000014,-1.005,0,nan,141,0.0,141,0.02199999988079071
8341,41,83,0.2550000000000001,-1.005,0,nan,141,0.0,141,0.02199999988079071
8342,42,83,0.2250000000000001,-1.005,0,nan,141,0.0,141,0.02199999988079071
8343,43,83,0.19500000000000006,-1.005,0,nan,141,0.0,141,0.02199999988079071
8344,44,83,0.16500000000000004,-1.005,0,nan,141,0.0,141,0.02199999988079071
8345,45,83,0.135,-1.005,0,nan,141,0.0,141,0.02199999988079071
8346,46,83,0.10499999999999998,-1.005,0,nan,141,0.0,141,0.02199999988079071
8347,47,83,0.07499999999999996,-1.005,0,nan,141,0.0,141,0.02199999988079071
8348,48,83,0.04500000000000015,-1.005,0,nan,141,0.0,141,0.02199999988079071
8349,49,83,0.015000000000000124,-1.005,0,nan,141,0.0,141,0.02199999988079071
8350,50,83,-0.014999999999999902,-1.005,0,nan,141,0.0,141,0.02199999988079071
8351,51,83,-0.04499999999999993,-1.005,0,nan,141,0.0,141,0.02199999988079071
8352,52,83,-0.07499999999999996,-1.005,0,nan,141,0.0,141,0.02199999988079071
8353,53,83,-0.10499999999999998,-1.005,0,nan,141,0.0,141,0.02199999988079071
8354,54,83,-0.135,-1.005,0,nan,141,0.0,141,0.02199999988079071
8355,55,83,-0.16500000000000004,-1.005,0,nan,141,0.0,141,0.02199999988079071
8356,56,83,-0.19499999999999984,-1.005,0,nan,141,0.0,141,0.02199999988079071
8357,57,83,-0.22499999999999987,-1.005,0,nan,141,0.0,141,0.02199999988079071
8358,58,83,-0.2549999999999999,-1.005,0,nan,141,0.0,141,0.02199999988079071
8359,59,83,-0.2849999999999999,-1.005,0,nan,141,0.0,141,0.02199999988079071
8360,60,83,-0.31499999999999995,-1.005,0,nan,141,0.0,141,0.02199999988079071
8361,61,83,-0.345,-1.005,0,nan,141,0.0,141,0.02199999988079071
8362,62,83,-0.375,-1.005,0,nan,141,0.0,141,0.02199999988079071
8363,63,83,-0.405,-1.005,0,nan,141,0.0,141,0.02199999988079071
8364,64,83,-0.43499999999999983,-1.005,0,nan,141,0.0,141,0.02199999988079071
8365,65,83,-0.46499999999999986,-1.005,0,nan,141,0.0,141,0.02199999988079071
8366,66,83,-0.4949999999999999,-1.005,0,nan,141,0.0,141,0.02199999988079071
8367,67,83,-0.5249999999999999,-1.005,0,nan,141,0.0,141,0.02199999988079071
8368,68,83,-0.5549999999999997,-1.005,0,nan,141,0.0,141,0.02199999988079071
8369,69,83,-0.585,-1.005,0,nan,141,0.0,141,0.02199999988079071
8370,70,83,-0.6149999999999998,-1.005,0,nan,141,0.0,141,0.02199999988079071
8371,71,83,-0.645,-1.005,0,nan,141,0.0,141,0.02199999988079071
8372,72,83,-0.6749999999999998,-1.005,0,nan,141,0.0,141,0.02199999988079071
8373,73,83,-0.7050000000000001,-1.005,0,nan,141,0.0,141,0.02199999988079071
8374,74,83,-0.7349999999999999,-1.005,0,nan,141,0.0,141,0.02199999988079071
8375,75,83,-0.7650000000000001,-1.005,0,nan,141,0.0,141,0.02199999988079071
8376,76,83,-0.7949999999999999,-1.005,0,nan,141,0.0,141,0.02199999988079071
8377,77,83,-0.8249999999999997,-1.005,0,nan,141,0.0,141,0.02199999988079071
8378,78,83,-0.855,-1.005,0,nan,141,0.0,141,0.02199999988079071
8379,79,83,-0.8849999999999998,-1.005,0,nan,141,0.0,141,0.02199999988079071
8380,80,83,-0.915,-1.005,0,nan,141,0.0,141,0.02199999988079071
8381,81,83,-0.9449999999999998,-1.005,0,nan,141,0.0,141,0.02199999988079071
8382,82,83,-0.9750000000000001,-1.005,0,nan,141,0.0,141,0.02199999988079071
8383,83,83,-1.005,-1.005,0,nan,141,0.0,141,0.02199999988079071
8384,84,83,-1.0349999999999997,-1.005,0,nan,141,0.0,141,0.02199999988079071
8385,85,83,-1.065,-1.005,0,nan,141,0.0,141,0.02199999988079071
8386,86,83,-1.0949999999999998,-1.005,0,nan,141,0.0,141,0.02199999988079071
8387,87,83,-1.125,-1.005,0,nan,141,0.0,141,0.02199999988079071
8388,88,83,-1.1549999999999998,-1.005,0,nan,141,0.0,141,0.02199999988079071
8389,89,83,-1.185,-1.005,0,nan,141,0.0,141,0.02199999988079071
8390,90,83,-1.2149999999999999,-1.005,0,nan,141,0.0,141,0.02199999988079071
8391,91,83,-1.245,-1.005,0,nan,141,0.0,141,0.02199999988079071
8392,92,83,-1.275,-1.005,0,nan,141,0.0,141,0.02199999988079071
8393,93,83,-1.3049999999999997,-1.005,0,nan,141,0.0,141,0.02199999988079071
8394,94,83,-1.335,-1.005,0,nan,141,0.0,141,0.02199999988079071
8395,95,83,-1.3649999999999998,-1.005,0,nan,141,0.0,141,0.02199999988079071
8396,96,83,-1.395,-1.005,0,nan,141,0.0,141,0.02199999988079071
8397,97,83,-1.4249999999999998,-1.005,0,nan,141,0.0,141,0.0
8398,98,83,-1.455,-1.005,0,nan,141,0.0,141,0.0
8399,99,83,-1.4849999999999999,-1.005,0,nan,141,0.0,141,0.0
8400,0,84,1.485,-1.0349999999999997,0,nan,141,0.0,141,0.0
8401,1,84,1.455,-1.0349999999999997,0,nan,141,0.0,141,0.0
8402,2,84,1.425,-1.0349999999999997,0,nan,141,0.0,141,0.0
8403,3,84,1.395,-1.0349999999999997,0,nan,141,0.0,141,0.02199999988079071
8404,4,84,1.365,-1.0349999999999997,0,nan,141,0.0,141,0.02199999988079071
8405,5,84,1.335,-1.0349999999999997,0,nan,141,0.0,141,0.02199999988079071
8406,6,84,1.305,-1.0349999999999997,0,nan,141,0.0,141,0.02199999988079071
8407,7,84,1.275,-1.0349999999999997,0,nan,141,0.0,141,0.02199999988079071
8408,8,84,1.245,-1.0349999999999997,0,nan,141,0.0,141,0.02199999988079071
8409,9,84,1.215,-1.0349999999999997,0,nan,141,0.0,141,0.02199999988079071
8410,10,84,1.185,-1.0349999999999997,0,nan,141,0.0,141,0.02199999988079071
8411,11,84,1.155,-1.0349999999999997,0,nan,141,0.0,141,0.02199999988079071
8412,12,84,1.125,-1.0349999999999997,0,nan,141,0.0,141,0.02199999988079071
8413,13,84,1.095,-1.0349999999999997,0,nan,141,0.0,141,0.02199999988079071
8414,14,84,1.065,-1.0349999999999997,0,nan,141,0.0,141,0.02199999988079071
8415,15,84,1.0350000000000001,-1.0349999999999997,0,nan,141,0.0,141,0.02199999988079071
8416,16,84,1.005,-1.0349999999999997,0,nan,141,0.0,141,0.02199999988079071
8417,17,84,0.975,-1.0349999999999997,0,nan,141,0.0,141,0.02199999988079071
8418,18,84,0.9450000000000001,-1.0349999999999997,0,nan,141,0.0,141,0.02199999988079071
8419,19,84,0.915,-1.0349999999999997,0,nan,141,0.0,141,0.02199999988079071
8420,20,84,0.885,-1.0349999999999997,0,nan,141,0.0,141,0.02199999988079071
8421,21,84,0.855,-1.0349999999999997,0,nan,141,0.0,141,0.02199999988079071
8422,22,84,0.8250000000000001,-1.0349999999999997,0,nan,141,0.0,141,0.02199999988079071
8423,23,84,0.795,-1.0349999999999997,0,nan,141,0.0,141,0.02199999988079071
8424,24,84,0.765,-1.0349999999999997,0,nan,141,0.0,141,0.02199999988079071
8425,25,84,0.735,-1.0349999999999997,0,nan,141,0.0,141,0.02199999988079071
8426,26,84,0.7050000000000001,-1.0349999999999997,0,nan,141,0.0,141,0.02199999988079071
8427,27,84,0.675,-1.0349999999999997,0,nan,141,0.0,141,0.02199999988079071
8428,28,84,0.645,-1.0349999999999997,0,nan,141,0.0,141,0.02199999988079071
8429,29,84,0.615,-1.0349999999999997,0,nan,141,0.0,141,0.02199999988079071
8430,30,84,0.5850000000000001,-1.0349999999999997,0,nan,141,0.0,141,0.02199999988079071
8431,31,84,0.555,-1.0349999999999997,0,nan,141,0.0,141,0.02199999988079071
8432,32,84,0.525,-1.0349999999999997,0,nan,141,0.0,141,0.02199999988079071
8433,33,84,0.4950000000000001,-1.0349999999999997,0,nan,141,0.0,141,0.02199999988079071
8434,34,84,0.4650000000000001,-1.0349999999999997,0,nan,141,0.0,141,0.02199999988079071
8435,35,84,0.43500000000000005,-1.0349999999999997,0,nan,141,0.0,141,0.02199999988079071
8436,36,84,0.405,-1.0349999999999997,0,nan,141,0.0,141,0.02199999988079071
8437,37,84,0.375,-1.0349999999999997,0,nan,141,0.0,141,0.02199999988079071
8438,38,84,0.345,-1.0349999999999997,0,nan,141,0.0,141,0.02199999988079071
8439,39,84,0.31499999999999995,-1.0349999999999997,0,nan,141,0.0,141,0.02199999988079071
8440,40,84,0.28500000000000014,-1.0349999999999997,0,nan,141,0.0,141,0.02199999988079071
8441,41,84,0.2550000000000001,-1.0349999999999997,0,nan,141,0.0,141,0.02199999988079071
8442,42,84,0.2250000000000001,-1.0349999999999997,0,nan,141,0.0,141,0.02199999988079071
8443,43,84,0.19500000000000006,-1.0349999999999997,0,nan,141,0.0,141,0.02199999988079071
8444,44,84,0.16500000000000004,-1.0349999999999997,0,nan,141,0.0,141,0.02199999988079071
8445,45,84,0.135,-1.0349999999999997,0,nan,141,0.0,141,0.02199999988079071
8446,46,84,0.10499999999999998,-1.0349999999999997,0,nan,141,0.0,141,0.02199999988079071
8447,47,84,0.07499999999999996,-1.0349999999999997,0,nan,141,0.0,141,0.02199999988079071
8448,48,84,0.04500000000000015,-1.0349999999999997,0,nan,141,0.0,141,0.02199999988079071
8449,49,84,0.015000000000000124,-1.0349999999999997,0,nan,141,0.0,141,0.02199999988079071
8450,50,84,-0.014999999999999902,-1.0349999999999997,0,nan,141,0.0,141,0.02199999988079071
8451,51,84,-0.04499999999999993,-1.0349999999999997,0,nan,141,0.0,141,0.02199999988079071
8452,52,84,-0.07499999999999996,-1.0349999999999997,0,nan,141,0.0,141,0.02199999988079071
8453,53,84,-0.10499999999999998,-1.0349999999999997,0,nan,141,0.0,141,0.02199999988079071
8454,54,84,-0.135,-1.0349999999999997,0,nan,141,0.0,141,0.02199999988079071
8455,55,84,-0.16500000000000004,-1.0349999999999997,0,nan,141,0.0,141,0.02199999988079071
8456,56,84,-0.19499999999999984,-1.0349999999999997,0,nan,141,0.0,141,0.02199999988079071
8457,57,84,-0.22499999999999987,-1.0349999999999997,0,nan,141,0.0,141,0.02199999988079071
8458,58,84,-0.2549999999999999,-1.0349999999999997,0,nan,141,0.0,141,0.02199999988079071
8459,59,84,-0.2849999999999999,-1.0349999999999997,0,nan,141,0.0,141,0.02199999988079071
8460,60,84,-0.31499999999999995,-1.0349999999999997,0,nan,141,0.0,141,0.02199999988079071
8461,61,84,-0.345,-1.0349999999999997,0,nan,141,0.0,141,0.02199999988079071
8462,62,84,-0.375,-1.0349999999999997,0,nan,141,0.0,141,0.02199999988079071
8463,63,84,-0.405,-1.0349999999999997,0,nan,141,0.0,141,0.02199999988079071
8464,64,84,-0.43499999999999983,-1.0349999999999997,0,nan,141,0.0,141,0.02199999988079071
8465,65,84,-0.46499999999999986,-1.0349999999999997,0,nan,141,0.0,141,0.02199999988079071
8466,66,84,-0.4949999999999999,-1.0349999999999997,0,nan,141,0.0,141,0.02199999988079071
8467,67,84,-0.5249999999999999,-1.0349999999999997,0,nan,141,0.0,141,0.02199999988079071
8468,68,84,-0.5549999999999997,-1.0349999999999997,0,nan,141,0.0,141,0.02199999988079071
8469,69,84,-0.585,-1.0349999999999997,0,nan,141,0.0,141,0.02199999988079071
8470,70,84,-0.6149999999999998,-1.0349999999999997,0,nan,141,0.0,141,0.02199999988079071
8471,71,84,-0.645,-1.0349999999999997,0,nan,141,0.0,141,0.02199999988079071
8472,72,84,-0.6749999999999998,-1.0349999999999997,0,nan,141,0.0,141,0.02199999988079071
8473,73,84,-0.7050000000000001,-1.0349999999999997,0,nan,141,0.0,141,0.02199999988079071
8474,74,84,-0.7349999999999999,-1.0349999999999997,0,nan,141,0.0,141,0.02199999988079071
8475,75,84,-0.7650000000000001,-1.0349999999999997,0,nan,141,0.0,141,0.02199999988079071
8476,76,84,-0.7949999999999999,-1.0349999999999997,0,nan,141,0.0,141,0.02199999988079071
8477,77,84,-0.8249999999999997,-1.0349999999999997,0,nan,141,0.0,141,0.02199999988079071
8478,78,84,-0.855,-1.0349999999999997,0,nan,141,0.0,141,0.02199999988079071
8479,79,84,-0.8849999999999998,-1.0349999999999997,0,nan,141,0.0,141,0.02199999988079071
8480,80,84,-0.915,-1.0349999999999997,0,nan,141,0.0,141,0.02199999988079071
8481,81,84,-0.9449999999999998,-1.0349999999999997,0,nan,141,0.0,141,0.02199999988079071
8482,82,84,-0.9750000000000001,-1.0349999999999997,0,nan,141,0.0,141,0.02199999988079071
8483,83,84,-1.005,-1.0349999999999997,0,nan,141,0.0,141,0.02199999988079071
8484,84,84,-1.0349999999999997,-1.0349999999999997,0,nan,141,0.0,141,0.02199999988079071
8485,85,84,-1.065,-1.0349999999999997,0,nan,141,0.0,141,0.02199999988079071
8486,86,84,-1.0949999999999998,-1.0349999999999997,0,nan,141,0.0,141,0.02199999988079071
8487,87,84,-1.125,-1.0349999999999997,0,nan,141,0.0,141,0.02199999988079071
8488,88,84,-1.1549999999999998,-1.0349999999999997,0,nan,141,0.0,141,0.02199999988079071
8489,89,84,-1.185,-1.0349999999999997,0,nan,141,0.0,141,0.02199999988079071
8490,90,84,-1.2149999999999999,-1.0349999999999997,0,nan,141,0.0,141,0.02199999988079071
8491,91,84,-1.245,-1.0349999999999997,0,nan,141,0.0,141,0.02199999988079071
8492,92,84,-1.275,-1.0349999999999997,0,nan,141,0.0,141,0.02199999988079071
8493,93,84,-1.3049999999999997,-1.0349999999999997,0,nan,141,0.0,141,0.02199999988079071
8494,94,84,-1.335,-1.0349999999999997,0,nan,141,0.0,141,0.02199999988079071
8495,95,84,-1.3649999999999998,-1.0349999999999997,0,nan,141,0.0,141,0.02199999988079071
8496,96,84,-1.395,-1.0349999999999997,0,nan,141,0.0,141,0.02199999988079071
8497,97,84,-1.4249999999999998,-1.0349999999999997,0,nan,141,0.0,141,0.0
8498,98,84,-1.455,-1.0349999999999997,0,nan,141,0.0,141,0.0
8499,99,84,-1.4849999999999999,-1.0349999999999997,0,nan,141,0.0,141,0.0
8500,0,85,1.485,-1.065,0,nan,141,0.0,141,0.0
8501,1,85,1.455,-1.065,0,nan,141,0.0,141,0.0
8502,2,85,1.425,-1.065,0,nan,141,0.0,141,0.0
8503,3,85,1.395,-1.065,0,nan,141,0.0,141,0.02199999988079071
8504,4,85,1.365,-1.065,0,nan,141,0.0,141,0.02199999988079071
8505,5,85,1.335,-1.065,0,nan,141,0.0,141,0.02199999988079071
8506,6,85,1.305,-1.065,0,nan,141,0.0,141,0.02199999988079071
8507,7,85,1.275,-1.065,0,nan,141,0.0,141,0.02199999988079071
8508,8,85,1.245,-1.065,0,nan,141,0.0,141,0.02199999988079071
8509,9,85,1.215,-1.065,0,nan,141,0.0,141,0.02199999988079071
8510,10,85,1.185,-1.065,0,nan,141,0.0,141,0.02199999988079071
8511,11,85,1.155,-1.065,0,nan,141,0.0,141,0.02199999988079071
8512,12,85,1.125,-1.065,0,nan,141,0.0,141,0.02199999988079071
8513,13,85,1.095,-1.065,0,nan,141,0.0,141,0.02199999988079071
8514,14,85,1.065,-1.065,0,nan,141,0.0,141,0.02199999988079071
8515,15,85,1.0350000000000001,-1.065,0,nan,141,0.0,141,0.02199999988079071
8516,16,85,1.005,-1.065,0,nan,141,0.0,141,0.02199999988079071
8517,17,85,0.975,-1.065,0,nan,141,0.0,141,0.02199999988079071
8518,18,85,0.9450000000000001,-1.065,0,nan,141,0.0,141,0.02199999988079071
8519,19,85,0.915,-1.065,0,nan,141,0.0,141,0.02199999988079071
8520,20,85,0.885,-1.065,0,nan,141,0.0,141,0.02199999988079071
8521,21,85,0.855,-1.065,0,nan,141,0.0,141,0.02199999988079071
8522,22,85,0.8250000000000001,-1.065,0,nan,141,0.0,141,0.02199999988079071
8523,23,85,0.795,-1.065,0,nan,141,0.0,141,0.02199999988079071
8524,24,85,0.765,-1.065,0,nan,141,0.0,141,0.02199999988079071
8525,25,85,0.735,-1.065,0,nan,141,0.0,141,0.02199999988079071
8526,26,85,0.7050000000000001,-1.065,0,nan,141,0.0,141,0.02199999988079071
8527,27,85,0.675,-1.065,0,nan,141,0.0,141,0.02199999988079071
8528,28,85,0.645,-1.065,0,nan,141,0.0,141,0.02199999988079071
8529,29,85,0.615,-1.065,0,nan,141,0.0,141,0.02199999988079071
8530,30,85,0.5850000000000001,-1.065,0,nan,141,0.0,141,0.02199999988079071
8531,31,85,0.555,-1.065,0,nan,141,0.0,141,0.02199999988079071
8532,32,85,0.525,-1.065,0,nan,141,0.0,141,0.02199999988079071
8533,33,85,0.4950000000000001,-1.065,0,nan,141,0.0,141,0.02199999988079071
8534,34,85,0.4650000000000001,-1.065,0,nan,141,0.0,141,0.02199999988079071
8535,35,85,0.43500000000000005,-1.065,0,nan,141,0.0,141,0.02199999988079071
8536,36,85,0.405,-1.065,0,nan,141,0.0,141,0.02199999988079071
8537,37,85,0.375,-1.065,0,nan,141,0.0,141,0.02199999988079071
8538,38,85,0.345,-1.065,0,nan,141,0.0,141,0.02199999988079071
8539,39,85,0.31499999999999995,-1.065,0,nan,141,0.0,141,0.02199999988079071
8540,40,85,0.28500000000000014,-1.065,0,nan,141,0.0,141,0.02199999988079071
8541,41,85,0.2550000000000001,-1.065,0,nan,141,0.0,141,0.02199999988079071
8542,42,85,0.2250000000000001,-1.065,0,nan,141,0.0,141,0.02199999988079071
8543,43,85,0.19500000000000006,-1.065,0,nan,141,0.0,141,0.02199999988079071
8544,44,85,0.16500000000000004,-1.065,0,nan,141,0.0,141,0.02199999988079071
8545,45,85,0.135,-1.065,0,nan,141,0.0,141,0.02199999988079071
8546,46,85,0.10499999999999998,-1.065,0,nan,141,0.0,141,0.02199999988079071
8547,47,85,0.07499999999999996,-1.065,0,nan,141,0.0,141,0.02199999988079071
8548,48,85,0.04500000000000015,-1.065,0,nan,141,0.0,141,0.02199999988079071
8549,49,85,0.015000000000000124,-1.065,0,nan,141,0.0,141,0.02199999988079071
8550,50,85,-0.014999999999999902,-1.065,0,nan,141,0.0,141,0.02199999988079071
8551,51,85,-0.04499999999999993,-1.065,0,nan,141,0.0,141,0.02199999988079071
8552,52,85,-0.07499999999999996,-1.065,0,nan,141,0.0,141,0.02199999988079071
8553,53,85,-0.10499999999999998,-1.065,0,nan,141,0.0,141,0.02199999988079071
8554,54,85,-0.135,-1.065,0,nan,141,0.0,141,0.02199999988079071
8555,55,85,-0.16500000000000004,-1.065,0,nan,141,0.0,141,0.02199999988079071
8556,56,85,-0.19499999999999984,-1.065,0,nan,141,0.0,141,0.02199999988079071
8557,57,85,-0.22499999999999987,-1.065,0,nan,141,0.0,141,0.02199999988079071
8558,58,85,-0.2549999999999999,-1.065,0,nan,141,0.0,141,0.02199999988079071
8559,59,85,-0.2849999999999999,-1.065,0,nan,141,0.0,141,0.02199999988079071
8560,60,85,-0.31499999999999995,-1.065,0,nan,141,0.0,141,0.02199999988079071
8561,61,85,-0.345,-1.065,0,nan,141,0.0,141,0.02199999988079071
8562,62,85,-0.375,-1.065,0,nan,141,0.0,141,0.02199999988079071
8563,63,85,-0.405,-1.065,0,nan,141,0.0,141,0.02199999988079071
8564,64,85,-0.43499999999999983,-1.065,0,nan,141,0.0,141,0.02199999988079071
8565,65,85,-0.46499999999999986,-1.065,0,nan,141,0.0,141,0.02199999988079071
8566,66,85,-0.4949999999999999,-1.065,0,nan,141,0.0,141,0.02199999988079071
8567,67,85,-0.5249999999999999,-1.065,0,nan,141,0.0,141,0.02199999988079071
8568,68,85,-0.5549999999999997,-1.065,0,nan,141,0.0,141,0.02199999988079071
8569,69,85,-0.585,-1.065,0,nan,141,0.0,141,0.02199999988079071
8570,70,85,-0.6149999999999998,-1.065,0,nan,141,0.0,141,0.02199999988079071
8571,71,85,-0.645,-1.065,0,nan,141,0.0,141,0.02199999988079071
8572,72,85,-0.6749999999999998,-1.065,0,nan,141,0.0,141,0.02199999988079071
8573,73,85,-0.7050000000000001,-1.065,0,nan,141,0.0,141,0.02199999988079071
8574,74,85,-0.7349999999999999,-1.065,0,nan,141,0.0,141,0.02199999988079071
8575,75,85,-0.7650000000000001,-1.065,0,nan,141,0.0,141,0.02199999988079071
8576,76,85,-0.7949999999999999,-1.065,0,nan,141,0.0,141,0.02199999988079071
8577,77,85,-0.8249999999999997,-1.065,0,nan,141,0.0,141,0.02199999988079071
8578,78,85,-0.855,-1.065,0,nan,141,0.0,141,0.02199999988079071
8579,79,85,-0.8849999999999998,-1.065,0,nan,141,0.0,141,0.02199999988079071
8580,80,85,-0.915,-1.065,0,nan,141,0.0,141,0.02199999988079071
8581,81,85,-0.9449999999999998,-1.065,0,nan,141,0.0,141,0.02199999988079071
8582,82,85,-0.9750000000000001,-1.065,0,nan,141,0.0,141,0.02199999988079071
8583,83,85,-1.005,-1.065,0,nan,141,0.0,141,0.02199999988079071
8584,84,85,-1.0349999999999997,-1.065,0,nan,141,0.0,141,0.02199999988079071
8585,85,85,-1.065,-1.065,0,nan,141,0.0,141,0.02199999988079071
8586,86,85,-1.0949999999999998,-1.065,0,nan,141,0.0,141,0.02199999988079071
8587,87,85,-1.125,-1.065,0,nan,141,0.0,141,0.02199999988079071
8588,88,85,-1.1549999999999998,-1.065,0,nan,141,0.0,141,0.02199999988079071
8589,89,85,-1.185,-1.065,0,nan,141,0.0,141,0.02199999988079071
8590,90,85,-1.2149999999999999,-1.065,0,nan,141,0.0,141,0.02199999988079071
8591,91,85,-1.245,-1.065,0,nan,141,0.0,141,0.02199999988079071
8592,92,85,-1.275,-1.065,0,nan,141,0.0,141,0.02199999988079071
8593,93,85,-1.3049999999999997,-1.065,0,nan,141,0.0,141,0.02199999988079071
8594,94,85,-1.335,-1.065,0,nan,141,0.0,141,0.02199999988079071
8595,95,85,-1.3649999999999998,-1.065,0,nan,141,0.0,141,0.02199999988079071
8596,96,85,-1.395,-1.065,0,nan,141,0.0,141,0.02199999988079071
8597,97,85,-1.4249999999999998,-1.065,0,nan,141,0.0,141,0.0
8598,98,85,-1.455,-1.065,0,nan,141,0.0,141,0.0
8599,99,85,-1.4849999999999999,-1.065,0,nan,141,0.0,141,0.0
8600,0,86,1.485,-1.0949999999999998,0,nan,141,0.0,141,0.0
8601,1,86,1.455,-1.0949999999999998,0,nan,141,0.0,141,0.0
8602,2,86,1.425,-1.0949999999999998,0,nan,141,0.0,141,0.0
8603,3,86,1.395,-1.0949999999999998,0,nan,141,0.0,141,0.02199999988079071
8604,4,86,1.365,-1.0949999999999998,0,nan,141,0.0,141,0.02199999988079071
8605,5,86,1.335,-1.0949999999999998,0,nan,141,0.0,141,0.02199999988079071
8606,6,86,1.305,-1.0949999999999998,0,nan,141,0.0,141,0.02199999988079071
8607,7,86,1.275,-1.0949999999999998,0,nan,141,0.0,141,0.02199999988079071
8608,8,86,1.245,-1.0949999999999998,0,nan,141,0.0,141,0.02199999988079071
8609,9,86,1.215,-1.0949999999999998,0,nan,141,0.0,141,0.02199999988079071
8610,10,86,1.185,-1.0949999999999998,0,nan,141,0.0,141,0.02199999988079071
8611,11,86,1.155,-1.0949999999999998,0,nan,141,0.0,141,0.02199999988079071
8612,12,86,1.125,-1.0949999999999998,0,nan,141,0.0,141,0.02199999988079071
8613,13,86,1.095,-1.0949999999999998,0,nan,141,0.0,141,0.02199999988079071
8614,14,86,1.065,-1.0949999999999998,0,nan,141,0.0,141,0.02199999988079071
8615,15,86,1.0350000000000001,-1.0949999999999998,0,nan,141,0.0,141,0.02199999988079071
8616,16,86,1.005,-1.0949999999999998,0,nan,141,0.0,141,0.02199999988079071
8617,17,86,0.975,-1.0949999999999998,0,nan,141,0.0,141,0.02199999988079071
8618,18,86,0.9450000000000001,-1.0949999999999998,0,nan,141,0.0,141,0.02199999988079071
8619,19,86,0.915,-1.0949999999999998,0,nan,141,0.0,141,0.02199999988079071
8620,20,86,0.885,-1.0949999999999998,0,nan,141,0.0,141,0.02199999988079071
8621,21,86,0.855,-1.0949999999999998,0,nan,141,0.0,141,0.02199999988079071
8622,22,86,0.8250000000000001,-1.0949999999999998,0,nan,141,0.0,141,0.02199999988079071
8623,23,86,0.795,-1.0949999999999998,0,nan,141,0.0,141,0.02199999988079071
8624,24,86,0.765,-1.0949999999999998,0,nan,141,0.0,141,0.02199999988079071
8625,25,86,0.735,-1.0949999999999998,0,nan,141,0.0,141,0.02199999988079071
8626,26,86,0.7050000000000001,-1.0949999999999998,0,nan,141,0.0,141,0.02199999988079071
8627,27,86,0.675,-1.0949999999999998,0,nan,141,0.0,141,0.02199999988079071
8628,28,86,0.645,-1.0949999999999998,0,nan,141,0.0,141,0.02199999988079071
8629,29,86,0.615,-1.0949999999999998,0,nan,141,0.0,141,0.02199999988079071
8630,30,86,0.5850000000000001,-1.0949999999999998,0,nan,141,0.0,141,0.02199999988079071
8631,31,86,0.555,-1.0949999999999998,0,nan,141,0.0,141,0.02199999988079071
8632,32,86,0.525,-1.0949999999999998,0,nan,141,0.0,141,0.02199999988079071
8633,33,86,0.4950000000000001,-1.0949999999999998,0,nan,141,0.0,141,0.02199999988079071
8634,34,86,0.4650000000000001,-1.0949999999999998,0,nan,141,0.0,141,0.02199999988079071
8635,35,86,0.43500000000000005,-1.0949999999999998,0,nan,141,0.0,141,0.02199999988079071
8636,36,86,0.405,-1.0949999999999998,0,nan,141,0.0,141,0.02199999988079071
8637,37,86,0.375,-1.0949999999999998,0,nan,141,0.0,141,0.02199999988079071
8638,38,86,0.345,-1.0949999999999998,0,nan,141,0.0,141,0.02199999988079071
8639,39,86,0.31499999999999995,-1.0949999999999998,0,nan,141,0.0,141,0.02199999988079071
8640,40,86,0.28500000000000014,-1.0949999999999998,0,nan,141,0.0,141,0.02199999988079071
8641,41,86,0.2550000000000001,-1.0949999999999998,0,nan,141,0.0,141,0.02199999988079071
8642,42,86,0.2250000000000001,-1.0949999999999998,0,nan,141,0.0,141,0.02199999988079071
8643,43,86,0.19500000000000006,-1.0949999999999998,0,nan,141,0.0,141,0.02199999988079071
8644,44,86,0.16500000000000004,-1.0949999999999998,0,nan,141,0.0,141,0.02199999988079071
8645,45,86,0.135,-1.0949999999999998,0,nan,141,0.0,141,0.02199999988079071
8646,46,86,0.10499999999999998,-1.0949999999999998,0,nan,141,0.0,141,0.02199999988079071
8647,47,86,0.07499999999999996,-1.0949999999999998,0,nan,141,0.0,141,0.02199999988079071
8648,48,86,0.04500000000000015,-1.0949999999999998,0,nan,141,0.0,141,0.02199999988079071
8649,49,86,0.015000000000000124,-1.0949999999999998,0,nan,141,0.0,141,0.02199999988079071
8650,50,86,-0.014999999999999902,-1.0949999999999998,0,nan,141,0.0,141,0.02199999988079071
8651,51,86,-0.04499999999999993,-1.0949999999999998,0,nan,141,0.0,141,0.02199999988079071
8652,52,86,-0.07499999999999996,-1.0949999999999998,0,nan,141,0.0,141,0.02199999988079071
8653,53,86,-0.10499999999999998,-1.0949999999999998,0,nan,141,0.0,141,0.02199999988079071
8654,54,86,-0.135,-1.0949999999999998,0,nan,141,0.0,141,0.02199999988079071
8655,55,86,-0.16500000000000004,-1.0949999999999998,0,nan,141,0.0,141,0.02199999988079071
8656,56,86,-0.19499999999999984,-1.0949999999999998,0,nan,141,0.0,141,0.02199999988079071
8657,57,86,-0.22499999999999987,-1.0949999999999998,0,nan,141,0.0,141,0.02199999988079071
8658,58,86,-0.2549999999999999,-1.0949999999999998,0,nan,141,0.0,141,0.02199999988079071
8659,59,86,-0.2849999999999999,-1.0949999999999998,0,nan,141,0.0,141,0.02199999988079071
8660,60,86,-0.31499999999999995,-1.0949999999999998,0,nan,141,0.0,141,0.02199999988079071
8661,61,86,-0.345,-1.0949999999999998,0,nan,141,0.0,141,0.02199999988079071
8662,62,86,-0.375,-1.0949999999999998,0,nan,141,0.0,141,0.02199999988079071
8663,63,86,-0.405,-1.0949999999999998,0,nan,141,0.0,141,0.02199999988079071
8664,64,86,-0.43499999999999983,-1.0949999999999998,0,nan,141,0.0,141,0.02199999988079071
8665,65,86,-0.46499999999999986,-1.0949999999999998,0,nan,141,0.0,141,0.02199999988079071
8666,66,86,-0.4949999999999999,-1.0949999999999998,0,nan,141,0.0,141,0.02199999988079071
8667,67,86,-0.5249999999999999,-1.0949999999999998,0,nan,141,0.0,141,0.02199999988079071
8668,68,86,-0.5549999999999997,-1.0949999999999998,0,nan,141,0.0,141,0.02199999988079071
8669,69,86,-0.585,-1.0949999999999998,0,nan,141,0.0,141,0.02199999988079071
8670,70,86,-0.6149999999999998,-1.0949999999999998,0,nan,141,0.0,141,0.02199999988079071
8671,71,86,-0.645,-1.0949999999999998,0,nan,141,0.0,141,0.02199999988079071
8672,72,86,-0.6749999999999998,-1.0949999999999998,0,nan,141,0.0,141,0.02199999988079071
8673,73,86,-0.7050000000000001,-1.0949999999999998,0,nan,141,0.0,141,0.02199999988079071
8674,74,86,-0.7349999999999999,-1.0949999999999998,0,nan,141,0.0,141,0.02199999988079071
8675,75,86,-0.7650000000000001,-1.0949999999999998,0,nan,141,0.0,141,0.02199999988079071
8676,76,86,-0.7949999999999999,-1.0949999999999998,0,nan,141,0.0,141,0.02199999988079071
8677,77,86,-0.8249999999999997,-1.0949999999999998,0,nan,141,0.0,141,0.02199999988079071
8678,78,86,-0.855,-1.0949999999999998,0,nan,141,0.0,141,0.02199999988079071
8679,79,86,-0.8849999999999998,-1.0949999999999998,0,nan,141,0.0,141,0.02199999988079071
8680,80,86,-0.915,-1.0949999999999998,0,nan,141,0.0,141,0.02199999988079071
8681,81,86,-0.9449999999999998,-1.0949999999999998,0,nan,141,0.0,141,0.02199999988079071
8682,82,86,-0.9750000000000001,-1.0949999999999998,0,nan,141,0.0,141,0.02199999988079071
8683,83,86,-1.005,-1.0949999999999998,0,nan,141,0.0,141,0.02199999988079071
8684,84,86,-1.0349999999999997,-1.0949999999999998,0,nan,141,0.0,141,0.02199999988079071
8685,85,86,-1.065,-1.0949999999999998,0,nan,141,0.0,141,0.02199999988079071
8686,86,86,-1.0949999999999998,-1.0949999999999998,0,nan,141,0.0,141,0.02199999988079071
8687,87,86,-1.125,-1.0949999999999998,0,nan,141,0.0,141,0.02199999988079071
8688,88,86,-1.1549999999999998,-1.0949999999999998,0,nan,141,0.0,141,0.02199999988079071
8689,89,86,-1.185,-1.0949999999999998,0,nan,141,0.0,141,0.02199999988079071
8690,90,86,-1.2149999999999999,-1.0949999999999998,0,nan,141,0.0,141,0.02199999988079071
8691,91,86,-1.245,-1.0949999999999998,0,nan,141,0.0,141,0.02199999988079071
8692,92,86,-1.275,-1.0949999999999998,0,nan,141,0.0,141,0.02199999988079071
8693,93,86,-1.3049999999999997,-1.0949999999999998,0,nan,141,0.0,141,0.02199999988079071
8694,94,86,-1.335,-1.0949999999999998,0,nan,141,0.0,141,0.02199999988079071
8695,95,86,-1.3649999999999998,-1.0949999999999998,0,nan,141,0.0,141,0.02199999988079071
8696,96,86,-1.395,-1.0949999999999998,0,nan,141,0.0,141,0.02199999988079071
8697,97,86,-1.4249999999999998,-1.0949999999999998,0,nan,141,0.0,141,0.0
8698,98,86,-1.455,-1.0949999999999998,0,nan,141,0.0,141,0.0
8699,99,86,-1.4849999999999999,-1.0949999999999998,0,nan,141,0.0,141,0.0
8700,0,87,1.485,-1.125,0,nan,141,0.0,141,0.0
8701,1,87,1.455,-1.125,0,nan,141,0.0,141,0.0
8702,2,87,1.425,-1.125,0,nan,141,0.0,141,0.0
8703,3,87,1.395,-1.125,0,nan,141,0.0,141,0.02199999988079071
8704,4,87,1.365,-1.125,0,nan,141,0.0,141,0.02199999988079071
8705,5,87,1.335,-1.125,0,nan,141,0.0,141,0.02199999988079071
8706,6,87,1.305,-1.125,0,nan,141,0.0,141,0.02199999988079071
8707,7,87,1.275,-1.125,0,nan,141,0.0,141,0.02199999988079071
8708,8,87,1.245,-1.125,0,nan,141,0.0,141,0.02199999988079071
8709,9,87,1.215,-1.125,0,nan,141,0.0,141,0.02199999988079071
8710,10,87,1.185,-1.125,0,nan,141,0.0,141,0.02199999988079071
8711,11,87,1.155,-1.125,0,nan,141,0.0,141,0.02199999988079071
8712,12,87,1.125,-1.125,0,nan,141,0.0,141,0.02199999988079071
8713,13,87,1.095,-1.125,0,nan,141,0.0,141,0.02199999988079071
8714,14,87,1.065,-1.125,0,nan,141,0.0,141,0.02199999988079071
8715,15,87,1.0350000000000001,-1.125,0,nan,141,0.0,141,0.02199999988079071
8716,16,87,1.005,-1.125,0,nan,141,0.0,141,0.02199999988079071
8717,17,87,0.975,-1.125,0,nan,141,0.0,141,0.02199999988079071
8718,18,87,0.9450000000000001,-1.125,0,nan,141,0.0,141,0.02199999988079071
8719,19,87,0.915,-1.125,0,nan,141,0.0,141,0.02199999988079071
8720,20,87,0.885,-1.125,0,nan,141,0.0,141,0.02199999988079071
8721,21,87,0.855,-1.125,0,nan,141,0.0,141,0.02199999988079071
8722,22,87,0.8250000000000001,-1.125,0,nan,141,0.0,141,0.02199999988079071
8723,23,87,0.795,-1.125,0,nan,141,0.0,141,0.02199999988079071
8724,24,87,0.765,-1.125,0,nan,141,0.0,141,0.02199999988079071
8725,25,87,0.735,-1.125,0,nan,141,0.0,141,0.02199999988079071
8726,26,87,0.7050000000000001,-1.125,0,nan,141,0.0,141,0.02199999988079071
8727,27,87,0.675,-1.125,0,nan,141,0.0,141,0.02199999988079071
8728,28,87,0.645,-1.125,0,nan,141,0.0,141,0.02199999988079071
8729,29,87,0.615,-1.125,0,nan,141,0.0,141,0.02199999988079071
8730,30,87,0.5850000000000001,-1.125,0,nan,141,0.0,141,0.02199999988079071
8731,31,87,0.555,-1.125,0,nan,141,0.0,141,0.02199999988079071
8732,32,87,0.525,-1.125,0,nan,141,0.0,141,0.02199999988079071
8733,33,87,0.4950000000000001,-1.125,0,nan,141,0.0,141,0.02199999988079071
8734,34,87,0.4650000000000001,-1.125,0,nan,141,0.0,141,0.02199999988079071
8735,35,87,0.43500000000000005,-1.125,0,nan,141,0.0,141,0.02199999988079071
8736,36,87,0.405,-1.125,0,nan,141,0.0,141,0.02199999988079071
8737,37,87,0.375,-1.125,0,nan,141,0.0,141,0.02199999988079071
8738,38,87,0.345,-1.125,0,nan,141,0.0,141,0.02199999988079071
8739,39,87,0.31499999999999995,-1.125,0,nan,141,0.0,141,0.02199999988079071
8740,40,87,0.28500000000000014,-1.125,0,nan,141,0.0,141,0.02199999988079071
8741,41,87,0.2550000000000001,-1.125,0,nan,141,0.0,141,0.02199999988079071
8742,42,87,0.2250000000000001,-1.125,0,nan,141,0.0,141,0.02199999988079071
8743,43,87,0.19500000000000006,-1.125,0,nan,141,0.0,141,0.02199999988079071
8744,44,87,0.16500000000000004,-1.125,0,nan,141,0.0,141,0.02199999988079071
8745,45,87,0.135,-1.125,0,nan,141,0.0,141,0.02199999988079071
8746,46,87,0.10499999999999998,-1.125,0,nan,141,0.0,141,0.02199999988079071
8747,47,87,0.07499999999999996,-1.125,0,nan,141,0.0,141,0.02199999988079071
8748,48,87,0.04500000000000015,-1.125,0,nan,141,0.0,141,0.02199999988079071
8749,49,87,0.015000000000000124,-1.125,0,nan,141,0.0,141,0.02199999988079071
8750,50,87,-0.014999999999999902,-1.125,0,nan,141,0.0,141,0.02199999988079071
8751,51,87,-0.04499999999999993,-1.125,0,nan,141,0.0,141,0.02199999988079071
8752,52,87,-0.07499999999999996,-1.125,0,nan,141,0.0,141,0.02199999988079071
8753,53,87,-0.10499999999999998,-1.125,0,nan,141,0.0,141,0.02199999988079071
8754,54,87,-0.135,-1.125,0,nan,141,0.0,141,0.02199999988079071
8755,55,87,-0.16500000000000004,-1.125,0,nan,141,0.0,141,0.02199999988079071
8756,56,87,-0.19499999999999984,-1.125,0,nan,141,0.0,141,0.02199999988079071
8757,57,87,-0.22499999999999987,-1.125,0,nan,141,0.0,141,0.02199999988079071
8758,58,87,-0.2549999999999999,-1.125,0,nan,141,0.0,141,0.02199999988079071
8759,59,87,-0.2849999999999999,-1.125,0,nan,141,0.0,141,0.02199999988079071
8760,60,87,-0.31499999999999995,-1.125,0,nan,141,0.0,141,0.02199999988079071
8761,61,87,-0.345,-1.125,0,nan,141,0.0,141,0.02199999988079071
8762,62,87,-0.375,-1.125,0,nan,141,0.0,141,0.02199999988079071
8763,63,87,-0.405,-1.125,0,nan,141,0.0,141,0.02199999988079071
8764,64,87,-0.43499999999999983,-1.125,0,nan,141,0.0,141,0.02199999988079071
8765,65,87,-0.46499999999999986,-1.125,0,nan,141,0.0,141,0.02199999988079071
8766,66,87,-0.4949999999999999,-1.125,0,nan,141,0.0,141,0.02199999988079071
8767,67,87,-0.5249999999999999,-1.125,0,nan,141,0.0,141,0.02199999988079071
8768,68,87,-0.5549999999999997,-1.125,0,nan,141,0.0,141,0.02199999988079071
8769,69,87,-0.585,-1.125,0,nan,141,0.0,141,0.02199999988079071
8770,70,87,-0.6149999999999998,-1.125,0,nan,141,0.0,141,0.02199999988079071
8771,71,87,-0.645,-1.125,0,nan,141,0.0,141,0.02199999988079071
8772,72,87,-0.6749999999999998,-1.125,0,nan,141,0.0,141,0.02199999988079071
8773,73,87,-0.7050000000000001,-1.125,0,nan,141,0.0,141,0.02199999988079071
8774,74,87,-0.7349999999999999,-1.125,0,nan,141,0.0,141,0.02199999988079071
8775,75,87,-0.7650000000000001,-1.125,0,nan,141,0.0,141,0.02199999988079071
8776,76,87,-0.7949999999999999,-1.125,0,nan,141,0.0,141,0.02199999988079071
8777,77,87,-0.8249999999999997,-1.125,0,nan,141,0.0,141,0.02199999988079071
8778,78,87,-0.855,-1.125,0,nan,141,0.0,141,0.02199999988079071
8779,79,87,-0.8849999999999998,-1.125,0,nan,141,0.0,141,0.02199999988079071
8780,80,87,-0.915,-1.125,0,nan,141,0.0,141,0.02199999988079071
8781,81,87,-0.9449999999999998,-1.125,0,nan,141,0.0,141,0.02199999988079071
8782,82,87,-0.9750000000000001,-1.125,0,nan,141,0.0,141,0.02199999988079071
8783,83,87,-1.005,-1.125,0,nan,141,0.0,141,0.02199999988079071
8784,84,87,-1.0349999999999997,-1.125,0,nan,141,0.0,141,0.02199999988079071
8785,85,87,-1.065,-1.125,0,nan,141,0.0,141,0.02199999988079071
8786,86,87,-1.0949999999999998,-1.125,0,nan,141,0.0,141,0.02199999988079071
8787,87,87,-1.125,-1.125,0,nan,141,0.0,141,0.02199999988079071
8788,88,87,-1.1549999999999998,-1.125,0,nan,141,0.0,141,0.02199999988079071
8789,89,87,-1.185,-1.125,0,nan,141,0.0,141,0.02199999988079071
8790,90,87,-1.2149999999999999,-1.125,0,nan,141,0.0,141,0.02199999988079071
8791,91,87,-1.245,-1.125,0,nan,141,0.0,141,0.02199999988079071
8792,92,87,-1.275,-1.125,0,nan,141,0.0,141,0.02199999988079071
8793,93,87,-1.3049999999999997,-1.125,0,nan,141,0.0,141,0.02199999988079071
8794,94,87,-1.335,-1.125,0,nan,141,0.0,141,0.02199999988079071
8795,95,87,-1.3649999999999998,-1.125,0,nan,141,0.0,141,0.02199999988079071
8796,96,87,-1.395,-1.125,0,nan,141,0.0,141,0.02199999988079071
8797,97,87,-1.4249999999999998,-1.125,0,nan,141,0.0,141,0.0
8798,98,87,-1.455,-1.125,0,nan,141,0.0,141,0.0
8799,99,87,-1.4849999999999999,-1.125,0,nan,141,0.0,141,0.0
8800,0,88,1.485,-1.1549999999999998,0,nan,141,0.0,141,0.0
8801,1,88,1.455,-1.1549999999999998,0,nan,141,0.0,141,0.0
8802,2,88,1.425,-1.1549999999999998,0,nan,141,0.0,141,0.0
8803,3,88,1.395,-1.1549999999999998,0,nan,141,0.0,141,0.02199999988079071
8804,4,88,1.365,-1.1549999999999998,0,nan,141,0.0,141,0.02199999988079071
8805,5,88,1.335,-1.1549999999999998,0,nan,141,0.0,141,0.02199999988079071
8806,6,88,1.305,-1.1549999999999998,0,nan,141,0.0,141,0.02199999988079071
8807,7,88,1.275,-1.1549999999999998,0,nan,141,0.0,141,0.02199999988079071
8808,8,88,1.245,-1.1549999999999998,0,nan,141,0.0,141,0.02199999988079071
8809,9,88,1.215,-1.1549999999999998,0,nan,141,0.0,141,0.02199999988079071
8810,10,88,1.185,-1.1549999999999998,0,nan,141,0.0,141,0.02199999988079071
8811,11,88,1.155,-1.1549999999999998,0,nan,141,0.0,141,0.02199999988079071
8812,12,88,1.125,-1.1549999999999998,0,nan,141,0.0,141,0.02199999988079071
8813,13,88,1.095,-1.1549999999999998,0,nan,141,0.0,141,0.02199999988079071
8814,14,88,1.065,-1.1549999999999998,0,nan,141,0.0,141,0.02199999988079071
8815,15,88,1.0350000000000001,-1.1549999999999998,0,nan,141,0.0,141,0.02199999988079071
8816,16,88,1.005,-1.1549999999999998,0,nan,141,0.0,141,0.02199999988079071
8817,17,88,0.975,-1.1549999999999998,0,nan,141,0.0,141,0.02199999988079071
8818,18,88,0.9450000000000001,-1.1549999999999998,0,nan,141,0.0,141,0.02199999988079071
8819,19,88,0.915,-1.1549999999999998,0,nan,141,0.0,141,0.02199999988079071
8820,20,88,0.885,-1.1549999999999998,0,nan,141,0.0,141,0.02199999988079071
8821,21,88,0.855,-1.1549999999999998,0,nan,141,0.0,141,0.02199999988079071
8822,22,88,0.8250000000000001,-1.1549999999999998,0,nan,141,0.0,141,0.02199999988079071
8823,23,88,0.795,-1.1549999999999998,0,nan,141,0.0,141,0.02199999988079071
8824,24,88,0.765,-1.1549999999999998,0,nan,141,0.0,141,0.02199999988079071
8825,25,88,0.735,-1.1549999999999998,0,nan,141,0.0,141,0.02199999988079071
8826,26,88,0.7050000000000001,-1.1549999999999998,0,nan,141,0.0,141,0.02199999988079071
8827,27,88,0.675,-1.1549999999999998,0,nan,141,0.0,141,0.02199999988079071
8828,28,88,0.645,-1.1549999999999998,0,nan,141,0.0,141,0.02199999988079071
8829,29,88,0.615,-1.1549999999999998,0,nan,141,0.0,141,0.02199999988079071
8830,30,88,0.5850000000000001,-1.1549999999999998,0,nan,141,0.0,141,0.02199999988079071
8831,31,88,0.555,-1.1549999999999998,0,nan,141,0.0,141,0.02199999988079071
8832,32,88,0.525,-1.1549999999999998,0,nan,141,0.0,141,0.02199999988079071
8833,33,88,0.4950000000000001,-1.1549999999999998,0,nan,141,0.0,141,0.02199999988079071
8834,34,88,0.4650000000000001,-1.1549999999999998,0,nan,141,0.0,141,0.02199999988079071
8835,35,88,0.43500000000000005,-1.1549999999999998,0,nan,141,0.0,141,0.02199999988079071
8836,36,88,0.405,-1.1549999999999998,0,nan,141,0.0,141,0.02199999988079071
8837,37,88,0.375,-1.1549999999999998,0,nan,141,0.0,141,0.02199999988079071
8838,38,88,0.345,-1.1549999999999998,0,nan,141,0.0,141,0.02199999988079071
8839,39,88,0.31499999999999995,-1.1549999999999998,0,nan,141,0.0,141,0.02199999988079071
8840,40,88,0.28500000000000014,-1.1549999999999998,0,nan,141,0.0,141,0.02199999988079071
8841,41,88,0.2550000000000001,-1.1549999999999998,0,nan,141,0.0,141,0.02199999988079071
8842,42,88,0.2250000000000001,-1.1549999999999998,0,nan,141,0.0,141,0.02199999988079071
8843,43,88,0.19500000000000006,-1.1549999999999998,0,nan,141,0.0,141,0.02199999988079071
8844,44,88,0.16500000000000004,-1.1549999999999998,0,nan,141,0.0,141,0.02199999988079071
8845,45,88,0.135,-1.1549999999999998,0,nan,141,0.0,141,0.02199999988079071
8846,46,88,0.10499999999999998,-1.1549999999999998,0,nan,141,0.0,141,0.02199999988079071
8847,47,88,0.07499999999999996,-1.1549999999999998,0,nan,141,0.0,141,0.02199999988079071
8848,48,88,0.04500000000000015,-1.1549999999999998,0,nan,141,0.0,141,0.02199999988079071
8849,49,88,0.015000000000000124,-1.1549999999999998,0,nan,141,0.0,141,0.02199999988079071
8850,50,88,-0.014999999999999902,-1.1549999999999998,0,nan,141,0.0,141,0.02199999988079071
8851,51,88,-0.04499999999999993,-1.1549999999999998,0,nan,141,0.0,141,0.02199999988079071
8852,52,88,-0.07499999999999996,-1.1549999999999998,0,nan,141,0.0,141,0.02199999988079071
8853,53,88,-0.10499999999999998,-1.1549999999999998,0,nan,141,0.0,141,0.02199999988079071
8854,54,88,-0.135,-1.1549999999999998,0,nan,141,0.0,141,0.02199999988079071
8855,55,88,-0.16500000000000004,-1.1549999999999998,0,nan,141,0.0,141,0.02199999988079071
8856,56,88,-0.19499999999999984,-1.1549999999999998,0,nan,141,0.0,141,0.02199999988079071
8857,57,88,-0.22499999999999987,-1.1549999999999998,0,nan,141,0.0,141,0.02199999988079071
8858,58,88,-0.2549999999999999,-1.1549999999999998,0,nan,141,0.0,141,0.02199999988079071
8859,59,88,-0.2849999999999999,-1.1549999999999998,0,nan,141,0.0,141,0.02199999988079071
8860,60,88,-0.31499999999999995,-1.1549999999999998,0,nan,141,0.0,141,0.02199999988079071
8861,61,88,-0.345,-1.1549999999999998,0,nan,141,0.0,141,0.02199999988079071
8862,62,88,-0.375,-1.1549999999999998,0,nan,141,0.0,141,0.02199999988079071
8863,63,88,-0.405,-1.1549999999999998,0,nan,141,0.0,141,0.02199999988079071
8864,64,88,-0.43499999999999983,-1.1549999999999998,0,nan,141,0.0,141,0.02199999988079071
8865,65,88,-0.46499999999999986,-1.1549999999999998,0,nan,141,0.0,141,0.02199999988079071
8866,66,88,-0.4949999999999999,-1.1549999999999998,0,nan,141,0.0,141,0.02199999988079071
8867,67,88,-0.5249999999999999,-1.1549999999999998,0,nan,141,0.0,141,0.02199999988079071
8868,68,88,-0.5549999999999997,-1.1549999999999998,0,nan,141,0.0,141,0.02199999988079071
8869,69,88,-0.585,-1.1549999999999998,0,nan,141,0.0,141,0.02199999988079071
8870,70,88,-0.6149999999999998,-1.1549999999999998,0,nan,141,0.0,141,0.02199999988079071
8871,71,88,-0.645,-1.1549999999999998,0,nan,141,0.0,141,0.02199999988079071
8872,72,88,-0.6749999999999998,-1.1549999999999998,0,nan,141,0.0,141,0.02199999988079071
8873,73,88,-0.7050000000000001,-1.1549999999999998,0,nan,141,0.0,141,0.02199999988079071
8874,74,88,-0.7349999999999999,-1.1549999999999998,0,nan,141,0.0,141,0.02199999988079071
8875,75,88,-0.7650000000000001,-1.1549999999999998,0,nan,141,0.0,141,0.02199999988079071
8876,76,88,-0.7949999999999999,-1.1549999999999998,0,nan,141,0.0,141,0.02199999988079071
8877,77,88,-0.8249999999999997,-1.1549999999999998,0,nan,141,0.0,141,0.02199999988079071
8878,78,88,-0.855,-1.1549999999999998,0,nan,141,0.0,141,0.02199999988079071
8879,79,88,-0.8849999999999998,-1.1549999999999998,0,nan,141,0.0,141,0.02199999988079071
8880,80,88,-0.915,-1.1549999999999998,0,nan,141,0.0,141,0.02199999988079071
8881,81,88,-0.9449999999999998,-1.1549999999999998,0,nan,141,0.0,141,0.02199999988079071
8882,82,88,-0.9750000000000001,-1.1549999999999998,0,nan,141,0.0,141,0.02199999988079071
8883,83,88,-1.005,-1.1549999999999998,0,nan,141,0.0,141,0.02199999988079071
8884,84,88,-1.0349999999999997,-1.1549999999999998,0,nan,141,0.0,141,0.02199999988079071
8885,85,88,-1.065,-1.1549999999999998,0,nan,141,0.0,141,0.02199999988079071
8886,86,88,-1.0949999999999998,-1.1549999999999998,0,nan,141,0.0,141,0.02199999988079071
8887,87,88,-1.125,-1.1549999999999998,0,nan,141,0.0,141,0.02199999988079071
8888,88,88,-1.1549999999999998,-1.1549999999999998,0,nan,141,0.0,141,0.02199999988079071
8889,89,88,-1.185,-1.1549999999999998,0,nan,141,0.0,141,0.02199999988079071
8890,90,88,-1.2149999999999999,-1.1549999999999998,0,nan,141,0.0,141,0.02199999988079071
8891,91,88,-1.245,-1.1549999999999998,0,nan,141,0.0,141,0.02199999988079071
8892,92,88,-1.275,-1.1549999999999998,0,nan,141,0.0,141,0.02199999988079071
8893,93,88,-1.3049999999999997,-1.1549999999999998,0,nan,141,0.0,141,0.02199999988079071
8894,94,88,-1.335,-1.1549999999999998,0,nan,141,0.0,141,0.02199999988079071
8895,95,88,-1.3649999999999998,-1.1549999999999998,0,nan,141,0.0,141,0.02199999988079071
8896,96,88,-1.395,-1.1549999999999998,0,nan,141,0.0,141,0.02199999988079071
8897,97,88,-1.4249999999999998,-1.1549999999999998,0,nan,141,0.0,141,0.0
8898,98,88,-1.455,-1.1549999999999998,0,nan,141,0.0,141,0.0
8899,99,88,-1.4849999999999999,-1.1549999999999998,0,nan,141,0.0,141,0.0
8900,0,89,1.485,-1.185,0,nan,141,0.0,141,0.0
8901,1,89,1.455,-1.185,0,nan,141,0.0,141,0.0
8902,2,89,1.425,-1.185,0,nan,141,0.0,141,0.0
8903,3,89,1.395,-1.185,0,nan,141,0.0,141,0.02199999988079071
8904,4,89,1.365,-1.185,0,nan,141,0.0,141,0.02199999988079071
8905,5,89,1.335,-1.185,0,nan,141,0.0,141,0.02199999988079071
8906,6,89,1.305,-1.185,0,nan,141,0.0,141,0.02199999988079071
8907,7,89,1.275,-1.185,0,nan,141,0.0,141,0.02199999988079071
8908,8,89,1.245,-1.185,0,nan,141,0.0,141,0.02199999988079071
8909,9,89,1.215,-1.185,0,nan,141,0.0,141,0.02199999988079071
8910,10,89,1.185,-1.185,0,nan,141,0.0,141,0.02199999988079071
8911,11,89,1.155,-1.185,0,nan,141,0.0,141,0.02199999988079071
8912,12,89,1.125,-1.185,0,nan,141,0.0,141,0.02199999988079071
8913,13,89,1.095,-1.185,0,nan,141,0.0,141,0.02199999988079071
8914,14,89,1.065,-1.185,0,nan,141,0.0,141,0.02199999988079071
8915,15,89,1.0350000000000001,-1.185,0,nan,141,0.0,141,0.02199999988079071
8916,16,89,1.005,-1.185,0,nan,141,0.0,141,0.02199999988079071
8917,17,89,0.975,-1.185,0,nan,141,0.0,141,0.02199999988079071
8918,18,89,0.9450000000000001,-1.185,0,nan,141,0.0,141,0.02199999988079071
8919,19,89,0.915,-1.185,0,nan,141,0.0,141,0.02199999988079071
8920,20,89,0.885,-1.185,0,nan,141,0.0,141,0.02199999988079071
8921,21,89,0.855,-1.185,0,nan,141,0.0,141,0.02199999988079071
8922,22,89,0.8250000000000001,-1.185,0,nan,141,0.0,141,0.02199999988079071
8923,23,89,0.795,-1.185,0,nan,141,0.0,141,0.02199999988079071
8924,24,89,0.765,-1.185,0,nan,141,0.0,141,0.02199999988079071
8925,25,89,0.735,-1.185,0,nan,141,0.0,141,0.02199999988079071
8926,26,89,0.7050000000000001,-1.185,0,nan,141,0.0,141,0.02199999988079071
8927,27,89,0.675,-1.185,0,nan,141,0.0,141,0.02199999988079071
8928,28,89,0.645,-1.185,0,nan,141,0.0,141,0.02199999988079071
8929,29,89,0.615,-1.185,0,nan,141,0.0,141,0.02199999988079071
8930,30,89,0.5850000000000001,-1.185,0,nan,141,0.0,141,0.02199999988079071
8931,31,89,0.555,-1.185,0,nan,141,0.0,141,0.02199999988079071
8932,32,89,0.525,-1.185,0,nan,141,0.0,141,0.02199999988079071
8933,33,89,0.4950000000000001,-1.185,0,nan,141,0.0,141,0.02199999988079071
8934,34,89,0.4650000000000001,-1.185,0,nan,141,0.0,141,0.02199999988079071
8935,35,89,0.43500000000000005,-1.185,0,nan,141,0.0,141,0.02199999988079071
8936,36,89,0.405,-1.185,0,nan,141,0.0,141,0.02199999988079071
8937,37,89,0.375,-1.185,0,nan,141,0.0,141,0.02199999988079071
8938,38,89,0.345,-1.185,0,nan,141,0.0,141,0.02199999988079071
8939,39,89,0.31499999999999995,-1.185,0,nan,141,0.0,141,0.02199999988079071
8940,40,89,0.28500000000000014,-1.185,0,nan,141,0.0,141,0.02199999988079071
8941,41,89,0.2550000000000001,-1.185,0,nan,141,0.0,141,0.02199999988079071
8942,42,89,0.2250000000000001,-1.185,0,nan,141,0.0,141,0.02199999988079071
8943,43,89,0.19500000000000006,-1.185,0,nan,141,0.0,141,0.02199999988079071
8944,44,89,0.16500000000000004,-1.185,0,nan,141,0.0,141,0.02199999988079071
8945,45,89,0.135,-1.185,0,nan,141,0.0,141,0.02199999988079071
8946,46,89,0.10499999999999998,-1.185,0,nan,141,0.0,141,0.02199999988079071
8947,47,89,0.07499999999999996,-1.185,0,nan,141,0.0,141,0.02199999988079071
8948,48,89,0.04500000000000015,-1.185,0,nan,141,0.0,141,0.02199999988079071
8949,49,89,0.015000000000000124,-1.185,0,nan,141,0.0,141,0.02199999988079071
8950,50,89,-0.014999999999999902,-1.185,0,nan,141,0.0,141,0.02199999988079071
8951,51,89,-0.04499999999999993,-1.185,0,nan,141,0.0,141,0.02199999988079071
8952,52,89,-0.07499999999999996,-1.185,0,nan,141,0.0,141,0.02199999988079071
8953,53,89,-0.10499999999999998,-1.185,0,nan,141,0.0,141,0.02199999988079071
8954,54,89,-0.135,-1.185,0,nan,141,0.0,141,0.02199999988079071
8955,55,89,-0.16500000000000004,-1.185,0,nan,141,0.0,141,0.02199999988079071
8956,56,89,-0.19499999999999984,-1.185,0,nan,141,0.0,141,0.02199999988079071
8957,57,89,-0.22499999999999987,-1.185,0,nan,141,0.0,141,0.02199999988079071
8958,58,89,-0.2549999999999999,-1.185,0,nan,141,0.0,141,0.02199999988079071
8959,59,89,-0.2849999999999999,-1.185,0,nan,141,0.0,141,0.02199999988079071
8960,60,89,-0.31499999999999995,-1.185,0,nan,141,0.0,141,0.02199999988079071
8961,61,89,-0.345,-1.185,0,nan,141,0.0,141,0.02199999988079071
8962,62,89,-0.375,-1.185,0,nan,141,0.0,141,0.02199999988079071
8963,63,89,-0.405,-1.185,0,nan,141,0.0,141,0.02199999988079071
8964,64,89,-0.43499999999999983,-1.185,0,nan,141,0.0,141,0.02199999988079071
8965,65,89,-0.46499999999999986,-1.185,0,nan,141,0.0,141,0.02199999988079071
8966,66,89,-0.4949999999999999,-1.185,0,nan,141,0.0,141,0.02199999988079071
8967,67,89,-0.5249999999999999,-1.185,0,nan,141,0.0,141,0.02199999988079071
8968,68,89,-0.5549999999999997,-1.185,0,nan,141,0.0,141,0.02199999988079071
8969,69,89,-0.585,-1.185,0,nan,141,0.0,141,0.02199999988079071
8970,70,89,-0.6149999999999998,-1.185,0,nan,141,0.0,141,0.02199999988079071
8971,71,89,-0.645,-1.185,0,nan,141,0.0,141,0.02199999988079071
8972,72,89,-0.6749999999999998,-1.185,0,nan,141,0.0,141,0.02199999988079071
8973,73,89,-0.7050000000000001,-1.185,0,nan,141,0.0,141,0.02199999988079071
8974,74,89,-0.7349999999999999,-1.185,0,nan,141,0.0,141,0.02199999988079071
8975,75,89,-0.7650000000000001,-1.185,0,nan,141,0.0,141,0.02199999988079071
8976,76,89,-0.7949999999999999,-1.185,0,nan,141,0.0,141,0.02199999988079071
8977,77,89,-0.8249999999999997,-1.185,0,nan,141,0.0,141,0.02199999988079071
8978,78,89,-0.855,-1.185,0,nan,141,0.0,141,0.02199999988079071
8979,79,89,-0.8849999999999998,-1.185,0,nan,141,0.0,141,0.02199999988079071
8980,80,89,-0.915,-1.185,0,nan,141,0.0,141,0.02199999988079071
8981,81,89,-0.9449999999999998,-1.185,0,nan,141,0.0,141,0.02199999988079071
8982,82,89,-0.9750000000000001,-1.185,0,nan,141,0.0,141,0.02199999988079071
8983,83,89,-1.005,-1.185,0,nan,141,0.0,141,0.02199999988079071
8984,84,89,-1.0349999999999997,-1.185,0,nan,141,0.0,141,0.02199999988079071
8985,85,89,-1.065,-1.185,0,nan,141,0.0,141,0.02199999988079071
8986,86,89,-1.0949999999999998,-1.185,0,nan,141,0.0,141,0.02199999988079071
8987,87,89,-1.125,-1.185,0,nan,141,0.0,141,0.02199999988079071
8988,88,89,-1.1549999999999998,-1.185,0,nan,141,0.0,141,0.02199999988079071
8989,89,89,-1.185,-1.185,0,nan,141,0.0,141,0.02199999988079071
8990,90,89,-1.2149999999999999,-1.185,0,nan,141,0.0,141,0.02199999988079071
8991,91,89,-1.245,-1.185,0,nan,141,0.0,141,0.02199999988079071
8992,92,89,-1.275,-1.185,0,nan,141,0.0,141,0.02199999988079071
8993,93,89,-1.3049999999999997,-1.185,0,nan,141,0.0,141,0.02199999988079071
8994,94,89,-1.335,-1.185,0,nan,141,0.0,141,0.02199999988079071
8995,95,89,-1.3649999999999998,-1.185,0,nan,141,0.0,141,0.02199999988079071
8996,96,89,-1.395,-1.185,0,nan,141,0.0,141,0.02199999988079071
8997,97,89,-1.4249999999999998,-1.185,0,nan,141,0.0,141,0.0
8998,98,89,-1.455,-1.185,0,nan,141,0.0,141,0.0
8999,99,89,-1.4849999999999999,-1.185,0,nan,141,0.0,141,0.0
9000,0,90,1.485,-1.2149999999999999,0,nan,141,0.0,141,0.0
9001,1,90,1.455,-1.2149999999999999,0,nan,141,0.0,141,0.0
9002,2,90,1.425,-1.2149999999999999,0,nan,141,0.0,141,0.0
9003,3,90,1.395,-1.2149999999999999,0,nan,141,0.0,141,0.02199999988079071
9004,4,90,1.365,-1.2149999999999999,0,nan,141,0.0,141,0.02199999988079071
9005,5,90,1.335,-1.2149999999999999,0,nan,141,0.0,141,0.02199999988079071
9006,6,90,1.305,-1.2149999999999999,0,nan,141,0.0,141,0.02199999988079071
9007,7,90,1.275,-1.2149999999999999,0,nan,141,0.0,141,0.02199999988079071
9008,8,90,1.245,-1.2149999999999999,0,nan,141,0.0,141,0.02199999988079071
9009,9,90,1.215,-1.2149999999999999,0,nan,141,0.0,141,0.02199999988079071
9010,10,90,1.185,-1.2149999999999999,0,nan,141,0.0,141,0.02199999988079071
9011,11,90,1.155,-1.2149999999999999,0,nan,141,0.0,141,0.02199999988079071
9012,12,90,1.125,-1.2149999999999999,0,nan,141,0.0,141,0.02199999988079071
9013,13,90,1.095,-1.2149999999999999,0,nan,141,0.0,141,0.02199999988079071
9014,14,90,1.065,-1.2149999999999999,0,nan,141,0.0,141,0.02199999988079071
9015,15,90,1.0350000000000001,-1.2149999999999999,0,nan,141,0.0,141,0.02199999988079071
9016,16,90,1.005,-1.2149999999999999,0,nan,141,0.0,141,0.02199999988079071
9017,17,90,0.975,-1.2149999999999999,0,nan,141,0.0,141,0.02199999988079071
9018,18,90,0.9450000000000001,-1.2149999999999999,0,nan,141,0.0,141,0.02199999988079071
9019,19,90,0.915,-1.2149999999999999,0,nan,141,0.0,141,0.02199999988079071
9020,20,90,0.885,-1.2149999999999999,0,nan,141,0.0,141,0.02199999988079071
9021,21,90,0.855,-1.2149999999999999,0,nan,141,0.0,141,0.02199999988079071
9022,22,90,0.8250000000000001,-1.2149999999999999,0,nan,141,0.0,141,0.02199999988079071
9023,23,90,0.795,-1.2149999999999999,0,nan,141,0.0,141,0.02199999988079071
9024,24,90,0.765,-1.2149999999999999,0,nan,141,0.0,141,0.02199999988079071
9025,25,90,0.735,-1.2149999999999999,0,nan,141,0.0,141,0.02199999988079071
9026,26,90,0.7050000000000001,-1.2149999999999999,0,nan,141,0.0,141,0.02199999988079071
9027,27,90,0.675,-1.2149999999999999,0,nan,141,0.0,141,0.02199999988079071
9028,28,90,0.645,-1.2149999999999999,0,nan,141,0.0,141,0.02199999988079071
9029,29,90,0.615,-1.2149999999999999,0,nan,141,0.0,141,0.02199999988079071
9030,30,90,0.5850000000000001,-1.2149999999999999,0,nan,141,0.0,141,0.02199999988079071
9031,31,90,0.555,-1.2149999999999999,0,nan,141,0.0,141,0.02199999988079071
9032,32,90,0.525,-1.2149999999999999,0,nan,141,0.0,141,0.02199999988079071
9033,33,90,0.4950000000000001,-1.2149999999999999,0,nan,141,0.0,141,0.02199999988079071
9034,34,90,0.4650000000000001,-1.2149999999999999,0,nan,141,0.0,141,0.02199999988079071
9035,35,90,0.43500000000000005,-1.2149999999999999,0,nan,141,0.0,141,0.02199999988079071
9036,36,90,0.405,-1.2149999999999999,0,nan,141,0.0,141,0.02199999988079071
9037,37,90,0.375,-1.2149999999999999,0,nan,141,0.0,141,0.02199999988079071
9038,38,90,0.345,-1.2149999999999999,0,nan,141,0.0,141,0.02199999988079071
9039,39,90,0.31499999999999995,-1.2149999999999999,0,nan,141,0.0,141,0.02199999988079071
9040,40,90,0.28500000000000014,-1.2149999999999999,0,nan,141,0.0,141,0.02199999988079071
9041,41,90,0.2550000000000001,-1.2149999999999999,0,nan,141,0.0,141,0.02199999988079071
9042,42,90,0.2250000000000001,-1.2149999999999999,0,nan,141,0.0,141,0.02199999988079071
9043,43,90,0.19500000000000006,-1.2149999999999999,0,nan,141,0.0,141,0.02199999988079071
9044,44,90,0.16500000000000004,-1.2149999999999999,0,nan,141,0.0,141,0.02199999988079071
9045,45,90,0.135,-1.2149999999999999,0,nan,141,0.0,141,0.02199999988079071
9046,46,90,0.10499999999999998,-1.2149999999999999,0,nan,141,0.0,141,0.02199999988079071
9047,47,90,0.07499999999999996,-1.2149999999999999,0,nan,141,0.0,141,0.02199999988079071
9048,48,90,0.04500000000000015,-1.2149999999999999,0,nan,141,0.0,141,0.02199999988079071
9049,49,90,0.015000000000000124,-1.2149999999999999,0,nan,141,0.0,141,0.02199999988079071
9050,50,90,-0.014999999999999902,-1.2149999999999999,0,nan,141,0.0,141,0.02199999988079071
9051,51,90,-0.04499999999999993,-1.2149999999999999,0,nan,141,0.0,141,0.02199999988079071
9052,52,90,-0.07499999999999996,-1.2149999999999999,0,nan,141,0.0,141,0.02199999988079071
9053,53,90,-0.10499999999999998,-1.2149999999999999,0,nan,141,0.0,141,0.02199999988079071
9054,54,90,-0.135,-1.2149999999999999,0,nan,141,0.0,141,0.02199999988079071
9055,55,90,-0.16500000000000004,-1.2149999999999999,0,nan,141,0.0,141,0.02199999988079071
9056,56,90,-0.19499999999999984,-1.2149999999999999,0,nan,141,0.0,141,0.02199999988079071
9057,57,90,-0.22499999999999987,-1.2149999999999999,0,nan,141,0.0,141,0.02199999988079071
9058,58,90,-0.2549999999999999,-1.2149999999999999,0,nan,141,0.0,141,0.02199999988079071
9059,59,90,-0.2849999999999999,-1.2149999999999999,0,nan,141,0.0,141,0.02199999988079071
9060,60,90,-0.31499999999999995,-1.2149999999999999,0,nan,141,0.0,141,0.02199999988079071
9061,61,90,-0.345,-1.2149999999999999,0,nan,141,0.0,141,0.02199999988079071
9062,62,90,-0.375,-1.2149999999999999,0,nan,141,0.0,141,0.02199999988079071
9063,63,90,-0.405,-1.2149999999999999,0,nan,141,0.0,141,0.02199999988079071
9064,64,90,-0.43499999999999983,-1.2149999999999999,0,nan,141,0.0,141,0.02199999988079071
9065,65,90,-0.46499999999999986,-1.2149999999999999,0,nan,141,0.0,141,0.02199999988079071
9066,66,90,-0.4949999999999999,-1.2149999999999999,0,nan,141,0.0,141,0.02199999988079071
9067,67,90,-0.5249999999999999,-1.2149999999999999,0,nan,141,0.0,141,0.02199999988079071
9068,68,90,-0.5549999999999997,-1.2149999999999999,0,nan,141,0.0,141,0.02199999988079071
9069,69,90,-0.585,-1.2149999999999999,0,nan,141,0.0,141,0.02199999988079071
9070,70,90,-0.6149999999999998,-1.2149999999999999,0,nan,141,0.0,141,0.02199999988079071
9071,71,90,-0.645,-1.2149999999999999,0,nan,141,0.0,141,0.02199999988079071
9072,72,90,-0.6749999999999998,-1.2149999999999999,0,nan,141,0.0,141,0.02199999988079071
9073,73,90,-0.7050000000000001,-1.2149999999999999,0,nan,141,0.0,141,0.02199999988079071
9074,74,90,-0.7349999999999999,-1.2149999999999999,0,nan,141,0.0,141,0.02199999988079071
9075,75,90,-0.7650000000000001,-1.2149999999999999,0,nan,141,0.0,141,0.02199999988079071
9076,76,90,-0.7949999999999999,-1.2149999999999999,0,nan,141,0.0,141,0.02199999988079071
9077,77,90,-0.8249999999999997,-1.2149999999999999,0,nan,141,0.0,141,0.02199999988079071
9078,78,90,-0.855,-1.2149999999999999,0,nan,141,0.0,141,0.02199999988079071
9079,79,90,-0.8849999999999998,-1.2149999999999999,0,nan,141,0.0,141,0.02199999988079071
9080,80,90,-0.915,-1.2149999999999999,0,nan,141,0.0,141,0.02199999988079071
9081,81,90,-0.9449999999999998,-1.2149999999999999,0,nan,141,0.0,141,0.02199999988079071
9082,82,90,-0.9750000000000001,-1.2149999999999999,0,nan,141,0.0,141,0.02199999988079071
9083,83,90,-1.005,-1.2149999999999999,0,nan,141,0.0,141,0.02199999988079071
9084,84,90,-1.0349999999999997,-1.2149999999999999,0,nan,141,0.0,141,0.02199999988079071
9085,85,90,-1.065,-1.2149999999999999,0,nan,141,0.0,141,0.02199999988079071
9086,86,90,-1.0949999999999998,-1.2149999999999999,0,nan,141,0.0,141,0.02199999988079071
9087,87,90,-1.125,-1.2149999999999999,0,nan,141,0.0,141,0.02199999988079071
9088,88,90,-1.1549999999999998,-1.2149999999999999,0,nan,141,0.0,141,0.02199999988079071
9089,89,90,-1.185,-1.2149999999999999,0,nan,141,0.0,141,0.02199999988079071
9090,90,90,-1.2149999999999999,-1.2149999999999999,0,nan,141,0.0,141,0.02199999988079071
9091,91,90,-1.245,-1.2149999999999999,0,nan,141,0.0,141,0.02199999988079071
9092,92,90,-1.275,-1.2149999999999999,0,nan,141,0.0,141,0.02199999988079071
9093,93,90,-1.3049999999999997,-1.2149999999999999,0,nan,141,0.0,141,0.02199999988079071
9094,94,90,-1.335,-1.2149999999999999,0,nan,141,0.0,141,0.02199999988079071
9095,95,90,-1.3649999999999998,-1.2149999999999999,0,nan,141,0.0,141,0.02199999988079071
9096,96,90,-1.395,-1.2149999999999999,0,nan,141,0.0,141,0.02199999988079071
9097,97,90,-1.4249999999999998,-1.2149999999999999,0,nan,141,0.0,141,0.0
9098,98,90,-1.455,-1.2149999999999999,0,nan,141,0.0,141,0.0
9099,99,90,-1.4849999999999999,-1.2149999999999999,0,nan,141,0.0,141,0.0
9100,0,91,1.485,-1.245,0,nan,141,0.0,141,0.0
9101,1,91,1.455,-1.245,0,nan,141,0.0,141,0.0
9102,2,91,1.425,-1.245,0,nan,141,0.0,141,0.0
9103,3,91,1.395,-1.245,0,nan,141,0.0,141,0.02199999988079071
9104,4,91,1.365,-1.245,0,nan,141,0.0,141,0.02199999988079071
9105,5,91,1.335,-1.245,0,nan,141,0.0,141,0.02199999988079071
9106,6,91,1.305,-1.245,0,nan,141,0.0,141,0.02199999988079071
9107,7,91,1.275,-1.245,0,nan,141,0.0,141,0.02199999988079071
9108,8,91,1.245,-1.245,0,nan,141,0.0,141,0.02199999988079071
9109,9,91,1.215,-1.245,0,nan,141,0.0,141,0.02199999988079071
9110,10,91,1.185,-1.245,0,nan,141,0.0,141,0.02199999988079071
9111,11,91,1.155,-1.245,0,nan,141,0.0,141,0.02199999988079071
9112,12,91,1.125,-1.245,0,nan,141,0.0,141,0.02199999988079071
9113,13,91,1.095,-1.245,0,nan,141,0.0,141,0.02199999988079071
9114,14,91,1.065,-1.245,0,nan,141,0.0,141,0.02199999988079071
9115,15,91,1.0350000000000001,-1.245,0,nan,141,0.0,141,0.02199999988079071
9116,16,91,1.005,-1.245,0,nan,141,0.0,141,0.02199999988079071
9117,17,91,0.975,-1.245,0,nan,141,0.0,141,0.02199999988079071
9118,18,91,0.9450000000000001,-1.245,0,nan,141,0.0,141,0.02199999988079071
9119,19,91,0.915,-1.245,0,nan,141,0.0,141,0.02199999988079071
9120,20,91,0.885,-1.245,0,nan,141,0.0,141,0.02199999988079071
9121,21,91,0.855,-1.245,0,nan,141,0.0,141,0.02199999988079071
9122,22,91,0.8250000000000001,-1.245,0,nan,141,0.0,141,0.02199999988079071
9123,23,91,0.795,-1.245,0,nan,141,0.0,141,0.02199999988079071
9124,24,91,0.765,-1.245,0,nan,141,0.0,141,0.02199999988079071
9125,25,91,0.735,-1.245,0,nan,141,0.0,141,0.02199999988079071
9126,26,91,0.7050000000000001,-1.245,0,nan,141,0.0,141,0.02199999988079071
9127,27,91,0.675,-1.245,0,nan,141,0.0,141,0.02199999988079071
9128,28,91,0.645,-1.245,0,nan,141,0.0,141,0.02199999988079071
9129,29,91,0.615,-1.245,0,nan,141,0.0,141,0.02199999988079071
9130,30,91,0.5850000000000001,-1.245,0,nan,141,0.0,141,0.02199999988079071
9131,31,91,0.555,-1.245,0,nan,141,0.0,141,0.02199999988079071
9132,32,91,0.525,-1.245,0,nan,141,0.0,141,0.02199999988079071
9133,33,91,0.4950000000000001,-1.245,0,nan,141,0.0,141,0.02199999988079071
9134,34,91,0.4650000000000001,-1.245,0,nan,141,0.0,141,0.02199999988079071
9135,35,91,0.43500000000000005,-1.245,0,nan,141,0.0,141,0.02199999988079071
9136,36,91,0.405,-1.245,0,nan,141,0.0,141,0.02199999988079071
9137,37,91,0.375,-1.245,0,nan,141,0.0,141,0.02199999988079071
9138,38,91,0.345,-1.245,0,nan,141,0.0,141,0.02199999988079071
9139,39,91,0.31499999999999995,-1.245,0,nan,141,0.0,141,0.02199999988079071
9140,40,91,0.28500000000000014,-1.245,0,nan,141,0.0,141,0.02199999988079071
9141,41,91,0.2550000000000001,-1.245,0,nan,141,0.0,141,0.02199999988079071
9142,42,91,0.2250000000000001,-1.245,0,nan,141,0.0,141,0.02199999988079071
9143,43,91,0.19500000000000006,-1.245,0,nan,141,0.0,141,0.02199999988079071
9144,44,91,0.16500000000000004,-1.245,0,nan,141,0.0,141,0.02199999988079071
9145,45,91,0.135,-1.245,0,nan,141,0.0,141,0.02199999988079071
9146,46,91,0.10499999999999998,-1.245,0,nan,141,0.0,141,0.02199999988079071
9147,47,91,0.07499999999999996,-1.245,0,nan,141,0.0,141,0.02199999988079071
9148,48,91,0.04500000000000015,-1.245,0,nan,141,0.0,141,0.02199999988079071
9149,49,91,0.015000000000000124,-1.245,0,nan,141,0.0,141,0.02199999988079071
9150,50,91,-0.014999999999999902,-1.245,0,nan,141,0.0,141,0.02199999988079071
9151,51,91,-0.04499999999999993,-1.245,0,nan,141,0.0,141,0.02199999988079071
9152,52,91,-0.07499999999999996,-1.245,0,nan,141,0.0,141,0.02199999988079071
9153,53,91,-0.10499999999999998,-1.245,0,nan,141,0.0,141,0.02199999988079071
9154,54,91,-0.135,-1.245,0,nan,141,0.0,141,0.02199999988079071
9155,55,91,-0.16500000000000004,-1.245,0,nan,141,0.0,141,0.02199999988079071
9156,56,91,-0.19499999999999984,-1.245,0,nan,141,0.0,141,0.02199999988079071
9157,57,91,-0.22499999999999987,-1.245,0,nan,141,0.0,141,0.02199999988079071
9158,58,91,-0.2549999999999999,-1.245,0,nan,141,0.0,141,0.02199999988079071
9159,59,91,-0.2849999999999999,-1.245,0,nan,141,0.0,141,0.02199999988079071
9160,60,91,-0.31499999999999995,-1.245,0,nan,141,0.0,141,0.02199999988079071
9161,61,91,-0.345,-1.245,0,nan,141,0.0,141,0.02199999988079071
9162,62,91,-0.375,-1.245,0,nan,141,0.0,141,0.02199999988079071
9163,63,91,-0.405,-1.245,0,nan,141,0.0,141,0.02199999988079071
9164,64,91,-0.43499999999999983,-1.245,0,nan,141,0.0,141,0.02199999988079071
9165,65,91,-0.46499999999999986,-1.245,0,nan,141,0.0,141,0.02199999988079071
9166,66,91,-0.4949999999999999,-1.245,0,nan,141,0.0,141,0.02199999988079071
9167,67,91,-0.5249999999999999,-1.245,0,nan,141,0.0,141,0.02199999988079071
9168,68,91,-0.5549999999999997,-1.245,0,nan,141,0.0,141,0.02199999988079071
9169,69,91,-0.585,-1.245,0,nan,141,0.0,141,0.02199999988079071
9170,70,91,-0.6149999999999998,-1.245,0,nan,141,0.0,141,0.02199999988079071
9171,71,91,-0.645,-1.245,0,nan,141,0.0,141,0.02199999988079071
9172,72,91,-0.6749999999999998,-1.245,0,nan,141,0.0,141,0.02199999988079071
9173,73,91,-0.7050000000000001,-1.245,0,nan,141,0.0,141,0.02199999988079071
9174,74,91,-0.7349999999999999,-1.245,0,nan,141,0.0,141,0.02199999988079071
9175,75,91,-0.7650000000000001,-1.245,0,nan,141,0.0,141,0.02199999988079071
9176,76,91,-0.7949999999999999,-1.245,0,nan,141,0.0,141,0.02199999988079071
9177,77,91,-0.8249999999999997,-1.245,0,nan,141,0.0,141,0.02199999988079071
9178,78,91,-0.855,-1.245,0,nan,141,0.0,141,0.02199999988079071
9179,79,91,-0.8849999999999998,-1.245,0,nan,141,0.0,141,0.02199999988079071
9180,80,91,-0.915,-1.245,0,nan,141,0.0,141,0.02199999988079071
9181,81,91,-0.9449999999999998,-1.245,0,nan,141,0.0,141,0.02199999988079071
9182,82,91,-0.9750000000000001,-1.245,0,nan,141,0.0,141,0.02199999988079071
9183,83,91,-1.005,-1.245,0,nan,141,0.0,141,0.02199999988079071
9184,84,91,-1.0349999999999997,-1.245,0,nan,141,0.0,141,0.02199999988079071
9185,85,91,-1.065,-1.245,0,nan,141,0.0,141,0.02199999988079071
9186,86,91,-1.0949999999999998,-1.245,0,nan,141,0.0,141,0.02199999988079071
9187,87,91,-1.125,-1.245,0,nan,141,0.0,141,0.02199999988079071
9188,88,91,-1.1549999999999998,-1.245,0,nan,141,0.0,141,0.02199999988079071
9189,89,91,-1.185,-1.245,0,nan,141,0.0,141,0.02199999988079071
9190,90,91,-1.2149999999999999,-1.245,0,nan,141,0.0,141,0.02199999988079071
9191,91,91,-1.245,-1.245,0,nan,141,0.0,141,0.02199999988079071
9192,92,91,-1.275,-1.245,0,nan,141,0.0,141,0.02199999988079071
9193,93,91,-1.3049999999999997,-1.245,0,nan,141,0.0,141,0.02199999988079071
9194,94,91,-1.335,-1.245,0,nan,141,0.0,141,0.02199999988079071
9195,95,91,-1.3649999999999998,-1.245,0,nan,141,0.0,141,0.02199999988079071
9196,96,91,-1.395,-1.245,0,nan,141,0.0,141,0.02199999988079071
9197,97,91,-1.4249999999999998,-1.245,0,nan,141,0.0,141,0.0
9198,98,91,-1.455,-1.245,0,nan,141,0.0,141,0.0
9199,99,91,-1.4849999999999999,-1.245,0,nan,141,0.0,141,0.0
9200,0,92,1.485,-1.275,0,nan,141,0.0,141,0.0
9201,1,92,1.455,-1.275,0,nan,141,0.0,141,0.0
9202,2,92,1.425,-1.275,0,nan,141,0.0,141,0.0
9203,3,92,1.395,-1.275,0,nan,141,0.0,141,0.02199999988079071
9204,4,92,1.365,-1.275,0,nan,141,0.0,141,0.02199999988079071
9205,5,92,1.335,-1.275,0,nan,141,0.0,141,0.02199999988079071
9206,6,92,1.305,-1.275,0,nan,141,0.0,141,0.02199999988079071
9207,7,92,1.275,-1.275,0,nan,141,0.0,141,0.02199999988079071
9208,8,92,1.245,-1.275,0,nan,141,0.0,141,0.02199999988079071
9209,9,92,1.215,-1.275,0,nan,141,0.0,141,0.02199999988079071
9210,10,92,1.185,-1.275,0,nan,141,0.0,141,0.02199999988079071
9211,11,92,1.155,-1.275,0,nan,141,0.0,141,0.02199999988079071
9212,12,92,1.125,-1.275,0,nan,141,0.0,141,0.02199999988079071
9213,13,92,1.095,-1.275,0,nan,141,0.0,141,0.02199999988079071
9214,14,92,1.065,-1.275,0,nan,141,0.0,141,0.02199999988079071
9215,15,92,1.0350000000000001,-1.275,0,nan,141,0.0,141,0.02199999988079071
9216,16,92,1.005,-1.275,0,nan,141,0.0,141,0.02199999988079071
9217,17,92,0.975,-1.275,0,nan,141,0.0,141,0.02199999988079071
9218,18,92,0.9450000000000001,-1.275,0,nan,141,0.0,141,0.02199999988079071
9219,19,92,0.915,-1.275,0,nan,141,0.0,141,0.02199999988079071
9220,20,92,0.885,-1.275,0,nan,141,0.0,141,0.02199999988079071
9221,21,92,0.855,-1.275,0,nan,141,0.0,141,0.02199999988079071
9222,22,92,0.8250000000000001,-1.275,0,nan,141,0.0,141,0.02199999988079071
9223,23,92,0.795,-1.275,0,nan,141,0.0,141,0.02199999988079071
9224,24,92,0.765,-1.275,0,nan,141,0.0,141,0.02199999988079071
9225,25,92,0.735,-1.275,0,nan,141,0.0,141,0.02199999988079071
9226,26,92,0.7050000000000001,-1.275,0,nan,141,0.0,141,0.02199999988079071
9227,27,92,0.675,-1.275,0,nan,141,0.0,141,0.02199999988079071
9228,28,92,0.645,-1.275,0,nan,141,0.0,141,0.02199999988079071
9229,29,92,0.615,-1.275,0,nan,141,0.0,141,0.02199999988079071
9230,30,92,0.5850000000000001,-1.275,0,nan,141,0.0,141,0.02199999988079071
9231,31,92,0.555,-1.275,0,nan,141,0.0,141,0.02199999988079071
9232,32,92,0.525,-1.275,0,nan,141,0.0,141,0.02199999988079071
9233,33,92,0.4950000000000001,-1.275,0,nan,141,0.0,141,0.02199999988079071
9234,34,92,0.4650000000000001,-1.275,0,nan,141,0.0,141,0.02199999988079071
9235,35,92,0.43500000000000005,-1.275,0,nan,141,0.0,141,0.02199999988079071
9236,36,92,0.405,-1.275,0,nan,141,0.0,141,0.02199999988079071
9237,37,92,0.375,-1.275,0,nan,141,0.0,141,0.02199999988079071
9238,38,92,0.345,-1.275,0,nan,141,0.0,141,0.02199999988079071
9239,39,92,0.31499999999999995,-1.275,0,nan,141,0.0,141,0.02199999988079071
9240,40,92,0.28500000000000014,-1.275,0,nan,141,0.0,141,0.02199999988079071
9241,41,92,0.2550000000000001,-1.275,0,nan,141,0.0,141,0.02199999988079071
9242,42,92,0.2250000000000001,-1.275,0,nan,141,0.0,141,0.02199999988079071
9243,43,92,0.19500000000000006,-1.275,0,nan,141,0.0,141,0.02199999988079071
9244,44,92,0.16500000000000004,-1.275,0,nan,141,0.0,141,0.02199999988079071
9245,45,92,0.135,-1.275,0,nan,141,0.0,141,0.02199999988079071
9246,46,92,0.10499999999999998,-1.275,0,nan,141,0.0,141,0.02199999988079071
9247,47,92,0.07499999999999996,-1.275,0,nan,141,0.0,141,0.02199999988079071
9248,48,92,0.04500000000000015,-1.275,0,nan,141,0.0,141,0.02199999988079071
9249,49,92,0.015000000000000124,-1.275,0,nan,141,0.0,141,0.02199999988079071
9250,50,92,-0.014999999999999902,-1.275,0,nan,141,0.0,141,0.02199999988079071
9251,51,92,-0.04499999999999993,-1.275,0,nan,141,0.0,141,0.02199999988079071
9252,52,92,-0.07499999999999996,-1.275,0,nan,141,0.0,141,0.02199999988079071
9253,53,92,-0.10499999999999998,-1.275,0,nan,141,0.0,141,0.02199999988079071
9254,54,92,-0.135,-1.275,0,nan,141,0.0,141,0.02199999988079071
9255,55,92,-0.16500000000000004,-1.275,0,nan,141,0.0,141,0.02199999988079071
9256,56,92,-0.19499999999999984,-1.275,0,nan,141,0.0,141,0.02199999988079071
9257,57,92,-0.22499999999999987,-1.275,0,nan,141,0.0,141,0.02199999988079071
9258,58,92,-0.2549999999999999,-1.275,0,nan,141,0.0,141,0.02199999988079071
9259,59,92,-0.2849999999999999,-1.275,0,nan,141,0.0,141,0.02199999988079071
9260,60,92,-0.31499999999999995,-1.275,0,nan,141,0.0,141,0.02199999988079071
9261,61,92,-0.345,-1.275,0,nan,141,0.0,141,0.02199999988079071
9262,62,92,-0.375,-1.275,0,nan,141,0.0,141,0.02199999988079071
9263,63,92,-0.405,-1.275,0,nan,141,0.0,141,0.02199999988079071
9264,64,92,-0.43499999999999983,-1.275,0,nan,141,0.0,141,0.02199999988079071
9265,65,92,-0.46499999999999986,-1.275,0,nan,141,0.0,141,0.02199999988079071
9266,66,92,-0.4949999999999999,-1.275,0,nan,141,0.0,141,0.02199999988079071
9267,67,92,-0.5249999999999999,-1.275,0,nan,141,0.0,141,0.02199999988079071
9268,68,92,-0.5549999999999997,-1.275,0,nan,141,0.0,141,0.02199999988079071
9269,69,92,-0.585,-1.275,0,nan,141,0.0,141,0.02199999988079071
9270,70,92,-0.6149999999999998,-1.275,0,nan,141,0.0,141,0.02199999988079071
9271,71,92,-0.645,-1.275,0,nan,141,0.0,141,0.02199999988079071
9272,72,92,-0.6749999999999998,-1.275,0,nan,141,0.0,141,0.02199999988079071
9273,73,92,-0.7050000000000001,-1.275,0,nan,141,0.0,141,0.02199999988079071
9274,74,92,-0.7349999999999999,-1.275,0,nan,141,0.0,141,0.02199999988079071
9275,75,92,-0.7650000000000001,-1.275,0,nan,141,0.0,141,0.02199999988079071
9276,76,92,-0.7949999999999999,-1.275,0,nan,141,0.0,141,0.02199999988079071
9277,77,92,-0.8249999999999997,-1.275,0,nan,141,0.0,141,0.02199999988079071
9278,78,92,-0.855,-1.275,0,nan,141,0.0,141,0.02199999988079071
9279,79,92,-0.8849999999999998,-1.275,0,nan,141,0.0,141,0.02199999988079071
9280,80,92,-0.915,-1.275,0,nan,141,0.0,141,0.02199999988079071
9281,81,92,-0.9449999999999998,-1.275,0,nan,141,0.0,141,0.02199999988079071
9282,82,92,-0.9750000000000001,-1.275,0,nan,141,0.0,141,0.02199999988079071
9283,83,92,-1.005,-1.275,0,nan,141,0.0,141,0.02199999988079071
9284,84,92,-1.0349999999999997,-1.275,0,nan,141,0.0,141,0.02199999988079071
9285,85,92,-1.065,-1.275,0,nan,141,0.0,141,0.02199999988079071
9286,86,92,-1.0949999999999998,-1.275,0,nan,141,0.0,141,0.02199999988079071
9287,87,92,-1.125,-1.275,0,nan,141,0.0,141,0.02199999988079071
9288,88,92,-1.1549999999999998,-1.275,0,nan,141,0.0,141,0.02199999988079071
9289,89,92,-1.185,-1.275,0,nan,141,0.0,141,0.02199999988079071
9290,90,92,-1.2149999999999999,-1.275,0,nan,141,0.0,141,0.02199999988079071
9291,91,92,-1.245,-1.275,0,nan,141,0.0,141,0.02199999988079071
9292,92,92,-1.275,-1.275,0,nan,141,0.0,141,0.02199999988079071
9293,93,92,-1.3049999999999997,-1.275,0,nan,141,0.0,141,0.02199999988079071
9294,94,92,-1.335,-1.275,0,nan,141,0.0,141,0.02199999988079071
9295,95,92,-1.3649999999999998,-1.275,0,nan,141,0.0,141,0.02199999988079071
9296,96,92,-1.395,-1.275,0,nan,141,0.0,141,0.02199999988079071
9297,97,92,-1.4249999999999998,-1.275,0,nan,141,0.0,141,0.0
9298,98,92,-1.455,-1.275,0,nan,141,0.0,141,0.0
9299,99,92,-1.4849999999999999,-1.275,0,nan,141,0.0,141,0.0
9300,0,93,1.485,-1.3049999999999997,0,nan,141,0.0,141,0.0
9301,1,93,1.455,-1.3049999999999997,0,nan,141,0.0,141,0.0
9302,2,93,1.425,-1.3049999999999997,0,nan,141,0.0,141,0.0
9303,3,93,1.395,-1.3049999999999997,0,nan,141,0.0,141,0.02199999988079071
9304,4,93,1.365,-1.3049999999999997,0,nan,141,0.0,141,0.02199999988079071
9305,5,93,1.335,-1.3049999999999997,0,nan,141,0.0,141,0.02199999988079071
9306,6,93,1.305,-1.3049999999999997,0,nan,141,0.0,141,0.02199999988079071
9307,7,93,1.275,-1.3049999999999997,0,nan,141,0.0,141,0.02199999988079071
9308,8,93,1.245,-1.3049999999999997,0,nan,141,0.0,141,0.02199999988079071
9309,9,93,1.215,-1.3049999999999997,0,nan,141,0.0,141,0.02199999988079071
9310,10,93,1.185,-1.3049999999999997,0,nan,141,0.0,141,0.02199999988079071
9311,11,93,1.155,-1.3049999999999997,0,nan,141,0.0,141,0.02199999988079071
9312,12,93,1.125,-1.3049999999999997,0,nan,141,0.0,141,0.02199999988079071
9313,13,93,1.095,-1.3049999999999997,0,nan,141,0.0,141,0.02199999988079071
9314,14,93,1.065,-1.3049999999999997,0,nan,141,0.0,141,0.02199999988079071
9315,15,93,1.0350000000000001,-1.3049999999999997,0,nan,141,0.0,141,0.02199999988079071
9316,16,93,1.005,-1.3049999999999997,0,nan,141,0.0,141,0.02199999988079071
9317,17,93,0.975,-1.3049999999999997,0,nan,141,0.0,141,0.02199999988079071
9318,18,93,0.9450000000000001,-1.3049999999999997,0,nan,141,0.0,141,0.02199999988079071
9319,19,93,0.915,-1.3049999999999997,0,nan,141,0.0,141,0.02199999988079071
9320,20,93,0.885,-1.3049999999999997,0,nan,141,0.0,141,0.02199999988079071
9321,21,93,0.855,-1.3049999999999997,0,nan,141,0.0,141,0.02199999988079071
9322,22,93,0.8250000000000001,-1.3049999999999997,0,nan,141,0.0,141,0.02199999988079071
9323,23,93,0.795,-1.3049999999999997,0,nan,141,0.0,141,0.02199999988079071
9324,24,93,0.765,-1.3049999999999997,0,nan,141,0.0,141,0.02199999988079071
9325,25,93,0.735,-1.3049999999999997,0,nan,141,0.0,141,0.02199999988079071
9326,26,93,0.7050000000000001,-1.3049999999999997,0,nan,141,0.0,141,0.02199999988079071
9327,27,93,0.675,-1.3049999999999997,0,nan,141,0.0,141,0.02199999988079071
9328,28,93,0.645,-1.3049999999999997,0,nan,141,0.0,141,0.02199999988079071
9329,29,93,0.615,-1.3049999999999997,0,nan,141,0.0,141,0.02199999988079071
9330,30,93,0.5850000000000001,-1.3049999999999997,0,nan,141,0.0,141,0.02199999988079071
9331,31,93,0.555,-1.3049999999999997,0,nan,141,0.0,141,0.02199999988079071
9332,32,93,0.525,-1.3049999999999997,0,nan,141,0.0,141,0.02199999988079071
9333,33,93,0.4950000000000001,-1.3049999999999997,0,nan,141,0.0,141,0.02199999988079071
9334,34,93,0.4650000000000001,-1.3049999999999997,0,nan,141,0.0,141,0.02199999988079071
9335,35,93,0.43500000000000005,-1.3049999999999997,0,nan,141,0.0,141,0.02199999988079071
9336,36,93,0.405,-1.3049999999999997,0,nan,141,0.0,141,0.02199999988079071
9337,37,93,0.375,-1.3049999999999997,0,nan,141,0.0,141,0.02199999988079071
9338,38,93,0.345,-1.3049999999999997,0,nan,141,0.0,141,0.02199999988079071
9339,39,93,0.31499999999999995,-1.3049999999999997,0,nan,141,0.0,141,0.02199999988079071
9340,40,93,0.28500000000000014,-1.3049999999999997,0,nan,141,0.0,141,0.02199999988079071
9341,41,93,0.2550000000000001,-1.3049999999999997,0,nan,141,0.0,141,0.02199999988079071
9342,42,93,0.2250000000000001,-1.3049999999999997,0,nan,141,0.0,141,0.02199999988079071
9343,43,93,0.19500000000000006,-1.3049999999999997,0,nan,141,0.0,141,0.02199999988079071
9344,44,93,0.16500000000000004,-1.3049999999999997,0,nan,141,0.0,141,0.02199999988079071
9345,45,93,0.135,-1.3049999999999997,0,nan,141,0.0,141,0.02199999988079071
9346,46,93,0.10499999999999998,-1.3049999999999997,0,nan,141,0.0,141,0.02199999988079071
9347,47,93,0.07499999999999996,-1.3049999999999997,0,nan,141,0.0,141,0.02199999988079071
9348,48,93,0.04500000000000015,-1.3049999999999997,0,nan,141,0.0,141,0.02199999988079071
9349,49,93,0.015000000000000124,-1.3049999999999997,0,nan,141,0.0,141,0.02199999988079071
9350,50,93,-0.014999999999999902,-1.3049999999999997,0,nan,141,0.0,141,0.02199999988079071
9351,51,93,-0.04499999999999993,-1.3049999999999997,0,nan,141,0.0,141,0.02199999988079071
9352,52,93,-0.07499999999999996,-1.3049999999999997,0,nan,141,0.0,141,0.02199999988079071
9353,53,93,-0.10499999999999998,-1.3049999999999997,0,nan,141,0.0,141,0.02199999988079071
9354,54,93,-0.135,-1.3049999999999997,0,nan,141,0.0,141,0.02199999988079071
9355,55,93,-0.16500000000000004,-1.3049999999999997,0,nan,141,0.0,141,0.02199999988079071
9356,56,93,-0.19499999999999984,-1.3049999999999997,0,nan,141,0.0,141,0.02199999988079071
9357,57,93,-0.22499999999999987,-1.3049999999999997,0,nan,141,0.0,141,0.02199999988079071
9358,58,93,-0.2549999999999999,-1.3049999999999997,0,nan,141,0.0,141,0.02199999988079071
9359,59,93,-0.2849999999999999,-1.3049999999999997,0,nan,141,0.0,141,0.02199999988079071
9360,60,93,-0.31499999999999995,-1.3049999999999997,0,nan,141,0.0,141,0.02199999988079071
9361,61,93,-0.345,-1.3049999999999997,0,nan,141,0.0,141,0.02199999988079071
9362,62,93,-0.375,-1.3049999999999997,0,nan,141,0.0,141,0.02199999988079071
9363,63,93,-0.405,-1.3049999999999997,0,nan,141,0.0,141,0.02199999988079071
9364,64,93,-0.43499999999999983,-1.3049999999999997,0,nan,141,0.0,141,0.02199999988079071
9365,65,93,-0.46499999999999986,-1.3049999999999997,0,nan,141,0.0,141,0.02199999988079071
9366,66,93,-0.4949999999999999,-1.3049999999999997,0,nan,141,0.0,141,0.02199999988079071
9367,67,93,-0.5249999999999999,-1.3049999999999997,0,nan,141,0.0,141,0.02199999988079071
9368,68,93,-0.5549999999999997,-1.3049999999999997,0,nan,141,0.0,141,0.02199999988079071
9369,69,93,-0.585,-1.3049999999999997,0,nan,141,0.0,141,0.02199999988079071
9370,70,93,-0.6149999999999998,-1.3049999999999997,0,nan,141,0.0,141,0.02199999988079071
9371,71,93,-0.645,-1.3049999999999997,0,nan,141,0.0,141,0.02199999988079071
9372,72,93,-0.6749999999999998,-1.3049999999999997,0,nan,141,0.0,141,0.02199999988079071
9373,73,93,-0.7050000000000001,-1.3049999999999997,0,nan,141,0.0,141,0.02199999988079071
9374,74,93,-0.7349999999999999,-1.3049999999999997,0,nan,141,0.0,141,0.02199999988079071
9375,75,93,-0.7650000000000001,-1.3049999999999997,0,nan,141,0.0,141,0.02199999988079071
9376,76,93,-0.7949999999999999,-1.3049999999999997,0,nan,141,0.0,141,0.02199999988079071
9377,77,93,-0.8249999999999997,-1.3049999999999997,0,nan,141,0.0,141,0.02199999988079071
9378,78,93,-0.855,-1.3049999999999997,0,nan,141,0.0,141,0.02199999988079071
9379,79,93,-0.8849999999999998,-1.3049999999999997,0,nan,141,0.0,141,0.02199999988079071
9380,80,93,-0.915,-1.3049999999999997,0,nan,141,0.0,141,0.02199999988079071
9381,81,93,-0.9449999999999998,-1.3049999999999997,0,nan,141,0.0,141,0.02199999988079071
9382,82,93,-0.9750000000000001,-1.3049999999999997,0,nan,141,0.0,141,0.02199999988079071
9383,83,93,-1.005,-1.3049999999999997,0,nan,141,0.0,141,0.02199999988079071
9384,84,93,-1.0349999999999997,-1.3049999999999997,0,nan,141,0.0,141,0.02199999988079071
9385,85,93,-1.065,-1.3049999999999997,0,nan,141,0.0,141,0.02199999988079071
9386,86,93,-1.0949999999999998,-1.3049999999999997,0,nan,141,0.0,141,0.02199999988079071
9387,87,93,-1.125,-1.3049999999999997,0,nan,141,0.0,141,0.02199999988079071
9388,88,93,-1.1549999999999998,-1.3049999999999997,0,nan,141,0.0,141,0.02199999988079071
9389,89,93,-1.185,-1.3049999999999997,0,nan,141,0.0,141,0.02199999988079071
9390,90,93,-1.2149999999999999,-1.3049999999999997,0,nan,141,0.0,141,0.02199999988079071
9391,91,93,-1.245,-1.3049999999999997,0,nan,141,0.0,141,0.02199999988079071
9392,92,93,-1.275,-1.3049999999999997,0,nan,141,0.0,141,0.02199999988079071
9393,93,93,-1.3049999999999997,-1.3049999999999997,0,nan,141,0.0,141,0.02199999988079071
9394,94,93,-1.335,-1.3049999999999997,0,nan,141,0.0,141,0.02199999988079071
9395,95,93,-1.3649999999999998,-1.3049999999999997,0,nan,141,0.0,141,0.02199999988079071
9396,96,93,-1.395,-1.3049999999999997,0,nan,141,0.0,141,0.02199999988079071
9397,97,93,-1.4249999999999998,-1.3049999999999997,0,nan,141,0.0,141,0.0
9398,98,93,-1.455,-1.3049999999999997,0,nan,141,0.0,141,0.0
9399,99,93,-1.4849999999999999,-1.3049999999999997,0,nan,141,0.0,141,0.0
9400,0,94,1.485,-1.335,0,nan,141,0.0,141,0.0
9401,1,94,1.455,-1.335,0,nan,141,0.0,141,0.0
9402,2,94,1.425,-1.335,0,nan,141,0.0,141,0.0
9403,3,94,1.395,-1.335,0,nan,141,0.0,141,0.02199999988079071
9404,4,94,1.365,-1.335,0,nan,141,0.0,141,0.02199999988079071
9405,5,94,1.335,-1.335,0,nan,141,0.0,141,0.02199999988079071
9406,6,94,1.305,-1.335,0,nan,141,0.0,141,0.02199999988079071
9407,7,94,1.275,-1.335,0,nan,141,0.0,141,0.02199999988079071
9408,8,94,1.245,-1.335,0,nan,141,0.0,141,0.02199999988079071
9409,9,94,1.215,-1.335,0,nan,141,0.0,141,0.02199999988079071
9410,10,94,1.185,-1.335,0,nan,141,0.0,141,0.02199999988079071
9411,11,94,1.155,-1.335,0,nan,141,0.0,141,0.02199999988079071
9412,12,94,1.125,-1.335,0,nan,141,0.0,141,0.02199999988079071
9413,13,94,1.095,-1.335,0,nan,141,0.0,141,0.02199999988079071
9414,14,94,1.065,-1.335,0,nan,141,0.0,141,0.02199999988079071
9415,15,94,1.0350000000000001,-1.335,0,nan,141,0.0,141,0.02199999988079071
9416,16,94,1.005,-1.335,0,nan,141,0.0,141,0.02199999988079071
9417,17,94,0.975,-1.335,0,nan,141,0.0,141,0.02199999988079071
9418,18,94,0.9450000000000001,-1.335,0,nan,141,0.0,141,0.02199999988079071
9419,19,94,0.915,-1.335,0,nan,141,0.0,141,0.02199999988079071
9420,20,94,0.885,-1.335,0,nan,141,0.0,141,0.02199999988079071
9421,21,94,0.855,-1.335,0,nan,141,0.0,141,0.02199999988079071
9422,22,94,0.8250000000000001,-1.335,0,nan,141,0.0,141,0.02199999988079071
9423,23,94,0.795,-1.335,0,nan,141,0.0,141,0.02199999988079071
9424,24,94,0.765,-1.335,0,nan,141,0.0,141,0.02199999988079071
9425,25,94,0.735,-1.335,0,nan,141,0.0,141,0.02199999988079071
9426,26,94,0.7050000000000001,-1.335,0,nan,141,0.0,141,0.02199999988079071
9427,27,94,0.675,-1.335,0,nan,141,0.0,141,0.02199999988079071
9428,28,94,0.645,-1.335,0,nan,141,0.0,141,0.02199999988079071
9429,29,94,0.615,-1.335,0,nan,141,0.0,141,0.02199999988079071
9430,30,94,0.5850000000000001,-1.335,0,nan,141,0.0,141,0.02199999988079071
9431,31,94,0.555,-1.335,0,nan,141,0.0,141,0.02199999988079071
9432,32,94,0.525,-1.335,0,nan,141,0.0,141,0.02199999988079071
9433,33,94,0.4950000000000001,-1.335,0,nan,141,0.0,141,0.02199999988079071
9434,34,94,0.4650000000000001,-1.335,0,nan,141,0.0,141,0.02199999988079071
9435,35,94,0.43500000000000005,-1.335,0,nan,141,0.0,141,0.02199999988079071
9436,36,94,0.405,-1.335,0,nan,141,0.0,141,0.02199999988079071
9437,37,94,0.375,-1.335,0,nan,141,0.0,141,0.02199999988079071
9438,38,94,0.345,-1.335,0,nan,141,0.0,141,0.02199999988079071
9439,39,94,0.31499999999999995,-1.335,0,nan,141,0.0,141,0.02199999988079071
9440,40,94,0.28500000000000014,-1.335,0,nan,141,0.0,141,0.02199999988079071
9441,41,94,0.2550000000000001,-1.335,0,nan,141,0.0,141,0.02199999988079071
9442,42,94,0.2250000000000001,-1.335,0,nan,141,0.0,141,0.02199999988079071
9443,43,94,0.19500000000000006,-1.335,0,nan,141,0.0,141,0.02199999988079071
9444,44,94,0.16500000000000004,-1.335,0,nan,141,0.0,141,0.02199999988079071
9445,45,94,0.135,-1.335,0,nan,141,0.0,141,0.02199999988079071
9446,46,94,0.10499999999999998,-1.335,0,nan,141,0.0,141,0.02199999988079071
9447,47,94,0.07499999999999996,-1.335,0,nan,141,0.0,141,0.02199999988079071
9448,48,94,0.04500000000000015,-1.335,0,nan,141,0.0,141,0.02199999988079071
9449,49,94,0.015000000000000124,-1.335,0,nan,141,0.0,141,0.02199999988079071
9450,50,94,-0.014999999999999902,-1.335,0,nan,141,0.0,141,0.02199999988079071
9451,51,94,-0.04499999999999993,-1.335,0,nan,141,0.0,141,0.02199999988079071
9452,52,94,-0.07499999999999996,-1.335,0,nan,141,0.0,141,0.02199999988079071
9453,53,94,-0.10499999999999998,-1.335,0,nan,141,0.0,141,0.02199999988079071
9454,54,94,-0.135,-1.335,0,nan,141,0.0,141,0.02199999988079071
9455,55,94,-0.16500000000000004,-1.335,0,nan,141,0.0,141,0.02199999988079071
9456,56,94,-0.19499999999999984,-1.335,0,nan,141,0.0,141,0.02199999988079071
9457,57,94,-0.22499999999999987,-1.335,0,nan,141,0.0,141,0.02199999988079071
9458,58,94,-0.2549999999999999,-1.335,0,nan,141,0.0,141,0.02199999988079071
9459,59,94,-0.2849999999999999,-1.335,0,nan,141,0.0,141,0.02199999988079071
9460,60,94,-0.31499999999999995,-1.335,0,nan,141,0.0,141,0.02199999988079071
9461,61,94,-0.345,-1.335,0,nan,141,0.0,141,0.02199999988079071
9462,62,94,-0.375,-1.335,0,nan,141,0.0,141,0.02199999988079071
9463,63,94,-0.405,-1.335,0,nan,141,0.0,141,0.02199999988079071
9464,64,94,-0.43499999999999983,-1.335,0,nan,141,0.0,141,0.02199999988079071
9465,65,94,-0.46499999999999986,-1.335,0,nan,141,0.0,141,0.02199999988079071
9466,66,94,-0.4949999999999999,-1.335,0,nan,141,0.0,141,0.02199999988079071
9467,67,94,-0.5249999999999999,-1.335,0,nan,141,0.0,141,0.02199999988079071
9468,68,94,-0.5549999999999997,-1.335,0,nan,141,0.0,141,0.02199999988079071
9469,69,94,-0.585,-1.335,0,nan,141,0.0,141,0.02199999988079071
9470,70,94,-0.6149999999999998,-1.335,0,nan,141,0.0,141,0.02199999988079071
9471,71,94,-0.645,-1.335,0,nan,141,0.0,141,0.02199999988079071
9472,72,94,-0.6749999999999998,-1.335,0,nan,141,0.0,141,0.02199999988079071
9473,73,94,-0.7050000000000001,-1.335,0,nan,141,0.0,141,0.02199999988079071
9474,74,94,-0.7349999999999999,-1.335,0,nan,141,0.0,141,0.02199999988079071
9475,75,94,-0.7650000000000001,-1.335,0,nan,141,0.0,141,0.02199999988079071
9476,76,94,-0.7949999999999999,-1.335,0,nan,141,0.0,141,0.02199999988079071
9477,77,94,-0.8249999999999997,-1.335,0,nan,141,0.0,141,0.02199999988079071
9478,78,94,-0.855,-1.335,0,nan,141,0.0,141,0.02199999988079071
9479,79,94,-0.8849999999999998,-1.335,0,nan,141,0.0,141,0.02199999988079071
9480,80,94,-0.915,-1.335,0,nan,141,0.0,141,0.02199999988079071
9481,81,94,-0.9449999999999998,-1.335,0,nan,141,0.0,141,0.02199999988079071
9482,82,94,-0.9750000000000001,-1.335,0,nan,141,0.0,141,0.02199999988079071
9483,83,94,-1.005,-1.335,0,nan,141,0.0,141,0.02199999988079071
9484,84,94,-1.0349999999999997,-1.335,0,nan,141,0.0,141,0.02199999988079071
9485,85,94,-1.065,-1.335,0,nan,141,0.0,141,0.02199999988079071
9486,86,94,-1.0949999999999998,-1.335,0,nan,141,0.0,141,0.02199999988079071
9487,87,94,-1.125,-1.335,0,nan,141,0.0,141,0.02199999988079071
9488,88,94,-1.1549999999999998,-1.335,0,nan,141,0.0,141,0.02199999988079071
9489,89,94,-1.185,-1.335,0,nan,141,0.0,141,0.02199999988079071
9490,90,94,-1.2149999999999999,-1.335,0,nan,141,0.0,141,0.02199999988079071
9491,91,94,-1.245,-1.335,0,nan,141,0.0,141,0.02199999988079071
9492,92,94,-1.275,-1.335,0,nan,141,0.0,141,0.02199999988079071
9493,93,94,-1.3049999999999997,-1.335,0,nan,141,0.0,141,0.02199999988079071
9494,94,94,-1.335,-1.335,0,nan,141,0.0,141,0.02199999988079071
9495,95,94,-1.3649999999999998,-1.335,0,nan,141,0.0,141,0.02199999988079071
9496,96,94,-1.395,-1.335,0,nan,141,0.0,141,0.02199999988079071
9497,97,94,-1.4249999999999998,-1.335,0,nan,141,0.0,141,0.0
9498,98,94,-1.455,-1.335,0,nan,141,0.0,141,0.0
9499,99,94,-1.4849999999999999,-1.335,0,nan,141,0.0,141,0.0
9500,0,95,1.485,-1.3649999999999998,0,nan,141,0.0,141,0.0
9501,1,95,1.455,-1.3649999999999998,0,nan,141,0.0,141,0.0
9502,2,95,1.425,-1.3649999999999998,0,nan,141,0.0,141,0.0
9503,3,95,1.395,-1.3649999999999998,0,nan,141,0.0,141,0.02199999988079071
9504,4,95,1.365,-1.3649999999999998,0,nan,141,0.0,141,0.02199999988079071
9505,5,95,1.335,-1.3649999999999998,0,nan,141,0.0,141,0.02199999988079071
9506,6,95,1.305,-1.3649999999999998,0,nan,141,0.0,141,0.02199999988079071
9507,7,95,1.275,-1.3649999999999998,0,nan,141,0.0,141,0.02199999988079071
9508,8,95,1.245,-1.3649999999999998,0,nan,141,0.0,141,0.02199999988079071
9509,9,95,1.215,-1.3649999999999998,0,nan,141,0.0,141,0.02199999988079071
9510,10,95,1.185,-1.3649999999999998,0,nan,141,0.0,141,0.02199999988079071
9511,11,95,1.155,-1.3649999999999998,0,nan,141,0.0,141,0.02199999988079071
9512,12,95,1.125,-1.3649999999999998,0,nan,141,0.0,141,0.02199999988079071
9513,13,95,1.095,-1.3649999999999998,0,nan,141,0.0,141,0.02199999988079071
9514,14,95,1.065,-1.3649999999999998,0,nan,141,0.0,141,0.02199999988079071
9515,15,95,1.0350000000000001,-1.3649999999999998,0,nan,141,0.0,141,0.02199999988079071
9516,16,95,1.005,-1.3649999999999998,0,nan,141,0.0,141,0.02199999988079071
9517,17,95,0.975,-1.3649999999999998,0,nan,141,0.0,141,0.02199999988079071
9518,18,95,0.9450000000000001,-1.3649999999999998,0,nan,141,0.0,141,0.02199999988079071
9519,19,95,0.915,-1.3649999999999998,0,nan,141,0.0,141,0.02199999988079071
9520,20,95,0.885,-1.3649999999999998,0,nan,141,0.0,141,0.02199999988079071
9521,21,95,0.855,-1.3649999999999998,0,nan,141,0.0,141,0.02199999988079071
9522,22,95,0.8250000000000001,-1.3649999999999998,0,nan,141,0.0,141,0.02199999988079071
9523,23,95,0.795,-1.3649999999999998,0,nan,141,0.0,141,0.02199999988079071
9524,24,95,0.765,-1.3649999999999998,0,nan,141,0.0,141,0.02199999988079071
9525,25,95,0.735,-1.3649999999999998,0,nan,141,0.0,141,0.02199999988079071
9526,26,95,0.7050000000000001,-1.3649999999999998,0,nan,141,0.0,141,0.02199999988079071
9527,27,95,0.675,-1.3649999999999998,0,nan,141,0.0,141,0.02199999988079071
9528,28,95,0.645,-1.3649999999999998,0,nan,141,0.0,141,0.02199999988079071
9529,29,95,0.615,-1.3649999999999998,0,nan,141,0.0,141,0.02199999988079071
9530,30,95,0.5850000000000001,-1.3649999999999998,0,nan,141,0.0,141,0.02199999988079071
9531,31,95,0.555,-1.3649999999999998,0,nan,141,0.0,141,0.02199999988079071
9532,32,95,0.525,-1.3649999999999998,0,nan,141,0.0,141,0.02199999988079071
9533,33,95,0.4950000000000001,-1.3649999999999998,0,nan,141,0.0,141,0.02199999988079071
9534,34,95,0.4650000000000001,-1.3649999999999998,0,nan,141,0.0,141,0.02199999988079071
9535,35,95,0.43500000000000005,-1.3649999999999998,0,nan,141,0.0,141,0.02199999988079071
9536,36,95,0.405,-1.3649999999999998,0,nan,141,0.0,141,0.02199999988079071
9537,37,95,0.375,-1.3649999999999998,0,nan,141,0.0,141,0.02199999988079071
9538,38,95,0.345,-1.3649999999999998,0,nan,141,0.0,141,0.02199999988079071
9539,39,95,0.31499999999999995,-1.3649999999999998,0,nan,141,0.0,141,0.02199999988079071
9540,40,95,0.28500000000000014,-1.3649999999999998,0,nan,141,0.0,141,0.02199999988079071
9541,41,95,0.2550000000000001,-1.3649999999999998,0,nan,141,0.0,141,0.02199999988079071
9542,42,95,0.2250000000000001,-1.3649999999999998,0,nan,141,0.0,141,0.02199999988079071
9543,43,95,0.19500000000000006,-1.3649999999999998,0,nan,141,0.0,141,0.02199999988079071
9544,44,95,0.16500000000000004,-1.3649999999999998,0,nan,141,0.0,141,0.02199999988079071
9545,45,95,0.135,-1.3649999999999998,0,nan,141,0.0,141,0.02199999988079071
9546,46,95,0.10499999999999998,-1.3649999999999998,0,nan,141,0.0,141,0.02199999988079071
9547,47,95,0.07499999999999996,-1.3649999999999998,0,nan,141,0.0,141,0.02199999988079071
9548,48,95,0.04500000000000015,-1.3649999999999998,0,nan,141,0.0,141,0.02199999988079071
9549,49,95,0.015000000000000124,-1.3649999999999998,0,nan,141,0.0,141,0.02199999988079071
9550,50,95,-0.014999999999999902,-1.3649999999999998,0,nan,141,0.0,141,0.02199999988079071
9551,51,95,-0.04499999999999993,-1.3649999999999998,0,nan,141,0.0,141,0.02199999988079071
9552,52,95,-0.07499999999999996,-1.3649999999999998,0,nan,141,0.0,141,0.02199999988079071
9553,53,95,-0.10499999999999998,-1.3649999999999998,0,nan,141,0.0,141,0.02199999988079071
9554,54,95,-0.135,-1.3649999999999998,0,nan,141,0.0,141,0.02199999988079071
9555,55,95,-0.16500000000000004,-1.3649999999999998,0,nan,141,0.0,141,0.02199999988079071
9556,56,95,-0.19499999999999984,-1.3649999999999998,0,nan,141,0.0,141,0.02199999988079071
9557,57,95,-0.22499999999999987,-1.3649999999999998,0,nan,141,0.0,141,0.02199999988079071
9558,58,95,-0.2549999999999999,-1.3649999999999998,0,nan,141,0.0,141,0.02199999988079071
9559,59,95,-0.2849999999999999,-1.3649999999999998,0,nan,141,0.0,141,0.02199999988079071
9560,60,95,-0.31499999999999995,-1.3649999999999998,0,nan,141,0.0,141,0.02199999988079071
9561,61,95,-0.345,-1.3649999999999998,0,nan,141,0.0,141,0.02199999988079071
9562,62,95,-0.375,-1.3649999999999998,0,nan,141,0.0,141,0.02199999988079071
9563,63,95,-0.405,-1.3649999999999998,0,nan,141,0.0,141,0.02199999988079071
9564,64,95,-0.43499999999999983,-1.3649999999999998,0,nan,141,0.0,141,0.02199999988079071
9565,65,95,-0.46499999999999986,-1.3649999999999998,0,nan,141,0.0,141,0.02199999988079071
9566,66,95,-0.4949999999999999,-1.3649999999999998,0,nan,141,0.0,141,0.02199999988079071
9567,67,95,-0.5249999999999999,-1.3649999999999998,0,nan,141,0.0,141,0.02199999988079071
9568,68,95,-0.5549999999999997,-1.3649999999999998,0,nan,141,0.0,141,0.02199999988079071
9569,69,95,-0.585,-1.3649999999999998,0,nan,141,0.0,141,0.02199999988079071
9570,70,95,-0.6149999999999998,-1.3649999999999998,0,nan,141,0.0,141,0.02199999988079071
9571,71,95,-0.645,-1.3649999999999998,0,nan,141,0.0,141,0.02199999988079071
9572,72,95,-0.6749999999999998,-1.3649999999999998,0,nan,141,0.0,141,0.02199999988079071
9573,73,95,-0.7050000000000001,-1.3649999999999998,0,nan,141,0.0,141,0.02199999988079071
9574,74,95,-0.7349999999999999,-1.3649999999999998,0,nan,141,0.0,141,0.02199999988079071
9575,75,95,-0.7650000000000001,-1.3649999999999998,0,nan,141,0.0,141,0.02199999988079071
9576,76,95,-0.7949999999999999,-1.3649999999999998,0,nan,141,0.0,141,0.02199999988079071
9577,77,95,-0.8249999999999997,-1.3649999999999998,0,nan,141,0.0,141,0.02199999988079071
9578,78,95,-0.855,-1.3649999999999998,0,nan,141,0.0,141,0.02199999988079071
9579,79,95,-0.8849999999999998,-1.3649999999999998,0,nan,141,0.0,141,0.02199999988079071
9580,80,95,-0.915,-1.3649999999999998,0,nan,141,0.0,141,0.02199999988079071
9581,81,95,-0.9449999999999998,-1.3649999999999998,0,nan,141,0.0,141,0.02199999988079071
9582,82,95,-0.9750000000000001,-1.3649999999999998,0,nan,141,0.0,141,0.02199999988079071
9583,83,95,-1.005,-1.3649999999999998,0,nan,141,0.0,141,0.02199999988079071
9584,84,95,-1.0349999999999997,-1.3649999999999998,0,nan,141,0.0,141,0.02199999988079071
9585,85,95,-1.065,-1.3649999999999998,0,nan,141,0.0,141,0.02199999988079071
9586,86,95,-1.0949999999999998,-1.3649999999999998,0,nan,141,0.0,141,0.02199999988079071
9587,87,95,-1.125,-1.3649999999999998,0,nan,141,0.0,141,0.02199999988079071
9588,88,95,-1.1549999999999998,-1.3649999999999998,0,nan,141,0.0,141,0.02199999988079071
9589,89,95,-1.185,-1.3649999999999998,0,nan,141,0.0,141,0.02199999988079071
9590,90,95,-1.2149999999999999,-1.3649999999999998,0,nan,141,0.0,141,0.02199999988079071
9591,91,95,-1.245,-1.3649999999999998,0,nan,141,0.0,141,0.02199999988079071
9592,92,95,-1.275,-1.3649999999999998,0,nan,141,0.0,141,0.02199999988079071
9593,93,95,-1.3049999999999997,-1.3649999999999998,0,nan,141,0.0,141,0.02199999988079071
9594,94,95,-1.335,-1.3649999999999998,0,nan,141,0.0,141,0.02199999988079071
9595,95,95,-1.3649999999999998,-1.3649999999999998,0,nan,141,0.0,141,0.02199999988079071
9596,96,95,-1.395,-1.3649999999999998,0,nan,141,0.0,141,0.02199999988079071
9597,97,95,-1.4249999999999998,-1.3649999999999998,0,nan,141,0.0,141,0.0
9598,98,95,-1.455,-1.3649999999999998,0,nan,141,0.0,141,0.0
9599,99,95,-1.4849999999999999,-1.3649999999999998,0,nan,141,0.0,141,0.0
9600,0,96,1.485,-1.395,0,nan,141,0.0,141,0.0
9601,1,96,1.455,-1.395,0,nan,141,0.0,141,0.0
9602,2,96,1.425,-1.395,0,nan,141,0.0,141,0.0
9603,3,96,1.395,-1.395,0,nan,141,0.0,141,0.02199999988079071
9604,4,96,1.365,-1.395,0,nan,141,0.0,141,0.02199999988079071
9605,5,96,1.335,-1.395,0,nan,141,0.0,141,0.02199999988079071
9606,6,96,1.305,-1.395,0,nan,141,0.0,141,0.02199999988079071
9607,7,96,1.275,-1.395,0,nan,141,0.0,141,0.02199999988079071
9608,8,96,1.245,-1.395,0,nan,141,0.0,141,0.02199999988079071
9609,9,96,1.215,-1.395,0,nan,141,0.0,141,0.02199999988079071
9610,10,96,1.185,-1.395,0,nan,141,0.0,141,0.02199999988079071
9611,11,96,1.155,-1.395,0,nan,141,0.0,141,0.02199999988079071
9612,12,96,1.125,-1.395,0,nan,141,0.0,141,0.02199999988079071
9613,13,96,1.095,-1.395,0,nan,141,0.0,141,0.02199999988079071
9614,14,96,1.065,-1.395,0,nan,141,0.0,141,0.02199999988079071
9615,15,96,1.0350000000000001,-1.395,0,nan,141,0.0,141,0.02199999988079071
9616,16,96,1.005,-1.395,0,nan,141,0.0,141,0.02199999988079071
9617,17,96,0.975,-1.395,0,nan,141,0.0,141,0.02199999988079071
9618,18,96,0.9450000000000001,-1.395,0,nan,141,0.0,141,0.02199999988079071
9619,19,96,0.915,-1.395,0,nan,141,0.0,141,0.02199999988079071
9620,20,96,0.885,-1.395,0,nan,141,0.0,141,0.02199999988079071
9621,21,96,0.855,-1.395,0,nan,141,0.0,141,0.02199999988079071
9622,22,96,0.8250000000000001,-1.395,0,nan,141,0.0,141,0.02199999988079071
9623,23,96,0.795,-1.395,0,nan,141,0.0,141,0.02199999988079071
9624,24,96,0.765,-1.395,0,nan,141,0.0,141,0.02199999988079071
9625,25,96,0.735,-1.395,0,nan,141,0.0,141,0.02199999988079071
9626,26,96,0.7050000000000001,-1.395,0,nan,141,0.0,141,0.02199999988079071
9627,27,96,0.675,-1.395,0,nan,141,0.0,141,0.02199999988079071
9628,28,96,0.645,-1.395,0,nan,141,0.0,141,0.02199999988079071
9629,29,96,0.615,-1.395,0,nan,141,0.0,141,0.02199999988079071
9630,30,96,0.5850000000000001,-1.395,0,nan,141,0.0,141,0.02199999988079071
9631,31,96,0.555,-1.395,0,nan,141,0.0,141,0.02199999988079071
9632,32,96,0.525,-1.395,0,nan,141,0.0,141,0.02199999988079071
9633,33,96,0.4950000000000001,-1.395,0,nan,141,0.0,141,0.02199999988079071
9634,34,96,0.4650000000000001,-1.395,0,nan,141,0.0,141,0.02199999988079071
9635,35,96,0.43500000000000005,-1.395,0,nan,141,0.0,141,0.02199999988079071
9636,36,96,0.405,-1.395,0,nan,141,0.0,141,0.02199999988079071
9637,37,96,0.375,-1.395,0,nan,141,0.0,141,0.02199999988079071
9638,38,96,0.345,-1.395,0,nan,141,0.0,141,0.02199999988079071
9639,39,96,0.31499999999999995,-1.395,0,nan,141,0.0,141,0.02199999988079071
9640,40,96,0.28500000000000014,-1.395,0,nan,141,0.0,141,0.02199999988079071
9641,41,96,0.2550000000000001,-1.395,0,nan,141,0.0,141,0.02199999988079071
9642,42,96,0.2250000000000001,-1.395,0,nan,141,0.0,141,0.02199999988079071
9643,43,96,0.19500000000000006,-1.395,0,nan,141,0.0,141,0.02199999988079071
9644,44,96,0.16500000000000004,-1.395,0,nan,141,0.0,141,0.02199999988079071
9645,45,96,0.135,-1.395,0,nan,141,0.0,141,0.02199999988079071
9646,46,96,0.10499999999999998,-1.395,0,nan,141,0.0,141,0.02199999988079071
9647,47,96,0.07499999999999996,-1.395,0,nan,141,0.0,141,0.02199999988079071
9648,48,96,0.04500000000000015,-1.395,0,nan,141,0.0,141,0.02199999988079071
9649,49,96,0.015000000000000124,-1.395,0,nan,141,0.0,141,0.02199999988079071
9650,50,96,-0.014999999999999902,-1.395,0,nan,141,0.0,141,0.02199999988079071
9651,51,96,-0.04499999999999993,-1.395,0,nan,141,0.0,141,0.02199999988079071
9652,52,96,-0.07499999999999996,-1.395,0,nan,141,0.0,141,0.02199999988079071
9653,53,96,-0.10499999999999998,-1.395,0,nan,141,0.0,141,0.02199999988079071
9654,54,96,-0.135,-1.395,0,nan,141,0.0,141,0.02199999988079071
9655,55,96,-0.16500000000000004,-1.395,0,nan,141,0.0,141,0.02199999988079071
9656,56,96,-0.19499999999999984,-1.395,0,nan,141,0.0,141,0.02199999988079071
9657,57,96,-0.22499999999999987,-1.395,0,nan,141,0.0,141,0.02199999988079071
9658,58,96,-0.2549999999999999,-1.395,0,nan,141,0.0,141,0.02199999988079071
9659,59,96,-0.2849999999999999,-1.395,0,nan,141,0.0,141,0.02199999988079071
9660,60,96,-0.31499999999999995,-1.395,0,nan,141,0.0,141,0.02199999988079071
9661,61,96,-0.345,-1.395,0,nan,141,0.0,141,0.02199999988079071
9662,62,96,-0.375,-1.395,0,nan,141,0.0,141,0.02199999988079071
9663,63,96,-0.405,-1.395,0,nan,141,0.0,141,0.02199999988079071
9664,64,96,-0.43499999999999983,-1.395,0,nan,141,0.0,141,0.02199999988079071
9665,65,96,-0.46499999999999986,-1.395,0,nan,141,0.0,141,0.02199999988079071
9666,66,96,-0.4949999999999999,-1.395,0,nan,141,0.0,141,0.02199999988079071
9667,67,96,-0.5249999999999999,-1.395,0,nan,141,0.0,141,0.02199999988079071
9668,68,96,-0.5549999999999997,-1.395,0,nan,141,0.0,141,0.02199999988079071
9669,69,96,-0.585,-1.395,0,nan,141,0.0,141,0.02199999988079071
9670,70,96,-0.6149999999999998,-1.395,0,nan,141,0.0,141,0.02199999988079071
9671,71,96,-0.645,-1.395,0,nan,141,0.0,141,0.02199999988079071
9672,72,96,-0.6749999999999998,-1.395,0,nan,141,0.0,141,0.02199999988079071
9673,73,96,-0.7050000000000001,-1.395,0,nan,141,0.0,141,0.02199999988079071
9674,74,96,-0.7349999999999999,-1.395,0,nan,141,0.0,141,0.02199999988079071
9675,75,96,-0.7650000000000001,-1.395,0,nan,141,0.0,141,0.02199999988079071
9676,76,96,-0.7949999999999999,-1.395,0,nan,141,0.0,141,0.02199999988079071
9677,77,96,-0.8249999999999997,-1.395,0,nan,141,0.0,141,0.02199999988079071
9678,78,96,-0.855,-1.395,0,nan,141,0.0,141,0.02199999988079071
9679,79,96,-0.8849999999999998,-1.395,0,nan,141,0.0,141,0.02199999988079071
9680,80,96,-0.915,-1.395,0,nan,141,0.0,141,0.02199999988079071
9681,81,96,-0.9449999999999998,-1.395,0,nan,141,0.0,141,0.02199999988079071
9682,82,96,-0.9750000000000001,-1.395,0,nan,141,0.0,141,0.02199999988079071
9683,83,96,-1.005,-1.395,0,nan,141,0.0,141,0.02199999988079071
9684,84,96,-1.0349999999999997,-1.395,0,nan,141,0.0,141,0.02199999988079071
9685,85,96,-1.065,-1.395,0,nan,141,0.0,141,0.02199999988079071
9686,86,96,-1.0949999999999998,-1.395,0,nan,141,0.0,141,0.02199999988079071
9687,87,96,-1.125,-1.395,0,nan,141,0.0,141,0.02199999988079071
9688,88,96,-1.1549999999999998,-1.395,0,nan,141,0.0,141,0.02199999988079071
9689,89,96,-1.185,-1.395,0,nan,141,0.0,141,0.02199999988079071
9690,90,96,-1.2149999999999999,-1.395,0,nan,141,0.0,141,0.02199999988079071
9691,91,96,-1.245,-1.395,0,nan,141,0.0,141,0.02199999988079071
9692,92,96,-1.275,-1.395,0,nan,141,0.0,141,0.02199999988079071
9693,93,96,-1.3049999999999997,-1.395,0,nan,141,0.0,141,0.02199999988079071
9694,94,96,-1.335,-1.395,0,nan,141,0.0,141,0.02199999988079071
9695,95,96,-1.3649999999999998,-1.395,0,nan,141,0.0,141,0.02199999988079071
9696,96,96,-1.395,-1.395,0,nan,141,0.0,141,0.02199999988079071
9697,97,96,-1.4249999999999998,-1.395,0,nan,141,0.0,141,0.0
9698,98,96,-1.455,-1.395,0,nan,141,0.0,141,0.0
9699,99,96,-1.4849999999999999,-1.395,0,nan,141,0.0,141,0.0
9700,0,97,1.485,-1.4249999999999998,0,nan,141,0.0,141,0.0
9701,1,97,1.455,-1.4249999999999998,0,nan,141,0.0,141,0.0
9702,2,97,1.425,-1.4249999999999998,0,nan,141,0.0,141,0.0
9703,3,97,1.395,-1.4249999999999998,0,nan,141,0.0,141,0.0
9704,4,97,1.365,-1.4249999999999998,0,nan,141,0.0,141,0.0
9705,5,97,1.335,-1.4249999999999998,0,nan,141,0.0,141,0.0
9706,6,97,1.305,-1.4249999999999998,0,nan,141,0.0,141,0.0
9707,7,97,1.275,-1.4249999999999998,0,nan,141,0.0,141,0.0
9708,8,97,1.245,-1.4249999999999998,0,nan,141,0.0,141,0.0
9709,9,97,1.215,-1.4249999999999998,0,nan,141,0.0,141,0.0
9710,10,97,1.185,-1.4249999999999998,0,nan,141,0.0,141,0.0
9711,11,97,1.155,-1.4249999999999998,0,nan,141,0.0,141,0.0
9712,12,97,1.125,-1.4249999999999998,0,nan,141,0.0,141,0.0
9713,13,97,1.095,-1.4249999999999998,0,nan,141,0.0,141,0.0
9714,14,97,1.065,-1.4249999999999998,0,nan,141,0.0,141,0.0
9715,15,97,1.0350000000000001,-1.4249999999999998,0,nan,141,0.0,141,0.0
9716,16,97,1.005,-1.4249999999999998,0,nan,141,0.0,141,0.0
9717,17,97,0.975,-1.4249999999999998,0,nan,141,0.0,141,0.0
9718,18,97,0.9450000000000001,-1.4249999999999998,0,nan,141,0.0,141,0.0
9719,19,97,0.915,-1.4249999999999998,0,nan,141,0.0,141,0.0
9720,20,97,0.885,-1.4249999999999998,0,nan,141,0.0,141,0.0
9721,21,97,0.855,-1.4249999999999998,0,nan,141,0.0,141,0.0
9722,22,97,0.8250000000000001,-1.4249999999999998,0,nan,141,0.0,141,0.0
9723,23,97,0.795,-1.4249999999999998,0,nan,141,0.0,141,0.0
9724,24,97,0.765,-1.4249999999999998,0,nan,141,0.0,141,0.0
9725,25,97,0.735,-1.4249999999999998,0,nan,141,0.0,141,0.0
9726,26,97,0.7050000000000001,-1.4249999999999998,0,nan,141,0.0,141,0.0
9727,27,97,0.675,-1.4249999999999998,0,nan,141,0.0,141,0.0
9728,28,97,0.645,-1.4249999999999998,0,nan,141,0.0,141,0.0
9729,29,97,0.615,-1.4249999999999998,0,nan,141,0.0,141,0.0
9730,30,97,0.5850000000000001,-1.4249999999999998,0,nan,141,0.0,141,0.0
9731,31,97,0.555,-1.4249999999999998,0,nan,141,0.0,141,0.0
9732,32,97,0.525,-1.4249999999999998,0,nan,141,0.0,141,0.0
9733,33,97,0.4950000000000001,-1.4249999999999998,0,nan,141,0.0,141,0.0
9734,34,97,0.4650000000000001,-1.4249999999999998,0,nan,141,0.0,141,0.0
9735,35,97,0.43500000000000005,-1.4249999999999998,0,nan,141,0.0,141,0.0
9736,36,97,0.405,-1.4249999999999998,0,nan,141,0.0,141,0.0
9737,37,97,0.375,-1.4249999999999998,0,nan,141,0.0,141,0.0
9738,38,97,0.345,-1.4249999999999998,0,nan,141,0.0,141,0.0
9739,39,97,0.31499999999999995,-1.4249999999999998,0,nan,141,0.0,141,0.0
9740,40,97,0.28500000000000014,-1.4249999999999998,0,nan,141,0.0,141,0.0
9741,41,97,0.2550000000000001,-1.4249999999999998,0,nan,141,0.0,141,0.0
9742,42,97,0.2250000000000001,-1.4249999999999998,0,nan,141,0.0,141,0.0
9743,43,97,0.19500000000000006,-1.4249999999999998,0,nan,141,0.0,141,0.0
9744,44,97,0.16500000000000004,-1.4249999999999998,0,nan,141,0.0,141,0.0
9745,45,97,0.135,-1.4249999999999998,0,nan,141,0.0,141,0.0
9746,46,97,0.10499999999999998,-1.4249999999999998,0,nan,141,0.0,141,0.0
9747,47,97,0.07499999999999996,-1.4249999999999998,0,nan,141,0.0,141,0.0
9748,48,97,0.04500000000000015,-1.4249999999999998,0,nan,141,0.0,141,0.0
9749,49,97,0.015000000000000124,-1.4249999999999998,0,nan,141,0.0,141,0.0
9750,50,97,-0.014999999999999902,-1.4249999999999998,0,nan,141,0.0,141,0.0
9751,51,97,-0.04499999999999993,-1.4249999999999998,0,nan,141,0.0,141,0.0
9752,52,97,-0.07499999999999996,-1.4249999999999998,0,nan,141,0.0,141,0.0
9753,53,97,-0.10499999999999998,-1.4249999999999998,0,nan,141,0.0,141,0.0
9754,54,97,-0.135,-1.4249999999999998,0,nan,141,0.0,141,0.0
9755,55,97,-0.16500000000000004,-1.4249999999999998,0,nan,141,0.0,141,0.0
9756,56,97,-0.19499999999999984,-1.4249999999999998,0,nan,141,0.0,141,0.0
9757,57,97,-0.22499999999999987,-1.4249999999999998,0,nan,141,0.0,141,0.0
9758,58,97,-0.2549999999999999,-1.4249999999999998,0,nan,141,0.0,141,0.0
9759,59,97,-0.2849999999999999,-1.4249999999999998,0,nan,141,0.0,141,0.0
9760,60,97,-0.31499999999999995,-1.4249999999999998,0,nan,141,0.0,141,0.0
9761,61,97,-0.345,-1.4249999999999998,0,nan,141,0.0,141,0.0
9762,62,97,-0.375,-1.4249999999999998,0,nan,141,0.0,141,0.0
9763,63,97,-0.405,-1.4249999999999998,0,nan,141,0.0,141,0.0
9764,64,97,-0.43499999999999983,-1.4249999999999998,0,nan,141,0.0,141,0.0
9765,65,97,-0.46499999999999986,-1.4249999999999998,0,nan,141,0.0,141,0.0
9766,66,97,-0.4949999999999999,-1.4249999999999998,0,nan,141,0.0,141,0.0
9767,67,97,-0.5249999999999999,-1.4249999999999998,0,nan,141,0.0,141,0.0
9768,68,97,-0.5549999999999997,-1.4249999999999998,0,nan,141,0.0,141,0.0
9769,69,97,-0.585,-1.4249999999999998,0,nan,141,0.0,141,0.0
9770,70,97,-0.6149999999999998,-1.4249999999999998,0,nan,141,0.0,141,0.0
9771,71,97,-0.645,-1.4249999999999998,0,nan,141,0.0,141,0.0
9772,72,97,-0.6749999999999998,-1.4249999999999998,0,nan,141,0.0,141,0.0
9773,73,97,-0.7050000000000001,-1.4249999999999998,0,nan,141,0.0,141,0.0
9774,74,97,-0.7349999999999999,-1.4249999999999998,0,nan,141,0.0,141,0.0
9775,75,97,-0.7650000000000001,-1.4249999999999998,0,nan,141,0.0,141,0.0
9776,76,97,-0.7949999999999999,-1.4249999999999998,0,nan,141,0.0,141,0.0
9777,77,97,-0.8249999999999997,-1.4249999999999998,0,nan,141,0.0,141,0.0
9778,78,97,-0.855,-1.4249999999999998,0,nan,141,0.0,141,0.0
9779,79,97,-0.8849999999999998,-1.4249999999999998,0,nan,141,0.0,141,0.0
9780,80,97,-0.915,-1.4249999999999998,0,nan,141,0.0,141,0.0
9781,81,97,-0.9449999999999998,-1.4249999999999998,0,nan,141,0.0,141,0.0
9782,82,97,-0.9750000000000001,-1.4249999999999998,0,nan,141,0.0,141,0.0
9783,83,97,-1.005,-1.4249999999999998,0,nan,141,0.0,141,0.0
9784,84,97,-1.0349999999999997,-1.4249999999999998,0,nan,141,0.0,141,0.0
9785,85,97,-1.065,-1.4249999999999998,0,nan,141,0.0,141,0.0
9786,86,97,-1.0949999999999998,-1.4249999999999998,0,nan,141,0.0,141,0.0
9787,87,97,-1.125,-1.4249999999999998,0,nan,141,0.0,141,0.0
9788,88,97,-1.1549999999999998,-1.4249999999999998,0,nan,141,0.0,141,0.0
9789,89,97,-1.185,-1.4249999999999998,0,nan,141,0.0,141,0.0
9790,90,97,-1.2149999999999999,-1.4249999999999998,0,nan,141,0.0,141,0.0
9791,91,97,-1.245,-1.4249999999999998,0,nan,141,0.0,141,0.0
9792,92,97,-1.275,-1.4249999999999998,0,nan,141,0.0,141,0.0
9793,93,97,-1.3049999999999997,-1.4249999999999998,0,nan,141,0.0,141,0.0
9794,94,97,-1.335,-1.4249999999999998,0,nan,141,0.0,141,0.0
9795,95,97,-1.3649999999999998,-1.4249999999999998,0,nan,141,0.0,141,0.0
9796,96,97,-1.395,-1.4249999999999998,0,nan,141,0.0,141,0.0
9797,97,97,-1.4249999999999998,-1.4249999999999998,0,nan,141,0.0,141,0.0
9798,98,97,-1.455,-1.4249999999999998,0,nan,141,0.0,141,0.0
9799,99,97,-1.4849999999999999,-1.4249999999999998,0,nan,141,0.0,141,0.0
9800,0,98,1.485,-1.455,0,nan,141,0.0,141,0.0
9801,1,98,1.455,-1.455,0,nan,141,0.0,141,0.0
9802,2,98,1.425,-1.455,0,nan,141,0.0,141,0.0
9803,3,98,1.395,-1.455,0,nan,141,0.0,141,0.0
9804,4,98,1.365,-1.455,0,nan,141,0.0,141,0.0
9805,5,98,1.335,-1.455,0,nan,141,0.0,141,0.0
9806,6,98,1.305,-1.455,0,nan,141,0.0,141,0.0
9807,7,98,1.275,-1.455,0,nan,141,0.0,141,0.0
9808,8,98,1.245,-1.455,0,nan,141,0.0,141,0.0
9809,9,98,1.215,-1.455,0,nan,141,0.0,141,0.0
9810,10,98,1.185,-1.455,0,nan,141,0.0,141,0.0
9811,11,98,1.155,-1.455,0,nan,141,0.0,141,0.0
9812,12,98,1.125,-1.455,0,nan,141,0.0,141,0.0
9813,13,98,1.095,-1.455,0,nan,141,0.0,141,0.0
9814,14,98,1.065,-1.455,0,nan,141,0.0,141,0.0
9815,15,98,1.0350000000000001,-1.455,0,nan,141,0.0,141,0.0
9816,16,98,1.005,-1.455,0,nan,141,0.0,141,0.0
9817,17,98,0.975,-1.455,0,nan,141,0.0,141,0.0
9818,18,98,0.9450000000000001,-1.455,0,nan,141,0.0,141,0.0
9819,19,98,0.915,-1.455,0,nan,141,0.0,141,0.0
9820,20,98,0.885,-1.455,0,nan,141,0.0,141,0.0
9821,21,98,0.855,-1.455,0,nan,141,0.0,141,0.0
9822,22,98,0.8250000000000001,-1.455,0,nan,141,0.0,141,0.0
9823,23,98,0.795,-1.455,0,nan,141,0.0,141,0.0
9824,24,98,0.765,-1.455,0,nan,141,0.0,141,0.0
9825,25,98,0.735,-1.455,0,nan,141,0.0,141,0.0
9826,26,98,0.7050000000000001,-1.455,0,nan,141,0.0,141,0.0
9827,27,98,0.675,-1.455,0,nan,141,0.0,141,0.0
9828,28,98,0.645,-1.455,0,nan,141,0.0,141,0.0
9829,29,98,0.615,-1.455,0,nan,141,0.0,141,0.0
9830,30,98,0.5850000000000001,-1.455,0,nan,141,0.0,141,0.0
9831,31,98,0.555,-1.455,0,nan,141,0.0,141,0.0
9832,32,98,0.525,-1.455,0,nan,141,0.0,141,0.0
9833,33,98,0.4950000000000001,-1.455,0,nan,141,0.0,141,0.0
9834,34,98,0.4650000000000001,-1.455,0,nan,141,0.0,141,0.0
9835,35,98,0.43500000000000005,-1.455,0,nan,141,0.0,141,0.0
9836,36,98,0.405,-1.455,0,nan,141,0.0,141,0.0
9837,37,98,0.375,-1.455,0,nan,141,0.0,141,0.0
9838,38,98,0.345,-1.455,0,nan,141,0.0,141,0.0
9839,39,98,0.31499999999999995,-1.455,0,nan,141,0.0,141,0.0
9840,40,98,0.28500000000000014,-1.455,0,nan,141,0.0,141,0.0
9841,41,98,0.2550000000000001,-1.455,0,nan,141,0.0,141,0.0
9842,42,98,0.2250000000000001,-1.455,0,nan,141,0.0,141,0.0
9843,43,98,0.19500000000000006,-1.455,0,nan,141,0.0,141,0.0
9844,44,98,0.16500000000000004,-1.455,0,nan,141,0.0,141,0.0
9845,45,98,0.135,-1.455,0,nan,141,0.0,141,0.0
9846,46,98,0.10499999999999998,-1.455,0,nan,141,0.0,141,0.0
9847,47,98,0.07499999999999996,-1.455,0,nan,141,0.0,141,0.0
9848,48,98,0.04500000000000015,-1.455,0,nan,141,0.0,141,0.0
9849,49,98,0.015000000000000124,-1.455,0,nan,141,0.0,141,0.0
9850,50,98,-0.014999999999999902,-1.455,0,nan,141,0.0,141,0.0
9851,51,98,-0.04499999999999993,-1.455,0,nan,141,0.0,141,0.0
9852,52,98,-0.07499999999999996,-1.455,0,nan,141,0.0,141,0.0
9853,53,98,-0.10499999999999998,-1.455,0,nan,141,0.0,141,0.0
9854,54,98,-0.135,-1.455,0,nan,141,0.0,141,0.0
9855,55,98,-0.16500000000000004,-1.455,0,nan,141,0.0,141,0.0
9856,56,98,-0.19499999999999984,-1.455,0,nan,141,0.0,141,0.0
9857,57,98,-0.22499999999999987,-1.455,0,nan,141,0.0,141,0.0
9858,58,98,-0.2549999999999999,-1.455,0,nan,141,0.0,141,0.0
9859,59,98,-0.2849999999999999,-1.455,0,nan,141,0.0,141,0.0
9860,60,98,-0.31499999999999995,-1.455,0,nan,141,0.0,141,0.0
9861,61,98,-0.345,-1.455,0,nan,141,0.0,141,0.0
9862,62,98,-0.375,-1.455,0,nan,141,0.0,141,0.0
9863,63,98,-0.405,-1.455,0,nan,141,0.0,141,0.0
9864,64,98,-0.43499999999999983,-1.455,0,nan,141,0.0,141,0.0
9865,65,98,-0.46499999999999986,-1.455,0,nan,141,0.0,141,0.0
9866,66,98,-0.4949999999999999,-1.455,0,nan,141,0.0,141,0.0
9867,67,98,-0.5249999999999999,-1.455,0,nan,141,0.0,141,0.0
9868,68,98,-0.5549999999999997,-1.455,0,nan,141,0.0,141,0.0
9869,69,98,-0.585,-1.455,0,nan,141,0.0,141,0.0
9870,70,98,-0.6149999999999998,-1.455,0,nan,141,0.0,141,0.0
9871,71,98,-0.645,-1.455,0,nan,141,0.0,141,0.0
9872,72,98,-0.6749999999999998,-1.455,0,nan,141,0.0,141,0.0
9873,73,98,-0.7050000000000001,-1.455,0,nan,141,0.0,141,0.0
9874,74,98,-0.7349999999999999,-1.455,0,nan,141,0.0,141,0.0
9875,75,98,-0.7650000000000001,-1.455,0,nan,141,0.0,141,0.0
9876,76,98,-0.7949999999999999,-1.455,0,nan,141,0.0,141,0.0
9877,77,98,-0.8249999999999997,-1.455,0,nan,141,0.0,141,0.0
9878,78,98,-0.855,-1.455,0,nan,141,0.0,141,0.0
9879,79,98,-0.8849999999999998,-1.455,0,nan,141,0.0,141,0.0
9880,80,98,-0.915,-1.455,0,nan,141,0.0,141,0.0
9881,81,98,-0.9449999999999998,-1.455,0,nan,141,0.0,141,0.0
9882,82,98,-0.9750000000000001,-1.455,0,nan,141,0.0,141,0.0
9883,83,98,-1.005,-1.455,0,nan,141,0.0,141,0.0
9884,84,98,-1.0349999999999997,-1.455,0,nan,141,0.0,141,0.0
9885,85,98,-1.065,-1.455,0,nan,141,0.0,141,0.0
9886,86,98,-1.0949999999999998,-1.455,0,nan,141,0.0,141,0.0
9887,87,98,-1.125,-1.455,0,nan,141,0.0,141,0.0
9888,88,98,-1.1549999999999998,-1.455,0,nan,141,0.0,141,0.0
9889,89,98,-1.185,-1.455,0,nan,141,0.0,141,0.0
9890,90,98,-1.2149999999999999,-1.455,0,nan,141,0.0,141,0.0
9891,91,98,-1.245,-1.455,0,nan,141,0.0,141,0.0
9892,92,98,-1.275,-1.455,0,nan,141,0.0,141,0.0
9893,93,98,-1.3049999999999997,-1.455,0,nan,141,0.0,141,0.0
9894,94,98,-1.335,-1.455,0,nan,141,0.0,141,0.0
9895,95,98,-1.3649999999999998,-1.455,0,nan,141,0.0,141,0.0
9896,96,98,-1.395,-1.455,0,nan,141,0.0,141,0.0
9897,97,98,-1.4249999999999998,-1.455,0,nan,141,0.0,141,0.0
9898,98,98,-1.455,-1.455,0,nan,141,0.0,141,0.0
9899,99,98,-1.4849999999999999,-1.455,0,nan,141,0.0,141,0.0
9900,0,99,1.485,-1.4849999999999999,0,nan,141,0.0,141,0.0
9901,1,99,1.455,-1.4849999999999999,0,nan,141,0.0,141,0.0
9902,2,99,1.425,-1.4849999999999999,0,nan,141,0.0,141,0.0
9903,3,99,1.395,-1.4849999999999999,0,nan,141,0.0,141,0.0
9904,4,99,1.365,-1.4849999999999999,0,nan,141,0.0,141,0.0
9905,5,99,1.335,-1.4849999999999999,0,nan,141,0.0,141,0.0
9906,6,99,1.305,-1.4849999999999999,0,nan,141,0.0,141,0.0
9907,7,99,1.275,-1.4849999999999999,0,nan,141,0.0,141,0.0
9908,8,99,1.245,-1.4849999999999999,0,nan,141,0.0,141,0.0
9909,9,99,1.215,-1.4849999999999999,0,nan,141,0.0,141,0.0
9910,10,99,1.185,-1.4849999999999999,0,nan,141,0.0,141,0.0
9911,11,99,1.155,-1.4849999999999999,0,nan,141,0.0,141,0.0
9912,12,99,1.125,-1.4849999999999999,0,nan,141,0.0,141,0.0
9913,13,99,1.095,-1.4849999999999999,0,nan,141,0.0,141,0.0
9914,14,99,1.065,-1.4849999999999999,0,nan,141,0.0,141,0.0
9915,15,99,1.0350000000000001,-1.4849999999999999,0,nan,141,0.0,141,0.0
9916,16,99,1.005,-1.4849999999999999,0,nan,141,0.0,141,0.0
9917,17,99,0.975,-1.4849999999999999,0,nan,141,0.0,141,0.0
9918,18,99,0.9450000000000001,-1.4849999999999999,0,nan,141,0.0,141,0.0
9919,19,99,0.915,-1.4849999999999999,0,nan,141,0.0,141,0.0
9920,20,99,0.885,-1.4849999999999999,0,nan,141,0.0,141,0.0
9921,21,99,0.855,-1.4849999999999999,0,nan,141,0.0,141,0.0
9922,22,99,0.8250000000000001,-1.4849999999999999,0,nan,141,0.0,141,0.0
9923,23,99,0.795,-1.4849999999999999,0,nan,141,0.0,141,0.0
9924,24,99,0.765,-1.4849999999999999,0,nan,141,0.0,141,0.0
9925,25,99,0.735,-1.4849999999999999,0,nan,141,0.0,141,0.0
9926,26,99,0.7050000000000001,-1.4849999999999999,0,nan,141,0.0,141,0.0
9927,27,99,0.675,-1.4849999999999999,0,nan,141,0.0,141,0.0
9928,28,99,0.645,-1.4849999999999999,0,nan,141,0.0,141,0.0
9929,29,99,0.615,-1.4849999999999999,0,nan,141,0.0,141,0.0
9930,30,99,0.5850000000000001,-1.4849999999999999,0,nan,141,0.0,141,0.0
9931,31,99,0.555,-1.4849999999999999,0,nan,141,0.0,141,0.0
9932,32,99,0.525,-1.4849999999999999,0,nan,141,0.0,141,0.0
9933,33,99,0.4950000000000001,-1.4849999999999999,0,nan,141,0.0,141,0.0
9934,34,99,0.4650000000000001,-1.4849999999999999,0,nan,141,0.0,141,0.0
9935,35,99,0.43500000000000005,-1.4849999999999999,0,nan,141,0.0,141,0.0
9936,36,99,0.405,-1.4849999999999999,0,nan,141,0.0,141,0.0
9937,37,99,0.375,-1.4849999999999999,0,nan,141,0.0,141,0.0
9938,38,99,0.345,-1.4849999999999999,0,nan,141,0.0,141,0.0
9939,39,99,0.31499999999999995,-1.4849999999999999,0,nan,141,0.0,141,0.0
9940,40,99,0.28500000000000014,-1.4849999999999999,0,nan,141,0.0,141,0.0
9941,41,99,0.2550000000000001,-1.4849999999999999,0,nan,141,0.0,141,0.0
9942,42,99,0.2250000000000001,-1.4849999999999999,0,nan,141,0.0,141,0.0
9943,43,99,0.19500000000000006,-1.4849999999999999,0,nan,141,0.0,141,0.0
9944,44,99,0.16500000000000004,-1.4849999999999999,0,nan,141,0.0,141,0.0
9945,45,99,0.135,-1.4849999999999999,0,nan,141,0.0,141,0.0
9946,46,99,0.10499999999999998,-1.4849999999999999,0,nan,141,0.0,141,0.0
9947,47,99,0.07499999999999996,-1.4849999999999999,0,nan,141,0.0,141,0.0
9948,48,99,0.04500000000000015,-1.4849999999999999,0,nan,141,0.0,141,0.0
9949,49,99,0.015000000000000124,-1.4849999999999999,0,nan,141,0.0,141,0.0
9950,50,99,-0.014999999999999902,-1.4849999999999999,0,nan,141,0.0,141,0.0
9951,51,99,-0.04499999999999993,-1.4849999999999999,0,nan,141,0.0,141,0.0
9952,52,99,-0.07499999999999996,-1.4849999999999999,0,nan,141,0.0,141,0.0
9953,53,99,-0.10499999999999998,-1.4849999999999999,0,nan,141,0.0,141,0.0
9954,54,99,-0.135,-1.4849999999999999,0,nan,141,0.0,141,0.0
9955,55,99,-0.16500000000000004,-1.4849999999999999,0,nan,141,0.0,141,0.0
9956,56,99,-0.19499999999999984,-1.4849999999999999,0,nan,141,0.0,141,0.0
9957,57,99,-0.22499999999999987,-1.4849999999999999,0,nan,141,0.0,141,0.0
9958,58,99,-0.2549999999999999,-1.4849999999999999,0,nan,141,0.0,141,0.0
9959,59,99,-0.2849999999999999,-1.4849999999999999,0,nan,141,0.0,141,0.0
9960,60,99,-0.31499999999999995,-1.4849999999999999,0,nan,141,0.0,141,0.0
9961,61,99,-0.345,-1.4849999999999999,0,nan,141,0.0,141,0.0
9962,62,99,-0.375,-1.4849999999999999,0,nan,141,0.0,141,0.0
9963,63,99,-0.405,-1.4849999999999999,0,nan,141,0.0,141,0.0
9964,64,99,-0.43499999999999983,-1.4849999999999999,0,nan,141,0.0,141,0.0
9965,65,99,-0.46499999999999986,-1.4849999999999999,0,nan,141,0.0,141,0.0
9966,66,99,-0.4949999999999999,-1.4849999999999999,0,nan,141,0.0,141,0.0
9967,67,99,-0.5249999999999999,-1.4849999999999999,0,nan,141,0.0,141,0.0
9968,68,99,-0.5549999999999997,-1.4849999999999999,0,nan,141,0.0,141,0.0
9969,69,99,-0.585,-1.4849999999999999,0,nan,141,0.0,141,0.0
9970,70,99,-0.6149999999999998,-1.4849999999999999,0,nan,141,0.0,141,0.0
9971,71,99,-0.645,-1.4849999999999999,0,nan,141,0.0,141,0.0
9972,72,99,-0.6749999999999998,-1.4849999999999999,0,nan,141,0.0,141,0.0
9973,73,99,-0.7050000000000001,-1.4849999999999999,0,nan,141,0.0,141,0.0
9974,74,99,-0.7349999999999999,-1.4849999999999999,0,nan,141,0.0,141,0.0
9975,75,99,-0.7650000000000001,-1.4849999999999999,0,nan,141,0.0,141,0.0
9976,76,99,-0.7949999999999999,-1.4849999999999999,0,nan,141,0.0,141,0.0
9977,77,99,-0.8249999999999997,-1.4849999999999999,0,nan,141,0.0,141,0.0
9978,78,99,-0.855,-1.4849999999999999,0,nan,141,0.0,141,0.0
9979,79,99,-0.8849999999999998,-1.4849999999999999,0,nan,141,0.0,141,0.0
9980,80,99,-0.915,-1.4849999999999999,0,nan,141,0.0,141,0.0
9981,81,99,-0.9449999999999998,-1.4849999999999999,0,nan,141,0.0,141,0.0
9982,82,99,-0.9750000000000001,-1.4849999999999999,0,nan,141,0.0,141,0.0
9983,83,99,-1.005,-1.4849999999999999,0,nan,141,0.0,141,0.0
9984,84,99,-1.0349999999999997,-1.4849999999999999,0,nan,141,0.0,141,0.0
9985,85,99,-1.065,-1.4849999999999999,0,nan,141,0.0,141,0.0
9986,86,99,-1.0949999999999998,-1.4849999999999999,0,nan,141,0.0,141,0.0
9987,87,99,-1.125,-1.4849999999999999,0,nan,141,0.0,141,0.0
9988,88,99,-1.1549999999999998,-1.4849999999999999,0,nan,141,0.0,141,0.0
9989,89,99,-1.185,-1.4849999999999999,0,nan,141,0.0,141,0.0
9990,90,99,-1.2149999999999999,-1.4849999999999999,0,nan,141,0.0,141,0.0
9991,91,99,-1.245,-1.4849999999999999,0,nan,141,0.0,141,0.0
9992,92,99,-1.275,-1.4849999999999999,0,nan,141,0.0,141,0.0
9993,93,99,-1.3049999999999997,-1.4849999999999999,0,nan,141,0.0,141,0.0
9994,94,99,-1.335,-1.4849999999999999,0,nan,141,0.0,141,0.0
9995,95,99,-1.3649999999999998,-1.4849999999999999,0,nan,141,0.0,141,0.0
9996,96,99,-1.395,-1.4849999999999999,0,nan,141,0.0,141,0.0
9997,97,99,-1.4249999999999998,-1.4849999999999999,0,nan,141,0.0,141,0.0
9998,98,99,-1.455,-1.4849999999999999,0,nan,141,0.0,141,0.0
9999,99,99,-1.4849999999999999,-1.4849999999999999,0,nan,141,0.0,141,0.0
