cell_index,x_index,y_index,x_m,y_m,elevation_observations,elevation_median,slope_observations,slope_median,accessibility_observations,accessibility_median
0,0,0,1.485,1.485,0,nan,147,0.0,147,0.0
1,1,0,1.455,1.485,0,nan,147,0.0,147,0.0
2,2,0,1.425,1.485,0,nan,147,0.0,147,0.0
3,3,0,1.395,1.485,0,nan,147,0.0,147,0.0
4,4,0,1.365,1.485,0,nan,147,0.0,147,0.0
5,5,0,1.335,1.485,0,nan,147,0.0,147,0.0
6,6,0,1.305,1.485,0,nan,147,0.0,147,0.0
7,7,0,1.275,1.485,0,nan,147,0.0,147,0.0
8,8,0,1.245,1.485,0,nan,147,0.0,147,0.0
9,9,0,1.215,1.485,0,nan,147,0.0,147,0.0
10,10,0,1.185,1.485,0,nan,147,0.0,147,0.0
11,11,0,1.155,1.485,0,nan,147,0.0,147,0.0
12,12,0,1.125,1.485,0,nan,147,0.0,147,0.0
13,13,0,1.095,1.485,0,nan,147,0.0,147,0.0
14,14,0,1.065,1.485,0,nan,147,0.0,147,0.0
15,15,0,1.0350000000000001,1.485,0,nan,147,0.0,147,0.0
16,16,0,1.005,1.485,0,nan,147,0.0,147,0.0
17,17,0,0.975,1.485,0,nan,147,0.0,147,0.0
18,18,0,0.9450000000000001,1.485,0,nan,147,0.0,147,0.0
19,19,0,0.915,1.485,0,nan,147,0.0,147,0.0
20,20,0,0.885,1.485,0,nan,147,0.0,147,0.0
21,21,0,0.855,1.485,0,nan,147,0.0,147,0.0
22,22,0,0.8250000000000001,1.485,0,nan,147,0.0,147,0.0
23,23,0,0.795,1.485,0,nan,147,0.0,147,0.0
24,24,0,0.765,1.485,0,nan,147,0.0,147,0.0
25,25,0,0.735,1.485,0,nan,147,0.0,147,0.0
26,26,0,0.7050000000000001,1.485,0,nan,147,0.0,147,0.0
27,27,0,0.675,1.485,0,nan,147,0.0,147,0.0
28,28,0,0.645,1.485,0,nan,147,0.0,147,0.0
29,29,0,0.615,1.485,0,nan,147,0.0,147,0.0
30,30,0,0.5850000000000001,1.485,0,nan,147,0.0,147,0.0
31,31,0,0.555,1.485,0,nan,147,0.0,147,0.0
32,32,0,0.525,1.485,0,nan,147,0.0,147,0.0
33,33,0,0.4950000000000001,1.485,0,nan,147,0.0,147,0.0
34,34,0,0.4650000000000001,1.485,0,nan,147,0.0,147,0.0
35,35,0,0.43500000000000005,1.485,0,nan,147,0.0,147,0.0
36,36,0,0.405,1.485,0,nan,147,0.0,147,0.0
37,37,0,0.375,1.485,0,nan,147,0.0,147,0.0
38,38,0,0.345,1.485,0,nan,147,0.0,147,0.0
39,39,0,0.31499999999999995,1.485,0,nan,147,0.0,147,0.0
40,40,0,0.28500000000000014,1.485,0,nan,147,0.0,147,0.0
41,41,0,0.2550000000000001,1.485,0,nan,147,0.0,147,0.0
42,42,0,0.2250000000000001,1.485,0,nan,147,0.0,147,0.0
43,43,0,0.19500000000000006,1.485,0,nan,147,0.0,147,0.0
44,44,0,0.16500000000000004,1.485,0,nan,147,0.0,147,0.0
45,45,0,0.135,1.485,0,nan,147,0.0,147,0.0
46,46,0,0.10499999999999998,1.485,0,nan,147,0.0,147,0.0
47,47,0,0.07499999999999996,1.485,0,nan,147,0.0,147,0.0
48,48,0,0.04500000000000015,1.485,0,nan,147,0.0,147,0.0
49,49,0,0.015000000000000124,1.485,0,nan,147,0.0,147,0.0
50,50,0,-0.014999999999999902,1.485,0,nan,147,0.0,147,0.0
51,51,0,-0.04499999999999993,1.485,0,nan,147,0.0,147,0.0
52,52,0,-0.07499999999999996,1.485,0,nan,147,0.0,147,0.0
53,53,0,-0.10499999999999998,1.485,0,nan,147,0.0,147,0.0
54,54,0,-0.135,1.485,0,nan,147,0.0,147,0.0
55,55,0,-0.16500000000000004,1.485,0,nan,147,0.0,147,0.0
56,56,0,-0.19499999999999984,1.485,0,nan,147,0.0,147,0.0
57,57,0,-0.22499999999999987,1.485,0,nan,147,0.0,147,0.0
58,58,0,-0.2549999999999999,1.485,0,nan,147,0.0,147,0.0
59,59,0,-0.2849999999999999,1.485,0,nan,147,0.0,147,0.0
60,60,0,-0.31499999999999995,1.485,0,nan,147,0.0,147,0.0
61,61,0,-0.345,1.485,0,nan,147,0.0,147,0.0
62,62,0,-0.375,1.485,0,nan,147,0.0,147,0.0
63,63,0,-0.405,1.485,0,nan,147,0.0,147,0.0
64,64,0,-0.43499999999999983,1.485,0,nan,147,0.0,147,0.0
65,65,0,-0.46499999999999986,1.485,0,nan,147,0.0,147,0.0
66,66,0,-0.4949999999999999,1.485,0,nan,147,0.0,147,0.0
67,67,0,-0.5249999999999999,1.485,0,nan,147,0.0,147,0.0
68,68,0,-0.5549999999999997,1.485,0,nan,147,0.0,147,0.0
69,69,0,-0.585,1.485,0,nan,147,0.0,147,0.0
70,70,0,-0.6149999999999998,1.485,0,nan,147,0.0,147,0.0
71,71,0,-0.645,1.485,0,nan,147,0.0,147,0.0
72,72,0,-0.6749999999999998,1.485,0,nan,147,0.0,147,0.0
73,73,0,-0.7050000000000001,1.485,0,nan,147,0.0,147,0.0
74,74,0,-0.7349999999999999,1.485,0,nan,147,0.0,147,0.0
75,75,0,-0.7650000000000001,1.485,0,nan,147,0.0,147,0.0
76,76,0,-0.7949999999999999,1.485,0,nan,147,0.0,147,0.0
77,77,0,-0.8249999999999997,1.485,0,nan,147,0.0,147,0.0
78,78,0,-0.855,1.485,0,nan,147,0.0,147,0.0
79,79,0,-0.8849999999999998,1.485,0,nan,147,0.0,147,0.0
80,80,0,-0.915,1.485,0,nan,147,0.0,147,0.0
81,81,0,-0.9449999999999998,1.485,0,nan,147,0.0,147,0.0
82,82,0,-0.9750000000000001,1.485,0,nan,147,0.0,147,0.0
83,83,0,-1.005,1.485,0,nan,147,0.0,147,0.0
84,84,0,-1.0349999999999997,1.485,0,nan,147,0.0,147,0.0
85,85,0,-1.065,1.485,0,nan,147,0.0,147,0.0
86,86,0,-1.0949999999999998,1.485,0,nan,147,0.0,147,0.0
87,87,0,-1.125,1.485,0,nan,147,0.0,147,0.0
88,88,0,-1.1549999999999998,1.485,0,nan,147,0.0,147,0.0
89,89,0,-1.185,1.485,0,nan,147,0.0,147,0.0
90,90,0,-1.2149999999999999,1.485,0,nan,147,0.0,147,0.0
91,91,0,-1.245,1.485,0,nan,147,0.0,147,0.0
92,92,0,-1.275,1.485,0,nan,147,0.0,147,0.0
93,93,0,-1.3049999999999997,1.485,0,nan,147,0.0,147,0.0
94,94,0,-1.335,1.485,0,nan,147,0.0,147,0.0
95,95,0,-1.3649999999999998,1.485,0,nan,147,0.0,147,0.0
96,96,0,-1.395,1.485,0,nan,147,0.0,147,0.0
97,97,0,-1.4249999999999998,1.485,0,nan,147,0.0,147,0.0
98,98,0,-1.455,1.485,0,nan,147,0.0,147,0.0
99,99,0,-1.4849999999999999,1.485,0,nan,147,0.0,147,0.0
100,0,1,1.485,1.455,0,nan,147,0.0,147,0.0
101,1,1,1.455,1.455,0,nan,147,0.0,147,0.0
102,2,1,1.425,1.455,0,nan,147,0.0,147,0.0
103,3,1,1.395,1.455,0,nan,147,0.0,147,0.0
104,4,1,1.365,1.455,0,nan,147,0.0,147,0.0
105,5,1,1.335,1.455,0,nan,147,0.0,147,0.0
106,6,1,1.305,1.455,0,nan,147,0.0,147,0.0
107,7,1,1.275,1.455,0,nan,147,0.0,147,0.0
108,8,1,1.245,1.455,0,nan,147,0.0,147,0.0
109,9,1,1.215,1.455,0,nan,147,0.0,147,0.0
110,10,1,1.185,1.455,0,nan,147,0.0,147,0.0
111,11,1,1.155,1.455,0,nan,147,0.0,147,0.0
112,12,1,1.125,1.455,0,nan,147,0.0,147,0.0
113,13,1,1.095,1.455,0,nan,147,0.0,147,0.0
114,14,1,1.065,1.455,0,nan,147,0.0,147,0.0
115,15,1,1.0350000000000001,1.455,0,nan,147,0.0,147,0.0
116,16,1,1.005,1.455,0,nan,147,0.0,147,0.0
117,17,1,0.975,1.455,0,nan,147,0.0,147,0.0
118,18,1,0.9450000000000001,1.455,0,nan,147,0.0,147,0.0
119,19,1,0.915,1.455,0,nan,147,0.0,147,0.0
120,20,1,0.885,1.455,0,nan,147,0.0,147,0.0
121,21,1,0.855,1.455,0,nan,147,0.0,147,0.0
122,22,1,0.8250000000000001,1.455,0,nan,147,0.0,147,0.0
123,23,1,0.795,1.455,0,nan,147,0.0,147,0.0
124,24,1,0.765,1.455,0,nan,147,0.0,147,0.0
125,25,1,0.735,1.455,0,nan,147,0.0,147,0.0
126,26,1,0.7050000000000001,1.455,0,nan,147,0.0,147,0.0
127,27,1,0.675,1.455,0,nan,147,0.0,147,0.0
128,28,1,0.645,1.455,0,nan,147,0.0,147,0.0
129,29,1,0.615,1.455,0,nan,147,0.0,147,0.0
130,30,1,0.5850000000000001,1.455,0,nan,147,0.0,147,0.0
131,31,1,0.555,1.455,0,nan,147,0.0,147,0.0
132,32,1,0.525,1.455,0,nan,147,0.0,147,0.0
133,33,1,0.4950000000000001,1.455,0,nan,147,0.0,147,0.0
134,34,1,0.4650000000000001,1.455,0,nan,147,0.0,147,0.0
135,35,1,0.43500000000000005,1.455,0,nan,147,0.0,147,0.0
136,36,1,0.405,1.455,0,nan,147,0.0,147,0.0
137,37,1,0.375,1.455,0,nan,147,0.0,147,0.0
138,38,1,0.345,1.455,0,nan,147,0.0,147,0.0
139,39,1,0.31499999999999995,1.455,0,nan,147,0.0,147,0.0
140,40,1,0.28500000000000014,1.455,0,nan,147,0.0,147,0.0
141,41,1,0.2550000000000001,1.455,0,nan,147,0.0,147,0.0
142,42,1,0.2250000000000001,1.455,0,nan,147,0.0,147,0.0
143,43,1,0.19500000000000006,1.455,0,nan,147,0.0,147,0.0
144,44,1,0.16500000000000004,1.455,0,nan,147,0.0,147,0.0
145,45,1,0.135,1.455,0,nan,147,0.0,147,0.0
146,46,1,0.10499999999999998,1.455,0,nan,147,0.0,147,0.0
147,47,1,0.07499999999999996,1.455,0,nan,147,0.0,147,0.0
148,48,1,0.04500000000000015,1.455,0,nan,147,0.0,147,0.0
149,49,1,0.015000000000000124,1.455,0,nan,147,0.0,147,0.0
150,50,1,-0.014999999999999902,1.455,0,nan,147,0.0,147,0.0
151,51,1,-0.04499999999999993,1.455,0,nan,147,0.0,147,0.0
152,52,1,-0.07499999999999996,1.455,0,nan,147,0.0,147,0.0
153,53,1,-0.10499999999999998,1.455,0,nan,147,0.0,147,0.0
154,54,1,-0.135,1.455,0,nan,147,0.0,147,0.0
155,55,1,-0.16500000000000004,1.455,0,nan,147,0.0,147,0.0
156,56,1,-0.19499999999999984,1.455,0,nan,147,0.0,147,0.0
157,57,1,-0.22499999999999987,1.455,0,nan,147,0.0,147,0.0
158,58,1,-0.2549999999999999,1.455,0,nan,147,0.0,147,0.0
159,59,1,-0.2849999999999999,1.455,0,nan,147,0.0,147,0.0
160,60,1,-0.31499999999999995,1.455,0,nan,147,0.0,147,0.0
161,61,1,-0.345,1.455,0,nan,147,0.0,147,0.0
162,62,1,-0.375,1.455,0,nan,147,0.0,147,0.0
163,63,1,-0.405,1.455,0,nan,147,0.0,147,0.0
164,64,1,-0.43499999999999983,1.455,0,nan,147,0.0,147,0.0
165,65,1,-0.46499999999999986,1.455,0,nan,147,0.0,147,0.0
166,66,1,-0.4949999999999999,1.455,0,nan,147,0.0,147,0.0
167,67,1,-0.5249999999999999,1.455,0,nan,147,0.0,147,0.0
168,68,1,-0.5549999999999997,1.455,0,nan,147,0.0,147,0.0
169,69,1,-0.585,1.455,0,nan,147,0.0,147,0.0
170,70,1,-0.6149999999999998,1.455,0,nan,147,0.0,147,0.0
171,71,1,-0.645,1.455,0,nan,147,0.0,147,0.0
172,72,1,-0.6749999999999998,1.455,0,nan,147,0.0,147,0.0
173,73,1,-0.7050000000000001,1.455,0,nan,147,0.0,147,0.0
174,74,1,-0.7349999999999999,1.455,0,nan,147,0.0,147,0.0
175,75,1,-0.7650000000000001,1.455,0,nan,147,0.0,147,0.0
176,76,1,-0.7949999999999999,1.455,0,nan,147,0.0,147,0.0
177,77,1,-0.8249999999999997,1.455,0,nan,147,0.0,147,0.0
178,78,1,-0.855,1.455,0,nan,147,0.0,147,0.0
179,79,1,-0.8849999999999998,1.455,0,nan,147,0.0,147,0.0
180,80,1,-0.915,1.455,0,nan,147,0.0,147,0.0
181,81,1,-0.9449999999999998,1.455,0,nan,147,0.0,147,0.0
182,82,1,-0.9750000000000001,1.455,0,nan,147,0.0,147,0.0
183,83,1,-1.005,1.455,0,nan,147,0.0,147,0.0
184,84,1,-1.0349999999999997,1.455,0,nan,147,0.0,147,0.0
185,85,1,-1.065,1.455,0,nan,147,0.0,147,0.0
186,86,1,-1.0949999999999998,1.455,0,nan,147,0.0,147,0.0
187,87,1,-1.125,1.455,0,nan,147,0.0,147,0.0
188,88,1,-1.1549999999999998,1.455,0,nan,147,0.0,147,0.0
189,89,1,-1.185,1.455,0,nan,147,0.0,147,0.0
190,90,1,-1.2149999999999999,1.455,0,nan,147,0.0,147,0.0
191,91,1,-1.245,1.455,0,nan,147,0.0,147,0.0
192,92,1,-1.275,1.455,0,nan,147,0.0,147,0.0
193,93,1,-1.3049999999999997,1.455,0,nan,147,0.0,147,0.0
194,94,1,-1.335,1.455,0,nan,147,0.0,147,0.0
195,95,1,-1.3649999999999998,1.455,0,nan,147,0.0,147,0.0
196,96,1,-1.395,1.455,0,nan,147,0.0,147,0.0
197,97,1,-1.4249999999999998,1.455,0,nan,147,0.0,147,0.0
198,98,1,-1.455,1.455,0,nan,147,0.0,147,0.0
199,99,1,-1.4849999999999999,1.455,0,nan,147,0.0,147,0.0
200,0,2,1.485,1.425,0,nan,147,0.0,147,0.0
201,1,2,1.455,1.425,0,nan,147,0.0,147,0.0
202,2,2,1.425,1.425,0,nan,147,0.0,147,0.0
203,3,2,1.395,1.425,0,nan,147,0.0,147,0.0
204,4,2,1.365,1.425,0,nan,147,0.0,147,0.0
205,5,2,1.335,1.425,0,nan,147,0.0,147,0.0
206,6,2,1.305,1.425,0,nan,147,0.0,147,0.0
207,7,2,1.275,1.425,0,nan,147,0.0,147,0.0
208,8,2,1.245,1.425,0,nan,147,0.0,147,0.0
209,9,2,1.215,1.425,0,nan,147,0.0,147,0.0
210,10,2,1.185,1.425,0,nan,147,0.0,147,0.0
211,11,2,1.155,1.425,0,nan,147,0.0,147,0.0
212,12,2,1.125,1.425,0,nan,147,0.0,147,0.0
213,13,2,1.095,1.425,0,nan,147,0.0,147,0.0
214,14,2,1.065,1.425,0,nan,147,0.0,147,0.0
215,15,2,1.0350000000000001,1.425,0,nan,147,0.0,147,0.0
216,16,2,1.005,1.425,0,nan,147,0.0,147,0.0
217,17,2,0.975,1.425,0,nan,147,0.0,147,0.0
218,18,2,0.9450000000000001,1.425,0,nan,147,0.0,147,0.0
219,19,2,0.915,1.425,0,nan,147,0.0,147,0.0
220,20,2,0.885,1.425,0,nan,147,0.0,147,0.0
221,21,2,0.855,1.425,0,nan,147,0.0,147,0.0
222,22,2,0.8250000000000001,1.425,0,nan,147,0.0,147,0.0
223,23,2,0.795,1.425,0,nan,147,0.0,147,0.0
224,24,2,0.765,1.425,0,nan,147,0.0,147,0.0
225,25,2,0.735,1.425,0,nan,147,0.0,147,0.0
226,26,2,0.7050000000000001,1.425,0,nan,147,0.0,147,0.0
227,27,2,0.675,1.425,0,nan,147,0.0,147,0.0
228,28,2,0.645,1.425,0,nan,147,0.0,147,0.0
229,29,2,0.615,1.425,0,nan,147,0.0,147,0.0
230,30,2,0.5850000000000001,1.425,0,nan,147,0.0,147,0.0
231,31,2,0.555,1.425,0,nan,147,0.0,147,0.0
232,32,2,0.525,1.425,0,nan,147,0.0,147,0.0
233,33,2,0.4950000000000001,1.425,0,nan,147,0.0,147,0.0
234,34,2,0.4650000000000001,1.425,0,nan,147,0.0,147,0.0
235,35,2,0.43500000000000005,1.425,0,nan,147,0.0,147,0.0
236,36,2,0.405,1.425,0,nan,147,0.0,147,0.0
237,37,2,0.375,1.425,0,nan,147,0.0,147,0.0
238,38,2,0.345,1.425,0,nan,147,0.0,147,0.0
239,39,2,0.31499999999999995,1.425,0,nan,147,0.0,147,0.0
240,40,2,0.28500000000000014,1.425,0,nan,147,0.0,147,0.0
241,41,2,0.2550000000000001,1.425,0,nan,147,0.0,147,0.0
242,42,2,0.2250000000000001,1.425,0,nan,147,0.0,147,0.0
243,43,2,0.19500000000000006,1.425,0,nan,147,0.0,147,0.0
244,44,2,0.16500000000000004,1.425,0,nan,147,0.0,147,0.0
245,45,2,0.135,1.425,0,nan,147,0.0,147,0.0
246,46,2,0.10499999999999998,1.425,0,nan,147,0.0,147,0.0
247,47,2,0.07499999999999996,1.425,0,nan,147,0.0,147,0.0
248,48,2,0.04500000000000015,1.425,0,nan,147,0.0,147,0.0
249,49,2,0.015000000000000124,1.425,0,nan,147,0.0,147,0.0
250,50,2,-0.014999999999999902,1.425,0,nan,147,0.0,147,0.0
251,51,2,-0.04499999999999993,1.425,0,nan,147,0.0,147,0.0
252,52,2,-0.07499999999999996,1.425,0,nan,147,0.0,147,0.0
253,53,2,-0.10499999999999998,1.425,0,nan,147,0.0,147,0.0
254,54,2,-0.135,1.425,0,nan,147,0.0,147,0.0
255,55,2,-0.16500000000000004,1.425,0,nan,147,0.0,147,0.0
256,56,2,-0.19499999999999984,1.425,0,nan,147,0.0,147,0.0
257,57,2,-0.22499999999999987,1.425,0,nan,147,0.0,147,0.0
258,58,2,-0.2549999999999999,1.425,0,nan,147,0.0,147,0.0
259,59,2,-0.2849999999999999,1.425,0,nan,147,0.0,147,0.0
260,60,2,-0.31499999999999995,1.425,0,nan,147,0.0,147,0.0
261,61,2,-0.345,1.425,0,nan,147,0.0,147,0.0
262,62,2,-0.375,1.425,0,nan,147,0.0,147,0.0
263,63,2,-0.405,1.425,0,nan,147,0.0,147,0.0
264,64,2,-0.43499999999999983,1.425,0,nan,147,0.0,147,0.0
265,65,2,-0.46499999999999986,1.425,0,nan,147,0.0,147,0.0
266,66,2,-0.4949999999999999,1.425,0,nan,147,0.0,147,0.0
267,67,2,-0.5249999999999999,1.425,0,nan,147,0.0,147,0.0
268,68,2,-0.5549999999999997,1.425,0,nan,147,0.0,147,0.0
269,69,2,-0.585,1.425,0,nan,147,0.0,147,0.0
270,70,2,-0.6149999999999998,1.425,0,nan,147,0.0,147,0.0
271,71,2,-0.645,1.425,0,nan,147,0.0,147,0.0
272,72,2,-0.6749999999999998,1.425,0,nan,147,0.0,147,0.0
273,73,2,-0.7050000000000001,1.425,0,nan,147,0.0,147,0.0
274,74,2,-0.7349999999999999,1.425,0,nan,147,0.0,147,0.0
275,75,2,-0.7650000000000001,1.425,0,nan,147,0.0,147,0.0
276,76,2,-0.7949999999999999,1.425,0,nan,147,0.0,147,0.0
277,77,2,-0.8249999999999997,1.425,0,nan,147,0.0,147,0.0
278,78,2,-0.855,1.425,0,nan,147,0.0,147,0.0
279,79,2,-0.8849999999999998,1.425,0,nan,147,0.0,147,0.0
280,80,2,-0.915,1.425,0,nan,147,0.0,147,0.0
281,81,2,-0.9449999999999998,1.425,0,nan,147,0.0,147,0.0
282,82,2,-0.9750000000000001,1.425,0,nan,147,0.0,147,0.0
283,83,2,-1.005,1.425,0,nan,147,0.0,147,0.0
284,84,2,-1.0349999999999997,1.425,0,nan,147,0.0,147,0.0
285,85,2,-1.065,1.425,0,nan,147,0.0,147,0.0
286,86,2,-1.0949999999999998,1.425,0,nan,147,0.0,147,0.0
287,87,2,-1.125,1.425,0,nan,147,0.0,147,0.0
288,88,2,-1.1549999999999998,1.425,0,nan,147,0.0,147,0.0
289,89,2,-1.185,1.425,0,nan,147,0.0,147,0.0
290,90,2,-1.2149999999999999,1.425,0,nan,147,0.0,147,0.0
291,91,2,-1.245,1.425,0,nan,147,0.0,147,0.0
292,92,2,-1.275,1.425,0,nan,147,0.0,147,0.0
293,93,2,-1.3049999999999997,1.425,0,nan,147,0.0,147,0.0
294,94,2,-1.335,1.425,0,nan,147,0.0,147,0.0
295,95,2,-1.3649999999999998,1.425,0,nan,147,0.0,147,0.0
296,96,2,-1.395,1.425,0,nan,147,0.0,147,0.0
297,97,2,-1.4249999999999998,1.425,0,nan,147,0.0,147,0.0
298,98,2,-1.455,1.425,0,nan,147,0.0,147,0.0
299,99,2,-1.4849999999999999,1.425,0,nan,147,0.0,147,0.0
300,0,3,1.485,1.395,0,nan,147,0.0,147,0.0
301,1,3,1.455,1.395,0,nan,147,0.0,147,0.0
302,2,3,1.425,1.395,0,nan,147,0.0,147,0.0
303,3,3,1.395,1.395,0,nan,147,0.0,147,0.02199999988079071
304,4,3,1.365,1.395,0,nan,147,0.0,147,0.02199999988079071
305,5,3,1.335,1.395,0,nan,147,0.0,147,0.02199999988079071
306,6,3,1.305,1.395,0,nan,147,0.0,147,0.02199999988079071
307,7,3,1.275,1.395,0,nan,147,0.0,147,0.02199999988079071
308,8,3,1.245,1.395,0,nan,147,0.0,147,0.02199999988079071
309,9,3,1.215,1.395,0,nan,147,0.0,147,0.02199999988079071
310,10,3,1.185,1.395,0,nan,147,0.0,147,0.02199999988079071
311,11,3,1.155,1.395,0,nan,147,0.0,147,0.02199999988079071
312,12,3,1.125,1.395,0,nan,147,0.0,147,0.02199999988079071
313,13,3,1.095,1.395,0,nan,147,0.0,147,0.02199999988079071
314,14,3,1.065,1.395,0,nan,147,0.0,147,0.02199999988079071
315,15,3,1.0350000000000001,1.395,0,nan,147,0.0,147,0.02199999988079071
316,16,3,1.005,1.395,0,nan,147,0.0,147,0.02199999988079071
317,17,3,0.975,1.395,0,nan,147,0.0,147,0.02199999988079071
318,18,3,0.9450000000000001,1.395,0,nan,147,0.0,147,0.02199999988079071
319,19,3,0.915,1.395,0,nan,147,0.0,147,0.02199999988079071
320,20,3,0.885,1.395,0,nan,147,0.0,147,0.02199999988079071
321,21,3,0.855,1.395,0,nan,147,0.0,147,0.02199999988079071
322,22,3,0.8250000000000001,1.395,0,nan,147,0.0,147,0.02199999988079071
323,23,3,0.795,1.395,0,nan,147,0.0,147,0.02199999988079071
324,24,3,0.765,1.395,0,nan,147,0.0,147,0.02199999988079071
325,25,3,0.735,1.395,0,nan,147,0.0,147,0.02199999988079071
326,26,3,0.7050000000000001,1.395,0,nan,147,0.0,147,0.02199999988079071
327,27,3,0.675,1.395,0,nan,147,0.0,147,0.02199999988079071
328,28,3,0.645,1.395,0,nan,147,0.0,147,0.02199999988079071
329,29,3,0.615,1.395,0,nan,147,0.0,147,0.02199999988079071
330,30,3,0.5850000000000001,1.395,0,nan,147,0.0,147,0.02199999988079071
331,31,3,0.555,1.395,0,nan,147,0.0,147,0.02199999988079071
332,32,3,0.525,1.395,0,nan,147,0.0,147,0.02199999988079071
333,33,3,0.4950000000000001,1.395,0,nan,147,0.0,147,0.02199999988079071
334,34,3,0.4650000000000001,1.395,0,nan,147,0.0,147,0.02199999988079071
335,35,3,0.43500000000000005,1.395,0,nan,147,0.0,147,0.02199999988079071
336,36,3,0.405,1.395,0,nan,147,0.0,147,0.02199999988079071
337,37,3,0.375,1.395,0,nan,147,0.0,147,0.02199999988079071
338,38,3,0.345,1.395,0,nan,147,0.0,147,0.02199999988079071
339,39,3,0.31499999999999995,1.395,0,nan,147,0.0,147,0.02199999988079071
340,40,3,0.28500000000000014,1.395,0,nan,147,0.0,147,0.02199999988079071
341,41,3,0.2550000000000001,1.395,0,nan,147,0.0,147,0.02199999988079071
342,42,3,0.2250000000000001,1.395,0,nan,147,0.0,147,0.02199999988079071
343,43,3,0.19500000000000006,1.395,0,nan,147,0.0,147,0.02199999988079071
344,44,3,0.16500000000000004,1.395,0,nan,147,0.0,147,0.02199999988079071
345,45,3,0.135,1.395,0,nan,147,0.0,147,0.02199999988079071
346,46,3,0.10499999999999998,1.395,0,nan,147,0.0,147,0.02199999988079071
347,47,3,0.07499999999999996,1.395,0,nan,147,0.0,147,0.02199999988079071
348,48,3,0.04500000000000015,1.395,0,nan,147,0.0,147,0.02199999988079071
349,49,3,0.015000000000000124,1.395,0,nan,147,0.0,147,0.02199999988079071
350,50,3,-0.014999999999999902,1.395,0,nan,147,0.0,147,0.02199999988079071
351,51,3,-0.04499999999999993,1.395,0,nan,147,0.0,147,0.02199999988079071
352,52,3,-0.07499999999999996,1.395,0,nan,147,0.0,147,0.02199999988079071
353,53,3,-0.10499999999999998,1.395,0,nan,147,0.0,147,0.02199999988079071
354,54,3,-0.135,1.395,0,nan,147,0.0,147,0.02199999988079071
355,55,3,-0.16500000000000004,1.395,0,nan,147,0.0,147,0.02199999988079071
356,56,3,-0.19499999999999984,1.395,0,nan,147,0.0,147,0.02199999988079071
357,57,3,-0.22499999999999987,1.395,0,nan,147,0.0,147,0.02199999988079071
358,58,3,-0.2549999999999999,1.395,0,nan,147,0.0,147,0.02199999988079071
359,59,3,-0.2849999999999999,1.395,0,nan,147,0.0,147,0.02199999988079071
360,60,3,-0.31499999999999995,1.395,0,nan,147,0.0,147,0.02199999988079071
361,61,3,-0.345,1.395,0,nan,147,0.0,147,0.02199999988079071
362,62,3,-0.375,1.395,0,nan,147,0.0,147,0.02199999988079071
363,63,3,-0.405,1.395,0,nan,147,0.0,147,0.02199999988079071
364,64,3,-0.43499999999999983,1.395,0,nan,147,0.0,147,0.02199999988079071
365,65,3,-0.46499999999999986,1.395,0,nan,147,0.0,147,0.02199999988079071
366,66,3,-0.4949999999999999,1.395,0,nan,147,0.0,147,0.02199999988079071
367,67,3,-0.5249999999999999,1.395,0,nan,147,0.0,147,0.02199999988079071
368,68,3,-0.5549999999999997,1.395,0,nan,147,0.0,147,0.02199999988079071
369,69,3,-0.585,1.395,0,nan,147,0.0,147,0.02199999988079071
370,70,3,-0.6149999999999998,1.395,0,nan,147,0.0,147,0.02199999988079071
371,71,3,-0.645,1.395,0,nan,147,0.0,147,0.02199999988079071
372,72,3,-0.6749999999999998,1.395,0,nan,147,0.0,147,0.02199999988079071
373,73,3,-0.7050000000000001,1.395,0,nan,147,0.0,147,0.02199999988079071
374,74,3,-0.7349999999999999,1.395,0,nan,147,0.0,147,0.02199999988079071
375,75,3,-0.7650000000000001,1.395,0,nan,147,0.0,147,0.02199999988079071
376,76,3,-0.7949999999999999,1.395,0,nan,147,0.0,147,0.02199999988079071
377,77,3,-0.8249999999999997,1.395,0,nan,147,0.0,147,0.02199999988079071
378,78,3,-0.855,1.395,0,nan,147,0.0,147,0.02199999988079071
379,79,3,-0.8849999999999998,1.395,0,nan,147,0.0,147,0.02199999988079071
380,80,3,-0.915,1.395,0,nan,147,0.0,147,0.02199999988079071
381,81,3,-0.9449999999999998,1.395,0,nan,147,0.0,147,0.02199999988079071
382,82,3,-0.9750000000000001,1.395,0,nan,147,0.0,147,0.02199999988079071
383,83,3,-1.005,1.395,0,nan,147,0.0,147,0.02199999988079071
384,84,3,-1.0349999999999997,1.395,0,nan,147,0.0,147,0.02199999988079071
385,85,3,-1.065,1.395,0,nan,147,0.0,147,0.02199999988079071
386,86,3,-1.0949999999999998,1.395,0,nan,147,0.0,147,0.02199999988079071
387,87,3,-1.125,1.395,0,nan,147,0.0,147,0.02199999988079071
388,88,3,-1.1549999999999998,1.395,0,nan,147,0.0,147,0.02199999988079071
389,89,3,-1.185,1.395,0,nan,147,0.0,147,0.02199999988079071
390,90,3,-1.2149999999999999,1.395,0,nan,147,0.0,147,0.02199999988079071
391,91,3,-1.245,1.395,0,nan,147,0.0,147,0.02199999988079071
392,92,3,-1.275,1.395,0,nan,147,0.0,147,0.02199999988079071
393,93,3,-1.3049999999999997,1.395,0,nan,147,0.0,147,0.02199999988079071
394,94,3,-1.335,1.395,0,nan,147,0.0,147,0.02199999988079071
395,95,3,-1.3649999999999998,1.395,0,nan,147,0.0,147,0.02199999988079071
396,96,3,-1.395,1.395,0,nan,147,0.0,147,0.02199999988079071
397,97,3,-1.4249999999999998,1.395,0,nan,147,0.0,147,0.0
398,98,3,-1.455,1.395,0,nan,147,0.0,147,0.0
399,99,3,-1.4849999999999999,1.395,0,nan,147,0.0,147,0.0
400,0,4,1.485,1.365,0,nan,147,0.0,147,0.0
401,1,4,1.455,1.365,0,nan,147,0.0,147,0.0
402,2,4,1.425,1.365,0,nan,147,0.0,147,0.0
403,3,4,1.395,1.365,0,nan,147,0.0,147,0.02199999988079071
404,4,4,1.365,1.365,0,nan,147,0.0,147,0.02199999988079071
405,5,4,1.335,1.365,0,nan,147,0.0,147,0.02199999988079071
406,6,4,1.305,1.365,0,nan,147,0.0,147,0.02199999988079071
407,7,4,1.275,1.365,0,nan,147,0.0,147,0.02199999988079071
408,8,4,1.245,1.365,0,nan,147,0.0,147,0.02199999988079071
409,9,4,1.215,1.365,0,nan,147,0.0,147,0.02199999988079071
410,10,4,1.185,1.365,0,nan,147,0.0,147,0.02199999988079071
411,11,4,1.155,1.365,0,nan,147,0.0,147,0.02199999988079071
412,12,4,1.125,1.365,0,nan,147,0.0,147,0.02199999988079071
413,13,4,1.095,1.365,0,nan,147,0.0,147,0.02199999988079071
414,14,4,1.065,1.365,0,nan,147,0.0,147,0.02199999988079071
415,15,4,1.0350000000000001,1.365,0,nan,147,0.0,147,0.02199999988079071
416,16,4,1.005,1.365,0,nan,147,0.0,147,0.02199999988079071
417,17,4,0.975,1.365,0,nan,147,0.0,147,0.02199999988079071
418,18,4,0.9450000000000001,1.365,0,nan,147,0.0,147,0.02199999988079071
419,19,4,0.915,1.365,0,nan,147,0.0,147,0.02199999988079071
420,20,4,0.885,1.365,0,nan,147,0.0,147,0.02199999988079071
421,21,4,0.855,1.365,0,nan,147,0.0,147,0.02199999988079071
422,22,4,0.8250000000000001,1.365,0,nan,147,0.0,147,0.02199999988079071
423,23,4,0.795,1.365,0,nan,147,0.0,147,0.02199999988079071
424,24,4,0.765,1.365,0,nan,147,0.0,147,0.02199999988079071
425,25,4,0.735,1.365,0,nan,147,0.0,147,0.02199999988079071
426,26,4,0.7050000000000001,1.365,0,nan,147,0.0,147,0.02199999988079071
427,27,4,0.675,1.365,0,nan,147,0.0,147,0.02199999988079071
428,28,4,0.645,1.365,0,nan,147,0.0,147,0.02199999988079071
429,29,4,0.615,1.365,0,nan,147,0.0,147,0.02199999988079071
430,30,4,0.5850000000000001,1.365,0,nan,147,0.0,147,0.02199999988079071
431,31,4,0.555,1.365,0,nan,147,0.0,147,0.02199999988079071
432,32,4,0.525,1.365,0,nan,147,0.0,147,0.02199999988079071
433,33,4,0.4950000000000001,1.365,0,nan,147,0.0,147,0.02199999988079071
434,34,4,0.4650000000000001,1.365,0,nan,147,0.0,147,0.02199999988079071
435,35,4,0.43500000000000005,1.365,0,nan,147,0.0,147,0.02199999988079071
436,36,4,0.405,1.365,0,nan,147,0.0,147,0.02199999988079071
437,37,4,0.375,1.365,0,nan,147,0.0,147,0.02199999988079071
438,38,4,0.345,1.365,0,nan,147,0.0,147,0.02199999988079071
439,39,4,0.31499999999999995,1.365,0,nan,147,0.0,147,0.02199999988079071
440,40,4,0.28500000000000014,1.365,0,nan,147,0.0,147,0.02199999988079071
441,41,4,0.2550000000000001,1.365,0,nan,147,0.0,147,0.02199999988079071
442,42,4,0.2250000000000001,1.365,0,nan,147,0.0,147,0.02199999988079071
443,43,4,0.19500000000000006,1.365,0,nan,147,0.0,147,0.02199999988079071
444,44,4,0.16500000000000004,1.365,0,nan,147,0.0,147,0.02199999988079071
445,45,4,0.135,1.365,0,nan,147,0.0,147,0.02199999988079071
446,46,4,0.10499999999999998,1.365,0,nan,147,0.0,147,0.02199999988079071
447,47,4,0.07499999999999996,1.365,0,nan,147,0.0,147,0.02199999988079071
448,48,4,0.04500000000000015,1.365,0,nan,147,0.0,147,0.02199999988079071
449,49,4,0.015000000000000124,1.365,0,nan,147,0.0,147,0.02199999988079071
450,50,4,-0.014999999999999902,1.365,0,nan,147,0.0,147,0.02199999988079071
451,51,4,-0.04499999999999993,1.365,0,nan,147,0.0,147,0.02199999988079071
452,52,4,-0.07499999999999996,1.365,0,nan,147,0.0,147,0.02199999988079071
453,53,4,-0.10499999999999998,1.365,0,nan,147,0.0,147,0.02199999988079071
454,54,4,-0.135,1.365,0,nan,147,0.0,147,0.02199999988079071
455,55,4,-0.16500000000000004,1.365,0,nan,147,0.0,147,0.02199999988079071
456,56,4,-0.19499999999999984,1.365,0,nan,147,0.0,147,0.02199999988079071
457,57,4,-0.22499999999999987,1.365,0,nan,147,0.0,147,0.02199999988079071
458,58,4,-0.2549999999999999,1.365,0,nan,147,0.0,147,0.02199999988079071
459,59,4,-0.2849999999999999,1.365,0,nan,147,0.0,147,0.02199999988079071
460,60,4,-0.31499999999999995,1.365,0,nan,147,0.0,147,0.02199999988079071
461,61,4,-0.345,1.365,0,nan,147,0.0,147,0.02199999988079071
462,62,4,-0.375,1.365,0,nan,147,0.0,147,0.02199999988079071
463,63,4,-0.405,1.365,0,nan,147,0.0,147,0.02199999988079071
464,64,4,-0.43499999999999983,1.365,0,nan,147,0.0,147,0.02199999988079071
465,65,4,-0.46499999999999986,1.365,0,nan,147,0.0,147,0.02199999988079071
466,66,4,-0.4949999999999999,1.365,0,nan,147,0.0,147,0.02199999988079071
467,67,4,-0.5249999999999999,1.365,0,nan,147,0.0,147,0.02199999988079071
468,68,4,-0.5549999999999997,1.365,0,nan,147,0.0,147,0.02199999988079071
469,69,4,-0.585,1.365,0,nan,147,0.0,147,0.02199999988079071
470,70,4,-0.6149999999999998,1.365,0,nan,147,0.0,147,0.02199999988079071
471,71,4,-0.645,1.365,0,nan,147,0.0,147,0.02199999988079071
472,72,4,-0.6749999999999998,1.365,0,nan,147,0.0,147,0.02199999988079071
473,73,4,-0.7050000000000001,1.365,0,nan,147,0.0,147,0.02199999988079071
474,74,4,-0.7349999999999999,1.365,0,nan,147,0.0,147,0.02199999988079071
475,75,4,-0.7650000000000001,1.365,0,nan,147,0.0,147,0.02199999988079071
476,76,4,-0.7949999999999999,1.365,0,nan,147,0.0,147,0.02199999988079071
477,77,4,-0.8249999999999997,1.365,0,nan,147,0.0,147,0.02199999988079071
478,78,4,-0.855,1.365,0,nan,147,0.0,147,0.02199999988079071
479,79,4,-0.8849999999999998,1.365,0,nan,147,0.0,147,0.02199999988079071
480,80,4,-0.915,1.365,0,nan,147,0.0,147,0.02199999988079071
481,81,4,-0.9449999999999998,1.365,0,nan,147,0.0,147,0.02199999988079071
482,82,4,-0.9750000000000001,1.365,0,nan,147,0.0,147,0.02199999988079071
483,83,4,-1.005,1.365,0,nan,147,0.0,147,0.02199999988079071
484,84,4,-1.0349999999999997,1.365,0,nan,147,0.0,147,0.02199999988079071
485,85,4,-1.065,1.365,0,nan,147,0.0,147,0.02199999988079071
486,86,4,-1.0949999999999998,1.365,0,nan,147,0.0,147,0.02199999988079071
487,87,4,-1.125,1.365,0,nan,147,0.0,147,0.02199999988079071
488,88,4,-1.1549999999999998,1.365,0,nan,147,0.0,147,0.02199999988079071
489,89,4,-1.185,1.365,0,nan,147,0.0,147,0.02199999988079071
490,90,4,-1.2149999999999999,1.365,0,nan,147,0.0,147,0.02199999988079071
491,91,4,-1.245,1.365,0,nan,147,0.0,147,0.02199999988079071
492,92,4,-1.275,1.365,0,nan,147,0.0,147,0.02199999988079071
493,93,4,-1.3049999999999997,1.365,0,nan,147,0.0,147,0.02199999988079071
494,94,4,-1.335,1.365,0,nan,147,0.0,147,0.02199999988079071
495,95,4,-1.3649999999999998,1.365,0,nan,147,0.0,147,0.02199999988079071
496,96,4,-1.395,1.365,0,nan,147,0.0,147,0.02199999988079071
497,97,4,-1.4249999999999998,1.365,0,nan,147,0.0,147,0.0
498,98,4,-1.455,1.365,0,nan,147,0.0,147,0.0
499,99,4,-1.4849999999999999,1.365,0,nan,147,0.0,147,0.0
500,0,5,1.485,1.335,0,nan,147,0.0,147,0.0
501,1,5,1.455,1.335,0,nan,147,0.0,147,0.0
502,2,5,1.425,1.335,0,nan,147,0.0,147,0.0
503,3,5,1.395,1.335,0,nan,147,0.0,147,0.02199999988079071
504,4,5,1.365,1.335,0,nan,147,0.0,147,0.02199999988079071
505,5,5,1.335,1.335,0,nan,147,0.0,147,0.02199999988079071
506,6,5,1.305,1.335,0,nan,147,0.0,147,0.02199999988079071
507,7,5,1.275,1.335,0,nan,147,0.0,147,0.02199999988079071
508,8,5,1.245,1.335,0,nan,147,0.0,147,0.02199999988079071
509,9,5,1.215,1.335,0,nan,147,0.0,147,0.02199999988079071
510,10,5,1.185,1.335,0,nan,147,0.0,147,0.02199999988079071
511,11,5,1.155,1.335,0,nan,147,0.0,147,0.02199999988079071
512,12,5,1.125,1.335,0,nan,147,0.0,147,0.02199999988079071
513,13,5,1.095,1.335,0,nan,147,0.0,147,0.02199999988079071
514,14,5,1.065,1.335,0,nan,147,0.0,147,0.02199999988079071
515,15,5,1.0350000000000001,1.335,0,nan,147,0.0,147,0.02199999988079071
516,16,5,1.005,1.335,0,nan,147,0.0,147,0.02199999988079071
517,17,5,0.975,1.335,0,nan,147,0.0,147,0.02199999988079071
518,18,5,0.9450000000000001,1.335,0,nan,147,0.0,147,0.02199999988079071
519,19,5,0.915,1.335,0,nan,147,0.0,147,0.02199999988079071
520,20,5,0.885,1.335,0,nan,147,0.0,147,0.02199999988079071
521,21,5,0.855,1.335,0,nan,147,0.0,147,0.02199999988079071
522,22,5,0.8250000000000001,1.335,0,nan,147,0.0,147,0.02199999988079071
523,23,5,0.795,1.335,0,nan,147,0.0,147,0.02199999988079071
524,24,5,0.765,1.335,0,nan,147,0.0,147,0.02199999988079071
525,25,5,0.735,1.335,0,nan,147,0.0,147,0.02199999988079071
526,26,5,0.7050000000000001,1.335,0,nan,147,0.0,147,0.02199999988079071
527,27,5,0.675,1.335,0,nan,147,0.0,147,0.02199999988079071
528,28,5,0.645,1.335,0,nan,147,0.0,147,0.02199999988079071
529,29,5,0.615,1.335,0,nan,147,0.0,147,0.02199999988079071
530,30,5,0.5850000000000001,1.335,0,nan,147,0.0,147,0.02199999988079071
531,31,5,0.555,1.335,0,nan,147,0.0,147,0.02199999988079071
532,32,5,0.525,1.335,0,nan,147,0.0,147,0.02199999988079071
533,33,5,0.4950000000000001,1.335,0,nan,147,0.0,147,0.02199999988079071
534,34,5,0.4650000000000001,1.335,0,nan,147,0.0,147,0.02199999988079071
535,35,5,0.43500000000000005,1.335,0,nan,147,0.0,147,0.02199999988079071
536,36,5,0.405,1.335,0,nan,147,0.0,147,0.02199999988079071
537,37,5,0.375,1.335,0,nan,147,0.0,147,0.02199999988079071
538,38,5,0.345,1.335,0,nan,147,0.0,147,0.02199999988079071
539,39,5,0.31499999999999995,1.335,0,nan,147,0.0,147,0.02199999988079071
540,40,5,0.28500000000000014,1.335,0,nan,147,0.0,147,0.02199999988079071
541,41,5,0.2550000000000001,1.335,0,nan,147,0.0,147,0.02199999988079071
542,42,5,0.2250000000000001,1.335,0,nan,147,0.0,147,0.02199999988079071
543,43,5,0.19500000000000006,1.335,0,nan,147,0.0,147,0.02199999988079071
544,44,5,0.16500000000000004,1.335,0,nan,147,0.0,147,0.02199999988079071
545,45,5,0.135,1.335,0,nan,147,0.0,147,0.02199999988079071
546,46,5,0.10499999999999998,1.335,0,nan,147,0.0,147,0.02199999988079071
547,47,5,0.07499999999999996,1.335,0,nan,147,0.0,147,0.02199999988079071
548,48,5,0.04500000000000015,1.335,0,nan,147,0.0,147,0.02199999988079071
549,49,5,0.015000000000000124,1.335,0,nan,147,0.0,147,0.02199999988079071
550,50,5,-0.014999999999999902,1.335,0,nan,147,0.0,147,0.02199999988079071
551,51,5,-0.04499999999999993,1.335,0,nan,147,0.0,147,0.02199999988079071
552,52,5,-0.07499999999999996,1.335,0,nan,147,0.0,147,0.02199999988079071
553,53,5,-0.10499999999999998,1.335,0,nan,147,0.0,147,0.02199999988079071
554,54,5,-0.135,1.335,0,nan,147,0.0,147,0.02199999988079071
555,55,5,-0.16500000000000004,1.335,0,nan,147,0.0,147,0.02199999988079071
556,56,5,-0.19499999999999984,1.335,0,nan,147,0.0,147,0.02199999988079071
557,57,5,-0.22499999999999987,1.335,0,nan,147,0.0,147,0.02199999988079071
558,58,5,-0.2549999999999999,1.335,0,nan,147,0.0,147,0.02199999988079071
559,59,5,-0.2849999999999999,1.335,0,nan,147,0.0,147,0.02199999988079071
560,60,5,-0.31499999999999995,1.335,0,nan,147,0.0,147,0.02199999988079071
561,61,5,-0.345,1.335,0,nan,147,0.0,147,0.02199999988079071
562,62,5,-0.375,1.335,0,nan,147,0.0,147,0.02199999988079071
563,63,5,-0.405,1.335,0,nan,147,0.0,147,0.02199999988079071
564,64,5,-0.43499999999999983,1.335,0,nan,147,0.0,147,0.02199999988079071
565,65,5,-0.46499999999999986,1.335,0,nan,147,0.0,147,0.02199999988079071
566,66,5,-0.4949999999999999,1.335,0,nan,147,0.0,147,0.02199999988079071
567,67,5,-0.5249999999999999,1.335,0,nan,147,0.0,147,0.02199999988079071
568,68,5,-0.5549999999999997,1.335,0,nan,147,0.0,147,0.02199999988079071
569,69,5,-0.585,1.335,0,nan,147,0.0,147,0.02199999988079071
570,70,5,-0.6149999999999998,1.335,0,nan,147,0.0,147,0.02199999988079071
571,71,5,-0.645,1.335,0,nan,147,0.0,147,0.02199999988079071
572,72,5,-0.6749999999999998,1.335,0,nan,147,0.0,147,0.02199999988079071
573,73,5,-0.7050000000000001,1.335,0,nan,147,0.0,147,0.02199999988079071
574,74,5,-0.7349999999999999,1.335,0,nan,147,0.0,147,0.02199999988079071
575,75,5,-0.7650000000000001,1.335,0,nan,147,0.0,147,0.02199999988079071
576,76,5,-0.7949999999999999,1.335,0,nan,147,0.0,147,0.02199999988079071
577,77,5,-0.8249999999999997,1.335,0,nan,147,0.0,147,0.02199999988079071
578,78,5,-0.855,1.335,0,nan,147,0.0,147,0.02199999988079071
579,79,5,-0.8849999999999998,1.335,0,nan,147,0.0,147,0.02199999988079071
580,80,5,-0.915,1.335,0,nan,147,0.0,147,0.02199999988079071
581,81,5,-0.9449999999999998,1.335,0,nan,147,0.0,147,0.02199999988079071
582,82,5,-0.9750000000000001,1.335,0,nan,147,0.0,147,0.02199999988079071
583,83,5,-1.005,1.335,0,nan,147,0.0,147,0.02199999988079071
584,84,5,-1.0349999999999997,1.335,0,nan,147,0.0,147,0.02199999988079071
585,85,5,-1.065,1.335,0,nan,147,0.0,147,0.02199999988079071
586,86,5,-1.0949999999999998,1.335,0,nan,147,0.0,147,0.02199999988079071
587,87,5,-1.125,1.335,0,nan,147,0.0,147,0.02199999988079071
588,88,5,-1.1549999999999998,1.335,0,nan,147,0.0,147,0.02199999988079071
589,89,5,-1.185,1.335,0,nan,147,0.0,147,0.02199999988079071
590,90,5,-1.2149999999999999,1.335,0,nan,147,0.0,147,0.02199999988079071
591,91,5,-1.245,1.335,0,nan,147,0.0,147,0.02199999988079071
592,92,5,-1.275,1.335,0,nan,147,0.0,147,0.02199999988079071
593,93,5,-1.3049999999999997,1.335,0,nan,147,0.0,147,0.02199999988079071
594,94,5,-1.335,1.335,0,nan,147,0.0,147,0.02199999988079071
595,95,5,-1.3649999999999998,1.335,0,nan,147,0.0,147,0.02199999988079071
596,96,5,-1.395,1.335,0,nan,147,0.0,147,0.02199999988079071
597,97,5,-1.4249999999999998,1.335,0,nan,147,0.0,147,0.0
598,98,5,-1.455,1.335,0,nan,147,0.0,147,0.0
599,99,5,-1.4849999999999999,1.335,0,nan,147,0.0,147,0.0
600,0,6,1.485,1.305,0,nan,147,0.0,147,0.0
601,1,6,1.455,1.305,0,nan,147,0.0,147,0.0
602,2,6,1.425,1.305,0,nan,147,0.0,147,0.0
603,3,6,1.395,1.305,0,nan,147,0.0,147,0.02199999988079071
604,4,6,1.365,1.305,0,nan,147,0.0,147,0.02199999988079071
605,5,6,1.335,1.305,0,nan,147,0.0,147,0.02199999988079071
606,6,6,1.305,1.305,0,nan,147,0.0,147,0.02199999988079071
607,7,6,1.275,1.305,0,nan,147,0.0,147,0.02199999988079071
608,8,6,1.245,1.305,0,nan,147,0.0,147,0.02199999988079071
609,9,6,1.215,1.305,0,nan,147,0.0,147,0.02199999988079071
610,10,6,1.185,1.305,0,nan,147,0.0,147,0.02199999988079071
611,11,6,1.155,1.305,0,nan,147,0.0,147,0.02199999988079071
612,12,6,1.125,1.305,0,nan,147,0.0,147,0.02199999988079071
613,13,6,1.095,1.305,0,nan,147,0.0,147,0.02199999988079071
614,14,6,1.065,1.305,0,nan,147,0.0,147,0.02199999988079071
615,15,6,1.0350000000000001,1.305,0,nan,147,0.0,147,0.02199999988079071
616,16,6,1.005,1.305,0,nan,147,0.0,147,0.02199999988079071
617,17,6,0.975,1.305,0,nan,147,0.0,147,0.02199999988079071
618,18,6,0.9450000000000001,1.305,0,nan,147,0.0,147,0.02199999988079071
619,19,6,0.915,1.305,0,nan,147,0.0,147,0.02199999988079071
620,20,6,0.885,1.305,0,nan,147,0.0,147,0.02199999988079071
621,21,6,0.855,1.305,0,nan,147,0.0,147,0.02199999988079071
622,22,6,0.8250000000000001,1.305,0,nan,147,0.0,147,0.02199999988079071
623,23,6,0.795,1.305,0,nan,147,0.0,147,0.02199999988079071
624,24,6,0.765,1.305,0,nan,147,0.0,147,0.02199999988079071
625,25,6,0.735,1.305,0,nan,147,0.0,147,0.02199999988079071
626,26,6,0.7050000000000001,1.305,0,nan,147,0.0,147,0.02199999988079071
627,27,6,0.675,1.305,0,nan,147,0.0,147,0.02199999988079071
628,28,6,0.645,1.305,0,nan,147,0.0,147,0.02199999988079071
629,29,6,0.615,1.305,0,nan,147,0.0,147,0.02199999988079071
630,30,6,0.5850000000000001,1.305,0,nan,147,0.0,147,0.02199999988079071
631,31,6,0.555,1.305,0,nan,147,0.0,147,0.02199999988079071
632,32,6,0.525,1.305,0,nan,147,0.0,147,0.02199999988079071
633,33,6,0.4950000000000001,1.305,0,nan,147,0.0,147,0.02199999988079071
634,34,6,0.4650000000000001,1.305,0,nan,147,0.0,147,0.02199999988079071
635,35,6,0.43500000000000005,1.305,0,nan,147,0.0,147,0.02199999988079071
636,36,6,0.405,1.305,0,nan,147,0.0,147,0.02199999988079071
637,37,6,0.375,1.305,0,nan,147,0.0,147,0.02199999988079071
638,38,6,0.345,1.305,0,nan,147,0.0,147,0.02199999988079071
639,39,6,0.31499999999999995,1.305,0,nan,147,0.0,147,0.02199999988079071
640,40,6,0.28500000000000014,1.305,0,nan,147,0.0,147,0.02199999988079071
641,41,6,0.2550000000000001,1.305,0,nan,147,0.0,147,0.02199999988079071
642,42,6,0.2250000000000001,1.305,0,nan,147,0.0,147,0.02199999988079071
643,43,6,0.19500000000000006,1.305,0,nan,147,0.0,147,0.02199999988079071
644,44,6,0.16500000000000004,1.305,0,nan,147,0.0,147,0.02199999988079071
645,45,6,0.135,1.305,0,nan,147,0.0,147,0.02199999988079071
646,46,6,0.10499999999999998,1.305,0,nan,147,0.0,147,0.02199999988079071
647,47,6,0.07499999999999996,1.305,0,nan,147,0.0,147,0.02199999988079071
648,48,6,0.04500000000000015,1.305,0,nan,147,0.0,147,0.02199999988079071
649,49,6,0.015000000000000124,1.305,0,nan,147,0.0,147,0.02199999988079071
650,50,6,-0.014999999999999902,1.305,0,nan,147,0.0,147,0.02199999988079071
651,51,6,-0.04499999999999993,1.305,0,nan,147,0.0,147,0.02199999988079071
652,52,6,-0.07499999999999996,1.305,0,nan,147,0.0,147,0.02199999988079071
653,53,6,-0.10499999999999998,1.305,0,nan,147,0.0,147,0.02199999988079071
654,54,6,-0.135,1.305,0,nan,147,0.0,147,0.02199999988079071
655,55,6,-0.16500000000000004,1.305,0,nan,147,0.0,147,0.02199999988079071
656,56,6,-0.19499999999999984,1.305,0,nan,147,0.0,147,0.02199999988079071
657,57,6,-0.22499999999999987,1.305,0,nan,147,0.0,147,0.02199999988079071
658,58,6,-0.2549999999999999,1.305,0,nan,147,0.0,147,0.02199999988079071
659,59,6,-0.2849999999999999,1.305,0,nan,147,0.0,147,0.02199999988079071
660,60,6,-0.31499999999999995,1.305,0,nan,147,0.0,147,0.02199999988079071
661,61,6,-0.345,1.305,0,nan,147,0.0,147,0.02199999988079071
662,62,6,-0.375,1.305,0,nan,147,0.0,147,0.02199999988079071
663,63,6,-0.405,1.305,0,nan,147,0.0,147,0.02199999988079071
664,64,6,-0.43499999999999983,1.305,0,nan,147,0.0,147,0.02199999988079071
665,65,6,-0.46499999999999986,1.305,0,nan,147,0.0,147,0.02199999988079071
666,66,6,-0.4949999999999999,1.305,0,nan,147,0.0,147,0.02199999988079071
667,67,6,-0.5249999999999999,1.305,0,nan,147,0.0,147,0.02199999988079071
668,68,6,-0.5549999999999997,1.305,0,nan,147,0.0,147,0.02199999988079071
669,69,6,-0.585,1.305,0,nan,147,0.0,147,0.02199999988079071
670,70,6,-0.6149999999999998,1.305,0,nan,147,0.0,147,0.02199999988079071
671,71,6,-0.645,1.305,0,nan,147,0.0,147,0.02199999988079071
672,72,6,-0.6749999999999998,1.305,0,nan,147,0.0,147,0.02199999988079071
673,73,6,-0.7050000000000001,1.305,0,nan,147,0.0,147,0.02199999988079071
674,74,6,-0.7349999999999999,1.305,0,nan,147,0.0,147,0.02199999988079071
675,75,6,-0.7650000000000001,1.305,0,nan,147,0.0,147,0.02199999988079071
676,76,6,-0.7949999999999999,1.305,0,nan,147,0.0,147,0.02199999988079071
677,77,6,-0.8249999999999997,1.305,0,nan,147,0.0,147,0.02199999988079071
678,78,6,-0.855,1.305,0,nan,147,0.0,147,0.02199999988079071
679,79,6,-0.8849999999999998,1.305,0,nan,147,0.0,147,0.02199999988079071
680,80,6,-0.915,1.305,0,nan,147,0.0,147,0.02199999988079071
681,81,6,-0.9449999999999998,1.305,0,nan,147,0.0,147,0.02199999988079071
682,82,6,-0.9750000000000001,1.305,0,nan,147,0.0,147,0.02199999988079071
683,83,6,-1.005,1.305,0,nan,147,0.0,147,0.02199999988079071
684,84,6,-1.0349999999999997,1.305,0,nan,147,0.0,147,0.02199999988079071
685,85,6,-1.065,1.305,0,nan,147,0.0,147,0.02199999988079071
686,86,6,-1.0949999999999998,1.305,0,nan,147,0.0,147,0.02199999988079071
687,87,6,-1.125,1.305,0,nan,147,0.0,147,0.02199999988079071
688,88,6,-1.1549999999999998,1.305,0,nan,147,0.0,147,0.02199999988079071
689,89,6,-1.185,1.305,0,nan,147,0.0,147,0.02199999988079071
690,90,6,-1.2149999999999999,1.305,0,nan,147,0.0,147,0.02199999988079071
691,91,6,-1.245,1.305,0,nan,147,0.0,147,0.02199999988079071
692,92,6,-1.275,1.305,0,nan,147,0.0,147,0.02199999988079071
693,93,6,-1.3049999999999997,1.305,0,nan,147,0.0,147,0.02199999988079071
694,94,6,-1.335,1.305,0,nan,147,0.0,147,0.02199999988079071
695,95,6,-1.3649999999999998,1.305,0,nan,147,0.0,147,0.02199999988079071
696,96,6,-1.395,1.305,0,nan,147,0.0,147,0.02199999988079071
697,97,6,-1.4249999999999998,1.305,0,nan,147,0.0,147,0.0
698,98,6,-1.455,1.305,0,nan,147,0.0,147,0.0
699,99,6,-1.4849999999999999,1.305,0,nan,147,0.0,147,0.0
700,0,7,1.485,1.275,0,nan,147,0.0,147,0.0
701,1,7,1.455,1.275,0,nan,147,0.0,147,0.0
702,2,7,1.425,1.275,0,nan,147,0.0,147,0.0
703,3,7,1.395,1.275,0,nan,147,0.0,147,0.02199999988079071
704,4,7,1.365,1.275,0,nan,147,0.0,147,0.02199999988079071
705,5,7,1.335,1.275,0,nan,147,0.0,147,0.02199999988079071
706,6,7,1.305,1.275,0,nan,147,0.0,147,0.02199999988079071
707,7,7,1.275,1.275,0,nan,147,0.0,147,0.02199999988079071
708,8,7,1.245,1.275,0,nan,147,0.0,147,0.02199999988079071
709,9,7,1.215,1.275,0,nan,147,0.0,147,0.02199999988079071
710,10,7,1.185,1.275,0,nan,147,0.0,147,0.02199999988079071
711,11,7,1.155,1.275,0,nan,147,0.0,147,0.02199999988079071
712,12,7,1.125,1.275,0,nan,147,0.0,147,0.02199999988079071
713,13,7,1.095,1.275,0,nan,147,0.0,147,0.02199999988079071
714,14,7,1.065,1.275,0,nan,147,0.0,147,0.02199999988079071
715,15,7,1.0350000000000001,1.275,0,nan,147,0.0,147,0.02199999988079071
716,16,7,1.005,1.275,0,nan,147,0.0,147,0.02199999988079071
717,17,7,0.975,1.275,0,nan,147,0.0,147,0.02199999988079071
718,18,7,0.9450000000000001,1.275,0,nan,147,0.0,147,0.02199999988079071
719,19,7,0.915,1.275,0,nan,147,0.0,147,0.02199999988079071
720,20,7,0.885,1.275,0,nan,147,0.0,147,0.02199999988079071
721,21,7,0.855,1.275,0,nan,147,0.0,147,0.02199999988079071
722,22,7,0.8250000000000001,1.275,0,nan,147,0.0,147,0.02199999988079071
723,23,7,0.795,1.275,0,nan,147,0.0,147,0.02199999988079071
724,24,7,0.765,1.275,0,nan,147,0.0,147,0.02199999988079071
725,25,7,0.735,1.275,0,nan,147,0.0,147,0.02199999988079071
726,26,7,0.7050000000000001,1.275,0,nan,147,0.0,147,0.02199999988079071
727,27,7,0.675,1.275,0,nan,147,0.0,147,0.02199999988079071
728,28,7,0.645,1.275,0,nan,147,0.0,147,0.02199999988079071
729,29,7,0.615,1.275,0,nan,147,0.0,147,0.02199999988079071
730,30,7,0.5850000000000001,1.275,0,nan,147,0.0,147,0.02199999988079071
731,31,7,0.555,1.275,0,nan,147,0.0,147,0.02199999988079071
732,32,7,0.525,1.275,0,nan,147,0.0,147,0.02199999988079071
733,33,7,0.4950000000000001,1.275,0,nan,147,0.0,147,0.02199999988079071
734,34,7,0.4650000000000001,1.275,0,nan,147,0.0,147,0.02199999988079071
735,35,7,0.43500000000000005,1.275,0,nan,147,0.0,147,0.02199999988079071
736,36,7,0.405,1.275,0,nan,147,0.0,147,0.02199999988079071
737,37,7,0.375,1.275,0,nan,147,0.0,147,0.02199999988079071
738,38,7,0.345,1.275,0,nan,147,0.0,147,0.02199999988079071
739,39,7,0.31499999999999995,1.275,0,nan,147,0.0,147,0.02199999988079071
740,40,7,0.28500000000000014,1.275,0,nan,147,0.0,147,0.02199999988079071
741,41,7,0.2550000000000001,1.275,0,nan,147,0.0,147,0.02199999988079071
742,42,7,0.2250000000000001,1.275,0,nan,147,0.0,147,0.02199999988079071
743,43,7,0.19500000000000006,1.275,0,nan,147,0.0,147,0.02199999988079071
744,44,7,0.16500000000000004,1.275,0,nan,147,0.0,147,0.02199999988079071
745,45,7,0.135,1.275,0,nan,147,0.0,147,0.02199999988079071
746,46,7,0.10499999999999998,1.275,0,nan,147,0.0,147,0.02199999988079071
747,47,7,0.07499999999999996,1.275,0,nan,147,0.0,147,0.02199999988079071
748,48,7,0.04500000000000015,1.275,0,nan,147,0.0,147,0.02199999988079071
749,49,7,0.015000000000000124,1.275,0,nan,147,0.0,147,0.02199999988079071
750,50,7,-0.014999999999999902,1.275,0,nan,147,0.0,147,0.02199999988079071
751,51,7,-0.04499999999999993,1.275,0,nan,147,0.0,147,0.02199999988079071
752,52,7,-0.07499999999999996,1.275,0,nan,147,0.0,147,0.02199999988079071
753,53,7,-0.10499999999999998,1.275,0,nan,147,0.0,147,0.02199999988079071
754,54,7,-0.135,1.275,0,nan,147,0.0,147,0.02199999988079071
755,55,7,-0.16500000000000004,1.275,0,nan,147,0.0,147,0.02199999988079071
756,56,7,-0.19499999999999984,1.275,0,nan,147,0.0,147,0.02199999988079071
757,57,7,-0.22499999999999987,1.275,0,nan,147,0.0,147,0.02199999988079071
758,58,7,-0.2549999999999999,1.275,0,nan,147,0.0,147,0.02199999988079071
759,59,7,-0.2849999999999999,1.275,0,nan,147,0.0,147,0.02199999988079071
760,60,7,-0.31499999999999995,1.275,0,nan,147,0.0,147,0.02199999988079071
761,61,7,-0.345,1.275,0,nan,147,0.0,147,0.02199999988079071
762,62,7,-0.375,1.275,0,nan,147,0.0,147,0.02199999988079071
763,63,7,-0.405,1.275,0,nan,147,0.0,147,0.02199999988079071
764,64,7,-0.43499999999999983,1.275,0,nan,147,0.0,147,0.02199999988079071
765,65,7,-0.46499999999999986,1.275,0,nan,147,0.0,147,0.02199999988079071
766,66,7,-0.4949999999999999,1.275,0,nan,147,0.0,147,0.02199999988079071
767,67,7,-0.5249999999999999,1.275,0,nan,147,0.0,147,0.02199999988079071
768,68,7,-0.5549999999999997,1.275,0,nan,147,0.0,147,0.02199999988079071
769,69,7,-0.585,1.275,0,nan,147,0.0,147,0.02199999988079071
770,70,7,-0.6149999999999998,1.275,0,nan,147,0.0,147,0.02199999988079071
771,71,7,-0.645,1.275,0,nan,147,0.0,147,0.02199999988079071
772,72,7,-0.6749999999999998,1.275,0,nan,147,0.0,147,0.02199999988079071
773,73,7,-0.7050000000000001,1.275,0,nan,147,0.0,147,0.02199999988079071
774,74,7,-0.7349999999999999,1.275,0,nan,147,0.0,147,0.02199999988079071
775,75,7,-0.7650000000000001,1.275,0,nan,147,0.0,147,0.02199999988079071
776,76,7,-0.7949999999999999,1.275,0,nan,147,0.0,147,0.02199999988079071
777,77,7,-0.8249999999999997,1.275,0,nan,147,0.0,147,0.02199999988079071
778,78,7,-0.855,1.275,0,nan,147,0.0,147,0.02199999988079071
779,79,7,-0.8849999999999998,1.275,0,nan,147,0.0,147,0.02199999988079071
780,80,7,-0.915,1.275,0,nan,147,0.0,147,0.02199999988079071
781,81,7,-0.9449999999999998,1.275,0,nan,147,0.0,147,0.02199999988079071
782,82,7,-0.9750000000000001,1.275,0,nan,147,0.0,147,0.02199999988079071
783,83,7,-1.005,1.275,0,nan,147,0.0,147,0.02199999988079071
784,84,7,-1.0349999999999997,1.275,0,nan,147,0.0,147,0.02199999988079071
785,85,7,-1.065,1.275,0,nan,147,0.0,147,0.02199999988079071
786,86,7,-1.0949999999999998,1.275,0,nan,147,0.0,147,0.02199999988079071
787,87,7,-1.125,1.275,0,nan,147,0.0,147,0.02199999988079071
788,88,7,-1.1549999999999998,1.275,0,nan,147,0.0,147,0.02199999988079071
789,89,7,-1.185,1.275,0,nan,147,0.0,147,0.02199999988079071
790,90,7,-1.2149999999999999,1.275,0,nan,147,0.0,147,0.02199999988079071
791,91,7,-1.245,1.275,0,nan,147,0.0,147,0.02199999988079071
792,92,7,-1.275,1.275,0,nan,147,0.0,147,0.02199999988079071
793,93,7,-1.3049999999999997,1.275,0,nan,147,0.0,147,0.02199999988079071
794,94,7,-1.335,1.275,0,nan,147,0.0,147,0.02199999988079071
795,95,7,-1.3649999999999998,1.275,0,nan,147,0.0,147,0.02199999988079071
796,96,7,-1.395,1.275,0,nan,147,0.0,147,0.02199999988079071
797,97,7,-1.4249999999999998,1.275,0,nan,147,0.0,147,0.0
798,98,7,-1.455,1.275,0,nan,147,0.0,147,0.0
799,99,7,-1.4849999999999999,1.275,0,nan,147,0.0,147,0.0
800,0,8,1.485,1.245,0,nan,147,0.0,147,0.0
801,1,8,1.455,1.245,0,nan,147,0.0,147,0.0
802,2,8,1.425,1.245,0,nan,147,0.0,147,0.0
803,3,8,1.395,1.245,0,nan,147,0.0,147,0.02199999988079071
804,4,8,1.365,1.245,0,nan,147,0.0,147,0.02199999988079071
805,5,8,1.335,1.245,0,nan,147,0.0,147,0.02199999988079071
806,6,8,1.305,1.245,0,nan,147,0.0,147,0.02199999988079071
807,7,8,1.275,1.245,0,nan,147,0.0,147,0.02199999988079071
808,8,8,1.245,1.245,0,nan,147,0.0,147,0.02199999988079071
809,9,8,1.215,1.245,0,nan,147,0.0,147,0.02199999988079071
810,10,8,1.185,1.245,0,nan,147,0.0,147,0.02199999988079071
811,11,8,1.155,1.245,0,nan,147,0.0,147,0.02199999988079071
812,12,8,1.125,1.245,0,nan,147,0.0,147,0.02199999988079071
813,13,8,1.095,1.245,0,nan,147,0.0,147,0.02199999988079071
814,14,8,1.065,1.245,0,nan,147,0.0,147,0.02199999988079071
815,15,8,1.0350000000000001,1.245,0,nan,147,0.0,147,0.02199999988079071
816,16,8,1.005,1.245,0,nan,147,0.0,147,0.02199999988079071
817,17,8,0.975,1.245,0,nan,147,0.0,147,0.02199999988079071
818,18,8,0.9450000000000001,1.245,0,nan,147,0.0,147,0.02199999988079071
819,19,8,0.915,1.245,0,nan,147,0.0,147,0.02199999988079071
820,20,8,0.885,1.245,0,nan,147,0.0,147,0.02199999988079071
821,21,8,0.855,1.245,0,nan,147,0.0,147,0.02199999988079071
822,22,8,0.8250000000000001,1.245,0,nan,147,0.0,147,0.02199999988079071
823,23,8,0.795,1.245,0,nan,147,0.0,147,0.02199999988079071
824,24,8,0.765,1.245,0,nan,147,0.0,147,0.02199999988079071
825,25,8,0.735,1.245,0,nan,147,0.0,147,0.02199999988079071
826,26,8,0.7050000000000001,1.245,0,nan,147,0.0,147,0.02199999988079071
827,27,8,0.675,1.245,0,nan,147,0.0,147,0.02199999988079071
828,28,8,0.645,1.245,0,nan,147,0.0,147,0.02199999988079071
829,29,8,0.615,1.245,0,nan,147,0.0,147,0.02199999988079071
830,30,8,0.5850000000000001,1.245,0,nan,147,0.0,147,0.02199999988079071
831,31,8,0.555,1.245,0,nan,147,0.0,147,0.02199999988079071
832,32,8,0.525,1.245,0,nan,147,0.0,147,0.02199999988079071
833,33,8,0.4950000000000001,1.245,0,nan,147,0.0,147,0.02199999988079071
834,34,8,0.4650000000000001,1.245,0,nan,147,0.0,147,0.02199999988079071
835,35,8,0.43500000000000005,1.245,0,nan,147,0.0,147,0.02199999988079071
836,36,8,0.405,1.245,0,nan,147,0.0,147,0.02199999988079071
837,37,8,0.375,1.245,0,nan,147,0.0,147,0.02199999988079071
838,38,8,0.345,1.245,0,nan,147,0.0,147,0.02199999988079071
839,39,8,0.31499999999999995,1.245,0,nan,147,0.0,147,0.02199999988079071
840,40,8,0.28500000000000014,1.245,0,nan,147,0.0,147,0.02199999988079071
841,41,8,0.2550000000000001,1.245,0,nan,147,0.0,147,0.02199999988079071
842,42,8,0.2250000000000001,1.245,0,nan,147,0.0,147,0.02199999988079071
843,43,8,0.19500000000000006,1.245,0,nan,147,0.0,147,0.02199999988079071
844,44,8,0.16500000000000004,1.245,0,nan,147,0.0,147,0.02199999988079071
845,45,8,0.135,1.245,0,nan,147,0.0,147,0.02199999988079071
846,46,8,0.10499999999999998,1.245,0,nan,147,0.0,147,0.02199999988079071
847,47,8,0.07499999999999996,1.245,0,nan,147,0.0,147,0.02199999988079071
848,48,8,0.04500000000000015,1.245,0,nan,147,0.0,147,0.02199999988079071
849,49,8,0.015000000000000124,1.245,0,nan,147,0.0,147,0.02199999988079071
850,50,8,-0.014999999999999902,1.245,0,nan,147,0.0,147,0.02199999988079071
851,51,8,-0.04499999999999993,1.245,0,nan,147,0.0,147,0.02199999988079071
852,52,8,-0.07499999999999996,1.245,0,nan,147,0.0,147,0.02199999988079071
853,53,8,-0.10499999999999998,1.245,0,nan,147,0.0,147,0.02199999988079071
854,54,8,-0.135,1.245,0,nan,147,0.0,147,0.02199999988079071
855,55,8,-0.16500000000000004,1.245,0,nan,147,0.0,147,0.02199999988079071
856,56,8,-0.19499999999999984,1.245,0,nan,147,0.0,147,0.02199999988079071
857,57,8,-0.22499999999999987,1.245,0,nan,147,0.0,147,0.02199999988079071
858,58,8,-0.2549999999999999,1.245,0,nan,147,0.0,147,0.02199999988079071
859,59,8,-0.2849999999999999,1.245,0,nan,147,0.0,147,0.02199999988079071
860,60,8,-0.31499999999999995,1.245,0,nan,147,0.0,147,0.02199999988079071
861,61,8,-0.345,1.245,0,nan,147,0.0,147,0.02199999988079071
862,62,8,-0.375,1.245,0,nan,147,0.0,147,0.02199999988079071
863,63,8,-0.405,1.245,0,nan,147,0.0,147,0.02199999988079071
864,64,8,-0.43499999999999983,1.245,0,nan,147,0.0,147,0.02199999988079071
865,65,8,-0.46499999999999986,1.245,0,nan,147,0.0,147,0.02199999988079071
866,66,8,-0.4949999999999999,1.245,0,nan,147,0.0,147,0.02199999988079071
867,67,8,-0.5249999999999999,1.245,0,nan,147,0.0,147,0.02199999988079071
868,68,8,-0.5549999999999997,1.245,0,nan,147,0.0,147,0.02199999988079071
869,69,8,-0.585,1.245,0,nan,147,0.0,147,0.02199999988079071
870,70,8,-0.6149999999999998,1.245,0,nan,147,0.0,147,0.02199999988079071
871,71,8,-0.645,1.245,0,nan,147,0.0,147,0.02199999988079071
872,72,8,-0.6749999999999998,1.245,0,nan,147,0.0,147,0.02199999988079071
873,73,8,-0.7050000000000001,1.245,0,nan,147,0.0,147,0.02199999988079071
874,74,8,-0.7349999999999999,1.245,0,nan,147,0.0,147,0.02199999988079071
875,75,8,-0.7650000000000001,1.245,0,nan,147,0.0,147,0.02199999988079071
876,76,8,-0.7949999999999999,1.245,0,nan,147,0.0,147,0.02199999988079071
877,77,8,-0.8249999999999997,1.245,0,nan,147,0.0,147,0.02199999988079071
878,78,8,-0.855,1.245,0,nan,147,0.0,147,0.02199999988079071
879,79,8,-0.8849999999999998,1.245,0,nan,147,0.0,147,0.02199999988079071
880,80,8,-0.915,1.245,0,nan,147,0.0,147,0.02199999988079071
881,81,8,-0.9449999999999998,1.245,0,nan,147,0.0,147,0.02199999988079071
882,82,8,-0.9750000000000001,1.245,0,nan,147,0.0,147,0.02199999988079071
883,83,8,-1.005,1.245,0,nan,147,0.0,147,0.02199999988079071
884,84,8,-1.0349999999999997,1.245,0,nan,147,0.0,147,0.02199999988079071
885,85,8,-1.065,1.245,0,nan,147,0.0,147,0.02199999988079071
886,86,8,-1.0949999999999998,1.245,0,nan,147,0.0,147,0.02199999988079071
887,87,8,-1.125,1.245,0,nan,147,0.0,147,0.02199999988079071
888,88,8,-1.1549999999999998,1.245,0,nan,147,0.0,147,0.02199999988079071
889,89,8,-1.185,1.245,0,nan,147,0.0,147,0.02199999988079071
890,90,8,-1.2149999999999999,1.245,0,nan,147,0.0,147,0.02199999988079071
891,91,8,-1.245,1.245,0,nan,147,0.0,147,0.02199999988079071
892,92,8,-1.275,1.245,0,nan,147,0.0,147,0.02199999988079071
893,93,8,-1.3049999999999997,1.245,0,nan,147,0.0,147,0.02199999988079071
894,94,8,-1.335,1.245,0,nan,147,0.0,147,0.02199999988079071
895,95,8,-1.3649999999999998,1.245,0,nan,147,0.0,147,0.02199999988079071
896,96,8,-1.395,1.245,0,nan,147,0.0,147,0.02199999988079071
897,97,8,-1.4249999999999998,1.245,0,nan,147,0.0,147,0.0
898,98,8,-1.455,1.245,0,nan,147,0.0,147,0.0
899,99,8,-1.4849999999999999,1.245,0,nan,147,0.0,147,0.0
900,0,9,1.485,1.215,0,nan,147,0.0,147,0.0
901,1,9,1.455,1.215,0,nan,147,0.0,147,0.0
902,2,9,1.425,1.215,0,nan,147,0.0,147,0.0
903,3,9,1.395,1.215,0,nan,147,0.0,147,0.02199999988079071
904,4,9,1.365,1.215,0,nan,147,0.0,147,0.02199999988079071
905,5,9,1.335,1.215,0,nan,147,0.0,147,0.02199999988079071
906,6,9,1.305,1.215,0,nan,147,0.0,147,0.02199999988079071
907,7,9,1.275,1.215,0,nan,147,0.0,147,0.02199999988079071
908,8,9,1.245,1.215,0,nan,147,0.0,147,0.02199999988079071
909,9,9,1.215,1.215,0,nan,147,0.0,147,0.02199999988079071
910,10,9,1.185,1.215,0,nan,147,0.0,147,0.02199999988079071
911,11,9,1.155,1.215,0,nan,147,0.0,147,0.02199999988079071
912,12,9,1.125,1.215,0,nan,147,0.0,147,0.02199999988079071
913,13,9,1.095,1.215,0,nan,147,0.0,147,0.02199999988079071
914,14,9,1.065,1.215,0,nan,147,0.0,147,0.02199999988079071
915,15,9,1.0350000000000001,1.215,0,nan,147,0.0,147,0.02199999988079071
916,16,9,1.005,1.215,0,nan,147,0.0,147,0.02199999988079071
917,17,9,0.975,1.215,0,nan,147,0.0,147,0.02199999988079071
918,18,9,0.9450000000000001,1.215,0,nan,147,0.0,147,0.02199999988079071
919,19,9,0.915,1.215,0,nan,147,0.0,147,0.02199999988079071
920,20,9,0.885,1.215,0,nan,147,0.0,147,0.02199999988079071
921,21,9,0.855,1.215,0,nan,147,0.0,147,0.02199999988079071
922,22,9,0.8250000000000001,1.215,0,nan,147,0.0,147,0.02199999988079071
923,23,9,0.795,1.215,0,nan,147,0.0,147,0.02199999988079071
924,24,9,0.765,1.215,0,nan,147,0.0,147,0.02199999988079071
925,25,9,0.735,1.215,0,nan,147,0.0,147,0.02199999988079071
926,26,9,0.7050000000000001,1.215,0,nan,147,0.0,147,0.02199999988079071
927,27,9,0.675,1.215,0,nan,147,0.0,147,0.02199999988079071
928,28,9,0.645,1.215,0,nan,147,0.0,147,0.02199999988079071
929,29,9,0.615,1.215,0,nan,147,0.0,147,0.02199999988079071
930,30,9,0.5850000000000001,1.215,0,nan,147,0.0,147,0.02199999988079071
931,31,9,0.555,1.215,0,nan,147,0.0,147,0.02199999988079071
932,32,9,0.525,1.215,0,nan,147,0.0,147,0.02199999988079071
933,33,9,0.4950000000000001,1.215,0,nan,147,0.0,147,0.02199999988079071
934,34,9,0.4650000000000001,1.215,0,nan,147,0.0,147,0.02199999988079071
935,35,9,0.43500000000000005,1.215,0,nan,147,0.0,147,0.02199999988079071
936,36,9,0.405,1.215,0,nan,147,0.0,147,0.02199999988079071
937,37,9,0.375,1.215,0,nan,147,0.0,147,0.02199999988079071
938,38,9,0.345,1.215,0,nan,147,0.0,147,0.02199999988079071
939,39,9,0.31499999999999995,1.215,0,nan,147,0.0,147,0.02199999988079071
940,40,9,0.28500000000000014,1.215,0,nan,147,0.0,147,0.02199999988079071
941,41,9,0.2550000000000001,1.215,0,nan,147,0.0,147,0.02199999988079071
942,42,9,0.2250000000000001,1.215,0,nan,147,0.0,147,0.02199999988079071
943,43,9,0.19500000000000006,1.215,0,nan,147,0.0,147,0.02199999988079071
944,44,9,0.16500000000000004,1.215,0,nan,147,0.0,147,0.02199999988079071
945,45,9,0.135,1.215,0,nan,147,0.0,147,0.02199999988079071
946,46,9,0.10499999999999998,1.215,0,nan,147,0.0,147,0.02199999988079071
947,47,9,0.07499999999999996,1.215,0,nan,147,0.0,147,0.02199999988079071
948,48,9,0.04500000000000015,1.215,0,nan,147,0.0,147,0.02199999988079071
949,49,9,0.015000000000000124,1.215,0,nan,147,0.0,147,0.02199999988079071
950,50,9,-0.014999999999999902,1.215,0,nan,147,0.0,147,0.02199999988079071
951,51,9,-0.04499999999999993,1.215,0,nan,147,0.0,147,0.02199999988079071
952,52,9,-0.07499999999999996,1.215,0,nan,147,0.0,147,0.02199999988079071
953,53,9,-0.10499999999999998,1.215,0,nan,147,0.0,147,0.02199999988079071
954,54,9,-0.135,1.215,0,nan,147,0.0,147,0.02199999988079071
955,55,9,-0.16500000000000004,1.215,0,nan,147,0.0,147,0.02199999988079071
956,56,9,-0.19499999999999984,1.215,0,nan,147,0.0,147,0.02199999988079071
957,57,9,-0.22499999999999987,1.215,0,nan,147,0.0,147,0.02199999988079071
958,58,9,-0.2549999999999999,1.215,0,nan,147,0.0,147,0.02199999988079071
959,59,9,-0.2849999999999999,1.215,0,nan,147,0.0,147,0.02199999988079071
960,60,9,-0.31499999999999995,1.215,0,nan,147,0.0,147,0.02199999988079071
961,61,9,-0.345,1.215,0,nan,147,0.0,147,0.02199999988079071
962,62,9,-0.375,1.215,0,nan,147,0.0,147,0.02199999988079071
963,63,9,-0.405,1.215,0,nan,147,0.0,147,0.02199999988079071
964,64,9,-0.43499999999999983,1.215,0,nan,147,0.0,147,0.02199999988079071
965,65,9,-0.46499999999999986,1.215,0,nan,147,0.0,147,0.02199999988079071
966,66,9,-0.4949999999999999,1.215,0,nan,147,0.0,147,0.02199999988079071
967,67,9,-0.5249999999999999,1.215,0,nan,147,0.0,147,0.02199999988079071
968,68,9,-0.5549999999999997,1.215,0,nan,147,0.0,147,0.02199999988079071
969,69,9,-0.585,1.215,0,nan,147,0.0,147,0.02199999988079071
970,70,9,-0.6149999999999998,1.215,0,nan,147,0.0,147,0.02199999988079071
971,71,9,-0.645,1.215,0,nan,147,0.0,147,0.02199999988079071
972,72,9,-0.6749999999999998,1.215,0,nan,147,0.0,147,0.02199999988079071
973,73,9,-0.7050000000000001,1.215,0,nan,147,0.0,147,0.02199999988079071
974,74,9,-0.7349999999999999,1.215,0,nan,147,0.0,147,0.02199999988079071
975,75,9,-0.7650000000000001,1.215,0,nan,147,0.0,147,0.02199999988079071
976,76,9,-0.7949999999999999,1.215,0,nan,147,0.0,147,0.02199999988079071
977,77,9,-0.8249999999999997,1.215,0,nan,147,0.0,147,0.02199999988079071
978,78,9,-0.855,1.215,0,nan,147,0.0,147,0.02199999988079071
979,79,9,-0.8849999999999998,1.215,0,nan,147,0.0,147,0.02199999988079071
980,80,9,-0.915,1.215,0,nan,147,0.0,147,0.02199999988079071
981,81,9,-0.9449999999999998,1.215,0,nan,147,0.0,147,0.02199999988079071
982,82,9,-0.9750000000000001,1.215,0,nan,147,0.0,147,0.02199999988079071
983,83,9,-1.005,1.215,0,nan,147,0.0,147,0.02199999988079071
984,84,9,-1.0349999999999997,1.215,0,nan,147,0.0,147,0.02199999988079071
985,85,9,-1.065,1.215,0,nan,147,0.0,147,0.02199999988079071
986,86,9,-1.0949999999999998,1.215,0,nan,147,0.0,147,0.02199999988079071
987,87,9,-1.125,1.215,0,nan,147,0.0,147,0.02199999988079071
988,88,9,-1.1549999999999998,1.215,0,nan,147,0.0,147,0.02199999988079071
989,89,9,-1.185,1.215,0,nan,147,0.0,147,0.02199999988079071
990,90,9,-1.2149999999999999,1.215,0,nan,147,0.0,147,0.02199999988079071
991,91,9,-1.245,1.215,0,nan,147,0.0,147,0.02199999988079071
992,92,9,-1.275,1.215,0,nan,147,0.0,147,0.02199999988079071
993,93,9,-1.3049999999999997,1.215,0,nan,147,0.0,147,0.02199999988079071
994,94,9,-1.335,1.215,0,nan,147,0.0,147,0.02199999988079071
995,95,9,-1.3649999999999998,1.215,0,nan,147,0.0,147,0.02199999988079071
996,96,9,-1.395,1.215,0,nan,147,0.0,147,0.02199999988079071
997,97,9,-1.4249999999999998,1.215,0,nan,147,0.0,147,0.0
998,98,9,-1.455,1.215,0,nan,147,0.0,147,0.0
999,99,9,-1.4849999999999999,1.215,0,nan,147,0.0,147,0.0
1000,0,10,1.485,1.185,0,nan,147,0.0,147,0.0
1001,1,10,1.455,1.185,0,nan,147,0.0,147,0.0
1002,2,10,1.425,1.185,0,nan,147,0.0,147,0.0
1003,3,10,1.395,1.185,0,nan,147,0.0,147,0.02199999988079071
1004,4,10,1.365,1.185,0,nan,147,0.0,147,0.02199999988079071
1005,5,10,1.335,1.185,0,nan,147,0.0,147,0.02199999988079071
1006,6,10,1.305,1.185,0,nan,147,0.0,147,0.02199999988079071
1007,7,10,1.275,1.185,0,nan,147,0.0,147,0.02199999988079071
1008,8,10,1.245,1.185,0,nan,147,0.0,147,0.02199999988079071
1009,9,10,1.215,1.185,0,nan,147,0.0,147,0.02199999988079071
1010,10,10,1.185,1.185,0,nan,147,0.0,147,0.02199999988079071
1011,11,10,1.155,1.185,0,nan,147,0.0,147,0.02199999988079071
1012,12,10,1.125,1.185,0,nan,147,0.0,147,0.02199999988079071
1013,13,10,1.095,1.185,0,nan,147,0.0,147,0.02199999988079071
1014,14,10,1.065,1.185,0,nan,147,0.0,147,0.02199999988079071
1015,15,10,1.0350000000000001,1.185,0,nan,147,0.0,147,0.02199999988079071
1016,16,10,1.005,1.185,0,nan,147,0.0,147,0.02199999988079071
1017,17,10,0.975,1.185,0,nan,147,0.0,147,0.02199999988079071
1018,18,10,0.9450000000000001,1.185,0,nan,147,0.0,147,0.02199999988079071
1019,19,10,0.915,1.185,0,nan,147,0.0,147,0.02199999988079071
1020,20,10,0.885,1.185,0,nan,147,0.0,147,0.02199999988079071
1021,21,10,0.855,1.185,0,nan,147,0.0,147,0.02199999988079071
1022,22,10,0.8250000000000001,1.185,0,nan,147,0.0,147,0.02199999988079071
1023,23,10,0.795,1.185,0,nan,147,0.0,147,0.02199999988079071
1024,24,10,0.765,1.185,0,nan,147,0.0,147,0.02199999988079071
1025,25,10,0.735,1.185,0,nan,147,0.0,147,0.02199999988079071
1026,26,10,0.7050000000000001,1.185,0,nan,147,0.0,147,0.02199999988079071
1027,27,10,0.675,1.185,0,nan,147,0.0,147,0.02199999988079071
1028,28,10,0.645,1.185,0,nan,147,0.0,147,0.02199999988079071
1029,29,10,0.615,1.185,0,nan,147,0.0,147,0.02199999988079071
1030,30,10,0.5850000000000001,1.185,0,nan,147,0.0,147,0.02199999988079071
1031,31,10,0.555,1.185,0,nan,147,0.0,147,0.02199999988079071
1032,32,10,0.525,1.185,0,nan,147,0.0,147,0.02199999988079071
1033,33,10,0.4950000000000001,1.185,0,nan,147,0.0,147,0.02199999988079071
1034,34,10,0.4650000000000001,1.185,0,nan,147,0.0,147,0.02199999988079071
1035,35,10,0.43500000000000005,1.185,0,nan,147,0.0,147,0.02199999988079071
1036,36,10,0.405,1.185,0,nan,147,0.0,147,0.02199999988079071
1037,37,10,0.375,1.185,0,nan,147,0.0,147,0.02199999988079071
1038,38,10,0.345,1.185,0,nan,147,0.0,147,0.02199999988079071
1039,39,10,0.31499999999999995,1.185,0,nan,147,0.0,147,0.02199999988079071
1040,40,10,0.28500000000000014,1.185,0,nan,147,0.0,147,0.02199999988079071
1041,41,10,0.2550000000000001,1.185,0,nan,147,0.0,147,0.02199999988079071
1042,42,10,0.2250000000000001,1.185,0,nan,147,0.0,147,0.02199999988079071
1043,43,10,0.19500000000000006,1.185,0,nan,147,0.0,147,0.02199999988079071
1044,44,10,0.16500000000000004,1.185,0,nan,147,0.0,147,0.02199999988079071
1045,45,10,0.135,1.185,0,nan,147,0.0,147,0.02199999988079071
1046,46,10,0.10499999999999998,1.185,0,nan,147,0.0,147,0.02199999988079071
1047,47,10,0.07499999999999996,1.185,0,nan,147,0.0,147,0.02199999988079071
1048,48,10,0.04500000000000015,1.185,0,nan,147,0.0,147,0.02199999988079071
1049,49,10,0.015000000000000124,1.185,0,nan,147,0.0,147,0.02199999988079071
1050,50,10,-0.014999999999999902,1.185,0,nan,147,0.0,147,0.02199999988079071
1051,51,10,-0.04499999999999993,1.185,0,nan,147,0.0,147,0.02199999988079071
1052,52,10,-0.07499999999999996,1.185,0,nan,147,0.0,147,0.02199999988079071
1053,53,10,-0.10499999999999998,1.185,0,nan,147,0.0,147,0.02199999988079071
1054,54,10,-0.135,1.185,0,nan,147,0.0,147,0.02199999988079071
1055,55,10,-0.16500000000000004,1.185,0,nan,147,0.0,147,0.02199999988079071
1056,56,10,-0.19499999999999984,1.185,0,nan,147,0.0,147,0.02199999988079071
1057,57,10,-0.22499999999999987,1.185,0,nan,147,0.0,147,0.02199999988079071
1058,58,10,-0.2549999999999999,1.185,0,nan,147,0.0,147,0.02199999988079071
1059,59,10,-0.2849999999999999,1.185,0,nan,147,0.0,147,0.02199999988079071
1060,60,10,-0.31499999999999995,1.185,0,nan,147,0.0,147,0.02199999988079071
1061,61,10,-0.345,1.185,0,nan,147,0.0,147,0.02199999988079071
1062,62,10,-0.375,1.185,0,nan,147,0.0,147,0.02199999988079071
1063,63,10,-0.405,1.185,0,nan,147,0.0,147,0.02199999988079071
1064,64,10,-0.43499999999999983,1.185,0,nan,147,0.0,147,0.02199999988079071
1065,65,10,-0.46499999999999986,1.185,0,nan,147,0.0,147,0.02199999988079071
1066,66,10,-0.4949999999999999,1.185,0,nan,147,0.0,147,0.02199999988079071
1067,67,10,-0.5249999999999999,1.185,0,nan,147,0.0,147,0.02199999988079071
1068,68,10,-0.5549999999999997,1.185,0,nan,147,0.0,147,0.02199999988079071
1069,69,10,-0.585,1.185,0,nan,147,0.0,147,0.02199999988079071
1070,70,10,-0.6149999999999998,1.185,0,nan,147,0.0,147,0.02199999988079071
1071,71,10,-0.645,1.185,0,nan,147,0.0,147,0.02199999988079071
1072,72,10,-0.6749999999999998,1.185,0,nan,147,0.0,147,0.02199999988079071
1073,73,10,-0.7050000000000001,1.185,0,nan,147,0.0,147,0.02199999988079071
1074,74,10,-0.7349999999999999,1.185,0,nan,147,0.0,147,0.02199999988079071
1075,75,10,-0.7650000000000001,1.185,0,nan,147,0.0,147,0.02199999988079071
1076,76,10,-0.7949999999999999,1.185,0,nan,147,0.0,147,0.02199999988079071
1077,77,10,-0.8249999999999997,1.185,0,nan,147,0.0,147,0.02199999988079071
1078,78,10,-0.855,1.185,0,nan,147,0.0,147,0.02199999988079071
1079,79,10,-0.8849999999999998,1.185,0,nan,147,0.0,147,0.02199999988079071
1080,80,10,-0.915,1.185,0,nan,147,0.0,147,0.02199999988079071
1081,81,10,-0.9449999999999998,1.185,0,nan,147,0.0,147,0.02199999988079071
1082,82,10,-0.9750000000000001,1.185,0,nan,147,0.0,147,0.02199999988079071
1083,83,10,-1.005,1.185,0,nan,147,0.0,147,0.02199999988079071
1084,84,10,-1.0349999999999997,1.185,0,nan,147,0.0,147,0.02199999988079071
1085,85,10,-1.065,1.185,0,nan,147,0.0,147,0.02199999988079071
1086,86,10,-1.0949999999999998,1.185,0,nan,147,0.0,147,0.02199999988079071
1087,87,10,-1.125,1.185,0,nan,147,0.0,147,0.02199999988079071
1088,88,10,-1.1549999999999998,1.185,0,nan,147,0.0,147,0.02199999988079071
1089,89,10,-1.185,1.185,0,nan,147,0.0,147,0.02199999988079071
1090,90,10,-1.2149999999999999,1.185,0,nan,147,0.0,147,0.02199999988079071
1091,91,10,-1.245,1.185,0,nan,147,0.0,147,0.02199999988079071
1092,92,10,-1.275,1.185,0,nan,147,0.0,147,0.02199999988079071
1093,93,10,-1.3049999999999997,1.185,0,nan,147,0.0,147,0.02199999988079071
1094,94,10,-1.335,1.185,0,nan,147,0.0,147,0.02199999988079071
1095,95,10,-1.3649999999999998,1.185,0,nan,147,0.0,147,0.02199999988079071
1096,96,10,-1.395,1.185,0,nan,147,0.0,147,0.02199999988079071
1097,97,10,-1.4249999999999998,1.185,0,nan,147,0.0,147,0.0
1098,98,10,-1.455,1.185,0,nan,147,0.0,147,0.0
1099,99,10,-1.4849999999999999,1.185,0,nan,147,0.0,147,0.0
1100,0,11,1.485,1.155,0,nan,147,0.0,147,0.0
1101,1,11,1.455,1.155,0,nan,147,0.0,147,0.0
1102,2,11,1.425,1.155,0,nan,147,0.0,147,0.0
1103,3,11,1.395,1.155,0,nan,147,0.0,147,0.02199999988079071
1104,4,11,1.365,1.155,0,nan,147,0.0,147,0.02199999988079071
1105,5,11,1.335,1.155,0,nan,147,0.0,147,0.02199999988079071
1106,6,11,1.305,1.155,0,nan,147,0.0,147,0.02199999988079071
1107,7,11,1.275,1.155,0,nan,147,0.0,147,0.02199999988079071
1108,8,11,1.245,1.155,0,nan,147,0.0,147,0.02199999988079071
1109,9,11,1.215,1.155,0,nan,147,0.0,147,0.02199999988079071
1110,10,11,1.185,1.155,0,nan,147,0.0,147,0.02199999988079071
1111,11,11,1.155,1.155,0,nan,147,0.0,147,0.02199999988079071
1112,12,11,1.125,1.155,0,nan,147,0.0,147,0.02199999988079071
1113,13,11,1.095,1.155,0,nan,147,0.0,147,0.02199999988079071
1114,14,11,1.065,1.155,0,nan,147,0.0,147,0.02199999988079071
1115,15,11,1.0350000000000001,1.155,0,nan,147,0.0,147,0.02199999988079071
1116,16,11,1.005,1.155,0,nan,147,0.0,147,0.02199999988079071
1117,17,11,0.975,1.155,0,nan,147,0.0,147,0.02199999988079071
1118,18,11,0.9450000000000001,1.155,0,nan,147,0.0,147,0.02199999988079071
1119,19,11,0.915,1.155,0,nan,147,0.0,147,0.02199999988079071
1120,20,11,0.885,1.155,0,nan,147,0.0,147,0.02199999988079071
1121,21,11,0.855,1.155,0,nan,147,0.0,147,0.02199999988079071
1122,22,11,0.8250000000000001,1.155,0,nan,147,0.0,147,0.02199999988079071
1123,23,11,0.795,1.155,0,nan,147,0.0,147,0.02199999988079071
1124,24,11,0.765,1.155,0,nan,147,0.0,147,0.02199999988079071
1125,25,11,0.735,1.155,0,nan,147,0.0,147,0.02199999988079071
1126,26,11,0.7050000000000001,1.155,0,nan,147,0.0,147,0.02199999988079071
1127,27,11,0.675,1.155,0,nan,147,0.0,147,0.02199999988079071
1128,28,11,0.645,1.155,0,nan,147,0.0,147,0.02199999988079071
1129,29,11,0.615,1.155,0,nan,147,0.0,147,0.02199999988079071
1130,30,11,0.5850000000000001,1.155,0,nan,147,0.0,147,0.02199999988079071
1131,31,11,0.555,1.155,0,nan,147,0.0,147,0.02199999988079071
1132,32,11,0.525,1.155,0,nan,147,0.0,147,0.02199999988079071
1133,33,11,0.4950000000000001,1.155,0,nan,147,0.0,147,0.02199999988079071
1134,34,11,0.4650000000000001,1.155,0,nan,147,0.0,147,0.02199999988079071
1135,35,11,0.43500000000000005,1.155,0,nan,147,0.0,147,0.02199999988079071
1136,36,11,0.405,1.155,0,nan,147,0.0,147,0.02199999988079071
1137,37,11,0.375,1.155,0,nan,147,0.0,147,0.02199999988079071
1138,38,11,0.345,1.155,0,nan,147,0.0,147,0.02199999988079071
1139,39,11,0.31499999999999995,1.155,0,nan,147,0.0,147,0.02199999988079071
1140,40,11,0.28500000000000014,1.155,0,nan,147,0.0,147,0.02199999988079071
1141,41,11,0.2550000000000001,1.155,0,nan,147,0.0,147,0.02199999988079071
1142,42,11,0.2250000000000001,1.155,0,nan,147,0.0,147,0.02199999988079071
1143,43,11,0.19500000000000006,1.155,0,nan,147,0.0,147,0.02199999988079071
1144,44,11,0.16500000000000004,1.155,0,nan,147,0.0,147,0.02199999988079071
1145,45,11,0.135,1.155,0,nan,147,0.0,147,0.02199999988079071
1146,46,11,0.10499999999999998,1.155,0,nan,147,0.0,147,0.02199999988079071
1147,47,11,0.07499999999999996,1.155,0,nan,147,0.0,147,0.02199999988079071
1148,48,11,0.04500000000000015,1.155,0,nan,147,0.0,147,0.02199999988079071
1149,49,11,0.015000000000000124,1.155,0,nan,147,0.0,147,0.02199999988079071
1150,50,11,-0.014999999999999902,1.155,0,nan,147,0.0,147,0.02199999988079071
1151,51,11,-0.04499999999999993,1.155,0,nan,147,0.0,147,0.02199999988079071
1152,52,11,-0.07499999999999996,1.155,0,nan,147,0.0,147,0.02199999988079071
1153,53,11,-0.10499999999999998,1.155,0,nan,147,0.0,147,0.02199999988079071
1154,54,11,-0.135,1.155,0,nan,147,0.0,147,0.02199999988079071
1155,55,11,-0.16500000000000004,1.155,0,nan,147,0.0,147,0.02199999988079071
1156,56,11,-0.19499999999999984,1.155,0,nan,147,0.0,147,0.02199999988079071
1157,57,11,-0.22499999999999987,1.155,0,nan,147,0.0,147,0.02199999988079071
1158,58,11,-0.2549999999999999,1.155,0,nan,147,0.0,147,0.02199999988079071
1159,59,11,-0.2849999999999999,1.155,0,nan,147,0.0,147,0.02199999988079071
1160,60,11,-0.31499999999999995,1.155,0,nan,147,0.0,147,0.02199999988079071
1161,61,11,-0.345,1.155,0,nan,147,0.0,147,0.02199999988079071
1162,62,11,-0.375,1.155,0,nan,147,0.0,147,0.02199999988079071
1163,63,11,-0.405,1.155,0,nan,147,0.0,147,0.02199999988079071
1164,64,11,-0.43499999999999983,1.155,0,nan,147,0.0,147,0.02199999988079071
1165,65,11,-0.46499999999999986,1.155,0,nan,147,0.0,147,0.02199999988079071
1166,66,11,-0.4949999999999999,1.155,0,nan,147,0.0,147,0.02199999988079071
1167,67,11,-0.5249999999999999,1.155,0,nan,147,0.0,147,0.02199999988079071
1168,68,11,-0.5549999999999997,1.155,0,nan,147,0.0,147,0.02199999988079071
1169,69,11,-0.585,1.155,0,nan,147,0.0,147,0.02199999988079071
1170,70,11,-0.6149999999999998,1.155,0,nan,147,0.0,147,0.02199999988079071
1171,71,11,-0.645,1.155,0,nan,147,0.0,147,0.02199999988079071
1172,72,11,-0.6749999999999998,1.155,0,nan,147,0.0,147,0.02199999988079071
1173,73,11,-0.7050000000000001,1.155,0,nan,147,0.0,147,0.02199999988079071
1174,74,11,-0.7349999999999999,1.155,0,nan,147,0.0,147,0.02199999988079071
1175,75,11,-0.7650000000000001,1.155,0,nan,147,0.0,147,0.02199999988079071
1176,76,11,-0.7949999999999999,1.155,0,nan,147,0.0,147,0.02199999988079071
1177,77,11,-0.8249999999999997,1.155,0,nan,147,0.0,147,0.02199999988079071
1178,78,11,-0.855,1.155,0,nan,147,0.0,147,0.02199999988079071
1179,79,11,-0.8849999999999998,1.155,0,nan,147,0.0,147,0.02199999988079071
1180,80,11,-0.915,1.155,0,nan,147,0.0,147,0.02199999988079071
1181,81,11,-0.9449999999999998,1.155,0,nan,147,0.0,147,0.02199999988079071
1182,82,11,-0.9750000000000001,1.155,0,nan,147,0.0,147,0.02199999988079071
1183,83,11,-1.005,1.155,0,nan,147,0.0,147,0.02199999988079071
1184,84,11,-1.0349999999999997,1.155,0,nan,147,0.0,147,0.02199999988079071
1185,85,11,-1.065,1.155,0,nan,147,0.0,147,0.02199999988079071
1186,86,11,-1.0949999999999998,1.155,0,nan,147,0.0,147,0.02199999988079071
1187,87,11,-1.125,1.155,0,nan,147,0.0,147,0.02199999988079071
1188,88,11,-1.1549999999999998,1.155,0,nan,147,0.0,147,0.02199999988079071
1189,89,11,-1.185,1.155,0,nan,147,0.0,147,0.02199999988079071
1190,90,11,-1.2149999999999999,1.155,0,nan,147,0.0,147,0.02199999988079071
1191,91,11,-1.245,1.155,0,nan,147,0.0,147,0.02199999988079071
1192,92,11,-1.275,1.155,0,nan,147,0.0,147,0.02199999988079071
1193,93,11,-1.3049999999999997,1.155,0,nan,147,0.0,147,0.02199999988079071
1194,94,11,-1.335,1.155,0,nan,147,0.0,147,0.02199999988079071
1195,95,11,-1.3649999999999998,1.155,0,nan,147,0.0,147,0.02199999988079071
1196,96,11,-1.395,1.155,0,nan,147,0.0,147,0.02199999988079071
1197,97,11,-1.4249999999999998,1.155,0,nan,147,0.0,147,0.0
1198,98,11,-1.455,1.155,0,nan,147,0.0,147,0.0
1199,99,11,-1.4849999999999999,1.155,0,nan,147,0.0,147,0.0
1200,0,12,1.485,1.125,0,nan,147,0.0,147,0.0
1201,1,12,1.455,1.125,0,nan,147,0.0,147,0.0
1202,2,12,1.425,1.125,0,nan,147,0.0,147,0.0
1203,3,12,1.395,1.125,0,nan,147,0.0,147,0.02199999988079071
1204,4,12,1.365,1.125,0,nan,147,0.0,147,0.02199999988079071
1205,5,12,1.335,1.125,0,nan,147,0.0,147,0.02199999988079071
1206,6,12,1.305,1.125,0,nan,147,0.0,147,0.02199999988079071
1207,7,12,1.275,1.125,0,nan,147,0.0,147,0.02199999988079071
1208,8,12,1.245,1.125,0,nan,147,0.0,147,0.02199999988079071
1209,9,12,1.215,1.125,0,nan,147,0.0,147,0.02199999988079071
1210,10,12,1.185,1.125,0,nan,147,0.0,147,0.02199999988079071
1211,11,12,1.155,1.125,0,nan,147,0.0,147,0.02199999988079071
1212,12,12,1.125,1.125,0,nan,147,0.0,147,0.02199999988079071
1213,13,12,1.095,1.125,0,nan,147,0.0,147,0.02199999988079071
1214,14,12,1.065,1.125,0,nan,147,0.0,147,0.02199999988079071
1215,15,12,1.0350000000000001,1.125,0,nan,147,0.0,147,0.02199999988079071
1216,16,12,1.005,1.125,0,nan,147,0.0,147,0.02199999988079071
1217,17,12,0.975,1.125,0,nan,147,0.0,147,0.02199999988079071
1218,18,12,0.9450000000000001,1.125,0,nan,147,0.0,147,0.02199999988079071
1219,19,12,0.915,1.125,0,nan,147,0.0,147,0.02199999988079071
1220,20,12,0.885,1.125,0,nan,147,0.0,147,0.02199999988079071
1221,21,12,0.855,1.125,0,nan,147,0.0,147,0.02199999988079071
1222,22,12,0.8250000000000001,1.125,0,nan,147,0.0,147,0.02199999988079071
1223,23,12,0.795,1.125,0,nan,147,0.0,147,0.02199999988079071
1224,24,12,0.765,1.125,0,nan,147,0.0,147,0.02199999988079071
1225,25,12,0.735,1.125,0,nan,147,0.0,147,0.02199999988079071
1226,26,12,0.7050000000000001,1.125,0,nan,147,0.0,147,0.02199999988079071
1227,27,12,0.675,1.125,0,nan,147,0.0,147,0.02199999988079071
1228,28,12,0.645,1.125,0,nan,147,0.0,147,0.02199999988079071
1229,29,12,0.615,1.125,0,nan,147,0.0,147,0.02199999988079071
1230,30,12,0.5850000000000001,1.125,0,nan,147,0.0,147,0.02199999988079071
1231,31,12,0.555,1.125,0,nan,147,0.0,147,0.02199999988079071
1232,32,12,0.525,1.125,0,nan,147,0.0,147,0.02199999988079071
1233,33,12,0.4950000000000001,1.125,0,nan,147,0.0,147,0.02199999988079071
1234,34,12,0.4650000000000001,1.125,0,nan,147,0.0,147,0.02199999988079071
1235,35,12,0.43500000000000005,1.125,0,nan,147,0.0,147,0.02199999988079071
1236,36,12,0.405,1.125,0,nan,147,0.0,147,0.02199999988079071
1237,37,12,0.375,1.125,0,nan,147,0.0,147,0.02199999988079071
1238,38,12,0.345,1.125,0,nan,147,0.0,147,0.02199999988079071
1239,39,12,0.31499999999999995,1.125,0,nan,147,0.0,147,0.02199999988079071
1240,40,12,0.28500000000000014,1.125,0,nan,147,0.0,147,0.02199999988079071
1241,41,12,0.2550000000000001,1.125,0,nan,147,0.0,147,0.02199999988079071
1242,42,12,0.2250000000000001,1.125,0,nan,147,0.0,147,0.02199999988079071
1243,43,12,0.19500000000000006,1.125,0,nan,147,0.0,147,0.02199999988079071
1244,44,12,0.16500000000000004,1.125,0,nan,147,0.0,147,0.02199999988079071
1245,45,12,0.135,1.125,0,nan,147,0.0,147,0.02199999988079071
1246,46,12,0.10499999999999998,1.125,0,nan,147,0.0,147,0.02199999988079071
1247,47,12,0.07499999999999996,1.125,0,nan,147,0.0,147,0.02199999988079071
1248,48,12,0.04500000000000015,1.125,0,nan,147,0.0,147,0.02199999988079071
1249,49,12,0.015000000000000124,1.125,0,nan,147,0.0,147,0.02199999988079071
1250,50,12,-0.014999999999999902,1.125,0,nan,147,0.0,147,0.02199999988079071
1251,51,12,-0.04499999999999993,1.125,0,nan,147,0.0,147,0.02199999988079071
1252,52,12,-0.07499999999999996,1.125,0,nan,147,0.0,147,0.02199999988079071
1253,53,12,-0.10499999999999998,1.125,0,nan,147,0.0,147,0.02199999988079071
1254,54,12,-0.135,1.125,0,nan,147,0.0,147,0.02199999988079071
1255,55,12,-0.16500000000000004,1.125,0,nan,147,0.0,147,0.02199999988079071
1256,56,12,-0.19499999999999984,1.125,0,nan,147,0.0,147,0.02199999988079071
1257,57,12,-0.22499999999999987,1.125,0,nan,147,0.0,147,0.02199999988079071
1258,58,12,-0.2549999999999999,1.125,0,nan,147,0.0,147,0.02199999988079071
1259,59,12,-0.2849999999999999,1.125,0,nan,147,0.0,147,0.02199999988079071
1260,60,12,-0.31499999999999995,1.125,0,nan,147,0.0,147,0.02199999988079071
1261,61,12,-0.345,1.125,0,nan,147,0.0,147,0.02199999988079071
1262,62,12,-0.375,1.125,0,nan,147,0.0,147,0.02199999988079071
1263,63,12,-0.405,1.125,0,nan,147,0.0,147,0.02199999988079071
1264,64,12,-0.43499999999999983,1.125,0,nan,147,0.0,147,0.02199999988079071
1265,65,12,-0.46499999999999986,1.125,0,nan,147,0.0,147,0.02199999988079071
1266,66,12,-0.4949999999999999,1.125,0,nan,147,0.0,147,0.02199999988079071
1267,67,12,-0.5249999999999999,1.125,0,nan,147,0.0,147,0.02199999988079071
1268,68,12,-0.5549999999999997,1.125,0,nan,147,0.0,147,0.02199999988079071
1269,69,12,-0.585,1.125,0,nan,147,0.0,147,0.02199999988079071
1270,70,12,-0.6149999999999998,1.125,0,nan,147,0.0,147,0.02199999988079071
1271,71,12,-0.645,1.125,0,nan,147,0.0,147,0.02199999988079071
1272,72,12,-0.6749999999999998,1.125,0,nan,147,0.0,147,0.02199999988079071
1273,73,12,-0.7050000000000001,1.125,0,nan,147,0.0,147,0.02199999988079071
1274,74,12,-0.7349999999999999,1.125,0,nan,147,0.0,147,0.02199999988079071
1275,75,12,-0.7650000000000001,1.125,0,nan,147,0.0,147,0.02199999988079071
1276,76,12,-0.7949999999999999,1.125,0,nan,147,0.0,147,0.02199999988079071
1277,77,12,-0.8249999999999997,1.125,0,nan,147,0.0,147,0.02199999988079071
1278,78,12,-0.855,1.125,0,nan,147,0.0,147,0.02199999988079071
1279,79,12,-0.8849999999999998,1.125,0,nan,147,0.0,147,0.02199999988079071
1280,80,12,-0.915,1.125,0,nan,147,0.0,147,0.02199999988079071
1281,81,12,-0.9449999999999998,1.125,0,nan,147,0.0,147,0.02199999988079071
1282,82,12,-0.9750000000000001,1.125,0,nan,147,0.0,147,0.02199999988079071
1283,83,12,-1.005,1.125,0,nan,147,0.0,147,0.02199999988079071
1284,84,12,-1.0349999999999997,1.125,0,nan,147,0.0,147,0.02199999988079071
1285,85,12,-1.065,1.125,0,nan,147,0.0,147,0.02199999988079071
1286,86,12,-1.0949999999999998,1.125,0,nan,147,0.0,147,0.02199999988079071
1287,87,12,-1.125,1.125,0,nan,147,0.0,147,0.02199999988079071
1288,88,12,-1.1549999999999998,1.125,0,nan,147,0.0,147,0.02199999988079071
1289,89,12,-1.185,1.125,0,nan,147,0.0,147,0.02199999988079071
1290,90,12,-1.2149999999999999,1.125,0,nan,147,0.0,147,0.02199999988079071
1291,91,12,-1.245,1.125,0,nan,147,0.0,147,0.02199999988079071
1292,92,12,-1.275,1.125,0,nan,147,0.0,147,0.02199999988079071
1293,93,12,-1.3049999999999997,1.125,0,nan,147,0.0,147,0.02199999988079071
1294,94,12,-1.335,1.125,0,nan,147,0.0,147,0.02199999988079071
1295,95,12,-1.3649999999999998,1.125,0,nan,147,0.0,147,0.02199999988079071
1296,96,12,-1.395,1.125,0,nan,147,0.0,147,0.02199999988079071
1297,97,12,-1.4249999999999998,1.125,0,nan,147,0.0,147,0.0
1298,98,12,-1.455,1.125,0,nan,147,0.0,147,0.0
1299,99,12,-1.4849999999999999,1.125,0,nan,147,0.0,147,0.0
1300,0,13,1.485,1.095,0,nan,147,0.0,147,0.0
1301,1,13,1.455,1.095,0,nan,147,0.0,147,0.0
1302,2,13,1.425,1.095,0,nan,147,0.0,147,0.0
1303,3,13,1.395,1.095,0,nan,147,0.0,147,0.02199999988079071
1304,4,13,1.365,1.095,0,nan,147,0.0,147,0.02199999988079071
1305,5,13,1.335,1.095,0,nan,147,0.0,147,0.02199999988079071
1306,6,13,1.305,1.095,0,nan,147,0.0,147,0.02199999988079071
1307,7,13,1.275,1.095,0,nan,147,0.0,147,0.02199999988079071
1308,8,13,1.245,1.095,0,nan,147,0.0,147,0.02199999988079071
1309,9,13,1.215,1.095,0,nan,147,0.0,147,0.02199999988079071
1310,10,13,1.185,1.095,0,nan,147,0.0,147,0.02199999988079071
1311,11,13,1.155,1.095,0,nan,147,0.0,147,0.02199999988079071
1312,12,13,1.125,1.095,0,nan,147,0.0,147,0.02199999988079071
1313,13,13,1.095,1.095,0,nan,147,0.0,147,0.02199999988079071
1314,14,13,1.065,1.095,0,nan,147,0.0,147,0.02199999988079071
1315,15,13,1.0350000000000001,1.095,0,nan,147,0.0,147,0.02199999988079071
1316,16,13,1.005,1.095,0,nan,147,0.0,147,0.02199999988079071
1317,17,13,0.975,1.095,0,nan,147,0.0,147,0.02199999988079071
1318,18,13,0.9450000000000001,1.095,0,nan,147,0.0,147,0.02199999988079071
1319,19,13,0.915,1.095,0,nan,147,0.0,147,0.02199999988079071
1320,20,13,0.885,1.095,0,nan,147,0.0,147,0.02199999988079071
1321,21,13,0.855,1.095,0,nan,147,0.0,147,0.02199999988079071
1322,22,13,0.8250000000000001,1.095,0,nan,147,0.0,147,0.02199999988079071
1323,23,13,0.795,1.095,0,nan,147,0.0,147,0.02199999988079071
1324,24,13,0.765,1.095,0,nan,147,0.0,147,0.02199999988079071
1325,25,13,0.735,1.095,0,nan,147,0.0,147,0.02199999988079071
1326,26,13,0.7050000000000001,1.095,0,nan,147,0.0,147,0.02199999988079071
1327,27,13,0.675,1.095,0,nan,147,0.0,147,0.02199999988079071
1328,28,13,0.645,1.095,0,nan,147,0.0,147,0.02199999988079071
1329,29,13,0.615,1.095,0,nan,147,0.0,147,0.02199999988079071
1330,30,13,0.5850000000000001,1.095,0,nan,147,0.0,147,0.02199999988079071
1331,31,13,0.555,1.095,0,nan,147,0.0,147,0.02199999988079071
1332,32,13,0.525,1.095,0,nan,147,0.0,147,0.02199999988079071
1333,33,13,0.4950000000000001,1.095,0,nan,147,0.0,147,0.02199999988079071
1334,34,13,0.4650000000000001,1.095,0,nan,147,0.0,147,0.02199999988079071
1335,35,13,0.43500000000000005,1.095,0,nan,147,0.0,147,0.02199999988079071
1336,36,13,0.405,1.095,0,nan,147,0.0,147,0.02199999988079071
1337,37,13,0.375,1.095,0,nan,147,0.0,147,0.02199999988079071
1338,38,13,0.345,1.095,0,nan,147,0.0,147,0.02199999988079071
1339,39,13,0.31499999999999995,1.095,0,nan,147,0.0,147,0.02199999988079071
1340,40,13,0.28500000000000014,1.095,0,nan,147,0.0,147,0.02199999988079071
1341,41,13,0.2550000000000001,1.095,0,nan,147,0.0,147,0.02199999988079071
1342,42,13,0.2250000000000001,1.095,0,nan,147,0.0,147,0.02199999988079071
1343,43,13,0.19500000000000006,1.095,0,nan,147,0.0,147,0.02199999988079071
1344,44,13,0.16500000000000004,1.095,0,nan,147,0.0,147,0.02199999988079071
1345,45,13,0.135,1.095,0,nan,147,0.0,147,0.02199999988079071
1346,46,13,0.10499999999999998,1.095,0,nan,147,0.0,147,0.02199999988079071
1347,47,13,0.07499999999999996,1.095,0,nan,147,0.0,147,0.02199999988079071
1348,48,13,0.04500000000000015,1.095,0,nan,147,0.0,147,0.02199999988079071
1349,49,13,0.015000000000000124,1.095,0,nan,147,0.0,147,0.02199999988079071
1350,50,13,-0.014999999999999902,1.095,0,nan,147,0.0,147,0.02199999988079071
1351,51,13,-0.04499999999999993,1.095,0,nan,147,0.0,147,0.02199999988079071
1352,52,13,-0.07499999999999996,1.095,0,nan,147,0.0,147,0.02199999988079071
1353,53,13,-0.10499999999999998,1.095,0,nan,147,0.0,147,0.02199999988079071
1354,54,13,-0.135,1.095,0,nan,147,0.0,147,0.02199999988079071
1355,55,13,-0.16500000000000004,1.095,0,nan,147,0.0,147,0.02199999988079071
1356,56,13,-0.19499999999999984,1.095,0,nan,147,0.0,147,0.02199999988079071
1357,57,13,-0.22499999999999987,1.095,0,nan,147,0.0,147,0.02199999988079071
1358,58,13,-0.2549999999999999,1.095,0,nan,147,0.0,147,0.02199999988079071
1359,59,13,-0.2849999999999999,1.095,0,nan,147,0.0,147,0.02199999988079071
1360,60,13,-0.31499999999999995,1.095,0,nan,147,0.0,147,0.02199999988079071
1361,61,13,-0.345,1.095,0,nan,147,0.0,147,0.02199999988079071
1362,62,13,-0.375,1.095,0,nan,147,0.0,147,0.02199999988079071
1363,63,13,-0.405,1.095,0,nan,147,0.0,147,0.02199999988079071
1364,64,13,-0.43499999999999983,1.095,0,nan,147,0.0,147,0.02199999988079071
1365,65,13,-0.46499999999999986,1.095,0,nan,147,0.0,147,0.02199999988079071
1366,66,13,-0.4949999999999999,1.095,0,nan,147,0.0,147,0.02199999988079071
1367,67,13,-0.5249999999999999,1.095,0,nan,147,0.0,147,0.02199999988079071
1368,68,13,-0.5549999999999997,1.095,0,nan,147,0.0,147,0.02199999988079071
1369,69,13,-0.585,1.095,0,nan,147,0.0,147,0.02199999988079071
1370,70,13,-0.6149999999999998,1.095,0,nan,147,0.0,147,0.02199999988079071
1371,71,13,-0.645,1.095,0,nan,147,0.0,147,0.02199999988079071
1372,72,13,-0.6749999999999998,1.095,0,nan,147,0.0,147,0.02199999988079071
1373,73,13,-0.7050000000000001,1.095,0,nan,147,0.0,147,0.02199999988079071
1374,74,13,-0.7349999999999999,1.095,0,nan,147,0.0,147,0.02199999988079071
1375,75,13,-0.7650000000000001,1.095,0,nan,147,0.0,147,0.02199999988079071
1376,76,13,-0.7949999999999999,1.095,0,nan,147,0.0,147,0.02199999988079071
1377,77,13,-0.8249999999999997,1.095,0,nan,147,0.0,147,0.02199999988079071
1378,78,13,-0.855,1.095,0,nan,147,0.0,147,0.02199999988079071
1379,79,13,-0.8849999999999998,1.095,0,nan,147,0.0,147,0.02199999988079071
1380,80,13,-0.915,1.095,0,nan,147,0.0,147,0.02199999988079071
1381,81,13,-0.9449999999999998,1.095,0,nan,147,0.0,147,0.02199999988079071
1382,82,13,-0.9750000000000001,1.095,0,nan,147,0.0,147,0.02199999988079071
1383,83,13,-1.005,1.095,0,nan,147,0.0,147,0.02199999988079071
1384,84,13,-1.0349999999999997,1.095,0,nan,147,0.0,147,0.02199999988079071
1385,85,13,-1.065,1.095,0,nan,147,0.0,147,0.02199999988079071
1386,86,13,-1.0949999999999998,1.095,0,nan,147,0.0,147,0.02199999988079071
1387,87,13,-1.125,1.095,0,nan,147,0.0,147,0.02199999988079071
1388,88,13,-1.1549999999999998,1.095,0,nan,147,0.0,147,0.02199999988079071
1389,89,13,-1.185,1.095,0,nan,147,0.0,147,0.02199999988079071
1390,90,13,-1.2149999999999999,1.095,0,nan,147,0.0,147,0.02199999988079071
1391,91,13,-1.245,1.095,0,nan,147,0.0,147,0.02199999988079071
1392,92,13,-1.275,1.095,0,nan,147,0.0,147,0.02199999988079071
1393,93,13,-1.3049999999999997,1.095,0,nan,147,0.0,147,0.02199999988079071
1394,94,13,-1.335,1.095,0,nan,147,0.0,147,0.02199999988079071
1395,95,13,-1.3649999999999998,1.095,0,nan,147,0.0,147,0.02199999988079071
1396,96,13,-1.395,1.095,0,nan,147,0.0,147,0.02199999988079071
1397,97,13,-1.4249999999999998,1.095,0,nan,147,0.0,147,0.0
1398,98,13,-1.455,1.095,0,nan,147,0.0,147,0.0
1399,99,13,-1.4849999999999999,1.095,0,nan,147,0.0,147,0.0
1400,0,14,1.485,1.065,0,nan,147,0.0,147,0.0
1401,1,14,1.455,1.065,0,nan,147,0.0,147,0.0
1402,2,14,1.425,1.065,0,nan,147,0.0,147,0.0
1403,3,14,1.395,1.065,0,nan,147,0.0,147,0.02199999988079071
1404,4,14,1.365,1.065,0,nan,147,0.0,147,0.02199999988079071
1405,5,14,1.335,1.065,0,nan,147,0.0,147,0.02199999988079071
1406,6,14,1.305,1.065,0,nan,147,0.0,147,0.02199999988079071
1407,7,14,1.275,1.065,0,nan,147,0.0,147,0.02199999988079071
1408,8,14,1.245,1.065,0,nan,147,0.0,147,0.02199999988079071
1409,9,14,1.215,1.065,0,nan,147,0.0,147,0.02199999988079071
1410,10,14,1.185,1.065,0,nan,147,0.0,147,0.02199999988079071
1411,11,14,1.155,1.065,0,nan,147,0.0,147,0.02199999988079071
1412,12,14,1.125,1.065,0,nan,147,0.0,147,0.02199999988079071
1413,13,14,1.095,1.065,0,nan,147,0.0,147,0.02199999988079071
1414,14,14,1.065,1.065,0,nan,147,0.0,147,0.02199999988079071
1415,15,14,1.0350000000000001,1.065,0,nan,147,0.0,147,0.02199999988079071
1416,16,14,1.005,1.065,0,nan,147,0.0,147,0.02199999988079071
1417,17,14,0.975,1.065,0,nan,147,0.0,147,0.02199999988079071
1418,18,14,0.9450000000000001,1.065,0,nan,147,0.0,147,0.02199999988079071
1419,19,14,0.915,1.065,0,nan,147,0.0,147,0.02199999988079071
1420,20,14,0.885,1.065,0,nan,147,0.0,147,0.02199999988079071
1421,21,14,0.855,1.065,0,nan,147,0.0,147,0.02199999988079071
1422,22,14,0.8250000000000001,1.065,0,nan,147,0.0,147,0.02199999988079071
1423,23,14,0.795,1.065,0,nan,147,0.0,147,0.02199999988079071
1424,24,14,0.765,1.065,0,nan,147,0.0,147,0.02199999988079071
1425,25,14,0.735,1.065,0,nan,147,0.0,147,0.02199999988079071
1426,26,14,0.7050000000000001,1.065,0,nan,147,0.0,147,0.02199999988079071
1427,27,14,0.675,1.065,0,nan,147,0.0,147,0.02199999988079071
1428,28,14,0.645,1.065,0,nan,147,0.0,147,0.02199999988079071
1429,29,14,0.615,1.065,0,nan,147,0.0,147,0.02199999988079071
1430,30,14,0.5850000000000001,1.065,0,nan,147,0.0,147,0.02199999988079071
1431,31,14,0.555,1.065,0,nan,147,0.0,147,0.02199999988079071
1432,32,14,0.525,1.065,0,nan,147,0.0,147,0.02199999988079071
1433,33,14,0.4950000000000001,1.065,0,nan,147,0.0,147,0.02199999988079071
1434,34,14,0.4650000000000001,1.065,0,nan,147,0.0,147,0.02199999988079071
1435,35,14,0.43500000000000005,1.065,0,nan,147,0.0,147,0.02199999988079071
1436,36,14,0.405,1.065,0,nan,147,0.0,147,0.02199999988079071
1437,37,14,0.375,1.065,0,nan,147,0.0,147,0.02199999988079071
1438,38,14,0.345,1.065,0,nan,147,0.0,147,0.02199999988079071
1439,39,14,0.31499999999999995,1.065,0,nan,147,0.0,147,0.02199999988079071
1440,40,14,0.28500000000000014,1.065,0,nan,147,0.0,147,0.02199999988079071
1441,41,14,0.2550000000000001,1.065,0,nan,147,0.0,147,0.02199999988079071
1442,42,14,0.2250000000000001,1.065,0,nan,147,0.0,147,0.02199999988079071
1443,43,14,0.19500000000000006,1.065,0,nan,147,0.0,147,0.02199999988079071
1444,44,14,0.16500000000000004,1.065,0,nan,147,0.0,147,0.02199999988079071
1445,45,14,0.135,1.065,0,nan,147,0.0,147,0.02199999988079071
1446,46,14,0.10499999999999998,1.065,0,nan,147,0.0,147,0.02199999988079071
1447,47,14,0.07499999999999996,1.065,0,nan,147,0.0,147,0.02199999988079071
1448,48,14,0.04500000000000015,1.065,0,nan,147,0.0,147,0.02199999988079071
1449,49,14,0.015000000000000124,1.065,0,nan,147,0.0,147,0.02199999988079071
1450,50,14,-0.014999999999999902,1.065,0,nan,147,0.0,147,0.02199999988079071
1451,51,14,-0.04499999999999993,1.065,0,nan,147,0.0,147,0.02199999988079071
1452,52,14,-0.07499999999999996,1.065,0,nan,147,0.0,147,0.02199999988079071
1453,53,14,-0.10499999999999998,1.065,0,nan,147,0.0,147,0.02199999988079071
1454,54,14,-0.135,1.065,0,nan,147,0.0,147,0.02199999988079071
1455,55,14,-0.16500000000000004,1.065,0,nan,147,0.0,147,0.02199999988079071
1456,56,14,-0.19499999999999984,1.065,0,nan,147,0.0,147,0.02199999988079071
1457,57,14,-0.22499999999999987,1.065,0,nan,147,0.0,147,0.02199999988079071
1458,58,14,-0.2549999999999999,1.065,0,nan,147,0.0,147,0.02199999988079071
1459,59,14,-0.2849999999999999,1.065,0,nan,147,0.0,147,0.02199999988079071
1460,60,14,-0.31499999999999995,1.065,0,nan,147,0.0,147,0.02199999988079071
1461,61,14,-0.345,1.065,0,nan,147,0.0,147,0.02199999988079071
1462,62,14,-0.375,1.065,0,nan,147,0.0,147,0.02199999988079071
1463,63,14,-0.405,1.065,0,nan,147,0.0,147,0.02199999988079071
1464,64,14,-0.43499999999999983,1.065,0,nan,147,0.0,147,0.02199999988079071
1465,65,14,-0.46499999999999986,1.065,0,nan,147,0.0,147,0.02199999988079071
1466,66,14,-0.4949999999999999,1.065,0,nan,147,0.0,147,0.02199999988079071
1467,67,14,-0.5249999999999999,1.065,0,nan,147,0.0,147,0.02199999988079071
1468,68,14,-0.5549999999999997,1.065,0,nan,147,0.0,147,0.02199999988079071
1469,69,14,-0.585,1.065,0,nan,147,0.0,147,0.02199999988079071
1470,70,14,-0.6149999999999998,1.065,0,nan,147,0.0,147,0.02199999988079071
1471,71,14,-0.645,1.065,0,nan,147,0.0,147,0.02199999988079071
1472,72,14,-0.6749999999999998,1.065,0,nan,147,0.0,147,0.02199999988079071
1473,73,14,-0.7050000000000001,1.065,0,nan,147,0.0,147,0.02199999988079071
1474,74,14,-0.7349999999999999,1.065,0,nan,147,0.0,147,0.02199999988079071
1475,75,14,-0.7650000000000001,1.065,0,nan,147,0.0,147,0.02199999988079071
1476,76,14,-0.7949999999999999,1.065,0,nan,147,0.0,147,0.02199999988079071
1477,77,14,-0.8249999999999997,1.065,0,nan,147,0.0,147,0.02199999988079071
1478,78,14,-0.855,1.065,0,nan,147,0.0,147,0.02199999988079071
1479,79,14,-0.8849999999999998,1.065,0,nan,147,0.0,147,0.02199999988079071
1480,80,14,-0.915,1.065,0,nan,147,0.0,147,0.02199999988079071
1481,81,14,-0.9449999999999998,1.065,0,nan,147,0.0,147,0.02199999988079071
1482,82,14,-0.9750000000000001,1.065,0,nan,147,0.0,147,0.02199999988079071
1483,83,14,-1.005,1.065,0,nan,147,0.0,147,0.02199999988079071
1484,84,14,-1.0349999999999997,1.065,0,nan,147,0.0,147,0.02199999988079071
1485,85,14,-1.065,1.065,0,nan,147,0.0,147,0.02199999988079071
1486,86,14,-1.0949999999999998,1.065,0,nan,147,0.0,147,0.02199999988079071
1487,87,14,-1.125,1.065,0,nan,147,0.0,147,0.02199999988079071
1488,88,14,-1.1549999999999998,1.065,0,nan,147,0.0,147,0.02199999988079071
1489,89,14,-1.185,1.065,0,nan,147,0.0,147,0.02199999988079071
1490,90,14,-1.2149999999999999,1.065,0,nan,147,0.0,147,0.02199999988079071
1491,91,14,-1.245,1.065,0,nan,147,0.0,147,0.02199999988079071
1492,92,14,-1.275,1.065,0,nan,147,0.0,147,0.02199999988079071
1493,93,14,-1.3049999999999997,1.065,0,nan,147,0.0,147,0.02199999988079071
1494,94,14,-1.335,1.065,0,nan,147,0.0,147,0.02199999988079071
1495,95,14,-1.3649999999999998,1.065,0,nan,147,0.0,147,0.02199999988079071
1496,96,14,-1.395,1.065,0,nan,147,0.0,147,0.02199999988079071
1497,97,14,-1.4249999999999998,1.065,0,nan,147,0.0,147,0.0
1498,98,14,-1.455,1.065,0,nan,147,0.0,147,0.0
1499,99,14,-1.4849999999999999,1.065,0,nan,147,0.0,147,0.0
1500,0,15,1.485,1.0350000000000001,0,nan,147,0.0,147,0.0
1501,1,15,1.455,1.0350000000000001,0,nan,147,0.0,147,0.0
1502,2,15,1.425,1.0350000000000001,0,nan,147,0.0,147,0.0
1503,3,15,1.395,1.0350000000000001,0,nan,147,0.0,147,0.02199999988079071
1504,4,15,1.365,1.0350000000000001,0,nan,147,0.0,147,0.02199999988079071
1505,5,15,1.335,1.0350000000000001,0,nan,147,0.0,147,0.02199999988079071
1506,6,15,1.305,1.0350000000000001,0,nan,147,0.0,147,0.02199999988079071
1507,7,15,1.275,1.0350000000000001,0,nan,147,0.0,147,0.02199999988079071
1508,8,15,1.245,1.0350000000000001,0,nan,147,0.0,147,0.02199999988079071
1509,9,15,1.215,1.0350000000000001,0,nan,147,0.0,147,0.02199999988079071
1510,10,15,1.185,1.0350000000000001,0,nan,147,0.0,147,0.02199999988079071
1511,11,15,1.155,1.0350000000000001,0,nan,147,0.0,147,0.02199999988079071
1512,12,15,1.125,1.0350000000000001,0,nan,147,0.0,147,0.02199999988079071
1513,13,15,1.095,1.0350000000000001,0,nan,147,0.0,147,0.02199999988079071
1514,14,15,1.065,1.0350000000000001,0,nan,147,0.0,147,0.02199999988079071
1515,15,15,1.0350000000000001,1.0350000000000001,0,nan,147,0.0,147,0.02199999988079071
1516,16,15,1.005,1.0350000000000001,0,nan,147,0.0,147,0.02199999988079071
1517,17,15,0.975,1.0350000000000001,0,nan,147,0.0,147,0.02199999988079071
1518,18,15,0.9450000000000001,1.0350000000000001,0,nan,147,0.0,147,0.02199999988079071
1519,19,15,0.915,1.0350000000000001,0,nan,147,0.0,147,0.02199999988079071
1520,20,15,0.885,1.0350000000000001,0,nan,147,0.0,147,0.02199999988079071
1521,21,15,0.855,1.0350000000000001,0,nan,147,0.0,147,0.02199999988079071
1522,22,15,0.8250000000000001,1.0350000000000001,0,nan,147,0.0,147,0.02199999988079071
1523,23,15,0.795,1.0350000000000001,0,nan,147,0.0,147,0.02199999988079071
1524,24,15,0.765,1.0350000000000001,0,nan,147,0.0,147,0.02199999988079071
1525,25,15,0.735,1.0350000000000001,0,nan,147,0.0,147,0.02199999988079071
1526,26,15,0.7050000000000001,1.0350000000000001,0,nan,147,0.0,147,0.02199999988079071
1527,27,15,0.675,1.0350000000000001,0,nan,147,0.0,147,0.02199999988079071
1528,28,15,0.645,1.0350000000000001,0,nan,147,0.0,147,0.02199999988079071
1529,29,15,0.615,1.0350000000000001,0,nan,147,0.0,147,0.02199999988079071
1530,30,15,0.5850000000000001,1.0350000000000001,0,nan,147,0.0,147,0.02199999988079071
1531,31,15,0.555,1.0350000000000001,0,nan,147,0.0,147,0.02199999988079071
1532,32,15,0.525,1.0350000000000001,0,nan,147,0.0,147,0.02199999988079071
1533,33,15,0.4950000000000001,1.0350000000000001,0,nan,147,0.0,147,0.02199999988079071
1534,34,15,0.4650000000000001,1.0350000000000001,0,nan,147,0.0,147,0.02199999988079071
1535,35,15,0.43500000000000005,1.0350000000000001,0,nan,147,0.0,147,0.02199999988079071
1536,36,15,0.405,1.0350000000000001,0,nan,147,0.0,147,0.02199999988079071
1537,37,15,0.375,1.0350000000000001,0,nan,147,0.0,147,0.02199999988079071
1538,38,15,0.345,1.0350000000000001,0,nan,147,0.0,147,0.02199999988079071
1539,39,15,0.31499999999999995,1.0350000000000001,0,nan,147,0.0,147,0.02199999988079071
1540,40,15,0.28500000000000014,1.0350000000000001,0,nan,147,0.0,147,0.02199999988079071
1541,41,15,0.2550000000000001,1.0350000000000001,0,nan,147,0.0,147,0.02199999988079071
1542,42,15,0.2250000000000001,1.0350000000000001,0,nan,147,0.0,147,0.02199999988079071
1543,43,15,0.19500000000000006,1.0350000000000001,0,nan,147,0.0,147,0.02199999988079071
1544,44,15,0.16500000000000004,1.0350000000000001,0,nan,147,0.0,147,0.02199999988079071
1545,45,15,0.135,1.0350000000000001,0,nan,147,0.0,147,0.02199999988079071
1546,46,15,0.10499999999999998,1.0350000000000001,0,nan,147,0.0,147,0.02199999988079071
1547,47,15,0.07499999999999996,1.0350000000000001,0,nan,147,0.0,147,0.02199999988079071
1548,48,15,0.04500000000000015,1.0350000000000001,0,nan,147,0.0,147,0.02199999988079071
1549,49,15,0.015000000000000124,1.0350000000000001,0,nan,147,0.0,147,0.02199999988079071
1550,50,15,-0.014999999999999902,1.0350000000000001,0,nan,147,0.0,147,0.02199999988079071
1551,51,15,-0.04499999999999993,1.0350000000000001,0,nan,147,0.0,147,0.02199999988079071
1552,52,15,-0.07499999999999996,1.0350000000000001,0,nan,147,0.0,147,0.02199999988079071
1553,53,15,-0.10499999999999998,1.0350000000000001,0,nan,147,0.0,147,0.02199999988079071
1554,54,15,-0.135,1.0350000000000001,0,nan,147,0.0,147,0.02199999988079071
1555,55,15,-0.16500000000000004,1.0350000000000001,0,nan,147,0.0,147,0.02199999988079071
1556,56,15,-0.19499999999999984,1.0350000000000001,0,nan,147,0.0,147,0.02199999988079071
1557,57,15,-0.22499999999999987,1.0350000000000001,0,nan,147,0.0,147,0.02199999988079071
1558,58,15,-0.2549999999999999,1.0350000000000001,0,nan,147,0.0,147,0.02199999988079071
1559,59,15,-0.2849999999999999,1.0350000000000001,0,nan,147,0.0,147,0.02199999988079071
1560,60,15,-0.31499999999999995,1.0350000000000001,0,nan,147,0.0,147,0.02199999988079071
1561,61,15,-0.345,1.0350000000000001,0,nan,147,0.0,147,0.02199999988079071
1562,62,15,-0.375,1.0350000000000001,0,nan,147,0.0,147,0.02199999988079071
1563,63,15,-0.405,1.0350000000000001,0,nan,147,0.0,147,0.02199999988079071
1564,64,15,-0.43499999999999983,1.0350000000000001,0,nan,147,0.0,147,0.02199999988079071
1565,65,15,-0.46499999999999986,1.0350000000000001,0,nan,147,0.0,147,0.02199999988079071
1566,66,15,-0.4949999999999999,1.0350000000000001,0,nan,147,0.0,147,0.02199999988079071
1567,67,15,-0.5249999999999999,1.0350000000000001,0,nan,147,0.0,147,0.02199999988079071
1568,68,15,-0.5549999999999997,1.0350000000000001,0,nan,147,0.0,147,0.02199999988079071
1569,69,15,-0.585,1.0350000000000001,0,nan,147,0.0,147,0.02199999988079071
1570,70,15,-0.6149999999999998,1.0350000000000001,0,nan,147,0.0,147,0.02199999988079071
1571,71,15,-0.645,1.0350000000000001,0,nan,147,0.0,147,0.02199999988079071
1572,72,15,-0.6749999999999998,1.0350000000000001,0,nan,147,0.0,147,0.02199999988079071
1573,73,15,-0.7050000000000001,1.0350000000000001,0,nan,147,0.0,147,0.02199999988079071
1574,74,15,-0.7349999999999999,1.0350000000000001,0,nan,147,0.0,147,0.02199999988079071
1575,75,15,-0.7650000000000001,1.0350000000000001,0,nan,147,0.0,147,0.02199999988079071
1576,76,15,-0.7949999999999999,1.0350000000000001,0,nan,147,0.0,147,0.02199999988079071
1577,77,15,-0.8249999999999997,1.0350000000000001,0,nan,147,0.0,147,0.02199999988079071
1578,78,15,-0.855,1.0350000000000001,0,nan,147,0.0,147,0.02199999988079071
1579,79,15,-0.8849999999999998,1.0350000000000001,0,nan,147,0.0,147,0.02199999988079071
1580,80,15,-0.915,1.0350000000000001,0,nan,147,0.0,147,0.02199999988079071
1581,81,15,-0.9449999999999998,1.0350000000000001,0,nan,147,0.0,147,0.02199999988079071
1582,82,15,-0.9750000000000001,1.0350000000000001,0,nan,147,0.0,147,0.02199999988079071
1583,83,15,-1.005,1.0350000000000001,0,nan,147,0.0,147,0.02199999988079071
1584,84,15,-1.0349999999999997,1.0350000000000001,0,nan,147,0.0,147,0.02199999988079071
1585,85,15,-1.065,1.0350000000000001,0,nan,147,0.0,147,0.02199999988079071
1586,86,15,-1.0949999999999998,1.0350000000000001,0,nan,147,0.0,147,0.02199999988079071
1587,87,15,-1.125,1.0350000000000001,0,nan,147,0.0,147,0.02199999988079071
1588,88,15,-1.1549999999999998,1.0350000000000001,0,nan,147,0.0,147,0.02199999988079071
1589,89,15,-1.185,1.0350000000000001,0,nan,147,0.0,147,0.02199999988079071
1590,90,15,-1.2149999999999999,1.0350000000000001,0,nan,147,0.0,147,0.02199999988079071
1591,91,15,-1.245,1.0350000000000001,0,nan,147,0.0,147,0.02199999988079071
1592,92,15,-1.275,1.0350000000000001,0,nan,147,0.0,147,0.02199999988079071
1593,93,15,-1.3049999999999997,1.0350000000000001,0,nan,147,0.0,147,0.02199999988079071
1594,94,15,-1.335,1.0350000000000001,0,nan,147,0.0,147,0.02199999988079071
1595,95,15,-1.3649999999999998,1.0350000000000001,0,nan,147,0.0,147,0.02199999988079071
1596,96,15,-1.395,1.0350000000000001,0,nan,147,0.0,147,0.02199999988079071
1597,97,15,-1.4249999999999998,1.0350000000000001,0,nan,147,0.0,147,0.0
1598,98,15,-1.455,1.0350000000000001,0,nan,147,0.0,147,0.0
1599,99,15,-1.4849999999999999,1.0350000000000001,0,nan,147,0.0,147,0.0
1600,0,16,1.485,1.005,0,nan,147,0.0,147,0.0
1601,1,16,1.455,1.005,0,nan,147,0.0,147,0.0
1602,2,16,1.425,1.005,0,nan,147,0.0,147,0.0
1603,3,16,1.395,1.005,0,nan,147,0.0,147,0.02199999988079071
1604,4,16,1.365,1.005,0,nan,147,0.0,147,0.02199999988079071
1605,5,16,1.335,1.005,0,nan,147,0.0,147,0.02199999988079071
1606,6,16,1.305,1.005,0,nan,147,0.0,147,0.02199999988079071
1607,7,16,1.275,1.005,0,nan,147,0.0,147,0.02199999988079071
1608,8,16,1.245,1.005,0,nan,147,0.0,147,0.02199999988079071
1609,9,16,1.215,1.005,0,nan,147,0.0,147,0.02199999988079071
1610,10,16,1.185,1.005,0,nan,147,0.0,147,0.02199999988079071
1611,11,16,1.155,1.005,0,nan,147,0.0,147,0.02199999988079071
1612,12,16,1.125,1.005,0,nan,147,0.0,147,0.02199999988079071
1613,13,16,1.095,1.005,0,nan,147,0.0,147,0.02199999988079071
1614,14,16,1.065,1.005,0,nan,147,0.0,147,0.02199999988079071
1615,15,16,1.0350000000000001,1.005,0,nan,147,0.0,147,0.02199999988079071
1616,16,16,1.005,1.005,0,nan,147,0.0,147,0.02199999988079071
1617,17,16,0.975,1.005,0,nan,147,0.0,147,0.02199999988079071
1618,18,16,0.9450000000000001,1.005,0,nan,147,0.0,147,0.02199999988079071
1619,19,16,0.915,1.005,0,nan,147,0.0,147,0.02199999988079071
1620,20,16,0.885,1.005,0,nan,147,0.0,147,0.02199999988079071
1621,21,16,0.855,1.005,0,nan,147,0.0,147,0.02199999988079071
1622,22,16,0.8250000000000001,1.005,0,nan,147,0.0,147,0.02199999988079071
1623,23,16,0.795,1.005,0,nan,147,0.0,147,0.02199999988079071
1624,24,16,0.765,1.005,0,nan,147,0.0,147,0.02199999988079071
1625,25,16,0.735,1.005,0,nan,147,0.0,147,0.02199999988079071
1626,26,16,0.7050000000000001,1.005,0,nan,147,0.0,147,0.02199999988079071
1627,27,16,0.675,1.005,0,nan,147,0.0,147,0.02199999988079071
1628,28,16,0.645,1.005,0,nan,147,0.0,147,0.02199999988079071
1629,29,16,0.615,1.005,0,nan,147,0.0,147,0.02199999988079071
1630,30,16,0.5850000000000001,1.005,0,nan,147,0.0,147,0.02199999988079071
1631,31,16,0.555,1.005,0,nan,147,0.0,147,0.02199999988079071
1632,32,16,0.525,1.005,0,nan,147,0.0,147,0.02199999988079071
1633,33,16,0.4950000000000001,1.005,0,nan,147,0.0,147,0.02199999988079071
1634,34,16,0.4650000000000001,1.005,0,nan,147,0.0,147,0.02199999988079071
1635,35,16,0.43500000000000005,1.005,0,nan,147,0.0,147,0.02199999988079071
1636,36,16,0.405,1.005,0,nan,147,0.0,147,0.02199999988079071
1637,37,16,0.375,1.005,0,nan,147,0.0,147,0.02199999988079071
1638,38,16,0.345,1.005,0,nan,147,0.0,147,0.02199999988079071
1639,39,16,0.31499999999999995,1.005,0,nan,147,0.0,147,0.02199999988079071
1640,40,16,0.28500000000000014,1.005,0,nan,147,0.0,147,0.02199999988079071
1641,41,16,0.2550000000000001,1.005,0,nan,147,0.0,147,0.02199999988079071
1642,42,16,0.2250000000000001,1.005,0,nan,147,0.0,147,0.02199999988079071
1643,43,16,0.19500000000000006,1.005,0,nan,147,0.0,147,0.02199999988079071
1644,44,16,0.16500000000000004,1.005,0,nan,147,0.0,147,0.02199999988079071
1645,45,16,0.135,1.005,0,nan,147,0.0,147,0.02199999988079071
1646,46,16,0.10499999999999998,1.005,0,nan,147,0.0,147,0.02199999988079071
1647,47,16,0.07499999999999996,1.005,0,nan,147,0.0,147,0.02199999988079071
1648,48,16,0.04500000000000015,1.005,0,nan,147,0.0,147,0.02199999988079071
1649,49,16,0.015000000000000124,1.005,0,nan,147,0.0,147,0.02199999988079071
1650,50,16,-0.014999999999999902,1.005,0,nan,147,0.0,147,0.02199999988079071
1651,51,16,-0.04499999999999993,1.005,0,nan,147,0.0,147,0.02199999988079071
1652,52,16,-0.07499999999999996,1.005,0,nan,147,0.0,147,0.02199999988079071
1653,53,16,-0.10499999999999998,1.005,0,nan,147,0.0,147,0.02199999988079071
1654,54,16,-0.135,1.005,0,nan,147,0.0,147,0.02199999988079071
1655,55,16,-0.16500000000000004,1.005,0,nan,147,0.0,147,0.02199999988079071
1656,56,16,-0.19499999999999984,1.005,0,nan,147,0.0,147,0.02199999988079071
1657,57,16,-0.22499999999999987,1.005,0,nan,147,0.0,147,0.02199999988079071
1658,58,16,-0.2549999999999999,1.005,0,nan,147,0.0,147,0.02199999988079071
1659,59,16,-0.2849999999999999,1.005,0,nan,147,0.0,147,0.02199999988079071
1660,60,16,-0.31499999999999995,1.005,0,nan,147,0.0,147,0.02199999988079071
1661,61,16,-0.345,1.005,0,nan,147,0.0,147,0.02199999988079071
1662,62,16,-0.375,1.005,0,nan,147,0.0,147,0.02199999988079071
1663,63,16,-0.405,1.005,0,nan,147,0.0,147,0.02199999988079071
1664,64,16,-0.43499999999999983,1.005,0,nan,147,0.0,147,0.02199999988079071
1665,65,16,-0.46499999999999986,1.005,0,nan,147,0.0,147,0.02199999988079071
1666,66,16,-0.4949999999999999,1.005,0,nan,147,0.0,147,0.02199999988079071
1667,67,16,-0.5249999999999999,1.005,0,nan,147,0.0,147,0.02199999988079071
1668,68,16,-0.5549999999999997,1.005,0,nan,147,0.0,147,0.02199999988079071
1669,69,16,-0.585,1.005,0,nan,147,0.0,147,0.02199999988079071
1670,70,16,-0.6149999999999998,1.005,0,nan,147,0.0,147,0.02199999988079071
1671,71,16,-0.645,1.005,0,nan,147,0.0,147,0.02199999988079071
1672,72,16,-0.6749999999999998,1.005,0,nan,147,0.0,147,0.02199999988079071
1673,73,16,-0.7050000000000001,1.005,0,nan,147,0.0,147,0.02199999988079071
1674,74,16,-0.7349999999999999,1.005,0,nan,147,0.0,147,0.02199999988079071
1675,75,16,-0.7650000000000001,1.005,0,nan,147,0.0,147,0.02199999988079071
1676,76,16,-0.7949999999999999,1.005,0,nan,147,0.0,147,0.02199999988079071
1677,77,16,-0.8249999999999997,1.005,0,nan,147,0.0,147,0.02199999988079071
1678,78,16,-0.855,1.005,0,nan,147,0.0,147,0.02199999988079071
1679,79,16,-0.8849999999999998,1.005,0,nan,147,0.0,147,0.02199999988079071
1680,80,16,-0.915,1.005,0,nan,147,0.0,147,0.02199999988079071
1681,81,16,-0.9449999999999998,1.005,0,nan,147,0.0,147,0.02199999988079071
1682,82,16,-0.9750000000000001,1.005,0,nan,147,0.0,147,0.02199999988079071
1683,83,16,-1.005,1.005,0,nan,147,0.0,147,0.02199999988079071
1684,84,16,-1.0349999999999997,1.005,0,nan,147,0.0,147,0.02199999988079071
1685,85,16,-1.065,1.005,0,nan,147,0.0,147,0.02199999988079071
1686,86,16,-1.0949999999999998,1.005,0,nan,147,0.0,147,0.02199999988079071
1687,87,16,-1.125,1.005,0,nan,147,0.0,147,0.02199999988079071
1688,88,16,-1.1549999999999998,1.005,0,nan,147,0.0,147,0.02199999988079071
1689,89,16,-1.185,1.005,0,nan,147,0.0,147,0.02199999988079071
1690,90,16,-1.2149999999999999,1.005,0,nan,147,0.0,147,0.02199999988079071
1691,91,16,-1.245,1.005,0,nan,147,0.0,147,0.02199999988079071
1692,92,16,-1.275,1.005,0,nan,147,0.0,147,0.02199999988079071
1693,93,16,-1.3049999999999997,1.005,0,nan,147,0.0,147,0.02199999988079071
1694,94,16,-1.335,1.005,0,nan,147,0.0,147,0.02199999988079071
1695,95,16,-1.3649999999999998,1.005,0,nan,147,0.0,147,0.02199999988079071
1696,96,16,-1.395,1.005,0,nan,147,0.0,147,0.02199999988079071
1697,97,16,-1.4249999999999998,1.005,0,nan,147,0.0,147,0.0
1698,98,16,-1.455,1.005,0,nan,147,0.0,147,0.0
1699,99,16,-1.4849999999999999,1.005,0,nan,147,0.0,147,0.0
1700,0,17,1.485,0.975,0,nan,147,0.0,147,0.0
1701,1,17,1.455,0.975,0,nan,147,0.0,147,0.0
1702,2,17,1.425,0.975,0,nan,147,0.0,147,0.0
1703,3,17,1.395,0.975,0,nan,147,0.0,147,0.02199999988079071
1704,4,17,1.365,0.975,0,nan,147,0.0,147,0.02199999988079071
1705,5,17,1.335,0.975,0,nan,147,0.0,147,0.02199999988079071
1706,6,17,1.305,0.975,0,nan,147,0.0,147,0.02199999988079071
1707,7,17,1.275,0.975,0,nan,147,0.0,147,0.02199999988079071
1708,8,17,1.245,0.975,0,nan,147,0.0,147,0.02199999988079071
1709,9,17,1.215,0.975,0,nan,147,0.0,147,0.02199999988079071
1710,10,17,1.185,0.975,0,nan,147,0.0,147,0.02199999988079071
1711,11,17,1.155,0.975,0,nan,147,0.0,147,0.02199999988079071
1712,12,17,1.125,0.975,0,nan,147,0.0,147,0.02199999988079071
1713,13,17,1.095,0.975,0,nan,147,0.0,147,0.02199999988079071
1714,14,17,1.065,0.975,0,nan,147,0.0,147,0.02199999988079071
1715,15,17,1.0350000000000001,0.975,0,nan,147,0.0,147,0.02199999988079071
1716,16,17,1.005,0.975,0,nan,147,0.0,147,0.02199999988079071
1717,17,17,0.975,0.975,0,nan,147,0.0,147,0.02199999988079071
1718,18,17,0.9450000000000001,0.975,0,nan,147,0.0,147,0.02199999988079071
1719,19,17,0.915,0.975,0,nan,147,0.0,147,0.02199999988079071
1720,20,17,0.885,0.975,0,nan,147,0.0,147,0.02199999988079071
1721,21,17,0.855,0.975,0,nan,147,0.0,147,0.02199999988079071
1722,22,17,0.8250000000000001,0.975,0,nan,147,0.0,147,0.02199999988079071
1723,23,17,0.795,0.975,0,nan,147,0.0,147,0.02199999988079071
1724,24,17,0.765,0.975,0,nan,147,0.0,147,0.02199999988079071
1725,25,17,0.735,0.975,0,nan,147,0.0,147,0.02199999988079071
1726,26,17,0.7050000000000001,0.975,0,nan,147,0.0,147,0.02199999988079071
1727,27,17,0.675,0.975,0,nan,147,0.0,147,0.02199999988079071
1728,28,17,0.645,0.975,0,nan,147,0.0,147,0.02199999988079071
1729,29,17,0.615,0.975,0,nan,147,0.0,147,0.02199999988079071
1730,30,17,0.5850000000000001,0.975,0,nan,147,0.0,147,0.02199999988079071
1731,31,17,0.555,0.975,0,nan,147,0.0,147,0.02199999988079071
1732,32,17,0.525,0.975,0,nan,147,0.0,147,0.02199999988079071
1733,33,17,0.4950000000000001,0.975,0,nan,147,0.0,147,0.02199999988079071
1734,34,17,0.4650000000000001,0.975,0,nan,147,0.0,147,0.02199999988079071
1735,35,17,0.43500000000000005,0.975,0,nan,147,0.0,147,0.02199999988079071
1736,36,17,0.405,0.975,0,nan,147,0.0,147,0.02199999988079071
1737,37,17,0.375,0.975,0,nan,147,0.0,147,0.02199999988079071
1738,38,17,0.345,0.975,0,nan,147,0.0,147,0.02199999988079071
1739,39,17,0.31499999999999995,0.975,0,nan,147,0.0,147,0.02199999988079071
1740,40,17,0.28500000000000014,0.975,0,nan,147,0.0,147,0.02199999988079071
1741,41,17,0.2550000000000001,0.975,0,nan,147,0.0,147,0.02199999988079071
1742,42,17,0.2250000000000001,0.975,0,nan,147,0.0,147,0.02199999988079071
1743,43,17,0.19500000000000006,0.975,0,nan,147,0.0,147,0.02199999988079071
1744,44,17,0.16500000000000004,0.975,0,nan,147,0.0,147,0.02199999988079071
1745,45,17,0.135,0.975,0,nan,147,0.0,147,0.02199999988079071
1746,46,17,0.10499999999999998,0.975,0,nan,147,0.0,147,0.02199999988079071
1747,47,17,0.07499999999999996,0.975,0,nan,147,0.0,147,0.02199999988079071
1748,48,17,0.04500000000000015,0.975,0,nan,147,0.0,147,0.02199999988079071
1749,49,17,0.015000000000000124,0.975,0,nan,147,0.0,147,0.02199999988079071
1750,50,17,-0.014999999999999902,0.975,0,nan,147,0.0,147,0.02199999988079071
1751,51,17,-0.04499999999999993,0.975,0,nan,147,0.0,147,0.02199999988079071
1752,52,17,-0.07499999999999996,0.975,0,nan,147,0.0,147,0.02199999988079071
1753,53,17,-0.10499999999999998,0.975,0,nan,147,0.0,147,0.02199999988079071
1754,54,17,-0.135,0.975,0,nan,147,0.0,147,0.02199999988079071
1755,55,17,-0.16500000000000004,0.975,0,nan,147,0.0,147,0.02199999988079071
1756,56,17,-0.19499999999999984,0.975,0,nan,147,0.0,147,0.02199999988079071
1757,57,17,-0.22499999999999987,0.975,0,nan,147,0.0,147,0.02199999988079071
1758,58,17,-0.2549999999999999,0.975,0,nan,147,0.0,147,0.02199999988079071
1759,59,17,-0.2849999999999999,0.975,0,nan,147,0.0,147,0.02199999988079071
1760,60,17,-0.31499999999999995,0.975,0,nan,147,0.0,147,0.02199999988079071
1761,61,17,-0.345,0.975,0,nan,147,0.0,147,0.02199999988079071
1762,62,17,-0.375,0.975,0,nan,147,0.0,147,0.02199999988079071
1763,63,17,-0.405,0.975,0,nan,147,0.0,147,0.02199999988079071
1764,64,17,-0.43499999999999983,0.975,0,nan,147,0.0,147,0.02199999988079071
1765,65,17,-0.46499999999999986,0.975,0,nan,147,0.0,147,0.02199999988079071
1766,66,17,-0.4949999999999999,0.975,0,nan,147,0.0,147,0.02199999988079071
1767,67,17,-0.5249999999999999,0.975,0,nan,147,0.0,147,0.02199999988079071
1768,68,17,-0.5549999999999997,0.975,0,nan,147,0.0,147,0.02199999988079071
1769,69,17,-0.585,0.975,0,nan,147,0.0,147,0.02199999988079071
1770,70,17,-0.6149999999999998,0.975,0,nan,147,0.0,147,0.02199999988079071
1771,71,17,-0.645,0.975,0,nan,147,0.0,147,0.02199999988079071
1772,72,17,-0.6749999999999998,0.975,0,nan,147,0.0,147,0.02199999988079071
1773,73,17,-0.7050000000000001,0.975,0,nan,147,0.0,147,0.02199999988079071
1774,74,17,-0.7349999999999999,0.975,0,nan,147,0.0,147,0.02199999988079071
1775,75,17,-0.7650000000000001,0.975,0,nan,147,0.0,147,0.02199999988079071
1776,76,17,-0.7949999999999999,0.975,0,nan,147,0.0,147,0.02199999988079071
1777,77,17,-0.8249999999999997,0.975,0,nan,147,0.0,147,0.02199999988079071
1778,78,17,-0.855,0.975,0,nan,147,0.0,147,0.02199999988079071
1779,79,17,-0.8849999999999998,0.975,0,nan,147,0.0,147,0.02199999988079071
1780,80,17,-0.915,0.975,0,nan,147,0.0,147,0.02199999988079071
1781,81,17,-0.9449999999999998,0.975,0,nan,147,0.0,147,0.02199999988079071
1782,82,17,-0.9750000000000001,0.975,0,nan,147,0.0,147,0.02199999988079071
1783,83,17,-1.005,0.975,0,nan,147,0.0,147,0.02199999988079071
1784,84,17,-1.0349999999999997,0.975,0,nan,147,0.0,147,0.02199999988079071
1785,85,17,-1.065,0.975,0,nan,147,0.0,147,0.02199999988079071
1786,86,17,-1.0949999999999998,0.975,0,nan,147,0.0,147,0.02199999988079071
1787,87,17,-1.125,0.975,0,nan,147,0.0,147,0.02199999988079071
1788,88,17,-1.1549999999999998,0.975,0,nan,147,0.0,147,0.02199999988079071
1789,89,17,-1.185,0.975,0,nan,147,0.0,147,0.02199999988079071
1790,90,17,-1.2149999999999999,0.975,0,nan,147,0.0,147,0.02199999988079071
1791,91,17,-1.245,0.975,0,nan,147,0.0,147,0.02199999988079071
1792,92,17,-1.275,0.975,0,nan,147,0.0,147,0.02199999988079071
1793,93,17,-1.3049999999999997,0.975,0,nan,147,0.0,147,0.02199999988079071
1794,94,17,-1.335,0.975,0,nan,147,0.0,147,0.02199999988079071
1795,95,17,-1.3649999999999998,0.975,0,nan,147,0.0,147,0.02199999988079071
1796,96,17,-1.395,0.975,0,nan,147,0.0,147,0.02199999988079071
1797,97,17,-1.4249999999999998,0.975,0,nan,147,0.0,147,0.0
1798,98,17,-1.455,0.975,0,nan,147,0.0,147,0.0
1799,99,17,-1.4849999999999999,0.975,0,nan,147,0.0,147,0.0
1800,0,18,1.485,0.9450000000000001,0,nan,147,0.0,147,0.0
1801,1,18,1.455,0.9450000000000001,0,nan,147,0.0,147,0.0
1802,2,18,1.425,0.9450000000000001,0,nan,147,0.0,147,0.0
1803,3,18,1.395,0.9450000000000001,0,nan,147,0.0,147,0.02199999988079071
1804,4,18,1.365,0.9450000000000001,0,nan,147,0.0,147,0.02199999988079071
1805,5,18,1.335,0.9450000000000001,0,nan,147,0.0,147,0.02199999988079071
1806,6,18,1.305,0.9450000000000001,0,nan,147,0.0,147,0.02199999988079071
1807,7,18,1.275,0.9450000000000001,0,nan,147,0.0,147,0.02199999988079071
1808,8,18,1.245,0.9450000000000001,0,nan,147,0.0,147,0.02199999988079071
1809,9,18,1.215,0.9450000000000001,0,nan,147,0.0,147,0.02199999988079071
1810,10,18,1.185,0.9450000000000001,0,nan,147,0.0,147,0.02199999988079071
1811,11,18,1.155,0.9450000000000001,0,nan,147,0.0,147,0.02199999988079071
1812,12,18,1.125,0.9450000000000001,0,nan,147,0.0,147,0.02199999988079071
1813,13,18,1.095,0.9450000000000001,0,nan,147,0.0,147,0.02199999988079071
1814,14,18,1.065,0.9450000000000001,0,nan,147,0.0,147,0.02199999988079071
1815,15,18,1.0350000000000001,0.9450000000000001,0,nan,147,0.0,147,0.02199999988079071
1816,16,18,1.005,0.9450000000000001,0,nan,147,0.0,147,0.02199999988079071
1817,17,18,0.975,0.9450000000000001,0,nan,147,0.0,147,0.02199999988079071
1818,18,18,0.9450000000000001,0.9450000000000001,0,nan,147,0.0,147,0.02199999988079071
1819,19,18,0.915,0.9450000000000001,0,nan,147,0.0,147,0.02199999988079071
1820,20,18,0.885,0.9450000000000001,0,nan,147,0.0,147,0.02199999988079071
1821,21,18,0.855,0.9450000000000001,0,nan,147,0.0,147,0.02199999988079071
1822,22,18,0.8250000000000001,0.9450000000000001,0,nan,147,0.0,147,0.02199999988079071
1823,23,18,0.795,0.9450000000000001,0,nan,147,0.0,147,0.02199999988079071
1824,24,18,0.765,0.9450000000000001,0,nan,147,0.0,147,0.02199999988079071
1825,25,18,0.735,0.9450000000000001,0,nan,147,0.0,147,0.02199999988079071
1826,26,18,0.7050000000000001,0.9450000000000001,0,nan,147,0.0,147,0.02199999988079071
1827,27,18,0.675,0.9450000000000001,0,nan,147,0.0,147,0.02199999988079071
1828,28,18,0.645,0.9450000000000001,0,nan,147,0.0,147,0.02199999988079071
1829,29,18,0.615,0.9450000000000001,0,nan,147,0.0,147,0.02199999988079071
1830,30,18,0.5850000000000001,0.9450000000000001,0,nan,147,0.0,147,0.02199999988079071
1831,31,18,0.555,0.9450000000000001,0,nan,147,0.0,147,0.02199999988079071
1832,32,18,0.525,0.9450000000000001,0,nan,147,0.0,147,0.02199999988079071
1833,33,18,0.4950000000000001,0.9450000000000001,0,nan,147,0.0,147,0.02199999988079071
1834,34,18,0.4650000000000001,0.9450000000000001,0,nan,147,0.0,147,0.02199999988079071
1835,35,18,0.43500000000000005,0.9450000000000001,0,nan,147,0.0,147,0.02199999988079071
1836,36,18,0.405,0.9450000000000001,0,nan,147,0.0,147,0.02199999988079071
1837,37,18,0.375,0.9450000000000001,0,nan,147,0.0,147,0.02199999988079071
1838,38,18,0.345,0.9450000000000001,0,nan,147,0.0,147,0.02199999988079071
1839,39,18,0.31499999999999995,0.9450000000000001,0,nan,147,0.0,147,0.02199999988079071
1840,40,18,0.28500000000000014,0.9450000000000001,0,nan,147,0.0,147,0.02199999988079071
1841,41,18,0.2550000000000001,0.9450000000000001,0,nan,147,0.0,147,0.02199999988079071
1842,42,18,0.2250000000000001,0.9450000000000001,0,nan,147,0.0,147,0.02199999988079071
1843,43,18,0.19500000000000006,0.9450000000000001,0,nan,147,0.0,147,0.02199999988079071
1844,44,18,0.16500000000000004,0.9450000000000001,0,nan,147,0.0,147,0.02199999988079071
1845,45,18,0.135,0.9450000000000001,0,nan,147,0.0,147,0.02199999988079071
1846,46,18,0.10499999999999998,0.9450000000000001,0,nan,147,0.0,147,0.02199999988079071
1847,47,18,0.07499999999999996,0.9450000000000001,0,nan,147,0.0,147,0.02199999988079071
1848,48,18,0.04500000000000015,0.9450000000000001,0,nan,147,0.0,147,0.02199999988079071
1849,49,18,0.015000000000000124,0.9450000000000001,0,nan,147,0.0,147,0.02199999988079071
1850,50,18,-0.014999999999999902,0.9450000000000001,0,nan,147,0.0,147,0.02199999988079071
1851,51,18,-0.04499999999999993,0.9450000000000001,0,nan,147,0.0,147,0.02199999988079071
1852,52,18,-0.07499999999999996,0.9450000000000001,0,nan,147,0.0,147,0.02199999988079071
1853,53,18,-0.10499999999999998,0.9450000000000001,0,nan,147,0.0,147,0.02199999988079071
1854,54,18,-0.135,0.9450000000000001,0,nan,147,0.0,147,0.02199999988079071
1855,55,18,-0.16500000000000004,0.9450000000000001,0,nan,147,0.0,147,0.02199999988079071
1856,56,18,-0.19499999999999984,0.9450000000000001,0,nan,147,0.0,147,0.02199999988079071
1857,57,18,-0.22499999999999987,0.9450000000000001,0,nan,147,0.0,147,0.02199999988079071
1858,58,18,-0.2549999999999999,0.9450000000000001,0,nan,147,0.0,147,0.02199999988079071
1859,59,18,-0.2849999999999999,0.9450000000000001,0,nan,147,0.0,147,0.02199999988079071
1860,60,18,-0.31499999999999995,0.9450000000000001,0,nan,147,0.0,147,0.02199999988079071
1861,61,18,-0.345,0.9450000000000001,0,nan,147,0.0,147,0.02199999988079071
1862,62,18,-0.375,0.9450000000000001,0,nan,147,0.0,147,0.02199999988079071
1863,63,18,-0.405,0.9450000000000001,0,nan,147,0.0,147,0.02199999988079071
1864,64,18,-0.43499999999999983,0.9450000000000001,0,nan,147,0.0,147,0.02199999988079071
1865,65,18,-0.46499999999999986,0.9450000000000001,0,nan,147,0.0,147,0.02199999988079071
1866,66,18,-0.4949999999999999,0.9450000000000001,0,nan,147,0.0,147,0.02199999988079071
1867,67,18,-0.5249999999999999,0.9450000000000001,0,nan,147,0.0,147,0.02199999988079071
1868,68,18,-0.5549999999999997,0.9450000000000001,0,nan,147,0.0,147,0.02199999988079071
1869,69,18,-0.585,0.9450000000000001,0,nan,147,0.0,147,0.02199999988079071
1870,70,18,-0.6149999999999998,0.9450000000000001,0,nan,147,0.0,147,0.02199999988079071
1871,71,18,-0.645,0.9450000000000001,0,nan,147,0.0,147,0.02199999988079071
1872,72,18,-0.6749999999999998,0.9450000000000001,0,nan,147,0.0,147,0.02199999988079071
1873,73,18,-0.7050000000000001,0.9450000000000001,0,nan,147,0.0,147,0.02199999988079071
1874,74,18,-0.7349999999999999,0.9450000000000001,0,nan,147,0.0,147,0.02199999988079071
1875,75,18,-0.7650000000000001,0.9450000000000001,0,nan,147,0.0,147,0.02199999988079071
1876,76,18,-0.7949999999999999,0.9450000000000001,0,nan,147,0.0,147,0.02199999988079071
1877,77,18,-0.8249999999999997,0.9450000000000001,0,nan,147,0.0,147,0.02199999988079071
1878,78,18,-0.855,0.9450000000000001,0,nan,147,0.0,147,0.02199999988079071
1879,79,18,-0.8849999999999998,0.9450000000000001,0,nan,147,0.0,147,0.02199999988079071
1880,80,18,-0.915,0.9450000000000001,0,nan,147,0.0,147,0.02199999988079071
1881,81,18,-0.9449999999999998,0.9450000000000001,0,nan,147,0.0,147,0.02199999988079071
1882,82,18,-0.9750000000000001,0.9450000000000001,0,nan,147,0.0,147,0.02199999988079071
1883,83,18,-1.005,0.9450000000000001,0,nan,147,0.0,147,0.02199999988079071
1884,84,18,-1.0349999999999997,0.9450000000000001,0,nan,147,0.0,147,0.02199999988079071
1885,85,18,-1.065,0.9450000000000001,0,nan,147,0.0,147,0.02199999988079071
1886,86,18,-1.0949999999999998,0.9450000000000001,0,nan,147,0.0,147,0.02199999988079071
1887,87,18,-1.125,0.9450000000000001,0,nan,147,0.0,147,0.02199999988079071
1888,88,18,-1.1549999999999998,0.9450000000000001,0,nan,147,0.0,147,0.02199999988079071
1889,89,18,-1.185,0.9450000000000001,0,nan,147,0.0,147,0.02199999988079071
1890,90,18,-1.2149999999999999,0.9450000000000001,0,nan,147,0.0,147,0.02199999988079071
1891,91,18,-1.245,0.9450000000000001,0,nan,147,0.0,147,0.02199999988079071
1892,92,18,-1.275,0.9450000000000001,0,nan,147,0.0,147,0.02199999988079071
1893,93,18,-1.3049999999999997,0.9450000000000001,0,nan,147,0.0,147,0.02199999988079071
1894,94,18,-1.335,0.9450000000000001,0,nan,147,0.0,147,0.02199999988079071
1895,95,18,-1.3649999999999998,0.9450000000000001,0,nan,147,0.0,147,0.02199999988079071
1896,96,18,-1.395,0.9450000000000001,0,nan,147,0.0,147,0.02199999988079071
1897,97,18,-1.4249999999999998,0.9450000000000001,0,nan,147,0.0,147,0.0
1898,98,18,-1.455,0.9450000000000001,0,nan,147,0.0,147,0.0
1899,99,18,-1.4849999999999999,0.9450000000000001,0,nan,147,0.0,147,0.0
1900,0,19,1.485,0.915,0,nan,147,0.0,147,0.0
1901,1,19,1.455,0.915,0,nan,147,0.0,147,0.0
1902,2,19,1.425,0.915,0,nan,147,0.0,147,0.0
1903,3,19,1.395,0.915,0,nan,147,0.0,147,0.02199999988079071
1904,4,19,1.365,0.915,0,nan,147,0.0,147,0.02199999988079071
1905,5,19,1.335,0.915,0,nan,147,0.0,147,0.02199999988079071
1906,6,19,1.305,0.915,0,nan,147,0.0,147,0.02199999988079071
1907,7,19,1.275,0.915,0,nan,147,0.0,147,0.02199999988079071
1908,8,19,1.245,0.915,0,nan,147,0.0,147,0.02199999988079071
1909,9,19,1.215,0.915,0,nan,147,0.0,147,0.02199999988079071
1910,10,19,1.185,0.915,0,nan,147,0.0,147,0.02199999988079071
1911,11,19,1.155,0.915,0,nan,147,0.0,147,0.02199999988079071
1912,12,19,1.125,0.915,0,nan,147,0.0,147,0.02199999988079071
1913,13,19,1.095,0.915,0,nan,147,0.0,147,0.02199999988079071
1914,14,19,1.065,0.915,0,nan,147,0.0,147,0.02199999988079071
1915,15,19,1.0350000000000001,0.915,0,nan,147,0.0,147,0.02199999988079071
1916,16,19,1.005,0.915,0,nan,147,0.0,147,0.02199999988079071
1917,17,19,0.975,0.915,0,nan,147,0.0,147,0.02199999988079071
1918,18,19,0.9450000000000001,0.915,0,nan,147,0.0,147,0.02199999988079071
1919,19,19,0.915,0.915,0,nan,147,0.0,147,0.02199999988079071
1920,20,19,0.885,0.915,0,nan,147,0.0,147,0.02199999988079071
1921,21,19,0.855,0.915,0,nan,147,0.0,147,0.02199999988079071
1922,22,19,0.8250000000000001,0.915,0,nan,147,0.0,147,0.02199999988079071
1923,23,19,0.795,0.915,0,nan,147,0.0,147,0.02199999988079071
1924,24,19,0.765,0.915,0,nan,147,0.0,147,0.02199999988079071
1925,25,19,0.735,0.915,0,nan,147,0.0,147,0.02199999988079071
1926,26,19,0.7050000000000001,0.915,0,nan,147,0.0,147,0.02199999988079071
1927,27,19,0.675,0.915,0,nan,147,0.0,147,0.02199999988079071
1928,28,19,0.645,0.915,0,nan,147,0.0,147,0.02199999988079071
1929,29,19,0.615,0.915,0,nan,147,0.0,147,0.02199999988079071
1930,30,19,0.5850000000000001,0.915,0,nan,147,0.0,147,0.02199999988079071
1931,31,19,0.555,0.915,0,nan,147,0.0,147,0.02199999988079071
1932,32,19,0.525,0.915,0,nan,147,0.0,147,0.02199999988079071
1933,33,19,0.4950000000000001,0.915,0,nan,147,0.0,147,0.02199999988079071
1934,34,19,0.4650000000000001,0.915,0,nan,147,0.0,147,0.02199999988079071
1935,35,19,0.43500000000000005,0.915,0,nan,147,0.0,147,0.02199999988079071
1936,36,19,0.405,0.915,0,nan,147,0.0,147,0.02199999988079071
1937,37,19,0.375,0.915,0,nan,147,0.0,147,0.02199999988079071
1938,38,19,0.345,0.915,0,nan,147,0.0,147,0.02199999988079071
1939,39,19,0.31499999999999995,0.915,0,nan,147,0.0,147,0.02199999988079071
1940,40,19,0.28500000000000014,0.915,0,nan,147,0.0,147,0.02199999988079071
1941,41,19,0.2550000000000001,0.915,0,nan,147,0.0,147,0.02199999988079071
1942,42,19,0.2250000000000001,0.915,0,nan,147,0.0,147,0.02199999988079071
1943,43,19,0.19500000000000006,0.915,0,nan,147,0.0,147,0.02199999988079071
1944,44,19,0.16500000000000004,0.915,0,nan,147,0.0,147,0.02199999988079071
1945,45,19,0.135,0.915,0,nan,147,0.0,147,0.02199999988079071
1946,46,19,0.10499999999999998,0.915,0,nan,147,0.0,147,0.02199999988079071
1947,47,19,0.07499999999999996,0.915,0,nan,147,0.0,147,0.02199999988079071
1948,48,19,0.04500000000000015,0.915,0,nan,147,0.0,147,0.02199999988079071
1949,49,19,0.015000000000000124,0.915,0,nan,147,0.0,147,0.02199999988079071
1950,50,19,-0.014999999999999902,0.915,0,nan,147,0.0,147,0.02199999988079071
1951,51,19,-0.04499999999999993,0.915,0,nan,147,0.0,147,0.02199999988079071
1952,52,19,-0.07499999999999996,0.915,0,nan,147,0.0,147,0.02199999988079071
1953,53,19,-0.10499999999999998,0.915,0,nan,147,0.0,147,0.02199999988079071
1954,54,19,-0.135,0.915,0,nan,147,0.0,147,0.02199999988079071
1955,55,19,-0.16500000000000004,0.915,0,nan,147,0.0,147,0.02199999988079071
1956,56,19,-0.19499999999999984,0.915,0,nan,147,0.0,147,0.02199999988079071
1957,57,19,-0.22499999999999987,0.915,0,nan,147,0.0,147,0.02199999988079071
1958,58,19,-0.2549999999999999,0.915,0,nan,147,0.0,147,0.02199999988079071
1959,59,19,-0.2849999999999999,0.915,0,nan,147,0.0,147,0.02199999988079071
1960,60,19,-0.31499999999999995,0.915,0,nan,147,0.0,147,0.02199999988079071
1961,61,19,-0.345,0.915,0,nan,147,0.0,147,0.02199999988079071
1962,62,19,-0.375,0.915,0,nan,147,0.0,147,0.02199999988079071
1963,63,19,-0.405,0.915,0,nan,147,0.0,147,0.02199999988079071
1964,64,19,-0.43499999999999983,0.915,0,nan,147,0.0,147,0.02199999988079071
1965,65,19,-0.46499999999999986,0.915,0,nan,147,0.0,147,0.02199999988079071
1966,66,19,-0.4949999999999999,0.915,0,nan,147,0.0,147,0.02199999988079071
1967,67,19,-0.5249999999999999,0.915,0,nan,147,0.0,147,0.02199999988079071
1968,68,19,-0.5549999999999997,0.915,0,nan,147,0.0,147,0.02199999988079071
1969,69,19,-0.585,0.915,0,nan,147,0.0,147,0.02199999988079071
1970,70,19,-0.6149999999999998,0.915,0,nan,147,0.0,147,0.02199999988079071
1971,71,19,-0.645,0.915,0,nan,147,0.0,147,0.02199999988079071
1972,72,19,-0.6749999999999998,0.915,0,nan,147,0.0,147,0.02199999988079071
1973,73,19,-0.7050000000000001,0.915,0,nan,147,0.0,147,0.02199999988079071
1974,74,19,-0.7349999999999999,0.915,0,nan,147,0.0,147,0.02199999988079071
1975,75,19,-0.7650000000000001,0.915,0,nan,147,0.0,147,0.02199999988079071
1976,76,19,-0.7949999999999999,0.915,0,nan,147,0.0,147,0.02199999988079071
1977,77,19,-0.8249999999999997,0.915,0,nan,147,0.0,147,0.02199999988079071
1978,78,19,-0.855,0.915,0,nan,147,0.0,147,0.02199999988079071
1979,79,19,-0.8849999999999998,0.915,0,nan,147,0.0,147,0.02199999988079071
1980,80,19,-0.915,0.915,0,nan,147,0.0,147,0.02199999988079071
1981,81,19,-0.9449999999999998,0.915,0,nan,147,0.0,147,0.02199999988079071
1982,82,19,-0.9750000000000001,0.915,0,nan,147,0.0,147,0.02199999988079071
1983,83,19,-1.005,0.915,0,nan,147,0.0,147,0.02199999988079071
1984,84,19,-1.0349999999999997,0.915,0,nan,147,0.0,147,0.02199999988079071
1985,85,19,-1.065,0.915,0,nan,147,0.0,147,0.02199999988079071
1986,86,19,-1.0949999999999998,0.915,0,nan,147,0.0,147,0.02199999988079071
1987,87,19,-1.125,0.915,0,nan,147,0.0,147,0.02199999988079071
1988,88,19,-1.1549999999999998,0.915,0,nan,147,0.0,147,0.02199999988079071
1989,89,19,-1.185,0.915,0,nan,147,0.0,147,0.02199999988079071
1990,90,19,-1.2149999999999999,0.915,0,nan,147,0.0,147,0.02199999988079071
1991,91,19,-1.245,0.915,0,nan,147,0.0,147,0.02199999988079071
1992,92,19,-1.275,0.915,0,nan,147,0.0,147,0.02199999988079071
1993,93,19,-1.3049999999999997,0.915,0,nan,147,0.0,147,0.02199999988079071
1994,94,19,-1.335,0.915,0,nan,147,0.0,147,0.02199999988079071
1995,95,19,-1.3649999999999998,0.915,0,nan,147,0.0,147,0.02199999988079071
1996,96,19,-1.395,0.915,0,nan,147,0.0,147,0.02199999988079071
1997,97,19,-1.4249999999999998,0.915,0,nan,147,0.0,147,0.0
1998,98,19,-1.455,0.915,0,nan,147,0.0,147,0.0
1999,99,19,-1.4849999999999999,0.915,0,nan,147,0.0,147,0.0
2000,0,20,1.485,0.885,0,nan,147,0.0,147,0.0
2001,1,20,1.455,0.885,0,nan,147,0.0,147,0.0
2002,2,20,1.425,0.885,0,nan,147,0.0,147,0.0
2003,3,20,1.395,0.885,0,nan,147,0.0,147,0.02199999988079071
2004,4,20,1.365,0.885,0,nan,147,0.0,147,0.02199999988079071
2005,5,20,1.335,0.885,0,nan,147,0.0,147,0.02199999988079071
2006,6,20,1.305,0.885,0,nan,147,0.0,147,0.02199999988079071
2007,7,20,1.275,0.885,0,nan,147,0.0,147,0.02199999988079071
2008,8,20,1.245,0.885,0,nan,147,0.0,147,0.02199999988079071
2009,9,20,1.215,0.885,0,nan,147,0.0,147,0.02199999988079071
2010,10,20,1.185,0.885,0,nan,147,0.0,147,0.02199999988079071
2011,11,20,1.155,0.885,0,nan,147,0.0,147,0.02199999988079071
2012,12,20,1.125,0.885,0,nan,147,0.0,147,0.02199999988079071
2013,13,20,1.095,0.885,0,nan,147,0.0,147,0.02199999988079071
2014,14,20,1.065,0.885,0,nan,147,0.0,147,0.02199999988079071
2015,15,20,1.0350000000000001,0.885,0,nan,147,0.0,147,0.02199999988079071
2016,16,20,1.005,0.885,0,nan,147,0.0,147,0.02199999988079071
2017,17,20,0.975,0.885,0,nan,147,0.0,147,0.02199999988079071
2018,18,20,0.9450000000000001,0.885,0,nan,147,0.0,147,0.02199999988079071
2019,19,20,0.915,0.885,0,nan,147,0.0,147,0.02199999988079071
2020,20,20,0.885,0.885,0,nan,147,0.0,147,0.02199999988079071
2021,21,20,0.855,0.885,0,nan,147,0.0,147,0.02199999988079071
2022,22,20,0.8250000000000001,0.885,0,nan,147,0.0,147,0.02199999988079071
2023,23,20,0.795,0.885,0,nan,147,0.0,147,0.02199999988079071
2024,24,20,0.765,0.885,0,nan,147,0.0,147,0.02199999988079071
2025,25,20,0.735,0.885,0,nan,147,0.0,147,0.02199999988079071
2026,26,20,0.7050000000000001,0.885,0,nan,147,0.0,147,0.02199999988079071
2027,27,20,0.675,0.885,0,nan,147,0.0,147,0.02199999988079071
2028,28,20,0.645,0.885,0,nan,147,0.0,147,0.02199999988079071
2029,29,20,0.615,0.885,0,nan,147,0.0,147,0.02199999988079071
2030,30,20,0.5850000000000001,0.885,0,nan,147,0.0,147,0.02199999988079071
2031,31,20,0.555,0.885,0,nan,147,0.0,147,0.02199999988079071
2032,32,20,0.525,0.885,0,nan,147,0.0,147,0.02199999988079071
2033,33,20,0.4950000000000001,0.885,0,nan,147,0.0,147,0.02199999988079071
2034,34,20,0.4650000000000001,0.885,0,nan,147,0.0,147,0.02199999988079071
2035,35,20,0.43500000000000005,0.885,0,nan,147,0.0,147,0.02199999988079071
2036,36,20,0.405,0.885,0,nan,147,0.0,147,0.02199999988079071
2037,37,20,0.375,0.885,0,nan,147,0.0,147,0.02199999988079071
2038,38,20,0.345,0.885,0,nan,147,0.0,147,0.02199999988079071
2039,39,20,0.31499999999999995,0.885,0,nan,147,0.0,147,0.02199999988079071
2040,40,20,0.28500000000000014,0.885,0,nan,147,0.0,147,0.02199999988079071
2041,41,20,0.2550000000000001,0.885,0,nan,147,0.0,147,0.02199999988079071
2042,42,20,0.2250000000000001,0.885,0,nan,147,0.0,147,0.02199999988079071
2043,43,20,0.19500000000000006,0.885,0,nan,147,0.0,147,0.02199999988079071
2044,44,20,0.16500000000000004,0.885,0,nan,147,0.0,147,0.02199999988079071
2045,45,20,0.135,0.885,0,nan,147,0.0,147,0.02199999988079071
2046,46,20,0.10499999999999998,0.885,0,nan,147,0.0,147,0.02199999988079071
2047,47,20,0.07499999999999996,0.885,0,nan,147,0.0,147,0.02199999988079071
2048,48,20,0.04500000000000015,0.885,0,nan,147,0.0,147,0.02199999988079071
2049,49,20,0.015000000000000124,0.885,0,nan,147,0.0,147,0.02199999988079071
2050,50,20,-0.014999999999999902,0.885,0,nan,147,0.0,147,0.02199999988079071
2051,51,20,-0.04499999999999993,0.885,0,nan,147,0.0,147,0.02199999988079071
2052,52,20,-0.07499999999999996,0.885,0,nan,147,0.0,147,0.02199999988079071
2053,53,20,-0.10499999999999998,0.885,0,nan,147,0.0,147,0.02199999988079071
2054,54,20,-0.135,0.885,0,nan,147,0.0,147,0.02199999988079071
2055,55,20,-0.16500000000000004,0.885,0,nan,147,0.0,147,0.02199999988079071
2056,56,20,-0.19499999999999984,0.885,0,nan,147,0.0,147,0.02199999988079071
2057,57,20,-0.22499999999999987,0.885,0,nan,147,0.0,147,0.02199999988079071
2058,58,20,-0.2549999999999999,0.885,0,nan,147,0.0,147,0.02199999988079071
2059,59,20,-0.2849999999999999,0.885,0,nan,147,0.0,147,0.02199999988079071
2060,60,20,-0.31499999999999995,0.885,0,nan,147,0.0,147,0.02199999988079071
2061,61,20,-0.345,0.885,0,nan,147,0.0,147,0.02199999988079071
2062,62,20,-0.375,0.885,0,nan,147,0.0,147,0.02199999988079071
2063,63,20,-0.405,0.885,0,nan,147,0.0,147,0.02199999988079071
2064,64,20,-0.43499999999999983,0.885,0,nan,147,0.0,147,0.02199999988079071
2065,65,20,-0.46499999999999986,0.885,0,nan,147,0.0,147,0.02199999988079071
2066,66,20,-0.4949999999999999,0.885,0,nan,147,0.0,147,0.02199999988079071
2067,67,20,-0.5249999999999999,0.885,0,nan,147,0.0,147,0.02199999988079071
2068,68,20,-0.5549999999999997,0.885,0,nan,147,0.0,147,0.02199999988079071
2069,69,20,-0.585,0.885,0,nan,147,0.0,147,0.02199999988079071
2070,70,20,-0.6149999999999998,0.885,0,nan,147,0.0,147,0.02199999988079071
2071,71,20,-0.645,0.885,0,nan,147,0.0,147,0.02199999988079071
2072,72,20,-0.6749999999999998,0.885,0,nan,147,0.0,147,0.02199999988079071
2073,73,20,-0.7050000000000001,0.885,0,nan,147,0.0,147,0.02199999988079071
2074,74,20,-0.7349999999999999,0.885,0,nan,147,0.0,147,0.02199999988079071
2075,75,20,-0.7650000000000001,0.885,0,nan,147,0.0,147,0.02199999988079071
2076,76,20,-0.7949999999999999,0.885,0,nan,147,0.0,147,0.02199999988079071
2077,77,20,-0.8249999999999997,0.885,0,nan,147,0.0,147,0.02199999988079071
2078,78,20,-0.855,0.885,0,nan,147,0.0,147,0.02199999988079071
2079,79,20,-0.8849999999999998,0.885,0,nan,147,0.0,147,0.02199999988079071
2080,80,20,-0.915,0.885,0,nan,147,0.0,147,0.02199999988079071
2081,81,20,-0.9449999999999998,0.885,0,nan,147,0.0,147,0.02199999988079071
2082,82,20,-0.9750000000000001,0.885,0,nan,147,0.0,147,0.02199999988079071
2083,83,20,-1.005,0.885,0,nan,147,0.0,147,0.02199999988079071
2084,84,20,-1.0349999999999997,0.885,0,nan,147,0.0,147,0.02199999988079071
2085,85,20,-1.065,0.885,0,nan,147,0.0,147,0.02199999988079071
2086,86,20,-1.0949999999999998,0.885,0,nan,147,0.0,147,0.02199999988079071
2087,87,20,-1.125,0.885,0,nan,147,0.0,147,0.02199999988079071
2088,88,20,-1.1549999999999998,0.885,0,nan,147,0.0,147,0.02199999988079071
2089,89,20,-1.185,0.885,0,nan,147,0.0,147,0.02199999988079071
2090,90,20,-1.2149999999999999,0.885,0,nan,147,0.0,147,0.02199999988079071
2091,91,20,-1.245,0.885,0,nan,147,0.0,147,0.02199999988079071
2092,92,20,-1.275,0.885,0,nan,147,0.0,147,0.02199999988079071
2093,93,20,-1.3049999999999997,0.885,0,nan,147,0.0,147,0.02199999988079071
2094,94,20,-1.335,0.885,0,nan,147,0.0,147,0.02199999988079071
2095,95,20,-1.3649999999999998,0.885,0,nan,147,0.0,147,0.02199999988079071
2096,96,20,-1.395,0.885,0,nan,147,0.0,147,0.02199999988079071
2097,97,20,-1.4249999999999998,0.885,0,nan,147,0.0,147,0.0
2098,98,20,-1.455,0.885,0,nan,147,0.0,147,0.0
2099,99,20,-1.4849999999999999,0.885,0,nan,147,0.0,147,0.0
2100,0,21,1.485,0.855,0,nan,147,0.0,147,0.0
2101,1,21,1.455,0.855,0,nan,147,0.0,147,0.0
2102,2,21,1.425,0.855,0,nan,147,0.0,147,0.0
2103,3,21,1.395,0.855,0,nan,147,0.0,147,0.02199999988079071
2104,4,21,1.365,0.855,0,nan,147,0.0,147,0.02199999988079071
2105,5,21,1.335,0.855,0,nan,147,0.0,147,0.02199999988079071
2106,6,21,1.305,0.855,0,nan,147,0.0,147,0.02199999988079071
2107,7,21,1.275,0.855,0,nan,147,0.0,147,0.02199999988079071
2108,8,21,1.245,0.855,0,nan,147,0.0,147,0.02199999988079071
2109,9,21,1.215,0.855,0,nan,147,0.0,147,0.02199999988079071
2110,10,21,1.185,0.855,0,nan,147,0.0,147,0.02199999988079071
2111,11,21,1.155,0.855,0,nan,147,0.0,147,0.02199999988079071
2112,12,21,1.125,0.855,0,nan,147,0.0,147,0.02199999988079071
2113,13,21,1.095,0.855,0,nan,147,0.0,147,0.02199999988079071
2114,14,21,1.065,0.855,0,nan,147,0.0,147,0.02199999988079071
2115,15,21,1.0350000000000001,0.855,0,nan,147,0.0,147,0.02199999988079071
2116,16,21,1.005,0.855,0,nan,147,0.0,147,0.02199999988079071
2117,17,21,0.975,0.855,0,nan,147,0.0,147,0.02199999988079071
2118,18,21,0.9450000000000001,0.855,0,nan,147,0.0,147,0.02199999988079071
2119,19,21,0.915,0.855,0,nan,147,0.0,147,0.02199999988079071
2120,20,21,0.885,0.855,0,nan,147,0.0,147,0.02199999988079071
2121,21,21,0.855,0.855,0,nan,147,0.0,147,0.02199999988079071
2122,22,21,0.8250000000000001,0.855,0,nan,147,0.0,147,0.02199999988079071
2123,23,21,0.795,0.855,0,nan,147,0.0,147,0.02199999988079071
2124,24,21,0.765,0.855,0,nan,147,0.0,147,0.02199999988079071
2125,25,21,0.735,0.855,0,nan,147,0.0,147,0.02199999988079071
2126,26,21,0.7050000000000001,0.855,0,nan,147,0.0,147,0.02199999988079071
2127,27,21,0.675,0.855,0,nan,147,0.0,147,0.02199999988079071
2128,28,21,0.645,0.855,0,nan,147,0.0,147,0.02199999988079071
2129,29,21,0.615,0.855,0,nan,147,0.0,147,0.02199999988079071
2130,30,21,0.5850000000000001,0.855,0,nan,147,0.0,147,0.02199999988079071
2131,31,21,0.555,0.855,0,nan,147,0.0,147,0.02199999988079071
2132,32,21,0.525,0.855,0,nan,147,0.0,147,0.02199999988079071
2133,33,21,0.4950000000000001,0.855,0,nan,147,0.0,147,0.02199999988079071
2134,34,21,0.4650000000000001,0.855,0,nan,147,0.0,147,0.02199999988079071
2135,35,21,0.43500000000000005,0.855,0,nan,147,0.0,147,0.02199999988079071
2136,36,21,0.405,0.855,0,nan,147,0.0,147,0.02199999988079071
2137,37,21,0.375,0.855,0,nan,147,0.0,147,0.02199999988079071
2138,38,21,0.345,0.855,0,nan,147,0.0,147,0.02199999988079071
2139,39,21,0.31499999999999995,0.855,0,nan,147,0.0,147,0.02199999988079071
2140,40,21,0.28500000000000014,0.855,0,nan,147,0.0,147,0.02199999988079071
2141,41,21,0.2550000000000001,0.855,0,nan,147,0.0,147,0.02199999988079071
2142,42,21,0.2250000000000001,0.855,0,nan,147,0.0,147,0.02199999988079071
2143,43,21,0.19500000000000006,0.855,0,nan,147,0.0,147,0.02199999988079071
2144,44,21,0.16500000000000004,0.855,0,nan,147,0.0,147,0.02199999988079071
2145,45,21,0.135,0.855,0,nan,147,0.0,147,0.02199999988079071
2146,46,21,0.10499999999999998,0.855,0,nan,147,0.0,147,0.02199999988079071
2147,47,21,0.07499999999999996,0.855,0,nan,147,0.0,147,0.02199999988079071
2148,48,21,0.04500000000000015,0.855,0,nan,147,0.0,147,0.02199999988079071
2149,49,21,0.015000000000000124,0.855,0,nan,147,0.0,147,0.02199999988079071
2150,50,21,-0.014999999999999902,0.855,0,nan,147,0.0,147,0.02199999988079071
2151,51,21,-0.04499999999999993,0.855,0,nan,147,0.0,147,0.02199999988079071
2152,52,21,-0.07499999999999996,0.855,0,nan,147,0.0,147,0.02199999988079071
2153,53,21,-0.10499999999999998,0.855,0,nan,147,0.0,147,0.02199999988079071
2154,54,21,-0.135,0.855,0,nan,147,0.0,147,0.02199999988079071
2155,55,21,-0.16500000000000004,0.855,0,nan,147,0.0,147,0.02199999988079071
2156,56,21,-0.19499999999999984,0.855,0,nan,147,0.0,147,0.02199999988079071
2157,57,21,-0.22499999999999987,0.855,0,nan,147,0.0,147,0.02199999988079071
2158,58,21,-0.2549999999999999,0.855,0,nan,147,0.0,147,0.02199999988079071
2159,59,21,-0.2849999999999999,0.855,0,nan,147,0.0,147,0.02199999988079071
2160,60,21,-0.31499999999999995,0.855,0,nan,147,0.0,147,0.02199999988079071
2161,61,21,-0.345,0.855,0,nan,147,0.0,147,0.02199999988079071
2162,62,21,-0.375,0.855,0,nan,147,0.0,147,0.02199999988079071
2163,63,21,-0.405,0.855,0,nan,147,0.0,147,0.02199999988079071
2164,64,21,-0.43499999999999983,0.855,0,nan,147,0.0,147,0.02199999988079071
2165,65,21,-0.46499999999999986,0.855,0,nan,147,0.0,147,0.02199999988079071
2166,66,21,-0.4949999999999999,0.855,0,nan,147,0.0,147,0.02199999988079071
2167,67,21,-0.5249999999999999,0.855,0,nan,147,0.0,147,0.02199999988079071
2168,68,21,-0.5549999999999997,0.855,0,nan,147,0.0,147,0.02199999988079071
2169,69,21,-0.585,0.855,0,nan,147,0.0,147,0.02199999988079071
2170,70,21,-0.6149999999999998,0.855,0,nan,147,0.0,147,0.02199999988079071
2171,71,21,-0.645,0.855,0,nan,147,0.0,147,0.02199999988079071
2172,72,21,-0.6749999999999998,0.855,0,nan,147,0.0,147,0.02199999988079071
2173,73,21,-0.7050000000000001,0.855,0,nan,147,0.0,147,0.02199999988079071
2174,74,21,-0.7349999999999999,0.855,0,nan,147,0.0,147,0.02199999988079071
2175,75,21,-0.7650000000000001,0.855,0,nan,147,0.0,147,0.02199999988079071
2176,76,21,-0.7949999999999999,0.855,0,nan,147,0.0,147,0.02199999988079071
2177,77,21,-0.8249999999999997,0.855,0,nan,147,0.0,147,0.02199999988079071
2178,78,21,-0.855,0.855,0,nan,147,0.0,147,0.02199999988079071
2179,79,21,-0.8849999999999998,0.855,0,nan,147,0.0,147,0.02199999988079071
2180,80,21,-0.915,0.855,0,nan,147,0.0,147,0.02199999988079071
2181,81,21,-0.9449999999999998,0.855,0,nan,147,0.0,147,0.02199999988079071
2182,82,21,-0.9750000000000001,0.855,0,nan,147,0.0,147,0.02199999988079071
2183,83,21,-1.005,0.855,0,nan,147,0.0,147,0.02199999988079071
2184,84,21,-1.0349999999999997,0.855,0,nan,147,0.0,147,0.02199999988079071
2185,85,21,-1.065,0.855,0,nan,147,0.0,147,0.02199999988079071
2186,86,21,-1.0949999999999998,0.855,0,nan,147,0.0,147,0.02199999988079071
2187,87,21,-1.125,0.855,0,nan,147,0.0,147,0.02199999988079071
2188,88,21,-1.1549999999999998,0.855,0,nan,147,0.0,147,0.02199999988079071
2189,89,21,-1.185,0.855,0,nan,147,0.0,147,0.02199999988079071
2190,90,21,-1.2149999999999999,0.855,0,nan,147,0.0,147,0.02199999988079071
2191,91,21,-1.245,0.855,0,nan,147,0.0,147,0.02199999988079071
2192,92,21,-1.275,0.855,0,nan,147,0.0,147,0.02199999988079071
2193,93,21,-1.3049999999999997,0.855,0,nan,147,0.0,147,0.02199999988079071
2194,94,21,-1.335,0.855,0,nan,147,0.0,147,0.02199999988079071
2195,95,21,-1.3649999999999998,0.855,0,nan,147,0.0,147,0.02199999988079071
2196,96,21,-1.395,0.855,0,nan,147,0.0,147,0.02199999988079071
2197,97,21,-1.4249999999999998,0.855,0,nan,147,0.0,147,0.0
2198,98,21,-1.455,0.855,0,nan,147,0.0,147,0.0
2199,99,21,-1.4849999999999999,0.855,0,nan,147,0.0,147,0.0
2200,0,22,1.485,0.8250000000000001,0,nan,147,0.0,147,0.0
2201,1,22,1.455,0.8250000000000001,0,nan,147,0.0,147,0.0
2202,2,22,1.425,0.8250000000000001,0,nan,147,0.0,147,0.0
2203,3,22,1.395,0.8250000000000001,0,nan,147,0.0,147,0.02199999988079071
2204,4,22,1.365,0.8250000000000001,0,nan,147,0.0,147,0.02199999988079071
2205,5,22,1.335,0.8250000000000001,0,nan,147,0.0,147,0.02199999988079071
2206,6,22,1.305,0.8250000000000001,0,nan,147,0.0,147,0.02199999988079071
2207,7,22,1.275,0.8250000000000001,0,nan,147,0.0,147,0.02199999988079071
2208,8,22,1.245,0.8250000000000001,0,nan,147,0.0,147,0.02199999988079071
2209,9,22,1.215,0.8250000000000001,0,nan,147,0.0,147,0.02199999988079071
2210,10,22,1.185,0.8250000000000001,0,nan,147,0.0,147,0.02199999988079071
2211,11,22,1.155,0.8250000000000001,0,nan,147,0.0,147,0.02199999988079071
2212,12,22,1.125,0.8250000000000001,0,nan,147,0.0,147,0.02199999988079071
2213,13,22,1.095,0.8250000000000001,0,nan,147,0.0,147,0.02199999988079071
2214,14,22,1.065,0.8250000000000001,0,nan,147,0.0,147,0.02199999988079071
2215,15,22,1.0350000000000001,0.8250000000000001,0,nan,147,0.0,147,0.02199999988079071
2216,16,22,1.005,0.8250000000000001,0,nan,147,0.0,147,0.02199999988079071
2217,17,22,0.975,0.8250000000000001,0,nan,147,0.0,147,0.02199999988079071
2218,18,22,0.9450000000000001,0.8250000000000001,0,nan,147,0.0,147,0.02199999988079071
2219,19,22,0.915,0.8250000000000001,0,nan,147,0.0,147,0.02199999988079071
2220,20,22,0.885,0.8250000000000001,0,nan,147,0.0,147,0.02199999988079071
2221,21,22,0.855,0.8250000000000001,0,nan,147,0.0,147,0.02199999988079071
2222,22,22,0.8250000000000001,0.8250000000000001,0,nan,147,0.0,147,0.02199999988079071
2223,23,22,0.795,0.8250000000000001,0,nan,147,0.0,147,0.02199999988079071
2224,24,22,0.765,0.8250000000000001,0,nan,147,0.0,147,0.02199999988079071
2225,25,22,0.735,0.8250000000000001,0,nan,147,0.0,147,0.02199999988079071
2226,26,22,0.7050000000000001,0.8250000000000001,0,nan,147,0.0,147,0.02199999988079071
2227,27,22,0.675,0.8250000000000001,0,nan,147,0.0,147,0.02199999988079071
2228,28,22,0.645,0.8250000000000001,0,nan,147,0.0,147,0.02199999988079071
2229,29,22,0.615,0.8250000000000001,0,nan,147,0.0,147,0.02199999988079071
2230,30,22,0.5850000000000001,0.8250000000000001,0,nan,147,0.0,147,0.02199999988079071
2231,31,22,0.555,0.8250000000000001,0,nan,147,0.0,147,0.02199999988079071
2232,32,22,0.525,0.8250000000000001,0,nan,147,0.0,147,0.02199999988079071
2233,33,22,0.4950000000000001,0.8250000000000001,0,nan,147,0.0,147,0.02199999988079071
2234,34,22,0.4650000000000001,0.8250000000000001,0,nan,147,0.0,147,0.02199999988079071
2235,35,22,0.43500000000000005,0.8250000000000001,0,nan,147,0.0,147,0.02199999988079071
2236,36,22,0.405,0.8250000000000001,0,nan,147,0.0,147,0.02199999988079071
2237,37,22,0.375,0.8250000000000001,0,nan,147,0.0,147,0.02199999988079071
2238,38,22,0.345,0.8250000000000001,0,nan,147,0.0,147,0.02199999988079071
2239,39,22,0.31499999999999995,0.8250000000000001,0,nan,147,0.0,147,0.02199999988079071
2240,40,22,0.28500000000000014,0.8250000000000001,0,nan,147,0.0,147,0.02199999988079071
2241,41,22,0.2550000000000001,0.8250000000000001,0,nan,147,0.0,147,0.02199999988079071
2242,42,22,0.2250000000000001,0.8250000000000001,0,nan,147,0.0,147,0.02199999988079071
2243,43,22,0.19500000000000006,0.8250000000000001,0,nan,147,0.0,147,0.02199999988079071
2244,44,22,0.16500000000000004,0.8250000000000001,0,nan,147,0.0,147,0.02199999988079071
2245,45,22,0.135,0.8250000000000001,0,nan,147,0.0,147,0.02199999988079071
2246,46,22,0.10499999999999998,0.8250000000000001,0,nan,147,0.0,147,0.02199999988079071
2247,47,22,0.07499999999999996,0.8250000000000001,0,nan,147,0.0,147,0.02199999988079071
2248,48,22,0.04500000000000015,0.8250000000000001,0,nan,147,0.0,147,0.02199999988079071
2249,49,22,0.015000000000000124,0.8250000000000001,0,nan,147,0.0,147,0.02199999988079071
2250,50,22,-0.014999999999999902,0.8250000000000001,0,nan,147,0.0,147,0.02199999988079071
2251,51,22,-0.04499999999999993,0.8250000000000001,0,nan,147,0.0,147,0.02199999988079071
2252,52,22,-0.07499999999999996,0.8250000000000001,0,nan,147,0.0,147,0.02199999988079071
2253,53,22,-0.10499999999999998,0.8250000000000001,0,nan,147,0.0,147,0.02199999988079071
2254,54,22,-0.135,0.8250000000000001,0,nan,147,0.0,147,0.02199999988079071
2255,55,22,-0.16500000000000004,0.8250000000000001,0,nan,147,0.0,147,0.02199999988079071
2256,56,22,-0.19499999999999984,0.8250000000000001,0,nan,147,0.0,147,0.02199999988079071
2257,57,22,-0.22499999999999987,0.8250000000000001,0,nan,147,0.0,147,0.02199999988079071
2258,58,22,-0.2549999999999999,0.8250000000000001,0,nan,147,0.0,147,0.02199999988079071
2259,59,22,-0.2849999999999999,0.8250000000000001,0,nan,147,0.0,147,0.02199999988079071
2260,60,22,-0.31499999999999995,0.8250000000000001,0,nan,147,0.0,147,0.02199999988079071
2261,61,22,-0.345,0.8250000000000001,0,nan,147,0.0,147,0.02199999988079071
2262,62,22,-0.375,0.8250000000000001,0,nan,147,0.0,147,0.02199999988079071
2263,63,22,-0.405,0.8250000000000001,0,nan,147,0.0,147,0.02199999988079071
2264,64,22,-0.43499999999999983,0.8250000000000001,0,nan,147,0.0,147,0.02199999988079071
2265,65,22,-0.46499999999999986,0.8250000000000001,0,nan,147,0.0,147,0.02199999988079071
2266,66,22,-0.4949999999999999,0.8250000000000001,0,nan,147,0.0,147,0.02199999988079071
2267,67,22,-0.5249999999999999,0.8250000000000001,0,nan,147,0.0,147,0.02199999988079071
2268,68,22,-0.5549999999999997,0.8250000000000001,0,nan,147,0.0,147,0.02199999988079071
2269,69,22,-0.585,0.8250000000000001,0,nan,147,0.0,147,0.02199999988079071
2270,70,22,-0.6149999999999998,0.8250000000000001,0,nan,147,0.0,147,0.02199999988079071
2271,71,22,-0.645,0.8250000000000001,0,nan,147,0.0,147,0.02199999988079071
2272,72,22,-0.6749999999999998,0.8250000000000001,0,nan,147,0.0,147,0.02199999988079071
2273,73,22,-0.7050000000000001,0.8250000000000001,0,nan,147,0.0,147,0.02199999988079071
2274,74,22,-0.7349999999999999,0.8250000000000001,0,nan,147,0.0,147,0.02199999988079071
2275,75,22,-0.7650000000000001,0.8250000000000001,0,nan,147,0.0,147,0.02199999988079071
2276,76,22,-0.7949999999999999,0.8250000000000001,0,nan,147,0.0,147,0.02199999988079071
2277,77,22,-0.8249999999999997,0.8250000000000001,0,nan,147,0.0,147,0.02199999988079071
2278,78,22,-0.855,0.8250000000000001,0,nan,147,0.0,147,0.02199999988079071
2279,79,22,-0.8849999999999998,0.8250000000000001,0,nan,147,0.0,147,0.02199999988079071
2280,80,22,-0.915,0.8250000000000001,0,nan,147,0.0,147,0.02199999988079071
2281,81,22,-0.9449999999999998,0.8250000000000001,0,nan,147,0.0,147,0.02199999988079071
2282,82,22,-0.9750000000000001,0.8250000000000001,0,nan,147,0.0,147,0.02199999988079071
2283,83,22,-1.005,0.8250000000000001,0,nan,147,0.0,147,0.02199999988079071
2284,84,22,-1.0349999999999997,0.8250000000000001,0,nan,147,0.0,147,0.02199999988079071
2285,85,22,-1.065,0.8250000000000001,0,nan,147,0.0,147,0.02199999988079071
2286,86,22,-1.0949999999999998,0.8250000000000001,0,nan,147,0.0,147,0.02199999988079071
2287,87,22,-1.125,0.8250000000000001,0,nan,147,0.0,147,0.02199999988079071
2288,88,22,-1.1549999999999998,0.8250000000000001,0,nan,147,0.0,147,0.02199999988079071
2289,89,22,-1.185,0.8250000000000001,0,nan,147,0.0,147,0.02199999988079071
2290,90,22,-1.2149999999999999,0.8250000000000001,0,nan,147,0.0,147,0.02199999988079071
2291,91,22,-1.245,0.8250000000000001,0,nan,147,0.0,147,0.02199999988079071
2292,92,22,-1.275,0.8250000000000001,0,nan,147,0.0,147,0.02199999988079071
2293,93,22,-1.3049999999999997,0.8250000000000001,0,nan,147,0.0,147,0.02199999988079071
2294,94,22,-1.335,0.8250000000000001,0,nan,147,0.0,147,0.02199999988079071
2295,95,22,-1.3649999999999998,0.8250000000000001,0,nan,147,0.0,147,0.02199999988079071
2296,96,22,-1.395,0.8250000000000001,0,nan,147,0.0,147,0.02199999988079071
2297,97,22,-1.4249999999999998,0.8250000000000001,0,nan,147,0.0,147,0.0
2298,98,22,-1.455,0.8250000000000001,0,nan,147,0.0,147,0.0
2299,99,22,-1.4849999999999999,0.8250000000000001,0,nan,147,0.0,147,0.0
2300,0,23,1.485,0.795,0,nan,147,0.0,147,0.0
2301,1,23,1.455,0.795,0,nan,147,0.0,147,0.0
2302,2,23,1.425,0.795,0,nan,147,0.0,147,0.0
2303,3,23,1.395,0.795,0,nan,147,0.0,147,0.02199999988079071
2304,4,23,1.365,0.795,0,nan,147,0.0,147,0.02199999988079071
2305,5,23,1.335,0.795,0,nan,147,0.0,147,0.02199999988079071
2306,6,23,1.305,0.795,0,nan,147,0.0,147,0.02199999988079071
2307,7,23,1.275,0.795,0,nan,147,0.0,147,0.02199999988079071
2308,8,23,1.245,0.795,0,nan,147,0.0,147,0.02199999988079071
2309,9,23,1.215,0.795,0,nan,147,0.0,147,0.02199999988079071
2310,10,23,1.185,0.795,142,-0.7950927317142487,147,0.0,147,0.0
2311,11,23,1.155,0.795,147,-0.7950211763381958,147,0.0,147,0.0
2312,12,23,1.125,0.795,146,-0.7950927317142487,147,0.0,147,0.0
2313,13,23,1.095,0.795,147,-0.7950211763381958,147,0.19214306771755219,147,0.0
2314,14,23,1.065,0.795,143,-0.7790483236312866,147,0.6849207878112793,147,0.0
2315,15,23,1.0350000000000001,0.795,147,-0.7344782948493958,147,0.5267247557640076,147,0.0
2316,16,23,1.005,0.795,147,-0.7257571220397949,147,0.0,147,0.0
2317,17,23,0.975,0.795,147,-0.7216308116912842,147,0.0,147,0.0
2318,18,23,0.9450000000000001,0.795,147,-0.7066272497177124,147,0.0,147,0.0
2319,19,23,0.915,0.795,146,-0.6881754398345947,147,0.0,147,0.0
2320,20,23,0.885,0.795,147,-0.6787817478179932,147,0.028165370225906372,147,0.0
2321,21,23,0.855,0.795,147,-0.6438325047492981,147,0.048312630504369736,147,0.0
2322,22,23,0.8250000000000001,0.795,147,-0.5160388946533203,147,0.025318440049886703,147,0.0
2323,23,23,0.795,0.795,147,-0.5142617225646973,147,0.022151868790388107,147,0.0
2324,24,23,0.765,0.795,147,-0.5131036639213562,147,0.002376499818637967,147,0.0
2325,25,23,0.735,0.795,146,-0.512774646282196,147,0.0,147,0.0
2326,26,23,0.7050000000000001,0.795,145,-0.5127299427986145,147,0.0,147,0.0
2327,27,23,0.675,0.795,145,-0.512391984462738,147,0.0,147,0.0
2328,28,23,0.645,0.795,146,-0.5124180316925049,147,0.0,147,0.0
2329,29,23,0.615,0.795,146,-0.5123806297779083,147,0.0,147,0.0
2330,30,23,0.5850000000000001,0.795,147,-0.5126594305038452,147,0.0,147,0.0
2331,31,23,0.555,0.795,146,-0.5128569602966309,147,0.0,147,0.0
2332,32,23,0.525,0.795,146,-0.513407438993454,147,0.0,147,0.0
2333,33,23,0.4950000000000001,0.795,145,-0.5136321187019348,147,0.0,147,0.0
2334,34,23,0.4650000000000001,0.795,143,-0.5136623978614807,147,0.0,147,0.0
2335,35,23,0.43500000000000005,0.795,144,-0.5133476257324219,147,0.0,147,0.0
2336,36,23,0.405,0.795,147,-0.5132813453674316,147,0.0,147,0.0
2337,37,23,0.375,0.795,147,-0.5132813453674316,147,0.0,147,0.0
2338,38,23,0.345,0.795,147,-0.5132560729980469,147,0.0,147,0.0
2339,39,23,0.31499999999999995,0.795,147,-0.5130629539489746,147,0.0,147,0.0
2340,40,23,0.28500000000000014,0.795,147,-0.5125807523727417,147,0.0,147,0.0
2341,41,23,0.2550000000000001,0.795,147,-0.512370228767395,147,0.0,147,0.0
2342,42,23,0.2250000000000001,0.795,147,-0.512194037437439,147,0.0,147,0.0
2343,43,23,0.19500000000000006,0.795,147,-0.5119600892066956,147,0.003973922226577997,147,0.0
2344,44,23,0.16500000000000004,0.795,147,-0.5115785002708435,147,0.007865382358431816,147,0.0
2345,45,23,0.135,0.795,147,-0.5110578536987305,147,0.009200493805110455,147,0.0
2346,46,23,0.10499999999999998,0.795,147,-0.5104209780693054,147,0.00943327508866787,147,0.0
2347,47,23,0.07499999999999996,0.795,147,-0.5101221799850464,147,0.0,147,0.0
2348,48,23,0.04500000000000015,0.795,147,-0.5099234580993652,147,0.0,147,0.0
2349,49,23,0.015000000000000124,0.795,147,-0.5098147392272949,147,0.0,147,0.0
2350,50,23,-0.014999999999999902,0.795,147,-0.5097957253456116,147,0.0,147,0.0
2351,51,23,-0.04499999999999993,0.795,147,-0.5097912549972534,147,0.0,147,0.0
2352,52,23,-0.07499999999999996,0.795,147,-0.5097650289535522,147,0.0,147,0.0
2353,53,23,-0.10499999999999998,0.795,147,-0.5097115635871887,147,0.0020639265421777964,147,0.0
2354,54,23,-0.135,0.795,147,-0.5098129510879517,147,0.006209420505911112,147,0.0
2355,55,23,-0.16500000000000004,0.795,147,-0.5098129510879517,147,0.006318222265690565,147,0.0
2356,56,23,-0.19499999999999984,0.795,147,-0.5095670223236084,147,0.009495758451521397,147,0.0
2357,57,23,-0.22499999999999987,0.795,147,-0.5090910792350769,147,0.012656078673899174,147,0.0
2358,58,23,-0.2549999999999999,0.795,147,-0.5085650682449341,147,0.010018839500844479,147,0.0
2359,59,23,-0.2849999999999999,0.795,147,-0.5080190896987915,147,0.009612517431378365,147,0.0
2360,60,23,-0.31499999999999995,0.795,147,-0.507583498954773,147,0.007380814757198095,147,0.0
2361,61,23,-0.345,0.795,147,-0.5072841048240662,147,0.0005913762142881751,147,0.0
2362,62,23,-0.375,0.795,147,-0.5069178342819214,147,0.0,147,0.0
2363,63,23,-0.405,0.795,147,-0.5066431760787964,147,0.0,147,0.0
2364,64,23,-0.43499999999999983,0.795,147,-0.5062658190727234,147,0.0,147,0.0
2365,65,23,-0.46499999999999986,0.795,147,-0.5061547756195068,147,0.0,147,0.0
2366,66,23,-0.4949999999999999,0.795,147,-0.5060588717460632,147,0.0,147,0.0
2367,67,23,-0.5249999999999999,0.795,147,-0.5060275793075562,147,0.0,147,0.0
2368,68,23,-0.5549999999999997,0.795,147,-0.5057395696640015,147,0.0,147,0.0
2369,69,23,-0.585,0.795,147,-0.5056471824645996,147,0.0,147,0.0
2370,70,23,-0.6149999999999998,0.795,147,-0.5053925514221191,147,0.0019453370478004217,147,0.0
2371,71,23,-0.645,0.795,147,-0.5052856802940369,147,0.00115212332457304,147,0.0
2372,72,23,-0.6749999999999998,0.795,147,-0.505193829536438,147,0.0,147,0.0
2373,73,23,-0.7050000000000001,0.795,147,-0.5049173831939697,147,0.0,147,0.0
2374,74,23,-0.7349999999999999,0.795,147,-0.5047838091850281,147,0.0,147,0.0
2375,75,23,-0.7650000000000001,0.795,147,-0.5044891834259033,147,0.0,147,0.0
2376,76,23,-0.7949999999999999,0.795,147,-0.504386305809021,147,0.0,147,0.0
2377,77,23,-0.8249999999999997,0.795,147,-0.5041614770889282,147,0.0,147,0.0
2378,78,23,-0.855,0.795,147,-0.5041095614433289,147,0.0,147,0.0
2379,79,23,-0.8849999999999998,0.795,147,-0.5043692588806152,147,0.0,147,0.0
2380,80,23,-0.915,0.795,147,-0.5040878057479858,147,0.0,147,0.0
2381,81,23,-0.9449999999999998,0.795,147,-0.5037363171577454,147,0.005668729543685913,147,0.0
2382,82,23,-0.9750000000000001,0.795,147,-0.5033849477767944,147,0.012131458148360252,147,0.0
2383,83,23,-1.005,0.795,147,-0.5025936365127563,147,0.013392836786806583,147,0.0
2384,84,23,-1.0349999999999997,0.795,147,-0.502281129360199,147,0.007780563086271286,147,0.0
2385,85,23,-1.065,0.795,140,-0.5020057559013367,147,0.00571035360917449,147,0.0
2386,86,23,-1.0949999999999998,0.795,137,-0.5016890168190002,147,0.0,147,0.0
2387,87,23,-1.125,0.795,132,-0.5016657114028931,147,0.0,147,0.0
2388,88,23,-1.1549999999999998,0.795,111,-0.5016228556632996,147,0.0,147,0.0
2389,89,23,-1.185,0.795,83,-0.5015344023704529,147,0.0,147,0.0
2390,90,23,-1.2149999999999999,0.795,0,nan,147,0.0,147,0.02199999988079071
2391,91,23,-1.245,0.795,0,nan,147,0.0,147,0.02199999988079071
2392,92,23,-1.275,0.795,0,nan,147,0.0,147,0.02199999988079071
2393,93,23,-1.3049999999999997,0.795,0,nan,147,0.0,147,0.02199999988079071
2394,94,23,-1.335,0.795,0,nan,147,0.0,147,0.02199999988079071
2395,95,23,-1.3649999999999998,0.795,0,nan,147,0.0,147,0.02199999988079071
2396,96,23,-1.395,0.795,0,nan,147,0.0,147,0.02199999988079071
2397,97,23,-1.4249999999999998,0.795,0,nan,147,0.0,147,0.0
2398,98,23,-1.455,0.795,0,nan,147,0.0,147,0.0
2399,99,23,-1.4849999999999999,0.795,0,nan,147,0.0,147,0.0
2400,0,24,1.485,0.765,0,nan,147,0.0,147,0.0
2401,1,24,1.455,0.765,0,nan,147,0.0,147,0.0
2402,2,24,1.425,0.765,0,nan,147,0.0,147,0.0
2403,3,24,1.395,0.765,0,nan,147,0.0,147,0.02199999988079071
2404,4,24,1.365,0.765,0,nan,147,0.0,147,0.02199999988079071
2405,5,24,1.335,0.765,0,nan,147,0.0,147,0.02199999988079071
2406,6,24,1.305,0.765,0,nan,147,0.0,147,0.02199999988079071
2407,7,24,1.275,0.765,0,nan,147,0.0,147,0.02199999988079071
2408,8,24,1.245,0.765,0,nan,147,0.0,147,0.02199999988079071
2409,9,24,1.215,0.765,0,nan,147,0.0,147,0.02199999988079071
2410,10,24,1.185,0.765,139,-0.7962101697921753,147,0.0,147,0.0
2411,11,24,1.155,0.765,146,-0.7950927317142487,147,0.0,147,0.0
2412,12,24,1.125,0.765,147,-0.7950211763381958,147,0.0,147,0.0
2413,13,24,1.095,0.765,147,-0.7950211763381958,147,0.24752318859100342,147,0.0
2414,14,24,1.065,0.765,147,-0.7790483236312866,147,0.9260743856430054,147,0.10000000149011612
2415,15,24,1.0350000000000001,0.765,147,-0.7344782948493958,147,0.6871630549430847,147,0.0
2416,16,24,1.005,0.765,147,-0.7257571220397949,147,0.0,147,0.0
2417,17,24,0.975,0.765,147,-0.7216308116912842,147,0.0,147,0.0
2418,18,24,0.9450000000000001,0.765,147,-0.7066272497177124,147,0.0,147,0.0
2419,19,24,0.915,0.765,147,-0.6881197094917297,147,0.0,147,0.0
2420,20,24,0.885,0.765,147,-0.6787817478179932,147,0.035626690834760666,147,0.0
2421,21,24,0.855,0.765,147,-0.6438325047492981,147,0.06411274522542953,147,0.0
2422,22,24,0.8250000000000001,0.765,147,-0.5160388946533203,147,0.032716989517211914,147,0.0
2423,23,24,0.795,0.765,147,-0.5142617225646973,147,0.028020143508911133,147,0.0
2424,24,24,0.765,0.765,147,-0.5131036639213562,147,0.003006060840561986,147,0.0
2425,25,24,0.735,0.765,147,-0.5127454996109009,147,0.0,147,0.0
2426,26,24,0.7050000000000001,0.765,147,-0.5125218629837036,147,0.0,147,0.0
2427,27,24,0.675,0.765,147,-0.5123740434646606,147,0.0,147,0.0
2428,28,24,0.645,0.765,147,-0.5124440789222717,147,0.0,147,0.0
2429,29,24,0.615,0.765,147,-0.5123692750930786,147,0.0,147,0.0
2430,30,24,0.5850000000000001,0.765,147,-0.5126594305038452,147,0.0,147,0.0
2431,31,24,0.555,0.765,147,-0.5128037929534912,147,0.0,147,0.0
2432,32,24,0.525,0.765,147,-0.5133566856384277,147,0.0,147,0.0
2433,33,24,0.4950000000000001,0.765,147,-0.513604998588562,147,0.0,147,0.0
2434,34,24,0.4650000000000001,0.765,147,-0.5136321187019348,147,0.0,147,0.0
2435,35,24,0.43500000000000005,0.765,147,-0.5133149027824402,147,0.0,147,0.0
2436,36,24,0.405,0.765,147,-0.5132813453674316,147,0.0,147,0.0
2437,37,24,0.375,0.765,147,-0.5132813453674316,147,0.0,147,0.0
2438,38,24,0.345,0.765,147,-0.5132560729980469,147,0.0,147,0.0
2439,39,24,0.31499999999999995,0.765,147,-0.5130629539489746,147,0.0,147,0.0
2440,40,24,0.28500000000000014,0.765,147,-0.5125807523727417,147,0.0,147,0.0
2441,41,24,0.2550000000000001,0.765,147,-0.512370228767395,147,0.0,147,0.0
2442,42,24,0.2250000000000001,0.765,147,-0.512194037437439,147,0.0,147,0.0
2443,43,24,0.19500000000000006,0.765,147,-0.5119600892066956,147,0.005026658531278372,147,0.0
2444,44,24,0.16500000000000004,0.765,147,-0.5115785002708435,147,0.00994900893419981,147,0.0
2445,45,24,0.135,0.765,147,-0.5110578536987305,147,0.011643767356872559,147,0.0
2446,46,24,0.10499999999999998,0.765,147,-0.5104209780693054,147,0.01240074634552002,147,0.0
2447,47,24,0.07499999999999996,0.765,147,-0.5101221799850464,147,0.0,147,0.0
2448,48,24,0.04500000000000015,0.765,147,-0.5099234580993652,147,0.0,147,0.0
2449,49,24,0.015000000000000124,0.765,147,-0.5098147392272949,147,0.0,147,0.0
2450,50,24,-0.014999999999999902,0.765,147,-0.5097957253456116,147,0.0,147,0.0
2451,51,24,-0.04499999999999993,0.765,147,-0.5097912549972534,147,0.0,147,0.0
2452,52,24,-0.07499999999999996,0.765,147,-0.5097650289535522,147,0.0,147,0.0
2453,53,24,-0.10499999999999998,0.765,147,-0.5097115635871887,147,0.0026106834411621094,147,0.0
2454,54,24,-0.135,0.765,147,-0.5098129510879517,147,0.007174412254244089,147,0.0
2455,55,24,-0.16500000000000004,0.765,147,-0.5098129510879517,147,0.005640586372464895,147,0.0
2456,56,24,-0.19499999999999984,0.765,147,-0.5095670223236084,147,0.011890132911503315,147,0.0
2457,57,24,-0.22499999999999987,0.765,147,-0.5090910792350769,147,0.014041860587894917,147,0.0
2458,58,24,-0.2549999999999999,0.765,147,-0.5085650682449341,147,0.012672941200435162,147,0.0
2459,59,24,-0.2849999999999999,0.765,147,-0.5080190896987915,147,0.012421607971191406,147,0.0
2460,60,24,-0.31499999999999995,0.765,147,-0.507583498954773,147,0.009336073882877827,147,0.0
2461,61,24,-0.345,0.765,147,-0.5072841048240662,147,0.0007480382919311523,147,0.0
2462,62,24,-0.375,0.765,147,-0.5069178342819214,147,0.0,147,0.0
2463,63,24,-0.405,0.765,147,-0.5066431760787964,147,0.0,147,0.0
2464,64,24,-0.43499999999999983,0.765,147,-0.5062658190727234,147,0.0,147,0.0
2465,65,24,-0.46499999999999986,0.765,147,-0.5061547756195068,147,0.0,147,0.0
2466,66,24,-0.4949999999999999,0.765,147,-0.5060588717460632,147,0.0,147,0.0
2467,67,24,-0.5249999999999999,0.765,147,-0.5060275793075562,147,0.0,147,0.0
2468,68,24,-0.5549999999999997,0.765,147,-0.5057395696640015,147,0.0,147,0.0
2469,69,24,-0.585,0.765,147,-0.5056471824645996,147,0.0,147,0.0
2470,70,24,-0.6149999999999998,0.765,147,-0.5053925514221191,147,0.0024606783408671618,147,0.0
2471,71,24,-0.645,0.765,147,-0.5052856802940369,147,0.0014573335647583008,147,0.0
2472,72,24,-0.6749999999999998,0.765,147,-0.505193829536438,147,0.0,147,0.0
2473,73,24,-0.7050000000000001,0.765,147,-0.5049173831939697,147,0.0,147,0.0
2474,74,24,-0.7349999999999999,0.765,147,-0.5047838091850281,147,0.0,147,0.0
2475,75,24,-0.7650000000000001,0.765,147,-0.5044891834259033,147,0.0,147,0.0
2476,76,24,-0.7949999999999999,0.765,147,-0.504386305809021,147,0.0,147,0.0
2477,77,24,-0.8249999999999997,0.765,147,-0.5041614770889282,147,0.0,147,0.0
2478,78,24,-0.855,0.765,147,-0.5041095614433289,147,0.0,147,0.0
2479,79,24,-0.8849999999999998,0.765,147,-0.5043692588806152,147,0.0,147,0.0
2480,80,24,-0.915,0.765,147,-0.5040878057479858,147,0.0,147,0.0
2481,81,24,-0.9449999999999998,0.765,147,-0.5037363171577454,147,0.007170438766479492,147,0.0
2482,82,24,-0.9750000000000001,0.765,147,-0.5033849477767944,147,0.015135605819523335,147,0.0
2483,83,24,-1.005,0.765,147,-0.5025936365127563,147,0.017465153709053993,147,0.0
2484,84,24,-1.0349999999999997,0.765,147,-0.502281129360199,147,0.009841720573604107,147,0.0
2485,85,24,-1.065,0.765,147,-0.502021849155426,147,0.008479754440486431,147,0.0
2486,86,24,-1.0949999999999998,0.765,147,-0.501726508140564,147,0.0,147,0.0
2487,87,24,-1.125,0.765,147,-0.501726508140564,147,0.0,147,0.0
2488,88,24,-1.1549999999999998,0.765,141,-0.5016737580299377,147,0.0,147,0.0
2489,89,24,-1.185,0.765,129,-0.5016576647758484,147,0.0,147,0.0
2490,90,24,-1.2149999999999999,0.765,0,nan,147,0.0,147,0.02199999988079071
2491,91,24,-1.245,0.765,0,nan,147,0.0,147,0.02199999988079071
2492,92,24,-1.275,0.765,0,nan,147,0.0,147,0.02199999988079071
2493,93,24,-1.3049999999999997,0.765,0,nan,147,0.0,147,0.02199999988079071
2494,94,24,-1.335,0.765,0,nan,147,0.0,147,0.02199999988079071
2495,95,24,-1.3649999999999998,0.765,0,nan,147,0.0,147,0.02199999988079071
2496,96,24,-1.395,0.765,0,nan,147,0.0,147,0.02199999988079071
2497,97,24,-1.4249999999999998,0.765,0,nan,147,0.0,147,0.0
2498,98,24,-1.455,0.765,0,nan,147,0.0,147,0.0
2499,99,24,-1.4849999999999999,0.765,0,nan,147,0.0,147,0.0
2500,0,25,1.485,0.735,0,nan,147,0.0,147,0.0
2501,1,25,1.455,0.735,0,nan,147,0.0,147,0.0
2502,2,25,1.425,0.735,0,nan,147,0.0,147,0.0
2503,3,25,1.395,0.735,0,nan,147,0.0,147,0.02199999988079071
2504,4,25,1.365,0.735,0,nan,147,0.0,147,0.02199999988079071
2505,5,25,1.335,0.735,0,nan,147,0.0,147,0.02199999988079071
2506,6,25,1.305,0.735,0,nan,147,0.0,147,0.02199999988079071
2507,7,25,1.275,0.735,0,nan,147,0.0,147,0.02199999988079071
2508,8,25,1.245,0.735,0,nan,147,0.0,147,0.02199999988079071
2509,9,25,1.215,0.735,0,nan,147,0.0,147,0.02199999988079071
2510,10,25,1.185,0.735,139,-0.7966367602348328,147,0.0,147,0.0
2511,11,25,1.155,0.735,138,-0.7966146767139435,147,0.0,147,0.0
2512,12,25,1.125,0.735,136,-0.7966479659080505,147,0.0,147,0.0
2513,13,25,1.095,0.735,143,-0.7954108119010925,147,0.2776136100292206,147,0.0
2514,14,25,1.065,0.735,147,-0.7790483236312866,147,0.9260743856430054,147,0.10000000149011612
2515,15,25,1.0350000000000001,0.735,147,-0.7344782948493958,147,0.6992747187614441,147,0.0
2516,16,25,1.005,0.735,147,-0.7257571220397949,147,0.0,147,0.0
2517,17,25,0.975,0.735,147,-0.7216308116912842,147,0.0,147,0.0
2518,18,25,0.9450000000000001,0.735,147,-0.7066272497177124,147,0.0,147,0.0
2519,19,25,0.915,0.735,147,-0.6881197094917297,147,0.0,147,0.0
2520,20,25,0.885,0.735,147,-0.6787817478179932,147,0.035626690834760666,147,0.0
2521,21,25,0.855,0.735,147,-0.6438325047492981,147,0.06411274522542953,147,0.0
2522,22,25,0.8250000000000001,0.735,147,-0.5160388946533203,147,0.032716989517211914,147,0.0
2523,23,25,0.795,0.735,147,-0.5142617225646973,147,0.028020143508911133,147,0.0
2524,24,25,0.765,0.735,147,-0.5131036639213562,147,0.003006060840561986,147,0.0
2525,25,25,0.735,0.735,147,-0.5127454996109009,147,0.0,147,0.0
2526,26,25,0.7050000000000001,0.735,147,-0.5125218629837036,147,0.0,147,0.0
2527,27,25,0.675,0.735,147,-0.5123740434646606,147,0.0,147,0.0
2528,28,25,0.645,0.735,147,-0.5124440789222717,147,0.0,147,0.0
2529,29,25,0.615,0.735,147,-0.5123692750930786,147,0.0,147,0.0
2530,30,25,0.5850000000000001,0.735,147,-0.5126594305038452,147,0.0,147,0.0
2531,31,25,0.555,0.735,147,-0.5128037929534912,147,0.0,147,0.0
2532,32,25,0.525,0.735,147,-0.5133566856384277,147,0.0,147,0.0
2533,33,25,0.4950000000000001,0.735,147,-0.513604998588562,147,0.0,147,0.0
2534,34,25,0.4650000000000001,0.735,147,-0.5136321187019348,147,0.0,147,0.0
2535,35,25,0.43500000000000005,0.735,147,-0.5133149027824402,147,0.0,147,0.0
2536,36,25,0.405,0.735,147,-0.5132813453674316,147,0.0,147,0.0
2537,37,25,0.375,0.735,147,-0.5132813453674316,147,0.0,147,0.0
2538,38,25,0.345,0.735,147,-0.5132560729980469,147,0.0,147,0.0
2539,39,25,0.31499999999999995,0.735,147,-0.5130629539489746,147,0.0,147,0.0
2540,40,25,0.28500000000000014,0.735,147,-0.5125807523727417,147,0.0,147,0.0
2541,41,25,0.2550000000000001,0.735,147,-0.512370228767395,147,0.0,147,0.0
2542,42,25,0.2250000000000001,0.735,147,-0.512194037437439,147,0.0,147,0.0
2543,43,25,0.19500000000000006,0.735,147,-0.5119600892066956,147,0.005026658531278372,147,0.0
2544,44,25,0.16500000000000004,0.735,147,-0.5115785002708435,147,0.00994900893419981,147,0.0
2545,45,25,0.135,0.735,147,-0.5110578536987305,147,0.011643767356872559,147,0.0
2546,46,25,0.10499999999999998,0.735,147,-0.5104209780693054,147,0.01240074634552002,147,0.0
2547,47,25,0.07499999999999996,0.735,147,-0.5101221799850464,147,0.0,147,0.0
2548,48,25,0.04500000000000015,0.735,147,-0.5099234580993652,147,0.0,147,0.0
2549,49,25,0.015000000000000124,0.735,147,-0.5098147392272949,147,0.0,147,0.0
2550,50,25,-0.014999999999999902,0.735,147,-0.5097957253456116,147,0.0,147,0.0
2551,51,25,-0.04499999999999993,0.735,147,-0.5097912549972534,147,0.0,147,0.0
2552,52,25,-0.07499999999999996,0.735,147,-0.5097650289535522,147,0.0,147,0.0
2553,53,25,-0.10499999999999998,0.735,147,-0.5097115635871887,147,0.0026106834411621094,147,0.0
2554,54,25,-0.135,0.735,147,-0.5098129510879517,147,0.007174412254244089,147,0.0
2555,55,25,-0.16500000000000004,0.735,147,-0.5098129510879517,147,0.005640586372464895,147,0.0
2556,56,25,-0.19499999999999984,0.735,147,-0.5095670223236084,147,0.011890132911503315,147,0.0
2557,57,25,-0.22499999999999987,0.735,147,-0.5090910792350769,147,0.014041860587894917,147,0.0
2558,58,25,-0.2549999999999999,0.735,147,-0.5085650682449341,147,0.012672941200435162,147,0.0
2559,59,25,-0.2849999999999999,0.735,147,-0.5080190896987915,147,0.012421607971191406,147,0.0
2560,60,25,-0.31499999999999995,0.735,147,-0.507583498954773,147,0.009336073882877827,147,0.0
2561,61,25,-0.345,0.735,147,-0.5072841048240662,147,0.0007480382919311523,147,0.0
2562,62,25,-0.375,0.735,147,-0.5069178342819214,147,0.0,147,0.0
2563,63,25,-0.405,0.735,147,-0.5066431760787964,147,0.0,147,0.0
2564,64,25,-0.43499999999999983,0.735,147,-0.5062658190727234,147,0.0,147,0.0
2565,65,25,-0.46499999999999986,0.735,147,-0.5061547756195068,147,0.0,147,0.0
2566,66,25,-0.4949999999999999,0.735,147,-0.5060588717460632,147,0.0,147,0.0
2567,67,25,-0.5249999999999999,0.735,147,-0.5060275793075562,147,0.0,147,0.0
2568,68,25,-0.5549999999999997,0.735,147,-0.5057395696640015,147,0.0,147,0.0
2569,69,25,-0.585,0.735,147,-0.5056471824645996,147,0.0,147,0.0
2570,70,25,-0.6149999999999998,0.735,147,-0.5053925514221191,147,0.0024606783408671618,147,0.0
2571,71,25,-0.645,0.735,147,-0.5052856802940369,147,0.0014573335647583008,147,0.0
2572,72,25,-0.6749999999999998,0.735,147,-0.505193829536438,147,0.0,147,0.0
2573,73,25,-0.7050000000000001,0.735,147,-0.5049173831939697,147,0.0,147,0.0
2574,74,25,-0.7349999999999999,0.735,147,-0.5047838091850281,147,0.0,147,0.0
2575,75,25,-0.7650000000000001,0.735,147,-0.5044891834259033,147,0.0,147,0.0
2576,76,25,-0.7949999999999999,0.735,147,-0.504386305809021,147,0.0,147,0.0
2577,77,25,-0.8249999999999997,0.735,147,-0.5041614770889282,147,0.0,147,0.0
2578,78,25,-0.855,0.735,147,-0.5041095614433289,147,0.0,147,0.0
2579,79,25,-0.8849999999999998,0.735,147,-0.5043692588806152,147,0.0,147,0.0
2580,80,25,-0.915,0.735,147,-0.5040878057479858,147,0.0,147,0.0
2581,81,25,-0.9449999999999998,0.735,147,-0.5037363171577454,147,0.007170438766479492,147,0.0
2582,82,25,-0.9750000000000001,0.735,147,-0.5033849477767944,147,0.015135605819523335,147,0.0
2583,83,25,-1.005,0.735,147,-0.5025936365127563,147,0.017465153709053993,147,0.0
2584,84,25,-1.0349999999999997,0.735,147,-0.502281129360199,147,0.009841720573604107,147,0.0
2585,85,25,-1.065,0.735,147,-0.502021849155426,147,0.008479754440486431,147,0.0
2586,86,25,-1.0949999999999998,0.735,147,-0.501726508140564,147,0.0,147,0.0
2587,87,25,-1.125,0.735,147,-0.501726508140564,147,0.0,147,0.0
2588,88,25,-1.1549999999999998,0.735,147,-0.5016890168190002,147,0.0,147,0.0
2589,89,25,-1.185,0.735,147,-0.5016890168190002,147,0.0,147,0.0
2590,90,25,-1.2149999999999999,0.735,0,nan,147,0.0,147,0.02199999988079071
2591,91,25,-1.245,0.735,0,nan,147,0.0,147,0.02199999988079071
2592,92,25,-1.275,0.735,0,nan,147,0.0,147,0.02199999988079071
2593,93,25,-1.3049999999999997,0.735,0,nan,147,0.0,147,0.02199999988079071
2594,94,25,-1.335,0.735,0,nan,147,0.0,147,0.02199999988079071
2595,95,25,-1.3649999999999998,0.735,0,nan,147,0.0,147,0.02199999988079071
2596,96,25,-1.395,0.735,0,nan,147,0.0,147,0.02199999988079071
2597,97,25,-1.4249999999999998,0.735,0,nan,147,0.0,147,0.0
2598,98,25,-1.455,0.735,0,nan,147,0.0,147,0.0
2599,99,25,-1.4849999999999999,0.735,0,nan,147,0.0,147,0.0
2600,0,26,1.485,0.7050000000000001,0,nan,147,0.0,147,0.0
2601,1,26,1.455,0.7050000000000001,0,nan,147,0.0,147,0.0
2602,2,26,1.425,0.7050000000000001,0,nan,147,0.0,147,0.0
2603,3,26,1.395,0.7050000000000001,0,nan,147,0.0,147,0.02199999988079071
2604,4,26,1.365,0.7050000000000001,0,nan,147,0.0,147,0.02199999988079071
2605,5,26,1.335,0.7050000000000001,0,nan,147,0.0,147,0.02199999988079071
2606,6,26,1.305,0.7050000000000001,0,nan,147,0.0,147,0.02199999988079071
2607,7,26,1.275,0.7050000000000001,0,nan,147,0.0,147,0.02199999988079071
2608,8,26,1.245,0.7050000000000001,0,nan,147,0.0,147,0.02199999988079071
2609,9,26,1.215,0.7050000000000001,0,nan,147,0.0,147,0.02199999988079071
2610,10,26,1.185,0.7050000000000001,139,-0.7972797751426697,147,0.0,147,0.0
2611,11,26,1.155,0.7050000000000001,138,-0.7971197068691254,147,0.0,147,0.0
2612,12,26,1.125,0.7050000000000001,133,-0.7970340251922607,147,0.0,147,0.0
2613,13,26,1.095,0.7050000000000001,124,-0.7975645661354065,147,0.2444002628326416,147,0.0
2614,14,26,1.065,0.7050000000000001,116,-0.7806637287139893,147,0.7357721328735352,147,0.02199999988079071
2615,15,26,1.0350000000000001,0.7050000000000001,145,-0.7358092069625854,147,0.8392873406410217,147,0.10000000149011612
2616,16,26,1.005,0.7050000000000001,147,-0.7281328439712524,147,0.47180473804473877,147,0.0
2617,17,26,0.975,0.7050000000000001,147,-0.7237241864204407,147,0.24926523864269257,147,0.0
2618,18,26,0.9450000000000001,0.7050000000000001,147,-0.7066272497177124,147,0.3001277446746826,147,0.0
2619,19,26,0.915,0.7050000000000001,147,-0.6881197094917297,147,0.13422121107578278,147,0.0
2620,20,26,0.885,0.7050000000000001,147,-0.6787817478179932,147,0.17150922119617462,147,0.0
2621,21,26,0.855,0.7050000000000001,147,-0.6438325047492981,147,0.3085757791996002,147,0.0
2622,22,26,0.8250000000000001,0.7050000000000001,147,-0.5160388946533203,147,0.13002197444438934,147,0.0
2623,23,26,0.795,0.7050000000000001,147,-0.5142617225646973,147,0.0505596399307251,147,0.0
2624,24,26,0.765,0.7050000000000001,147,-0.5131036639213562,147,0.030204538255929947,147,0.0
2625,25,26,0.735,0.7050000000000001,147,-0.5127454996109009,147,0.012246266007423401,147,0.0
2626,26,26,0.7050000000000001,0.7050000000000001,147,-0.5125218629837036,147,0.0068990387953817844,147,0.0
2627,27,26,0.675,0.7050000000000001,147,-0.5123740434646606,147,0.01267925277352333,147,0.0
2628,28,26,0.645,0.7050000000000001,147,-0.5124440789222717,147,0.01267989445477724,147,0.0
2629,29,26,0.615,0.7050000000000001,147,-0.5123692750930786,147,0.01695828139781952,147,0.0
2630,30,26,0.5850000000000001,0.7050000000000001,147,-0.5126594305038452,147,0.021450718864798546,147,0.0
2631,31,26,0.555,0.7050000000000001,147,-0.5128037929534912,147,0.029331445693969727,147,0.0
2632,32,26,0.525,0.7050000000000001,147,-0.5133566856384277,147,0.028341807425022125,147,0.0
2633,33,26,0.4950000000000001,0.7050000000000001,147,-0.513604998588562,147,0.0256009791046381,147,0.0
2634,34,26,0.4650000000000001,0.7050000000000001,147,-0.5136321187019348,147,0.016171861439943314,147,0.0
2635,35,26,0.43500000000000005,0.7050000000000001,147,-0.5133149027824402,147,0.00902414321899414,147,0.0
2636,36,26,0.405,0.7050000000000001,147,-0.5132813453674316,147,0.00432431697845459,147,0.0
2637,37,26,0.375,0.7050000000000001,147,-0.5132813453674316,147,0.0,147,0.0
2638,38,26,0.345,0.7050000000000001,147,-0.5132560729980469,147,0.00432431697845459,147,0.0
2639,39,26,0.31499999999999995,0.7050000000000001,147,-0.5130629539489746,147,0.006498290225863457,147,0.0
2640,40,26,0.28500000000000014,0.7050000000000001,147,-0.5125807523727417,147,0.007237990852445364,147,0.0
2641,41,26,0.2550000000000001,0.7050000000000001,147,-0.512370228767395,147,0.006576379295438528,147,0.0
2642,42,26,0.2250000000000001,0.7050000000000001,147,-0.512194037437439,147,0.008511263877153397,147,0.0
2643,43,26,0.19500000000000006,0.7050000000000001,147,-0.5119600892066956,147,0.01479264348745346,147,0.0
2644,44,26,0.16500000000000004,0.7050000000000001,147,-0.5115785002708435,147,0.019919265061616898,147,0.0
2645,45,26,0.135,0.7050000000000001,147,-0.5110578536987305,147,0.01969752460718155,147,0.0
2646,46,26,0.10499999999999998,0.7050000000000001,147,-0.5104209780693054,147,0.017377439886331558,147,0.0
2647,47,26,0.07499999999999996,0.7050000000000001,147,-0.5101221799850464,147,0.007166465278714895,147,0.0
2648,48,26,0.04500000000000015,0.7050000000000001,147,-0.5099234580993652,147,0.0018513003597036004,147,0.0
2649,49,26,0.015000000000000124,0.7050000000000001,147,-0.5098147392272949,147,0.0,147,0.0
2650,50,26,-0.014999999999999902,0.7050000000000001,147,-0.5097957253456116,147,0.0,147,0.0
2651,51,26,-0.04499999999999993,0.7050000000000001,147,-0.5097912549972534,147,0.0,147,0.0
2652,52,26,-0.07499999999999996,0.7050000000000001,147,-0.5097650289535522,147,0.0,147,0.0
2653,53,26,-0.10499999999999998,0.7050000000000001,147,-0.5097115635871887,147,0.008289016783237457,147,0.0
2654,54,26,-0.135,0.7050000000000001,147,-0.5098129510879517,147,0.010126279667019844,147,0.0
2655,55,26,-0.16500000000000004,0.7050000000000001,147,-0.5098129510879517,147,0.009932607412338257,147,0.0
2656,56,26,-0.19499999999999984,0.7050000000000001,147,-0.5095670223236084,147,0.017371749505400658,147,0.0
2657,57,26,-0.22499999999999987,0.7050000000000001,147,-0.5090910792350769,147,0.019444027915596962,147,0.0
2658,58,26,-0.2549999999999999,0.7050000000000001,147,-0.5085650682449341,147,0.014041860587894917,147,0.0
2659,59,26,-0.2849999999999999,0.7050000000000001,147,-0.5080190896987915,147,0.014104445464909077,147,0.0
2660,60,26,-0.31499999999999995,0.7050000000000001,147,-0.507583498954773,147,0.014009456150233746,147,0.0
2661,61,26,-0.345,0.7050000000000001,147,-0.5072841048240662,147,0.010970677249133587,147,0.0
2662,62,26,-0.375,0.7050000000000001,147,-0.5069178342819214,147,0.011363225989043713,147,0.0
2663,63,26,-0.405,0.7050000000000001,147,-0.5066431760787964,147,0.01112222671508789,147,0.0
2664,64,26,-0.43499999999999983,0.7050000000000001,147,-0.5062658190727234,147,0.007894635200500488,147,0.0
2665,65,26,-0.46499999999999986,0.7050000000000001,147,-0.5061547756195068,147,0.0036487977486103773,147,0.0
2666,66,26,-0.4949999999999999,0.7050000000000001,147,-0.5060588717460632,147,0.0036487977486103773,147,0.0
2667,67,26,-0.5249999999999999,0.7050000000000001,147,-0.5060275793075562,147,0.0036183069460093975,147,0.0
2668,68,26,-0.5549999999999997,0.7050000000000001,147,-0.5057395696640015,147,0.004124641418457031,147,0.0
2669,69,26,-0.585,0.7050000000000001,147,-0.5056471824645996,147,0.004606445785611868,147,0.0
2670,70,26,-0.6149999999999998,0.7050000000000001,147,-0.5053925514221191,147,0.010818243026733398,147,0.0
2671,71,26,-0.645,0.7050000000000001,147,-0.5052856802940369,147,0.009098522365093231,147,0.0
2672,72,26,-0.6749999999999998,0.7050000000000001,147,-0.505193829536438,147,0.0,147,0.0
2673,73,26,-0.7050000000000001,0.7050000000000001,147,-0.5049173831939697,147,0.0,147,0.0
2674,74,26,-0.7349999999999999,0.7050000000000001,147,-0.5047838091850281,147,0.0,147,0.0
2675,75,26,-0.7650000000000001,0.7050000000000001,147,-0.5044891834259033,147,0.0,147,0.0
2676,76,26,-0.7949999999999999,0.7050000000000001,147,-0.504386305809021,147,0.0,147,0.0
2677,77,26,-0.8249999999999997,0.7050000000000001,147,-0.5041614770889282,147,0.0,147,0.0
2678,78,26,-0.855,0.7050000000000001,147,-0.5041095614433289,147,0.0,147,0.0
2679,79,26,-0.8849999999999998,0.7050000000000001,147,-0.5043692588806152,147,5.364418029785156e-05,147,0.0
2680,80,26,-0.915,0.7050000000000001,147,-0.5040878057479858,147,0.005407134536653757,147,0.0
2681,81,26,-0.9449999999999998,0.7050000000000001,147,-0.5037363171577454,147,0.012028217315673828,147,0.0
2682,82,26,-0.9750000000000001,0.7050000000000001,147,-0.5033849477767944,147,0.018707910552620888,147,0.0
2683,83,26,-1.005,0.7050000000000001,147,-0.5025936365127563,147,0.020494645461440086,147,0.0
2684,84,26,-1.0349999999999997,0.7050000000000001,147,-0.502281129360199,147,0.01503083761781454,147,0.0
2685,85,26,-1.065,0.7050000000000001,147,-0.502021849155426,147,0.016344519332051277,147,0.0
2686,86,26,-1.0949999999999998,0.7050000000000001,147,-0.501726508140564,147,0.010613600723445415,147,0.0
2687,87,26,-1.125,0.7050000000000001,147,-0.501726508140564,147,0.0012258688220754266,147,0.0
2688,88,26,-1.1549999999999998,0.7050000000000001,147,-0.5016890168190002,147,0.0006560859619639814,147,0.0
2689,89,26,-1.185,0.7050000000000001,147,-0.5016890168190002,147,0.0,147,0.0
2690,90,26,-1.2149999999999999,0.7050000000000001,0,nan,147,0.0,147,0.02199999988079071
2691,91,26,-1.245,0.7050000000000001,0,nan,147,0.0,147,0.02199999988079071
2692,92,26,-1.275,0.7050000000000001,0,nan,147,0.0,147,0.02199999988079071
2693,93,26,-1.3049999999999997,0.7050000000000001,0,nan,147,0.0,147,0.02199999988079071
2694,94,26,-1.335,0.7050000000000001,0,nan,147,0.0,147,0.02199999988079071
2695,95,26,-1.3649999999999998,0.7050000000000001,0,nan,147,0.0,147,0.02199999988079071
2696,96,26,-1.395,0.7050000000000001,0,nan,147,0.0,147,0.02199999988079071
2697,97,26,-1.4249999999999998,0.7050000000000001,0,nan,147,0.0,147,0.0
2698,98,26,-1.455,0.7050000000000001,0,nan,147,0.0,147,0.0
2699,99,26,-1.4849999999999999,0.7050000000000001,0,nan,147,0.0,147,0.0
2700,0,27,1.485,0.675,0,nan,147,0.0,147,0.0
2701,1,27,1.455,0.675,0,nan,147,0.0,147,0.0
2702,2,27,1.425,0.675,0,nan,147,0.0,147,0.0
2703,3,27,1.395,0.675,0,nan,147,0.0,147,0.02199999988079071
2704,4,27,1.365,0.675,0,nan,147,0.0,147,0.02199999988079071
2705,5,27,1.335,0.675,0,nan,147,0.0,147,0.02199999988079071
2706,6,27,1.305,0.675,0,nan,147,0.0,147,0.02199999988079071
2707,7,27,1.275,0.675,0,nan,147,0.0,147,0.02199999988079071
2708,8,27,1.245,0.675,0,nan,147,0.0,147,0.02199999988079071
2709,9,27,1.215,0.675,0,nan,147,0.0,147,0.02199999988079071
2710,10,27,1.185,0.675,143,-0.7989561557769775,147,0.009935591369867325,147,0.0
2711,11,27,1.155,0.675,143,-0.7988495826721191,147,0.01895427703857422,147,0.0
2712,12,27,1.125,0.675,142,-0.7989028692245483,147,0.01895427703857422,147,0.0
2713,13,27,1.095,0.675,139,-0.7990469336509705,147,0.22032444179058075,147,0.0
2714,14,27,1.065,0.675,137,-0.7856091260910034,147,0.6253337264060974,147,0.0
2715,15,27,1.0350000000000001,0.675,125,-0.7737824320793152,147,0.6881635785102844,147,0.02199999988079071
2716,16,27,1.005,0.675,135,-0.7584404945373535,147,0.6588239073753357,147,0.0
2717,17,27,0.975,0.675,147,-0.7282087802886963,147,0.7447922825813293,147,0.0
2718,18,27,0.9450000000000001,0.675,147,-0.711487889289856,147,0.6279693841934204,147,0.0
2719,19,27,0.915,0.675,147,-0.6926170587539673,147,0.3571152091026306,147,0.0
2720,20,27,0.885,0.675,147,-0.6878780126571655,147,0.29393595457077026,147,0.0
2721,21,27,0.855,0.675,147,-0.6651052236557007,147,0.37116408348083496,147,0.0
2722,22,27,0.8250000000000001,0.675,147,-0.6321447491645813,147,0.20618338882923126,147,0.0
2723,23,27,0.795,0.675,147,-0.5141434073448181,147,0.19408617913722992,147,0.0
2724,24,27,0.765,0.675,147,-0.5127423405647278,147,0.04870295524597168,147,0.0
2725,25,27,0.735,0.675,147,-0.5116632580757141,147,0.025207797065377235,147,0.0
2726,26,27,0.7050000000000001,0.675,147,-0.5114527940750122,147,0.023608990013599396,147,0.0
2727,27,27,0.675,0.675,147,-0.5111686587333679,147,0.03826220706105232,147,0.0
2728,28,27,0.645,0.675,147,-0.5110884308815002,147,0.035891976207494736,147,0.0
2729,29,27,0.615,0.675,147,-0.5110149383544922,147,0.04209280014038086,147,0.0
2730,30,27,0.5850000000000001,0.675,147,-0.5109490156173706,147,0.04667043685913086,147,0.0
2731,31,27,0.555,0.675,147,-0.5109514594078064,147,0.051825132220983505,147,0.0
2732,32,27,0.525,0.675,147,-0.511570930480957,147,0.05110899731516838,147,0.0
2733,33,27,0.4950000000000001,0.675,147,-0.5125967264175415,147,0.04674745351076126,147,0.0
2734,34,27,0.4650000000000001,0.675,147,-0.5128945112228394,147,0.03641446307301521,147,0.0
2735,35,27,0.43500000000000005,0.675,147,-0.5130042433738708,147,0.026599599048495293,147,0.0
2736,36,27,0.405,0.675,147,-0.5129594206809998,147,0.013663371093571186,147,0.0
2737,37,27,0.375,0.675,147,-0.5129594206809998,147,0.009985764510929585,147,0.0
2738,38,27,0.345,0.675,147,-0.5128945112228394,147,0.009985764510929585,147,0.0
2739,39,27,0.31499999999999995,0.675,147,-0.5127127170562744,147,0.012853741645812988,147,0.0
2740,40,27,0.28500000000000014,0.675,147,-0.512182891368866,147,0.014919166453182697,147,0.0
2741,41,27,0.2550000000000001,0.675,147,-0.5120224952697754,147,0.01220405101776123,147,0.0
2742,42,27,0.2250000000000001,0.675,147,-0.5119256973266602,147,0.012853741645812988,147,0.0
2743,43,27,0.19500000000000006,0.675,147,-0.511726438999176,147,0.020134449005126953,147,0.0
2744,44,27,0.16500000000000004,0.675,147,-0.5112143754959106,147,0.024289989843964577,147,0.0
2745,45,27,0.135,0.675,147,-0.5106415152549744,147,0.024964243173599243,147,0.0
2746,46,27,0.10499999999999998,0.675,147,-0.5101419687271118,147,0.022991498932242393,147,0.0
2747,47,27,0.07499999999999996,0.675,147,-0.5098131895065308,147,0.015869736671447754,147,0.0
2748,48,27,0.04500000000000015,0.675,147,-0.5096582770347595,147,0.012325845658779144,147,0.0
2749,49,27,0.015000000000000124,0.675,147,-0.5095859169960022,147,0.00866995844990015,147,0.0
2750,50,27,-0.014999999999999902,0.675,147,-0.5095859169960022,147,0.007281700614839792,147,0.0
2751,51,27,-0.04499999999999993,0.675,147,-0.5095524191856384,147,0.006728371139615774,147,0.0
2752,52,27,-0.07499999999999996,0.675,147,-0.5095286965370178,147,0.0072042145766317844,147,0.0
2753,53,27,-0.10499999999999998,0.675,147,-0.5095286965370178,147,0.012585602700710297,147,0.0
2754,54,27,-0.135,0.675,147,-0.5097615122795105,147,0.01468037161976099,147,0.0
2755,55,27,-0.16500000000000004,0.675,147,-0.5098129510879517,147,0.015726963058114052,147,0.0
2756,56,27,-0.19499999999999984,0.675,147,-0.5097220540046692,147,0.02142985723912716,147,0.0
2757,57,27,-0.22499999999999987,0.675,147,-0.5092553496360779,147,0.023251278325915337,147,0.0
2758,58,27,-0.2549999999999999,0.675,147,-0.5084372758865356,147,0.018017491325736046,147,0.0
2759,59,27,-0.2849999999999999,0.675,147,-0.5079195499420166,147,0.02086392045021057,147,0.0
2760,60,27,-0.31499999999999995,0.675,147,-0.5074033141136169,147,0.022610396146774292,147,0.0
2761,61,27,-0.345,0.675,147,-0.5068609118461609,147,0.0251344982534647,147,0.0
2762,62,27,-0.375,0.675,147,-0.5064786672592163,147,0.027623772621154785,147,0.0
2763,63,27,-0.405,0.675,147,-0.5062045454978943,147,0.027621829882264137,147,0.0
2764,64,27,-0.43499999999999983,0.675,147,-0.5058651566505432,147,0.024425983428955078,147,0.0
2765,65,27,-0.46499999999999986,0.675,147,-0.505780816078186,147,0.01930060237646103,147,0.0
2766,66,27,-0.4949999999999999,0.675,147,-0.5057260990142822,147,0.01662496291100979,147,0.0
2767,67,27,-0.5249999999999999,0.675,147,-0.5056471824645996,147,0.017313161864876747,147,0.0
2768,68,27,-0.5549999999999997,0.675,147,-0.5054734945297241,147,0.01652439497411251,147,0.0
2769,69,27,-0.585,0.675,147,-0.505329430103302,147,0.01811590977013111,147,0.0
2770,70,27,-0.6149999999999998,0.675,147,-0.5051206946372986,147,0.018481723964214325,147,0.0
2771,71,27,-0.645,0.675,147,-0.5050761699676514,147,0.01576213911175728,147,0.0
2772,72,27,-0.6749999999999998,0.675,147,-0.5050062537193298,147,0.006344154477119446,147,0.0
2773,73,27,-0.7050000000000001,0.675,147,-0.5048217177391052,147,0.0,147,0.0
2774,74,27,-0.7349999999999999,0.675,147,-0.5046520829200745,147,0.0,147,0.0
2775,75,27,-0.7650000000000001,0.675,147,-0.504386305809021,147,0.0,147,0.0
2776,76,27,-0.7949999999999999,0.675,147,-0.5043692588806152,147,0.0,147,0.0
2777,77,27,-0.8249999999999997,0.675,147,-0.5042018890380859,147,0.0,147,0.0
2778,78,27,-0.855,0.675,147,-0.5041614770889282,147,0.0,147,0.0
2779,79,27,-0.8849999999999998,0.675,147,-0.5043692588806152,147,0.00401947321370244,147,0.0
2780,80,27,-0.915,0.675,147,-0.5041723251342773,147,0.009741385467350483,147,0.0
2781,81,27,-0.9449999999999998,0.675,147,-0.5040878057479858,147,0.014061180874705315,147,0.0
2782,82,27,-0.9750000000000001,0.675,147,-0.5036598443984985,147,0.02123514749109745,147,0.0
2783,83,27,-1.005,0.675,147,-0.5030667781829834,147,0.024274589493870735,147,0.0
2784,84,27,-1.0349999999999997,0.675,147,-0.5025420188903809,147,0.018808476626873016,147,0.0
2785,85,27,-1.065,0.675,147,-0.5023435354232788,147,0.018061751499772072,147,0.0
2786,86,27,-1.0949999999999998,0.675,147,-0.5021394491195679,147,0.014868378639221191,147,0.0
2787,87,27,-1.125,0.675,147,-0.5021334886550903,147,0.01055445522069931,147,0.0
2788,88,27,-1.1549999999999998,0.675,146,-0.5016927421092987,147,0.0076203495264053345,147,0.0
2789,89,27,-1.185,0.675,130,-0.5016831159591675,147,0.0,147,0.0
2790,90,27,-1.2149999999999999,0.675,0,nan,147,0.0,147,0.02199999988079071
2791,91,27,-1.245,0.675,0,nan,147,0.0,147,0.02199999988079071
2792,92,27,-1.275,0.675,0,nan,147,0.0,147,0.02199999988079071
2793,93,27,-1.3049999999999997,0.675,0,nan,147,0.0,147,0.02199999988079071
2794,94,27,-1.335,0.675,0,nan,147,0.0,147,0.02199999988079071
2795,95,27,-1.3649999999999998,0.675,0,nan,147,0.0,147,0.02199999988079071
2796,96,27,-1.395,0.675,0,nan,147,0.0,147,0.02199999988079071
2797,97,27,-1.4249999999999998,0.675,0,nan,147,0.0,147,0.0
2798,98,27,-1.455,0.675,0,nan,147,0.0,147,0.0
2799,99,27,-1.4849999999999999,0.675,0,nan,147,0.0,147,0.0
2800,0,28,1.485,0.645,0,nan,147,0.0,147,0.0
2801,1,28,1.455,0.645,0,nan,147,0.0,147,0.0
2802,2,28,1.425,0.645,0,nan,147,0.0,147,0.0
2803,3,28,1.395,0.645,0,nan,147,0.0,147,0.02199999988079071
2804,4,28,1.365,0.645,0,nan,147,0.0,147,0.02199999988079071
2805,5,28,1.335,0.645,0,nan,147,0.0,147,0.02199999988079071
2806,6,28,1.305,0.645,0,nan,147,0.0,147,0.02199999988079071
2807,7,28,1.275,0.645,0,nan,147,0.0,147,0.02199999988079071
2808,8,28,1.245,0.645,0,nan,147,0.0,147,0.02199999988079071
2809,9,28,1.215,0.645,0,nan,147,0.0,147,0.02199999988079071
2810,10,28,1.185,0.645,143,-0.7992005348205566,147,0.0,147,0.0
2811,11,28,1.155,0.645,145,-0.7992005348205566,147,0.0,147,0.0
2812,12,28,1.125,0.645,145,-0.7992005348205566,147,0.0,147,0.0
2813,13,28,1.095,0.645,144,-0.7994401454925537,147,0.21410717070102692,147,0.0
2814,14,28,1.065,0.645,146,-0.7865126132965088,147,0.4069380462169647,147,0.0
2815,15,28,1.0350000000000001,0.645,143,-0.7754180431365967,147,0.4217720925807953,147,0.0
2816,16,28,1.005,0.645,140,-0.7634262144565582,147,0.5600618124008179,147,0.0
2817,17,28,0.975,0.645,133,-0.750785768032074,147,0.676262378692627,147,0.0
2818,18,28,0.9450000000000001,0.645,146,-0.7247136831283569,147,0.8313950896263123,147,0.02199999988079071
2819,19,28,0.915,0.645,147,-0.6934848427772522,147,0.7232524156570435,147,0.0
2820,20,28,0.885,0.645,147,-0.6881197094917297,147,0.37180283665657043,147,0.0
2821,21,28,0.855,0.645,147,-0.666771411895752,147,0.33082664012908936,147,0.0
2822,22,28,0.8250000000000001,0.645,147,-0.6484249234199524,147,0.18752019107341766,147,0.0
2823,23,28,0.795,0.645,147,-0.5143557786941528,147,0.06610850244760513,147,0.0
2824,24,28,0.765,0.645,147,-0.5127423405647278,147,0.0507940836250782,147,0.0
2825,25,28,0.735,0.645,147,-0.5113708972930908,147,0.024630464613437653,147,0.0
2826,26,28,0.7050000000000001,0.645,147,-0.5109168291091919,147,0.021314358338713646,147,0.0
2827,27,28,0.675,0.645,147,-0.5103750824928284,147,0.02782653458416462,147,0.0
2828,28,28,0.645,0.645,147,-0.5103577971458435,147,0.031228860840201378,147,0.0
2829,29,28,0.615,0.645,147,-0.5102109909057617,147,0.031739603728055954,147,0.0
2830,30,28,0.5850000000000001,0.645,147,-0.5101934671401978,147,0.03750622272491455,147,0.0
2831,31,28,0.555,0.645,147,-0.5101470947265625,147,0.03937184810638428,147,0.0
2832,32,28,0.525,0.645,147,-0.5100890398025513,147,0.03997308388352394,147,0.0
2833,33,28,0.4950000000000001,0.645,147,-0.5109168291091919,147,0.047351982444524765,147,0.0
2834,34,28,0.4650000000000001,0.645,147,-0.5123202800750732,147,0.029906917363405228,147,0.0
2835,35,28,0.43500000000000005,0.645,147,-0.5125492215156555,147,0.022218624129891396,147,0.0
2836,36,28,0.405,0.645,147,-0.5125492215156555,147,0.018606582656502724,147,0.0
2837,37,28,0.375,0.645,147,-0.5125807523727417,147,0.015469391830265522,147,0.0
2838,38,28,0.345,0.645,147,-0.5125807523727417,147,0.01621047593653202,147,0.0
2839,39,28,0.31499999999999995,0.645,147,-0.5124926567077637,147,0.01603538915514946,147,0.0
2840,40,28,0.28500000000000014,0.645,147,-0.5120903849601746,147,0.017228029668331146,147,0.0
2841,41,28,0.2550000000000001,0.645,147,-0.5119075775146484,147,0.01672903634607792,147,0.0
2842,42,28,0.2250000000000001,0.645,147,-0.5117946267127991,147,0.015489260666072369,147,0.0
2843,43,28,0.19500000000000006,0.645,147,-0.5114514827728271,147,0.02268235944211483,147,0.0
2844,44,28,0.16500000000000004,0.645,147,-0.5108217597007751,147,0.026275277137756348,147,0.0
2845,45,28,0.135,0.645,147,-0.5102349519729614,147,0.025975476950407028,147,0.0
2846,46,28,0.10499999999999998,0.645,147,-0.5097419023513794,147,0.025001054629683495,147,0.0
2847,47,28,0.07499999999999996,0.645,147,-0.5093590021133423,147,0.018719207495450974,147,0.0
2848,48,28,0.04500000000000015,0.645,147,-0.509159505367279,147,0.015240907669067383,147,0.0
2849,49,28,0.015000000000000124,0.645,147,-0.5091390013694763,147,0.013505418784916401,147,0.0
2850,50,28,-0.014999999999999902,0.645,147,-0.5091305375099182,147,0.011242429725825787,147,0.0
2851,51,28,-0.04499999999999993,0.645,147,-0.5091294646263123,147,0.011076719500124454,147,0.0
2852,52,28,-0.07499999999999996,0.645,147,-0.5091407895088196,147,0.01124955527484417,147,0.0
2853,53,28,-0.10499999999999998,0.645,147,-0.5092310905456543,147,0.014841556549072266,147,0.0
2854,54,28,-0.135,0.645,147,-0.5095006227493286,147,0.014921029098331928,147,0.0
2855,55,28,-0.16500000000000004,0.645,147,-0.5098053812980652,147,0.017015138640999794,147,0.0
2856,56,28,-0.19499999999999984,0.645,147,-0.5099478363990784,147,0.023980671539902687,147,0.0
2857,57,28,-0.22499999999999987,0.645,147,-0.5093390345573425,147,0.030026044696569443,147,0.0
2858,58,28,-0.2549999999999999,0.645,147,-0.5083592534065247,147,0.02231101132929325,147,0.0
2859,59,28,-0.2849999999999999,0.645,147,-0.5078001022338867,147,0.025276657193899155,147,0.0
2860,60,28,-0.31499999999999995,0.645,147,-0.5070626735687256,147,0.03268937021493912,147,0.0
2861,61,28,-0.345,0.645,147,-0.506088137626648,147,0.03542405739426613,147,0.0
2862,62,28,-0.375,0.645,147,-0.505531370639801,147,0.033032894134521484,147,0.0
2863,63,28,-0.405,0.645,147,-0.5050709843635559,147,0.030306706205010414,147,0.0
2864,64,28,-0.43499999999999983,0.645,147,-0.5049176216125488,147,0.02760191820561886,147,0.0
2865,65,28,-0.46499999999999986,0.645,147,-0.50483238697052,147,0.024116039276123047,147,0.0
2866,66,28,-0.4949999999999999,0.645,147,-0.5048139095306396,147,0.023163357749581337,147,0.0
2867,67,28,-0.5249999999999999,0.645,147,-0.5048109292984009,147,0.021023551002144814,147,0.0
2868,68,28,-0.5549999999999997,0.645,147,-0.5047249794006348,147,0.019154438748955727,147,0.0
2869,69,28,-0.585,0.645,147,-0.5046631693840027,147,0.01950860023498535,147,0.0
2870,70,28,-0.6149999999999998,0.645,147,-0.5045948624610901,147,0.020114151760935783,147,0.0
2871,71,28,-0.645,0.645,147,-0.5048776865005493,147,0.01830756664276123,147,0.0
2872,72,28,-0.6749999999999998,0.645,147,-0.5048857927322388,147,0.010411937721073627,147,0.0
2873,73,28,-0.7050000000000001,0.645,147,-0.5048189759254456,147,0.005508462432771921,147,0.0
2874,74,28,-0.7349999999999999,0.645,147,-0.5046520829200745,147,0.0037338596303015947,147,0.0
2875,75,28,-0.7650000000000001,0.645,147,-0.5044703483581543,147,0.0001410643308190629,147,0.0
2876,76,28,-0.7949999999999999,0.645,147,-0.5043908357620239,147,0.0,147,0.0
2877,77,28,-0.8249999999999997,0.645,147,-0.5042868256568909,147,0.0,147,0.0
2878,78,28,-0.855,0.645,147,-0.5042411684989929,147,5.364418029785156e-05,147,0.0
2879,79,28,-0.8849999999999998,0.645,147,-0.504386305809021,147,0.004936449695378542,147,0.0
2880,80,28,-0.915,0.645,147,-0.5042738318443298,147,0.008870163932442665,147,0.0
2881,81,28,-0.9449999999999998,0.645,147,-0.5041904449462891,147,0.011861294507980347,147,0.0
2882,82,28,-0.9750000000000001,0.645,147,-0.5038329362869263,147,0.01806020736694336,147,0.0
2883,83,28,-1.005,0.645,147,-0.5032606720924377,147,0.02137908712029457,147,0.0
2884,84,28,-1.0349999999999997,0.645,147,-0.5027705430984497,147,0.015819072723388672,147,0.0
2885,85,28,-1.065,0.645,147,-0.5026102066040039,147,0.01042783260345459,147,0.0
2886,86,28,-1.0949999999999998,0.645,147,-0.5023536086082458,147,0.005840261932462454,147,0.0
2887,87,28,-1.125,0.645,146,-0.5023588240146637,147,0.008064553141593933,147,0.0
2888,88,28,-1.1549999999999998,0.645,109,-0.5019004940986633,147,0.005702500231564045,147,0.0
2889,89,28,-1.185,0.645,79,-0.5017905831336975,147,0.0,147,0.0
2890,90,28,-1.2149999999999999,0.645,0,nan,147,0.0,147,0.02199999988079071
2891,91,28,-1.245,0.645,0,nan,147,0.0,147,0.02199999988079071
2892,92,28,-1.275,0.645,0,nan,147,0.0,147,0.02199999988079071
2893,93,28,-1.3049999999999997,0.645,0,nan,147,0.0,147,0.02199999988079071
2894,94,28,-1.335,0.645,0,nan,147,0.0,147,0.02199999988079071
2895,95,28,-1.3649999999999998,0.645,0,nan,147,0.0,147,0.02199999988079071
2896,96,28,-1.395,0.645,0,nan,147,0.0,147,0.02199999988079071
2897,97,28,-1.4249999999999998,0.645,0,nan,147,0.0,147,0.0
2898,98,28,-1.455,0.645,0,nan,147,0.0,147,0.0
2899,99,28,-1.4849999999999999,0.645,0,nan,147,0.0,147,0.0
2900,0,29,1.485,0.615,0,nan,147,0.0,147,0.0
2901,1,29,1.455,0.615,0,nan,147,0.0,147,0.0
2902,2,29,1.425,0.615,0,nan,147,0.0,147,0.0
2903,3,29,1.395,0.615,0,nan,147,0.0,147,0.02199999988079071
2904,4,29,1.365,0.615,0,nan,147,0.0,147,0.02199999988079071
2905,5,29,1.335,0.615,0,nan,147,0.0,147,0.02199999988079071
2906,6,29,1.305,0.615,0,nan,147,0.0,147,0.02199999988079071
2907,7,29,1.275,0.615,0,nan,147,0.0,147,0.02199999988079071
2908,8,29,1.245,0.615,0,nan,147,0.0,147,0.02199999988079071
2909,9,29,1.215,0.615,0,nan,147,0.0,147,0.02199999988079071
2910,10,29,1.185,0.615,143,-0.8001779317855835,147,0.0,147,0.0
2911,11,29,1.155,0.615,145,-0.8003719449043274,147,0.0,147,0.0
2912,12,29,1.125,0.615,145,-0.8003719449043274,147,0.0,147,0.0
2913,13,29,1.095,0.615,144,-0.8003788590431213,147,0.21686939895153046,147,0.0
2914,14,29,1.065,0.615,146,-0.7871848344802856,147,0.39194726943969727,147,0.0
2915,15,29,1.0350000000000001,0.615,146,-0.7760610580444336,147,0.37652403116226196,147,0.0
2916,16,29,1.005,0.615,146,-0.764230340719223,147,0.3900745213031769,147,0.0
2917,17,29,0.975,0.615,146,-0.7528333067893982,147,0.5043830275535583,147,0.0
2918,18,29,0.9450000000000001,0.615,136,-0.739944726228714,147,0.6166202425956726,147,0.0
2919,19,29,0.915,0.615,126,-0.7259944081306458,147,0.6914240121841431,147,0.02199999988079071
2920,20,29,0.885,0.615,147,-0.6900349855422974,147,0.7846733927726746,147,0.0
2921,21,29,0.855,0.615,147,-0.669957160949707,147,0.5354207754135132,147,0.0
2922,22,29,0.8250000000000001,0.615,147,-0.6490767598152161,147,0.21299299597740173,147,0.0
2923,23,29,0.795,0.615,147,-0.5143557786941528,147,0.06610850244760513,147,0.0
2924,24,29,0.765,0.615,147,-0.5127423405647278,147,0.05450844764709473,147,0.0
2925,25,29,0.735,0.615,147,-0.5113708972930908,147,0.027134021744132042,147,0.0
2926,26,29,0.7050000000000001,0.615,147,-0.5109168291091919,147,0.0224887877702713,147,0.0
2927,27,29,0.675,0.615,147,-0.5100560188293457,147,0.020469626411795616,147,0.0
2928,28,29,0.645,0.615,147,-0.5100155472755432,147,0.020816922187805176,147,0.0
2929,29,29,0.615,0.615,147,-0.5096796751022339,147,0.025623084977269173,147,0.0
2930,30,29,0.5850000000000001,0.615,147,-0.5095506906509399,147,0.02762613259255886,147,0.0
2931,31,29,0.555,0.615,147,-0.5094891786575317,147,0.026632538065314293,147,0.0
2932,32,29,0.525,0.615,147,-0.5094907283782959,147,0.029490390792489052,147,0.0
2933,33,29,0.4950000000000001,0.615,147,-0.509852409362793,147,0.043021637946367264,147,0.0
2934,34,29,0.4650000000000001,0.615,147,-0.5106697678565979,147,0.03952682018280029,147,0.0
2935,35,29,0.43500000000000005,0.615,147,-0.5116043090820312,147,0.03204941749572754,147,0.0
2936,36,29,0.405,0.615,147,-0.5118536353111267,147,0.023947158828377724,147,0.0
2937,37,29,0.375,0.615,147,-0.5118724703788757,147,0.016733011230826378,147,0.0
2938,38,29,0.345,0.615,147,-0.5119854807853699,147,0.01990099810063839,147,0.0
2939,39,29,0.31499999999999995,0.615,147,-0.5118724703788757,147,0.0196057315915823,147,0.0
2940,40,29,0.28500000000000014,0.615,147,-0.5118536353111267,147,0.01938740350306034,147,0.0
2941,41,29,0.2550000000000001,0.615,147,-0.5115651488304138,147,0.016733011230826378,147,0.0
2942,42,29,0.2250000000000001,0.615,147,-0.5112274885177612,147,0.01590351201593876,147,0.0
2943,43,29,0.19500000000000006,0.615,147,-0.51084303855896,147,0.025623945519328117,147,0.0
2944,44,29,0.16500000000000004,0.615,147,-0.5101836323738098,147,0.029029523953795433,147,0.0
2945,45,29,0.135,0.615,147,-0.5097513198852539,147,0.02820114605128765,147,0.0
2946,46,29,0.10499999999999998,0.615,147,-0.5090785622596741,147,0.024697018787264824,147,0.0
2947,47,29,0.07499999999999996,0.615,147,-0.508748471736908,147,0.017057236284017563,147,0.0
2948,48,29,0.04500000000000015,0.615,147,-0.5087401270866394,147,0.012539823539555073,147,0.0
2949,49,29,0.015000000000000124,0.615,147,-0.5087191462516785,147,0.010597705841064453,147,0.0
2950,50,29,-0.014999999999999902,0.615,147,-0.5087191462516785,147,0.009483098983764648,147,0.0
2951,51,29,-0.04499999999999993,0.615,147,-0.5087191462516785,147,0.010429004207253456,147,0.0
2952,52,29,-0.07499999999999996,0.615,147,-0.5087632536888123,147,0.011279185302555561,147,0.0
2953,53,29,-0.10499999999999998,0.615,147,-0.508928656578064,147,0.01586056686937809,147,0.0
2954,54,29,-0.135,0.615,147,-0.509324312210083,147,0.01727992668747902,147,0.0
2955,55,29,-0.16500000000000004,0.615,147,-0.5097625851631165,147,0.01722022518515587,147,0.0
2956,56,29,-0.19499999999999984,0.615,147,-0.5100182890892029,147,0.021504363045096397,147,0.0
2957,57,29,-0.22499999999999987,0.615,147,-0.5095129609107971,147,0.031375348567962646,147,0.0
2958,58,29,-0.2549999999999999,0.615,147,-0.5082686543464661,147,0.03204533830285072,147,0.0
2959,59,29,-0.2849999999999999,0.615,147,-0.5076835751533508,147,0.028766194358468056,147,0.0
2960,60,29,-0.31499999999999995,0.615,147,-0.5068296194076538,147,0.03607594594359398,147,0.0
2961,61,29,-0.345,0.615,147,-0.5056142807006836,147,0.0379825234413147,147,0.0
2962,62,29,-0.375,0.615,147,-0.5047094821929932,147,0.029651323333382607,147,0.0
2963,63,29,-0.405,0.615,147,-0.5045347809791565,147,0.018463781103491783,147,0.0
2964,64,29,-0.43499999999999983,0.615,147,-0.5044016242027283,147,0.013420979492366314,147,0.0
2965,65,29,-0.46499999999999986,0.615,147,-0.504325270652771,147,0.011147062294185162,147,0.0
2966,66,29,-0.4949999999999999,0.615,147,-0.5043321251869202,147,0.01103182602673769,147,0.0
2967,67,29,-0.5249999999999999,0.615,147,-0.504325270652771,147,0.01103182602673769,147,0.0
2968,68,29,-0.5549999999999997,0.615,147,-0.5044016242027283,147,0.01103182602673769,147,0.0
2969,69,29,-0.585,0.615,147,-0.5043275952339172,147,0.011987737379968166,147,0.0
2970,70,29,-0.6149999999999998,0.615,147,-0.504473865032196,147,0.01864556036889553,147,0.0
2971,71,29,-0.645,0.615,147,-0.5047711730003357,147,0.01729726791381836,147,0.0
2972,72,29,-0.6749999999999998,0.615,147,-0.5047711730003357,147,0.014609098434448242,147,0.0
2973,73,29,-0.7050000000000001,0.615,147,-0.5045644640922546,147,0.011344527825713158,147,0.0
2974,74,29,-0.7349999999999999,0.615,147,-0.5044703483581543,147,0.006638964172452688,147,0.0
2975,75,29,-0.7650000000000001,0.615,147,-0.5043908357620239,147,0.004260738845914602,147,0.0
2976,76,29,-0.7949999999999999,0.615,147,-0.5042868256568909,147,0.0012334977509453893,147,0.0
2977,77,29,-0.8249999999999997,0.615,147,-0.5042657256126404,147,0.0031898419838398695,147,0.0
2978,78,29,-0.855,0.615,147,-0.5041717290878296,147,0.0040570893324911594,147,0.0
2979,79,29,-0.8849999999999998,0.615,147,-0.5043014883995056,147,0.007067123893648386,147,0.0
2980,80,29,-0.915,0.615,147,-0.5042823553085327,147,0.008384725078940392,147,0.0
2981,81,29,-0.9449999999999998,0.615,147,-0.5041717290878296,147,0.010707633569836617,147,0.0
2982,82,29,-0.9750000000000001,0.615,147,-0.5039116740226746,147,0.01440445613116026,147,0.0
2983,83,29,-1.005,0.615,147,-0.503385603427887,147,0.018905600532889366,147,0.0
2984,84,29,-1.0349999999999997,0.615,147,-0.5027705430984497,147,0.012610207311809063,147,0.0
2985,85,29,-1.065,0.615,147,-0.5026164650917053,147,0.006336200051009655,147,0.0
2986,86,29,-1.0949999999999998,0.615,147,-0.5023536086082458,147,0.0,147,0.0
2987,87,29,-1.125,0.615,140,-0.5023508071899414,147,0.0,147,0.0
2988,88,29,-1.1549999999999998,0.615,34,-0.5023585557937622,147,0.0,147,0.02199999988079071
2989,89,29,-1.185,0.615,2,-0.5012384057044983,147,0.0,147,0.02199999988079071
2990,90,29,-1.2149999999999999,0.615,0,nan,147,0.0,147,0.02199999988079071
2991,91,29,-1.245,0.615,0,nan,147,0.0,147,0.02199999988079071
2992,92,29,-1.275,0.615,0,nan,147,0.0,147,0.02199999988079071
2993,93,29,-1.3049999999999997,0.615,0,nan,147,0.0,147,0.02199999988079071
2994,94,29,-1.335,0.615,0,nan,147,0.0,147,0.02199999988079071
2995,95,29,-1.3649999999999998,0.615,0,nan,147,0.0,147,0.02199999988079071
2996,96,29,-1.395,0.615,0,nan,147,0.0,147,0.02199999988079071
2997,97,29,-1.4249999999999998,0.615,0,nan,147,0.0,147,0.0
2998,98,29,-1.455,0.615,0,nan,147,0.0,147,0.0
2999,99,29,-1.4849999999999999,0.615,0,nan,147,0.0,147,0.0
3000,0,30,1.485,0.5850000000000001,0,nan,147,0.0,147,0.0
3001,1,30,1.455,0.5850000000000001,0,nan,147,0.0,147,0.0
3002,2,30,1.425,0.5850000000000001,0,nan,147,0.0,147,0.0
3003,3,30,1.395,0.5850000000000001,0,nan,147,0.0,147,0.02199999988079071
3004,4,30,1.365,0.5850000000000001,0,nan,147,0.0,147,0.02199999988079071
3005,5,30,1.335,0.5850000000000001,0,nan,147,0.0,147,0.02199999988079071
3006,6,30,1.305,0.5850000000000001,0,nan,147,0.0,147,0.02199999988079071
3007,7,30,1.275,0.5850000000000001,0,nan,147,0.0,147,0.02199999988079071
3008,8,30,1.245,0.5850000000000001,0,nan,147,0.0,147,0.02199999988079071
3009,9,30,1.215,0.5850000000000001,0,nan,147,0.0,147,0.02199999988079071
3010,10,30,1.185,0.5850000000000001,141,-0.8006657958030701,147,0.0,147,0.0
3011,11,30,1.155,0.5850000000000001,143,-0.8006657958030701,147,0.0,147,0.0
3012,12,30,1.125,0.5850000000000001,145,-0.8006420731544495,147,0.0,147,0.0
3013,13,30,1.095,0.5850000000000001,145,-0.8006420731544495,147,0.21315184235572815,147,0.0
3014,14,30,1.065,0.5850000000000001,147,-0.7879611253738403,147,0.3847210705280304,147,0.0
3015,15,30,1.0350000000000001,0.5850000000000001,147,-0.7767542004585266,147,0.3765161335468292,147,0.0
3016,16,30,1.005,0.5850000000000001,147,-0.7652336955070496,147,0.3701644241809845,147,0.0
3017,17,30,0.975,0.5850000000000001,147,-0.7540146708488464,147,0.3849029541015625,147,0.0
3018,18,30,0.9450000000000001,0.5850000000000001,144,-0.7418011724948883,147,0.42151886224746704,147,0.0
3019,19,30,0.915,0.5850000000000001,137,-0.7289961576461792,147,0.5448545813560486,147,0.0
3020,20,30,0.885,0.5850000000000001,122,-0.7160084843635559,147,0.6495304107666016,147,0.02199999988079071
3021,21,30,0.855,0.5850000000000001,145,-0.6726471185684204,147,0.8130159974098206,147,0.02199999988079071
3022,22,30,0.8250000000000001,0.5850000000000001,147,-0.6526159644126892,147,1.0163123607635498,147,0.10000000149011612
3023,23,30,0.795,0.5850000000000001,147,-0.5145311951637268,147,1.0521788597106934,147,0.10000000149011612
3024,24,30,0.765,0.5850000000000001,147,-0.5127423405647278,147,0.25991103053092957,147,0.0
3025,25,30,0.735,0.5850000000000001,147,-0.5113708972930908,147,0.03485679626464844,147,0.0
3026,26,30,0.7050000000000001,0.5850000000000001,147,-0.5109168291091919,147,0.03052055835723877,147,0.0
3027,27,30,0.675,0.5850000000000001,147,-0.5099085569381714,147,0.027348985895514488,147,0.0
3028,28,30,0.645,0.5850000000000001,147,-0.5094302892684937,147,0.01290325727313757,147,0.0
3029,29,30,0.615,0.5850000000000001,147,-0.508972704410553,147,0.014795859344303608,147,0.0
3030,30,30,0.5850000000000001,0.5850000000000001,147,-0.5085657835006714,147,0.02034207247197628,147,0.0
3031,31,30,0.555,0.5850000000000001,147,-0.5085650682449341,147,0.017026029527187347,147,0.0
3032,32,30,0.525,0.5850000000000001,147,-0.5086228251457214,147,0.01224180031567812,147,0.0
3033,33,30,0.4950000000000001,0.5850000000000001,147,-0.5089274644851685,147,0.03596501424908638,147,0.0
3034,34,30,0.4650000000000001,0.5850000000000001,147,-0.5093038082122803,147,0.034976616501808167,147,0.0
3035,35,30,0.43500000000000005,0.5850000000000001,147,-0.5098599791526794,147,0.030931830406188965,147,0.0
3036,36,30,0.405,0.5850000000000001,147,-0.5106298327445984,147,0.026427706703543663,147,0.0
3037,37,30,0.375,0.5850000000000001,147,-0.5112501382827759,147,0.01530651655048132,147,0.0
3038,38,30,0.345,0.5850000000000001,147,-0.5114514827728271,147,0.015202930197119713,147,0.0
3039,39,30,0.31499999999999995,0.5850000000000001,147,-0.5114328265190125,147,0.013916238211095333,147,0.0
3040,40,30,0.28500000000000014,0.5850000000000001,147,-0.5112501382827759,147,0.014290213584899902,147,0.0
3041,41,30,0.2550000000000001,0.5850000000000001,147,-0.5110746622085571,147,0.013318657875061035,147,0.0
3042,42,30,0.2250000000000001,0.5850000000000001,147,-0.5108217597007751,147,0.01328885555267334,147,0.0
3043,43,30,0.19500000000000006,0.5850000000000001,147,-0.5105517506599426,147,0.02198980189859867,147,0.0
3044,44,30,0.16500000000000004,0.5850000000000001,147,-0.5098415017127991,147,0.0261406097561121,147,0.0
3045,45,30,0.135,0.5850000000000001,147,-0.5092474818229675,147,0.026675520464777946,147,0.0
3046,46,30,0.10499999999999998,0.5850000000000001,147,-0.5085547566413879,147,0.022468160837888718,147,0.0
3047,47,30,0.07499999999999996,0.5850000000000001,147,-0.508302628993988,147,0.01742939092218876,147,0.0
3048,48,30,0.04500000000000015,0.5850000000000001,147,-0.5082241296768188,147,0.013648469932377338,147,0.0
3049,49,30,0.015000000000000124,0.5850000000000001,147,-0.5082171559333801,147,0.012636184692382812,147,0.0
3050,50,30,-0.014999999999999902,0.5850000000000001,147,-0.5082171559333801,147,0.012103716842830181,147,0.0
3051,51,30,-0.04499999999999993,0.5850000000000001,147,-0.5082171559333801,147,0.012636184692382812,147,0.0
3052,52,30,-0.07499999999999996,0.5850000000000001,147,-0.5083428621292114,147,0.016513466835021973,147,0.0
3053,53,30,-0.10499999999999998,0.5850000000000001,147,-0.5087487101554871,147,0.02075965702533722,147,0.0
3054,54,30,-0.135,0.5850000000000001,147,-0.5091665387153625,147,0.021800421178340912,147,0.0
3055,55,30,-0.16500000000000004,0.5850000000000001,147,-0.5097562670707703,147,0.01901785470545292,147,0.0
3056,56,30,-0.19499999999999984,0.5850000000000001,147,-0.5100016593933105,147,0.022649254649877548,147,0.0
3057,57,30,-0.22499999999999987,0.5850000000000001,147,-0.5097643733024597,147,0.025258654728531837,147,0.0
3058,58,30,-0.2549999999999999,0.5850000000000001,147,-0.5080976486206055,147,0.037860870361328125,147,0.0
3059,59,30,-0.2849999999999999,0.5850000000000001,147,-0.5075567960739136,147,0.02907157689332962,147,0.0
3060,60,30,-0.31499999999999995,0.5850000000000001,147,-0.5067240595817566,147,0.037091340869665146,147,0.0
3061,61,30,-0.345,0.5850000000000001,147,-0.5054858326911926,147,0.04102587699890137,147,0.0
3062,62,30,-0.375,0.5850000000000001,147,-0.5042675733566284,147,0.02162555791437626,147,0.0
3063,63,30,-0.405,0.5850000000000001,147,-0.5040767192840576,147,0.006585774477571249,147,0.0
3064,64,30,-0.43499999999999983,0.5850000000000001,147,-0.5040490627288818,147,0.0020553667563945055,147,0.0
3065,65,30,-0.46499999999999986,0.5850000000000001,147,-0.5039896965026855,147,0.001531839370727539,147,0.0
3066,66,30,-0.4949999999999999,0.5850000000000001,147,-0.5039754509925842,147,0.0008950631017796695,147,0.0
3067,67,30,-0.5249999999999999,0.5850000000000001,147,-0.5039896965026855,147,0.004776319023221731,147,0.0
3068,68,30,-0.5549999999999997,0.5850000000000001,147,-0.5040937662124634,147,0.005621348042041063,147,0.0
3069,69,30,-0.585,0.5850000000000001,147,-0.5040490627288818,147,0.009963910095393658,147,0.0
3070,70,30,-0.6149999999999998,0.5850000000000001,147,-0.5041287541389465,147,0.01899711787700653,147,0.0
3071,71,30,-0.645,0.5850000000000001,147,-0.5046404004096985,147,0.01589457131922245,147,0.0
3072,72,30,-0.6749999999999998,0.5850000000000001,147,-0.504499077796936,147,0.016174299642443657,147,0.0
3073,73,30,-0.7050000000000001,0.5850000000000001,147,-0.5043981075286865,147,0.01376469898968935,147,0.0
3074,74,30,-0.7349999999999999,0.5850000000000001,147,-0.5040739178657532,147,0.007663855794817209,147,0.0
3075,75,30,-0.7650000000000001,0.5850000000000001,147,-0.5040739178657532,147,0.005171696189790964,147,0.0
3076,76,30,-0.7949999999999999,0.5850000000000001,147,-0.5040878057479858,147,0.0007688999176025391,147,0.0
3077,77,30,-0.8249999999999997,0.5850000000000001,147,-0.504059374332428,147,0.0025967757683247328,147,0.0
3078,78,30,-0.855,0.5850000000000001,147,-0.5039516687393188,147,0.0037004933692514896,147,0.0
3079,79,30,-0.8849999999999998,0.5850000000000001,147,-0.5040424466133118,147,0.005863543134182692,147,0.0
3080,80,30,-0.915,0.5850000000000001,147,-0.5040878057479858,147,0.005661447998136282,147,0.0
3081,81,30,-0.9449999999999998,0.5850000000000001,147,-0.5041363835334778,147,0.008626778610050678,147,0.0
3082,82,30,-0.9750000000000001,0.5850000000000001,147,-0.5039036273956299,147,0.01236299704760313,147,0.0
3083,83,30,-1.005,0.5850000000000001,147,-0.503385603427887,147,0.017764171585440636,147,0.0
3084,84,30,-1.0349999999999997,0.5850000000000001,147,-0.5027705430984497,147,0.012190143577754498,147,0.0
3085,85,30,-1.065,0.5850000000000001,147,-0.5026394724845886,147,0.004308422561734915,147,0.0
3086,86,30,-1.0949999999999998,0.5850000000000001,147,-0.5024174451828003,147,0.0,147,0.0
3087,87,30,-1.125,0.5850000000000001,140,-0.5023985803127289,147,0.0,147,0.0
3088,88,30,-1.1549999999999998,0.5850000000000001,26,-0.5024802386760712,147,0.0,147,0.02199999988079071
3089,89,30,-1.185,0.5850000000000001,0,nan,147,0.0,147,0.02199999988079071
3090,90,30,-1.2149999999999999,0.5850000000000001,0,nan,147,0.0,147,0.02199999988079071
3091,91,30,-1.245,0.5850000000000001,0,nan,147,0.0,147,0.02199999988079071
3092,92,30,-1.275,0.5850000000000001,0,nan,147,0.0,147,0.02199999988079071
3093,93,30,-1.3049999999999997,0.5850000000000001,0,nan,147,0.0,147,0.02199999988079071
3094,94,30,-1.335,0.5850000000000001,0,nan,147,0.0,147,0.02199999988079071
3095,95,30,-1.3649999999999998,0.5850000000000001,0,nan,147,0.0,147,0.02199999988079071
3096,96,30,-1.395,0.5850000000000001,0,nan,147,0.0,147,0.02199999988079071
3097,97,30,-1.4249999999999998,0.5850000000000001,0,nan,147,0.0,147,0.0
3098,98,30,-1.455,0.5850000000000001,0,nan,147,0.0,147,0.0
3099,99,30,-1.4849999999999999,0.5850000000000001,0,nan,147,0.0,147,0.0
3100,0,31,1.485,0.555,0,nan,147,0.0,147,0.0
3101,1,31,1.455,0.555,0,nan,147,0.0,147,0.0
3102,2,31,1.425,0.555,0,nan,147,0.0,147,0.0
3103,3,31,1.395,0.555,0,nan,147,0.0,147,0.02199999988079071
3104,4,31,1.365,0.555,0,nan,147,0.0,147,0.02199999988079071
3105,5,31,1.335,0.555,0,nan,147,0.0,147,0.02199999988079071
3106,6,31,1.305,0.555,0,nan,147,0.0,147,0.02199999988079071
3107,7,31,1.275,0.555,0,nan,147,0.0,147,0.02199999988079071
3108,8,31,1.245,0.555,0,nan,147,0.0,147,0.02199999988079071
3109,9,31,1.215,0.555,0,nan,147,0.0,147,0.02199999988079071
3110,10,31,1.185,0.555,137,-0.8008895516395569,147,0.0,147,0.0
3111,11,31,1.155,0.555,145,-0.8005081415176392,147,0.0,147,0.0
3112,12,31,1.125,0.555,147,-0.8003857731819153,147,0.0,147,0.0
3113,13,31,1.095,0.555,147,-0.8003857731819153,147,0.1987556666135788,147,0.0
3114,14,31,1.065,0.555,147,-0.7883607745170593,147,0.378691166639328,147,0.0
3115,15,31,1.0350000000000001,0.555,146,-0.777140349149704,147,0.3816872835159302,147,0.0
3116,16,31,1.005,0.555,146,-0.7654261887073517,147,0.368314653635025,147,0.0
3117,17,31,0.975,0.555,147,-0.7544117569923401,147,0.3766622543334961,147,0.0
3118,18,31,0.9450000000000001,0.555,147,-0.7426843047142029,147,0.39565661549568176,147,0.0
3119,19,31,0.915,0.555,145,-0.7309007048606873,147,0.40278691053390503,147,0.0
3120,20,31,0.885,0.555,142,-0.7188445031642914,147,0.5755599737167358,147,0.0
3121,21,31,0.855,0.555,134,-0.7055937647819519,147,0.7041081786155701,147,0.02199999988079071
3122,22,31,0.8250000000000001,0.555,134,-0.6911064684391022,147,1.0899373292922974,147,0.10000000149011612
3123,23,31,0.795,0.555,147,-0.628078818321228,147,2.2716760635375977,147,0.10000000149011612
3124,24,31,0.765,0.555,147,-0.513075053691864,147,1.015030860900879,147,0.10000000149011612
3125,25,31,0.735,0.555,147,-0.5113708972930908,147,0.04363556578755379,147,0.0
3126,26,31,0.7050000000000001,0.555,147,-0.5109168291091919,147,0.03789861872792244,147,0.0
3127,27,31,0.675,0.555,147,-0.5099085569381714,147,0.036918122321367264,147,0.0
3128,28,31,0.645,0.555,147,-0.5094302892684937,147,0.013751785270869732,147,0.0
3129,29,31,0.615,0.555,147,-0.5085657835006714,147,0.00030895075178705156,147,0.0
3130,30,31,0.5850000000000001,0.555,147,-0.5079247355461121,147,0.0,147,0.0
3131,31,31,0.555,0.555,147,-0.507922887802124,147,0.0,147,0.0
3132,32,31,0.525,0.555,147,-0.507922887802124,147,0.0,147,0.0
3133,33,31,0.4950000000000001,0.555,147,-0.5079004168510437,147,0.002377231838181615,147,0.0
3134,34,31,0.4650000000000001,0.555,147,-0.508674681186676,147,0.0034749507904052734,147,0.0
3135,35,31,0.43500000000000005,0.555,147,-0.5090542435646057,147,0.018470486626029015,147,0.0
3136,36,31,0.405,0.555,147,-0.5097844004631042,147,0.020774206146597862,147,0.0
3137,37,31,0.375,0.555,147,-0.5106298327445984,147,0.013841192238032818,147,0.0
3138,38,31,0.345,0.555,147,-0.5109003186225891,147,0.012140472419559956,147,0.0
3139,39,31,0.31499999999999995,0.555,147,-0.5109003186225891,147,0.009362278506159782,147,0.0
3140,40,31,0.28500000000000014,0.555,147,-0.5109003186225891,147,0.009385745041072369,147,0.0
3141,41,31,0.2550000000000001,0.555,147,-0.5107214450836182,147,0.010799367912113667,147,0.0
3142,42,31,0.2250000000000001,0.555,147,-0.5104991793632507,147,0.011842449195683002,147,0.0
3143,43,31,0.19500000000000006,0.555,147,-0.5100314021110535,147,0.022846460342407227,147,0.0
3144,44,31,0.16500000000000004,0.555,147,-0.5092392563819885,147,0.02314349077641964,147,0.0
3145,45,31,0.135,0.555,147,-0.5088810920715332,147,0.026347840204834938,147,0.0
3146,46,31,0.10499999999999998,0.555,147,-0.5081836581230164,147,0.023150835186243057,147,0.0
3147,47,31,0.07499999999999996,0.555,147,-0.5077917575836182,147,0.017193952575325966,147,0.0
3148,48,31,0.04500000000000015,0.555,147,-0.5077856183052063,147,0.012484950013458729,147,0.0
3149,49,31,0.015000000000000124,0.555,147,-0.507777988910675,147,0.011071562767028809,147,0.0
3150,50,31,-0.014999999999999902,0.555,147,-0.507777988910675,147,0.011071562767028809,147,0.0
3151,51,31,-0.04499999999999993,0.555,147,-0.507777988910675,147,0.013305743224918842,147,0.0
3152,52,31,-0.07499999999999996,0.555,147,-0.5077947974205017,147,0.01653035543859005,147,0.0
3153,53,31,-0.10499999999999998,0.555,147,-0.5082422494888306,147,0.02253393828868866,147,0.0
3154,54,31,-0.135,0.555,147,-0.5089662075042725,147,0.027461595833301544,147,0.0
3155,55,31,-0.16500000000000004,0.555,147,-0.5097220540046692,147,0.02021326869726181,147,0.0
3156,56,31,-0.19499999999999984,0.555,147,-0.5100182890892029,147,0.023210670799016953,147,0.0
3157,57,31,-0.22499999999999987,0.555,147,-0.509795606136322,147,0.02562006376683712,147,0.0
3158,58,31,-0.2549999999999999,0.555,147,-0.5080852508544922,147,0.03749430179595947,147,0.0
3159,59,31,-0.2849999999999999,0.555,147,-0.5075196027755737,147,0.030116239562630653,147,0.0
3160,60,31,-0.31499999999999995,0.555,147,-0.5066302418708801,147,0.039296697825193405,147,0.0
3161,61,31,-0.345,0.555,147,-0.5054858326911926,147,0.04258155822753906,147,0.0
3162,62,31,-0.375,0.555,147,-0.5040934681892395,147,0.018704930320382118,147,0.0
3163,63,31,-0.405,0.555,147,-0.5039896965026855,147,0.0,147,0.0
3164,64,31,-0.43499999999999983,0.555,147,-0.5039449334144592,147,0.0,147,0.0
3165,65,31,-0.46499999999999986,0.555,147,-0.5038428902626038,147,0.0,147,0.0
3166,66,31,-0.4949999999999999,0.555,147,-0.5038428902626038,147,0.0,147,0.0
3167,67,31,-0.5249999999999999,0.555,147,-0.5038638114929199,147,0.0002404053957434371,147,0.0
3168,68,31,-0.5549999999999997,0.555,147,-0.5039368271827698,147,0.004975000862032175,147,0.0
3169,69,31,-0.585,0.555,147,-0.5039368271827698,147,0.009861588478088379,147,0.0
3170,70,31,-0.6149999999999998,0.555,147,-0.504052460193634,147,0.01990199089050293,147,0.0
3171,71,31,-0.645,0.555,147,-0.504473865032196,147,0.01767975278198719,147,0.0
3172,72,31,-0.6749999999999998,0.555,147,-0.504052460193634,147,0.023754527792334557,147,0.0
3173,73,31,-0.7050000000000001,0.555,147,-0.5039139986038208,147,0.018697885796427727,147,0.0
3174,74,31,-0.7349999999999999,0.555,147,-0.5039165019989014,147,0.012748977169394493,147,0.0
3175,75,31,-0.7650000000000001,0.555,147,-0.5038855075836182,147,0.009609262458980083,147,0.0
3176,76,31,-0.7949999999999999,0.555,147,-0.5039368271827698,147,0.003972649574279785,147,0.0
3177,77,31,-0.8249999999999997,0.555,147,-0.5039368271827698,147,0.004747353959828615,147,0.0
3178,78,31,-0.855,0.555,147,-0.5039165019989014,147,0.00465412950143218,147,0.0
3179,79,31,-0.8849999999999998,0.555,147,-0.5040165185928345,147,0.005526343826204538,147,0.0
3180,80,31,-0.915,0.555,147,-0.5040392279624939,147,0.0064782327972352505,147,0.0
3181,81,31,-0.9449999999999998,0.555,147,-0.5041363835334778,147,0.009490053169429302,147,0.0
3182,82,31,-0.9750000000000001,0.555,147,-0.5039036273956299,147,0.011223554611206055,147,0.0
3183,83,31,-1.005,0.555,147,-0.503385603427887,147,0.016391277313232422,147,0.0
3184,84,31,-1.0349999999999997,0.555,147,-0.5027705430984497,147,0.011410834267735481,147,0.0
3185,85,31,-1.065,0.555,147,-0.5027903914451599,147,0.003453686833381653,147,0.0
3186,86,31,-1.0949999999999998,0.555,147,-0.5026164650917053,147,0.0,147,0.0
3187,87,31,-1.125,0.555,140,-0.5026151537895203,147,0.0,147,0.0
3188,88,31,-1.1549999999999998,0.555,26,-0.5024802386760712,147,0.0,147,0.02199999988079071
3189,89,31,-1.185,0.555,0,nan,147,0.0,147,0.02199999988079071
3190,90,31,-1.2149999999999999,0.555,0,nan,147,0.0,147,0.02199999988079071
3191,91,31,-1.245,0.555,0,nan,147,0.0,147,0.02199999988079071
3192,92,31,-1.275,0.555,0,nan,147,0.0,147,0.02199999988079071
3193,93,31,-1.3049999999999997,0.555,0,nan,147,0.0,147,0.02199999988079071
3194,94,31,-1.335,0.555,0,nan,147,0.0,147,0.02199999988079071
3195,95,31,-1.3649999999999998,0.555,0,nan,147,0.0,147,0.02199999988079071
3196,96,31,-1.395,0.555,0,nan,147,0.0,147,0.02199999988079071
3197,97,31,-1.4249999999999998,0.555,0,nan,147,0.0,147,0.0
3198,98,31,-1.455,0.555,0,nan,147,0.0,147,0.0
3199,99,31,-1.4849999999999999,0.555,0,nan,147,0.0,147,0.0
3200,0,32,1.485,0.525,0,nan,147,0.0,147,0.0
3201,1,32,1.455,0.525,0,nan,147,0.0,147,0.0
3202,2,32,1.425,0.525,0,nan,147,0.0,147,0.0
3203,3,32,1.395,0.525,0,nan,147,0.0,147,0.02199999988079071
3204,4,32,1.365,0.525,0,nan,147,0.0,147,0.02199999988079071
3205,5,32,1.335,0.525,0,nan,147,0.0,147,0.02199999988079071
3206,6,32,1.305,0.525,0,nan,147,0.0,147,0.02199999988079071
3207,7,32,1.275,0.525,0,nan,147,0.0,147,0.02199999988079071
3208,8,32,1.245,0.525,0,nan,147,0.0,147,0.02199999988079071
3209,9,32,1.215,0.525,0,nan,147,0.0,147,0.02199999988079071
3210,10,32,1.185,0.525,132,-0.801133930683136,147,0.0,147,0.0
3211,11,32,1.155,0.525,145,-0.8005081415176392,147,0.0,147,0.0
3212,12,32,1.125,0.525,146,-0.8004469573497772,147,0.0,147,0.0
3213,13,32,1.095,0.525,147,-0.8003857731819153,147,0.19780893623828888,147,0.0
3214,14,32,1.065,0.525,147,-0.7885686755180359,147,0.3676510453224182,147,0.0
3215,15,32,1.0350000000000001,0.525,146,-0.7772855162620544,147,0.3738780915737152,147,0.0
3216,16,32,1.005,0.525,146,-0.7659972012042999,147,0.36787986755371094,147,0.0
3217,17,32,0.975,0.525,147,-0.7545443177223206,147,0.37116968631744385,147,0.0
3218,18,32,0.9450000000000001,0.525,147,-0.7433261275291443,147,0.38596242666244507,147,0.0
3219,19,32,0.915,0.525,145,-0.7316268682479858,147,0.39639419317245483,147,0.0
3220,20,32,0.885,0.525,145,-0.7197920680046082,147,0.4142877459526062,147,0.0
3221,21,32,0.855,0.525,144,-0.7069162428379059,147,0.4660860002040863,147,0.0
3222,22,32,0.8250000000000001,0.525,134,-0.6940038502216339,147,0.7059746384620667,147,0.0
3223,23,32,0.795,0.525,119,-0.6790449023246765,147,1.2127283811569214,147,0.10000000149011612
3224,24,32,0.765,0.525,146,-0.5137766003608704,147,2.1987366676330566,147,0.10000000149011612
3225,25,32,0.735,0.525,147,-0.5116632580757141,147,0.9314372539520264,147,0.10000000149011612
3226,26,32,0.7050000000000001,0.525,147,-0.5109490156173706,147,0.04300077632069588,147,0.0
3227,27,32,0.675,0.525,147,-0.5099085569381714,147,0.040468573570251465,147,0.0
3228,28,32,0.645,0.525,147,-0.5094302892684937,147,0.020816922187805176,147,0.0
3229,29,32,0.615,0.525,147,-0.5085657835006714,147,0.006160140037536621,147,0.0
3230,30,32,0.5850000000000001,0.525,147,-0.5079004168510437,147,0.0,147,0.0
3231,31,32,0.555,0.525,147,-0.507889449596405,147,0.0,147,0.0
3232,32,32,0.525,0.525,147,-0.507889449596405,147,0.0,147,0.0
3233,33,32,0.4950000000000001,0.525,147,-0.5078833103179932,147,0.0,147,0.0
3234,34,32,0.4650000000000001,0.525,147,-0.5083678364753723,147,0.0,147,0.0
3235,35,32,0.43500000000000005,0.525,147,-0.5089208483695984,147,0.0033070642966777086,147,0.0
3236,36,32,0.405,0.525,147,-0.5095334053039551,147,0.013841192238032818,147,0.0
3237,37,32,0.375,0.525,147,-0.5103491544723511,147,0.013498465530574322,147,0.0
3238,38,32,0.345,0.525,147,-0.5105733871459961,147,0.009526746347546577,147,0.0
3239,39,32,0.31499999999999995,0.525,147,-0.5105497241020203,147,0.006886639632284641,147,0.0
3240,40,32,0.28500000000000014,0.525,147,-0.5104991793632507,147,0.0052583967335522175,147,0.0
3241,41,32,0.2550000000000001,0.525,147,-0.510488748550415,147,0.007014473434537649,147,0.0
3242,42,32,0.2250000000000001,0.525,147,-0.5101686120033264,147,0.010047784075140953,147,0.0
3243,43,32,0.19500000000000006,0.525,147,-0.5098415017127991,147,0.018370598554611206,147,0.0
3244,44,32,0.16500000000000004,0.525,147,-0.5090492963790894,147,0.02530217170715332,147,0.0
3245,45,32,0.135,0.525,147,-0.5085102319717407,147,0.027075262740254402,147,0.0
3246,46,32,0.10499999999999998,0.525,147,-0.5077856183052063,147,0.02511242963373661,147,0.0
3247,47,32,0.07499999999999996,0.525,147,-0.5073292851448059,147,0.013036529533565044,147,0.0
3248,48,32,0.04500000000000015,0.525,147,-0.5073118805885315,147,0.006785988807678223,147,0.0
3249,49,32,0.015000000000000124,0.525,147,-0.5072510838508606,147,0.004794200416654348,147,0.0
3250,50,32,-0.014999999999999902,0.525,147,-0.5073040723800659,147,0.004794200416654348,147,0.0
3251,51,32,-0.04499999999999993,0.525,147,-0.5073040723800659,147,0.006916125770658255,147,0.0
3252,52,32,-0.07499999999999996,0.525,147,-0.5073531270027161,147,0.010851683095097542,147,0.0
3253,53,32,-0.10499999999999998,0.525,147,-0.507777988910675,147,0.021462729200720787,147,0.0
3254,54,32,-0.135,0.525,147,-0.5088390707969666,147,0.03147020936012268,147,0.0
3255,55,32,-0.16500000000000004,0.525,147,-0.5097076296806335,147,0.021346410736441612,147,0.0
3256,56,32,-0.19499999999999984,0.525,147,-0.5100182890892029,147,0.021718870848417282,147,0.0
3257,57,32,-0.22499999999999987,0.525,147,-0.509894609451294,147,0.021245082840323448,147,0.0
3258,58,32,-0.2549999999999999,0.525,147,-0.5082445740699768,147,0.03466589376330376,147,0.0
3259,59,32,-0.2849999999999999,0.525,147,-0.5075239539146423,147,0.028530430048704147,147,0.0
3260,60,32,-0.31499999999999995,0.525,147,-0.5066266655921936,147,0.040664274245500565,147,0.0
3261,61,32,-0.345,0.525,147,-0.5051196217536926,147,0.04484255984425545,147,0.0
3262,62,32,-0.375,0.525,147,-0.5039896965026855,147,0.018009543418884277,147,0.0
3263,63,32,-0.405,0.525,147,-0.5038428902626038,147,0.0,147,0.0
3264,64,32,-0.43499999999999983,0.525,147,-0.5037907361984253,147,0.0,147,0.0
3265,65,32,-0.46499999999999986,0.525,147,-0.5037713646888733,147,0.0,147,0.0
3266,66,32,-0.4949999999999999,0.525,147,-0.5037713646888733,147,0.0,147,0.0
3267,67,32,-0.5249999999999999,0.525,147,-0.503625750541687,147,0.0,147,0.0
3268,68,32,-0.5549999999999997,0.525,147,-0.5038428902626038,147,0.004262451082468033,147,0.0
3269,69,32,-0.585,0.525,147,-0.5036925673484802,147,0.009817118756473064,147,0.0
3270,70,32,-0.6149999999999998,0.525,147,-0.5036672353744507,147,0.020916292443871498,147,0.0
3271,71,32,-0.645,0.525,147,-0.5039368271827698,147,0.023687878623604774,147,0.0
3272,72,32,-0.6749999999999998,0.525,147,-0.5032942891120911,147,0.029797354713082314,147,0.0
3273,73,32,-0.7050000000000001,0.525,147,-0.5032277703285217,147,0.021465620025992393,147,0.0
3274,74,32,-0.7349999999999999,0.525,147,-0.5031836032867432,147,0.020075837150216103,147,0.0
3275,75,32,-0.7650000000000001,0.525,147,-0.5032036900520325,147,0.019523801282048225,147,0.0
3276,76,32,-0.7949999999999999,0.525,147,-0.5033155083656311,147,0.015064971521496773,147,0.0
3277,77,32,-0.8249999999999997,0.525,147,-0.5033608675003052,147,0.01591668277978897,147,0.0
3278,78,32,-0.855,0.525,147,-0.5034595727920532,147,0.017205562442541122,147,0.0
3279,79,32,-0.8849999999999998,0.525,147,-0.5036699175834656,147,0.015799203887581825,147,0.0
3280,80,32,-0.915,0.525,147,-0.5038343071937561,147,0.016919467598199844,147,0.0
3281,81,32,-0.9449999999999998,0.525,147,-0.5040878057479858,147,0.015157461166381836,147,0.0
3282,82,32,-0.9750000000000001,0.525,147,-0.5038329362869263,147,0.01284182071685791,147,0.0
3283,83,32,-1.005,0.525,147,-0.503385603427887,147,0.01774776168167591,147,0.0
3284,84,32,-1.0349999999999997,0.525,147,-0.5027767419815063,147,0.010811288841068745,147,0.0
3285,85,32,-1.065,0.525,147,-0.5028883218765259,147,0.001653210143558681,147,0.0
3286,86,32,-1.0949999999999998,0.525,147,-0.5028132200241089,147,0.0,147,0.0
3287,87,32,-1.125,0.525,140,-0.502686470746994,147,0.0,147,0.0
3288,88,32,-1.1549999999999998,0.525,26,-0.5024802386760712,147,0.0,147,0.02199999988079071
3289,89,32,-1.185,0.525,0,nan,147,0.0,147,0.02199999988079071
3290,90,32,-1.2149999999999999,0.525,0,nan,147,0.0,147,0.02199999988079071
3291,91,32,-1.245,0.525,0,nan,147,0.0,147,0.02199999988079071
3292,92,32,-1.275,0.525,0,nan,147,0.0,147,0.02199999988079071
3293,93,32,-1.3049999999999997,0.525,0,nan,147,0.0,147,0.02199999988079071
3294,94,32,-1.335,0.525,0,nan,147,0.0,147,0.02199999988079071
3295,95,32,-1.3649999999999998,0.525,0,nan,147,0.0,147,0.02199999988079071
3296,96,32,-1.395,0.525,0,nan,147,0.0,147,0.02199999988079071
3297,97,32,-1.4249999999999998,0.525,0,nan,147,0.0,147,0.0
3298,98,32,-1.455,0.525,0,nan,147,0.0,147,0.0
3299,99,32,-1.4849999999999999,0.525,0,nan,147,0.0,147,0.0
3300,0,33,1.485,0.4950000000000001,0,nan,147,0.0,147,0.0
3301,1,33,1.455,0.4950000000000001,0,nan,147,0.0,147,0.0
3302,2,33,1.425,0.4950000000000001,0,nan,147,0.0,147,0.0
3303,3,33,1.395,0.4950000000000001,0,nan,147,0.0,147,0.02199999988079071
3304,4,33,1.365,0.4950000000000001,0,nan,147,0.0,147,0.02199999988079071
3305,5,33,1.335,0.4950000000000001,0,nan,147,0.0,147,0.02199999988079071
3306,6,33,1.305,0.4950000000000001,0,nan,147,0.0,147,0.02199999988079071
3307,7,33,1.275,0.4950000000000001,0,nan,147,0.0,147,0.02199999988079071
3308,8,33,1.245,0.4950000000000001,0,nan,147,0.0,147,0.02199999988079071
3309,9,33,1.215,0.4950000000000001,0,nan,147,0.0,147,0.02199999988079071
3310,10,33,1.185,0.4950000000000001,130,-0.8004469573497772,147,0.0,147,0.0
3311,11,33,1.155,0.4950000000000001,140,-0.8001611530780792,147,0.0,147,0.0
3312,12,33,1.125,0.4950000000000001,145,-0.8000777959823608,147,0.0,147,0.0
3313,13,33,1.095,0.4950000000000001,147,-0.8000190854072571,147,0.19408544898033142,147,0.0
3314,14,33,1.065,0.4950000000000001,147,-0.7883062958717346,147,0.3444880545139313,147,0.0
3315,15,33,1.0350000000000001,0.4950000000000001,147,-0.7777165174484253,147,0.3670543432235718,147,0.0
3316,16,33,1.005,0.4950000000000001,146,-0.7660499215126038,147,0.36787986755371094,147,0.0
3317,17,33,0.975,0.4950000000000001,147,-0.7549862861633301,147,0.3681279718875885,147,0.0
3318,18,33,0.9450000000000001,0.4950000000000001,147,-0.7436012625694275,147,0.3691911995410919,147,0.0
3319,19,33,0.915,0.4950000000000001,146,-0.732213944196701,147,0.3961763381958008,147,0.0
3320,20,33,0.885,0.4950000000000001,146,-0.7210223972797394,147,0.43112605810165405,147,0.0
3321,21,33,0.855,0.4950000000000001,146,-0.7072580754756927,147,0.4387468099594116,147,0.0
3322,22,33,0.8250000000000001,0.4950000000000001,144,-0.6943179070949554,147,0.43877625465393066,147,0.0
3323,23,33,0.795,0.4950000000000001,141,-0.6800305247306824,147,0.861590564250946,147,0.10000000149011612
3324,24,33,0.765,0.4950000000000001,114,-0.6670214831829071,147,1.2104548215866089,147,0.10000000149011612
3325,25,33,0.735,0.4950000000000001,146,-0.5137581527233124,147,2.1181271076202393,147,0.10000000149011612
3326,26,33,0.7050000000000001,0.4950000000000001,147,-0.5110065937042236,147,0.8900942802429199,147,0.10000000149011612
3327,27,33,0.675,0.4950000000000001,147,-0.5099085569381714,147,0.2620929777622223,147,0.0
3328,28,33,0.645,0.4950000000000001,147,-0.5094302892684937,147,0.03602802753448486,147,0.0
3329,29,33,0.615,0.4950000000000001,147,-0.5085657835006714,147,0.02034207247197628,147,0.0
3330,30,33,0.5850000000000001,0.4950000000000001,147,-0.5079004168510437,147,0.0007271766662597656,147,0.0
3331,31,33,0.555,0.4950000000000001,147,-0.5077131986618042,147,0.0,147,0.0
3332,32,33,0.525,0.4950000000000001,147,-0.5077131986618042,147,0.0,147,0.0
3333,33,33,0.4950000000000001,0.4950000000000001,147,-0.5076289772987366,147,0.0,147,0.0
3334,34,33,0.4650000000000001,0.4950000000000001,147,-0.5080878734588623,147,0.0,147,0.0
3335,35,33,0.43500000000000005,0.4950000000000001,147,-0.5086228251457214,147,0.0026702880859375,147,0.0
3336,36,33,0.405,0.4950000000000001,147,-0.5089908242225647,147,0.010089079849421978,147,0.0
3337,37,33,0.375,0.4950000000000001,147,-0.5095576643943787,147,0.013498465530574322,147,0.0
3338,38,33,0.345,0.4950000000000001,147,-0.5098482966423035,147,0.010089079849421978,147,0.0
3339,39,33,0.31499999999999995,0.4950000000000001,147,-0.5098512172698975,147,0.00611742353066802,147,0.0
3340,40,33,0.28500000000000014,0.4950000000000001,147,-0.5098512172698975,147,0.004808107856661081,147,0.0
3341,41,33,0.2550000000000001,0.4950000000000001,147,-0.5098482966423035,147,0.00611742353066802,147,0.0
3342,42,33,0.2250000000000001,0.4950000000000001,147,-0.5097804069519043,147,0.00611742353066802,147,0.0
3343,43,33,0.19500000000000006,0.4950000000000001,147,-0.5095258951187134,147,0.01674480363726616,147,0.0
3344,44,33,0.16500000000000004,0.4950000000000001,147,-0.5088431239128113,147,0.022938847541809082,147,0.0
3345,45,33,0.135,0.4950000000000001,147,-0.5081108808517456,147,0.02511242963373661,147,0.0
3346,46,33,0.10499999999999998,0.4950000000000001,147,-0.5073587894439697,147,0.01895427703857422,147,0.0
3347,47,33,0.07499999999999996,0.4950000000000001,147,-0.5070648193359375,147,0.006181001663208008,147,0.0
3348,48,33,0.04500000000000015,0.4950000000000001,147,-0.5070467591285706,147,0.0,147,0.0
3349,49,33,0.015000000000000124,0.4950000000000001,147,-0.5070467591285706,147,0.0,147,0.0
3350,50,33,-0.014999999999999902,0.4950000000000001,147,-0.5070570707321167,147,0.0,147,0.0
3351,51,33,-0.04499999999999993,0.4950000000000001,147,-0.5070798397064209,147,0.0,147,0.0
3352,52,33,-0.07499999999999996,0.4950000000000001,147,-0.507225751876831,147,0.0061064958572387695,147,0.0
3353,53,33,-0.10499999999999998,0.4950000000000001,147,-0.5075808167457581,147,0.022780895233154297,147,0.0
3354,54,33,-0.135,0.4950000000000001,147,-0.5087226629257202,147,0.03324151039123535,147,0.0
3355,55,33,-0.16500000000000004,0.4950000000000001,147,-0.5097071528434753,147,0.02257923223078251,147,0.0
3356,56,33,-0.19499999999999984,0.4950000000000001,147,-0.5100016593933105,147,0.022847453132271767,147,0.0
3357,57,33,-0.22499999999999987,0.4950000000000001,147,-0.5098674893379211,147,0.021410534158349037,147,0.0
3358,58,33,-0.2549999999999999,0.4950000000000001,147,-0.5083385705947876,147,0.03236134722828865,147,0.0
3359,59,33,-0.2849999999999999,0.4950000000000001,147,-0.507583498954773,147,0.030100345611572266,147,0.0
3360,60,33,-0.31499999999999995,0.4950000000000001,147,-0.5066266655921936,147,0.040664274245500565,147,0.0
3361,61,33,-0.345,0.4950000000000001,147,-0.5050678849220276,147,0.04676977917551994,147,0.0
3362,62,33,-0.375,0.4950000000000001,147,-0.5039775371551514,147,0.018009543418884277,147,0.0
3363,63,33,-0.405,0.4950000000000001,147,-0.5038027167320251,147,0.0,147,0.0
3364,64,33,-0.43499999999999983,0.4950000000000001,147,-0.5037713646888733,147,0.0,147,0.0
3365,65,33,-0.46499999999999986,0.4950000000000001,147,-0.5036672353744507,147,0.0,147,0.0
3366,66,33,-0.4949999999999999,0.4950000000000001,147,-0.5036672353744507,147,0.0,147,0.0
3367,67,33,-0.5249999999999999,0.4950000000000001,147,-0.5035819411277771,147,0.0,147,0.0
3368,68,33,-0.5549999999999997,0.4950000000000001,147,-0.5036958456039429,147,0.0,147,0.0
3369,69,33,-0.585,0.4950000000000001,147,-0.5032345652580261,147,0.0031888484954833984,147,0.0
3370,70,33,-0.6149999999999998,0.4950000000000001,147,-0.5031692981719971,147,0.016110142692923546,147,0.0
3371,71,33,-0.645,0.4950000000000001,147,-0.5033608675003052,147,0.01440246868878603,147,0.0
3372,72,33,-0.6749999999999998,0.4950000000000001,147,-0.5027207136154175,147,0.020170783624053,147,0.0
3373,73,33,-0.7050000000000001,0.4950000000000001,147,-0.5026625394821167,147,0.01070459745824337,147,0.0
3374,74,33,-0.7349999999999999,0.4950000000000001,147,-0.5026514530181885,147,0.007490076124668121,147,0.0
3375,75,33,-0.7650000000000001,0.4950000000000001,147,-0.5026723146438599,147,0.009787404909729958,147,0.0
3376,76,33,-0.7949999999999999,0.4950000000000001,147,-0.5029194355010986,147,0.010517239570617676,147,0.0
3377,77,33,-0.8249999999999997,0.4950000000000001,147,-0.5029208660125732,147,0.01236299704760313,147,0.0
3378,78,33,-0.855,0.4950000000000001,147,-0.5030447244644165,147,0.016446908935904503,147,0.0
3379,79,33,-0.8849999999999998,0.4950000000000001,147,-0.503125011920929,147,0.018596148118376732,147,0.0
3380,80,33,-0.915,0.4950000000000001,147,-0.503272294998169,147,0.01941642351448536,147,0.0
3381,81,33,-0.9449999999999998,0.4950000000000001,147,-0.5037140250205994,147,0.017841923981904984,147,0.0
3382,82,33,-0.9750000000000001,0.4950000000000001,147,-0.5036078691482544,147,0.014808100648224354,147,0.0
3383,83,33,-1.005,0.4950000000000001,147,-0.5031769275665283,147,0.018412483856081963,147,0.0
3384,84,33,-1.0349999999999997,0.4950000000000001,147,-0.5027259588241577,147,0.012063980102539062,147,0.0
3385,85,33,-1.065,0.4950000000000001,147,-0.5029136538505554,147,0.00029305616044439375,147,0.0
3386,86,33,-1.0949999999999998,0.4950000000000001,147,-0.5028883218765259,147,0.0,147,0.0
3387,87,33,-1.125,0.4950000000000001,140,-0.502686470746994,147,0.0,147,0.0
3388,88,33,-1.1549999999999998,0.4950000000000001,26,-0.5024802386760712,147,0.0,147,0.02199999988079071
3389,89,33,-1.185,0.4950000000000001,0,nan,147,0.0,147,0.02199999988079071
3390,90,33,-1.2149999999999999,0.4950000000000001,0,nan,147,0.0,147,0.02199999988079071
3391,91,33,-1.245,0.4950000000000001,0,nan,147,0.0,147,0.02199999988079071
3392,92,33,-1.275,0.4950000000000001,0,nan,147,0.0,147,0.02199999988079071
3393,93,33,-1.3049999999999997,0.4950000000000001,0,nan,147,0.0,147,0.02199999988079071
3394,94,33,-1.335,0.4950000000000001,0,nan,147,0.0,147,0.02199999988079071
3395,95,33,-1.3649999999999998,0.4950000000000001,0,nan,147,0.0,147,0.02199999988079071
3396,96,33,-1.395,0.4950000000000001,0,nan,147,0.0,147,0.02199999988079071
3397,97,33,-1.4249999999999998,0.4950000000000001,0,nan,147,0.0,147,0.0
3398,98,33,-1.455,0.4950000000000001,0,nan,147,0.0,147,0.0
3399,99,33,-1.4849999999999999,0.4950000000000001,0,nan,147,0.0,147,0.0
3400,0,34,1.485,0.4650000000000001,0,nan,147,0.0,147,0.0
3401,1,34,1.455,0.4650000000000001,0,nan,147,0.0,147,0.0
3402,2,34,1.425,0.4650000000000001,0,nan,147,0.0,147,0.0
3403,3,34,1.395,0.4650000000000001,0,nan,147,0.0,147,0.02199999988079071
3404,4,34,1.365,0.4650000000000001,0,nan,147,0.0,147,0.02199999988079071
3405,5,34,1.335,0.4650000000000001,0,nan,147,0.0,147,0.02199999988079071
3406,6,34,1.305,0.4650000000000001,0,nan,147,0.0,147,0.02199999988079071
3407,7,34,1.275,0.4650000000000001,0,nan,147,0.0,147,0.02199999988079071
3408,8,34,1.245,0.4650000000000001,0,nan,147,0.0,147,0.02199999988079071
3409,9,34,1.215,0.4650000000000001,0,nan,147,0.0,147,0.02199999988079071
3410,10,34,1.185,0.4650000000000001,127,-0.8001779317855835,147,0.0,147,0.0
3411,11,34,1.155,0.4650000000000001,136,-0.800048440694809,147,0.0,147,0.0
3412,12,34,1.125,0.4650000000000001,145,-0.79979008436203,147,0.0,147,0.0
3413,13,34,1.095,0.4650000000000001,147,-0.7997525930404663,147,0.1909206360578537,147,0.0
3414,14,34,1.065,0.4650000000000001,147,-0.788266122341156,147,0.3404746353626251,147,0.0
3415,15,34,1.0350000000000001,0.4650000000000001,147,-0.7776666283607483,147,0.3634543716907501,147,0.0
3416,16,34,1.005,0.4650000000000001,147,-0.7660629153251648,147,0.35338443517684937,147,0.0
3417,17,34,0.975,0.4650000000000001,147,-0.7550826668739319,147,0.3525868356227875,147,0.0
3418,18,34,0.9450000000000001,0.4650000000000001,147,-0.7442317605018616,147,0.35655200481414795,147,0.0
3419,19,34,0.915,0.4650000000000001,146,-0.7332530319690704,147,0.38108962774276733,147,0.0
3420,20,34,0.885,0.4650000000000001,145,-0.7214305996894836,147,0.4355114698410034,147,0.0
3421,21,34,0.855,0.4650000000000001,146,-0.7079949378967285,147,0.43914881348609924,147,0.0
3422,22,34,0.8250000000000001,0.4650000000000001,144,-0.694877028465271,147,0.43370747566223145,147,0.0
3423,23,34,0.795,0.4650000000000001,144,-0.6810459494590759,147,0.4153241515159607,147,0.0
3424,24,34,0.765,0.4650000000000001,140,-0.6686496436595917,147,0.879473090171814,147,0.10000000149011612
3425,25,34,0.735,0.4650000000000001,127,-0.6551988124847412,147,1.3326457738876343,147,0.10000000149011612
3426,26,34,0.7050000000000001,0.4650000000000001,143,-0.5891494750976562,147,2.233893632888794,147,0.10000000149011612
3427,27,34,0.675,0.4650000000000001,147,-0.5100997090339661,147,1.2755203247070312,147,0.10000000149011612
3428,28,34,0.645,0.4650000000000001,147,-0.5094891786575317,147,0.5921830534934998,147,0.0
3429,29,34,0.615,0.4650000000000001,147,-0.5087429285049438,147,0.05458990857005119,147,0.0
3430,30,34,0.5850000000000001,0.4650000000000001,147,-0.5079004168510437,147,0.029707947745919228,147,0.0
3431,31,34,0.555,0.4650000000000001,147,-0.5077131986618042,147,0.0,147,0.0
3432,32,34,0.525,0.4650000000000001,147,-0.5076289772987366,147,0.0,147,0.0
3433,33,34,0.4950000000000001,0.4650000000000001,147,-0.5076237320899963,147,0.0,147,0.0
3434,34,34,0.4650000000000001,0.4650000000000001,147,-0.5079247355461121,147,0.0004112720489501953,147,0.0
3435,35,34,0.43500000000000005,0.4650000000000001,147,-0.5083678364753723,147,0.0042478241957724094,147,0.0
3436,36,34,0.405,0.4650000000000001,147,-0.5088533759117126,147,0.013091166503727436,147,0.0
3437,37,34,0.375,0.4650000000000001,147,-0.5095334053039551,147,0.013759732246398926,147,0.0
3438,38,34,0.345,0.4650000000000001,147,-0.5096617341041565,147,0.008523143827915192,147,0.0
3439,39,34,0.31499999999999995,0.4650000000000001,147,-0.5097256898880005,147,0.008112192153930664,147,0.0
3440,40,34,0.28500000000000014,0.4650000000000001,147,-0.5097256898880005,147,0.0057250261306762695,147,0.0
3441,41,34,0.2550000000000001,0.4650000000000001,147,-0.5097192525863647,147,0.0057250261306762695,147,0.0
3442,42,34,0.2250000000000001,0.4650000000000001,147,-0.5095334053039551,147,0.0056803226470947266,147,0.0
3443,43,34,0.19500000000000006,0.4650000000000001,147,-0.509139358997345,147,0.013418992049992085,147,0.0
3444,44,34,0.16500000000000004,0.4650000000000001,147,-0.508490264415741,147,0.018142661079764366,147,0.0
3445,45,34,0.135,0.4650000000000001,147,-0.5079230070114136,147,0.019060498103499413,147,0.0
3446,46,34,0.10499999999999998,0.4650000000000001,147,-0.507225751876831,147,0.01228369865566492,147,0.0
3447,47,34,0.07499999999999996,0.4650000000000001,147,-0.506964921951294,147,0.0,147,0.0
3448,48,34,0.04500000000000015,0.4650000000000001,147,-0.5069808959960938,147,0.0,147,0.0
3449,49,34,0.015000000000000124,0.4650000000000001,147,-0.5069808959960938,147,0.0,147,0.0
3450,50,34,-0.014999999999999902,0.4650000000000001,147,-0.5069928169250488,147,0.0,147,0.0
3451,51,34,-0.04499999999999993,0.4650000000000001,147,-0.5070222020149231,147,0.0,147,0.0
3452,52,34,-0.07499999999999996,0.4650000000000001,147,-0.5071104168891907,147,0.0014094609068706632,147,0.0
3453,53,34,-0.10499999999999998,0.4650000000000001,147,-0.5075035095214844,147,0.01993265002965927,147,0.0
3454,54,34,-0.135,0.4650000000000001,147,-0.5085073113441467,147,0.03242790699005127,147,0.0
3455,55,34,-0.16500000000000004,0.4650000000000001,147,-0.509421706199646,147,0.025077415630221367,147,0.0
3456,56,34,-0.19499999999999984,0.4650000000000001,147,-0.5098452568054199,147,0.025664767250418663,147,0.0
3457,57,34,-0.22499999999999987,0.4650000000000001,147,-0.5098674893379211,147,0.02562006376683712,147,0.0
3458,58,34,-0.2549999999999999,0.4650000000000001,147,-0.5083385705947876,147,0.032714009284973145,147,0.0
3459,59,34,-0.2849999999999999,0.4650000000000001,147,-0.5074995756149292,147,0.029217161238193512,147,0.0
3460,60,34,-0.31499999999999995,0.4650000000000001,147,-0.5065632462501526,147,0.03924071788787842,147,0.0
3461,61,34,-0.345,0.4650000000000001,147,-0.5050662755966187,147,0.04442731663584709,147,0.0
3462,62,34,-0.375,0.4650000000000001,147,-0.5039584040641785,147,0.018668174743652344,147,0.0
3463,63,34,-0.405,0.4650000000000001,147,-0.503800094127655,147,0.0,147,0.0
3464,64,34,-0.43499999999999983,0.4650000000000001,147,-0.5037713646888733,147,0.0,147,0.0
3465,65,34,-0.46499999999999986,0.4650000000000001,147,-0.5036324262619019,147,0.0,147,0.0
3466,66,34,-0.4949999999999999,0.4650000000000001,147,-0.5036324262619019,147,0.0,147,0.0
3467,67,34,-0.5249999999999999,0.4650000000000001,147,-0.5035819411277771,147,0.003175062593072653,147,0.0
3468,68,34,-0.5549999999999997,0.4650000000000001,147,-0.5036925673484802,147,0.008985400199890137,147,0.0
3469,69,34,-0.585,0.4650000000000001,147,-0.5033156275749207,147,0.007153550628572702,147,0.0
3470,70,34,-0.6149999999999998,0.4650000000000001,147,-0.503082275390625,147,0.01112818717956543,147,0.0
3471,71,34,-0.645,0.4650000000000001,147,-0.5032345652580261,147,0.008160869590938091,147,0.0
3472,72,34,-0.6749999999999998,0.4650000000000001,147,-0.502589762210846,147,0.006400048732757568,147,0.0
3473,73,34,-0.7050000000000001,0.4650000000000001,147,-0.502534806728363,147,0.0,147,0.0
3474,74,34,-0.7349999999999999,0.4650000000000001,147,-0.5025099515914917,147,0.0,147,0.0
3475,75,34,-0.7650000000000001,0.4650000000000001,147,-0.5025913119316101,147,0.0025103490334004164,147,0.0
3476,76,34,-0.7949999999999999,0.4650000000000001,147,-0.5026723146438599,147,0.0033636887092143297,147,0.0
3477,77,34,-0.8249999999999997,0.4650000000000001,147,-0.5026514530181885,147,0.005169709678739309,147,0.0
3478,78,34,-0.855,0.4650000000000001,147,-0.5027207136154175,147,0.008451848290860653,147,0.0
3479,79,34,-0.8849999999999998,0.4650000000000001,147,-0.5027705430984497,147,0.013114015571773052,147,0.0
3480,80,34,-0.915,0.4650000000000001,147,-0.5029222965240479,147,0.012009839527308941,147,0.0
3481,81,34,-0.9449999999999998,0.4650000000000001,147,-0.5031774640083313,147,0.010413925163447857,147,0.0
3482,82,34,-0.9750000000000001,0.4650000000000001,147,-0.5031093955039978,147,0.01062534935772419,147,0.0
3483,83,34,-1.005,0.4650000000000001,147,-0.5027926564216614,147,0.014621284790337086,147,0.0
3484,84,34,-1.0349999999999997,0.4650000000000001,147,-0.5026514530181885,147,0.013799804262816906,147,0.0
3485,85,34,-1.065,0.4650000000000001,147,-0.5028883218765259,147,0.0025515989400446415,147,0.0
3486,86,34,-1.0949999999999998,0.4650000000000001,147,-0.5029362440109253,147,0.0,147,0.0
3487,87,34,-1.125,0.4650000000000001,136,-0.5027470886707306,147,0.0,147,0.0
3488,88,34,-1.1549999999999998,0.4650000000000001,6,-0.5023159384727478,147,0.0,147,0.02199999988079071
3489,89,34,-1.185,0.4650000000000001,0,nan,147,0.0,147,0.02199999988079071
3490,90,34,-1.2149999999999999,0.4650000000000001,0,nan,147,0.0,147,0.02199999988079071
3491,91,34,-1.245,0.4650000000000001,0,nan,147,0.0,147,0.02199999988079071
3492,92,34,-1.275,0.4650000000000001,0,nan,147,0.0,147,0.02199999988079071
3493,93,34,-1.3049999999999997,0.4650000000000001,0,nan,147,0.0,147,0.02199999988079071
3494,94,34,-1.335,0.4650000000000001,0,nan,147,0.0,147,0.02199999988079071
3495,95,34,-1.3649999999999998,0.4650000000000001,0,nan,147,0.0,147,0.02199999988079071
3496,96,34,-1.395,0.4650000000000001,0,nan,147,0.0,147,0.02199999988079071
3497,97,34,-1.4249999999999998,0.4650000000000001,0,nan,147,0.0,147,0.0
3498,98,34,-1.455,0.4650000000000001,0,nan,147,0.0,147,0.0
3499,99,34,-1.4849999999999999,0.4650000000000001,0,nan,147,0.0,147,0.0
3500,0,35,1.485,0.43500000000000005,0,nan,147,0.0,147,0.0
3501,1,35,1.455,0.43500000000000005,0,nan,147,0.0,147,0.0
3502,2,35,1.425,0.43500000000000005,0,nan,147,0.0,147,0.0
3503,3,35,1.395,0.43500000000000005,0,nan,147,0.0,147,0.02199999988079071
3504,4,35,1.365,0.43500000000000005,0,nan,147,0.0,147,0.02199999988079071
3505,5,35,1.335,0.43500000000000005,0,nan,147,0.0,147,0.02199999988079071
3506,6,35,1.305,0.43500000000000005,0,nan,147,0.0,147,0.02199999988079071
3507,7,35,1.275,0.43500000000000005,0,nan,147,0.0,147,0.02199999988079071
3508,8,35,1.245,0.43500000000000005,0,nan,147,0.0,147,0.02199999988079071
3509,9,35,1.215,0.43500000000000005,0,nan,147,0.0,147,0.02199999988079071
3510,10,35,1.185,0.43500000000000005,124,-0.7999935746192932,147,0.0,147,0.0
3511,11,35,1.155,0.43500000000000005,133,-0.7997525930404663,147,0.0,147,0.0
3512,12,35,1.125,0.43500000000000005,140,-0.7992340326309204,147,0.0,147,0.0
3513,13,35,1.095,0.43500000000000005,143,-0.7990469336509705,147,0.1771986335515976,147,0.0
3514,14,35,1.065,0.43500000000000005,145,-0.7880300879478455,147,0.3137738108634949,147,0.0
3515,15,35,1.0350000000000001,0.43500000000000005,147,-0.7776074409484863,147,0.3379024565219879,147,0.0
3516,16,35,1.005,0.43500000000000005,147,-0.7658701539039612,147,0.35238364338874817,147,0.0
3517,17,35,0.975,0.43500000000000005,147,-0.7551023364067078,147,0.34052929282188416,147,0.0
3518,18,35,0.9450000000000001,0.43500000000000005,147,-0.7443634271621704,147,0.3369014263153076,147,0.0
3519,19,35,0.915,0.43500000000000005,147,-0.7340213060379028,147,0.3768112361431122,147,0.0
3520,20,35,0.885,0.43500000000000005,145,-0.7220363020896912,147,0.4418283700942993,147,0.0
3521,21,35,0.855,0.43500000000000005,146,-0.7080529630184174,147,0.4342978298664093,147,0.0
3522,22,35,0.8250000000000001,0.43500000000000005,146,-0.695081502199173,147,0.43370747566223145,147,0.0
3523,23,35,0.795,0.43500000000000005,145,-0.6813071370124817,147,0.4212820529937744,147,0.0
3524,24,35,0.765,0.43500000000000005,145,-0.6691014766693115,147,0.41211289167404175,147,0.0
3525,25,35,0.735,0.43500000000000005,145,-0.6560990214347839,147,0.6545073390007019,147,0.0
3526,26,35,0.7050000000000001,0.43500000000000005,138,-0.643109142780304,147,1.28103768825531,147,0.10000000149011612
3527,27,35,0.675,0.43500000000000005,141,-0.5730189085006714,147,2.020585775375366,147,0.10000000149011612
3528,28,35,0.645,0.43500000000000005,147,-0.5109168291091919,147,1.1419930458068848,147,0.10000000149011612
3529,29,35,0.615,0.43500000000000005,147,-0.5092684626579285,147,0.4244396984577179,147,0.0
3530,30,35,0.5850000000000001,0.43500000000000005,147,-0.5081213712692261,147,0.054969388991594315,147,0.0
3531,31,35,0.555,0.43500000000000005,147,-0.5079004168510437,147,0.013267000205814838,147,0.0
3532,32,35,0.525,0.43500000000000005,147,-0.5078833103179932,147,0.0072509050369262695,147,0.0
3533,33,35,0.4950000000000001,0.43500000000000005,147,-0.5077446699142456,147,0.0,147,0.0
3534,34,35,0.4650000000000001,0.43500000000000005,147,-0.5081331133842468,147,0.006158794276416302,147,0.0
3535,35,35,0.43500000000000005,0.43500000000000005,147,-0.5084871649742126,147,0.004256764892488718,147,0.0
3536,36,35,0.405,0.43500000000000005,147,-0.5089886784553528,147,0.013091166503727436,147,0.0
3537,37,35,0.375,0.43500000000000005,147,-0.5096617341041565,147,0.011365612037479877,147,0.0
3538,38,35,0.345,0.43500000000000005,147,-0.5097256898880005,147,0.011842449195683002,147,0.0
3539,39,35,0.31499999999999995,0.43500000000000005,147,-0.5097291469573975,147,0.013312697410583496,147,0.0
3540,40,35,0.28500000000000014,0.43500000000000005,147,-0.5096940398216248,147,0.012187165208160877,147,0.0
3541,41,35,0.2550000000000001,0.43500000000000005,147,-0.5095854997634888,147,0.005390582140535116,147,0.0
3542,42,35,0.2250000000000001,0.43500000000000005,147,-0.5091397762298584,147,0.0076770782470703125,147,0.0
3543,43,35,0.19500000000000006,0.43500000000000005,147,-0.508903980255127,147,0.013128476217389107,147,0.0
3544,44,35,0.16500000000000004,0.43500000000000005,147,-0.5082386136054993,147,0.013418992049992085,147,0.0
3545,45,35,0.135,0.43500000000000005,147,-0.5076913833618164,147,0.013418992049992085,147,0.0
3546,46,35,0.10499999999999998,0.43500000000000005,147,-0.5071845054626465,147,0.008532101288437843,147,0.0
3547,47,35,0.07499999999999996,0.43500000000000005,147,-0.5069171190261841,147,0.0,147,0.0
3548,48,35,0.04500000000000015,0.43500000000000005,147,-0.5069287419319153,147,0.0,147,0.0
3549,49,35,0.015000000000000124,0.43500000000000005,147,-0.5069171190261841,147,0.0,147,0.0
3550,50,35,-0.014999999999999902,0.43500000000000005,147,-0.5069287419319153,147,0.0,147,0.0
3551,51,35,-0.04499999999999993,0.43500000000000005,147,-0.5069408416748047,147,0.0,147,0.0
3552,52,35,-0.07499999999999996,0.43500000000000005,147,-0.5070467591285706,147,0.0,147,0.0
3553,53,35,-0.10499999999999998,0.43500000000000005,147,-0.5073937773704529,147,0.0208685752004385,147,0.0
3554,54,35,-0.135,0.43500000000000005,147,-0.5083589553833008,147,0.03151397034525871,147,0.0
3555,55,35,-0.16500000000000004,0.43500000000000005,147,-0.5093119144439697,147,0.023869672790169716,147,0.0
3556,56,35,-0.19499999999999984,0.43500000000000005,147,-0.5095460414886475,147,0.025826262310147285,147,0.0
3557,57,35,-0.22499999999999987,0.43500000000000005,147,-0.509795606136322,147,0.023996829986572266,147,0.0
3558,58,35,-0.2549999999999999,0.43500000000000005,147,-0.5082445740699768,147,0.028793055564165115,147,0.0
3559,59,35,-0.2849999999999999,0.43500000000000005,147,-0.5074923038482666,147,0.030116239562630653,147,0.0
3560,60,35,-0.31499999999999995,0.43500000000000005,147,-0.5066266655921936,147,0.03669460490345955,147,0.0
3561,61,35,-0.345,0.43500000000000005,147,-0.5051681399345398,147,0.04274745658040047,147,0.0
3562,62,35,-0.375,0.43500000000000005,147,-0.5039584040641785,147,0.018901625648140907,147,0.0
3563,63,35,-0.405,0.43500000000000005,147,-0.5037907361984253,147,0.0,147,0.0
3564,64,35,-0.43499999999999983,0.43500000000000005,147,-0.5037713646888733,147,0.0,147,0.0
3565,65,35,-0.46499999999999986,0.43500000000000005,147,-0.5037174820899963,147,0.0,147,0.0
3566,66,35,-0.4949999999999999,0.43500000000000005,147,-0.5037837624549866,147,0.0,147,0.0
3567,67,35,-0.5249999999999999,0.43500000000000005,147,-0.5037611722946167,147,0.005239248275756836,147,0.0
3568,68,35,-0.5549999999999997,0.43500000000000005,147,-0.5038638114929199,147,0.011539390310645103,147,0.0
3569,69,35,-0.585,0.43500000000000005,147,-0.5032345652580261,147,0.010133079253137112,147,0.0
3570,70,35,-0.6149999999999998,0.43500000000000005,147,-0.5030211806297302,147,0.010299473069608212,147,0.0
3571,71,35,-0.645,0.43500000000000005,147,-0.5031741857528687,147,0.0061670937575399876,147,0.0
3572,72,35,-0.6749999999999998,0.43500000000000005,147,-0.5024325847625732,147,0.0033000982366502285,147,0.0
3573,73,35,-0.7050000000000001,0.43500000000000005,147,-0.5023938417434692,147,0.0,147,0.0
3574,74,35,-0.7349999999999999,0.43500000000000005,147,-0.5023817420005798,147,0.0,147,0.0
3575,75,35,-0.7650000000000001,0.43500000000000005,147,-0.5024828314781189,147,0.0,147,0.0
3576,76,35,-0.7949999999999999,0.43500000000000005,147,-0.5026397705078125,147,0.0,147,0.0
3577,77,35,-0.8249999999999997,0.43500000000000005,147,-0.5025505423545837,147,0.0,147,0.0
3578,78,35,-0.855,0.43500000000000005,147,-0.5026262998580933,147,0.002283851383253932,147,0.0
3579,79,35,-0.8849999999999998,0.43500000000000005,147,-0.5026262998580933,147,0.008444984443485737,147,0.0
3580,80,35,-0.915,0.43500000000000005,147,-0.5026815533638,147,0.007068117614835501,147,0.0
3581,81,35,-0.9449999999999998,0.43500000000000005,147,-0.5029529333114624,147,0.0044753155671060085,147,0.0
3582,82,35,-0.9750000000000001,0.43500000000000005,147,-0.5027705430984497,147,0.004075595177710056,147,0.0
3583,83,35,-1.005,0.43500000000000005,147,-0.5026815533638,147,0.010343978181481361,147,0.0
3584,84,35,-1.0349999999999997,0.43500000000000005,147,-0.5026223063468933,147,0.014516711235046387,147,0.0
3585,85,35,-1.065,0.43500000000000005,147,-0.5029136538505554,147,0.0019182761898264289,147,0.0
3586,86,35,-1.0949999999999998,0.43500000000000005,144,-0.5029368102550507,147,0.0,147,0.0
3587,87,35,-1.125,0.43500000000000005,67,-0.5028883218765259,147,0.0,147,0.02199999988079071
3588,88,35,-1.1549999999999998,0.43500000000000005,0,nan,147,0.0,147,0.02199999988079071
3589,89,35,-1.185,0.43500000000000005,0,nan,147,0.0,147,0.02199999988079071
3590,90,35,-1.2149999999999999,0.43500000000000005,0,nan,147,0.0,147,0.02199999988079071
3591,91,35,-1.245,0.43500000000000005,0,nan,147,0.0,147,0.02199999988079071
3592,92,35,-1.275,0.43500000000000005,0,nan,147,0.0,147,0.02199999988079071
3593,93,35,-1.3049999999999997,0.43500000000000005,0,nan,147,0.0,147,0.02199999988079071
3594,94,35,-1.335,0.43500000000000005,0,nan,147,0.0,147,0.02199999988079071
3595,95,35,-1.3649999999999998,0.43500000000000005,0,nan,147,0.0,147,0.02199999988079071
3596,96,35,-1.395,0.43500000000000005,0,nan,147,0.0,147,0.02199999988079071
3597,97,35,-1.4249999999999998,0.43500000000000005,0,nan,147,0.0,147,0.0
3598,98,35,-1.455,0.43500000000000005,0,nan,147,0.0,147,0.0
3599,99,35,-1.4849999999999999,0.43500000000000005,0,nan,147,0.0,147,0.0
3600,0,36,1.485,0.405,0,nan,147,0.0,147,0.0
3601,1,36,1.455,0.405,0,nan,147,0.0,147,0.0
3602,2,36,1.425,0.405,0,nan,147,0.0,147,0.0
3603,3,36,1.395,0.405,0,nan,147,0.0,147,0.02199999988079071
3604,4,36,1.365,0.405,0,nan,147,0.0,147,0.02199999988079071
3605,5,36,1.335,0.405,0,nan,147,0.0,147,0.02199999988079071
3606,6,36,1.305,0.405,0,nan,147,0.0,147,0.02199999988079071
3607,7,36,1.275,0.405,0,nan,147,0.0,147,0.02199999988079071
3608,8,36,1.245,0.405,0,nan,147,0.0,147,0.02199999988079071
3609,9,36,1.215,0.405,0,nan,147,0.0,147,0.02199999988079071
3610,10,36,1.185,0.405,122,-0.799824446439743,147,0.0,147,0.0
3611,11,36,1.155,0.405,132,-0.799468457698822,147,0.0,147,0.0
3612,12,36,1.125,0.405,135,-0.7990469336509705,147,0.0,147,0.0
3613,13,36,1.095,0.405,143,-0.7987438440322876,147,0.16772732138633728,147,0.0
3614,14,36,1.065,0.405,145,-0.7870674133300781,147,0.2998117208480835,147,0.0
3615,15,36,1.0350000000000001,0.405,147,-0.7772838473320007,147,0.3189327120780945,147,0.0
3616,16,36,1.005,0.405,147,-0.7658185362815857,147,0.34983131289482117,147,0.0
3617,17,36,0.975,0.405,147,-0.7551023364067078,147,0.3345699906349182,147,0.0
3618,18,36,0.9450000000000001,0.405,147,-0.7447476983070374,147,0.3336866796016693,147,0.0
3619,19,36,0.915,0.405,147,-0.7341477274894714,147,0.37166476249694824,147,0.0
3620,20,36,0.885,0.405,146,-0.7222688794136047,147,0.42498502135276794,147,0.0
3621,21,36,0.855,0.405,146,-0.7082355618476868,147,0.4398154020309448,147,0.0
3622,22,36,0.8250000000000001,0.405,146,-0.6950062811374664,147,0.43340325355529785,147,0.0
3623,23,36,0.795,0.405,147,-0.6815831065177917,147,0.4249967336654663,147,0.0
3624,24,36,0.765,0.405,147,-0.6692691445350647,147,0.4030942916870117,147,0.0
3625,25,36,0.735,0.405,147,-0.6567074656486511,147,0.4129319489002228,147,0.0
3626,26,36,0.7050000000000001,0.405,144,-0.6442835628986359,147,0.7046234011650085,147,0.0
3627,27,36,0.675,0.405,130,-0.6289891004562378,147,1.250287413597107,147,0.10000000149011612
3628,28,36,0.645,0.405,141,-0.5646401643753052,147,1.6865947246551514,147,0.10000000149011612
3629,29,36,0.615,0.405,147,-0.5530677437782288,147,0.8677807450294495,147,0.10000000149011612
3630,30,36,0.5850000000000001,0.405,147,-0.5160080194473267,147,0.25357335805892944,147,0.0
3631,31,36,0.555,0.405,147,-0.5095576643943787,147,0.02759198285639286,147,0.0
3632,32,36,0.525,0.405,147,-0.5089908242225647,147,0.11405901610851288,147,0.0
3633,33,36,0.4950000000000001,0.405,147,-0.5083678364753723,147,0.0841866061091423,147,0.0
3634,34,36,0.4650000000000001,0.405,147,-0.5084157586097717,147,0.016943613067269325,147,0.0
3635,35,36,0.43500000000000005,0.405,147,-0.5084871649742126,147,0.0034581490326672792,147,0.0
3636,36,36,0.405,0.405,147,-0.5089208483695984,147,0.007863839156925678,147,0.0
3637,37,36,0.375,0.405,147,-0.5095854997634888,147,0.009352441877126694,147,0.0
3638,38,36,0.345,0.405,147,-0.5096184015274048,147,0.010585899464786053,147,0.0
3639,39,36,0.31499999999999995,0.405,147,-0.5096617341041565,147,0.011720259673893452,147,0.0
3640,40,36,0.28500000000000014,0.405,147,-0.5096184015274048,147,0.01069370936602354,147,0.0
3641,41,36,0.2550000000000001,0.405,147,-0.5094243884086609,147,0.00564909540116787,147,0.0
3642,42,36,0.2250000000000001,0.405,147,-0.5090492963790894,147,0.006779228802770376,147,0.0
3643,43,36,0.19500000000000006,0.405,147,-0.5087794065475464,147,0.009095289744436741,147,0.0
3644,44,36,0.16500000000000004,0.405,147,-0.50819331407547,147,0.012776817195117474,147,0.0
3645,45,36,0.135,0.405,147,-0.5076425075531006,147,0.011204679496586323,147,0.0
3646,46,36,0.10499999999999998,0.405,147,-0.5071651339530945,147,0.004791220184415579,147,0.0
3647,47,36,0.07499999999999996,0.405,147,-0.5069170594215393,147,0.0,147,0.0
3648,48,36,0.04500000000000015,0.405,147,-0.5069171190261841,147,0.0,147,0.0
3649,49,36,0.015000000000000124,0.405,147,-0.5069128274917603,147,0.0,147,0.0
3650,50,36,-0.014999999999999902,0.405,147,-0.5069171190261841,147,0.0,147,0.0
3651,51,36,-0.04499999999999993,0.405,147,-0.5069287419319153,147,0.0,147,0.0
3652,52,36,-0.07499999999999996,0.405,147,-0.5070467591285706,147,0.0,147,0.0
3653,53,36,-0.10499999999999998,0.405,147,-0.5073531270027161,147,0.019560812041163445,147,0.0
3654,54,36,-0.135,0.405,147,-0.5083587765693665,147,0.03255506232380867,147,0.0
3655,55,36,-0.16500000000000004,0.405,147,-0.5093433260917664,147,0.02441309578716755,147,0.0
3656,56,36,-0.19499999999999984,0.405,147,-0.5095439553260803,147,0.025420375168323517,147,0.0
3657,57,36,-0.22499999999999987,0.405,147,-0.5096319317817688,147,0.028906667605042458,147,0.0
3658,58,36,-0.2549999999999999,0.405,147,-0.5082905888557434,147,0.029164381325244904,147,0.0
3659,59,36,-0.2849999999999999,0.405,147,-0.5076530575752258,147,0.03419617936015129,147,0.0
3660,60,36,-0.31499999999999995,0.405,147,-0.5067240595817566,147,0.036791954189538956,147,0.0
3661,61,36,-0.345,0.405,147,-0.5054858326911926,147,0.04347562789916992,147,0.0
3662,62,36,-0.375,0.405,147,-0.5039584040641785,147,0.01672506332397461,147,0.0
3663,63,36,-0.405,0.405,147,-0.5037907361984253,147,0.0,147,0.0
3664,64,36,-0.43499999999999983,0.405,147,-0.5037713646888733,147,0.0,147,0.0
3665,65,36,-0.46499999999999986,0.405,147,-0.5037174820899963,147,0.0,147,0.0
3666,66,36,-0.4949999999999999,0.405,147,-0.5038027167320251,147,0.0,147,0.0
3667,67,36,-0.5249999999999999,0.405,147,-0.5037907361984253,147,0.005239248275756836,147,0.0
3668,68,36,-0.5549999999999997,0.405,147,-0.5038356781005859,147,0.012806849554181099,147,0.0
3669,69,36,-0.585,0.405,147,-0.5032345652580261,147,0.010660290718078613,147,0.0
3670,70,36,-0.6149999999999998,0.405,147,-0.5030130743980408,147,0.008781647309660912,147,0.0
3671,71,36,-0.645,0.405,147,-0.502922773361206,147,0.00807978492230177,147,0.0
3672,72,36,-0.6749999999999998,0.405,147,-0.5024325847625732,147,0.007379244081676006,147,0.0
3673,73,36,-0.7050000000000001,0.405,147,-0.5023938417434692,147,0.0,147,0.0
3674,74,36,-0.7349999999999999,0.405,147,-0.5023817420005798,147,0.0,147,0.0
3675,75,36,-0.7650000000000001,0.405,147,-0.502397894859314,147,0.0003625949320849031,147,0.0
3676,76,36,-0.7949999999999999,0.405,147,-0.5025913119316101,147,0.0002682209014892578,147,0.0
3677,77,36,-0.8249999999999997,0.405,147,-0.5023422241210938,147,0.0002682209014892578,147,0.0
3678,78,36,-0.855,0.405,147,-0.5023422241210938,147,0.00586708402261138,147,0.0
3679,79,36,-0.8849999999999998,0.405,147,-0.5023422241210938,147,0.008928775787353516,147,0.0
3680,80,36,-0.915,0.405,147,-0.5026262998580933,147,0.007779511157423258,147,0.0
3681,81,36,-0.9449999999999998,0.405,147,-0.5026815533638,147,0.0020792086143046618,147,0.0
3682,82,36,-0.9750000000000001,0.405,147,-0.5026262998580933,147,0.0016437588492408395,147,0.0
3683,83,36,-1.005,0.405,147,-0.5025395154953003,147,0.007195603102445602,147,0.0
3684,84,36,-1.0349999999999997,0.405,147,-0.5026223063468933,147,0.015285723842680454,147,0.0
3685,85,36,-1.065,0.405,147,-0.5029898881912231,147,0.01065234374254942,147,0.0
3686,86,36,-1.0949999999999998,0.405,110,-0.5029954612255096,147,0.0,147,0.0
3687,87,36,-1.125,0.405,0,nan,147,0.0,147,0.02199999988079071
3688,88,36,-1.1549999999999998,0.405,0,nan,147,0.0,147,0.02199999988079071
3689,89,36,-1.185,0.405,0,nan,147,0.0,147,0.02199999988079071
3690,90,36,-1.2149999999999999,0.405,0,nan,147,0.0,147,0.02199999988079071
3691,91,36,-1.245,0.405,0,nan,147,0.0,147,0.02199999988079071
3692,92,36,-1.275,0.405,0,nan,147,0.0,147,0.02199999988079071
3693,93,36,-1.3049999999999997,0.405,0,nan,147,0.0,147,0.02199999988079071
3694,94,36,-1.335,0.405,0,nan,147,0.0,147,0.02199999988079071
3695,95,36,-1.3649999999999998,0.405,0,nan,147,0.0,147,0.02199999988079071
3696,96,36,-1.395,0.405,0,nan,147,0.0,147,0.02199999988079071
3697,97,36,-1.4249999999999998,0.405,0,nan,147,0.0,147,0.0
3698,98,36,-1.455,0.405,0,nan,147,0.0,147,0.0
3699,99,36,-1.4849999999999999,0.405,0,nan,147,0.0,147,0.0
3700,0,37,1.485,0.375,0,nan,147,0.0,147,0.0
3701,1,37,1.455,0.375,0,nan,147,0.0,147,0.0
3702,2,37,1.425,0.375,0,nan,147,0.0,147,0.0
3703,3,37,1.395,0.375,0,nan,147,0.0,147,0.02199999988079071
3704,4,37,1.365,0.375,0,nan,147,0.0,147,0.02199999988079071
3705,5,37,1.335,0.375,0,nan,147,0.0,147,0.02199999988079071
3706,6,37,1.305,0.375,0,nan,147,0.0,147,0.02199999988079071
3707,7,37,1.275,0.375,0,nan,147,0.0,147,0.02199999988079071
3708,8,37,1.245,0.375,0,nan,147,0.0,147,0.02199999988079071
3709,9,37,1.215,0.375,0,nan,147,0.0,147,0.02199999988079071
3710,10,37,1.185,0.375,122,-0.7993466854095459,147,0.0,147,0.0
3711,11,37,1.155,0.375,128,-0.799017608165741,147,0.0,147,0.0
3712,12,37,1.125,0.375,133,-0.7987438440322876,147,0.0,147,0.0
3713,13,37,1.095,0.375,143,-0.7982432842254639,147,0.1622895449399948,147,0.0
3714,14,37,1.065,0.375,145,-0.7868500351905823,147,0.28071171045303345,147,0.0
3715,15,37,1.0350000000000001,0.375,147,-0.7771627902984619,147,0.31398361921310425,147,0.0
3716,16,37,1.005,0.375,147,-0.7657581567764282,147,0.3525160253047943,147,0.0
3717,17,37,0.975,0.375,147,-0.7554700970649719,147,0.3351982831954956,147,0.0
3718,18,37,0.9450000000000001,0.375,147,-0.7444263100624084,147,0.3296363949775696,147,0.0
3719,19,37,0.915,0.375,147,-0.7341194152832031,147,0.3711177408695221,147,0.0
3720,20,37,0.885,0.375,146,-0.7224108278751373,147,0.4179780185222626,147,0.0
3721,21,37,0.855,0.375,146,-0.7084937989711761,147,0.4434323012828827,147,0.0
3722,22,37,0.8250000000000001,0.375,146,-0.6950062811374664,147,0.4244983196258545,147,0.0
3723,23,37,0.795,0.375,147,-0.6818874478340149,147,0.41090548038482666,147,0.0
3724,24,37,0.765,0.375,147,-0.6692904829978943,147,0.4033820331096649,147,0.0
3725,25,37,0.735,0.375,147,-0.6571555733680725,147,0.4199880063533783,147,0.0
3726,26,37,0.7050000000000001,0.375,147,-0.6446632742881775,147,0.45585134625434875,147,0.0
3727,27,37,0.675,0.375,147,-0.6303361654281616,147,0.6878708600997925,147,0.0
3728,28,37,0.645,0.375,143,-0.6171203255653381,147,1.0831665992736816,147,0.10000000149011612
3729,29,37,0.615,0.375,142,-0.5656138956546783,147,1.2654781341552734,147,0.10000000149011612
3730,30,37,0.5850000000000001,0.375,147,-0.5508416891098022,147,0.633873701095581,147,0.0
3731,31,37,0.555,0.375,147,-0.5171625018119812,147,0.15361928939819336,147,0.0
3732,32,37,0.525,0.375,147,-0.5160080194473267,147,0.1379559487104416,147,0.0
3733,33,37,0.4950000000000001,0.375,147,-0.5098583698272705,147,0.13426244258880615,147,0.0
3734,34,37,0.4650000000000001,0.375,147,-0.5095854997634888,147,0.02405715174973011,147,0.0
3735,35,37,0.43500000000000005,0.375,147,-0.5090542435646057,147,0.0,147,0.0
3736,36,37,0.405,0.375,147,-0.5097291469573975,147,0.0,147,0.0
3737,37,37,0.375,0.375,147,-0.5097622871398926,147,0.00043511390686035156,147,0.0
3738,38,37,0.345,0.375,147,-0.5098176598548889,147,0.005187910981476307,147,0.0
3739,39,37,0.31499999999999995,0.375,147,-0.5097622871398926,147,0.006782015319913626,147,0.0
3740,40,37,0.28500000000000014,0.375,147,-0.5096859335899353,147,0.0071456036530435085,147,0.0
3741,41,37,0.2550000000000001,0.375,147,-0.5092834830284119,147,0.005607471335679293,147,0.0
3742,42,37,0.2250000000000001,0.375,147,-0.5090492963790894,147,0.006673733238130808,147,0.0
3743,43,37,0.19500000000000006,0.375,147,-0.5087312459945679,147,0.008061528205871582,147,0.0
3744,44,37,0.16500000000000004,0.375,147,-0.50819331407547,147,0.013042761012911797,147,0.0
3745,45,37,0.135,0.375,147,-0.5076425075531006,147,0.01198152732104063,147,0.0
3746,46,37,0.10499999999999998,0.375,147,-0.5071765780448914,147,0.006291928235441446,147,0.0
3747,47,37,0.07499999999999996,0.375,147,-0.5069170594215393,147,0.0,147,0.0
3748,48,37,0.04500000000000015,0.375,147,-0.5069171190261841,147,0.0,147,0.0
3749,49,37,0.015000000000000124,0.375,147,-0.5069171190261841,147,0.0,147,0.0
3750,50,37,-0.014999999999999902,0.375,147,-0.5069287419319153,147,0.0,147,0.0
3751,51,37,-0.04499999999999993,0.375,147,-0.5069408416748047,147,0.0,147,0.0
3752,52,37,-0.07499999999999996,0.375,147,-0.5070467591285706,147,0.0024875004310160875,147,0.0
3753,53,37,-0.10499999999999998,0.375,147,-0.507358729839325,147,0.02313951589167118,147,0.0
3754,54,37,-0.135,0.375,147,-0.5085073113441467,147,0.0353885293006897,147,0.0
3755,55,37,-0.16500000000000004,0.375,147,-0.5095388293266296,147,0.022027889266610146,147,0.0
3756,56,37,-0.19499999999999984,0.375,147,-0.5096575617790222,147,0.026857852935791016,147,0.0
3757,57,37,-0.22499999999999987,0.375,147,-0.5094169974327087,147,0.02969866245985031,147,0.0
3758,58,37,-0.2549999999999999,0.375,147,-0.5081105828285217,147,0.03463129326701164,147,0.0
3759,59,37,-0.2849999999999999,0.375,147,-0.5075716376304626,147,0.03623763844370842,147,0.0
3760,60,37,-0.31499999999999995,0.375,147,-0.5065506100654602,147,0.03708462789654732,147,0.0
3761,61,37,-0.345,0.375,147,-0.505343496799469,147,0.04369616508483887,147,0.0
3762,62,37,-0.375,0.375,147,-0.5039334297180176,147,0.02162555791437626,147,0.0
3763,63,37,-0.405,0.375,147,-0.503800094127655,147,0.0026335318107157946,147,0.0
3764,64,37,-0.43499999999999983,0.375,147,-0.5037174820899963,147,0.0,147,0.0
3765,65,37,-0.46499999999999986,0.375,147,-0.5036324262619019,147,0.0,147,0.0
3766,66,37,-0.4949999999999999,0.375,147,-0.5038356781005859,147,0.001071890234015882,147,0.0
3767,67,37,-0.5249999999999999,0.375,147,-0.5038027167320251,147,0.009034783579409122,147,0.0
3768,68,37,-0.5549999999999997,0.375,147,-0.5038638114929199,147,0.020773369818925858,147,0.0
3769,69,37,-0.585,0.375,147,-0.5032345652580261,147,0.014815823175013065,147,0.0
3770,70,37,-0.6149999999999998,0.375,147,-0.5029917359352112,147,0.010119874961674213,147,0.0
3771,71,37,-0.645,0.375,147,-0.502689778804779,147,0.010826471261680126,147,0.0
3772,72,37,-0.6749999999999998,0.375,147,-0.5021809339523315,147,0.009291370399296284,147,0.0
3773,73,37,-0.7050000000000001,0.375,147,-0.5019896626472473,147,0.0,147,0.0
3774,74,37,-0.7349999999999999,0.375,147,-0.5019896626472473,147,0.0,147,0.0
3775,75,37,-0.7650000000000001,0.375,147,-0.5019896626472473,147,0.002293785335496068,147,0.0
3776,76,37,-0.7949999999999999,0.375,147,-0.5019345879554749,147,0.0032732884865254164,147,0.0
3777,77,37,-0.8249999999999997,0.375,147,-0.5019345879554749,147,0.0015775362262502313,147,0.0
3778,78,37,-0.855,0.375,147,-0.5019896626472473,147,0.00281041138805449,147,0.0
3779,79,37,-0.8849999999999998,0.375,147,-0.5020822882652283,147,0.008655588142573833,147,0.0
3780,80,37,-0.915,0.375,147,-0.5023792386054993,147,0.006222981959581375,147,0.0
3781,81,37,-0.9449999999999998,0.375,147,-0.5026514530181885,147,0.0032166640739887953,147,0.0
3782,82,37,-0.9750000000000001,0.375,147,-0.5024933218955994,147,0.002202354371547699,147,0.0
3783,83,37,-1.005,0.375,147,-0.5024963617324829,147,0.008388360030949116,147,0.0
3784,84,37,-1.0349999999999997,0.375,147,-0.5026262998580933,147,0.021708238869905472,147,0.0
3785,85,37,-1.065,0.375,147,-0.503423273563385,147,0.024296890944242477,147,0.0
3786,86,37,-1.0949999999999998,0.375,48,-0.5049119591712952,147,0.0,147,0.02199999988079071
3787,87,37,-1.125,0.375,0,nan,147,0.0,147,0.02199999988079071
3788,88,37,-1.1549999999999998,0.375,0,nan,147,0.0,147,0.02199999988079071
3789,89,37,-1.185,0.375,0,nan,147,0.0,147,0.02199999988079071
3790,90,37,-1.2149999999999999,0.375,0,nan,147,0.0,147,0.02199999988079071
3791,91,37,-1.245,0.375,0,nan,147,0.0,147,0.02199999988079071
3792,92,37,-1.275,0.375,0,nan,147,0.0,147,0.02199999988079071
3793,93,37,-1.3049999999999997,0.375,0,nan,147,0.0,147,0.02199999988079071
3794,94,37,-1.335,0.375,0,nan,147,0.0,147,0.02199999988079071
3795,95,37,-1.3649999999999998,0.375,0,nan,147,0.0,147,0.02199999988079071
3796,96,37,-1.395,0.375,0,nan,147,0.0,147,0.02199999988079071
3797,97,37,-1.4249999999999998,0.375,0,nan,147,0.0,147,0.0
3798,98,37,-1.455,0.375,0,nan,147,0.0,147,0.0
3799,99,37,-1.4849999999999999,0.375,0,nan,147,0.0,147,0.0
3800,0,38,1.485,0.345,0,nan,147,0.0,147,0.0
3801,1,38,1.455,0.345,0,nan,147,0.0,147,0.0
3802,2,38,1.425,0.345,0,nan,147,0.0,147,0.0
3803,3,38,1.395,0.345,0,nan,147,0.0,147,0.02199999988079071
3804,4,38,1.365,0.345,0,nan,147,0.0,147,0.02199999988079071
3805,5,38,1.335,0.345,0,nan,147,0.0,147,0.02199999988079071
3806,6,38,1.305,0.345,0,nan,147,0.0,147,0.02199999988079071
3807,7,38,1.275,0.345,0,nan,147,0.0,147,0.02199999988079071
3808,8,38,1.245,0.345,0,nan,147,0.0,147,0.02199999988079071
3809,9,38,1.215,0.345,0,nan,147,0.0,147,0.02199999988079071
3810,10,38,1.185,0.345,121,-0.7990469336509705,147,0.0,147,0.0
3811,11,38,1.155,0.345,126,-0.7988556325435638,147,0.0,147,0.0
3812,12,38,1.125,0.345,131,-0.7985289096832275,147,0.0,147,0.0
3813,13,38,1.095,0.345,140,-0.7982295453548431,147,0.1547485589981079,147,0.0
3814,14,38,1.065,0.345,143,-0.786507785320282,147,0.27904993295669556,147,0.0
3815,15,38,1.0350000000000001,0.345,146,-0.7768957316875458,147,0.30592870712280273,147,0.0
3816,16,38,1.005,0.345,147,-0.7656100392341614,147,0.34643152356147766,147,0.0
3817,17,38,0.975,0.345,147,-0.7547609806060791,147,0.33999183773994446,147,0.0
3818,18,38,0.9450000000000001,0.345,147,-0.7442317605018616,147,0.3372170925140381,147,0.0
3819,19,38,0.915,0.345,147,-0.7341194152832031,147,0.37804344296455383,147,0.0
3820,20,38,0.885,0.345,147,-0.7219235301017761,147,0.4241347312927246,147,0.0
3821,21,38,0.855,0.345,147,-0.7075740098953247,147,0.4465748965740204,147,0.0
3822,22,38,0.8250000000000001,0.345,147,-0.6945143938064575,147,0.4026442766189575,147,0.0
3823,23,38,0.795,0.345,147,-0.6821891069412231,147,0.39961516857147217,147,0.0
3824,24,38,0.765,0.345,147,-0.6699151396751404,147,0.4033820331096649,147,0.0
3825,25,38,0.735,0.345,147,-0.657626211643219,147,0.41632258892059326,147,0.0
3826,26,38,0.7050000000000001,0.345,147,-0.644680917263031,147,0.45083263516426086,147,0.0
3827,27,38,0.675,0.345,147,-0.6306344866752625,147,0.44697126746177673,147,0.0
3828,28,38,0.645,0.345,147,-0.617541491985321,147,0.6028324365615845,147,0.0
3829,29,38,0.615,0.345,145,-0.6043795943260193,147,0.9456832408905029,147,0.10000000149011612
3830,30,38,0.5850000000000001,0.345,146,-0.5637739300727844,147,1.428406834602356,147,0.10000000149011612
3831,31,38,0.555,0.345,147,-0.5176395773887634,147,0.514406144618988,147,0.0
3832,32,38,0.525,0.345,147,-0.5168160200119019,147,0.16395613551139832,147,0.0
3833,33,38,0.4950000000000001,0.345,147,-0.5112708806991577,147,0.13586878776550293,147,0.0
3834,34,38,0.4650000000000001,0.345,147,-0.5102567076683044,147,0.03523429110646248,147,0.0
3835,35,38,0.43500000000000005,0.345,147,-0.5098176598548889,147,0.0,147,0.0
3836,36,38,0.405,0.345,147,-0.5099497437477112,147,0.0,147,0.0
3837,37,38,0.375,0.345,147,-0.5098583698272705,147,0.0,147,0.0
3838,38,38,0.345,0.345,147,-0.5098636150360107,147,0.0021287850104272366,147,0.0
3839,39,38,0.31499999999999995,0.345,147,-0.5098060369491577,147,0.004721681121736765,147,0.0
3840,40,38,0.28500000000000014,0.345,147,-0.5096859335899353,147,0.010082125663757324,147,0.0
3841,41,38,0.2550000000000001,0.345,147,-0.5091564655303955,147,0.008624792098999023,147,0.0
3842,42,38,0.2250000000000001,0.345,147,-0.5090358257293701,147,0.006973212584853172,147,0.0
3843,43,38,0.19500000000000006,0.345,147,-0.508674681186676,147,0.008135040290653706,147,0.0
3844,44,38,0.16500000000000004,0.345,147,-0.5081576704978943,147,0.01246577873826027,147,0.0
3845,45,38,0.135,0.345,147,-0.5076002478599548,147,0.014393603429198265,147,0.0
3846,46,38,0.10499999999999998,0.345,147,-0.5070648193359375,147,0.00943640898913145,147,0.0
3847,47,38,0.07499999999999996,0.345,147,-0.5069055557250977,147,0.0011543432483449578,147,0.0
3848,48,38,0.04500000000000015,0.345,147,-0.5068849921226501,147,0.0,147,0.0
3849,49,38,0.015000000000000124,0.345,147,-0.506883442401886,147,0.0,147,0.0
3850,50,38,-0.014999999999999902,0.345,147,-0.5068849921226501,147,0.0,147,0.0
3851,51,38,-0.04499999999999993,0.345,147,-0.5069055557250977,147,0.00010728836059570312,147,0.0
3852,52,38,-0.07499999999999996,0.345,147,-0.5069808959960938,147,0.008280051872134209,147,0.0
3853,53,38,-0.10499999999999998,0.345,147,-0.5073168277740479,147,0.025857439264655113,147,0.0
3854,54,38,-0.135,0.345,147,-0.5086411237716675,147,0.03862510621547699,147,0.0
3855,55,38,-0.16500000000000004,0.345,147,-0.5096575617790222,147,0.02449854463338852,147,0.0
3856,56,38,-0.19499999999999984,0.345,147,-0.5097879767417908,147,0.022300085052847862,147,0.0
3857,57,38,-0.22499999999999987,0.345,147,-0.5094807147979736,147,0.024208631366491318,147,0.0
3858,58,38,-0.2549999999999999,0.345,147,-0.5083181858062744,147,0.03183746710419655,147,0.0
3859,59,38,-0.2849999999999999,0.345,147,-0.5074995756149292,147,0.035274699330329895,147,0.0
3860,60,38,-0.31499999999999995,0.345,147,-0.5064922571182251,147,0.03643830493092537,147,0.0
3861,61,38,-0.345,0.345,147,-0.5055840611457825,147,0.035759661346673965,147,0.0
3862,62,38,-0.375,0.345,147,-0.5044780373573303,147,0.018901625648140907,147,0.0
3863,63,38,-0.405,0.345,147,-0.5043321251869202,147,0.0013673140201717615,147,0.0
3864,64,38,-0.43499999999999983,0.345,147,-0.5040015578269958,147,0.0,147,0.0
3865,65,38,-0.46499999999999986,0.345,147,-0.5039896965026855,147,0.0,147,0.0
3866,66,38,-0.4949999999999999,0.345,147,-0.5042264461517334,147,0.0035206477623432875,147,0.0
3867,67,38,-0.5249999999999999,0.345,147,-0.5042134523391724,147,0.013874967582523823,147,0.0
3868,68,38,-0.5549999999999997,0.345,147,-0.5042134523391724,147,0.02358158491551876,147,0.0
3869,69,38,-0.585,0.345,147,-0.5033156275749207,147,0.019350647926330566,147,0.0
3870,70,38,-0.6149999999999998,0.345,147,-0.5030130743980408,147,0.01472135353833437,147,0.0
3871,71,38,-0.645,0.345,147,-0.5025913119316101,147,0.014975666999816895,147,0.0
3872,72,38,-0.6749999999999998,0.345,147,-0.5021026134490967,147,0.009994705207645893,147,0.0
3873,73,38,-0.7050000000000001,0.345,147,-0.5019896626472473,147,0.0,147,0.0
3874,74,38,-0.7349999999999999,0.345,147,-0.502007007598877,147,0.0,147,0.0
3875,75,38,-0.7650000000000001,0.345,147,-0.5019896626472473,147,0.0,147,0.0
3876,76,38,-0.7949999999999999,0.345,147,-0.5019345879554749,147,0.0,147,0.0
3877,77,38,-0.8249999999999997,0.345,147,-0.5018892288208008,147,0.0,147,0.0
3878,78,38,-0.855,0.345,147,-0.5019682049751282,147,0.0,147,0.0
3879,79,38,-0.8849999999999998,0.345,147,-0.502007007598877,147,0.0048508248291909695,147,0.0
3880,80,38,-0.915,0.345,147,-0.5022075772285461,147,0.004202127456665039,147,0.0
3881,81,38,-0.9449999999999998,0.345,147,-0.502266526222229,147,0.002198417903855443,147,0.0
3882,82,38,-0.9750000000000001,0.345,147,-0.5022647380828857,147,0.003667672397568822,147,0.0
3883,83,38,-1.005,0.345,147,-0.5024933218955994,147,0.011960665695369244,147,0.0
3884,84,38,-1.0349999999999997,0.345,147,-0.5028132200241089,147,0.02989090420305729,147,0.0
3885,85,38,-1.065,0.345,147,-0.5040674805641174,147,0.033559150993824005,147,0.0
3886,86,38,-1.0949999999999998,0.345,47,-0.5053387880325317,147,0.0,147,0.02199999988079071
3887,87,38,-1.125,0.345,0,nan,147,0.0,147,0.02199999988079071
3888,88,38,-1.1549999999999998,0.345,0,nan,147,0.0,147,0.02199999988079071
3889,89,38,-1.185,0.345,0,nan,147,0.0,147,0.02199999988079071
3890,90,38,-1.2149999999999999,0.345,0,nan,147,0.0,147,0.02199999988079071
3891,91,38,-1.245,0.345,0,nan,147,0.0,147,0.02199999988079071
3892,92,38,-1.275,0.345,0,nan,147,0.0,147,0.02199999988079071
3893,93,38,-1.3049999999999997,0.345,0,nan,147,0.0,147,0.02199999988079071
3894,94,38,-1.335,0.345,0,nan,147,0.0,147,0.02199999988079071
3895,95,38,-1.3649999999999998,0.345,0,nan,147,0.0,147,0.02199999988079071
3896,96,38,-1.395,0.345,0,nan,147,0.0,147,0.02199999988079071
3897,97,38,-1.4249999999999998,0.345,0,nan,147,0.0,147,0.0
3898,98,38,-1.455,0.345,0,nan,147,0.0,147,0.0
3899,99,38,-1.4849999999999999,0.345,0,nan,147,0.0,147,0.0
3900,0,39,1.485,0.31499999999999995,0,nan,147,0.0,147,0.0
3901,1,39,1.455,0.31499999999999995,0,nan,147,0.0,147,0.0
3902,2,39,1.425,0.31499999999999995,0,nan,147,0.0,147,0.0
3903,3,39,1.395,0.31499999999999995,0,nan,147,0.0,147,0.02199999988079071
3904,4,39,1.365,0.31499999999999995,0,nan,147,0.0,147,0.02199999988079071
3905,5,39,1.335,0.31499999999999995,0,nan,147,0.0,147,0.02199999988079071
3906,6,39,1.305,0.31499999999999995,0,nan,147,0.0,147,0.02199999988079071
3907,7,39,1.275,0.31499999999999995,0,nan,147,0.0,147,0.02199999988079071
3908,8,39,1.245,0.31499999999999995,0,nan,147,0.0,147,0.02199999988079071
3909,9,39,1.215,0.31499999999999995,0,nan,147,0.0,147,0.02199999988079071
3910,10,39,1.185,0.31499999999999995,119,-0.7988043427467346,147,0.0,147,0.0
3911,11,39,1.155,0.31499999999999995,124,-0.7984899878501892,147,0.0,147,0.0
3912,12,39,1.125,0.31499999999999995,126,-0.7980528175830841,147,0.0,147,0.0
3913,13,39,1.095,0.31499999999999995,133,-0.7974055409431458,147,0.1488928347826004,147,0.0
3914,14,39,1.065,0.31499999999999995,141,-0.7852243781089783,147,0.2782086431980133,147,0.0
3915,15,39,1.0350000000000001,0.31499999999999995,145,-0.7759463787078857,147,0.28373202681541443,147,0.0
3916,16,39,1.005,0.31499999999999995,147,-0.7654123902320862,147,0.341523677110672,147,0.0
3917,17,39,0.975,0.31499999999999995,147,-0.7543838024139404,147,0.33999183773994446,147,0.0
3918,18,39,0.9450000000000001,0.31499999999999995,147,-0.7438797950744629,147,0.3292580544948578,147,0.0
3919,19,39,0.915,0.31499999999999995,147,-0.7334712743759155,147,0.3806685507297516,147,0.0
3920,20,39,0.885,0.31499999999999995,147,-0.7214189171791077,147,0.4324728846549988,147,0.0
3921,21,39,0.855,0.31499999999999995,147,-0.7064073085784912,147,0.4560232162475586,147,0.0
3922,22,39,0.8250000000000001,0.31499999999999995,147,-0.6937510967254639,147,0.39776596426963806,147,0.0
3923,23,39,0.795,0.31499999999999995,147,-0.6822062134742737,147,0.3809168338775635,147,0.0
3924,24,39,0.765,0.31499999999999995,147,-0.6699151396751404,147,0.4037832021713257,147,0.0
3925,25,39,0.735,0.31499999999999995,147,-0.6578993797302246,147,0.4131070077419281,147,0.0
3926,26,39,0.7050000000000001,0.31499999999999995,147,-0.6447641253471375,147,0.44983717799186707,147,0.0
3927,27,39,0.675,0.31499999999999995,147,-0.6306666135787964,147,0.44037964940071106,147,0.0
3928,28,39,0.645,0.31499999999999995,147,-0.6179425716400146,147,0.4334847033023834,147,0.0
3929,29,39,0.615,0.31499999999999995,147,-0.6049997806549072,147,0.5793190598487854,147,0.0
3930,30,39,0.5850000000000001,0.31499999999999995,146,-0.5917123854160309,147,1.0380992889404297,147,0.10000000149011612
3931,31,39,0.555,0.31499999999999995,146,-0.5337213575839996,147,1.292859673500061,147,0.10000000149011612
3932,32,39,0.525,0.31499999999999995,147,-0.5171852111816406,147,0.47042009234428406,147,0.0
3933,33,39,0.4950000000000001,0.31499999999999995,147,-0.5139389038085938,147,0.16451691091060638,147,0.0
3934,34,39,0.4650000000000001,0.31499999999999995,147,-0.5105711221694946,147,0.04895826056599617,147,0.0
3935,35,39,0.43500000000000005,0.31499999999999995,147,-0.5098636150360107,147,0.0,147,0.0
3936,36,39,0.405,0.31499999999999995,147,-0.5100231170654297,147,0.0,147,0.0
3937,37,39,0.375,0.31499999999999995,147,-0.5098583698272705,147,0.0,147,0.0
3938,38,39,0.345,0.31499999999999995,147,-0.5098636150360107,147,0.0016729036578908563,147,0.0
3939,39,39,0.31499999999999995,0.31499999999999995,147,-0.5098127126693726,147,0.007512172218412161,147,0.0
3940,40,39,0.28500000000000014,0.31499999999999995,147,-0.5096452236175537,147,0.014297167770564556,147,0.0
3941,41,39,0.2550000000000001,0.31499999999999995,147,-0.5092604756355286,147,0.009209532290697098,147,0.0
3942,42,39,0.2250000000000001,0.31499999999999995,147,-0.5090492963790894,147,0.008300471119582653,147,0.0
3943,43,39,0.19500000000000006,0.31499999999999995,147,-0.5085224509239197,147,0.009675820358097553,147,0.0
3944,44,39,0.16500000000000004,0.31499999999999995,147,-0.5081576704978943,147,0.013932585716247559,147,0.0
3945,45,39,0.135,0.31499999999999995,147,-0.5076225996017456,147,0.01614789105951786,147,0.0
3946,46,39,0.10499999999999998,0.31499999999999995,147,-0.507038950920105,147,0.012331082485616207,147,0.0
3947,47,39,0.07499999999999996,0.31499999999999995,147,-0.5068318843841553,147,0.0059445700608193874,147,0.0
3948,48,39,0.04500000000000015,0.31499999999999995,147,-0.506816565990448,147,0.003007054328918457,147,0.0
3949,49,39,0.015000000000000124,0.31499999999999995,147,-0.5068060755729675,147,0.002688169479370117,147,0.0
3950,50,39,-0.014999999999999902,0.31499999999999995,147,-0.506816565990448,147,0.002300739288330078,147,0.0
3951,51,39,-0.04499999999999993,0.31499999999999995,147,-0.5068318843841553,147,0.004390875343233347,147,0.0
3952,52,39,-0.07499999999999996,0.31499999999999995,147,-0.5069287419319153,147,0.012274582870304585,147,0.0
3953,53,39,-0.10499999999999998,0.31499999999999995,147,-0.507390022277832,147,0.0325222983956337,147,0.0
3954,54,39,-0.135,0.31499999999999995,147,-0.5086881518363953,147,0.03945964574813843,147,0.0
3955,55,39,-0.16500000000000004,0.31499999999999995,147,-0.5097706913948059,147,0.026408830657601357,147,0.0
3956,56,39,-0.19499999999999984,0.31499999999999995,147,-0.5097879767417908,147,0.022300085052847862,147,0.0
3957,57,39,-0.22499999999999987,0.31499999999999995,147,-0.5096586346626282,147,0.025298679247498512,147,0.0
3958,58,39,-0.2549999999999999,0.31499999999999995,147,-0.5082905888557434,147,0.03463129326701164,147,0.0
3959,59,39,-0.2849999999999999,0.31499999999999995,147,-0.5074995756149292,147,0.03714658319950104,147,0.0
3960,60,39,-0.31499999999999995,0.31499999999999995,147,-0.5063605308532715,147,0.03180007264018059,147,0.0
3961,61,39,-0.345,0.31499999999999995,147,-0.5055840611457825,147,0.025777021422982216,147,0.0
3962,62,39,-0.375,0.31499999999999995,147,-0.5044708847999573,147,0.011320908553898335,147,0.0
3963,63,39,-0.405,0.31499999999999995,147,-0.5043321251869202,147,0.0,147,0.0
3964,64,39,-0.43499999999999983,0.31499999999999995,147,-0.5039860010147095,147,0.0,147,0.0
3965,65,39,-0.46499999999999986,0.31499999999999995,147,-0.5039449334144592,147,0.0,147,0.0
3966,66,39,-0.4949999999999999,0.31499999999999995,147,-0.5041261315345764,147,0.004850879777222872,147,0.0
3967,67,39,-0.5249999999999999,0.31499999999999995,147,-0.5041694641113281,147,0.016737977042794228,147,0.0
3968,68,39,-0.5549999999999997,0.31499999999999995,147,-0.5040490627288818,147,0.026430968195199966,147,0.0
3969,69,39,-0.585,0.31499999999999995,147,-0.5032350420951843,147,0.023395968601107597,147,0.0
3970,70,39,-0.6149999999999998,0.31499999999999995,147,-0.5029652118682861,147,0.016567111015319824,147,0.0
3971,71,39,-0.645,0.31499999999999995,147,-0.502397894859314,147,0.01574293151497841,147,0.0
3972,72,39,-0.6749999999999998,0.31499999999999995,147,-0.5020533800125122,147,0.010481476783752441,147,0.0
3973,73,39,-0.7050000000000001,0.31499999999999995,147,-0.5019069314002991,147,0.0,147,0.0
3974,74,39,-0.7349999999999999,0.31499999999999995,147,-0.5018892288208008,147,0.0,147,0.0
3975,75,39,-0.7650000000000001,0.31499999999999995,147,-0.50178062915802,147,0.0017469868762418628,147,0.0
3976,76,39,-0.7949999999999999,0.31499999999999995,147,-0.5017437934875488,147,0.0,147,0.0
3977,77,39,-0.8249999999999997,0.31499999999999995,147,-0.5017437934875488,147,0.0,147,0.0
3978,78,39,-0.855,0.31499999999999995,147,-0.5019682049751282,147,0.0,147,0.0
3979,79,39,-0.8849999999999998,0.31499999999999995,147,-0.5019682049751282,147,0.0,147,0.0
3980,80,39,-0.915,0.31499999999999995,147,-0.5020822882652283,147,0.0,147,0.0
3981,81,39,-0.9449999999999998,0.31499999999999995,147,-0.5021016001701355,147,0.0,147,0.0
3982,82,39,-0.9750000000000001,0.31499999999999995,147,-0.502166748046875,147,0.003140642773360014,147,0.0
3983,83,39,-1.005,0.31499999999999995,147,-0.5024811625480652,147,0.013793508522212505,147,0.0
3984,84,39,-1.0349999999999997,0.31499999999999995,147,-0.5030713081359863,147,0.03564871475100517,147,0.0
3985,85,39,-1.065,0.31499999999999995,147,-0.5046708583831787,147,0.032075244933366776,147,0.0
3986,86,39,-1.0949999999999998,0.31499999999999995,47,-0.505387008190155,147,0.0,147,0.02199999988079071
3987,87,39,-1.125,0.31499999999999995,0,nan,147,0.0,147,0.02199999988079071
3988,88,39,-1.1549999999999998,0.31499999999999995,0,nan,147,0.0,147,0.02199999988079071
3989,89,39,-1.185,0.31499999999999995,0,nan,147,0.0,147,0.02199999988079071
3990,90,39,-1.2149999999999999,0.31499999999999995,0,nan,147,0.0,147,0.02199999988079071
3991,91,39,-1.245,0.31499999999999995,0,nan,147,0.0,147,0.02199999988079071
3992,92,39,-1.275,0.31499999999999995,0,nan,147,0.0,147,0.02199999988079071
3993,93,39,-1.3049999999999997,0.31499999999999995,0,nan,147,0.0,147,0.02199999988079071
3994,94,39,-1.335,0.31499999999999995,0,nan,147,0.0,147,0.02199999988079071
3995,95,39,-1.3649999999999998,0.31499999999999995,0,nan,147,0.0,147,0.02199999988079071
3996,96,39,-1.395,0.31499999999999995,0,nan,147,0.0,147,0.02199999988079071
3997,97,39,-1.4249999999999998,0.31499999999999995,0,nan,147,0.0,147,0.0
3998,98,39,-1.455,0.31499999999999995,0,nan,147,0.0,147,0.0
3999,99,39,-1.4849999999999999,0.31499999999999995,0,nan,147,0.0,147,0.0
4000,0,40,1.485,0.28500000000000014,0,nan,147,0.0,147,0.0
4001,1,40,1.455,0.28500000000000014,0,nan,147,0.0,147,0.0
4002,2,40,1.425,0.28500000000000014,0,nan,147,0.0,147,0.0
4003,3,40,1.395,0.28500000000000014,0,nan,147,0.0,147,0.02199999988079071
4004,4,40,1.365,0.28500000000000014,0,nan,147,0.0,147,0.02199999988079071
4005,5,40,1.335,0.28500000000000014,0,nan,147,0.0,147,0.02199999988079071
4006,6,40,1.305,0.28500000000000014,0,nan,147,0.0,147,0.02199999988079071
4007,7,40,1.275,0.28500000000000014,0,nan,147,0.0,147,0.02199999988079071
4008,8,40,1.245,0.28500000000000014,0,nan,147,0.0,147,0.02199999988079071
4009,9,40,1.215,0.28500000000000014,0,nan,147,0.0,147,0.02199999988079071
4010,10,40,1.185,0.28500000000000014,118,-0.7981973886489868,147,0.0,147,0.0
4011,11,40,1.155,0.28500000000000014,124,-0.7979074716567993,147,0.0,147,0.0
4012,12,40,1.125,0.28500000000000014,123,-0.7972572445869446,147,0.0,147,0.0
4013,13,40,1.095,0.28500000000000014,130,-0.7968141436576843,147,0.15344136953353882,147,0.0
4014,14,40,1.065,0.28500000000000014,140,-0.7850536704063416,147,0.27555471658706665,147,0.0
4015,15,40,1.0350000000000001,0.28500000000000014,144,-0.7754150032997131,147,0.27039143443107605,147,0.0
4016,16,40,1.005,0.28500000000000014,147,-0.7654123902320862,147,0.33835846185684204,147,0.0
4017,17,40,0.975,0.28500000000000014,147,-0.7542469501495361,147,0.3493381440639496,147,0.0
4018,18,40,0.9450000000000001,0.28500000000000014,147,-0.7436740398406982,147,0.3337691128253937,147,0.0
4019,19,40,0.915,0.28500000000000014,147,-0.7332963347434998,147,0.392954558134079,147,0.0
4020,20,40,0.885,0.28500000000000014,147,-0.7206594944000244,147,0.4335242509841919,147,0.0
4021,21,40,0.855,0.28500000000000014,147,-0.7049399614334106,147,0.457965224981308,147,0.0
4022,22,40,0.8250000000000001,0.28500000000000014,147,-0.6925668716430664,147,0.37181612849235535,147,0.0
4023,23,40,0.795,0.28500000000000014,147,-0.682292103767395,147,0.3743782341480255,147,0.0
4024,24,40,0.765,0.28500000000000014,147,-0.6698374152183533,147,0.3938893675804138,147,0.0
4025,25,40,0.735,0.28500000000000014,147,-0.6578993797302246,147,0.409947007894516,147,0.0
4026,26,40,0.7050000000000001,0.28500000000000014,147,-0.6447641253471375,147,0.44517913460731506,147,0.0
4027,27,40,0.675,0.28500000000000014,147,-0.630870521068573,147,0.43774643540382385,147,0.0
4028,28,40,0.645,0.28500000000000014,147,-0.618009090423584,147,0.42986372113227844,147,0.0
4029,29,40,0.615,0.28500000000000014,147,-0.6054480671882629,147,0.44818222522735596,147,0.0
4030,30,40,0.5850000000000001,0.28500000000000014,147,-0.5921444892883301,147,0.6714969873428345,147,0.0
4031,31,40,0.555,0.28500000000000014,147,-0.577362060546875,147,1.2469229698181152,147,0.10000000149011612
4032,32,40,0.525,0.28500000000000014,147,-0.5177512764930725,147,1.0487303733825684,147,0.10000000149011612
4033,33,40,0.4950000000000001,0.28500000000000014,147,-0.5155918598175049,147,0.4172961711883545,147,0.0
4034,34,40,0.4650000000000001,0.28500000000000014,147,-0.5111578106880188,147,0.05564491078257561,147,0.0
4035,35,40,0.43500000000000005,0.28500000000000014,147,-0.510118305683136,147,0.000684459984768182,147,0.0
4036,36,40,0.405,0.28500000000000014,147,-0.5105668306350708,147,0.0,147,0.0
4037,37,40,0.375,0.28500000000000014,147,-0.5100231170654297,147,0.0,147,0.0
4038,38,40,0.345,0.28500000000000014,147,-0.5098723769187927,147,0.0,147,0.0
4039,39,40,0.31499999999999995,0.28500000000000014,147,-0.5098176598548889,147,0.005072641186416149,147,0.0
4040,40,40,0.28500000000000014,0.28500000000000014,147,-0.5094627737998962,147,0.01833643764257431,147,0.0
4041,41,40,0.2550000000000001,0.28500000000000014,147,-0.5090184211730957,147,0.015521049499511719,147,0.0
4042,42,40,0.2250000000000001,0.28500000000000014,147,-0.5087496638298035,147,0.01127884816378355,147,0.0
4043,43,40,0.19500000000000006,0.28500000000000014,147,-0.5084003806114197,147,0.01575166918337345,147,0.0
4044,44,40,0.16500000000000004,0.28500000000000014,147,-0.5080657005310059,147,0.01636737771332264,147,0.0
4045,45,40,0.135,0.28500000000000014,147,-0.5075889229774475,147,0.018844423815608025,147,0.0
4046,46,40,0.10499999999999998,0.28500000000000014,147,-0.5069798827171326,147,0.019031817093491554,147,0.0
4047,47,40,0.07499999999999996,0.28500000000000014,147,-0.5067812204360962,147,0.013101862743496895,147,0.0
4048,48,40,0.04500000000000015,0.28500000000000014,147,-0.5067598223686218,147,0.009854634292423725,147,0.0
4049,49,40,0.015000000000000124,0.28500000000000014,147,-0.5067517757415771,147,0.010738770477473736,147,0.0
4050,50,40,-0.014999999999999902,0.28500000000000014,147,-0.5067517757415771,147,0.009854634292423725,147,0.0
4051,51,40,-0.04499999999999993,0.28500000000000014,147,-0.506750762462616,147,0.011078516952693462,147,0.0
4052,52,40,-0.07499999999999996,0.28500000000000014,147,-0.5067598223686218,147,0.02042950876057148,147,0.0
4053,53,40,-0.10499999999999998,0.28500000000000014,147,-0.5071011185646057,147,0.040395062416791916,147,0.0
4054,54,40,-0.135,0.28500000000000014,147,-0.5086881518363953,147,0.044281285256147385,147,0.0
4055,55,40,-0.16500000000000004,0.28500000000000014,147,-0.509816586971283,147,0.031121572479605675,147,0.0
4056,56,40,-0.19499999999999984,0.28500000000000014,147,-0.5097879767417908,147,0.026857852935791016,147,0.0
4057,57,40,-0.22499999999999987,0.28500000000000014,147,-0.5097728371620178,147,0.030743082985281944,147,0.0
4058,58,40,-0.2549999999999999,0.28500000000000014,147,-0.5083763003349304,147,0.042492661625146866,147,0.0
4059,59,40,-0.2849999999999999,0.28500000000000014,147,-0.5074923038482666,147,0.046326056122779846,147,0.0
4060,60,40,-0.31499999999999995,0.28500000000000014,147,-0.5061955451965332,147,0.03691911697387695,147,0.0
4061,61,40,-0.345,0.28500000000000014,147,-0.5049379467964172,147,0.02816617488861084,147,0.0
4062,62,40,-0.375,0.28500000000000014,147,-0.5042134523391724,147,0.016044577583670616,147,0.0
4063,63,40,-0.405,0.28500000000000014,147,-0.5041261315345764,147,0.007239977363497019,147,0.0
4064,64,40,-0.43499999999999983,0.28500000000000014,147,-0.5038027167320251,147,0.007519296836107969,147,0.0
4065,65,40,-0.46499999999999986,0.28500000000000014,147,-0.503755509853363,147,0.0022480885963886976,147,0.0
4066,66,40,-0.4949999999999999,0.28500000000000014,147,-0.5040147304534912,147,0.012539823539555073,147,0.0
4067,67,40,-0.5249999999999999,0.28500000000000014,147,-0.5042134523391724,147,0.02587238885462284,147,0.0
4068,68,40,-0.5549999999999997,0.28500000000000014,147,-0.5044016242027283,147,0.03198250010609627,147,0.0
4069,69,40,-0.585,0.28500000000000014,147,-0.5035310983657837,147,0.030171871185302734,147,0.0
4070,70,40,-0.6149999999999998,0.28500000000000014,147,-0.5030211806297302,147,0.0164032019674778,147,0.0
4071,71,40,-0.645,0.28500000000000014,147,-0.5023969411849976,147,0.013753456063568592,147,0.0
4072,72,40,-0.6749999999999998,0.28500000000000014,147,-0.5021016001701355,147,0.007071871310472488,147,0.0
4073,73,40,-0.7050000000000001,0.28500000000000014,147,-0.5019069314002991,147,0.0,147,0.0
4074,74,40,-0.7349999999999999,0.28500000000000014,147,-0.5018427968025208,147,0.0,147,0.0
4075,75,40,-0.7650000000000001,0.28500000000000014,147,-0.5017437934875488,147,0.0,147,0.0
4076,76,40,-0.7949999999999999,0.28500000000000014,147,-0.5017345547676086,147,0.0,147,0.0
4077,77,40,-0.8249999999999997,0.28500000000000014,147,-0.5017345547676086,147,0.0,147,0.0
4078,78,40,-0.855,0.28500000000000014,147,-0.5018484592437744,147,0.0,147,0.0
4079,79,40,-0.8849999999999998,0.28500000000000014,147,-0.5018253326416016,147,0.0,147,0.0
4080,80,40,-0.915,0.28500000000000014,147,-0.5019896626472473,147,0.0,147,0.0
4081,81,40,-0.9449999999999998,0.28500000000000014,147,-0.5020473003387451,147,0.0,147,0.0
4082,82,40,-0.9750000000000001,0.28500000000000014,147,-0.5020955801010132,147,0.0059445700608193874,147,0.0
4083,83,40,-1.005,0.28500000000000014,147,-0.5024586915969849,147,0.022556202486157417,147,0.0
4084,84,40,-1.0349999999999997,0.28500000000000014,147,-0.5034725666046143,147,0.041255127638578415,147,0.0
4085,85,40,-1.065,0.28500000000000014,147,-0.5051870346069336,147,0.03247857093811035,147,0.0
4086,86,40,-1.0949999999999998,0.28500000000000014,47,-0.5054565072059631,147,0.0,147,0.02199999988079071
4087,87,40,-1.125,0.28500000000000014,0,nan,147,0.0,147,0.02199999988079071
4088,88,40,-1.1549999999999998,0.28500000000000014,0,nan,147,0.0,147,0.02199999988079071
4089,89,40,-1.185,0.28500000000000014,0,nan,147,0.0,147,0.02199999988079071
4090,90,40,-1.2149999999999999,0.28500000000000014,0,nan,147,0.0,147,0.02199999988079071
4091,91,40,-1.245,0.28500000000000014,0,nan,147,0.0,147,0.02199999988079071
4092,92,40,-1.275,0.28500000000000014,0,nan,147,0.0,147,0.02199999988079071
4093,93,40,-1.3049999999999997,0.28500000000000014,0,nan,147,0.0,147,0.02199999988079071
4094,94,40,-1.335,0.28500000000000014,0,nan,147,0.0,147,0.02199999988079071
4095,95,40,-1.3649999999999998,0.28500000000000014,0,nan,147,0.0,147,0.02199999988079071
4096,96,40,-1.395,0.28500000000000014,0,nan,147,0.0,147,0.02199999988079071
4097,97,40,-1.4249999999999998,0.28500000000000014,0,nan,147,0.0,147,0.0
4098,98,40,-1.455,0.28500000000000014,0,nan,147,0.0,147,0.0
4099,99,40,-1.4849999999999999,0.28500000000000014,0,nan,147,0.0,147,0.0
4100,0,41,1.485,0.2550000000000001,0,nan,147,0.0,147,0.0
4101,1,41,1.455,0.2550000000000001,0,nan,147,0.0,147,0.0
4102,2,41,1.425,0.2550000000000001,0,nan,147,0.0,147,0.0
4103,3,41,1.395,0.2550000000000001,0,nan,147,0.0,147,0.02199999988079071
4104,4,41,1.365,0.2550000000000001,0,nan,147,0.0,147,0.02199999988079071
4105,5,41,1.335,0.2550000000000001,0,nan,147,0.0,147,0.02199999988079071
4106,6,41,1.305,0.2550000000000001,0,nan,147,0.0,147,0.02199999988079071
4107,7,41,1.275,0.2550000000000001,0,nan,147,0.0,147,0.02199999988079071
4108,8,41,1.245,0.2550000000000001,0,nan,147,0.0,147,0.02199999988079071
4109,9,41,1.215,0.2550000000000001,0,nan,147,0.0,147,0.02199999988079071
4110,10,41,1.185,0.2550000000000001,112,-0.7968799769878387,147,0.0,147,0.0
4111,11,41,1.155,0.2550000000000001,123,-0.7964105606079102,147,0.0,147,0.0
4112,12,41,1.125,0.2550000000000001,121,-0.796161413192749,147,0.0,147,0.0
4113,13,41,1.095,0.2550000000000001,128,-0.7955134212970734,147,0.16312064230442047,147,0.0
4114,14,41,1.065,0.2550000000000001,138,-0.7843638956546783,147,0.29225587844848633,147,0.0
4115,15,41,1.0350000000000001,0.2550000000000001,144,-0.7742445766925812,147,0.27544382214546204,147,0.0
4116,16,41,1.005,0.2550000000000001,147,-0.7649853229522705,147,0.33110594749450684,147,0.0
4117,17,41,0.975,0.2550000000000001,147,-0.7534478902816772,147,0.34412723779678345,147,0.0
4118,18,41,0.9450000000000001,0.2550000000000001,147,-0.7431384325027466,147,0.3414970636367798,147,0.0
4119,19,41,0.915,0.2550000000000001,147,-0.7326555252075195,147,0.40512147545814514,147,0.0
4120,20,41,0.885,0.2550000000000001,147,-0.7198302745819092,147,0.44409412145614624,147,0.0
4121,21,41,0.855,0.2550000000000001,147,-0.7048124670982361,147,0.461188942193985,147,0.0
4122,22,41,0.8250000000000001,0.2550000000000001,147,-0.6920800805091858,147,0.36813515424728394,147,0.0
4123,23,41,0.795,0.2550000000000001,147,-0.6822654604911804,147,0.3786408007144928,147,0.0
4124,24,41,0.765,0.2550000000000001,147,-0.6693112850189209,147,0.4018450081348419,147,0.0
4125,25,41,0.735,0.2550000000000001,147,-0.6572873592376709,147,0.4064043462276459,147,0.0
4126,26,41,0.7050000000000001,0.2550000000000001,147,-0.6447641253471375,147,0.44401487708091736,147,0.0
4127,27,41,0.675,0.2550000000000001,147,-0.6308746933937073,147,0.43774643540382385,147,0.0
4128,28,41,0.645,0.2550000000000001,147,-0.6183885335922241,147,0.4241299629211426,147,0.0
4129,29,41,0.615,0.2550000000000001,147,-0.6057150959968567,147,0.4399007260799408,147,0.0
4130,30,41,0.5850000000000001,0.2550000000000001,147,-0.5929935574531555,147,0.4596620798110962,147,0.0
4131,31,41,0.555,0.2550000000000001,147,-0.5796410441398621,147,0.6688849329948425,147,0.0
4132,32,41,0.525,0.2550000000000001,145,-0.5636614561080933,147,1.1314382553100586,147,0.10000000149011612
4133,33,41,0.4950000000000001,0.2550000000000001,147,-0.5157812237739563,147,0.7740240693092346,147,0.0
4134,34,41,0.4650000000000001,0.2550000000000001,147,-0.5119360089302063,147,0.06407499313354492,147,0.0
4135,35,41,0.43500000000000005,0.2550000000000001,147,-0.5109961628913879,147,0.0012447437038645148,147,0.0
4136,36,41,0.405,0.2550000000000001,147,-0.5111578106880188,147,0.0,147,0.0
4137,37,41,0.375,0.2550000000000001,147,-0.5109676718711853,147,0.0,147,0.0
4138,38,41,0.345,0.2550000000000001,147,-0.5105668306350708,147,0.0,147,0.0
4139,39,41,0.31499999999999995,0.2550000000000001,147,-0.5101193189620972,147,0.002963949227705598,147,0.0
4140,40,41,0.28500000000000014,0.2550000000000001,147,-0.5097863078117371,147,0.015955930575728416,147,0.0
4141,41,41,0.2550000000000001,0.2550000000000001,147,-0.5095334053039551,147,0.017631053924560547,147,0.0
4142,42,41,0.2250000000000001,0.2550000000000001,147,-0.5089566707611084,147,0.019013922661542892,147,0.0
4143,43,41,0.19500000000000006,0.2550000000000001,147,-0.508372962474823,147,0.017627080902457237,147,0.0
4144,44,41,0.16500000000000004,0.2550000000000001,147,-0.5080221891403198,147,0.021268924698233604,147,0.0
4145,45,41,0.135,0.2550000000000001,147,-0.5073531270027161,147,0.023990998044610023,147,0.0
4146,46,41,0.10499999999999998,0.2550000000000001,147,-0.506676435470581,147,0.02313108555972576,147,0.0
4147,47,41,0.07499999999999996,0.2550000000000001,147,-0.5064784288406372,147,0.013894145376980305,147,0.0
4148,48,41,0.04500000000000015,0.2550000000000001,147,-0.5063497424125671,147,0.01039902400225401,147,0.0
4149,49,41,0.015000000000000124,0.2550000000000001,147,-0.5062439441680908,147,0.010855992324650288,147,0.0
4150,50,41,-0.014999999999999902,0.2550000000000001,147,-0.5062315464019775,147,0.010855992324650288,147,0.0
4151,51,41,-0.04499999999999993,0.2550000000000001,147,-0.5061823129653931,147,0.01014931220561266,147,0.0
4152,52,41,-0.07499999999999996,0.2550000000000001,147,-0.5062439441680908,147,0.022598108276724815,147,0.0
4153,53,41,-0.10499999999999998,0.2550000000000001,147,-0.5067812204360962,147,0.050763845443725586,147,0.0
4154,54,41,-0.135,0.2550000000000001,147,-0.5085937976837158,147,0.05003213882446289,147,0.0
4155,55,41,-0.16500000000000004,0.2550000000000001,147,-0.5100114345550537,147,0.03807965666055679,147,0.0
4156,56,41,-0.19499999999999984,0.2550000000000001,147,-0.5097706913948059,147,0.027852054685354233,147,0.0
4157,57,41,-0.22499999999999987,0.2550000000000001,147,-0.5095439553260803,147,0.031433504074811935,147,0.0
4158,58,41,-0.2549999999999999,0.2550000000000001,147,-0.5083385705947876,147,0.04696647450327873,147,0.0
4159,59,41,-0.2849999999999999,0.2550000000000001,147,-0.5069406032562256,147,0.05042603984475136,147,0.0
4160,60,41,-0.31499999999999995,0.2550000000000001,147,-0.5056568384170532,147,0.04446109011769295,147,0.0
4161,61,41,-0.345,0.2550000000000001,147,-0.5047707557678223,147,0.025624604895710945,147,0.0
4162,62,41,-0.375,0.2550000000000001,147,-0.5040647983551025,147,0.01188814640045166,147,0.0
4163,63,41,-0.405,0.2550000000000001,147,-0.5039860010147095,147,0.010301669128239155,147,0.0
4164,64,41,-0.43499999999999983,0.2550000000000001,147,-0.503639817237854,147,0.008020798675715923,147,0.0
4165,65,41,-0.46499999999999986,0.2550000000000001,147,-0.503639817237854,147,0.0010201828554272652,147,0.0
4166,66,41,-0.4949999999999999,0.2550000000000001,147,-0.5040647983551025,147,0.01743237115442753,147,0.0
4167,67,41,-0.5249999999999999,0.2550000000000001,147,-0.5041829347610474,147,0.030365735292434692,147,0.0
4168,68,41,-0.5549999999999997,0.2550000000000001,147,-0.5047720670700073,147,0.02904435060918331,147,0.0
4169,69,41,-0.585,0.2550000000000001,147,-0.503643810749054,147,0.03343743830919266,147,0.0
4170,70,41,-0.6149999999999998,0.2550000000000001,147,-0.503082275390625,147,0.016647467389702797,147,0.0
4171,71,41,-0.645,0.2550000000000001,147,-0.5025913119316101,147,0.014895200729370117,147,0.0
4172,72,41,-0.6749999999999998,0.2550000000000001,147,-0.5021016001701355,147,0.006467103958129883,147,0.0
4173,73,41,-0.7050000000000001,0.2550000000000001,147,-0.5019274353981018,147,0.0,147,0.0
4174,74,41,-0.7349999999999999,0.2550000000000001,147,-0.5019274353981018,147,0.0,147,0.0
4175,75,41,-0.7650000000000001,0.2550000000000001,147,-0.50178062915802,147,0.0,147,0.0
4176,76,41,-0.7949999999999999,0.2550000000000001,147,-0.5017345547676086,147,0.0,147,0.0
4177,77,41,-0.8249999999999997,0.2550000000000001,147,-0.5017345547676086,147,0.0,147,0.0
4178,78,41,-0.855,0.2550000000000001,147,-0.50178062915802,147,0.0,147,0.0
4179,79,41,-0.8849999999999998,0.2550000000000001,147,-0.5017521977424622,147,0.0,147,0.0
4180,80,41,-0.915,0.2550000000000001,147,-0.5019682049751282,147,0.0,147,0.0
4181,81,41,-0.9449999999999998,0.2550000000000001,147,-0.5019896626472473,147,0.0,147,0.0
4182,82,41,-0.9750000000000001,0.2550000000000001,147,-0.5020535588264465,147,0.006091594696044922,147,0.0
4183,83,41,-1.005,0.2550000000000001,147,-0.5024586915969849,147,0.028416823595762253,147,0.0
4184,84,41,-1.0349999999999997,0.2550000000000001,147,-0.5039567351341248,147,0.047786638140678406,147,0.0
4185,85,41,-1.065,0.2550000000000001,147,-0.505339503288269,147,0.03064710833132267,147,0.0
4186,86,41,-1.0949999999999998,0.2550000000000001,47,-0.5055186152458191,147,0.0,147,0.02199999988079071
4187,87,41,-1.125,0.2550000000000001,0,nan,147,0.0,147,0.02199999988079071
4188,88,41,-1.1549999999999998,0.2550000000000001,0,nan,147,0.0,147,0.02199999988079071
4189,89,41,-1.185,0.2550000000000001,0,nan,147,0.0,147,0.02199999988079071
4190,90,41,-1.2149999999999999,0.2550000000000001,0,nan,147,0.0,147,0.02199999988079071
4191,91,41,-1.245,0.2550000000000001,0,nan,147,0.0,147,0.02199999988079071
4192,92,41,-1.275,0.2550000000000001,0,nan,147,0.0,147,0.02199999988079071
4193,93,41,-1.3049999999999997,0.2550000000000001,0,nan,147,0.0,147,0.02199999988079071
4194,94,41,-1.335,0.2550000000000001,0,nan,147,0.0,147,0.02199999988079071
4195,95,41,-1.3649999999999998,0.2550000000000001,0,nan,147,0.0,147,0.02199999988079071
4196,96,41,-1.395,0.2550000000000001,0,nan,147,0.0,147,0.02199999988079071
4197,97,41,-1.4249999999999998,0.2550000000000001,0,nan,147,0.0,147,0.0
4198,98,41,-1.455,0.2550000000000001,0,nan,147,0.0,147,0.0
4199,99,41,-1.4849999999999999,0.2550000000000001,0,nan,147,0.0,147,0.0
4200,0,42,1.485,0.2250000000000001,0,nan,147,0.0,147,0.0
4201,1,42,1.455,0.2250000000000001,0,nan,147,0.0,147,0.0
4202,2,42,1.425,0.2250000000000001,0,nan,147,0.0,147,0.0
4203,3,42,1.395,0.2250000000000001,0,nan,147,0.0,147,0.02199999988079071
4204,4,42,1.365,0.2250000000000001,0,nan,147,0.0,147,0.02199999988079071
4205,5,42,1.335,0.2250000000000001,0,nan,147,0.0,147,0.02199999988079071
4206,6,42,1.305,0.2250000000000001,0,nan,147,0.0,147,0.02199999988079071
4207,7,42,1.275,0.2250000000000001,0,nan,147,0.0,147,0.02199999988079071
4208,8,42,1.245,0.2250000000000001,0,nan,147,0.0,147,0.02199999988079071
4209,9,42,1.215,0.2250000000000001,0,nan,147,0.0,147,0.02199999988079071
4210,10,42,1.185,0.2250000000000001,109,-0.7953556776046753,147,0.0,147,0.0
4211,11,42,1.155,0.2250000000000001,121,-0.7952966690063477,147,0.0,147,0.0
4212,12,42,1.125,0.2250000000000001,119,-0.7948360443115234,147,0.0,147,0.0
4213,13,42,1.095,0.2250000000000001,126,-0.7942832708358765,147,0.15788470208644867,147,0.0
4214,14,42,1.065,0.2250000000000001,134,-0.7833569347858429,147,0.28369227051734924,147,0.0
4215,15,42,1.0350000000000001,0.2250000000000001,140,-0.7736155986785889,147,0.28089648485183716,147,0.0
4216,16,42,1.005,0.2250000000000001,147,-0.7630670666694641,147,0.3247378170490265,147,0.0
4217,17,42,0.975,0.2250000000000001,147,-0.7525181770324707,147,0.33956602215766907,147,0.0
4218,18,42,0.9450000000000001,0.2250000000000001,147,-0.7423114776611328,147,0.3445338010787964,147,0.0
4219,19,42,0.915,0.2250000000000001,147,-0.7317776679992676,147,0.4149346947669983,147,0.0
4220,20,42,0.885,0.2250000000000001,147,-0.7182480096817017,147,0.44429102540016174,147,0.0
4221,21,42,0.855,0.2250000000000001,147,-0.7040499448776245,147,0.4518071413040161,147,0.0
4222,22,42,0.8250000000000001,0.2250000000000001,147,-0.6917586326599121,147,0.3587597608566284,147,0.0
4223,23,42,0.795,0.2250000000000001,147,-0.6817012429237366,147,0.36859413981437683,147,0.0
4224,24,42,0.765,0.2250000000000001,147,-0.6692904829978943,147,0.41074511408805847,147,0.0
4225,25,42,0.735,0.2250000000000001,147,-0.6571259498596191,147,0.41117170453071594,147,0.0
4226,26,42,0.7050000000000001,0.2250000000000001,147,-0.6448057293891907,147,0.4436214864253998,147,0.0
4227,27,42,0.675,0.2250000000000001,147,-0.6308746933937073,147,0.43465694785118103,147,0.0
4228,28,42,0.645,0.2250000000000001,147,-0.6184060573577881,147,0.42121708393096924,147,0.0
4229,29,42,0.615,0.2250000000000001,147,-0.6059250831604004,147,0.43720871210098267,147,0.0
4230,30,42,0.5850000000000001,0.2250000000000001,147,-0.5932137966156006,147,0.4427264928817749,147,0.0
4231,31,42,0.555,0.2250000000000001,147,-0.5799343585968018,147,0.47534075379371643,147,0.0
4232,32,42,0.525,0.2250000000000001,147,-0.5654464960098267,147,0.9372713565826416,147,0.10000000149011612
4233,33,42,0.4950000000000001,0.2250000000000001,147,-0.515976071357727,147,0.9360207915306091,147,0.10000000149011612
4234,34,42,0.4650000000000001,0.2250000000000001,147,-0.5122119784355164,147,0.3004695773124695,147,0.0
4235,35,42,0.43500000000000005,0.2250000000000001,147,-0.5112708806991577,147,0.02811253070831299,147,0.0
4236,36,42,0.405,0.2250000000000001,147,-0.5113045573234558,147,0.0,147,0.0
4237,37,42,0.375,0.2250000000000001,147,-0.5111578106880188,147,0.004967053886502981,147,0.0
4238,38,42,0.345,0.2250000000000001,147,-0.5107354521751404,147,0.016309818252921104,147,0.0
4239,39,42,0.31499999999999995,0.2250000000000001,147,-0.5105178356170654,147,0.02233564667403698,147,0.0
4240,40,42,0.28500000000000014,0.2250000000000001,147,-0.5099592804908752,147,0.03138979151844978,147,0.0
4241,41,42,0.2550000000000001,0.2250000000000001,147,-0.5097622871398926,147,0.036134231835603714,147,0.0
4242,42,42,0.2250000000000001,0.2250000000000001,147,-0.5091397762298584,147,0.03314614295959473,147,0.0
4243,43,42,0.19500000000000006,0.2250000000000001,147,-0.5085102319717407,147,0.02571007050573826,147,0.0
4244,44,42,0.16500000000000004,0.2250000000000001,147,-0.5081623792648315,147,0.0274891946464777,147,0.0
4245,45,42,0.135,0.2250000000000001,147,-0.5070925951004028,147,0.027580181136727333,147,0.0
4246,46,42,0.10499999999999998,0.2250000000000001,147,-0.5064784288406372,147,0.02186596393585205,147,0.0
4247,47,42,0.07499999999999996,0.2250000000000001,147,-0.5060967206954956,147,0.013214349746704102,147,0.0
4248,48,42,0.04500000000000015,0.2250000000000001,147,-0.5060719847679138,147,0.003803769825026393,147,0.0
4249,49,42,0.015000000000000124,0.2250000000000001,147,-0.505970299243927,147,0.0033924977760761976,147,0.0
4250,50,42,-0.014999999999999902,0.2250000000000001,147,-0.5059531331062317,147,0.0014315048465505242,147,0.0
4251,51,42,-0.04499999999999993,0.2250000000000001,147,-0.5058940649032593,147,0.00067148293601349,147,0.0
4252,52,42,-0.07499999999999996,0.2250000000000001,147,-0.505970299243927,147,0.015076994895935059,147,0.0
4253,53,42,-0.10499999999999998,0.2250000000000001,147,-0.5065386891365051,147,0.04730595275759697,147,0.0
4254,54,42,-0.135,0.2250000000000001,147,-0.5084537863731384,147,0.0494045615196228,147,0.0
4255,55,42,-0.16500000000000004,0.2250000000000001,147,-0.5100182890892029,147,0.039762258529663086,147,0.0
4256,56,42,-0.19499999999999984,0.2250000000000001,147,-0.5097879767417908,147,0.03064771555364132,147,0.0
4257,57,42,-0.22499999999999987,0.2250000000000001,147,-0.5094447731971741,147,0.033164024353027344,147,0.0
4258,58,42,-0.2549999999999999,0.2250000000000001,147,-0.5082619786262512,147,0.043762724846601486,147,0.0
4259,59,42,-0.2849999999999999,0.2250000000000001,147,-0.5067498683929443,147,0.05048811435699463,147,0.0
4260,60,42,-0.31499999999999995,0.2250000000000001,147,-0.504936158657074,147,0.03773627430200577,147,0.0
4261,61,42,-0.345,0.2250000000000001,147,-0.5041261315345764,147,0.02002318762242794,147,0.0
4262,62,42,-0.375,0.2250000000000001,147,-0.5039463043212891,147,0.005965928081423044,147,0.0
4263,63,42,-0.405,0.2250000000000001,147,-0.5039276480674744,147,0.007239977363497019,147,0.0
4264,64,42,-0.43499999999999983,0.2250000000000001,147,-0.5034924745559692,147,0.010966413654386997,147,0.0
4265,65,42,-0.46499999999999986,0.2250000000000001,147,-0.503511905670166,147,0.001368718920275569,147,0.0
4266,66,42,-0.4949999999999999,0.2250000000000001,147,-0.5038033723831177,147,0.021559592336416245,147,0.0
4267,67,42,-0.5249999999999999,0.2250000000000001,147,-0.5040947198867798,147,0.030917922034859657,147,0.0
4268,68,42,-0.5549999999999997,0.2250000000000001,147,-0.5047792196273804,147,0.0308305025100708,147,0.0
4269,69,42,-0.585,0.2250000000000001,147,-0.5036633014678955,147,0.03131181001663208,147,0.0
4270,70,42,-0.6149999999999998,0.2250000000000001,147,-0.5032737851142883,147,0.014233589172363281,147,0.0
4271,71,42,-0.645,0.2250000000000001,147,-0.5025913119316101,147,0.014871685765683651,147,0.0
4272,72,42,-0.6749999999999998,0.2250000000000001,147,-0.5021368861198425,147,0.010534624569118023,147,0.0
4273,73,42,-0.7050000000000001,0.2250000000000001,147,-0.5019069314002991,147,0.0,147,0.0
4274,74,42,-0.7349999999999999,0.2250000000000001,147,-0.5019069314002991,147,0.0,147,0.0
4275,75,42,-0.7650000000000001,0.2250000000000001,147,-0.501621425151825,147,0.0,147,0.0
4276,76,42,-0.7949999999999999,0.2250000000000001,147,-0.5016140341758728,147,0.0,147,0.0
4277,77,42,-0.8249999999999997,0.2250000000000001,147,-0.5016096234321594,147,0.0,147,0.0
4278,78,42,-0.855,0.2250000000000001,147,-0.501621425151825,147,0.0,147,0.0
4279,79,42,-0.8849999999999998,0.2250000000000001,147,-0.501621425151825,147,0.0,147,0.0
4280,80,42,-0.915,0.2250000000000001,147,-0.5017232298851013,147,0.0,147,0.0
4281,81,42,-0.9449999999999998,0.2250000000000001,147,-0.5017345547676086,147,0.0,147,0.0
4282,82,42,-0.9750000000000001,0.2250000000000001,147,-0.502007007598877,147,0.015199513174593449,147,0.0
4283,83,42,-1.005,0.2250000000000001,147,-0.5026241540908813,147,0.04287523776292801,147,0.0
4284,84,42,-1.0349999999999997,0.2250000000000001,147,-0.5040744543075562,147,0.049068234860897064,147,0.0
4285,85,42,-1.065,0.2250000000000001,147,-0.5053454041481018,147,0.02540355734527111,147,0.0
4286,86,42,-1.0949999999999998,0.2250000000000001,47,-0.5055186152458191,147,0.0,147,0.02199999988079071
4287,87,42,-1.125,0.2250000000000001,0,nan,147,0.0,147,0.02199999988079071
4288,88,42,-1.1549999999999998,0.2250000000000001,0,nan,147,0.0,147,0.02199999988079071
4289,89,42,-1.185,0.2250000000000001,0,nan,147,0.0,147,0.02199999988079071
4290,90,42,-1.2149999999999999,0.2250000000000001,0,nan,147,0.0,147,0.02199999988079071
4291,91,42,-1.245,0.2250000000000001,0,nan,147,0.0,147,0.02199999988079071
4292,92,42,-1.275,0.2250000000000001,0,nan,147,0.0,147,0.02199999988079071
4293,93,42,-1.3049999999999997,0.2250000000000001,0,nan,147,0.0,147,0.02199999988079071
4294,94,42,-1.335,0.2250000000000001,0,nan,147,0.0,147,0.02199999988079071
4295,95,42,-1.3649999999999998,0.2250000000000001,0,nan,147,0.0,147,0.02199999988079071
4296,96,42,-1.395,0.2250000000000001,0,nan,147,0.0,147,0.02199999988079071
4297,97,42,-1.4249999999999998,0.2250000000000001,0,nan,147,0.0,147,0.0
4298,98,42,-1.455,0.2250000000000001,0,nan,147,0.0,147,0.0
4299,99,42,-1.4849999999999999,0.2250000000000001,0,nan,147,0.0,147,0.0
4300,0,43,1.485,0.19500000000000006,0,nan,147,0.0,147,0.0
4301,1,43,1.455,0.19500000000000006,0,nan,147,0.0,147,0.0
4302,2,43,1.425,0.19500000000000006,0,nan,147,0.0,147,0.0
4303,3,43,1.395,0.19500000000000006,0,nan,147,0.0,147,0.02199999988079071
4304,4,43,1.365,0.19500000000000006,0,nan,147,0.0,147,0.02199999988079071
4305,5,43,1.335,0.19500000000000006,0,nan,147,0.0,147,0.02199999988079071
4306,6,43,1.305,0.19500000000000006,0,nan,147,0.0,147,0.02199999988079071
4307,7,43,1.275,0.19500000000000006,0,nan,147,0.0,147,0.02199999988079071
4308,8,43,1.245,0.19500000000000006,0,nan,147,0.0,147,0.02199999988079071
4309,9,43,1.215,0.19500000000000006,0,nan,147,0.0,147,0.02199999988079071
4310,10,43,1.185,0.19500000000000006,106,-0.7942388355731964,147,0.0,147,0.0
4311,11,43,1.155,0.19500000000000006,119,-0.7938535809516907,147,0.0,147,0.0
4312,12,43,1.125,0.19500000000000006,116,-0.7934062480926514,147,0.0,147,0.0
4313,13,43,1.095,0.19500000000000006,119,-0.7933062314987183,147,0.1479893922805786,147,0.0
4314,14,43,1.065,0.19500000000000006,127,-0.7830933332443237,147,0.2451518028974533,147,0.0
4315,15,43,1.0350000000000001,0.19500000000000006,140,-0.7720745205879211,147,0.26931995153427124,147,0.0
4316,16,43,1.005,0.19500000000000006,145,-0.7622371912002563,147,0.3114052712917328,147,0.0
4317,17,43,0.975,0.19500000000000006,147,-0.7521585822105408,147,0.3187160789966583,147,0.0
4318,18,43,0.9450000000000001,0.19500000000000006,147,-0.7420061826705933,147,0.34289810061454773,147,0.0
4319,19,43,0.915,0.19500000000000006,147,-0.7316228151321411,147,0.41699329018592834,147,0.0
4320,20,43,0.885,0.19500000000000006,147,-0.7179381251335144,147,0.44157859683036804,147,0.0
4321,21,43,0.855,0.19500000000000006,147,-0.7034276723861694,147,0.448096364736557,147,0.0
4322,22,43,0.8250000000000001,0.19500000000000006,147,-0.6917368173599243,147,0.3562649190425873,147,0.0
4323,23,43,0.795,0.19500000000000006,147,-0.6815021634101868,147,0.3638280928134918,147,0.0
4324,24,43,0.765,0.19500000000000006,147,-0.6695050001144409,147,0.4018435776233673,147,0.0
4325,25,43,0.735,0.19500000000000006,147,-0.6570349931716919,147,0.41495561599731445,147,0.0
4326,26,43,0.7050000000000001,0.19500000000000006,147,-0.6449041962623596,147,0.4436214864253998,147,0.0
4327,27,43,0.675,0.19500000000000006,147,-0.630870521068573,147,0.42957165837287903,147,0.0
4328,28,43,0.645,0.19500000000000006,147,-0.6186007857322693,147,0.4220643639564514,147,0.0
4329,29,43,0.615,0.19500000000000006,147,-0.6060628890991211,147,0.42884647846221924,147,0.0
4330,30,43,0.5850000000000001,0.19500000000000006,147,-0.5933375954627991,147,0.44040581583976746,147,0.0
4331,31,43,0.555,0.19500000000000006,147,-0.5800839066505432,147,0.45301517844200134,147,0.0
4332,32,43,0.525,0.19500000000000006,147,-0.5667725801467896,147,0.6202685236930847,147,0.0
4333,33,43,0.4950000000000001,0.19500000000000006,145,-0.5520389080047607,147,0.9417203664779663,147,0.10000000149011612
4334,34,43,0.4650000000000001,0.19500000000000006,147,-0.5144291520118713,147,0.5876237750053406,147,0.0
4335,35,43,0.43500000000000005,0.19500000000000006,147,-0.5127276182174683,147,0.04723668098449707,147,0.0
4336,36,43,0.405,0.19500000000000006,147,-0.5126045942306519,147,0.014836589805781841,147,0.0
4337,37,43,0.375,0.19500000000000006,147,-0.5125293135643005,147,0.02612670324742794,147,0.0
4338,38,43,0.345,0.19500000000000006,147,-0.5120198726654053,147,0.02778967283666134,147,0.0
4339,39,43,0.31499999999999995,0.19500000000000006,147,-0.5114195942878723,147,0.03253490850329399,147,0.0
4340,40,43,0.28500000000000014,0.19500000000000006,147,-0.5104305744171143,147,0.03882944583892822,147,0.0
4341,41,43,0.2550000000000001,0.19500000000000006,147,-0.5095637440681458,147,0.04645759239792824,147,0.0
4342,42,43,0.2250000000000001,0.19500000000000006,147,-0.5087003111839294,147,0.045685235410928726,147,0.0
4343,43,43,0.19500000000000006,0.19500000000000006,147,-0.5082516670227051,147,0.03317844867706299,147,0.0
4344,44,43,0.16500000000000004,0.19500000000000006,147,-0.5078678727149963,147,0.03342131897807121,147,0.0
4345,45,43,0.135,0.19500000000000006,147,-0.5069839358329773,147,0.031085407361388206,147,0.0
4346,46,43,0.10499999999999998,0.19500000000000006,147,-0.5063761472702026,147,0.021752065047621727,147,0.0
4347,47,43,0.07499999999999996,0.19500000000000006,147,-0.5058697462081909,147,0.006565451622009277,147,0.0
4348,48,43,0.04500000000000015,0.19500000000000006,147,-0.5057551264762878,147,0.0,147,0.0
4349,49,43,0.015000000000000124,0.19500000000000006,147,-0.5056840777397156,147,0.0,147,0.0
4350,50,43,-0.014999999999999902,0.19500000000000006,147,-0.5056626200675964,147,0.0,147,0.0
4351,51,43,-0.04499999999999993,0.19500000000000006,147,-0.5056840777397156,147,0.0,147,0.0
4352,52,43,-0.07499999999999996,0.19500000000000006,147,-0.5057280659675598,147,0.013311464339494705,147,0.0
4353,53,43,-0.10499999999999998,0.19500000000000006,147,-0.5062315464019775,147,0.04392067715525627,147,0.0
4354,54,43,-0.135,0.19500000000000006,147,-0.5082128047943115,147,0.04760921001434326,147,0.0
4355,55,43,-0.16500000000000004,0.19500000000000006,147,-0.509816586971283,147,0.0420864038169384,147,0.0
4356,56,43,-0.19499999999999984,0.19500000000000006,147,-0.5099368691444397,147,0.037669431418180466,147,0.0
4357,57,43,-0.22499999999999987,0.19500000000000006,147,-0.5094269514083862,147,0.03973742201924324,147,0.0
4358,58,43,-0.2549999999999999,0.19500000000000006,147,-0.5082215070724487,147,0.046764809638261795,147,0.0
4359,59,43,-0.2849999999999999,0.19500000000000006,147,-0.5062868595123291,147,0.05453669652342796,147,0.0
4360,60,43,-0.31499999999999995,0.19500000000000006,147,-0.5042134523391724,147,0.034248847514390945,147,0.0
4361,61,43,-0.345,0.19500000000000006,147,-0.5039501190185547,147,0.007618745323270559,147,0.0
4362,62,43,-0.375,0.19500000000000006,147,-0.5038531422615051,147,0.0,147,0.0
4363,63,43,-0.405,0.19500000000000006,147,-0.5037063956260681,147,0.0,147,0.0
4364,64,43,-0.43499999999999983,0.19500000000000006,147,-0.5034141540527344,147,0.0030159950256347656,147,0.0
4365,65,43,-0.46499999999999986,0.19500000000000006,147,-0.503439724445343,147,0.0024944543838500977,147,0.0
4366,66,43,-0.4949999999999999,0.19500000000000006,147,-0.5036958456039429,147,0.020477481186389923,147,0.0
4367,67,43,-0.5249999999999999,0.19500000000000006,147,-0.5040872693061829,147,0.03451196104288101,147,0.0
4368,68,43,-0.5549999999999997,0.19500000000000006,147,-0.5048169493675232,147,0.031841643154621124,147,0.0
4369,69,43,-0.585,0.19500000000000006,147,-0.5036633014678955,147,0.03463561832904816,147,0.0
4370,70,43,-0.6149999999999998,0.19500000000000006,147,-0.5034424662590027,147,0.020188048481941223,147,0.0
4371,71,43,-0.645,0.19500000000000006,147,-0.5028001666069031,147,0.018759533762931824,147,0.0
4372,72,43,-0.6749999999999998,0.19500000000000006,147,-0.5023817420005798,147,0.017060836777091026,147,0.0
4373,73,43,-0.7050000000000001,0.19500000000000006,147,-0.502007007598877,147,0.009729464538395405,147,0.0
4374,74,43,-0.7349999999999999,0.19500000000000006,147,-0.5019345879554749,147,0.006375710014253855,147,0.0
4375,75,43,-0.7650000000000001,0.19500000000000006,147,-0.5016337633132935,147,0.0027750188019126654,147,0.0
4376,76,43,-0.7949999999999999,0.19500000000000006,147,-0.5016096234321594,147,0.0,147,0.0
4377,77,43,-0.8249999999999997,0.19500000000000006,147,-0.5015683770179749,147,0.0,147,0.0
4378,78,43,-0.855,0.19500000000000006,147,-0.5016140341758728,147,0.0,147,0.0
4379,79,43,-0.8849999999999998,0.19500000000000006,147,-0.5016096234321594,147,0.0,147,0.0
4380,80,43,-0.915,0.19500000000000006,147,-0.5016463994979858,147,0.0,147,0.0
4381,81,43,-0.9449999999999998,0.19500000000000006,147,-0.5017232298851013,147,0.0,147,0.0
4382,82,43,-0.9750000000000001,0.19500000000000006,147,-0.5020473003387451,147,0.021142680197954178,147,0.0
4383,83,43,-1.005,0.19500000000000006,147,-0.503550112247467,147,0.046694282442331314,147,0.0
4384,84,43,-1.0349999999999997,0.19500000000000006,147,-0.5046209096908569,147,0.042273521423339844,147,0.0
4385,85,43,-1.065,0.19500000000000006,147,-0.5055198073387146,147,0.019874176010489464,147,0.0
4386,86,43,-1.0949999999999998,0.19500000000000006,47,-0.5058844685554504,147,0.0,147,0.02199999988079071
4387,87,43,-1.125,0.19500000000000006,0,nan,147,0.0,147,0.02199999988079071
4388,88,43,-1.1549999999999998,0.19500000000000006,0,nan,147,0.0,147,0.02199999988079071
4389,89,43,-1.185,0.19500000000000006,0,nan,147,0.0,147,0.02199999988079071
4390,90,43,-1.2149999999999999,0.19500000000000006,0,nan,147,0.0,147,0.02199999988079071
4391,91,43,-1.245,0.19500000000000006,0,nan,147,0.0,147,0.02199999988079071
4392,92,43,-1.275,0.19500000000000006,0,nan,147,0.0,147,0.02199999988079071
4393,93,43,-1.3049999999999997,0.19500000000000006,0,nan,147,0.0,147,0.02199999988079071
4394,94,43,-1.335,0.19500000000000006,0,nan,147,0.0,147,0.02199999988079071
4395,95,43,-1.3649999999999998,0.19500000000000006,0,nan,147,0.0,147,0.02199999988079071
4396,96,43,-1.395,0.19500000000000006,0,nan,147,0.0,147,0.02199999988079071
4397,97,43,-1.4249999999999998,0.19500000000000006,0,nan,147,0.0,147,0.0
4398,98,43,-1.455,0.19500000000000006,0,nan,147,0.0,147,0.0
4399,99,43,-1.4849999999999999,0.19500000000000006,0,nan,147,0.0,147,0.0
4400,0,44,1.485,0.16500000000000004,0,nan,147,0.0,147,0.0
4401,1,44,1.455,0.16500000000000004,0,nan,147,0.0,147,0.0
4402,2,44,1.425,0.16500000000000004,0,nan,147,0.0,147,0.0
4403,3,44,1.395,0.16500000000000004,0,nan,147,0.0,147,0.02199999988079071
4404,4,44,1.365,0.16500000000000004,0,nan,147,0.0,147,0.02199999988079071
4405,5,44,1.335,0.16500000000000004,0,nan,147,0.0,147,0.02199999988079071
4406,6,44,1.305,0.16500000000000004,0,nan,147,0.0,147,0.02199999988079071
4407,7,44,1.275,0.16500000000000004,0,nan,147,0.0,147,0.02199999988079071
4408,8,44,1.245,0.16500000000000004,0,nan,147,0.0,147,0.02199999988079071
4409,9,44,1.215,0.16500000000000004,0,nan,147,0.0,147,0.02199999988079071
4410,10,44,1.185,0.16500000000000004,74,-0.7913416028022766,147,0.0,147,0.02199999988079071
4411,11,44,1.155,0.16500000000000004,97,-0.7906783819198608,147,0.0,147,0.0
4412,12,44,1.125,0.16500000000000004,97,-0.79030442237854,147,0.0,147,0.0
4413,13,44,1.095,0.16500000000000004,106,-0.7898159623146057,147,0.40619245171546936,147,0.02199999988079071
4414,14,44,1.065,0.16500000000000004,120,-0.7812023460865021,147,1.0441854000091553,147,0.10000000149011612
4415,15,44,1.0350000000000001,0.16500000000000004,137,-0.7703097462654114,147,1.2299740314483643,147,0.10000000149011612
4416,16,44,1.005,0.16500000000000004,143,-0.760224461555481,147,0.9156058430671692,147,0.10000000149011612
4417,17,44,0.975,0.16500000000000004,147,-0.7517938613891602,147,0.8640047311782837,147,0.10000000149011612
4418,18,44,0.9450000000000001,0.16500000000000004,147,-0.7416871786117554,147,0.7517681121826172,147,0.0
4419,19,44,0.915,0.16500000000000004,147,-0.7308415770530701,147,0.6162527203559875,147,0.0
4420,20,44,0.885,0.16500000000000004,147,-0.7173510789871216,147,0.48092201352119446,147,0.0
4421,21,44,0.855,0.16500000000000004,147,-0.7029558420181274,147,0.4041115343570709,147,0.0
4422,22,44,0.8250000000000001,0.16500000000000004,147,-0.6915328502655029,147,0.3278299868106842,147,0.0
4423,23,44,0.795,0.16500000000000004,147,-0.6816276907920837,147,0.36062824726104736,147,0.0
4424,24,44,0.765,0.16500000000000004,147,-0.6693957448005676,147,0.40837278962135315,147,0.0
4425,25,44,0.735,0.16500000000000004,147,-0.6570309996604919,147,0.41495561599731445,147,0.0
4426,26,44,0.7050000000000001,0.16500000000000004,147,-0.6448785662651062,147,0.43601685762405396,147,0.0
4427,27,44,0.675,0.16500000000000004,147,-0.6309410929679871,147,0.42957165837287903,147,0.0
4428,28,44,0.645,0.16500000000000004,147,-0.6186563968658447,147,0.42054739594459534,147,0.0
4429,29,44,0.615,0.16500000000000004,147,-0.6060628890991211,147,0.4267374575138092,147,0.0
4430,30,44,0.5850000000000001,0.16500000000000004,147,-0.5939032435417175,147,0.43031415343284607,147,0.0
4431,31,44,0.555,0.16500000000000004,147,-0.5802523493766785,147,0.4482279121875763,147,0.0
4432,32,44,0.525,0.16500000000000004,147,-0.5670448541641235,147,0.44139400124549866,147,0.0
4433,33,44,0.4950000000000001,0.16500000000000004,146,-0.553688108921051,147,0.8282510638237,147,0.0
4434,34,44,0.4650000000000001,0.16500000000000004,147,-0.514858067035675,147,0.727079451084137,147,0.0
4435,35,44,0.43500000000000005,0.16500000000000004,147,-0.5131016969680786,147,0.12472867965698242,147,0.0
4436,36,44,0.405,0.16500000000000004,147,-0.5130910873413086,147,0.0,147,0.0
4437,37,44,0.375,0.16500000000000004,147,-0.5130552649497986,147,0.0033120315056294203,147,0.0
4438,38,44,0.345,0.16500000000000004,147,-0.5124765038490295,147,0.012265642173588276,147,0.0
4439,39,44,0.31499999999999995,0.16500000000000004,147,-0.5115122199058533,147,0.01938541792333126,147,0.0
4440,40,44,0.28500000000000014,0.16500000000000004,147,-0.5103979706764221,147,0.03414054587483406,147,0.0
4441,41,44,0.2550000000000001,0.16500000000000004,147,-0.5092604756355286,147,0.047711532562971115,147,0.0
4442,42,44,0.2250000000000001,0.16500000000000004,147,-0.5084096193313599,147,0.048729777336120605,147,0.0
4443,43,44,0.19500000000000006,0.16500000000000004,147,-0.5078864097595215,147,0.028900304809212685,147,0.0
4444,44,44,0.16500000000000004,0.16500000000000004,147,-0.5076280832290649,147,0.029608367010951042,147,0.0
4445,45,44,0.135,0.16500000000000004,147,-0.5066373348236084,147,0.02784629724919796,147,0.0
4446,46,44,0.10499999999999998,0.16500000000000004,147,-0.5061246752738953,147,0.014178951270878315,147,0.0
4447,47,44,0.07499999999999996,0.16500000000000004,147,-0.5058645606040955,147,0.0,147,0.0
4448,48,44,0.04500000000000015,0.16500000000000004,147,-0.505754828453064,147,0.0,147,0.0
4449,49,44,0.015000000000000124,0.16500000000000004,147,-0.5055906176567078,147,0.0,147,0.0
4450,50,44,-0.014999999999999902,0.16500000000000004,147,-0.5055906176567078,147,0.0,147,0.0
4451,51,44,-0.04499999999999993,0.16500000000000004,147,-0.5055906176567078,147,0.0,147,0.0
4452,52,44,-0.07499999999999996,0.16500000000000004,147,-0.5057156682014465,147,0.003640850307419896,147,0.0
4453,53,44,-0.10499999999999998,0.16500000000000004,147,-0.5061230063438416,147,0.046580925583839417,147,0.0
4454,54,44,-0.135,0.16500000000000004,147,-0.5080426335334778,147,0.05161364749073982,147,0.0
4455,55,44,-0.16500000000000004,0.16500000000000004,147,-0.5095439553260803,147,0.04647538438439369,147,0.0
4456,56,44,-0.19499999999999984,0.16500000000000004,147,-0.5097073912620544,147,0.04771830141544342,147,0.0
4457,57,44,-0.22499999999999987,0.16500000000000004,147,-0.5087149739265442,147,0.05585170164704323,147,0.0
4458,58,44,-0.2549999999999999,0.16500000000000004,147,-0.5079687833786011,147,0.06042466685175896,147,0.0
4459,59,44,-0.2849999999999999,0.16500000000000004,147,-0.5061854720115662,147,0.06413856893777847,147,0.0
4460,60,44,-0.31499999999999995,0.16500000000000004,147,-0.5039501190185547,147,0.041965145617723465,147,0.0
4461,61,44,-0.345,0.16500000000000004,147,-0.5036702752113342,147,0.007417798042297363,147,0.0
4462,62,44,-0.375,0.16500000000000004,147,-0.5036702752113342,147,0.0,147,0.0
4463,63,44,-0.405,0.16500000000000004,147,-0.5036108493804932,147,0.0,147,0.0
4464,64,44,-0.43499999999999983,0.16500000000000004,147,-0.5028170347213745,147,0.006154676433652639,147,0.0
4465,65,44,-0.46499999999999986,0.16500000000000004,147,-0.5028170347213745,147,0.0,147,0.0
4466,66,44,-0.4949999999999999,0.16500000000000004,147,-0.5029785633087158,147,0.011764279566705227,147,0.0
4467,67,44,-0.5249999999999999,0.16500000000000004,147,-0.5038685202598572,147,0.02733071707189083,147,0.0
4468,68,44,-0.5549999999999997,0.16500000000000004,147,-0.5048169493675232,147,0.02904435060918331,147,0.0
4469,69,44,-0.585,0.16500000000000004,147,-0.5037063956260681,147,0.03081890568137169,147,0.0
4470,70,44,-0.6149999999999998,0.16500000000000004,147,-0.5034925937652588,147,0.019712457433342934,147,0.0
4471,71,44,-0.645,0.16500000000000004,147,-0.5033106803894043,147,0.021885501220822334,147,0.0
4472,72,44,-0.6749999999999998,0.16500000000000004,147,-0.5030214190483093,147,0.02535194903612137,147,0.0
4473,73,44,-0.7050000000000001,0.16500000000000004,147,-0.5027475953102112,147,0.02236018516123295,147,0.0
4474,74,44,-0.7349999999999999,0.16500000000000004,147,-0.5023527145385742,147,0.02492389641702175,147,0.0
4475,75,44,-0.7650000000000001,0.16500000000000004,147,-0.5018253326416016,147,0.017392635345458984,147,0.0
4476,76,44,-0.7949999999999999,0.16500000000000004,147,-0.5016140341758728,147,0.0066320099867880344,147,0.0
4477,77,44,-0.8249999999999997,0.16500000000000004,147,-0.5016096234321594,147,0.0,147,0.0
4478,78,44,-0.855,0.16500000000000004,147,-0.501621425151825,147,0.0,147,0.0
4479,79,44,-0.8849999999999998,0.16500000000000004,147,-0.501621425151825,147,0.0,147,0.0
4480,80,44,-0.915,0.16500000000000004,147,-0.5016622543334961,147,0.0,147,0.0
4481,81,44,-0.9449999999999998,0.16500000000000004,147,-0.5017232298851013,147,0.0003505212953314185,147,0.0
4482,82,44,-0.9750000000000001,0.16500000000000004,147,-0.5020473003387451,147,0.027700265869498253,147,0.0
4483,83,44,-1.005,0.16500000000000004,147,-0.503550112247467,147,0.046442944556474686,147,0.0
4484,84,44,-1.0349999999999997,0.16500000000000004,147,-0.5046209096908569,147,0.03388325497508049,147,0.0
4485,85,44,-1.065,0.16500000000000004,147,-0.5055198073387146,147,0.006206830497831106,147,0.0
4486,86,44,-1.0949999999999998,0.16500000000000004,47,-0.5058844685554504,147,0.0,147,0.02199999988079071
4487,87,44,-1.125,0.16500000000000004,0,nan,147,0.0,147,0.02199999988079071
4488,88,44,-1.1549999999999998,0.16500000000000004,0,nan,147,0.0,147,0.02199999988079071
4489,89,44,-1.185,0.16500000000000004,0,nan,147,0.0,147,0.02199999988079071
4490,90,44,-1.2149999999999999,0.16500000000000004,0,nan,147,0.0,147,0.02199999988079071
4491,91,44,-1.245,0.16500000000000004,0,nan,147,0.0,147,0.02199999988079071
4492,92,44,-1.275,0.16500000000000004,0,nan,147,0.0,147,0.02199999988079071
4493,93,44,-1.3049999999999997,0.16500000000000004,0,nan,147,0.0,147,0.02199999988079071
4494,94,44,-1.335,0.16500000000000004,0,nan,147,0.0,147,0.02199999988079071
4495,95,44,-1.3649999999999998,0.16500000000000004,0,nan,147,0.0,147,0.02199999988079071
4496,96,44,-1.395,0.16500000000000004,0,nan,147,0.0,147,0.02199999988079071
4497,97,44,-1.4249999999999998,0.16500000000000004,0,nan,147,0.0,147,0.0
4498,98,44,-1.455,0.16500000000000004,0,nan,147,0.0,147,0.0
4499,99,44,-1.4849999999999999,0.16500000000000004,0,nan,147,0.0,147,0.0
4500,0,45,1.485,0.135,0,nan,147,0.0,147,0.0
4501,1,45,1.455,0.135,0,nan,147,0.0,147,0.0
4502,2,45,1.425,0.135,0,nan,147,0.0,147,0.0
4503,3,45,1.395,0.135,0,nan,147,0.0,147,0.02199999988079071
4504,4,45,1.365,0.135,0,nan,147,0.0,147,0.02199999988079071
4505,5,45,1.335,0.135,0,nan,147,0.0,147,0.02199999988079071
4506,6,45,1.305,0.135,0,nan,147,0.0,147,0.02199999988079071
4507,7,45,1.275,0.135,0,nan,147,0.0,147,0.02199999988079071
4508,8,45,1.245,0.135,0,nan,147,0.0,147,0.02199999988079071
4509,9,45,1.215,0.135,0,nan,147,0.0,147,0.02199999988079071
4510,10,45,1.185,0.135,25,-0.7912049889564514,147,0.0,147,0.02199999988079071
4511,11,45,1.155,0.135,29,-0.7891878485679626,147,0.0,147,0.02199999988079071
4512,12,45,1.125,0.135,37,-0.7613347768783569,147,0.0,147,0.02199999988079071
4513,13,45,1.095,0.135,54,-0.7265849411487579,147,0.0,147,0.02199999988079071
4514,14,45,1.065,0.135,135,-0.6569985747337341,147,2.4778947830200195,147,0.10000000149011612
4515,15,45,1.0350000000000001,0.135,139,-0.7009496688842773,147,2.432981014251709,147,0.10000000149011612
4516,16,45,1.005,0.135,135,-0.702121913433075,147,1.5631914138793945,147,0.10000000149011612
4517,17,45,0.975,0.135,147,-0.70183926820755,147,0.9940803050994873,147,0.10000000149011612
4518,18,45,0.9450000000000001,0.135,147,-0.70183926820755,147,0.8250467777252197,147,0.0
4519,19,45,0.915,0.135,147,-0.70183926820755,147,0.654998242855072,147,0.0
4520,20,45,0.885,0.135,147,-0.70183926820755,147,0.487715482711792,147,0.0
4521,21,45,0.855,0.135,147,-0.7004168033599854,147,0.3032535910606384,147,0.0
4522,22,45,0.8250000000000001,0.135,147,-0.6913527250289917,147,0.2650056779384613,147,0.0
4523,23,45,0.795,0.135,147,-0.6816276907920837,147,0.3535707890987396,147,0.0
4524,24,45,0.765,0.135,147,-0.6694299578666687,147,0.40459680557250977,147,0.0
4525,25,45,0.735,0.135,147,-0.6570349931716919,147,0.40859100222587585,147,0.0
4526,26,45,0.7050000000000001,0.135,147,-0.6448761224746704,147,0.4337508976459503,147,0.0
4527,27,45,0.675,0.135,147,-0.6310812830924988,147,0.43224620819091797,147,0.0
4528,28,45,0.645,0.135,147,-0.6191502213478088,147,0.4229351282119751,147,0.0
4529,29,45,0.615,0.135,147,-0.6063548922538757,147,0.43334564566612244,147,0.0
4530,30,45,0.5850000000000001,0.135,147,-0.5936834812164307,147,0.4261990487575531,147,0.0
4531,31,45,0.555,0.135,147,-0.5804601311683655,147,0.4420129358768463,147,0.0
4532,32,45,0.525,0.135,147,-0.5671607255935669,147,0.42470991611480713,147,0.0
4533,33,45,0.4950000000000001,0.135,147,-0.5554428696632385,147,0.6922888159751892,147,0.0
4534,34,45,0.4650000000000001,0.135,145,-0.5180701017379761,147,0.7760822772979736,147,0.0
4535,35,45,0.43500000000000005,0.135,147,-0.5130552649497986,147,0.26791834831237793,147,0.0
4536,36,45,0.405,0.135,147,-0.5129302144050598,147,0.0,147,0.0
4537,37,45,0.375,0.135,147,-0.512930154800415,147,0.0,147,0.0
4538,38,45,0.345,0.135,147,-0.5124765038490295,147,0.0065668318420648575,147,0.0
4539,39,45,0.31499999999999995,0.135,147,-0.5117011666297913,147,0.013231664896011353,147,0.0
4540,40,45,0.28500000000000014,0.135,147,-0.5106180906295776,147,0.032796461135149,147,0.0
4541,41,45,0.2550000000000001,0.135,147,-0.5091564655303955,147,0.046128034591674805,147,0.0
4542,42,45,0.2250000000000001,0.135,147,-0.5081894397735596,147,0.046128034591674805,147,0.0
4543,43,45,0.19500000000000006,0.135,147,-0.5076366066932678,147,0.02518494985997677,147,0.0
4544,44,45,0.16500000000000004,0.135,147,-0.5074018239974976,147,0.022546449676156044,147,0.0
4545,45,45,0.135,0.135,147,-0.5065522789955139,147,0.021435817703604698,147,0.0
4546,46,45,0.10499999999999998,0.135,147,-0.5060967206954956,147,0.006892283912748098,147,0.0
4547,47,45,0.07499999999999996,0.135,147,-0.5058645606040955,147,0.0,147,0.0
4548,48,45,0.04500000000000015,0.135,147,-0.505754828453064,147,0.0,147,0.0
4549,49,45,0.015000000000000124,0.135,147,-0.5055906176567078,147,0.0,147,0.0
4550,50,45,-0.014999999999999902,0.135,147,-0.5055906176567078,147,0.0,147,0.0
4551,51,45,-0.04499999999999993,0.135,147,-0.5055906176567078,147,0.0,147,0.0
4552,52,45,-0.07499999999999996,0.135,147,-0.5057156682014465,147,1.3328003660717513e-05,147,0.0
4553,53,45,-0.10499999999999998,0.135,147,-0.5059946775436401,147,0.047190871089696884,147,0.0
4554,54,45,-0.135,0.135,147,-0.5078208446502686,147,0.04895880073308945,147,0.0
4555,55,45,-0.16500000000000004,0.135,147,-0.5089148283004761,147,0.04728933051228523,147,0.0
4556,56,45,-0.19499999999999984,0.135,147,-0.5086510181427002,147,0.05067151412367821,147,0.0
4557,57,45,-0.22499999999999987,0.135,147,-0.5080654621124268,147,0.06444667279720306,147,0.0
4558,58,45,-0.2549999999999999,0.135,147,-0.5074005126953125,147,0.05908893421292305,147,0.0
4559,59,45,-0.2849999999999999,0.135,147,-0.5049038529396057,147,0.0581708624958992,147,0.0
4560,60,45,-0.31499999999999995,0.135,147,-0.5034924745559692,147,0.04323820397257805,147,0.0
4561,61,45,-0.345,0.135,147,-0.5031946897506714,147,0.018127521499991417,147,0.0
4562,62,45,-0.375,0.135,147,-0.5033286809921265,147,0.0033647234085947275,147,0.0
4563,63,45,-0.405,0.135,147,-0.5033286809921265,147,0.010301669128239155,147,0.0
4564,64,45,-0.43499999999999983,0.135,147,-0.5025426745414734,147,0.011991460807621479,147,0.0
4565,65,45,-0.46499999999999986,0.135,147,-0.502674400806427,147,0.0022480885963886976,147,0.0
4566,66,45,-0.4949999999999999,0.135,147,-0.5029389262199402,147,0.010759632103145123,147,0.0
4567,67,45,-0.5249999999999999,0.135,147,-0.503643810749054,147,0.020174916833639145,147,0.0
4568,68,45,-0.5549999999999997,0.135,147,-0.5047299861907959,147,0.02705371007323265,147,0.0
4569,69,45,-0.585,0.135,147,-0.5040947198867798,147,0.023978976532816887,147,0.0
4570,70,45,-0.6149999999999998,0.135,147,-0.5039368271827698,147,0.023229695856571198,147,0.0
4571,71,45,-0.645,0.135,147,-0.5039318203926086,147,0.030377229675650597,147,0.0
4572,72,45,-0.6749999999999998,0.135,147,-0.503643810749054,147,0.029205307364463806,147,0.0
4573,73,45,-0.7050000000000001,0.135,147,-0.5034925937652588,147,0.028845475986599922,147,0.0
4574,74,45,-0.7349999999999999,0.135,147,-0.5030290484428406,147,0.03151099011301994,147,0.0
4575,75,45,-0.7650000000000001,0.135,147,-0.5021368861198425,147,0.03306048735976219,147,0.0
4576,76,45,-0.7949999999999999,0.135,147,-0.502007007598877,147,0.020064283162355423,147,0.0
4577,77,45,-0.8249999999999997,0.135,147,-0.5019274353981018,147,0.009525800123810768,147,0.0
4578,78,45,-0.855,0.135,147,-0.5019896626472473,147,0.00794529914855957,147,0.0
4579,79,45,-0.8849999999999998,0.135,147,-0.501941442489624,147,0.007557868957519531,147,0.0
4580,80,45,-0.915,0.135,147,-0.5020332336425781,147,0.005300839897245169,147,0.0
4581,81,45,-0.9449999999999998,0.135,147,-0.5020332336425781,147,0.020590296015143394,147,0.0
4582,82,45,-0.9750000000000001,0.135,147,-0.5023829340934753,147,0.04548945277929306,147,0.0
4583,83,45,-1.005,0.135,147,-0.5036694407463074,147,0.053406644612550735,147,0.0
4584,84,45,-1.0349999999999997,0.135,147,-0.5047422051429749,147,0.03753006458282471,147,0.0
4585,85,45,-1.065,0.135,147,-0.5057010650634766,147,0.012630161829292774,147,0.0
4586,86,45,-1.0949999999999998,0.135,47,-0.5058844685554504,147,0.0,147,0.02199999988079071
4587,87,45,-1.125,0.135,0,nan,147,0.0,147,0.02199999988079071
4588,88,45,-1.1549999999999998,0.135,0,nan,147,0.0,147,0.02199999988079071
4589,89,45,-1.185,0.135,0,nan,147,0.0,147,0.02199999988079071
4590,90,45,-1.2149999999999999,0.135,0,nan,147,0.0,147,0.02199999988079071
4591,91,45,-1.245,0.135,0,nan,147,0.0,147,0.02199999988079071
4592,92,45,-1.275,0.135,0,nan,147,0.0,147,0.02199999988079071
4593,93,45,-1.3049999999999997,0.135,0,nan,147,0.0,147,0.02199999988079071
4594,94,45,-1.335,0.135,0,nan,147,0.0,147,0.02199999988079071
4595,95,45,-1.3649999999999998,0.135,0,nan,147,0.0,147,0.02199999988079071
4596,96,45,-1.395,0.135,0,nan,147,0.0,147,0.02199999988079071
4597,97,45,-1.4249999999999998,0.135,0,nan,147,0.0,147,0.0
4598,98,45,-1.455,0.135,0,nan,147,0.0,147,0.0
4599,99,45,-1.4849999999999999,0.135,0,nan,147,0.0,147,0.0
4600,0,46,1.485,0.10499999999999998,0,nan,147,0.0,147,0.0
4601,1,46,1.455,0.10499999999999998,0,nan,147,0.0,147,0.0
4602,2,46,1.425,0.10499999999999998,0,nan,147,0.0,147,0.0
4603,3,46,1.395,0.10499999999999998,0,nan,147,0.0,147,0.02199999988079071
4604,4,46,1.365,0.10499999999999998,0,nan,147,0.0,147,0.02199999988079071
4605,5,46,1.335,0.10499999999999998,0,nan,147,0.0,147,0.02199999988079071
4606,6,46,1.305,0.10499999999999998,0,nan,147,0.0,147,0.02199999988079071
4607,7,46,1.275,0.10499999999999998,0,nan,147,0.0,147,0.02199999988079071
4608,8,46,1.245,0.10499999999999998,0,nan,147,0.0,147,0.02199999988079071
4609,9,46,1.215,0.10499999999999998,0,nan,147,0.0,147,0.02199999988079071
4610,10,46,1.185,0.10499999999999998,106,-0.5894363522529602,147,0.0,147,0.0
4611,11,46,1.155,0.10499999999999998,117,-0.5891332626342773,147,0.0,147,0.0
4612,12,46,1.125,0.10499999999999998,124,-0.5887566804885864,147,0.0,147,0.0
4613,13,46,1.095,0.10499999999999998,146,-0.5901350975036621,147,0.3416706323623657,147,0.0
4614,14,46,1.065,0.10499999999999998,147,-0.5930350422859192,147,0.6845937371253967,147,0.0
4615,15,46,1.0350000000000001,0.10499999999999998,147,-0.5954074263572693,147,1.6742082834243774,147,0.10000000149011612
4616,16,46,1.005,0.10499999999999998,140,-0.6908320486545563,147,1.3589972257614136,147,0.10000000149011612
4617,17,46,0.975,0.10499999999999998,147,-0.691834568977356,147,0.18845336139202118,147,0.0
4618,18,46,0.9450000000000001,0.10499999999999998,147,-0.691834568977356,147,0.18353860080242157,147,0.0
4619,19,46,0.915,0.10499999999999998,147,-0.691834568977356,147,0.19197623431682587,147,0.0
4620,20,46,0.885,0.10499999999999998,147,-0.691834568977356,147,0.19187529385089874,147,0.0
4621,21,46,0.855,0.10499999999999998,147,-0.691834568977356,147,0.14509999752044678,147,0.0
4622,22,46,0.8250000000000001,0.10499999999999998,147,-0.6909881234169006,147,0.19099517166614532,147,0.0
4623,23,46,0.795,0.10499999999999998,147,-0.6815021634101868,147,0.3486913740634918,147,0.0
4624,24,46,0.765,0.10499999999999998,147,-0.6693112850189209,147,0.40589669346809387,147,0.0
4625,25,46,0.735,0.10499999999999998,147,-0.6570309996604919,147,0.4081321656703949,147,0.0
4626,26,46,0.7050000000000001,0.10499999999999998,147,-0.6443848013877869,147,0.4351438283920288,147,0.0
4627,27,46,0.675,0.10499999999999998,147,-0.6310365200042725,147,0.4274497330188751,147,0.0
4628,28,46,0.645,0.10499999999999998,147,-0.6192355751991272,147,0.41607120633125305,147,0.0
4629,29,46,0.615,0.10499999999999998,147,-0.6062705516815186,147,0.4345625638961792,147,0.0
4630,30,46,0.5850000000000001,0.10499999999999998,147,-0.5934845209121704,147,0.4238734543323517,147,0.0
4631,31,46,0.555,0.10499999999999998,147,-0.5809891223907471,147,0.4385123550891876,147,0.0
4632,32,46,0.525,0.10499999999999998,147,-0.5673238039016724,147,0.4222078025341034,147,0.0
4633,33,46,0.4950000000000001,0.10499999999999998,147,-0.5557859539985657,147,0.4387405812740326,147,0.0
4634,34,46,0.4650000000000001,0.10499999999999998,142,-0.548638790845871,147,0.7616523504257202,147,0.0
4635,35,46,0.43500000000000005,0.10499999999999998,147,-0.5126045942306519,147,0.5214234590530396,147,0.0
4636,36,46,0.405,0.10499999999999998,147,-0.5125293135643005,147,0.0,147,0.0
4637,37,46,0.375,0.10499999999999998,147,-0.5124765038490295,147,0.0,147,0.0
4638,38,46,0.345,0.10499999999999998,147,-0.5121415257453918,147,0.0,147,0.0
4639,39,46,0.31499999999999995,0.10499999999999998,147,-0.511384904384613,147,0.009850661270320415,147,0.0
4640,40,46,0.28500000000000014,0.10499999999999998,147,-0.5098723769187927,147,0.02231697179377079,147,0.0
4641,41,46,0.2550000000000001,0.10499999999999998,147,-0.5085210800170898,147,0.04023412987589836,147,0.0
4642,42,46,0.2250000000000001,0.10499999999999998,147,-0.5078864097595215,147,0.030968330800533295,147,0.0
4643,43,46,0.19500000000000006,0.10499999999999998,147,-0.5076350569725037,147,0.020141402259469032,147,0.0
4644,44,46,0.16500000000000004,0.10499999999999998,147,-0.5071640610694885,147,0.015079700388014317,147,0.0
4645,45,46,0.135,0.10499999999999998,147,-0.5064788460731506,147,0.021325916051864624,147,0.0
4646,46,46,0.10499999999999998,0.10499999999999998,147,-0.5060601830482483,147,0.00834968313574791,147,0.0
4647,47,46,0.07499999999999996,0.10499999999999998,147,-0.5058207511901855,147,0.001138448715209961,147,0.0
4648,48,46,0.04500000000000015,0.10499999999999998,147,-0.5057280659675598,147,0.0,147,0.0
4649,49,46,0.015000000000000124,0.10499999999999998,147,-0.5054925084114075,147,0.0,147,0.0
4650,50,46,-0.014999999999999902,0.10499999999999998,147,-0.5054925084114075,147,0.0,147,0.0
4651,51,46,-0.04499999999999993,0.10499999999999998,147,-0.5055233240127563,147,0.0,147,0.0
4652,52,46,-0.07499999999999996,0.10499999999999998,147,-0.5055359601974487,147,0.001519042649306357,147,0.0
4653,53,46,-0.10499999999999998,0.10499999999999998,147,-0.5058697462081909,147,0.052171945571899414,147,0.0
4654,54,46,-0.135,0.10499999999999998,147,-0.5072190761566162,147,0.04876057431101799,147,0.0
4655,55,46,-0.16500000000000004,0.10499999999999998,147,-0.5080740451812744,147,0.04876057431101799,147,0.0
4656,56,46,-0.19499999999999984,0.10499999999999998,147,-0.5071045756340027,147,0.04977285861968994,147,0.0
4657,57,46,-0.22499999999999987,0.10499999999999998,147,-0.5061261653900146,147,0.05551179125905037,147,0.0
4658,58,46,-0.2549999999999999,0.10499999999999998,147,-0.5046687722206116,147,0.035509467124938965,147,0.0
4659,59,46,-0.2849999999999999,0.10499999999999998,147,-0.5036702752113342,147,0.03883343189954758,147,0.0
4660,60,46,-0.31499999999999995,0.10499999999999998,147,-0.5028170347213745,147,0.023735562339425087,147,0.0
4661,61,46,-0.345,0.10499999999999998,147,-0.502391517162323,147,0.007417798042297363,147,0.0
4662,62,46,-0.375,0.10499999999999998,147,-0.5028170347213745,147,0.0,147,0.0
4663,63,46,-0.405,0.10499999999999998,147,-0.5026394724845886,147,0.002388321328908205,147,0.0
4664,64,46,-0.43499999999999983,0.10499999999999998,147,-0.5022624731063843,147,0.01354515552520752,147,0.0
4665,65,46,-0.46499999999999986,0.10499999999999998,147,-0.502391517162323,147,0.012037746608257294,147,0.0
4666,66,46,-0.4949999999999999,0.10499999999999998,147,-0.5026994347572327,147,0.022466978058218956,147,0.0
4667,67,46,-0.5249999999999999,0.10499999999999998,147,-0.5034289360046387,147,0.020481357350945473,147,0.0
4668,68,46,-0.5549999999999997,0.10499999999999998,147,-0.5049242377281189,147,0.021667281165719032,147,0.0
4669,69,46,-0.585,0.10499999999999998,147,-0.5045991539955139,147,0.01920461654663086,147,0.0
4670,70,46,-0.6149999999999998,0.10499999999999998,147,-0.5044875144958496,147,0.02163035236299038,147,0.0
4671,71,46,-0.645,0.10499999999999998,147,-0.5045791864395142,147,0.02783934213221073,147,0.0
4672,72,46,-0.6749999999999998,0.10499999999999998,147,-0.5047707557678223,147,0.027353394776582718,147,0.0
4673,73,46,-0.7050000000000001,0.10499999999999998,147,-0.5040947198867798,147,0.02376805804669857,147,0.0
4674,74,46,-0.7349999999999999,0.10499999999999998,147,-0.5036864876747131,147,0.028705663979053497,147,0.0
4675,75,46,-0.7650000000000001,0.10499999999999998,147,-0.5030447244644165,147,0.02910792827606201,147,0.0
4676,76,46,-0.7949999999999999,0.10499999999999998,147,-0.502733588218689,147,0.021466732025146484,147,0.0
4677,77,46,-0.8249999999999997,0.10499999999999998,147,-0.5024586915969849,147,0.012206037528812885,147,0.0
4678,78,46,-0.855,0.10499999999999998,147,-0.5025935173034668,147,0.008287032134830952,147,0.0
4679,79,46,-0.8849999999999998,0.10499999999999998,147,-0.5025094747543335,147,0.007557868957519531,147,0.0
4680,80,46,-0.915,0.10499999999999998,147,-0.5025935173034668,147,0.006059309002012014,147,0.0
4681,81,46,-0.9449999999999998,0.10499999999999998,147,-0.5025935173034668,147,0.02314150333404541,147,0.0
4682,82,46,-0.9750000000000001,0.10499999999999998,147,-0.5037715435028076,147,0.03877080976963043,147,0.0
4683,83,46,-1.005,0.10499999999999998,147,-0.5043466091156006,147,0.04005875810980797,147,0.0
4684,84,46,-1.0349999999999997,0.10499999999999998,147,-0.5052344799041748,147,0.02988974191248417,147,0.0
4685,85,46,-1.065,0.10499999999999998,147,-0.5061295628547668,147,0.010600686073303223,147,0.0
4686,86,46,-1.0949999999999998,0.10499999999999998,47,-0.5058844685554504,147,0.0,147,0.02199999988079071
4687,87,46,-1.125,0.10499999999999998,0,nan,147,0.0,147,0.02199999988079071
4688,88,46,-1.1549999999999998,0.10499999999999998,0,nan,147,0.0,147,0.02199999988079071
4689,89,46,-1.185,0.10499999999999998,0,nan,147,0.0,147,0.02199999988079071
4690,90,46,-1.2149999999999999,0.10499999999999998,0,nan,147,0.0,147,0.02199999988079071
4691,91,46,-1.245,0.10499999999999998,0,nan,147,0.0,147,0.02199999988079071
4692,92,46,-1.275,0.10499999999999998,0,nan,147,0.0,147,0.02199999988079071
4693,93,46,-1.3049999999999997,0.10499999999999998,0,nan,147,0.0,147,0.02199999988079071
4694,94,46,-1.335,0.10499999999999998,0,nan,147,0.0,147,0.02199999988079071
4695,95,46,-1.3649999999999998,0.10499999999999998,0,nan,147,0.0,147,0.02199999988079071
4696,96,46,-1.395,0.10499999999999998,0,nan,147,0.0,147,0.02199999988079071
4697,97,46,-1.4249999999999998,0.10499999999999998,0,nan,147,0.0,147,0.0
4698,98,46,-1.455,0.10499999999999998,0,nan,147,0.0,147,0.0
4699,99,46,-1.4849999999999999,0.10499999999999998,0,nan,147,0.0,147,0.0
4700,0,47,1.485,0.07499999999999996,0,nan,147,0.0,147,0.0
4701,1,47,1.455,0.07499999999999996,0,nan,147,0.0,147,0.0
4702,2,47,1.425,0.07499999999999996,0,nan,147,0.0,147,0.0
4703,3,47,1.395,0.07499999999999996,0,nan,147,0.0,147,0.02199999988079071
4704,4,47,1.365,0.07499999999999996,0,nan,147,0.0,147,0.02199999988079071
4705,5,47,1.335,0.07499999999999996,0,nan,147,0.0,147,0.02199999988079071
4706,6,47,1.305,0.07499999999999996,0,nan,147,0.0,147,0.02199999988079071
4707,7,47,1.275,0.07499999999999996,0,nan,147,0.0,147,0.02199999988079071
4708,8,47,1.245,0.07499999999999996,0,nan,147,0.0,147,0.02199999988079071
4709,9,47,1.215,0.07499999999999996,0,nan,147,0.0,147,0.02199999988079071
4710,10,47,1.185,0.07499999999999996,111,-0.5888805389404297,147,0.0,147,0.0
4711,11,47,1.155,0.07499999999999996,118,-0.5882793962955475,147,0.0,147,0.0
4712,12,47,1.125,0.07499999999999996,125,-0.5876217484474182,147,0.0,147,0.0
4713,13,47,1.095,0.07499999999999996,146,-0.5886349380016327,147,0.0,147,0.0
4714,14,47,1.065,0.07499999999999996,147,-0.5905516743659973,147,0.014550487510859966,147,0.0
4715,15,47,1.0350000000000001,0.07499999999999996,147,-0.5921176671981812,147,1.5905460119247437,147,0.10000000149011612
4716,16,47,1.005,0.07499999999999996,142,-0.6899847984313965,147,1.5983761548995972,147,0.10000000149011612
4717,17,47,0.975,0.07499999999999996,147,-0.691069483757019,147,0.016924738883972168,147,0.0
4718,18,47,0.9450000000000001,0.07499999999999996,147,-0.691069483757019,147,0.0,147,0.0
4719,19,47,0.915,0.07499999999999996,147,-0.691069483757019,147,0.0019530454883351922,147,0.0
4720,20,47,0.885,0.07499999999999996,147,-0.691069483757019,147,0.0019530454883351922,147,0.0
4721,21,47,0.855,0.07499999999999996,147,-0.691069483757019,147,0.0019530454883351922,147,0.0
4722,22,47,0.8250000000000001,0.07499999999999996,147,-0.6906014680862427,147,0.1546419858932495,147,0.0
4723,23,47,0.795,0.07499999999999996,147,-0.6816276907920837,147,0.3383108675479889,147,0.0
4724,24,47,0.765,0.07499999999999996,147,-0.6692368984222412,147,0.41472113132476807,147,0.0
4725,25,47,0.735,0.07499999999999996,147,-0.6567116379737854,147,0.41282230615615845,147,0.0
4726,26,47,0.7050000000000001,0.07499999999999996,147,-0.6442679166793823,147,0.4298447072505951,147,0.0
4727,27,47,0.675,0.07499999999999996,147,-0.6308112740516663,147,0.4218371510505676,147,0.0
4728,28,47,0.645,0.07499999999999996,147,-0.6191502213478088,147,0.4110197126865387,147,0.0
4729,29,47,0.615,0.07499999999999996,147,-0.6062705516815186,147,0.43474817276000977,147,0.0
4730,30,47,0.5850000000000001,0.07499999999999996,147,-0.5936169624328613,147,0.4169851541519165,147,0.0
4731,31,47,0.555,0.07499999999999996,147,-0.5812084674835205,147,0.43693429231643677,147,0.0
4732,32,47,0.525,0.07499999999999996,147,-0.5673238039016724,147,0.4258076250553131,147,0.0
4733,33,47,0.4950000000000001,0.07499999999999996,147,-0.5560731291770935,147,0.31256774067878723,147,0.0
4734,34,47,0.4650000000000001,0.07499999999999996,142,-0.5497192144393921,147,0.7461816668510437,147,0.0
4735,35,47,0.43500000000000005,0.07499999999999996,147,-0.5126045942306519,147,0.6175448298454285,147,0.0
4736,36,47,0.405,0.07499999999999996,147,-0.5125423669815063,147,0.0,147,0.0
4737,37,47,0.375,0.07499999999999996,147,-0.5125293135643005,147,0.0,147,0.0
4738,38,47,0.345,0.07499999999999996,147,-0.5117695927619934,147,0.0,147,0.0
4739,39,47,0.31499999999999995,0.07499999999999996,147,-0.5106784105300903,147,0.002186496974900365,147,0.0
4740,40,47,0.28500000000000014,0.07499999999999996,147,-0.509217381477356,147,0.013666351325809956,147,0.0
4741,41,47,0.2550000000000001,0.07499999999999996,147,-0.5085210800170898,147,0.03451208397746086,147,0.0
4742,42,47,0.2250000000000001,0.07499999999999996,147,-0.5078864097595215,147,0.02817610837519169,147,0.0
4743,43,47,0.19500000000000006,0.07499999999999996,147,-0.5074941515922546,147,0.02332429029047489,147,0.0
4744,44,47,0.16500000000000004,0.07499999999999996,147,-0.5071337819099426,147,0.020011670887470245,147,0.0
4745,45,47,0.135,0.07499999999999996,147,-0.5063561797142029,147,0.021435817703604698,147,0.0
4746,46,47,0.10499999999999998,0.07499999999999996,147,-0.5058748722076416,147,0.00867644976824522,147,0.0
4747,47,47,0.07499999999999996,0.07499999999999996,147,-0.505754828453064,147,0.0029372507706284523,147,0.0
4748,48,47,0.04500000000000015,0.07499999999999996,147,-0.5056840777397156,147,0.0,147,0.0
4749,49,47,0.015000000000000124,0.07499999999999996,147,-0.5053770542144775,147,0.0,147,0.0
4750,50,47,-0.014999999999999902,0.07499999999999996,147,-0.5049760937690735,147,0.0,147,0.0
4751,51,47,-0.04499999999999993,0.07499999999999996,147,-0.5053770542144775,147,0.0,147,0.0
4752,52,47,-0.07499999999999996,0.07499999999999996,147,-0.5053920149803162,147,0.0027249257545918226,147,0.0
4753,53,47,-0.10499999999999998,0.07499999999999996,147,-0.5056125521659851,147,0.05205966532230377,147,0.0
4754,54,47,-0.135,0.07499999999999996,147,-0.5071231126785278,147,0.04297991469502449,147,0.0
4755,55,47,-0.16500000000000004,0.07499999999999996,147,-0.506071925163269,147,0.04728933051228523,147,0.0
4756,56,47,-0.19499999999999984,0.07499999999999996,147,-0.5058062076568604,147,0.041105348616838455,147,0.0
4757,57,47,-0.22499999999999987,0.07499999999999996,147,-0.505168616771698,147,0.03181298449635506,147,0.0
4758,58,47,-0.2549999999999999,0.07499999999999996,147,-0.5040647983551025,147,0.01907249353826046,147,0.0
4759,59,47,-0.2849999999999999,0.07499999999999996,147,-0.5033336281776428,147,0.017642974853515625,147,0.0
4760,60,47,-0.31499999999999995,0.07499999999999996,147,-0.5026394724845886,147,0.010098020546138287,147,0.0
4761,61,47,-0.345,0.07499999999999996,147,-0.5026394724845886,147,0.0,147,0.0
4762,62,47,-0.375,0.07499999999999996,147,-0.5031946897506714,147,0.0,147,0.0
4763,63,47,-0.405,0.07499999999999996,147,-0.5028320550918579,147,0.000939269841182977,147,0.0
4764,64,47,-0.43499999999999983,0.07499999999999996,147,-0.5022624731063843,147,0.016848554834723473,147,0.0
4765,65,47,-0.46499999999999986,0.07499999999999996,147,-0.5024051070213318,147,0.017677264288067818,147,0.0
4766,66,47,-0.4949999999999999,0.07499999999999996,147,-0.5027564167976379,147,0.022981563583016396,147,0.0
4767,67,47,-0.5249999999999999,0.07499999999999996,147,-0.5034009218215942,147,0.021667281165719032,147,0.0
4768,68,47,-0.5549999999999997,0.07499999999999996,147,-0.5048169493675232,147,0.020463764667510986,147,0.0
4769,69,47,-0.585,0.07499999999999996,147,-0.5045166015625,147,0.013214349746704102,147,0.0
4770,70,47,-0.6149999999999998,0.07499999999999996,147,-0.504641592502594,147,0.015841921791434288,147,0.0
4771,71,47,-0.645,0.07499999999999996,147,-0.5049704313278198,147,0.020668264478445053,147,0.0
4772,72,47,-0.6749999999999998,0.07499999999999996,147,-0.5049943327903748,147,0.02276897430419922,147,0.0
4773,73,47,-0.7050000000000001,0.07499999999999996,147,-0.5046870112419128,147,0.02023893967270851,147,0.0
4774,74,47,-0.7349999999999999,0.07499999999999996,147,-0.504016101360321,147,0.018602263182401657,147,0.0
4775,75,47,-0.7650000000000001,0.07499999999999996,147,-0.5035056471824646,147,0.017514824867248535,147,0.0
4776,76,47,-0.7949999999999999,0.07499999999999996,147,-0.5031840801239014,147,0.014068201184272766,147,0.0
4777,77,47,-0.8249999999999997,0.07499999999999996,147,-0.5030525922775269,147,0.0048478445969522,147,0.0
4778,78,47,-0.855,0.07499999999999996,147,-0.5030525922775269,147,0.0,147,0.0
4779,79,47,-0.8849999999999998,0.07499999999999996,147,-0.5030079483985901,147,0.0,147,0.0
4780,80,47,-0.915,0.07499999999999996,147,-0.5030525922775269,147,0.0,147,0.0
4781,81,47,-0.9449999999999998,0.07499999999999996,147,-0.5030525922775269,147,0.01147190760821104,147,0.0
4782,82,47,-0.9750000000000001,0.07499999999999996,147,-0.5039685368537903,147,0.022235512733459473,147,0.0
4783,83,47,-1.005,0.07499999999999996,147,-0.5044901967048645,147,0.014949838630855083,147,0.0
4784,84,47,-1.0349999999999997,0.07499999999999996,147,-0.5052344799041748,147,0.00444948673248291,147,0.0
4785,85,47,-1.065,0.07499999999999996,147,-0.5061295628547668,147,0.0,147,0.0
4786,86,47,-1.0949999999999998,0.07499999999999996,47,-0.5058844685554504,147,0.0,147,0.02199999988079071
4787,87,47,-1.125,0.07499999999999996,0,nan,147,0.0,147,0.02199999988079071
4788,88,47,-1.1549999999999998,0.07499999999999996,0,nan,147,0.0,147,0.02199999988079071
4789,89,47,-1.185,0.07499999999999996,0,nan,147,0.0,147,0.02199999988079071
4790,90,47,-1.2149999999999999,0.07499999999999996,0,nan,147,0.0,147,0.02199999988079071
4791,91,47,-1.245,0.07499999999999996,0,nan,147,0.0,147,0.02199999988079071
4792,92,47,-1.275,0.07499999999999996,0,nan,147,0.0,147,0.02199999988079071
4793,93,47,-1.3049999999999997,0.07499999999999996,0,nan,147,0.0,147,0.02199999988079071
4794,94,47,-1.335,0.07499999999999996,0,nan,147,0.0,147,0.02199999988079071
4795,95,47,-1.3649999999999998,0.07499999999999996,0,nan,147,0.0,147,0.02199999988079071
4796,96,47,-1.395,0.07499999999999996,0,nan,147,0.0,147,0.02199999988079071
4797,97,47,-1.4249999999999998,0.07499999999999996,0,nan,147,0.0,147,0.0
4798,98,47,-1.455,0.07499999999999996,0,nan,147,0.0,147,0.0
4799,99,47,-1.4849999999999999,0.07499999999999996,0,nan,147,0.0,147,0.0
4800,0,48,1.485,0.04500000000000015,0,nan,147,0.0,147,0.0
4801,1,48,1.455,0.04500000000000015,0,nan,147,0.0,147,0.0
4802,2,48,1.425,0.04500000000000015,0,nan,147,0.0,147,0.0
4803,3,48,1.395,0.04500000000000015,0,nan,147,0.0,147,0.02199999988079071
4804,4,48,1.365,0.04500000000000015,0,nan,147,0.0,147,0.02199999988079071
4805,5,48,1.335,0.04500000000000015,0,nan,147,0.0,147,0.02199999988079071
4806,6,48,1.305,0.04500000000000015,0,nan,147,0.0,147,0.02199999988079071
4807,7,48,1.275,0.04500000000000015,0,nan,147,0.0,147,0.02199999988079071
4808,8,48,1.245,0.04500000000000015,0,nan,147,0.0,147,0.02199999988079071
4809,9,48,1.215,0.04500000000000015,0,nan,147,0.0,147,0.02199999988079071
4810,10,48,1.185,0.04500000000000015,119,-0.5887068510055542,147,0.0,147,0.0
4811,11,48,1.155,0.04500000000000015,121,-0.5879398584365845,147,0.0,147,0.0
4812,12,48,1.125,0.04500000000000015,125,-0.5873884558677673,147,0.0,147,0.0
4813,13,48,1.095,0.04500000000000015,146,-0.5885767936706543,147,0.0,147,0.0
4814,14,48,1.065,0.04500000000000015,147,-0.5902949571609497,147,0.0,147,0.0
4815,15,48,1.0350000000000001,0.04500000000000015,147,-0.5914098620414734,147,1.5693554878234863,147,0.10000000149011612
4816,16,48,1.005,0.04500000000000015,141,-0.690111517906189,147,1.6031785011291504,147,0.10000000149011612
4817,17,48,0.975,0.04500000000000015,147,-0.6914177536964417,147,0.030827708542346954,147,0.0
4818,18,48,0.9450000000000001,0.04500000000000015,147,-0.6914177536964417,147,0.0,147,0.0
4819,19,48,0.915,0.04500000000000015,147,-0.6914177536964417,147,0.0026722748298197985,147,0.0
4820,20,48,0.885,0.04500000000000015,147,-0.6914177536964417,147,0.0026722748298197985,147,0.0
4821,21,48,0.855,0.04500000000000015,147,-0.6914177536964417,147,0.0026722748298197985,147,0.0
4822,22,48,0.8250000000000001,0.04500000000000015,147,-0.6906211972236633,147,0.14797881245613098,147,0.0
4823,23,48,0.795,0.04500000000000015,147,-0.6813945770263672,147,0.33024269342422485,147,0.0
4824,24,48,0.765,0.04500000000000015,147,-0.6689260005950928,147,0.42557594180107117,147,0.0
4825,25,48,0.735,0.04500000000000015,147,-0.656407356262207,147,0.4184440076351166,147,0.0
4826,26,48,0.7050000000000001,0.04500000000000015,147,-0.6435736417770386,147,0.4308576285839081,147,0.0
4827,27,48,0.675,0.04500000000000015,147,-0.6302522420883179,147,0.4100746214389801,147,0.0
4828,28,48,0.645,0.04500000000000015,147,-0.6188914179801941,147,0.4028501808643341,147,0.0
4829,29,48,0.615,0.04500000000000015,147,-0.6063172817230225,147,0.42900076508522034,147,0.0
4830,30,48,0.5850000000000001,0.04500000000000015,147,-0.5936834812164307,147,0.4151673913002014,147,0.0
4831,31,48,0.555,0.04500000000000015,147,-0.5825019478797913,147,0.43758538365364075,147,0.0
4832,32,48,0.525,0.04500000000000015,147,-0.5674673318862915,147,0.44063130021095276,147,0.0
4833,33,48,0.4950000000000001,0.04500000000000015,147,-0.5561893582344055,147,0.3038267195224762,147,0.0
4834,34,48,0.4650000000000001,0.04500000000000015,140,-0.5497438013553619,147,0.7408629059791565,147,0.0
4835,35,48,0.43500000000000005,0.04500000000000015,147,-0.5125423669815063,147,0.6192923784255981,147,0.0
4836,36,48,0.405,0.04500000000000015,147,-0.5125293135643005,147,0.0,147,0.0
4837,37,48,0.375,0.04500000000000015,147,-0.5124765038490295,147,0.0,147,0.0
4838,38,48,0.345,0.04500000000000015,147,-0.5114240050315857,147,0.0,147,0.0
4839,39,48,0.31499999999999995,0.04500000000000015,147,-0.5101888179779053,147,0.0,147,0.0
4840,40,48,0.28500000000000014,0.04500000000000015,147,-0.5091337561607361,147,0.006952881813049316,147,0.0
4841,41,48,0.2550000000000001,0.04500000000000015,147,-0.5085003972053528,147,0.030622689053416252,147,0.0
4842,42,48,0.2250000000000001,0.04500000000000015,147,-0.5078914165496826,147,0.032505154609680176,147,0.0
4843,43,48,0.19500000000000006,0.04500000000000015,147,-0.5076366066932678,147,0.022105375304818153,147,0.0
4844,44,48,0.16500000000000004,0.04500000000000015,147,-0.5073099136352539,147,0.018315514549613,147,0.0
4845,45,48,0.135,0.04500000000000015,147,-0.5064058899879456,147,0.014328956604003906,147,0.0
4846,46,48,0.10499999999999998,0.04500000000000015,147,-0.5060046911239624,147,0.010445713996887207,147,0.0
4847,47,48,0.07499999999999996,0.04500000000000015,147,-0.505754828453064,147,0.005568988621234894,147,0.0
4848,48,48,0.04500000000000015,0.04500000000000015,147,-0.5057280659675598,147,0.0,147,0.0
4849,49,48,0.015000000000000124,0.04500000000000015,147,-0.5054687261581421,147,0.0,147,0.0
4850,50,48,-0.014999999999999902,0.04500000000000015,147,-0.5052298903465271,147,0.0,147,0.0
4851,51,48,-0.04499999999999993,0.04500000000000015,147,-0.5053770542144775,147,0.0,147,0.0
4852,52,48,-0.07499999999999996,0.04500000000000015,147,-0.50544673204422,147,0.010414485819637775,147,0.0
4853,53,48,-0.10499999999999998,0.04500000000000015,147,-0.5057280659675598,147,0.04858817160129547,147,0.0
4854,54,48,-0.135,0.04500000000000015,147,-0.5071504712104797,147,0.03397860750555992,147,0.0
4855,55,48,-0.16500000000000004,0.04500000000000015,147,-0.5060060024261475,147,0.03714362904429436,147,0.0
4856,56,48,-0.19499999999999984,0.04500000000000015,147,-0.5055233240127563,147,0.018783411011099815,147,0.0
4857,57,48,-0.22499999999999987,0.04500000000000015,147,-0.5049723982810974,147,0.015516082756221294,147,0.0
4858,58,48,-0.2549999999999999,0.04500000000000015,147,-0.5040470957756042,147,0.0034679968375712633,147,0.0
4859,59,48,-0.2849999999999999,0.04500000000000015,147,-0.503439724445343,147,0.008018811233341694,147,0.0
4860,60,48,-0.31499999999999995,0.04500000000000015,147,-0.5019159317016602,147,0.0,147,0.0
4861,61,48,-0.345,0.04500000000000015,147,-0.5023461580276489,147,0.0019930191338062286,147,0.0
4862,62,48,-0.375,0.04500000000000015,147,-0.5033336281776428,147,0.0026225876063108444,147,0.0
4863,63,48,-0.405,0.04500000000000015,147,-0.5029389262199402,147,0.012499094009399414,147,0.0
4864,64,48,-0.43499999999999983,0.04500000000000015,147,-0.5022056102752686,147,0.030229171738028526,147,0.0
4865,65,48,-0.46499999999999986,0.04500000000000015,147,-0.502391517162323,147,0.016694268211722374,147,0.0
4866,66,48,-0.4949999999999999,0.04500000000000015,147,-0.5027564167976379,147,0.022727275267243385,147,0.0
4867,67,48,-0.5249999999999999,0.04500000000000015,147,-0.5032850503921509,147,0.019749006256461143,147,0.0
4868,68,48,-0.5549999999999997,0.04500000000000015,147,-0.5048471689224243,147,0.013846231624484062,147,0.0
4869,69,48,-0.585,0.04500000000000015,147,-0.5046249032020569,147,0.010794401168823242,147,0.0
4870,70,48,-0.6149999999999998,0.04500000000000015,147,-0.5047312378883362,147,0.01268287468701601,147,0.0
4871,71,48,-0.645,0.04500000000000015,147,-0.5052335262298584,147,0.017261551693081856,147,0.0
4872,72,48,-0.6749999999999998,0.04500000000000015,147,-0.5052894353866577,147,0.020936131477355957,147,0.0
4873,73,48,-0.7050000000000001,0.04500000000000015,147,-0.5047515034675598,147,0.020875534042716026,147,0.0
4874,74,48,-0.7349999999999999,0.04500000000000015,147,-0.504174530506134,147,0.014652464538812637,147,0.0
4875,75,48,-0.7650000000000001,0.04500000000000015,147,-0.5038044452667236,147,0.012084445916116238,147,0.0
4876,76,48,-0.7949999999999999,0.04500000000000015,147,-0.5033003687858582,147,0.006416440010070801,147,0.0
4877,77,48,-0.8249999999999997,0.04500000000000015,147,-0.503132700920105,147,0.0,147,0.0
4878,78,48,-0.855,0.04500000000000015,147,-0.5030525922775269,147,0.0,147,0.0
4879,79,48,-0.8849999999999998,0.04500000000000015,147,-0.5030096769332886,147,0.0,147,0.0
4880,80,48,-0.915,0.04500000000000015,147,-0.5030096769332886,147,0.0,147,0.0
4881,81,48,-0.9449999999999998,0.04500000000000015,147,-0.5030096769332886,147,0.0027736027259379625,147,0.0
4882,82,48,-0.9750000000000001,0.04500000000000015,147,-0.5040284991264343,147,0.019407272338867188,147,0.0
4883,83,48,-1.005,0.04500000000000015,147,-0.5044901967048645,147,0.006457170005887747,147,0.0
4884,84,48,-1.0349999999999997,0.04500000000000015,147,-0.5052344799041748,147,0.002860029460862279,147,0.0
4885,85,48,-1.065,0.04500000000000015,147,-0.5061295628547668,147,0.0,147,0.0
4886,86,48,-1.0949999999999998,0.04500000000000015,47,-0.5058844685554504,147,0.0,147,0.02199999988079071
4887,87,48,-1.125,0.04500000000000015,0,nan,147,0.0,147,0.02199999988079071
4888,88,48,-1.1549999999999998,0.04500000000000015,0,nan,147,0.0,147,0.02199999988079071
4889,89,48,-1.185,0.04500000000000015,0,nan,147,0.0,147,0.02199999988079071
4890,90,48,-1.2149999999999999,0.04500000000000015,0,nan,147,0.0,147,0.02199999988079071
4891,91,48,-1.245,0.04500000000000015,0,nan,147,0.0,147,0.02199999988079071
4892,92,48,-1.275,0.04500000000000015,0,nan,147,0.0,147,0.02199999988079071
4893,93,48,-1.3049999999999997,0.04500000000000015,0,nan,147,0.0,147,0.02199999988079071
4894,94,48,-1.335,0.04500000000000015,0,nan,147,0.0,147,0.02199999988079071
4895,95,48,-1.3649999999999998,0.04500000000000015,0,nan,147,0.0,147,0.02199999988079071
4896,96,48,-1.395,0.04500000000000015,0,nan,147,0.0,147,0.02199999988079071
4897,97,48,-1.4249999999999998,0.04500000000000015,0,nan,147,0.0,147,0.0
4898,98,48,-1.455,0.04500000000000015,0,nan,147,0.0,147,0.0
4899,99,48,-1.4849999999999999,0.04500000000000015,0,nan,147,0.0,147,0.0
4900,0,49,1.485,0.015000000000000124,0,nan,147,0.0,147,0.0
4901,1,49,1.455,0.015000000000000124,0,nan,147,0.0,147,0.0
4902,2,49,1.425,0.015000000000000124,0,nan,147,0.0,147,0.0
4903,3,49,1.395,0.015000000000000124,0,nan,147,0.0,147,0.02199999988079071
4904,4,49,1.365,0.015000000000000124,0,nan,147,0.0,147,0.02199999988079071
4905,5,49,1.335,0.015000000000000124,0,nan,147,0.0,147,0.02199999988079071
4906,6,49,1.305,0.015000000000000124,0,nan,147,0.0,147,0.02199999988079071
4907,7,49,1.275,0.015000000000000124,0,nan,147,0.0,147,0.02199999988079071
4908,8,49,1.245,0.015000000000000124,0,nan,147,0.0,147,0.02199999988079071
4909,9,49,1.215,0.015000000000000124,0,nan,147,0.0,147,0.02199999988079071
4910,10,49,1.185,0.015000000000000124,122,-0.588481068611145,147,0.0,147,0.0
4911,11,49,1.155,0.015000000000000124,123,-0.5878459811210632,147,0.0,147,0.0
4912,12,49,1.125,0.015000000000000124,125,-0.5873345136642456,147,0.0,147,0.0
4913,13,49,1.095,0.015000000000000124,147,-0.5878459811210632,147,0.0,147,0.0
4914,14,49,1.065,0.015000000000000124,147,-0.5898059606552124,147,0.0,147,0.0
4915,15,49,1.0350000000000001,0.015000000000000124,147,-0.5908893942832947,147,1.564754605293274,147,0.10000000149011612
4916,16,49,1.005,0.015000000000000124,143,-0.6896661520004272,147,1.60883367061615,147,0.10000000149011612
4917,17,49,0.975,0.015000000000000124,147,-0.6910306215286255,147,0.040536075830459595,147,0.0
4918,18,49,0.9450000000000001,0.015000000000000124,147,-0.6910306215286255,147,0.0,147,0.0
4919,19,49,0.915,0.015000000000000124,147,-0.6910306215286255,147,0.005109111312776804,147,0.0
4920,20,49,0.885,0.015000000000000124,147,-0.6910306215286255,147,0.005109111312776804,147,0.0
4921,21,49,0.855,0.015000000000000124,147,-0.6910306215286255,147,0.005109111312776804,147,0.0
4922,22,49,0.8250000000000001,0.015000000000000124,147,-0.6906022429466248,147,0.13251972198486328,147,0.0
4923,23,49,0.795,0.015000000000000124,147,-0.6814805865287781,147,0.31955686211586,147,0.0
4924,24,49,0.765,0.015000000000000124,147,-0.6688981056213379,147,0.4357709288597107,147,0.0
4925,25,49,0.735,0.015000000000000124,147,-0.6558719873428345,147,0.42547452449798584,147,0.0
4926,26,49,0.7050000000000001,0.015000000000000124,147,-0.6426483988761902,147,0.42802879214286804,147,0.0
4927,27,49,0.675,0.015000000000000124,147,-0.6296476721763611,147,0.3918910622596741,147,0.0
4928,28,49,0.645,0.015000000000000124,147,-0.6188914179801941,147,0.39728879928588867,147,0.0
4929,29,49,0.615,0.015000000000000124,147,-0.6063308119773865,147,0.414053350687027,147,0.0
4930,30,49,0.5850000000000001,0.015000000000000124,147,-0.5941479206085205,147,0.39313673973083496,147,0.0
4931,31,49,0.555,0.015000000000000124,147,-0.583573579788208,147,0.44074752926826477,147,0.0
4932,32,49,0.525,0.015000000000000124,147,-0.5675207376480103,147,0.4589099586009979,147,0.0
4933,33,49,0.4950000000000001,0.015000000000000124,147,-0.5561893582344055,147,0.3012599050998688,147,0.0
4934,34,49,0.4650000000000001,0.015000000000000124,141,-0.549761950969696,147,0.7421895861625671,147,0.0
4935,35,49,0.43500000000000005,0.015000000000000124,147,-0.5126064419746399,147,0.6233265399932861,147,0.0
4936,36,49,0.405,0.015000000000000124,147,-0.5124765038490295,147,0.0,147,0.0
4937,37,49,0.375,0.015000000000000124,147,-0.5122679471969604,147,0.0,147,0.0
4938,38,49,0.345,0.015000000000000124,147,-0.5114222168922424,147,0.0,147,0.0
4939,39,49,0.31499999999999995,0.015000000000000124,147,-0.5101888179779053,147,0.005419055465608835,147,0.0
4940,40,49,0.28500000000000014,0.015000000000000124,147,-0.509217381477356,147,0.019248327240347862,147,0.0
4941,41,49,0.2550000000000001,0.015000000000000124,147,-0.5084598064422607,147,0.03307555243372917,147,0.0
4942,42,49,0.2250000000000001,0.015000000000000124,147,-0.5079626441001892,147,0.042182207107543945,147,0.0
4943,43,49,0.19500000000000006,0.015000000000000124,147,-0.5076701641082764,147,0.027956565842032433,147,0.0
4944,44,49,0.16500000000000004,0.015000000000000124,147,-0.5074018239974976,147,0.01887480355799198,147,0.0
4945,45,49,0.135,0.015000000000000124,147,-0.5065722465515137,147,0.013970335014164448,147,0.0
4946,46,49,0.10499999999999998,0.015000000000000124,147,-0.5062176585197449,147,0.010894007980823517,147,0.0
4947,47,49,0.07499999999999996,0.015000000000000124,147,-0.505902111530304,147,0.007223995868116617,147,0.0
4948,48,49,0.04500000000000015,0.015000000000000124,147,-0.5057551264762878,147,0.004842877388000488,147,0.0
4949,49,49,0.015000000000000124,0.015000000000000124,147,-0.5055359601974487,147,0.002397100208327174,147,0.0
4950,50,49,-0.014999999999999902,0.015000000000000124,147,-0.5053770542144775,147,0.0,147,0.0
4951,51,49,-0.04499999999999993,0.015000000000000124,147,-0.5051092505455017,147,0.0,147,0.0
4952,52,49,-0.07499999999999996,0.015000000000000124,147,-0.50544673204422,147,0.011721253395080566,147,0.0
4953,53,49,-0.10499999999999998,0.015000000000000124,147,-0.5057280659675598,147,0.04452963545918465,147,0.0
4954,54,49,-0.135,0.015000000000000124,147,-0.5070310235023499,147,0.03160422295331955,147,0.0
4955,55,49,-0.16500000000000004,0.015000000000000124,147,-0.5058062076568604,147,0.04000167176127434,147,0.0
4956,56,49,-0.19499999999999984,0.015000000000000124,147,-0.5054687261581421,147,0.023230910301208496,147,0.0
4957,57,49,-0.22499999999999987,0.015000000000000124,147,-0.5049723982810974,147,0.01522501278668642,147,0.0
4958,58,49,-0.2549999999999999,0.015000000000000124,147,-0.5040470957756042,147,0.003221424063667655,147,0.0
4959,59,49,-0.2849999999999999,0.015000000000000124,147,-0.5033336281776428,147,0.0042786202393472195,147,0.0
4960,60,49,-0.31499999999999995,0.015000000000000124,147,-0.5025964379310608,147,0.0,147,0.0
4961,61,49,-0.345,0.015000000000000124,147,-0.5026237368583679,147,0.0,147,0.0
4962,62,49,-0.375,0.015000000000000124,147,-0.503555178642273,147,0.0017633041134104133,147,0.0
4963,63,49,-0.405,0.015000000000000124,147,-0.503439724445343,147,0.020383622497320175,147,0.0
4964,64,49,-0.43499999999999983,0.015000000000000124,147,-0.5025426745414734,147,0.02970544807612896,147,0.0
4965,65,49,-0.46499999999999986,0.015000000000000124,147,-0.5026859045028687,147,0.012799103744328022,147,0.0
4966,66,49,-0.4949999999999999,0.015000000000000124,147,-0.5030777454376221,147,0.020752357318997383,147,0.0
4967,67,49,-0.5249999999999999,0.015000000000000124,147,-0.5035361647605896,147,0.01794913038611412,147,0.0
4968,68,49,-0.5549999999999997,0.015000000000000124,147,-0.5048169493675232,147,0.013256072998046875,147,0.0
4969,69,49,-0.585,0.015000000000000124,147,-0.5047312378883362,147,0.007506211753934622,147,0.0
4970,70,49,-0.6149999999999998,0.015000000000000124,147,-0.5048169493675232,147,0.009580452926456928,147,0.0
4971,71,49,-0.645,0.015000000000000124,147,-0.5052335262298584,147,0.013997157104313374,147,0.0
4972,72,49,-0.6749999999999998,0.015000000000000124,147,-0.5053311586380005,147,0.019584599882364273,147,0.0
4973,73,49,-0.7050000000000001,0.015000000000000124,147,-0.5048083066940308,147,0.020875534042716026,147,0.0
4974,74,49,-0.7349999999999999,0.015000000000000124,147,-0.5043418407440186,147,0.012924273498356342,147,0.0
4975,75,49,-0.7650000000000001,0.015000000000000124,147,-0.5039018392562866,147,0.009548664093017578,147,0.0
4976,76,49,-0.7949999999999999,0.015000000000000124,147,-0.5033531785011292,147,0.004089871887117624,147,0.0
4977,77,49,-0.8249999999999997,0.015000000000000124,147,-0.5032125115394592,147,0.0,147,0.0
4978,78,49,-0.855,0.015000000000000124,147,-0.5032287836074829,147,0.0,147,0.0
4979,79,49,-0.8849999999999998,0.015000000000000124,147,-0.5032125115394592,147,0.0,147,0.0
4980,80,49,-0.915,0.015000000000000124,147,-0.5032125115394592,147,0.0,147,0.0
4981,81,49,-0.9449999999999998,0.015000000000000124,147,-0.5032287836074829,147,0.0003933906555175781,147,0.0
4982,82,49,-0.9750000000000001,0.015000000000000124,147,-0.5040284991264343,147,0.017404556274414062,147,0.0
4983,83,49,-1.005,0.015000000000000124,147,-0.5044901967048645,147,0.006457170005887747,147,0.0
4984,84,49,-1.0349999999999997,0.015000000000000124,147,-0.5052344799041748,147,0.001677870750427246,147,0.0
4985,85,49,-1.065,0.015000000000000124,147,-0.5061295628547668,147,0.0,147,0.0
4986,86,49,-1.0949999999999998,0.015000000000000124,47,-0.5058844685554504,147,0.0,147,0.02199999988079071
4987,87,49,-1.125,0.015000000000000124,0,nan,147,0.0,147,0.02199999988079071
4988,88,49,-1.1549999999999998,0.015000000000000124,0,nan,147,0.0,147,0.02199999988079071
4989,89,49,-1.185,0.015000000000000124,0,nan,147,0.0,147,0.02199999988079071
4990,90,49,-1.2149999999999999,0.015000000000000124,0,nan,147,0.0,147,0.02199999988079071
4991,91,49,-1.245,0.015000000000000124,0,nan,147,0.0,147,0.02199999988079071
4992,92,49,-1.275,0.015000000000000124,0,nan,147,0.0,147,0.02199999988079071
4993,93,49,-1.3049999999999997,0.015000000000000124,0,nan,147,0.0,147,0.02199999988079071
4994,94,49,-1.335,0.015000000000000124,0,nan,147,0.0,147,0.02199999988079071
4995,95,49,-1.3649999999999998,0.015000000000000124,0,nan,147,0.0,147,0.02199999988079071
4996,96,49,-1.395,0.015000000000000124,0,nan,147,0.0,147,0.02199999988079071
4997,97,49,-1.4249999999999998,0.015000000000000124,0,nan,147,0.0,147,0.0
4998,98,49,-1.455,0.015000000000000124,0,nan,147,0.0,147,0.0
4999,99,49,-1.4849999999999999,0.015000000000000124,0,nan,147,0.0,147,0.0
5000,0,50,1.485,-0.014999999999999902,0,nan,147,0.0,147,0.0
5001,1,50,1.455,-0.014999999999999902,0,nan,147,0.0,147,0.0
5002,2,50,1.425,-0.014999999999999902,0,nan,147,0.0,147,0.0
5003,3,50,1.395,-0.014999999999999902,0,nan,147,0.0,147,0.02199999988079071
5004,4,50,1.365,-0.014999999999999902,0,nan,147,0.0,147,0.02199999988079071
5005,5,50,1.335,-0.014999999999999902,0,nan,147,0.0,147,0.02199999988079071
5006,6,50,1.305,-0.014999999999999902,0,nan,147,0.0,147,0.02199999988079071
5007,7,50,1.275,-0.014999999999999902,0,nan,147,0.0,147,0.02199999988079071
5008,8,50,1.245,-0.014999999999999902,0,nan,147,0.0,147,0.02199999988079071
5009,9,50,1.215,-0.014999999999999902,0,nan,147,0.0,147,0.02199999988079071
5010,10,50,1.185,-0.014999999999999902,128,-0.5881814658641815,147,0.0,147,0.0
5011,11,50,1.155,-0.014999999999999902,127,-0.5878435969352722,147,0.0,147,0.0
5012,12,50,1.125,-0.014999999999999902,125,-0.5873345136642456,147,0.0,147,0.0
5013,13,50,1.095,-0.014999999999999902,147,-0.5876703858375549,147,0.0,147,0.0
5014,14,50,1.065,-0.014999999999999902,147,-0.5894970297813416,147,0.0,147,0.0
5015,15,50,1.0350000000000001,-0.014999999999999902,147,-0.5905142426490784,147,1.5503307580947876,147,0.10000000149011612
5016,16,50,1.005,-0.014999999999999902,143,-0.6896661520004272,147,1.627172589302063,147,0.10000000149011612
5017,17,50,0.975,-0.014999999999999902,147,-0.691020667552948,147,0.038099244236946106,147,0.0
5018,18,50,0.9450000000000001,-0.014999999999999902,147,-0.691020667552948,147,0.00018974144768435508,147,0.0
5019,19,50,0.915,-0.014999999999999902,147,-0.691020667552948,147,0.008857250213623047,147,0.0
5020,20,50,0.885,-0.014999999999999902,147,-0.691020667552948,147,0.008857250213623047,147,0.0
5021,21,50,0.855,-0.014999999999999902,147,-0.691020667552948,147,0.008857250213623047,147,0.0
5022,22,50,0.8250000000000001,-0.014999999999999902,147,-0.6906022429466248,147,0.12054989486932755,147,0.0
5023,23,50,0.795,-0.014999999999999902,147,-0.6818181872367859,147,0.31621256470680237,147,0.0
5024,24,50,0.765,-0.014999999999999902,147,-0.6688546538352966,147,0.44114208221435547,147,0.0
5025,25,50,0.735,-0.014999999999999902,147,-0.6558672785758972,147,0.42998194694519043,147,0.0
5026,26,50,0.7050000000000001,-0.014999999999999902,147,-0.6419095993041992,147,0.4271606504917145,147,0.0
5027,27,50,0.675,-0.014999999999999902,147,-0.6294161677360535,147,0.38178762793540955,147,0.0
5028,28,50,0.645,-0.014999999999999902,147,-0.618915319442749,147,0.3837009072303772,147,0.0
5029,29,50,0.615,-0.014999999999999902,147,-0.6065515875816345,147,0.4094057083129883,147,0.0
5030,30,50,0.5850000000000001,-0.014999999999999902,147,-0.5944769382476807,147,0.38138481974601746,147,0.0
5031,31,50,0.555,-0.014999999999999902,147,-0.5843293070793152,147,0.45023423433303833,147,0.0
5032,32,50,0.525,-0.014999999999999902,147,-0.5678163766860962,147,0.4720916748046875,147,0.0
5033,33,50,0.4950000000000001,-0.014999999999999902,147,-0.5560731291770935,147,0.3038267195224762,147,0.0
5034,34,50,0.4650000000000001,-0.014999999999999902,142,-0.5497826933860779,147,0.7347087264060974,147,0.0
5035,35,50,0.43500000000000005,-0.014999999999999902,147,-0.512945294380188,147,0.6181080937385559,147,0.0
5036,36,50,0.405,-0.014999999999999902,147,-0.512945294380188,147,0.0006377696990966797,147,0.0
5037,37,50,0.375,-0.014999999999999902,147,-0.512930154800415,147,0.0,147,0.0
5038,38,50,0.345,-0.014999999999999902,147,-0.5117243528366089,147,0.0,147,0.0
5039,39,50,0.31499999999999995,-0.014999999999999902,147,-0.510653555393219,147,0.011949058622121811,147,0.0
5040,40,50,0.28500000000000014,-0.014999999999999902,147,-0.5092326998710632,147,0.02301832102239132,147,0.0
5041,41,50,0.2550000000000001,-0.014999999999999902,147,-0.5085210800170898,147,0.03567061573266983,147,0.0
5042,42,50,0.2250000000000001,-0.014999999999999902,147,-0.5082516670227051,147,0.04969941824674606,147,0.0
5043,43,50,0.19500000000000006,-0.014999999999999902,147,-0.5078953504562378,147,0.04011061415076256,147,0.0
5044,44,50,0.16500000000000004,-0.014999999999999902,147,-0.5076345801353455,147,0.022291144356131554,147,0.0
5045,45,50,0.135,-0.014999999999999902,147,-0.5066719651222229,147,0.02052917703986168,147,0.0
5046,46,50,0.10499999999999998,-0.014999999999999902,147,-0.5064318180084229,147,0.012555718421936035,147,0.0
5047,47,50,0.07499999999999996,-0.014999999999999902,147,-0.5060234665870667,147,0.008519490249454975,147,0.0
5048,48,50,0.04500000000000015,-0.014999999999999902,147,-0.5057280659675598,147,0.0049504986964166164,147,0.0
5049,49,50,0.015000000000000124,-0.014999999999999902,147,-0.5055233240127563,147,0.0010669231414794922,147,0.0
5050,50,50,-0.014999999999999902,-0.014999999999999902,147,-0.505348801612854,147,0.0,147,0.0
5051,51,50,-0.04499999999999993,-0.014999999999999902,147,-0.5052046775817871,147,0.0015904506435617805,147,0.0
5052,52,50,-0.07499999999999996,-0.014999999999999902,147,-0.50544673204422,147,0.009630555287003517,147,0.0
5053,53,50,-0.10499999999999998,-0.014999999999999902,147,-0.5057280659675598,147,0.04514853283762932,147,0.0
5054,54,50,-0.135,-0.014999999999999902,147,-0.5069423317909241,147,0.02561112307012081,147,0.0
5055,55,50,-0.16500000000000004,-0.014999999999999902,147,-0.5055359601974487,147,0.03817056864500046,147,0.0
5056,56,50,-0.19499999999999984,-0.014999999999999902,147,-0.5049723982810974,147,0.023230910301208496,147,0.0
5057,57,50,-0.22499999999999987,-0.014999999999999902,147,-0.5044335722923279,147,0.01522501278668642,147,0.0
5058,58,50,-0.2549999999999999,-0.014999999999999902,147,-0.5037810206413269,147,0.009000108577311039,147,0.0
5059,59,50,-0.2849999999999999,-0.014999999999999902,147,-0.5031704902648926,147,0.003882249118760228,147,0.0
5060,60,50,-0.31499999999999995,-0.014999999999999902,147,-0.5025964379310608,147,0.0,147,0.0
5061,61,50,-0.345,-0.014999999999999902,147,-0.5028320550918579,147,0.0,147,0.0
5062,62,50,-0.375,-0.014999999999999902,147,-0.5036256909370422,147,0.0030691875144839287,147,0.0
5063,63,50,-0.405,-0.014999999999999902,147,-0.5034728646278381,147,0.024143854156136513,147,0.0
5064,64,50,-0.43499999999999983,-0.014999999999999902,147,-0.5028320550918579,147,0.03132305294275284,147,0.0
5065,65,50,-0.46499999999999986,-0.014999999999999902,147,-0.5029389262199402,147,0.004366040229797363,147,0.0
5066,66,50,-0.4949999999999999,-0.014999999999999902,147,-0.5033854246139526,147,0.01039604377001524,147,0.0
5067,67,50,-0.5249999999999999,-0.014999999999999902,147,-0.5036628246307373,147,0.013745824806392193,147,0.0
5068,68,50,-0.5549999999999997,-0.014999999999999902,147,-0.5049884915351868,147,0.00553131103515625,147,0.0
5069,69,50,-0.585,-0.014999999999999902,147,-0.5048446655273438,147,0.0010162591934204102,147,0.0
5070,70,50,-0.6149999999999998,-0.014999999999999902,147,-0.5049213171005249,147,0.005519390106201172,147,0.0
5071,71,50,-0.645,-0.014999999999999902,147,-0.5053415894508362,147,0.013314683921635151,147,0.0
5072,72,50,-0.6749999999999998,-0.014999999999999902,147,-0.5054813027381897,147,0.016362573951482773,147,0.0
5073,73,50,-0.7050000000000001,-0.014999999999999902,147,-0.5048169493675232,147,0.01839868724346161,147,0.0
5074,74,50,-0.7349999999999999,-0.014999999999999902,147,-0.5043825507164001,147,0.012195110321044922,147,0.0
5075,75,50,-0.7650000000000001,-0.014999999999999902,147,-0.5038112998008728,147,0.006416440010070801,147,0.0
5076,76,50,-0.7949999999999999,-0.014999999999999902,147,-0.5033314824104309,147,0.0006626049871556461,147,0.0
5077,77,50,-0.8249999999999997,-0.014999999999999902,147,-0.5032050013542175,147,0.0,147,0.0
5078,78,50,-0.855,-0.014999999999999902,147,-0.5032287836074829,147,0.0,147,0.0
5079,79,50,-0.8849999999999998,-0.014999999999999902,147,-0.5032125115394592,147,0.0,147,0.0
5080,80,50,-0.915,-0.014999999999999902,147,-0.5032125115394592,147,0.0,147,0.0
5081,81,50,-0.9449999999999998,-0.014999999999999902,147,-0.5032287836074829,147,0.0,147,0.0
5082,82,50,-0.9750000000000001,-0.014999999999999902,147,-0.5040284991264343,147,0.014838576316833496,147,0.0
5083,83,50,-1.005,-0.014999999999999902,147,-0.5044901967048645,147,0.005853176116943359,147,0.0
5084,84,50,-1.0349999999999997,-0.014999999999999902,147,-0.5052344799041748,147,0.001677870750427246,147,0.0
5085,85,50,-1.065,-0.014999999999999902,147,-0.5061295628547668,147,0.0,147,0.0
5086,86,50,-1.0949999999999998,-0.014999999999999902,47,-0.5058844685554504,147,0.0,147,0.02199999988079071
5087,87,50,-1.125,-0.014999999999999902,0,nan,147,0.0,147,0.02199999988079071
5088,88,50,-1.1549999999999998,-0.014999999999999902,0,nan,147,0.0,147,0.02199999988079071
5089,89,50,-1.185,-0.014999999999999902,0,nan,147,0.0,147,0.02199999988079071
5090,90,50,-1.2149999999999999,-0.014999999999999902,0,nan,147,0.0,147,0.02199999988079071
5091,91,50,-1.245,-0.014999999999999902,0,nan,147,0.0,147,0.02199999988079071
5092,92,50,-1.275,-0.014999999999999902,0,nan,147,0.0,147,0.02199999988079071
5093,93,50,-1.3049999999999997,-0.014999999999999902,0,nan,147,0.0,147,0.02199999988079071
5094,94,50,-1.335,-0.014999999999999902,0,nan,147,0.0,147,0.02199999988079071
5095,95,50,-1.3649999999999998,-0.014999999999999902,0,nan,147,0.0,147,0.02199999988079071
5096,96,50,-1.395,-0.014999999999999902,0,nan,147,0.0,147,0.02199999988079071
5097,97,50,-1.4249999999999998,-0.014999999999999902,0,nan,147,0.0,147,0.0
5098,98,50,-1.455,-0.014999999999999902,0,nan,147,0.0,147,0.0
5099,99,50,-1.4849999999999999,-0.014999999999999902,0,nan,147,0.0,147,0.0
5100,0,51,1.485,-0.04499999999999993,0,nan,147,0.0,147,0.0
5101,1,51,1.455,-0.04499999999999993,0,nan,147,0.0,147,0.0
5102,2,51,1.425,-0.04499999999999993,0,nan,147,0.0,147,0.0
5103,3,51,1.395,-0.04499999999999993,0,nan,147,0.0,147,0.02199999988079071
5104,4,51,1.365,-0.04499999999999993,0,nan,147,0.0,147,0.02199999988079071
5105,5,51,1.335,-0.04499999999999993,0,nan,147,0.0,147,0.02199999988079071
5106,6,51,1.305,-0.04499999999999993,0,nan,147,0.0,147,0.02199999988079071
5107,7,51,1.275,-0.04499999999999993,0,nan,147,0.0,147,0.02199999988079071
5108,8,51,1.245,-0.04499999999999993,0,nan,147,0.0,147,0.02199999988079071
5109,9,51,1.215,-0.04499999999999993,0,nan,147,0.0,147,0.02199999988079071
5110,10,51,1.185,-0.04499999999999993,129,-0.5879433751106262,147,0.0,147,0.0
5111,11,51,1.155,-0.04499999999999993,128,-0.5877569913864136,147,0.0,147,0.0
5112,12,51,1.125,-0.04499999999999993,130,-0.5874781310558319,147,0.0,147,0.0
5113,13,51,1.095,-0.04499999999999993,147,-0.5876217484474182,147,0.0,147,0.0
5114,14,51,1.065,-0.04499999999999993,147,-0.5894688367843628,147,0.0,147,0.0
5115,15,51,1.0350000000000001,-0.04499999999999993,147,-0.5903942584991455,147,1.5232315063476562,147,0.10000000149011612
5116,16,51,1.005,-0.04499999999999993,145,-0.6891604065895081,147,1.6303529739379883,147,0.10000000149011612
5117,17,51,0.975,-0.04499999999999993,147,-0.6909293532371521,147,0.03419120982289314,147,0.0
5118,18,51,0.9450000000000001,-0.04499999999999993,147,-0.6909293532371521,147,0.0,147,0.0
5119,19,51,0.915,-0.04499999999999993,147,-0.6909293532371521,147,0.0,147,0.0
5120,20,51,0.885,-0.04499999999999993,147,-0.6909293532371521,147,0.0,147,0.0
5121,21,51,0.855,-0.04499999999999993,147,-0.6909293532371521,147,0.0,147,0.0
5122,22,51,0.8250000000000001,-0.04499999999999993,147,-0.6905552744865417,147,0.12041323632001877,147,0.0
5123,23,51,0.795,-0.04499999999999993,147,-0.6818178296089172,147,0.3210878372192383,147,0.0
5124,24,51,0.765,-0.04499999999999993,147,-0.669305682182312,147,0.4469682574272156,147,0.0
5125,25,51,0.735,-0.04499999999999993,147,-0.6556558012962341,147,0.4344683885574341,147,0.0
5126,26,51,0.7050000000000001,-0.04499999999999993,147,-0.641784131526947,147,0.4271606504917145,147,0.0
5127,27,51,0.675,-0.04499999999999993,147,-0.6293721795082092,147,0.38178762793540955,147,0.0
5128,28,51,0.645,-0.04499999999999993,147,-0.6190425753593445,147,0.3736582398414612,147,0.0
5129,29,51,0.615,-0.04499999999999993,147,-0.607323944568634,147,0.3909968435764313,147,0.0
5130,30,51,0.5850000000000001,-0.04499999999999993,147,-0.5958670377731323,147,0.36303213238716125,147,0.0
5131,31,51,0.555,-0.04499999999999993,147,-0.5852975249290466,147,0.4569443464279175,147,0.0
5132,32,51,0.525,-0.04499999999999993,147,-0.5686343908309937,147,0.48674720525741577,147,0.0
5133,33,51,0.4950000000000001,-0.04499999999999993,147,-0.5559985637664795,147,0.3032130300998688,147,0.0
5134,34,51,0.4650000000000001,-0.04499999999999993,143,-0.5498034358024597,147,0.7292090654373169,147,0.0
5135,35,51,0.43500000000000005,-0.04499999999999993,147,-0.5125423669815063,147,0.6181080937385559,147,0.0
5136,36,51,0.405,-0.04499999999999993,147,-0.5125423669815063,147,0.0,147,0.0
5137,37,51,0.375,-0.04499999999999993,147,-0.5124310255050659,147,0.0,147,0.0
5138,38,51,0.345,-0.04499999999999993,147,-0.5114240050315857,147,0.0,147,0.0
5139,39,51,0.31499999999999995,-0.04499999999999993,147,-0.5110760927200317,147,0.005419055465608835,147,0.0
5140,40,51,0.28500000000000014,-0.04499999999999993,147,-0.5097100734710693,147,0.016319751739501953,147,0.0
5141,41,51,0.2550000000000001,-0.04499999999999993,147,-0.5088823437690735,147,0.0302731990814209,147,0.0
5142,42,51,0.2250000000000001,-0.04499999999999993,147,-0.5086873769760132,147,0.04474719241261482,147,0.0
5143,43,51,0.19500000000000006,-0.04499999999999993,147,-0.5081734657287598,147,0.03657142445445061,147,0.0
5144,44,51,0.16500000000000004,-0.04499999999999993,147,-0.5079582333564758,147,0.020258214324712753,147,0.0
5145,45,51,0.135,-0.04499999999999993,147,-0.5068992376327515,147,0.015607476234436035,147,0.0
5146,46,51,0.10499999999999998,-0.04499999999999993,147,-0.5066085457801819,147,0.014002124778926373,147,0.0
5147,47,51,0.07499999999999996,-0.04499999999999993,147,-0.5064578652381897,147,0.010275840759277344,147,0.0
5148,48,51,0.04500000000000015,-0.04499999999999993,147,-0.5059983134269714,147,0.00812376569956541,147,0.0
5149,49,51,0.015000000000000124,-0.04499999999999993,147,-0.5056973695755005,147,0.0,147,0.0
5150,50,51,-0.014999999999999902,-0.04499999999999993,147,-0.5055233240127563,147,0.0,147,0.0
5151,51,51,-0.04499999999999993,-0.04499999999999993,147,-0.5053770542144775,147,0.0,147,0.0
5152,52,51,-0.07499999999999996,-0.04499999999999993,147,-0.505649983882904,147,0.0063136275857687,147,0.0
5153,53,51,-0.10499999999999998,-0.04499999999999993,147,-0.5060967206954956,147,0.03813030943274498,147,0.0
5154,54,51,-0.135,-0.04499999999999993,147,-0.5070310235023499,147,0.022328414022922516,147,0.0
5155,55,51,-0.16500000000000004,-0.04499999999999993,147,-0.5057238340377808,147,0.03274281695485115,147,0.0
5156,56,51,-0.19499999999999984,-0.04499999999999993,147,-0.5053120851516724,147,0.019749006256461143,147,0.0
5157,57,51,-0.22499999999999987,-0.04499999999999993,147,-0.5044335722923279,147,0.016698619350790977,147,0.0
5158,58,51,-0.2549999999999999,-0.04499999999999993,147,-0.5037810206413269,147,0.010915100574493408,147,0.0
5159,59,51,-0.2849999999999999,-0.04499999999999993,147,-0.5031704902648926,147,0.0057349600829184055,147,0.0
5160,60,51,-0.31499999999999995,-0.04499999999999993,147,-0.5026237368583679,147,0.0,147,0.0
5161,61,51,-0.345,-0.04499999999999993,147,-0.5026237368583679,147,0.0009795030346140265,147,0.0
5162,62,51,-0.375,-0.04499999999999993,147,-0.5037810206413269,147,0.008844335563480854,147,0.0
5163,63,51,-0.405,-0.04499999999999993,147,-0.5039276480674744,147,0.03230571746826172,147,0.0
5164,64,51,-0.43499999999999983,-0.04499999999999993,147,-0.5028982162475586,147,0.034622352570295334,147,0.0
5165,65,51,-0.46499999999999986,-0.04499999999999993,147,-0.5030890107154846,147,0.0064780316315591335,147,0.0
5166,66,51,-0.4949999999999999,-0.04499999999999993,147,-0.5035361647605896,147,0.011719757691025734,147,0.0
5167,67,51,-0.5249999999999999,-0.04499999999999993,147,-0.5039272308349609,147,0.016818443313241005,147,0.0
5168,68,51,-0.5549999999999997,-0.04499999999999993,147,-0.5051220059394836,147,0.00653068209066987,147,0.0
5169,69,51,-0.585,-0.04499999999999993,147,-0.5049338340759277,147,0.007411837577819824,147,0.0
5170,70,51,-0.6149999999999998,-0.04499999999999993,147,-0.5051089525222778,147,0.004740556236356497,147,0.0
5171,71,51,-0.645,-0.04499999999999993,147,-0.505391538143158,147,0.012805064208805561,147,0.0
5172,72,51,-0.6749999999999998,-0.04499999999999993,147,-0.5054829716682434,147,0.012805064208805561,147,0.0
5173,73,51,-0.7050000000000001,-0.04499999999999993,147,-0.5048169493675232,147,0.018356772139668465,147,0.0
5174,74,51,-0.7349999999999999,-0.04499999999999993,147,-0.5043825507164001,147,0.010192394256591797,147,0.0
5175,75,51,-0.7650000000000001,-0.04499999999999993,147,-0.5038511753082275,147,0.006416440010070801,147,0.0
5176,76,51,-0.7949999999999999,-0.04499999999999993,147,-0.5033887624740601,147,0.0009099642629735172,147,0.0
5177,77,51,-0.8249999999999997,-0.04499999999999993,147,-0.5033037662506104,147,0.0,147,0.0
5178,78,51,-0.855,-0.04499999999999993,147,-0.5033037662506104,147,0.0,147,0.0
5179,79,51,-0.8849999999999998,-0.04499999999999993,147,-0.5033122897148132,147,0.0,147,0.0
5180,80,51,-0.915,-0.04499999999999993,147,-0.5033122897148132,147,0.0,147,0.0
5181,81,51,-0.9449999999999998,-0.04499999999999993,147,-0.5033314228057861,147,0.0014498515520244837,147,0.0
5182,82,51,-0.9750000000000001,-0.04499999999999993,147,-0.5040284991264343,147,0.016034642234444618,147,0.0
5183,83,51,-1.005,-0.04499999999999993,147,-0.5044901967048645,147,0.006623728666454554,147,0.0
5184,84,51,-1.0349999999999997,-0.04499999999999993,147,-0.5052344799041748,147,0.0008950631017796695,147,0.0
5185,85,51,-1.065,-0.04499999999999993,147,-0.5061295628547668,147,0.0,147,0.0
5186,86,51,-1.0949999999999998,-0.04499999999999993,47,-0.5058844685554504,147,0.0,147,0.02199999988079071
5187,87,51,-1.125,-0.04499999999999993,0,nan,147,0.0,147,0.02199999988079071
5188,88,51,-1.1549999999999998,-0.04499999999999993,0,nan,147,0.0,147,0.02199999988079071
5189,89,51,-1.185,-0.04499999999999993,0,nan,147,0.0,147,0.02199999988079071
5190,90,51,-1.2149999999999999,-0.04499999999999993,0,nan,147,0.0,147,0.02199999988079071
5191,91,51,-1.245,-0.04499999999999993,0,nan,147,0.0,147,0.02199999988079071
5192,92,51,-1.275,-0.04499999999999993,0,nan,147,0.0,147,0.02199999988079071
5193,93,51,-1.3049999999999997,-0.04499999999999993,0,nan,147,0.0,147,0.02199999988079071
5194,94,51,-1.335,-0.04499999999999993,0,nan,147,0.0,147,0.02199999988079071
5195,95,51,-1.3649999999999998,-0.04499999999999993,0,nan,147,0.0,147,0.02199999988079071
5196,96,51,-1.395,-0.04499999999999993,0,nan,147,0.0,147,0.02199999988079071
5197,97,51,-1.4249999999999998,-0.04499999999999993,0,nan,147,0.0,147,0.0
5198,98,51,-1.455,-0.04499999999999993,0,nan,147,0.0,147,0.0
5199,99,51,-1.4849999999999999,-0.04499999999999993,0,nan,147,0.0,147,0.0
5200,0,52,1.485,-0.07499999999999996,0,nan,147,0.0,147,0.0
5201,1,52,1.455,-0.07499999999999996,0,nan,147,0.0,147,0.0
5202,2,52,1.425,-0.07499999999999996,0,nan,147,0.0,147,0.0
5203,3,52,1.395,-0.07499999999999996,0,nan,147,0.0,147,0.02199999988079071
5204,4,52,1.365,-0.07499999999999996,0,nan,147,0.0,147,0.02199999988079071
5205,5,52,1.335,-0.07499999999999996,0,nan,147,0.0,147,0.02199999988079071
5206,6,52,1.305,-0.07499999999999996,0,nan,147,0.0,147,0.02199999988079071
5207,7,52,1.275,-0.07499999999999996,0,nan,147,0.0,147,0.02199999988079071
5208,8,52,1.245,-0.07499999999999996,0,nan,147,0.0,147,0.02199999988079071
5209,9,52,1.215,-0.07499999999999996,0,nan,147,0.0,147,0.02199999988079071
5210,10,52,1.185,-0.07499999999999996,133,-0.5885921716690063,147,0.0,147,0.0
5211,11,52,1.155,-0.07499999999999996,130,-0.5879333019256592,147,0.0,147,0.0
5212,12,52,1.125,-0.07499999999999996,141,-0.5879267454147339,147,0.0,147,0.0
5213,13,52,1.095,-0.07499999999999996,147,-0.5879267454147339,147,0.0,147,0.0
5214,14,52,1.065,-0.07499999999999996,147,-0.5894970297813416,147,0.0,147,0.0
5215,15,52,1.0350000000000001,-0.07499999999999996,147,-0.5903942584991455,147,1.515082836151123,147,0.10000000149011612
5216,16,52,1.005,-0.07499999999999996,145,-0.6888328790664673,147,1.6307414770126343,147,0.10000000149011612
5217,17,52,0.975,-0.07499999999999996,147,-0.691020667552948,147,0.06013910099864006,147,0.0
5218,18,52,0.9450000000000001,-0.07499999999999996,147,-0.691020667552948,147,0.0,147,0.0
5219,19,52,0.915,-0.07499999999999996,147,-0.691020667552948,147,0.0,147,0.0
5220,20,52,0.885,-0.07499999999999996,147,-0.691020667552948,147,0.0,147,0.0
5221,21,52,0.855,-0.07499999999999996,147,-0.691020667552948,147,0.0,147,0.0
5222,22,52,0.8250000000000001,-0.07499999999999996,147,-0.6903843879699707,147,0.10394507646560669,147,0.0
5223,23,52,0.795,-0.07499999999999996,147,-0.6816336512565613,147,0.32104620337486267,147,0.0
5224,24,52,0.765,-0.07499999999999996,147,-0.6688546538352966,147,0.4551297128200531,147,0.0
5225,25,52,0.735,-0.07499999999999996,147,-0.6554992198944092,147,0.4377683103084564,147,0.0
5226,26,52,0.7050000000000001,-0.07499999999999996,147,-0.6416852474212646,147,0.42490363121032715,147,0.0
5227,27,52,0.675,-0.07499999999999996,147,-0.6294161677360535,147,0.3737250864505768,147,0.0
5228,28,52,0.645,-0.07499999999999996,147,-0.6192811727523804,147,0.36376816034317017,147,0.0
5229,29,52,0.615,-0.07499999999999996,147,-0.6080850958824158,147,0.38136640191078186,147,0.0
5230,30,52,0.5850000000000001,-0.07499999999999996,147,-0.5967520475387573,147,0.37043139338493347,147,0.0
5231,31,52,0.555,-0.07499999999999996,147,-0.5856733322143555,147,0.4708558917045593,147,0.0
5232,32,52,0.525,-0.07499999999999996,147,-0.5679131746292114,147,0.4921780526638031,147,0.0
5233,33,52,0.4950000000000001,-0.07499999999999996,147,-0.5558415651321411,147,0.3094463348388672,147,0.0
5234,34,52,0.4650000000000001,-0.07499999999999996,145,-0.5497256517410278,147,0.7219095826148987,147,0.0
5235,35,52,0.43500000000000005,-0.07499999999999996,147,-0.5125423669815063,147,0.6206204295158386,147,0.0
5236,36,52,0.405,-0.07499999999999996,147,-0.5125163197517395,147,0.0,147,0.0
5237,37,52,0.375,-0.07499999999999996,147,-0.5122679471969604,147,0.0,147,0.0
5238,38,52,0.345,-0.07499999999999996,147,-0.5115146636962891,147,0.0,147,0.0
5239,39,52,0.31499999999999995,-0.07499999999999996,147,-0.511191189289093,147,0.011526544578373432,147,0.0
5240,40,52,0.28500000000000014,-0.07499999999999996,147,-0.510653555393219,147,0.019248327240347862,147,0.0
5241,41,52,0.2550000000000001,-0.07499999999999996,147,-0.5093718767166138,147,0.027667079120874405,147,0.0
5242,42,52,0.2250000000000001,-0.07499999999999996,147,-0.5091508030891418,147,0.04119763895869255,147,0.0
5243,43,52,0.19500000000000006,-0.07499999999999996,147,-0.5084612965583801,147,0.025454163551330566,147,0.0
5244,44,52,0.16500000000000004,-0.07499999999999996,147,-0.5081402659416199,147,0.01589258573949337,147,0.0
5245,45,52,0.135,-0.07499999999999996,147,-0.5074166655540466,147,0.011840462684631348,147,0.0
5246,46,52,0.10499999999999998,-0.07499999999999996,147,-0.506909966468811,147,0.010309617035090923,147,0.0
5247,47,52,0.07499999999999996,-0.07499999999999996,147,-0.5068233013153076,147,0.00444659311324358,147,0.0
5248,48,52,0.04500000000000015,-0.07499999999999996,147,-0.5061823129653931,147,0.0019192695617675781,147,0.0
5249,49,52,0.015000000000000124,-0.07499999999999996,147,-0.5056939721107483,147,0.0,147,0.0
5250,50,52,-0.014999999999999902,-0.07499999999999996,147,-0.505469024181366,147,0.0,147,0.0
5251,51,52,-0.04499999999999993,-0.07499999999999996,147,-0.5053436756134033,147,0.0,147,0.0
5252,52,52,-0.07499999999999996,-0.07499999999999996,147,-0.5056200623512268,147,0.0,147,0.0
5253,53,52,-0.10499999999999998,-0.07499999999999996,147,-0.5062253475189209,147,0.033849477767944336,147,0.0
5254,54,52,-0.135,-0.07499999999999996,147,-0.5070310235023499,147,0.015402336604893208,147,0.0
5255,55,52,-0.16500000000000004,-0.07499999999999996,147,-0.5057238340377808,147,0.030697384849190712,147,0.0
5256,56,52,-0.19499999999999984,-0.07499999999999996,147,-0.5053683519363403,147,0.017957258969545364,147,0.0
5257,57,52,-0.22499999999999987,-0.07499999999999996,147,-0.5047479867935181,147,0.017451247200369835,147,0.0
5258,58,52,-0.2549999999999999,-0.07499999999999996,147,-0.5037810206413269,147,0.014281708747148514,147,0.0
5259,59,52,-0.2849999999999999,-0.07499999999999996,147,-0.5033071637153625,147,0.008176205679774284,147,0.0
5260,60,52,-0.31499999999999995,-0.07499999999999996,147,-0.5031704902648926,147,0.0,147,0.0
5261,61,52,-0.345,-0.07499999999999996,147,-0.5030890107154846,147,0.0009139378671534359,147,0.0
5262,62,52,-0.375,-0.07499999999999996,147,-0.5039375424385071,147,0.011239449493587017,147,0.0
5263,63,52,-0.405,-0.07499999999999996,147,-0.5045652985572815,147,0.03252774477005005,147,0.0
5264,64,52,-0.43499999999999983,-0.07499999999999996,147,-0.5033109784126282,147,0.03727873042225838,147,0.0
5265,65,52,-0.46499999999999986,-0.07499999999999996,147,-0.5036106109619141,147,0.012719692662358284,147,0.0
5266,66,52,-0.4949999999999999,-0.07499999999999996,147,-0.5039373636245728,147,0.01735886000096798,147,0.0
5267,67,52,-0.5249999999999999,-0.07499999999999996,147,-0.504106342792511,147,0.024834275245666504,147,0.0
5268,68,52,-0.5549999999999997,-0.07499999999999996,147,-0.5052950382232666,147,0.01608928106725216,147,0.0
5269,69,52,-0.585,-0.07499999999999996,147,-0.5051550269126892,147,0.012903411872684956,147,0.0
5270,70,52,-0.6149999999999998,-0.07499999999999996,147,-0.5052950382232666,147,0.010159611701965332,147,0.0
5271,71,52,-0.645,-0.07499999999999996,147,-0.5054631233215332,147,0.016241272911429405,147,0.0
5272,72,52,-0.6749999999999998,-0.07499999999999996,147,-0.5055004954338074,147,0.013256072998046875,147,0.0
5273,73,52,-0.7050000000000001,-0.07499999999999996,147,-0.504841685295105,147,0.020875534042716026,147,0.0
5274,74,52,-0.7349999999999999,-0.07499999999999996,147,-0.5044084191322327,147,0.013928589411079884,147,0.0
5275,75,52,-0.7650000000000001,-0.07499999999999996,147,-0.5039096474647522,147,0.009548664093017578,147,0.0
5276,76,52,-0.7949999999999999,-0.07499999999999996,147,-0.5034283399581909,147,0.008290012367069721,147,0.0
5277,77,52,-0.8249999999999997,-0.07499999999999996,147,-0.5033314824104309,147,6.83263351675123e-05,147,0.0
5278,78,52,-0.855,-0.07499999999999996,147,-0.5033122897148132,147,0.0,147,0.0
5279,79,52,-0.8849999999999998,-0.07499999999999996,147,-0.5033314228057861,147,0.0,147,0.0
5280,80,52,-0.915,-0.07499999999999996,147,-0.5033314228057861,147,0.0,147,0.0
5281,81,52,-0.9449999999999998,-0.07499999999999996,147,-0.5033314824104309,147,0.010606646537780762,147,0.0
5282,82,52,-0.9750000000000001,-0.07499999999999996,147,-0.5040284991264343,147,0.016905855387449265,147,0.0
5283,83,52,-1.005,-0.07499999999999996,147,-0.504523515701294,147,0.009793522767722607,147,0.0
5284,84,52,-1.0349999999999997,-0.07499999999999996,147,-0.5052344799041748,147,0.0030755996704101562,147,0.0
5285,85,52,-1.065,-0.07499999999999996,147,-0.5061295628547668,147,0.0,147,0.0
5286,86,52,-1.0949999999999998,-0.07499999999999996,47,-0.5058844685554504,147,0.0,147,0.02199999988079071
5287,87,52,-1.125,-0.07499999999999996,0,nan,147,0.0,147,0.02199999988079071
5288,88,52,-1.1549999999999998,-0.07499999999999996,0,nan,147,0.0,147,0.02199999988079071
5289,89,52,-1.185,-0.07499999999999996,0,nan,147,0.0,147,0.02199999988079071
5290,90,52,-1.2149999999999999,-0.07499999999999996,0,nan,147,0.0,147,0.02199999988079071
5291,91,52,-1.245,-0.07499999999999996,0,nan,147,0.0,147,0.02199999988079071
5292,92,52,-1.275,-0.07499999999999996,0,nan,147,0.0,147,0.02199999988079071
5293,93,52,-1.3049999999999997,-0.07499999999999996,0,nan,147,0.0,147,0.02199999988079071
5294,94,52,-1.335,-0.07499999999999996,0,nan,147,0.0,147,0.02199999988079071
5295,95,52,-1.3649999999999998,-0.07499999999999996,0,nan,147,0.0,147,0.02199999988079071
5296,96,52,-1.395,-0.07499999999999996,0,nan,147,0.0,147,0.02199999988079071
5297,97,52,-1.4249999999999998,-0.07499999999999996,0,nan,147,0.0,147,0.0
5298,98,52,-1.455,-0.07499999999999996,0,nan,147,0.0,147,0.0
5299,99,52,-1.4849999999999999,-0.07499999999999996,0,nan,147,0.0,147,0.0
5300,0,53,1.485,-0.10499999999999998,0,nan,147,0.0,147,0.0
5301,1,53,1.455,-0.10499999999999998,0,nan,147,0.0,147,0.0
5302,2,53,1.425,-0.10499999999999998,0,nan,147,0.0,147,0.0
5303,3,53,1.395,-0.10499999999999998,0,nan,147,0.0,147,0.02199999988079071
5304,4,53,1.365,-0.10499999999999998,0,nan,147,0.0,147,0.02199999988079071
5305,5,53,1.335,-0.10499999999999998,0,nan,147,0.0,147,0.02199999988079071
5306,6,53,1.305,-0.10499999999999998,0,nan,147,0.0,147,0.02199999988079071
5307,7,53,1.275,-0.10499999999999998,0,nan,147,0.0,147,0.02199999988079071
5308,8,53,1.245,-0.10499999999999998,0,nan,147,0.0,147,0.02199999988079071
5309,9,53,1.215,-0.10499999999999998,0,nan,147,0.0,147,0.02199999988079071
5310,10,53,1.185,-0.10499999999999998,133,-0.5888805389404297,147,0.0,147,0.0
5311,11,53,1.155,-0.10499999999999998,131,-0.5885921716690063,147,0.0,147,0.0
5312,12,53,1.125,-0.10499999999999998,144,-0.5885673761367798,147,0.0,147,0.0
5313,13,53,1.095,-0.10499999999999998,147,-0.5885921716690063,147,0.0,147,0.0
5314,14,53,1.065,-0.10499999999999998,147,-0.590083658695221,147,0.0,147,0.0
5315,15,53,1.0350000000000001,-0.10499999999999998,147,-0.5906614661216736,147,1.4993319511413574,147,0.10000000149011612
5316,16,53,1.005,-0.10499999999999998,147,-0.6887313723564148,147,1.630627155303955,147,0.10000000149011612
5317,17,53,0.975,-0.10499999999999998,146,-0.69097501039505,147,0.06623566150665283,147,0.0
5318,18,53,0.9450000000000001,-0.10499999999999998,147,-0.6909293532371521,147,0.0,147,0.0
5319,19,53,0.915,-0.10499999999999998,147,-0.6909293532371521,147,0.0,147,0.0
5320,20,53,0.885,-0.10499999999999998,147,-0.6909293532371521,147,0.0,147,0.0
5321,21,53,0.855,-0.10499999999999998,147,-0.6909293532371521,147,0.0,147,0.0
5322,22,53,0.8250000000000001,-0.10499999999999998,147,-0.6902294754981995,147,0.10738807916641235,147,0.0
5323,23,53,0.795,-0.10499999999999998,147,-0.6818178296089172,147,0.3269702196121216,147,0.0
5324,24,53,0.765,-0.10499999999999998,147,-0.6685954332351685,147,0.4519723057746887,147,0.0
5325,25,53,0.735,-0.10499999999999998,147,-0.6554318070411682,147,0.44009485840797424,147,0.0
5326,26,53,0.7050000000000001,-0.10499999999999998,147,-0.6417604684829712,147,0.4283616840839386,147,0.0
5327,27,53,0.675,-0.10499999999999998,147,-0.6294161677360535,147,0.3765977919101715,147,0.0
5328,28,53,0.645,-0.10499999999999998,147,-0.6192300915718079,147,0.35950541496276855,147,0.0
5329,29,53,0.615,-0.10499999999999998,147,-0.6084215641021729,147,0.3824949264526367,147,0.0
5330,30,53,0.5850000000000001,-0.10499999999999998,147,-0.5967520475387573,147,0.37457984685897827,147,0.0
5331,31,53,0.555,-0.10499999999999998,147,-0.5856733322143555,147,0.4904747009277344,147,0.0
5332,32,53,0.525,-0.10499999999999998,147,-0.5671892166137695,147,0.5154774188995361,147,0.0
5333,33,53,0.4950000000000001,-0.10499999999999998,147,-0.5550645589828491,147,0.45246028900146484,147,0.0
5334,34,53,0.4650000000000001,-0.10499999999999998,145,-0.5489975810050964,147,0.7312541007995605,147,0.0
5335,35,53,0.43500000000000005,-0.10499999999999998,147,-0.5126064419746399,147,0.5323101878166199,147,0.0
5336,36,53,0.405,-0.10499999999999998,147,-0.5125163197517395,147,0.0,147,0.0
5337,37,53,0.375,-0.10499999999999998,147,-0.5123084783554077,147,0.0,147,0.0
5338,38,53,0.345,-0.10499999999999998,147,-0.5118672847747803,147,0.0,147,0.0
5339,39,53,0.31499999999999995,-0.10499999999999998,147,-0.5115146636962891,147,0.015809139236807823,147,0.0
5340,40,53,0.28500000000000014,-0.10499999999999998,147,-0.5110760927200317,147,0.024766722694039345,147,0.0
5341,41,53,0.2550000000000001,-0.10499999999999998,147,-0.5100737810134888,147,0.02587238885462284,147,0.0
5342,42,53,0.2250000000000001,-0.10499999999999998,147,-0.5094816088676453,147,0.038875143975019455,147,0.0
5343,43,53,0.19500000000000006,-0.10499999999999998,147,-0.5086473822593689,147,0.0203549861907959,147,0.0
5344,44,53,0.16500000000000004,-0.10499999999999998,147,-0.508234977722168,147,0.010309617035090923,147,0.0
5345,45,53,0.135,-0.10499999999999998,147,-0.50773024559021,147,0.004538893699645996,147,0.0
5346,46,53,0.10499999999999998,-0.10499999999999998,147,-0.5071452260017395,147,0.0010530153522267938,147,0.0
5347,47,53,0.07499999999999996,-0.10499999999999998,147,-0.506909966468811,147,0.0,147,0.0
5348,48,53,0.04500000000000015,-0.10499999999999998,147,-0.5061230063438416,147,0.0,147,0.0
5349,49,53,0.015000000000000124,-0.10499999999999998,147,-0.505602240562439,147,0.0,147,0.0
5350,50,53,-0.014999999999999902,-0.10499999999999998,147,-0.5053979158401489,147,0.0,147,0.0
5351,51,53,-0.04499999999999993,-0.10499999999999998,147,-0.5052960515022278,147,0.0,147,0.0
5352,52,53,-0.07499999999999996,-0.10499999999999998,147,-0.5054687261581421,147,0.0,147,0.0
5353,53,53,-0.10499999999999998,-0.10499999999999998,147,-0.5060811638832092,147,0.033849477767944336,147,0.0
5354,54,53,-0.135,-0.10499999999999998,147,-0.5066280364990234,147,0.015402336604893208,147,0.0
5355,55,53,-0.16500000000000004,-0.10499999999999998,147,-0.5057238340377808,147,0.03325582668185234,147,0.0
5356,56,53,-0.19499999999999984,-0.10499999999999998,147,-0.5053683519363403,147,0.023420652374625206,147,0.0
5357,57,53,-0.22499999999999987,-0.10499999999999998,147,-0.5051828622817993,147,0.024507442489266396,147,0.0
5358,58,53,-0.2549999999999999,-0.10499999999999998,147,-0.5044335722923279,147,0.022840499877929688,147,0.0
5359,59,53,-0.2849999999999999,-0.10499999999999998,147,-0.5034787654876709,147,0.011744275689125061,147,0.0
5360,60,53,-0.31499999999999995,-0.10499999999999998,147,-0.5031704902648926,147,0.00019868214440066367,147,0.0
5361,61,53,-0.345,-0.10499999999999998,147,-0.5030890107154846,147,6.059805673430674e-05,147,0.0
5362,62,53,-0.375,-0.10499999999999998,147,-0.5036702752113342,147,0.00684770755469799,147,0.0
5363,63,53,-0.405,-0.10499999999999998,147,-0.5048302412033081,147,0.029581287875771523,147,0.0
5364,64,53,-0.43499999999999983,-0.10499999999999998,147,-0.5034700036048889,147,0.030988454818725586,147,0.0
5365,65,53,-0.46499999999999986,-0.10499999999999998,147,-0.5039272308349609,147,0.017217794433236122,147,0.0
5366,66,53,-0.4949999999999999,-0.10499999999999998,147,-0.5047715306282043,147,0.025785459205508232,147,0.0
5367,67,53,-0.5249999999999999,-0.10499999999999998,147,-0.5050479173660278,147,0.03190338611602783,147,0.0
5368,68,53,-0.5549999999999997,-0.10499999999999998,147,-0.5055422782897949,147,0.029389062896370888,147,0.0
5369,69,53,-0.585,-0.10499999999999998,147,-0.5054829716682434,147,0.023347139358520508,147,0.0
5370,70,53,-0.6149999999999998,-0.10499999999999998,147,-0.5055181384086609,147,0.018618596717715263,147,0.0
5371,71,53,-0.645,-0.10499999999999998,147,-0.5055254697799683,147,0.019623836502432823,147,0.0
5372,72,53,-0.6749999999999998,-0.10499999999999998,147,-0.5055666565895081,147,0.019623836502432823,147,0.0
5373,73,53,-0.7050000000000001,-0.10499999999999998,147,-0.5050674676895142,147,0.02081802301108837,147,0.0
5374,74,53,-0.7349999999999999,-0.10499999999999998,147,-0.504609227180481,147,0.015323360450565815,147,0.0
5375,75,53,-0.7650000000000001,-0.10499999999999998,147,-0.5043752789497375,147,0.014365713112056255,147,0.0
5376,76,53,-0.7949999999999999,-0.10499999999999998,147,-0.5037715435028076,147,0.013217726722359657,147,0.0
5377,77,53,-0.8249999999999997,-0.10499999999999998,147,-0.5035218596458435,147,0.0030785799026489258,147,0.0
5378,78,53,-0.855,-0.10499999999999998,147,-0.5034785270690918,147,0.0017205873737111688,147,0.0
5379,79,53,-0.8849999999999998,-0.10499999999999998,147,-0.5035125017166138,147,8.64267349243164e-05,147,0.0
5380,80,53,-0.915,-0.10499999999999998,147,-0.5035125017166138,147,0.0,147,0.0
5381,81,53,-0.9449999999999998,-0.10499999999999998,147,-0.5035125017166138,147,0.011411309242248535,147,0.0
5382,82,53,-0.9750000000000001,-0.10499999999999998,147,-0.5042752027511597,147,0.01887877844274044,147,0.0
5383,83,53,-1.005,-0.10499999999999998,147,-0.5045965313911438,147,0.015625357627868652,147,0.0
5384,84,53,-1.0349999999999997,-0.10499999999999998,147,-0.5052344799041748,147,0.0113755464553833,147,0.0
5385,85,53,-1.065,-0.10499999999999998,147,-0.5061124563217163,147,0.00444948673248291,147,0.0
5386,86,53,-1.0949999999999998,-0.10499999999999998,47,-0.5058844685554504,147,0.0,147,0.02199999988079071
5387,87,53,-1.125,-0.10499999999999998,0,nan,147,0.0,147,0.02199999988079071
5388,88,53,-1.1549999999999998,-0.10499999999999998,0,nan,147,0.0,147,0.02199999988079071
5389,89,53,-1.185,-0.10499999999999998,0,nan,147,0.0,147,0.02199999988079071
5390,90,53,-1.2149999999999999,-0.10499999999999998,0,nan,147,0.0,147,0.02199999988079071
5391,91,53,-1.245,-0.10499999999999998,0,nan,147,0.0,147,0.02199999988079071
5392,92,53,-1.275,-0.10499999999999998,0,nan,147,0.0,147,0.02199999988079071
5393,93,53,-1.3049999999999997,-0.10499999999999998,0,nan,147,0.0,147,0.02199999988079071
5394,94,53,-1.335,-0.10499999999999998,0,nan,147,0.0,147,0.02199999988079071
5395,95,53,-1.3649999999999998,-0.10499999999999998,0,nan,147,0.0,147,0.02199999988079071
5396,96,53,-1.395,-0.10499999999999998,0,nan,147,0.0,147,0.02199999988079071
5397,97,53,-1.4249999999999998,-0.10499999999999998,0,nan,147,0.0,147,0.0
5398,98,53,-1.455,-0.10499999999999998,0,nan,147,0.0,147,0.0
5399,99,53,-1.4849999999999999,-0.10499999999999998,0,nan,147,0.0,147,0.0
5400,0,54,1.485,-0.135,0,nan,147,0.0,147,0.0
5401,1,54,1.455,-0.135,0,nan,147,0.0,147,0.0
5402,2,54,1.425,-0.135,0,nan,147,0.0,147,0.0
5403,3,54,1.395,-0.135,0,nan,147,0.0,147,0.02199999988079071
5404,4,54,1.365,-0.135,0,nan,147,0.0,147,0.02199999988079071
5405,5,54,1.335,-0.135,0,nan,147,0.0,147,0.02199999988079071
5406,6,54,1.305,-0.135,0,nan,147,0.0,147,0.02199999988079071
5407,7,54,1.275,-0.135,0,nan,147,0.0,147,0.02199999988079071
5408,8,54,1.245,-0.135,0,nan,147,0.0,147,0.02199999988079071
5409,9,54,1.215,-0.135,0,nan,147,0.0,147,0.02199999988079071
5410,10,54,1.185,-0.135,136,-0.5894684791564941,147,0.0,147,0.0
5411,11,54,1.155,-0.135,133,-0.5893288254737854,147,0.0,147,0.0
5412,12,54,1.125,-0.135,147,-0.5893998742103577,147,0.0,147,0.0
5413,13,54,1.095,-0.135,147,-0.5893998742103577,147,0.0,147,0.0
5414,14,54,1.065,-0.135,147,-0.5905516743659973,147,0.0,147,0.0
5415,15,54,1.0350000000000001,-0.135,147,-0.5914098620414734,147,1.4993319511413574,147,0.10000000149011612
5416,16,54,1.005,-0.135,147,-0.6887313723564148,147,1.6216298341751099,147,0.10000000149011612
5417,17,54,0.975,-0.135,146,-0.69097501039505,147,0.06356537342071533,147,0.0
5418,18,54,0.9450000000000001,-0.135,147,-0.6909293532371521,147,0.0,147,0.0
5419,19,54,0.915,-0.135,147,-0.6909293532371521,147,0.0,147,0.0
5420,20,54,0.885,-0.135,147,-0.6909293532371521,147,0.0,147,0.0
5421,21,54,0.855,-0.135,147,-0.6909293532371521,147,0.0,147,0.0
5422,22,54,0.8250000000000001,-0.135,147,-0.6901327967643738,147,0.10594163089990616,147,0.0
5423,23,54,0.795,-0.135,147,-0.6819963455200195,147,0.31241080164909363,147,0.0
5424,24,54,0.765,-0.135,147,-0.6688546538352966,147,0.45064887404441833,147,0.0
5425,25,54,0.735,-0.135,147,-0.6558864116668701,147,0.44038236141204834,147,0.0
5426,26,54,0.7050000000000001,-0.135,147,-0.6417604684829712,147,0.4322220981121063,147,0.0
5427,27,54,0.675,-0.135,147,-0.6296476721763611,147,0.3802665174007416,147,0.0
5428,28,54,0.645,-0.135,147,-0.6191678047180176,147,0.3528585135936737,147,0.0
5429,29,54,0.615,-0.135,147,-0.6088173985481262,147,0.3834233582019806,147,0.0
5430,30,54,0.5850000000000001,-0.135,147,-0.5968034267425537,147,0.39312705397605896,147,0.0
5431,31,54,0.555,-0.135,147,-0.5856733322143555,147,0.5044068098068237,147,0.0
5432,32,54,0.525,-0.135,147,-0.5668079853057861,147,0.5410236120223999,147,0.0
5433,33,54,0.4950000000000001,-0.135,147,-0.5536013245582581,147,0.6996000409126282,147,0.0
5434,34,54,0.4650000000000001,-0.135,146,-0.5185107886791229,147,0.7332891225814819,147,0.0
5435,35,54,0.43500000000000005,-0.135,147,-0.512569785118103,147,0.2848690152168274,147,0.0
5436,36,54,0.405,-0.135,147,-0.5124310255050659,147,0.0,147,0.0
5437,37,54,0.375,-0.135,147,-0.5122679471969604,147,0.0,147,0.0
5438,38,54,0.345,-0.135,147,-0.5118219256401062,147,0.0,147,0.0
5439,39,54,0.31499999999999995,-0.135,147,-0.5115146636962891,147,0.015416008420288563,147,0.0
5440,40,54,0.28500000000000014,-0.135,147,-0.5109128952026367,147,0.017272433266043663,147,0.0
5441,41,54,0.2550000000000001,-0.135,147,-0.5099671483039856,147,0.013869961723685265,147,0.0
5442,42,54,0.2250000000000001,-0.135,147,-0.5093450546264648,147,0.016503123566508293,147,0.0
5443,43,54,0.19500000000000006,-0.135,147,-0.5085073113441467,147,0.0,147,0.0
5444,44,54,0.16500000000000004,-0.135,147,-0.5081734657287598,147,0.0,147,0.0
5445,45,54,0.135,-0.135,147,-0.5076346397399902,147,0.0,147,0.0
5446,46,54,0.10499999999999998,-0.135,147,-0.507121741771698,147,0.0,147,0.0
5447,47,54,0.07499999999999996,-0.135,147,-0.5068992376327515,147,0.0,147,0.0
5448,48,54,0.04500000000000015,-0.135,147,-0.5060234665870667,147,0.0010530153522267938,147,0.0
5449,49,54,0.015000000000000124,-0.135,147,-0.505479633808136,147,0.0,147,0.0
5450,50,54,-0.014999999999999902,-0.135,147,-0.5052960515022278,147,0.0,147,0.0
5451,51,54,-0.04499999999999993,-0.135,147,-0.5052046775817871,147,0.0,147,0.0
5452,52,54,-0.07499999999999996,-0.135,147,-0.5053120851516724,147,0.0,147,0.0
5453,53,54,-0.10499999999999998,-0.135,147,-0.505649983882904,147,0.02804199792444706,147,0.0
5454,54,54,-0.135,-0.135,147,-0.5064578652381897,147,0.01801467128098011,147,0.0
5455,55,54,-0.16500000000000004,-0.135,147,-0.5055233240127563,147,0.03274281695485115,147,0.0
5456,56,54,-0.19499999999999984,-0.135,147,-0.5053120851516724,147,0.02622693032026291,147,0.0
5457,57,54,-0.22499999999999987,-0.135,147,-0.5051828622817993,147,0.034337036311626434,147,0.0
5458,58,54,-0.2549999999999999,-0.135,147,-0.5045560598373413,147,0.03718335181474686,147,0.0
5459,59,54,-0.2849999999999999,-0.135,147,-0.5037810206413269,147,0.022541483864188194,147,0.0
5460,60,54,-0.31499999999999995,-0.135,147,-0.5033336281776428,147,0.020705660805106163,147,0.0
5461,61,54,-0.345,-0.135,147,-0.5033336281776428,147,0.01870013028383255,147,0.0
5462,62,54,-0.375,-0.135,147,-0.5048166513442993,147,0.018422802910208702,147,0.0
5463,63,54,-0.405,-0.135,147,-0.5057481527328491,147,0.03365163132548332,147,0.0
5464,64,54,-0.43499999999999983,-0.135,147,-0.5045353174209595,147,0.035387277603149414,147,0.0
5465,65,54,-0.46499999999999986,-0.135,147,-0.5050225853919983,147,0.02440611459314823,147,0.0
5466,66,54,-0.4949999999999999,-0.135,147,-0.5055286884307861,147,0.02650817297399044,147,0.0
5467,67,54,-0.5249999999999999,-0.135,147,-0.5058659911155701,147,0.03403127193450928,147,0.0
5468,68,54,-0.5549999999999997,-0.135,147,-0.5065109133720398,147,0.03175975754857063,147,0.0
5469,69,54,-0.585,-0.135,147,-0.5061653256416321,147,0.03051828406751156,147,0.0
5470,70,54,-0.6149999999999998,-0.135,147,-0.5061138868331909,147,0.027846630662679672,147,0.0
5471,71,54,-0.645,-0.135,147,-0.5059120655059814,147,0.026800235733389854,147,0.0
5472,72,54,-0.6749999999999998,-0.135,147,-0.5057191252708435,147,0.02251662313938141,147,0.0
5473,73,54,-0.7050000000000001,-0.135,147,-0.5051124095916748,147,0.02661728486418724,147,0.0
5474,74,54,-0.7349999999999999,-0.135,147,-0.5048282742500305,147,0.02136528491973877,147,0.0
5475,75,54,-0.7650000000000001,-0.135,147,-0.5044801831245422,147,0.024451812729239464,147,0.0
5476,76,54,-0.7949999999999999,-0.135,147,-0.5040284991264343,147,0.016396069899201393,147,0.0
5477,77,54,-0.8249999999999997,-0.135,147,-0.5039603114128113,147,0.0127474470064044,147,0.0
5478,78,54,-0.855,-0.135,147,-0.503749430179596,147,0.007989008910953999,147,0.0
5479,79,54,-0.8849999999999998,-0.135,147,-0.5036694407463074,147,0.00505446083843708,147,0.0
5480,80,54,-0.915,-0.135,147,-0.5036694407463074,147,0.0009338061208836734,147,0.0
5481,81,54,-0.9449999999999998,-0.135,147,-0.5036694407463074,147,0.006375195924192667,147,0.0
5482,82,54,-0.9750000000000001,-0.135,147,-0.5043466091156006,147,0.015601230785250664,147,0.0
5483,83,54,-1.005,-0.135,147,-0.5046153664588928,147,0.014949838630855083,147,0.0
5484,84,54,-1.0349999999999997,-0.135,147,-0.5051916241645813,147,0.013593870215117931,147,0.0
5485,85,54,-1.065,-0.135,147,-0.5057833194732666,147,0.005816377233713865,147,0.0
5486,86,54,-1.0949999999999998,-0.135,47,-0.5058844685554504,147,0.0,147,0.02199999988079071
5487,87,54,-1.125,-0.135,0,nan,147,0.0,147,0.02199999988079071
5488,88,54,-1.1549999999999998,-0.135,0,nan,147,0.0,147,0.02199999988079071
5489,89,54,-1.185,-0.135,0,nan,147,0.0,147,0.02199999988079071
5490,90,54,-1.2149999999999999,-0.135,0,nan,147,0.0,147,0.02199999988079071
5491,91,54,-1.245,-0.135,0,nan,147,0.0,147,0.02199999988079071
5492,92,54,-1.275,-0.135,0,nan,147,0.0,147,0.02199999988079071
5493,93,54,-1.3049999999999997,-0.135,0,nan,147,0.0,147,0.02199999988079071
5494,94,54,-1.335,-0.135,0,nan,147,0.0,147,0.02199999988079071
5495,95,54,-1.3649999999999998,-0.135,0,nan,147,0.0,147,0.02199999988079071
5496,96,54,-1.395,-0.135,0,nan,147,0.0,147,0.02199999988079071
5497,97,54,-1.4249999999999998,-0.135,0,nan,147,0.0,147,0.0
5498,98,54,-1.455,-0.135,0,nan,147,0.0,147,0.0
5499,99,54,-1.4849999999999999,-0.135,0,nan,147,0.0,147,0.0
5500,0,55,1.485,-0.16500000000000004,0,nan,147,0.0,147,0.0
5501,1,55,1.455,-0.16500000000000004,0,nan,147,0.0,147,0.0
5502,2,55,1.425,-0.16500000000000004,0,nan,147,0.0,147,0.0
5503,3,55,1.395,-0.16500000000000004,0,nan,147,0.0,147,0.02199999988079071
5504,4,55,1.365,-0.16500000000000004,0,nan,147,0.0,147,0.02199999988079071
5505,5,55,1.335,-0.16500000000000004,0,nan,147,0.0,147,0.02199999988079071
5506,6,55,1.305,-0.16500000000000004,0,nan,147,0.0,147,0.02199999988079071
5507,7,55,1.275,-0.16500000000000004,0,nan,147,0.0,147,0.02199999988079071
5508,8,55,1.245,-0.16500000000000004,0,nan,147,0.0,147,0.02199999988079071
5509,9,55,1.215,-0.16500000000000004,0,nan,147,0.0,147,0.02199999988079071
5510,10,55,1.185,-0.16500000000000004,135,-0.5894970297813416,147,0.0,147,0.0
5511,11,55,1.155,-0.16500000000000004,141,-0.5894681215286255,147,0.0,147,0.0
5512,12,55,1.125,-0.16500000000000004,147,-0.5894970297813416,147,0.0,147,0.0
5513,13,55,1.095,-0.16500000000000004,147,-0.5898835062980652,147,0.04550914093852043,147,0.0
5514,14,55,1.065,-0.16500000000000004,147,-0.5911862254142761,147,0.06885826587677002,147,0.0
5515,15,55,1.0350000000000001,-0.16500000000000004,147,-0.5924915671348572,147,1.489580750465393,147,0.10000000149011612
5516,16,55,1.005,-0.16500000000000004,147,-0.6886667013168335,147,1.5975418090820312,147,0.10000000149011612
5517,17,55,0.975,-0.16500000000000004,146,-0.6907885074615479,147,0.0716874971985817,147,0.0
5518,18,55,0.9450000000000001,-0.16500000000000004,147,-0.6907420754432678,147,0.0,147,0.0
5519,19,55,0.915,-0.16500000000000004,147,-0.6907420754432678,147,0.0,147,0.0
5520,20,55,0.885,-0.16500000000000004,147,-0.6907420754432678,147,0.0,147,0.0
5521,21,55,0.855,-0.16500000000000004,147,-0.6907420754432678,147,0.0,147,0.0
5522,22,55,0.8250000000000001,-0.16500000000000004,147,-0.6900292038917542,147,0.10699430853128433,147,0.0
5523,23,55,0.795,-0.16500000000000004,147,-0.6820022463798523,147,0.2953072488307953,147,0.0
5524,24,55,0.765,-0.16500000000000004,147,-0.6698346138000488,147,0.45204129815101624,147,0.0
5525,25,55,0.735,-0.16500000000000004,147,-0.6554916501045227,147,0.44032251834869385,147,0.0
5526,26,55,0.7050000000000001,-0.16500000000000004,147,-0.6420202255249023,147,0.42959970235824585,147,0.0
5527,27,55,0.675,-0.16500000000000004,147,-0.6301389932632446,147,0.3762192726135254,147,0.0
5528,28,55,0.645,-0.16500000000000004,147,-0.6192811727523804,147,0.3495529890060425,147,0.0
5529,29,55,0.615,-0.16500000000000004,147,-0.6090664863586426,147,0.39253556728363037,147,0.0
5530,30,55,0.5850000000000001,-0.16500000000000004,147,-0.5965409874916077,147,0.39769113063812256,147,0.0
5531,31,55,0.555,-0.16500000000000004,147,-0.5856733322143555,147,0.5137729048728943,147,0.0
5532,32,55,0.525,-0.16500000000000004,147,-0.565788984298706,147,0.5862329006195068,147,0.0
5533,33,55,0.4950000000000001,-0.16500000000000004,147,-0.5518566370010376,147,0.8315644264221191,147,0.0
5534,34,55,0.4650000000000001,-0.16500000000000004,147,-0.5164150595664978,147,0.6648210883140564,147,0.0
5535,35,55,0.43500000000000005,-0.16500000000000004,147,-0.5125423669815063,147,0.12087856978178024,147,0.0
5536,36,55,0.405,-0.16500000000000004,147,-0.5121415257453918,147,0.0,147,0.0
5537,37,55,0.375,-0.16500000000000004,147,-0.5120331645011902,147,0.0,147,0.0
5538,38,55,0.345,-0.16500000000000004,147,-0.5116029977798462,147,0.0,147,0.0
5539,39,55,0.31499999999999995,-0.16500000000000004,147,-0.5114222168922424,147,0.0,147,0.0
5540,40,55,0.28500000000000014,-0.16500000000000004,147,-0.5106563568115234,147,0.009110800921916962,147,0.0
5541,41,55,0.2550000000000001,-0.16500000000000004,147,-0.5098488926887512,147,0.012215971946716309,147,0.0
5542,42,55,0.2250000000000001,-0.16500000000000004,147,-0.5093450546264648,147,0.011199712753295898,147,0.0
5543,43,55,0.19500000000000006,-0.16500000000000004,147,-0.5085073113441467,147,0.0,147,0.0
5544,44,55,0.16500000000000004,-0.16500000000000004,147,-0.5081734657287598,147,0.0,147,0.0
5545,45,55,0.135,-0.16500000000000004,147,-0.5076346397399902,147,0.0,147,0.0
5546,46,55,0.10499999999999998,-0.16500000000000004,147,-0.507121741771698,147,0.0,147,0.0
5547,47,55,0.07499999999999996,-0.16500000000000004,147,-0.5068992376327515,147,0.0002463658747728914,147,0.0
5548,48,55,0.04500000000000015,-0.16500000000000004,147,-0.5059983134269714,147,0.003905097721144557,147,0.0
5549,49,55,0.015000000000000124,-0.16500000000000004,147,-0.505479633808136,147,0.0,147,0.0
5550,50,55,-0.014999999999999902,-0.16500000000000004,147,-0.5052960515022278,147,0.0,147,0.0
5551,51,55,-0.04499999999999993,-0.16500000000000004,147,-0.505182683467865,147,0.0,147,0.0
5552,52,55,-0.07499999999999996,-0.16500000000000004,147,-0.5053009390830994,147,0.0,147,0.0
5553,53,55,-0.10499999999999998,-0.16500000000000004,147,-0.505602240562439,147,0.03245949372649193,147,0.0
5554,54,55,-0.135,-0.16500000000000004,147,-0.5059825778007507,147,0.023873647674918175,147,0.0
5555,55,55,-0.16500000000000004,-0.16500000000000004,147,-0.5052046775817871,147,0.03618481755256653,147,0.0
5556,56,55,-0.19499999999999984,-0.16500000000000004,147,-0.5053120851516724,147,0.03010144643485546,147,0.0
5557,57,55,-0.22499999999999987,-0.16500000000000004,147,-0.5058062076568604,147,0.0431160144507885,147,0.0
5558,58,55,-0.2549999999999999,-0.16500000000000004,147,-0.5062656402587891,147,0.04277825355529785,147,0.0
5559,59,55,-0.2849999999999999,-0.16500000000000004,147,-0.5049846172332764,147,0.04169046878814697,147,0.0
5560,60,55,-0.31499999999999995,-0.16500000000000004,147,-0.5048302412033081,147,0.021581849083304405,147,0.0
5561,61,55,-0.345,-0.16500000000000004,147,-0.5048302412033081,147,0.02555648423731327,147,0.0
5562,62,55,-0.375,-0.16500000000000004,147,-0.5055892467498779,147,0.02568860910832882,147,0.0
5563,63,55,-0.405,-0.16500000000000004,147,-0.506030797958374,147,0.036805372685194016,147,0.0
5564,64,55,-0.43499999999999983,-0.16500000000000004,147,-0.5054813027381897,147,0.03938210755586624,147,0.0
5565,65,55,-0.46499999999999986,-0.16500000000000004,147,-0.5055286884307861,147,0.020124515518546104,147,0.0
5566,66,55,-0.4949999999999999,-0.16500000000000004,147,-0.5058532953262329,147,0.02327263355255127,147,0.0
5567,67,55,-0.5249999999999999,-0.16500000000000004,147,-0.5062187910079956,147,0.030976533889770508,147,0.0
5568,68,55,-0.5549999999999997,-0.16500000000000004,147,-0.5071434378623962,147,0.03252214193344116,147,0.0
5569,69,55,-0.585,-0.16500000000000004,147,-0.507014811038971,147,0.03365320339798927,147,0.0
5570,70,55,-0.6149999999999998,-0.16500000000000004,147,-0.5067805647850037,147,0.03646524250507355,147,0.0
5571,71,55,-0.645,-0.16500000000000004,147,-0.5064743161201477,147,0.03312329575419426,147,0.0
5572,72,55,-0.6749999999999998,-0.16500000000000004,147,-0.5063170194625854,147,0.034609436988830566,147,0.0
5573,73,55,-0.7050000000000001,-0.16500000000000004,147,-0.5057191252708435,147,0.036137811839580536,147,0.0
5574,74,55,-0.7349999999999999,-0.16500000000000004,147,-0.5052970051765442,147,0.035256147384643555,147,0.0
5575,75,55,-0.7650000000000001,-0.16500000000000004,147,-0.5050066113471985,147,0.03159642219543457,147,0.0
5576,76,55,-0.7949999999999999,-0.16500000000000004,147,-0.5046296119689941,147,0.024451812729239464,147,0.0
5577,77,55,-0.8249999999999997,-0.16500000000000004,147,-0.504562258720398,147,0.020250678062438965,147,0.0
5578,78,55,-0.855,-0.16500000000000004,147,-0.5044747591018677,147,0.015888160094618797,147,0.0
5579,79,55,-0.8849999999999998,-0.16500000000000004,147,-0.504337728023529,147,0.009967952966690063,147,0.0
5580,80,55,-0.915,-0.16500000000000004,147,-0.5040744543075562,147,0.0031103689689189196,147,0.0
5581,81,55,-0.9449999999999998,-0.16500000000000004,147,-0.504193127155304,147,0.009324152953922749,147,0.0
5582,82,55,-0.9750000000000001,-0.16500000000000004,147,-0.5045225620269775,147,0.009621183387935162,147,0.0
5583,83,55,-1.005,-0.16500000000000004,147,-0.5046802759170532,147,0.0059058270417153835,147,0.0
5584,84,55,-1.0349999999999997,-0.16500000000000004,147,-0.5052104592323303,147,0.00444948673248291,147,0.0
5585,85,55,-1.065,-0.16500000000000004,147,-0.5057634115219116,147,0.0,147,0.0
5586,86,55,-1.0949999999999998,-0.16500000000000004,47,-0.5058844685554504,147,0.0,147,0.02199999988079071
5587,87,55,-1.125,-0.16500000000000004,0,nan,147,0.0,147,0.02199999988079071
5588,88,55,-1.1549999999999998,-0.16500000000000004,0,nan,147,0.0,147,0.02199999988079071
5589,89,55,-1.185,-0.16500000000000004,0,nan,147,0.0,147,0.02199999988079071
5590,90,55,-1.2149999999999999,-0.16500000000000004,0,nan,147,0.0,147,0.02199999988079071
5591,91,55,-1.245,-0.16500000000000004,0,nan,147,0.0,147,0.02199999988079071
5592,92,55,-1.275,-0.16500000000000004,0,nan,147,0.0,147,0.02199999988079071
5593,93,55,-1.3049999999999997,-0.16500000000000004,0,nan,147,0.0,147,0.02199999988079071
5594,94,55,-1.335,-0.16500000000000004,0,nan,147,0.0,147,0.02199999988079071
5595,95,55,-1.3649999999999998,-0.16500000000000004,0,nan,147,0.0,147,0.02199999988079071
5596,96,55,-1.395,-0.16500000000000004,0,nan,147,0.0,147,0.02199999988079071
5597,97,55,-1.4249999999999998,-0.16500000000000004,0,nan,147,0.0,147,0.0
5598,98,55,-1.455,-0.16500000000000004,0,nan,147,0.0,147,0.0
5599,99,55,-1.4849999999999999,-0.16500000000000004,0,nan,147,0.0,147,0.0
5600,0,56,1.485,-0.19499999999999984,0,nan,147,0.0,147,0.0
5601,1,56,1.455,-0.19499999999999984,0,nan,147,0.0,147,0.0
5602,2,56,1.425,-0.19499999999999984,0,nan,147,0.0,147,0.0
5603,3,56,1.395,-0.19499999999999984,0,nan,147,0.0,147,0.02199999988079071
5604,4,56,1.365,-0.19499999999999984,0,nan,147,0.0,147,0.02199999988079071
5605,5,56,1.335,-0.19499999999999984,0,nan,147,0.0,147,0.02199999988079071
5606,6,56,1.305,-0.19499999999999984,0,nan,147,0.0,147,0.02199999988079071
5607,7,56,1.275,-0.19499999999999984,0,nan,147,0.0,147,0.02199999988079071
5608,8,56,1.245,-0.19499999999999984,0,nan,147,0.0,147,0.02199999988079071
5609,9,56,1.215,-0.19499999999999984,0,nan,147,0.0,147,0.02199999988079071
5610,10,56,1.185,-0.19499999999999984,124,-0.5925500392913818,147,0.025668710470199585,147,0.0
5611,11,56,1.155,-0.19499999999999984,145,-0.5924389958381653,147,0.06885826587677002,147,0.0
5612,12,56,1.125,-0.19499999999999984,147,-0.5927231907844543,147,0.04761616513133049,147,0.0
5613,13,56,1.095,-0.19499999999999984,147,-0.5927541255950928,147,0.07204604893922806,147,0.0
5614,14,56,1.065,-0.19499999999999984,147,-0.5938183069229126,147,0.0733405351638794,147,0.0
5615,15,56,1.0350000000000001,-0.19499999999999984,147,-0.5948072671890259,147,1.4597322940826416,147,0.10000000149011612
5616,16,56,1.005,-0.19499999999999984,146,-0.6887041926383972,147,1.5711983442306519,147,0.10000000149011612
5617,17,56,0.975,-0.19499999999999984,146,-0.6907118260860443,147,0.07893145084381104,147,0.0
5618,18,56,0.9450000000000001,-0.19499999999999984,147,-0.6906815767288208,147,0.0,147,0.0
5619,19,56,0.915,-0.19499999999999984,147,-0.6906815767288208,147,0.0,147,0.0
5620,20,56,0.885,-0.19499999999999984,147,-0.6906815767288208,147,0.0,147,0.0
5621,21,56,0.855,-0.19499999999999984,147,-0.6906815767288208,147,0.0,147,0.0
5622,22,56,0.8250000000000001,-0.19499999999999984,147,-0.6901327967643738,147,0.11983314901590347,147,0.0
5623,23,56,0.795,-0.19499999999999984,147,-0.6822985410690308,147,0.29562246799468994,147,0.0
5624,24,56,0.765,-0.19499999999999984,147,-0.6694344282150269,147,0.4506983458995819,147,0.0
5625,25,56,0.735,-0.19499999999999984,147,-0.6555759310722351,147,0.43738770484924316,147,0.0
5626,26,56,0.7050000000000001,-0.19499999999999984,147,-0.6422150135040283,147,0.42677050828933716,147,0.0
5627,27,56,0.675,-0.19499999999999984,147,-0.6308085322380066,147,0.3909647762775421,147,0.0
5628,28,56,0.645,-0.19499999999999984,147,-0.6194585561752319,147,0.36466312408447266,147,0.0
5629,29,56,0.615,-0.19499999999999984,147,-0.6091662645339966,147,0.39953985810279846,147,0.0
5630,30,56,0.5850000000000001,-0.19499999999999984,147,-0.5965145826339722,147,0.39769113063812256,147,0.0
5631,31,56,0.555,-0.19499999999999984,147,-0.5850791931152344,147,0.5208398699760437,147,0.0
5632,32,56,0.525,-0.19499999999999984,147,-0.5653176307678223,147,0.7607579827308655,147,0.0
5633,33,56,0.4950000000000001,-0.19499999999999984,147,-0.548833966255188,147,0.8920754194259644,147,0.10000000149011612
5634,34,56,0.4650000000000001,-0.19499999999999984,147,-0.5163242220878601,147,0.5005812048912048,147,0.0
5635,35,56,0.43500000000000005,-0.19499999999999984,147,-0.512569785118103,147,0.06599002331495285,147,0.0
5636,36,56,0.405,-0.19499999999999984,147,-0.5121415257453918,147,0.0,147,0.0
5637,37,56,0.375,-0.19499999999999984,147,-0.5120331645011902,147,0.0,147,0.0
5638,38,56,0.345,-0.19499999999999984,147,-0.5116029977798462,147,0.0023931264877319336,147,0.0
5639,39,56,0.31499999999999995,-0.19499999999999984,147,-0.5114222168922424,147,0.011573235504329205,147,0.0
5640,40,56,0.28500000000000014,-0.19499999999999984,147,-0.5106563568115234,147,0.015436609275639057,147,0.0
5641,41,56,0.2550000000000001,-0.19499999999999984,147,-0.5098488926887512,147,0.013541181571781635,147,0.0
5642,42,56,0.2250000000000001,-0.19499999999999984,147,-0.5093450546264648,147,0.013541181571781635,147,0.0
5643,43,56,0.19500000000000006,-0.19499999999999984,147,-0.5085073113441467,147,0.005437930580228567,147,0.0
5644,44,56,0.16500000000000004,-0.19499999999999984,147,-0.5081734657287598,147,0.0,147,0.0
5645,45,56,0.135,-0.19499999999999984,147,-0.5076346397399902,147,0.0,147,0.0
5646,46,56,0.10499999999999998,-0.19499999999999984,147,-0.507121741771698,147,0.0,147,0.0
5647,47,56,0.07499999999999996,-0.19499999999999984,147,-0.5068860650062561,147,0.01020575501024723,147,0.0
5648,48,56,0.04500000000000015,-0.19499999999999984,147,-0.505602240562439,147,0.01375497505068779,147,0.0
5649,49,56,0.015000000000000124,-0.19499999999999984,147,-0.5052134394645691,147,0.002799431560561061,147,0.0
5650,50,56,-0.014999999999999902,-0.19499999999999984,147,-0.5050430297851562,147,0.0,147,0.0
5651,51,56,-0.04499999999999993,-0.19499999999999984,147,-0.5049601793289185,147,0.0,147,0.0
5652,52,56,-0.07499999999999996,-0.19499999999999984,147,-0.5051465034484863,147,0.007278720382601023,147,0.0
5653,53,56,-0.10499999999999998,-0.19499999999999984,147,-0.5052046775817871,147,0.04121721535921097,147,0.0
5654,54,56,-0.135,-0.19499999999999984,147,-0.5053977370262146,147,0.036672357469797134,147,0.0
5655,55,56,-0.16500000000000004,-0.19499999999999984,147,-0.5049723982810974,147,0.045015860348939896,147,0.0
5656,56,56,-0.19499999999999984,-0.19499999999999984,147,-0.5049723982810974,147,0.03903977945446968,147,0.0
5657,57,56,-0.22499999999999987,-0.19499999999999984,147,-0.505322277545929,147,0.0497395321726799,147,0.0
5658,58,56,-0.2549999999999999,-0.19499999999999984,147,-0.5067993998527527,147,0.04411141201853752,147,0.0
5659,59,56,-0.2849999999999999,-0.19499999999999984,147,-0.5062679052352905,147,0.0413844995200634,147,0.0
5660,60,56,-0.31499999999999995,-0.19499999999999984,147,-0.5058306455612183,147,0.018784403800964355,147,0.0
5661,61,56,-0.345,-0.19499999999999984,147,-0.5058306455612183,147,0.021894773468375206,147,0.0
5662,62,56,-0.375,-0.19499999999999984,147,-0.5062088966369629,147,0.023120641708374023,147,0.0
5663,63,56,-0.405,-0.19499999999999984,147,-0.5064057111740112,147,0.02620120905339718,147,0.0
5664,64,56,-0.43499999999999983,-0.19499999999999984,147,-0.5057417154312134,147,0.026940569281578064,147,0.0
5665,65,56,-0.46499999999999986,-0.19499999999999984,147,-0.5059826970100403,147,0.014818708412349224,147,0.0
5666,66,56,-0.4949999999999999,-0.19499999999999984,147,-0.5062724351882935,147,0.025191212072968483,147,0.0
5667,67,56,-0.5249999999999999,-0.19499999999999984,147,-0.5069029927253723,147,0.031173069030046463,147,0.0
5668,68,56,-0.5549999999999997,-0.19499999999999984,147,-0.5077143311500549,147,0.033724553883075714,147,0.0
5669,69,56,-0.585,-0.19499999999999984,147,-0.5077518224716187,147,0.0296248197555542,147,0.0
5670,70,56,-0.6149999999999998,-0.19499999999999984,147,-0.5079352855682373,147,0.034388378262519836,147,0.0
5671,71,56,-0.645,-0.19499999999999984,147,-0.5078933238983154,147,0.03697971627116203,147,0.0
5672,72,56,-0.6749999999999998,-0.19499999999999984,147,-0.5076273679733276,147,0.039102908223867416,147,0.0
5673,73,56,-0.7050000000000001,-0.19499999999999984,147,-0.5067371129989624,147,0.03566531836986542,147,0.0
5674,74,56,-0.7349999999999999,-0.19499999999999984,147,-0.5061144232749939,147,0.040617991238832474,147,0.0
5675,75,56,-0.7650000000000001,-0.19499999999999984,147,-0.505721926689148,147,0.03739864379167557,147,0.0
5676,76,56,-0.7949999999999999,-0.19499999999999984,147,-0.5051732063293457,147,0.031254690140485764,147,0.0
5677,77,56,-0.8249999999999997,-0.19499999999999984,147,-0.5049706101417542,147,0.02254592254757881,147,0.0
5678,78,56,-0.855,-0.19499999999999984,147,-0.5049191117286682,147,0.016460547223687172,147,0.0
5679,79,56,-0.8849999999999998,-0.19499999999999984,147,-0.5048071146011353,147,0.012120573781430721,147,0.0
5680,80,56,-0.915,-0.19499999999999984,147,-0.5046735405921936,147,0.0073115029372274876,147,0.0
5681,81,56,-0.9449999999999998,-0.19499999999999984,147,-0.5046709775924683,147,0.00691215181723237,147,0.0
5682,82,56,-0.9750000000000001,-0.19499999999999984,147,-0.5046802759170532,147,0.004764398094266653,147,0.0
5683,83,56,-1.005,-0.19499999999999984,147,-0.5048178434371948,147,0.001554687856696546,147,0.0
5684,84,56,-1.0349999999999997,-0.19499999999999984,147,-0.5052441954612732,147,0.002497434616088867,147,0.0
5685,85,56,-1.065,-0.19499999999999984,147,-0.5057833194732666,147,0.0,147,0.0
5686,86,56,-1.0949999999999998,-0.19499999999999984,47,-0.5058844685554504,147,0.0,147,0.02199999988079071
5687,87,56,-1.125,-0.19499999999999984,0,nan,147,0.0,147,0.02199999988079071
5688,88,56,-1.1549999999999998,-0.19499999999999984,0,nan,147,0.0,147,0.02199999988079071
5689,89,56,-1.185,-0.19499999999999984,0,nan,147,0.0,147,0.02199999988079071
5690,90,56,-1.2149999999999999,-0.19499999999999984,0,nan,147,0.0,147,0.02199999988079071
5691,91,56,-1.245,-0.19499999999999984,0,nan,147,0.0,147,0.02199999988079071
5692,92,56,-1.275,-0.19499999999999984,0,nan,147,0.0,147,0.02199999988079071
5693,93,56,-1.3049999999999997,-0.19499999999999984,0,nan,147,0.0,147,0.02199999988079071
5694,94,56,-1.335,-0.19499999999999984,0,nan,147,0.0,147,0.02199999988079071
5695,95,56,-1.3649999999999998,-0.19499999999999984,0,nan,147,0.0,147,0.02199999988079071
5696,96,56,-1.395,-0.19499999999999984,0,nan,147,0.0,147,0.02199999988079071
5697,97,56,-1.4249999999999998,-0.19499999999999984,0,nan,147,0.0,147,0.0
5698,98,56,-1.455,-0.19499999999999984,0,nan,147,0.0,147,0.0
5699,99,56,-1.4849999999999999,-0.19499999999999984,0,nan,147,0.0,147,0.0
5700,0,57,1.485,-0.22499999999999987,0,nan,147,0.0,147,0.0
5701,1,57,1.455,-0.22499999999999987,0,nan,147,0.0,147,0.0
5702,2,57,1.425,-0.22499999999999987,0,nan,147,0.0,147,0.0
5703,3,57,1.395,-0.22499999999999987,0,nan,147,0.0,147,0.02199999988079071
5704,4,57,1.365,-0.22499999999999987,0,nan,147,0.0,147,0.02199999988079071
5705,5,57,1.335,-0.22499999999999987,0,nan,147,0.0,147,0.02199999988079071
5706,6,57,1.305,-0.22499999999999987,0,nan,147,0.0,147,0.02199999988079071
5707,7,57,1.275,-0.22499999999999987,0,nan,147,0.0,147,0.02199999988079071
5708,8,57,1.245,-0.22499999999999987,0,nan,147,0.0,147,0.02199999988079071
5709,9,57,1.215,-0.22499999999999987,0,nan,147,0.0,147,0.02199999988079071
5710,10,57,1.185,-0.22499999999999987,98,-0.5963003635406494,147,0.0,147,0.0
5711,11,57,1.155,-0.22499999999999987,138,-0.5950082540512085,147,0.0,147,0.0
5712,12,57,1.125,-0.22499999999999987,143,-0.5949440002441406,147,0.006379628088325262,147,0.0
5713,13,57,1.095,-0.22499999999999987,142,-0.5948585569858551,147,0.1225845068693161,147,0.0
5714,14,57,1.065,-0.22499999999999987,147,-0.5960850119590759,147,0.6374825239181519,147,0.0
5715,15,57,1.0350000000000001,-0.22499999999999987,147,-0.5967152714729309,147,1.6357471942901611,147,0.10000000149011612
5716,16,57,1.005,-0.22499999999999987,144,-0.6888473033905029,147,1.4704465866088867,147,0.10000000149011612
5717,17,57,0.975,-0.22499999999999987,146,-0.6909433603286743,147,0.40088000893592834,147,0.0
5718,18,57,0.9450000000000001,-0.22499999999999987,147,-0.691020667552948,147,0.349770188331604,147,0.0
5719,19,57,0.915,-0.22499999999999987,147,-0.691020667552948,147,0.3782918155193329,147,0.0
5720,20,57,0.885,-0.22499999999999987,147,-0.691020667552948,147,0.34721890091896057,147,0.0
5721,21,57,0.855,-0.22499999999999987,147,-0.691020667552948,147,0.22115980088710785,147,0.0
5722,22,57,0.8250000000000001,-0.22499999999999987,147,-0.6903128027915955,147,0.1985834389925003,147,0.0
5723,23,57,0.795,-0.22499999999999987,147,-0.6825382709503174,147,0.31937089562416077,147,0.0
5724,24,57,0.765,-0.22499999999999987,147,-0.6703287363052368,147,0.44324618577957153,147,0.0
5725,25,57,0.735,-0.22499999999999987,147,-0.6568345427513123,147,0.42619219422340393,147,0.0
5726,26,57,0.7050000000000001,-0.22499999999999987,147,-0.6434067487716675,147,0.4172254204750061,147,0.0
5727,27,57,0.675,-0.22499999999999987,147,-0.6320322155952454,147,0.4086470901966095,147,0.0
5728,28,57,0.645,-0.22499999999999987,147,-0.6198602914810181,147,0.37327706813812256,147,0.0
5729,29,57,0.615,-0.22499999999999987,147,-0.6091662645339966,147,0.403515487909317,147,0.0
5730,30,57,0.5850000000000001,-0.22499999999999987,147,-0.59641432762146,147,0.41301724314689636,147,0.0
5731,31,57,0.555,-0.22499999999999987,146,-0.584318220615387,147,0.6114840507507324,147,0.0
5732,32,57,0.525,-0.22499999999999987,141,-0.5648484230041504,147,1.080479621887207,147,0.10000000149011612
5733,33,57,0.4950000000000001,-0.22499999999999987,147,-0.5169273018836975,147,0.8427007794380188,147,0.10000000149011612
5734,34,57,0.4650000000000001,-0.22499999999999987,147,-0.5159701704978943,147,0.2651134729385376,147,0.0
5735,35,57,0.43500000000000005,-0.22499999999999987,147,-0.5114240050315857,147,0.0652812123298645,147,0.0
5736,36,57,0.405,-0.22499999999999987,147,-0.5108293294906616,147,0.01548429299145937,147,0.0
5737,37,57,0.375,-0.22499999999999987,147,-0.5108292698860168,147,0.006173054222017527,147,0.0
5738,38,57,0.345,-0.22499999999999987,147,-0.5108292698860168,147,0.015038251876831055,147,0.0
5739,39,57,0.31499999999999995,-0.22499999999999987,147,-0.5097974538803101,147,0.01938243769109249,147,0.0
5740,40,57,0.28500000000000014,-0.22499999999999987,147,-0.5097761750221252,147,0.015248673036694527,147,0.0
5741,41,57,0.2550000000000001,-0.22499999999999987,147,-0.5089520812034607,147,0.018837055191397667,147,0.0
5742,42,57,0.2250000000000001,-0.22499999999999987,147,-0.5087624788284302,147,0.02154608629643917,147,0.0
5743,43,57,0.19500000000000006,-0.22499999999999987,147,-0.5083694458007812,147,0.007739663124084473,147,0.0
5744,44,57,0.16500000000000004,-0.22499999999999987,147,-0.5079551935195923,147,0.005663434509187937,147,0.0
5745,45,57,0.135,-0.22499999999999987,147,-0.5072238445281982,147,0.007068117614835501,147,0.0
5746,46,57,0.10499999999999998,-0.22499999999999987,147,-0.5069579482078552,147,0.0,147,0.0
5747,47,57,0.07499999999999996,-0.22499999999999987,147,-0.5067525506019592,147,0.04373658820986748,147,0.0
5748,48,57,0.04500000000000015,-0.22499999999999987,147,-0.5053790211677551,147,0.07387697696685791,147,0.0
5749,49,57,0.015000000000000124,-0.22499999999999987,147,-0.5047012567520142,147,0.0902586281299591,147,0.0
5750,50,57,-0.014999999999999902,-0.22499999999999987,147,-0.5044905543327332,147,0.11109360307455063,147,0.0
5751,51,57,-0.04499999999999993,-0.22499999999999987,147,-0.5044318437576294,147,0.11002220213413239,147,0.0
5752,52,57,-0.07499999999999996,-0.22499999999999987,147,-0.5044729113578796,147,0.11129412055015564,147,0.0
5753,53,57,-0.10499999999999998,-0.22499999999999987,147,-0.5044724345207214,147,0.13347557187080383,147,0.0
5754,54,57,-0.135,-0.22499999999999987,147,-0.5045906901359558,147,0.1365358680486679,147,0.0
5755,55,57,-0.16500000000000004,-0.22499999999999987,147,-0.5044318437576294,147,0.12315759807825089,147,0.0
5756,56,57,-0.19499999999999984,-0.22499999999999987,147,-0.5044335722923279,147,0.1008654534816742,147,0.0
5757,57,57,-0.22499999999999987,-0.22499999999999987,147,-0.5051828622817993,147,0.08979357779026031,147,0.0
5758,58,57,-0.2549999999999999,-0.22499999999999987,147,-0.5068547129631042,147,0.05816817283630371,147,0.0
5759,59,57,-0.2849999999999999,-0.22499999999999987,147,-0.5063101649284363,147,0.046944618225097656,147,0.0
5760,60,57,-0.31499999999999995,-0.22499999999999987,147,-0.5058979392051697,147,0.025731125846505165,147,0.0
5761,61,57,-0.345,-0.22499999999999987,147,-0.5060481429100037,147,0.0244826078414917,147,0.0
5762,62,57,-0.375,-0.22499999999999987,147,-0.5062088966369629,147,0.017513832077383995,147,0.0
5763,63,57,-0.405,-0.22499999999999987,147,-0.5063879489898682,147,0.013799764215946198,147,0.0
5764,64,57,-0.43499999999999983,-0.22499999999999987,147,-0.5059153437614441,147,0.015047192573547363,147,0.0
5765,65,57,-0.46499999999999986,-0.22499999999999987,147,-0.5061653256416321,147,0.0022540490608662367,147,0.0
5766,66,57,-0.4949999999999999,-0.22499999999999987,147,-0.5067318081855774,147,0.01612754911184311,147,0.0
5767,67,57,-0.5249999999999999,-0.22499999999999987,147,-0.5070591568946838,147,0.025825699791312218,147,0.0
5768,68,57,-0.5549999999999997,-0.22499999999999987,147,-0.5079922080039978,147,0.025825699791312218,147,0.0
5769,69,57,-0.585,-0.22499999999999987,147,-0.508194088935852,147,0.02416670322418213,147,0.0
5770,70,57,-0.6149999999999998,-0.22499999999999987,147,-0.5084130764007568,147,0.0240375604480505,147,0.0
5771,71,57,-0.645,-0.22499999999999987,147,-0.5085285305976868,147,0.028621157631278038,147,0.0
5772,72,57,-0.6749999999999998,-0.22499999999999987,147,-0.5082331299781799,147,0.03326519951224327,147,0.0
5773,73,57,-0.7050000000000001,-0.22499999999999987,147,-0.5076987743377686,147,0.028698181733489037,147,0.0
5774,74,57,-0.7349999999999999,-0.22499999999999987,147,-0.5071266889572144,147,0.031636957079172134,147,0.0
5775,75,57,-0.7650000000000001,-0.22499999999999987,147,-0.5065174102783203,147,0.030530789867043495,147,0.0
5776,76,57,-0.7949999999999999,-0.22499999999999987,147,-0.5060619115829468,147,0.028169482946395874,147,0.0
5777,77,57,-0.8249999999999997,-0.22499999999999987,147,-0.5055516958236694,147,0.02251267433166504,147,0.0
5778,78,57,-0.855,-0.22499999999999987,147,-0.5054188966751099,147,0.01414318848401308,147,0.0
5779,79,57,-0.8849999999999998,-0.22499999999999987,147,-0.5052239894866943,147,0.012302665039896965,147,0.0
5780,80,57,-0.915,-0.22499999999999987,147,-0.5051732063293457,147,0.009641051292419434,147,0.0
5781,81,57,-0.9449999999999998,-0.22499999999999987,147,-0.5050774812698364,147,0.010509292595088482,147,0.0
5782,82,57,-0.9750000000000001,-0.22499999999999987,147,-0.5049706101417542,147,0.007296716328710318,147,0.0
5783,83,57,-1.005,-0.22499999999999987,147,-0.5050046443939209,147,0.0034819047432392836,147,0.0
5784,84,57,-1.0349999999999997,-0.22499999999999987,147,-0.5053470730781555,147,0.0034819047432392836,147,0.0
5785,85,57,-1.065,-0.22499999999999987,147,-0.5057314038276672,147,0.0,147,0.0
5786,86,57,-1.0949999999999998,-0.22499999999999987,47,-0.5056555271148682,147,0.0,147,0.02199999988079071
5787,87,57,-1.125,-0.22499999999999987,0,nan,147,0.0,147,0.02199999988079071
5788,88,57,-1.1549999999999998,-0.22499999999999987,0,nan,147,0.0,147,0.02199999988079071
5789,89,57,-1.185,-0.22499999999999987,0,nan,147,0.0,147,0.02199999988079071
5790,90,57,-1.2149999999999999,-0.22499999999999987,0,nan,147,0.0,147,0.02199999988079071
5791,91,57,-1.245,-0.22499999999999987,0,nan,147,0.0,147,0.02199999988079071
5792,92,57,-1.275,-0.22499999999999987,0,nan,147,0.0,147,0.02199999988079071
5793,93,57,-1.3049999999999997,-0.22499999999999987,0,nan,147,0.0,147,0.02199999988079071
5794,94,57,-1.335,-0.22499999999999987,0,nan,147,0.0,147,0.02199999988079071
5795,95,57,-1.3649999999999998,-0.22499999999999987,0,nan,147,0.0,147,0.02199999988079071
5796,96,57,-1.395,-0.22499999999999987,0,nan,147,0.0,147,0.02199999988079071
5797,97,57,-1.4249999999999998,-0.22499999999999987,0,nan,147,0.0,147,0.0
5798,98,57,-1.455,-0.22499999999999987,0,nan,147,0.0,147,0.0
5799,99,57,-1.4849999999999999,-0.22499999999999987,0,nan,147,0.0,147,0.0
5800,0,58,1.485,-0.2549999999999999,0,nan,147,0.0,147,0.0
5801,1,58,1.455,-0.2549999999999999,0,nan,147,0.0,147,0.0
5802,2,58,1.425,-0.2549999999999999,0,nan,147,0.0,147,0.0
5803,3,58,1.395,-0.2549999999999999,0,nan,147,0.0,147,0.02199999988079071
5804,4,58,1.365,-0.2549999999999999,0,nan,147,0.0,147,0.02199999988079071
5805,5,58,1.335,-0.2549999999999999,0,nan,147,0.0,147,0.02199999988079071
5806,6,58,1.305,-0.2549999999999999,0,nan,147,0.0,147,0.02199999988079071
5807,7,58,1.275,-0.2549999999999999,0,nan,147,0.0,147,0.02199999988079071
5808,8,58,1.245,-0.2549999999999999,0,nan,147,0.0,147,0.02199999988079071
5809,9,58,1.215,-0.2549999999999999,0,nan,147,0.0,147,0.02199999988079071
5810,10,58,1.185,-0.2549999999999999,32,-0.7831499576568604,147,0.0,147,0.02199999988079071
5811,11,58,1.155,-0.2549999999999999,31,-0.7839010953903198,147,0.0,147,0.02199999988079071
5812,12,58,1.125,-0.2549999999999999,32,-0.7806009650230408,147,0.0,147,0.02199999988079071
5813,13,58,1.095,-0.2549999999999999,42,-0.7370336651802063,147,0.0,147,0.02199999988079071
5814,14,58,1.065,-0.2549999999999999,88,-0.6906487941741943,147,0.6619176864624023,147,0.02199999988079071
5815,15,58,1.0350000000000001,-0.2549999999999999,117,-0.7137675881385803,147,2.348043203353882,147,0.10000000149011612
5816,16,58,1.005,-0.2549999999999999,128,-0.7206587791442871,147,1.5484802722930908,147,0.10000000149011612
5817,17,58,0.975,-0.2549999999999999,146,-0.7164500653743744,147,1.0184611082077026,147,0.10000000149011612
5818,18,58,0.9450000000000001,-0.2549999999999999,147,-0.7142236232757568,147,0.8725579380989075,147,0.10000000149011612
5819,19,58,0.915,-0.2549999999999999,147,-0.7142236232757568,147,0.7113139033317566,147,0.0
5820,20,58,0.885,-0.2549999999999999,147,-0.7102934718132019,147,0.5385928153991699,147,0.0
5821,21,58,0.855,-0.2549999999999999,147,-0.70183926820755,147,0.37703344225883484,147,0.0
5822,22,58,0.8250000000000001,-0.2549999999999999,147,-0.6925950050354004,147,0.30535486340522766,147,0.0
5823,23,58,0.795,-0.2549999999999999,147,-0.6830059289932251,147,0.347499817609787,147,0.0
5824,24,58,0.765,-0.2549999999999999,147,-0.6704585552215576,147,0.4414420425891876,147,0.0
5825,25,58,0.735,-0.2549999999999999,147,-0.6570987701416016,147,0.4268140196800232,147,0.0
5826,26,58,0.7050000000000001,-0.2549999999999999,147,-0.6443266272544861,147,0.4163900911808014,147,0.0
5827,27,58,0.675,-0.2549999999999999,147,-0.6326635479927063,147,0.4272080361843109,147,0.0
5828,28,58,0.645,-0.2549999999999999,147,-0.6197494864463806,147,0.3811438977718353,147,0.0
5829,29,58,0.615,-0.2549999999999999,147,-0.6091662645339966,147,0.41238167881965637,147,0.0
5830,30,58,0.5850000000000001,-0.2549999999999999,147,-0.5958670377731323,147,0.4551388919353485,147,0.0
5831,31,58,0.555,-0.2549999999999999,138,-0.5827233791351318,147,0.8462506532669067,147,0.10000000149011612
5832,32,58,0.525,-0.2549999999999999,146,-0.5557806193828583,147,1.1838228702545166,147,0.10000000149011612
5833,33,58,0.4950000000000001,-0.2549999999999999,147,-0.5156695246696472,147,0.5745492577552795,147,0.0
5834,34,58,0.4650000000000001,-0.2549999999999999,147,-0.513526976108551,147,0.09841932356357574,147,0.0
5835,35,58,0.43500000000000005,-0.2549999999999999,147,-0.5114222168922424,147,0.06849174201488495,147,0.0
5836,36,58,0.405,-0.2549999999999999,147,-0.5103857517242432,147,0.01914898492395878,147,0.0
5837,37,58,0.375,-0.2549999999999999,147,-0.5097761750221252,147,0.0,147,0.0
5838,38,58,0.345,-0.2549999999999999,147,-0.5097761750221252,147,0.0,147,0.0
5839,39,58,0.31499999999999995,-0.2549999999999999,147,-0.5091304183006287,147,0.009369850158691406,147,0.0
5840,40,58,0.28500000000000014,-0.2549999999999999,147,-0.5086491107940674,147,0.011573235504329205,147,0.0
5841,41,58,0.2550000000000001,-0.2549999999999999,147,-0.5086473822593689,147,0.0196970347315073,147,0.0
5842,42,58,0.2250000000000001,-0.2549999999999999,147,-0.5085073113441467,147,0.02021753415465355,147,0.0
5843,43,58,0.19500000000000006,-0.2549999999999999,147,-0.5079551935195923,147,0.015438596718013287,147,0.0
5844,44,58,0.16500000000000004,-0.2549999999999999,147,-0.50773024559021,147,0.010262926109135151,147,0.0
5845,45,58,0.135,-0.2549999999999999,147,-0.5071452260017395,147,0.012421607971191406,147,0.0
5846,46,58,0.10499999999999998,-0.2549999999999999,147,-0.5066940784454346,147,0.008748968131840229,147,0.0
5847,47,58,0.07499999999999996,-0.2549999999999999,147,-0.5063784718513489,147,0.2507011592388153,147,0.0
5848,48,58,0.04500000000000015,-0.2549999999999999,147,-0.5027488470077515,147,0.4867621660232544,147,0.0
5849,49,58,0.015000000000000124,-0.2549999999999999,147,-0.5008381009101868,147,0.6014304161071777,147,0.0
5850,50,58,-0.014999999999999902,-0.2549999999999999,147,-0.4995739161968231,147,0.6136640906333923,147,0.0
5851,51,58,-0.04499999999999993,-0.2549999999999999,147,-0.4989452362060547,147,0.6166269183158875,147,0.0
5852,52,58,-0.07499999999999996,-0.2549999999999999,147,-0.4989452362060547,147,0.6159077286720276,147,0.0
5853,53,58,-0.10499999999999998,-0.2549999999999999,147,-0.49875587224960327,147,0.6180365681648254,147,0.0
5854,54,58,-0.135,-0.2549999999999999,147,-0.4975458085536957,147,0.6085899472236633,147,0.0
5855,55,58,-0.16500000000000004,-0.2549999999999999,147,-0.4972836375236511,147,0.5613803863525391,147,0.0
5856,56,58,-0.19499999999999984,-0.2549999999999999,147,-0.49811074137687683,147,0.47116518020629883,147,0.0
5857,57,58,-0.22499999999999987,-0.2549999999999999,147,-0.50398850440979,147,0.29927298426628113,147,0.0
5858,58,58,-0.2549999999999999,-0.2549999999999999,147,-0.5067993998527527,147,0.11821488291025162,147,0.0
5859,59,58,-0.2849999999999999,-0.2549999999999999,147,-0.5068547129631042,147,0.050189096480607986,147,0.0
5860,60,58,-0.31499999999999995,-0.2549999999999999,147,-0.5063879489898682,147,0.022853178903460503,147,0.0
5861,61,58,-0.345,-0.2549999999999999,147,-0.5064057111740112,147,0.02565663866698742,147,0.0
5862,62,58,-0.375,-0.2549999999999999,147,-0.5066767930984497,147,0.018278472125530243,147,0.0
5863,63,58,-0.405,-0.2549999999999999,147,-0.506716787815094,147,0.01652737520635128,147,0.0
5864,64,58,-0.43499999999999983,-0.2549999999999999,147,-0.5062209963798523,147,0.017525753006339073,147,0.0
5865,65,58,-0.46499999999999986,-0.2549999999999999,147,-0.5063802599906921,147,0.0049561262130737305,147,0.0
5866,66,58,-0.4949999999999999,-0.2549999999999999,147,-0.5068097114562988,147,0.018603969365358353,147,0.0
5867,67,58,-0.5249999999999999,-0.2549999999999999,147,-0.5072422623634338,147,0.02606361173093319,147,0.0
5868,68,58,-0.5549999999999997,-0.2549999999999999,147,-0.5080235600471497,147,0.024768706411123276,147,0.0
5869,69,58,-0.585,-0.2549999999999999,147,-0.5083720088005066,147,0.0210444126278162,147,0.0
5870,70,58,-0.6149999999999998,-0.2549999999999999,147,-0.5086003541946411,147,0.0210444126278162,147,0.0
5871,71,58,-0.645,-0.2549999999999999,147,-0.5088332891464233,147,0.023857751861214638,147,0.0
5872,72,58,-0.6749999999999998,-0.2549999999999999,147,-0.5084223747253418,147,0.028514789417386055,147,0.0
5873,73,58,-0.7050000000000001,-0.2549999999999999,147,-0.5080496668815613,147,0.023651251569390297,147,0.0
5874,74,58,-0.7349999999999999,-0.2549999999999999,147,-0.5075879693031311,147,0.028201458975672722,147,0.0
5875,75,58,-0.7650000000000001,-0.2549999999999999,147,-0.5071227550506592,147,0.03205935284495354,147,0.0
5876,76,58,-0.7949999999999999,-0.2549999999999999,147,-0.5066214203834534,147,0.027767278254032135,147,0.0
5877,77,58,-0.8249999999999997,-0.2549999999999999,147,-0.5060411095619202,147,0.017621120437979698,147,0.0
5878,78,58,-0.855,-0.2549999999999999,147,-0.5057236552238464,147,0.012647111900150776,147,0.0
5879,79,58,-0.8849999999999998,-0.2549999999999999,147,-0.5056306719779968,147,0.01195092685520649,147,0.0
5880,80,58,-0.915,-0.2549999999999999,147,-0.5055394768714905,147,0.011826997622847557,147,0.0
5881,81,58,-0.9449999999999998,-0.2549999999999999,147,-0.5053454041481018,147,0.012413403019309044,147,0.0
5882,82,58,-0.9750000000000001,-0.2549999999999999,147,-0.5053339004516602,147,0.007219650782644749,147,0.0
5883,83,58,-1.005,-0.2549999999999999,147,-0.505339503288269,147,0.002084512962028384,147,0.0
5884,84,58,-1.0349999999999997,-0.2549999999999999,147,-0.5055295825004578,147,0.0,147,0.0
5885,85,58,-1.065,-0.2549999999999999,147,-0.505945086479187,147,0.0,147,0.0
5886,86,58,-1.0949999999999998,-0.2549999999999999,47,-0.5056555271148682,147,0.0,147,0.02199999988079071
5887,87,58,-1.125,-0.2549999999999999,0,nan,147,0.0,147,0.02199999988079071
5888,88,58,-1.1549999999999998,-0.2549999999999999,0,nan,147,0.0,147,0.02199999988079071
5889,89,58,-1.185,-0.2549999999999999,0,nan,147,0.0,147,0.02199999988079071
5890,90,58,-1.2149999999999999,-0.2549999999999999,0,nan,147,0.0,147,0.02199999988079071
5891,91,58,-1.245,-0.2549999999999999,0,nan,147,0.0,147,0.02199999988079071
5892,92,58,-1.275,-0.2549999999999999,0,nan,147,0.0,147,0.02199999988079071
5893,93,58,-1.3049999999999997,-0.2549999999999999,0,nan,147,0.0,147,0.02199999988079071
5894,94,58,-1.335,-0.2549999999999999,0,nan,147,0.0,147,0.02199999988079071
5895,95,58,-1.3649999999999998,-0.2549999999999999,0,nan,147,0.0,147,0.02199999988079071
5896,96,58,-1.395,-0.2549999999999999,0,nan,147,0.0,147,0.02199999988079071
5897,97,58,-1.4249999999999998,-0.2549999999999999,0,nan,147,0.0,147,0.0
5898,98,58,-1.455,-0.2549999999999999,0,nan,147,0.0,147,0.0
5899,99,58,-1.4849999999999999,-0.2549999999999999,0,nan,147,0.0,147,0.0
5900,0,59,1.485,-0.2849999999999999,0,nan,147,0.0,147,0.0
5901,1,59,1.455,-0.2849999999999999,0,nan,147,0.0,147,0.0
5902,2,59,1.425,-0.2849999999999999,0,nan,147,0.0,147,0.0
5903,3,59,1.395,-0.2849999999999999,0,nan,147,0.0,147,0.02199999988079071
5904,4,59,1.365,-0.2849999999999999,0,nan,147,0.0,147,0.02199999988079071
5905,5,59,1.335,-0.2849999999999999,0,nan,147,0.0,147,0.02199999988079071
5906,6,59,1.305,-0.2849999999999999,0,nan,147,0.0,147,0.02199999988079071
5907,7,59,1.275,-0.2849999999999999,0,nan,147,0.0,147,0.02199999988079071
5908,8,59,1.245,-0.2849999999999999,0,nan,147,0.0,147,0.02199999988079071
5909,9,59,1.215,-0.2849999999999999,0,nan,147,0.0,147,0.02199999988079071
5910,10,59,1.185,-0.2849999999999999,39,-0.7901349067687988,147,0.0,147,0.02199999988079071
5911,11,59,1.155,-0.2849999999999999,53,-0.7891878485679626,147,0.0,147,0.02199999988079071
5912,12,59,1.125,-0.2849999999999999,84,-0.7836520373821259,147,0.0,147,0.02199999988079071
5913,13,59,1.095,-0.2849999999999999,105,-0.7846075892448425,147,0.24823348224163055,147,0.02199999988079071
5914,14,59,1.065,-0.2849999999999999,133,-0.7784099578857422,147,0.7592501640319824,147,0.02199999988079071
5915,15,59,1.0350000000000001,-0.2849999999999999,141,-0.7701912522315979,147,0.8540213108062744,147,0.10000000149011612
5916,16,59,1.005,-0.2849999999999999,147,-0.7609692811965942,147,0.7503920793533325,147,0.0
5917,17,59,0.975,-0.2849999999999999,147,-0.7515515685081482,147,0.7056801319122314,147,0.0
5918,18,59,0.9450000000000001,-0.2849999999999999,147,-0.742345929145813,147,0.5705582499504089,147,0.0
5919,19,59,0.915,-0.2849999999999999,147,-0.7323543429374695,147,0.4868086278438568,147,0.0
5920,20,59,0.885,-0.2849999999999999,147,-0.7205770015716553,147,0.463095098733902,147,0.0
5921,21,59,0.855,-0.2849999999999999,147,-0.7046005129814148,147,0.42184528708457947,147,0.0
5922,22,59,0.8250000000000001,-0.2849999999999999,147,-0.6927046179771423,147,0.3558019697666168,147,0.0
5923,23,59,0.795,-0.2849999999999999,147,-0.6828232407569885,147,0.35134753584861755,147,0.0
5924,24,59,0.765,-0.2849999999999999,147,-0.6706553101539612,147,0.43366682529449463,147,0.0
5925,25,59,0.735,-0.2849999999999999,147,-0.6577679514884949,147,0.42863813042640686,147,0.0
5926,26,59,0.7050000000000001,-0.2849999999999999,147,-0.6449018716812134,147,0.41994354128837585,147,0.0
5927,27,59,0.675,-0.2849999999999999,147,-0.6325758099555969,147,0.43214261531829834,147,0.0
5928,28,59,0.645,-0.2849999999999999,147,-0.6192300915718079,147,0.38723376393318176,147,0.0
5929,29,59,0.615,-0.2849999999999999,147,-0.6089038252830505,147,0.4142796993255615,147,0.0
5930,30,59,0.5850000000000001,-0.2849999999999999,147,-0.5948709845542908,147,0.8194850087165833,147,0.0
5931,31,59,0.555,-0.2849999999999999,132,-0.5788560211658478,147,1.4103496074676514,147,0.10000000149011612
5932,32,59,0.525,-0.2849999999999999,147,-0.5125699043273926,147,0.9726033806800842,147,0.10000000149011612
5933,33,59,0.4950000000000001,-0.2849999999999999,147,-0.5121721625328064,147,0.2985262870788574,147,0.0
5934,34,59,0.4650000000000001,-0.2849999999999999,147,-0.511648416519165,147,0.07465669512748718,147,0.0
5935,35,59,0.43500000000000005,-0.2849999999999999,147,-0.5096924901008606,147,0.054641321301460266,147,0.0
5936,36,59,0.405,-0.2849999999999999,147,-0.5089870095252991,147,0.022883215919137,147,0.0
5937,37,59,0.375,-0.2849999999999999,147,-0.5084598660469055,147,0.0016182661056518555,147,0.0
5938,38,59,0.345,-0.2849999999999999,147,-0.5084598660469055,147,0.003930926322937012,147,0.0
5939,39,59,0.31499999999999995,-0.2849999999999999,147,-0.5083075761795044,147,0.01868738979101181,147,0.0
5940,40,59,0.28500000000000014,-0.2849999999999999,147,-0.5081038475036621,147,0.035822633653879166,147,0.0
5941,41,59,0.2550000000000001,-0.2849999999999999,147,-0.5079582333564758,147,0.05945604294538498,147,0.0
5942,42,59,0.2250000000000001,-0.2849999999999999,147,-0.5079174637794495,147,0.10947062075138092,147,0.0
5943,43,59,0.19500000000000006,-0.2849999999999999,147,-0.5077564120292664,147,0.3574546277523041,147,0.0
5944,44,59,0.16500000000000004,-0.2849999999999999,147,-0.5071623921394348,147,0.7586027383804321,147,0.0
5945,45,59,0.135,-0.2849999999999999,147,-0.5068946480751038,147,1.0044119358062744,147,0.10000000149011612
5946,46,59,0.10499999999999998,-0.2849999999999999,147,-0.5064825415611267,147,1.0996994972229004,147,0.10000000149011612
5947,47,59,0.07499999999999996,-0.2849999999999999,143,-0.5059302449226379,147,1.1168984174728394,147,0.10000000149011612
5948,48,59,0.04500000000000015,-0.2849999999999999,146,-0.470679834485054,147,1.1029492616653442,147,0.10000000149011612
5949,49,59,0.015000000000000124,-0.2849999999999999,147,-0.46823063492774963,147,1.0028094053268433,147,0.10000000149011612
5950,50,59,-0.014999999999999902,-0.2849999999999999,147,-0.4675869941711426,147,0.9654943346977234,147,0.10000000149011612
5951,51,59,-0.04499999999999993,-0.2849999999999999,147,-0.4675869941711426,147,0.9412730932235718,147,0.10000000149011612
5952,52,59,-0.07499999999999996,-0.2849999999999999,147,-0.4675869941711426,147,0.8741046190261841,147,0.10000000149011612
5953,53,59,-0.10499999999999998,-0.2849999999999999,147,-0.4675869941711426,147,0.7066817283630371,147,0.0
5954,54,59,-0.135,-0.2849999999999999,147,-0.4676751494407654,147,0.5676673054695129,147,0.0
5955,55,59,-0.16500000000000004,-0.2849999999999999,147,-0.4698182940483093,147,0.5145721435546875,147,0.0
5956,56,59,-0.19499999999999984,-0.2849999999999999,147,-0.47141778469085693,147,0.5335686206817627,147,0.0
5957,57,59,-0.22499999999999987,-0.2849999999999999,147,-0.5009703636169434,147,0.5110626220703125,147,0.0
5958,58,59,-0.2549999999999999,-0.2849999999999999,147,-0.5065247416496277,147,0.14555653929710388,147,0.0
5959,59,59,-0.2849999999999999,-0.2849999999999999,147,-0.506791889667511,147,0.048473477363586426,147,0.0
5960,60,59,-0.31499999999999995,-0.2849999999999999,147,-0.5064812302589417,147,0.02085467241704464,147,0.0
5961,61,59,-0.345,-0.2849999999999999,147,-0.5065174698829651,147,0.015975037589669228,147,0.0
5962,62,59,-0.375,-0.2849999999999999,147,-0.5067502856254578,147,0.011084903962910175,147,0.0
5963,63,59,-0.405,-0.2849999999999999,147,-0.5068774223327637,147,0.010980169288814068,147,0.0
5964,64,59,-0.43499999999999983,-0.2849999999999999,147,-0.5064009428024292,147,0.008578990586102009,147,0.0
5965,65,59,-0.46499999999999986,-0.2849999999999999,147,-0.5064874887466431,147,0.0028596636839210987,147,0.0
5966,66,59,-0.4949999999999999,-0.2849999999999999,147,-0.5070335865020752,147,0.018375352025032043,147,0.0
5967,67,59,-0.5249999999999999,-0.2849999999999999,147,-0.5075595378875732,147,0.032685793936252594,147,0.0
5968,68,59,-0.5549999999999997,-0.2849999999999999,147,-0.5082922577857971,147,0.032285723835229874,147,0.0
5969,69,59,-0.585,-0.2849999999999999,147,-0.5089895129203796,147,0.02707427740097046,147,0.0
5970,70,59,-0.6149999999999998,-0.2849999999999999,147,-0.5093355178833008,147,0.027223611250519753,147,0.0
5971,71,59,-0.645,-0.2849999999999999,147,-0.509722888469696,147,0.02625485323369503,147,0.0
5972,72,59,-0.6749999999999998,-0.2849999999999999,147,-0.5091744065284729,147,0.030107686296105385,147,0.0
5973,73,59,-0.7050000000000001,-0.2849999999999999,147,-0.508571982383728,147,0.022680560126900673,147,0.0
5974,74,59,-0.7349999999999999,-0.2849999999999999,147,-0.5083556175231934,147,0.02765456773340702,147,0.0
5975,75,59,-0.7650000000000001,-0.2849999999999999,147,-0.5076864957809448,147,0.029402732849121094,147,0.0
5976,76,59,-0.7949999999999999,-0.2849999999999999,147,-0.5071389675140381,147,0.02892303094267845,147,0.0
5977,77,59,-0.8249999999999997,-0.2849999999999999,147,-0.5064485669136047,147,0.018392005935311317,147,0.0
5978,78,59,-0.855,-0.2849999999999999,147,-0.5062167048454285,147,0.013061700388789177,147,0.0
5979,79,59,-0.8849999999999998,-0.2849999999999999,147,-0.5061124563217163,147,0.012978068552911282,147,0.0
5980,80,59,-0.915,-0.2849999999999999,147,-0.5060591697692871,147,0.015401840209960938,147,0.0
5981,81,59,-0.9449999999999998,-0.2849999999999999,147,-0.5056391358375549,147,0.016855578869581223,147,0.0
5982,82,59,-0.9750000000000001,-0.2849999999999999,147,-0.5054069757461548,147,0.01073980052024126,147,0.0
5983,83,59,-1.005,-0.2849999999999999,147,-0.5054188966751099,147,0.0013748804340139031,147,0.0
5984,84,59,-1.0349999999999997,-0.2849999999999999,147,-0.505588948726654,147,0.0,147,0.0
5985,85,59,-1.065,-0.2849999999999999,147,-0.505945086479187,147,0.0,147,0.0
5986,86,59,-1.0949999999999998,-0.2849999999999999,47,-0.5056555271148682,147,0.0,147,0.02199999988079071
5987,87,59,-1.125,-0.2849999999999999,0,nan,147,0.0,147,0.02199999988079071
5988,88,59,-1.1549999999999998,-0.2849999999999999,0,nan,147,0.0,147,0.02199999988079071
5989,89,59,-1.185,-0.2849999999999999,0,nan,147,0.0,147,0.02199999988079071
5990,90,59,-1.2149999999999999,-0.2849999999999999,0,nan,147,0.0,147,0.02199999988079071
5991,91,59,-1.245,-0.2849999999999999,0,nan,147,0.0,147,0.02199999988079071
5992,92,59,-1.275,-0.2849999999999999,0,nan,147,0.0,147,0.02199999988079071
5993,93,59,-1.3049999999999997,-0.2849999999999999,0,nan,147,0.0,147,0.02199999988079071
5994,94,59,-1.335,-0.2849999999999999,0,nan,147,0.0,147,0.02199999988079071
5995,95,59,-1.3649999999999998,-0.2849999999999999,0,nan,147,0.0,147,0.02199999988079071
5996,96,59,-1.395,-0.2849999999999999,0,nan,147,0.0,147,0.02199999988079071
5997,97,59,-1.4249999999999998,-0.2849999999999999,0,nan,147,0.0,147,0.0
5998,98,59,-1.455,-0.2849999999999999,0,nan,147,0.0,147,0.0
5999,99,59,-1.4849999999999999,-0.2849999999999999,0,nan,147,0.0,147,0.0
6000,0,60,1.485,-0.31499999999999995,0,nan,147,0.0,147,0.0
6001,1,60,1.455,-0.31499999999999995,0,nan,147,0.0,147,0.0
6002,2,60,1.425,-0.31499999999999995,0,nan,147,0.0,147,0.0
6003,3,60,1.395,-0.31499999999999995,0,nan,147,0.0,147,0.02199999988079071
6004,4,60,1.365,-0.31499999999999995,0,nan,147,0.0,147,0.02199999988079071
6005,5,60,1.335,-0.31499999999999995,0,nan,147,0.0,147,0.02199999988079071
6006,6,60,1.305,-0.31499999999999995,0,nan,147,0.0,147,0.02199999988079071
6007,7,60,1.275,-0.31499999999999995,0,nan,147,0.0,147,0.02199999988079071
6008,8,60,1.245,-0.31499999999999995,0,nan,147,0.0,147,0.02199999988079071
6009,9,60,1.215,-0.31499999999999995,0,nan,147,0.0,147,0.02199999988079071
6010,10,60,1.185,-0.31499999999999995,81,-0.7956328392028809,147,0.0,147,0.0
6011,11,60,1.155,-0.31499999999999995,117,-0.7949654459953308,147,0.013142216950654984,147,0.0
6012,12,60,1.125,-0.31499999999999995,121,-0.7942158579826355,147,0.04035830497741699,147,0.0
6013,13,60,1.095,-0.31499999999999995,128,-0.793816089630127,147,0.2100338488817215,147,0.0
6014,14,60,1.065,-0.31499999999999995,141,-0.7823432683944702,147,0.3057684898376465,147,0.0
6015,15,60,1.0350000000000001,-0.31499999999999995,144,-0.7728403806686401,147,0.3136093318462372,147,0.0
6016,16,60,1.005,-0.31499999999999995,147,-0.7625700831413269,147,0.3291108012199402,147,0.0
6017,17,60,0.975,-0.31499999999999995,147,-0.7529205679893494,147,0.3099861145019531,147,0.0
6018,18,60,0.9450000000000001,-0.31499999999999995,147,-0.7430894374847412,147,0.3209490478038788,147,0.0
6019,19,60,0.915,-0.31499999999999995,147,-0.7328239679336548,147,0.37091776728630066,147,0.0
6020,20,60,0.885,-0.31499999999999995,147,-0.7214725613594055,147,0.4277102053165436,147,0.0
6021,21,60,0.855,-0.31499999999999995,146,-0.7067834138870239,147,0.4679670035839081,147,0.0
6022,22,60,0.8250000000000001,-0.31499999999999995,146,-0.6938974857330322,147,0.4009297788143158,147,0.0
6023,23,60,0.795,-0.31499999999999995,146,-0.6828228235244751,147,0.3687530755996704,147,0.0
6024,24,60,0.765,-0.31499999999999995,146,-0.6707942187786102,147,0.4151037335395813,147,0.0
6025,25,60,0.735,-0.31499999999999995,146,-0.657832145690918,147,0.4351278245449066,147,0.0
6026,26,60,0.7050000000000001,-0.31499999999999995,146,-0.6448383629322052,147,0.41994354128837585,147,0.0
6027,27,60,0.675,-0.31499999999999995,147,-0.6325758099555969,147,0.4377559721469879,147,0.0
6028,28,60,0.645,-0.31499999999999995,147,-0.6189826726913452,147,0.4019877314567566,147,0.0
6029,29,60,0.615,-0.31499999999999995,147,-0.6085114479064941,147,0.8030379414558411,147,0.0
6030,30,60,0.5850000000000001,-0.31499999999999995,146,-0.5943743288516998,147,1.5978202819824219,147,0.10000000149011612
6031,31,60,0.555,-0.31499999999999995,147,-0.5120522975921631,147,1.378251075744629,147,0.10000000149011612
6032,32,60,0.525,-0.31499999999999995,147,-0.5115006566047668,147,0.42616239190101624,147,0.0
6033,33,60,0.4950000000000001,-0.31499999999999995,147,-0.5112711191177368,147,0.04854133352637291,147,0.0
6034,34,60,0.4650000000000001,-0.31499999999999995,147,-0.5109497308731079,147,0.051103465259075165,147,0.0
6035,35,60,0.43500000000000005,-0.31499999999999995,147,-0.5091304183006287,147,0.034173328429460526,147,0.0
6036,36,60,0.405,-0.31499999999999995,147,-0.5083488821983337,147,0.014980633743107319,147,0.0
6037,37,60,0.375,-0.31499999999999995,147,-0.5080921053886414,147,0.0,147,0.0
6038,38,60,0.345,-0.31499999999999995,147,-0.5080921053886414,147,0.0028863567858934402,147,0.0
6039,39,60,0.31499999999999995,-0.31499999999999995,147,-0.5077618956565857,147,0.01710951328277588,147,0.0
6040,40,60,0.28500000000000014,-0.31499999999999995,147,-0.5071623921394348,147,0.03501449525356293,147,0.0
6041,41,60,0.2550000000000001,-0.31499999999999995,147,-0.5065388083457947,147,0.11958161741495132,147,0.0
6042,42,60,0.2250000000000001,-0.31499999999999995,147,-0.5040156245231628,147,0.5164976716041565,147,0.0
6043,43,60,0.19500000000000006,-0.31499999999999995,147,-0.49959099292755127,147,1.067516565322876,147,0.10000000149011612
6044,44,60,0.16500000000000004,-0.31499999999999995,147,-0.4583425521850586,147,1.2039738893508911,147,0.10000000149011612
6045,45,60,0.135,-0.31499999999999995,147,-0.44073185324668884,147,1.152992606163025,147,0.10000000149011612
6046,46,60,0.10499999999999998,-0.31499999999999995,147,-0.43959665298461914,147,1.1233747005462646,147,0.10000000149011612
6047,47,60,0.07499999999999996,-0.31499999999999995,147,-0.4395572543144226,147,0.982184112071991,147,0.10000000149011612
6048,48,60,0.04500000000000015,-0.31499999999999995,147,-0.4395572543144226,147,0.6946266889572144,147,0.0
6049,49,60,0.015000000000000124,-0.31499999999999995,147,-0.4395572543144226,147,0.5230079293251038,147,0.0
6050,50,60,-0.014999999999999902,-0.31499999999999995,147,-0.4395572543144226,147,0.48016494512557983,147,0.0
6051,51,60,-0.04499999999999993,-0.31499999999999995,147,-0.43961748480796814,147,0.46533164381980896,147,0.0
6052,52,60,-0.07499999999999996,-0.31499999999999995,147,-0.44086602330207825,147,0.4423828125,147,0.0
6053,53,60,-0.10499999999999998,-0.31499999999999995,147,-0.4606044590473175,147,0.3627927005290985,147,0.0
6054,54,60,-0.135,-0.31499999999999995,147,-0.4670030474662781,147,0.15885794162750244,147,0.0
6055,55,60,-0.16500000000000004,-0.31499999999999995,147,-0.468963623046875,147,0.06685902923345566,147,0.0
6056,56,60,-0.19499999999999984,-0.31499999999999995,147,-0.4711076617240906,147,0.40172359347343445,147,0.0
6057,57,60,-0.22499999999999987,-0.31499999999999995,147,-0.49863293766975403,147,0.5646007657051086,147,0.0
6058,58,60,-0.2549999999999999,-0.31499999999999995,147,-0.5064874887466431,147,0.1828755885362625,147,0.0
6059,59,60,-0.2849999999999999,-0.31499999999999995,147,-0.5068547129631042,147,0.053515661507844925,147,0.0
6060,60,60,-0.31499999999999995,-0.31499999999999995,147,-0.5064812302589417,147,0.030222037807106972,147,0.0
6061,61,60,-0.345,-0.31499999999999995,147,-0.5064057111740112,147,0.01801305264234543,147,0.0
6062,62,60,-0.375,-0.31499999999999995,147,-0.5064009428024292,147,0.011498729698359966,147,0.0
6063,63,60,-0.405,-0.31499999999999995,147,-0.5065174698829651,147,0.003288189647719264,147,0.0
6064,64,60,-0.43499999999999983,-0.31499999999999995,147,-0.5063802599906921,147,0.0029772520065307617,147,0.0
6065,65,60,-0.46499999999999986,-0.31499999999999995,147,-0.5064542889595032,147,0.0021646420937031507,147,0.0
6066,66,60,-0.4949999999999999,-0.31499999999999995,147,-0.5070335865020752,147,0.016885003075003624,147,0.0
6067,67,60,-0.5249999999999999,-0.31499999999999995,147,-0.5075383186340332,147,0.03416704759001732,147,0.0
6068,68,60,-0.5549999999999997,-0.31499999999999995,147,-0.5089895129203796,147,0.02931952476501465,147,0.0
6069,69,60,-0.585,-0.31499999999999995,147,-0.5092896223068237,147,0.026075275614857674,147,0.0
6070,70,60,-0.6149999999999998,-0.31499999999999995,147,-0.5096237063407898,147,0.030844012275338173,147,0.0
6071,71,60,-0.645,-0.31499999999999995,147,-0.5100820064544678,147,0.029002714902162552,147,0.0
6072,72,60,-0.6749999999999998,-0.31499999999999995,147,-0.5095052123069763,147,0.03146958351135254,147,0.0
6073,73,60,-0.7050000000000001,-0.31499999999999995,147,-0.5091969966888428,147,0.013111035339534283,147,0.0
6074,74,60,-0.7349999999999999,-0.31499999999999995,147,-0.5088468194007874,147,0.01891445182263851,147,0.0
6075,75,60,-0.7650000000000001,-0.31499999999999995,147,-0.5080708861351013,147,0.02743360958993435,147,0.0
6076,76,60,-0.7949999999999999,-0.31499999999999995,147,-0.507321298122406,147,0.02575218677520752,147,0.0
6077,77,60,-0.8249999999999997,-0.31499999999999995,147,-0.5069409012794495,147,0.01602485030889511,147,0.0
6078,78,60,-0.855,-0.31499999999999995,147,-0.5068721771240234,147,0.009359915740787983,147,0.0
6079,79,60,-0.8849999999999998,-0.31499999999999995,147,-0.5068183541297913,147,0.013829762116074562,147,0.0
6080,80,60,-0.915,-0.31499999999999995,147,-0.5065460801124573,147,0.017501911148428917,147,0.0
6081,81,60,-0.9449999999999998,-0.31499999999999995,147,-0.5062152147293091,147,0.01964958757162094,147,0.0
6082,82,60,-0.9750000000000001,-0.31499999999999995,147,-0.5055912733078003,147,0.013221303932368755,147,0.0
6083,83,60,-1.005,-0.31499999999999995,147,-0.5056134462356567,147,0.005633210763335228,147,0.0
6084,84,60,-1.0349999999999997,-0.31499999999999995,147,-0.5058844685554504,147,0.0025202829856425524,147,0.0
6085,85,60,-1.065,-0.31499999999999995,147,-0.506134569644928,147,0.0,147,0.0
6086,86,60,-1.0949999999999998,-0.31499999999999995,47,-0.5058844685554504,147,0.0,147,0.02199999988079071
6087,87,60,-1.125,-0.31499999999999995,0,nan,147,0.0,147,0.02199999988079071
6088,88,60,-1.1549999999999998,-0.31499999999999995,0,nan,147,0.0,147,0.02199999988079071
6089,89,60,-1.185,-0.31499999999999995,0,nan,147,0.0,147,0.02199999988079071
6090,90,60,-1.2149999999999999,-0.31499999999999995,0,nan,147,0.0,147,0.02199999988079071
6091,91,60,-1.245,-0.31499999999999995,0,nan,147,0.0,147,0.02199999988079071
6092,92,60,-1.275,-0.31499999999999995,0,nan,147,0.0,147,0.02199999988079071
6093,93,60,-1.3049999999999997,-0.31499999999999995,0,nan,147,0.0,147,0.02199999988079071
6094,94,60,-1.335,-0.31499999999999995,0,nan,147,0.0,147,0.02199999988079071
6095,95,60,-1.3649999999999998,-0.31499999999999995,0,nan,147,0.0,147,0.02199999988079071
6096,96,60,-1.395,-0.31499999999999995,0,nan,147,0.0,147,0.02199999988079071
6097,97,60,-1.4249999999999998,-0.31499999999999995,0,nan,147,0.0,147,0.0
6098,98,60,-1.455,-0.31499999999999995,0,nan,147,0.0,147,0.0
6099,99,60,-1.4849999999999999,-0.31499999999999995,0,nan,147,0.0,147,0.0
6100,0,61,1.485,-0.345,0,nan,147,0.0,147,0.0
6101,1,61,1.455,-0.345,0,nan,147,0.0,147,0.0
6102,2,61,1.425,-0.345,0,nan,147,0.0,147,0.0
6103,3,61,1.395,-0.345,0,nan,147,0.0,147,0.02199999988079071
6104,4,61,1.365,-0.345,0,nan,147,0.0,147,0.02199999988079071
6105,5,61,1.335,-0.345,0,nan,147,0.0,147,0.02199999988079071
6106,6,61,1.305,-0.345,0,nan,147,0.0,147,0.02199999988079071
6107,7,61,1.275,-0.345,0,nan,147,0.0,147,0.02199999988079071
6108,8,61,1.245,-0.345,0,nan,147,0.0,147,0.02199999988079071
6109,9,61,1.215,-0.345,0,nan,147,0.0,147,0.02199999988079071
6110,10,61,1.185,-0.345,100,-0.7959715723991394,147,0.0,147,0.0
6111,11,61,1.155,-0.345,120,-0.7957310974597931,147,0.0,147,0.0
6112,12,61,1.125,-0.345,123,-0.7955528497695923,147,0.0,147,0.0
6113,13,61,1.095,-0.345,132,-0.794627457857132,147,0.1412140130996704,147,0.0
6114,14,61,1.065,-0.345,141,-0.7826148867607117,147,0.29112914204597473,147,0.0
6115,15,61,1.0350000000000001,-0.345,145,-0.7735336422920227,147,0.28901177644729614,147,0.0
6116,16,61,1.005,-0.345,147,-0.7632132768630981,147,0.3261698782444,147,0.0
6117,17,61,0.975,-0.345,147,-0.7530127763748169,147,0.3109171688556671,147,0.0
6118,18,61,0.9450000000000001,-0.345,147,-0.7432011365890503,147,0.3217965364456177,147,0.0
6119,19,61,0.915,-0.345,147,-0.7328163981437683,147,0.3542000353336334,147,0.0
6120,20,61,0.885,-0.345,147,-0.7222787737846375,147,0.4095638394355774,147,0.0
6121,21,61,0.855,-0.345,145,-0.7100335955619812,147,0.46644410490989685,147,0.0
6122,22,61,0.8250000000000001,-0.345,145,-0.6948012709617615,147,0.4323047995567322,147,0.0
6123,23,61,0.795,-0.345,145,-0.6829900741577148,147,0.3880739212036133,147,0.0
6124,24,61,0.765,-0.345,146,-0.6707825660705566,147,0.4055168330669403,147,0.0
6125,25,61,0.735,-0.345,146,-0.657832145690918,147,0.4351278245449066,147,0.0
6126,26,61,0.7050000000000001,-0.345,146,-0.6445454061031342,147,0.41994354128837585,147,0.0
6127,27,61,0.675,-0.345,147,-0.6325699090957642,147,0.4476160407066345,147,0.0
6128,28,61,0.645,-0.345,147,-0.6183235049247742,147,0.6113787293434143,147,0.0
6129,29,61,0.615,-0.345,142,-0.6066800355911255,147,1.467948317527771,147,0.10000000149011612
6130,30,61,0.5850000000000001,-0.345,147,-0.5137434005737305,147,1.6565172672271729,147,0.10000000149011612
6131,31,61,0.555,-0.345,147,-0.5108466744422913,147,0.5371854901313782,147,0.0
6132,32,61,0.525,-0.345,147,-0.5106121897697449,147,0.023830929771065712,147,0.0
6133,33,61,0.4950000000000001,-0.345,147,-0.5100952386856079,147,0.03146231174468994,147,0.0
6134,34,61,0.4650000000000001,-0.345,147,-0.5093564391136169,147,0.03296148404479027,147,0.0
6135,35,61,0.43500000000000005,-0.345,147,-0.508534848690033,147,0.028578439727425575,147,0.0
6136,36,61,0.405,-0.345,147,-0.5080466270446777,147,0.0172297153621912,147,0.0
6137,37,61,0.375,-0.345,147,-0.5075638294219971,147,0.004202127456665039,147,0.0
6138,38,61,0.345,-0.345,147,-0.5075638294219971,147,0.0073502459563314915,147,0.0
6139,39,61,0.31499999999999995,-0.345,147,-0.5071570873260498,147,0.019749999046325684,147,0.0
6140,40,61,0.28500000000000014,-0.345,147,-0.5066866874694824,147,0.030305691063404083,147,0.0
6141,41,61,0.2550000000000001,-0.345,147,-0.5053854584693909,147,0.1532028168439865,147,0.0
6142,42,61,0.2250000000000001,-0.345,147,-0.4996001124382019,147,0.9011563658714294,147,0.10000000149011612
6143,43,61,0.19500000000000006,-0.345,147,-0.44039881229400635,147,1.0725904703140259,147,0.10000000149011612
6144,44,61,0.16500000000000004,-0.345,147,-0.4387941062450409,147,0.5109233856201172,147,0.0
6145,45,61,0.135,-0.345,147,-0.43857866525650024,147,0.15083108842372894,147,0.0
6146,46,61,0.10499999999999998,-0.345,147,-0.4384576678276062,147,0.02877265214920044,147,0.0
6147,47,61,0.07499999999999996,-0.345,147,-0.4384576678276062,147,0.009392201900482178,147,0.0
6148,48,61,0.04500000000000015,-0.345,147,-0.4384576678276062,147,0.007587174419313669,147,0.0
6149,49,61,0.015000000000000124,-0.345,147,-0.4384576678276062,147,0.007587174419313669,147,0.0
6150,50,61,-0.014999999999999902,-0.345,147,-0.43858620524406433,147,0.01053786464035511,147,0.0
6151,51,61,-0.04499999999999993,-0.345,147,-0.43909454345703125,147,0.0273287296295166,147,0.0
6152,52,61,-0.07499999999999996,-0.345,147,-0.44064489006996155,147,0.3064210116863251,147,0.0
6153,53,61,-0.10499999999999998,-0.345,147,-0.4606044590473175,147,0.3872086703777313,147,0.0
6154,54,61,-0.135,-0.345,147,-0.4670030474662781,147,0.13107210397720337,147,0.0
6155,55,61,-0.16500000000000004,-0.345,147,-0.468963623046875,147,0.02117156982421875,147,0.0
6156,56,61,-0.19499999999999984,-0.345,147,-0.4711076617240906,147,0.3928661346435547,147,0.0
6157,57,61,-0.22499999999999987,-0.345,147,-0.494361937046051,147,0.5682379007339478,147,0.0
6158,58,61,-0.2549999999999999,-0.345,147,-0.5062353014945984,147,0.23267914354801178,147,0.0
6159,59,61,-0.2849999999999999,-0.345,147,-0.5064812302589417,147,0.05322794243693352,147,0.0
6160,60,61,-0.31499999999999995,-0.345,147,-0.5060011744499207,147,0.030116263777017593,147,0.0
6161,61,61,-0.345,-0.345,147,-0.5058409571647644,147,0.01166363526135683,147,0.0
6162,62,61,-0.375,-0.345,147,-0.5058409571647644,147,0.007507205009460449,147,0.0
6163,63,61,-0.405,-0.345,147,-0.5060207843780518,147,0.0,147,0.0
6164,64,61,-0.43499999999999983,-0.345,147,-0.505980908870697,147,0.0,147,0.0
6165,65,61,-0.46499999999999986,-0.345,147,-0.5061048865318298,147,0.0,147,0.0
6166,66,61,-0.4949999999999999,-0.345,147,-0.5066071152687073,147,0.013075160793960094,147,0.0
6167,67,61,-0.5249999999999999,-0.345,147,-0.507217526435852,147,0.0365326814353466,147,0.0
6168,68,61,-0.5549999999999997,-0.345,147,-0.5089895129203796,147,0.026983022689819336,147,0.0
6169,69,61,-0.585,-0.345,147,-0.5092896223068237,147,0.026497244834899902,147,0.0
6170,70,61,-0.6149999999999998,-0.345,147,-0.5097519159317017,147,0.028539203107357025,147,0.0
6171,71,61,-0.645,-0.345,147,-0.5105778574943542,147,0.03033943846821785,147,0.0
6172,72,61,-0.6749999999999998,-0.345,147,-0.5098112225532532,147,0.02899865247309208,147,0.0
6173,73,61,-0.7050000000000001,-0.345,147,-0.5094529390335083,147,0.007808208465576172,147,0.0
6174,74,61,-0.7349999999999999,-0.345,147,-0.5092032551765442,147,0.012070934288203716,147,0.0
6175,75,61,-0.7650000000000001,-0.345,147,-0.5084136724472046,147,0.023279830813407898,147,0.0
6176,76,61,-0.7949999999999999,-0.345,147,-0.5076864957809448,147,0.02403225749731064,147,0.0
6177,77,61,-0.8249999999999997,-0.345,147,-0.5072700381278992,147,0.013091236352920532,147,0.0
6178,78,61,-0.855,-0.345,147,-0.5071842074394226,147,0.011476874351501465,147,0.0
6179,79,61,-0.8849999999999998,-0.345,147,-0.5071690678596497,147,0.01411139965057373,147,0.0
6180,80,61,-0.915,-0.345,147,-0.5070081353187561,147,0.017783820629119873,147,0.0
6181,81,61,-0.9449999999999998,-0.345,147,-0.5066444873809814,147,0.023112693801522255,147,0.0
6182,82,61,-0.9750000000000001,-0.345,147,-0.5062268376350403,147,0.017181038856506348,147,0.0
6183,83,61,-1.005,-0.345,147,-0.5061721205711365,147,0.01024075597524643,147,0.0
6184,84,61,-1.0349999999999997,-0.345,147,-0.5062268376350403,147,0.010402511805295944,147,0.0
6185,85,61,-1.065,-0.345,147,-0.5063750743865967,147,0.006338641978800297,147,0.0
6186,86,61,-1.0949999999999998,-0.345,47,-0.5060086250305176,147,0.0,147,0.02199999988079071
6187,87,61,-1.125,-0.345,0,nan,147,0.0,147,0.02199999988079071
6188,88,61,-1.1549999999999998,-0.345,0,nan,147,0.0,147,0.02199999988079071
6189,89,61,-1.185,-0.345,0,nan,147,0.0,147,0.02199999988079071
6190,90,61,-1.2149999999999999,-0.345,0,nan,147,0.0,147,0.02199999988079071
6191,91,61,-1.245,-0.345,0,nan,147,0.0,147,0.02199999988079071
6192,92,61,-1.275,-0.345,0,nan,147,0.0,147,0.02199999988079071
6193,93,61,-1.3049999999999997,-0.345,0,nan,147,0.0,147,0.02199999988079071
6194,94,61,-1.335,-0.345,0,nan,147,0.0,147,0.02199999988079071
6195,95,61,-1.3649999999999998,-0.345,0,nan,147,0.0,147,0.02199999988079071
6196,96,61,-1.395,-0.345,0,nan,147,0.0,147,0.02199999988079071
6197,97,61,-1.4249999999999998,-0.345,0,nan,147,0.0,147,0.0
6198,98,61,-1.455,-0.345,0,nan,147,0.0,147,0.0
6199,99,61,-1.4849999999999999,-0.345,0,nan,147,0.0,147,0.0
6200,0,62,1.485,-0.375,0,nan,147,0.0,147,0.0
6201,1,62,1.455,-0.375,0,nan,147,0.0,147,0.0
6202,2,62,1.425,-0.375,0,nan,147,0.0,147,0.0
6203,3,62,1.395,-0.375,0,nan,147,0.0,147,0.02199999988079071
6204,4,62,1.365,-0.375,0,nan,147,0.0,147,0.02199999988079071
6205,5,62,1.335,-0.375,0,nan,147,0.0,147,0.02199999988079071
6206,6,62,1.305,-0.375,0,nan,147,0.0,147,0.02199999988079071
6207,7,62,1.275,-0.375,0,nan,147,0.0,147,0.02199999988079071
6208,8,62,1.245,-0.375,0,nan,147,0.0,147,0.02199999988079071
6209,9,62,1.215,-0.375,0,nan,147,0.0,147,0.02199999988079071
6210,10,62,1.185,-0.375,110,-0.7961914241313934,147,0.0,147,0.0
6211,11,62,1.155,-0.375,122,-0.7959140241146088,147,0.0,147,0.0
6212,12,62,1.125,-0.375,125,-0.7956685423851013,147,0.0,147,0.0
6213,13,62,1.095,-0.375,135,-0.7950577735900879,147,0.148249551653862,147,0.0
6214,14,62,1.065,-0.375,144,-0.7841713726520538,147,0.31137317419052124,147,0.0
6215,15,62,1.0350000000000001,-0.375,147,-0.773984968662262,147,0.3084869682788849,147,0.0
6216,16,62,1.005,-0.375,147,-0.7632587552070618,147,0.31913915276527405,147,0.0
6217,17,62,0.975,-0.375,146,-0.753363311290741,147,0.3102690875530243,147,0.0
6218,18,62,0.9450000000000001,-0.375,146,-0.7437469363212585,147,0.32235682010650635,147,0.0
6219,19,62,0.915,-0.375,146,-0.7329458296298981,147,0.3407110869884491,147,0.0
6220,20,62,0.885,-0.375,145,-0.7225383520126343,147,0.3947248160839081,147,0.0
6221,21,62,0.855,-0.375,145,-0.7103835940361023,147,0.4557987153530121,147,0.0
6222,22,62,0.8250000000000001,-0.375,145,-0.6952192187309265,147,0.4602581262588501,147,0.0
6223,23,62,0.795,-0.375,145,-0.6827013492584229,147,0.39870837330818176,147,0.0
6224,24,62,0.765,-0.375,146,-0.6706670224666595,147,0.40737292170524597,147,0.0
6225,25,62,0.735,-0.375,146,-0.6576471030712128,147,0.4424194395542145,147,0.0
6226,26,62,0.7050000000000001,-0.375,145,-0.6443060040473938,147,0.41994354128837585,147,0.0
6227,27,62,0.675,-0.375,146,-0.632215291261673,147,0.5425934195518494,147,0.0
6228,28,62,0.645,-0.375,136,-0.6164392828941345,147,0.9761030077934265,147,0.10000000149011612
6229,29,62,0.615,-0.375,143,-0.564569890499115,147,1.7919580936431885,147,0.10000000149011612
6230,30,62,0.5850000000000001,-0.375,147,-0.5114617943763733,147,0.9647367000579834,147,0.10000000149011612
6231,31,62,0.555,-0.375,147,-0.510489284992218,147,0.03947986662387848,147,0.0
6232,32,62,0.525,-0.375,147,-0.5102410316467285,147,0.003919305745512247,147,0.0
6233,33,62,0.4950000000000001,-0.375,147,-0.5096819400787354,147,0.00846696738153696,147,0.0
6234,34,62,0.4650000000000001,-0.375,147,-0.5091304183006287,147,0.010617573745548725,147,0.0
6235,35,62,0.43500000000000005,-0.375,147,-0.5081043839454651,147,0.016170740127563477,147,0.0
6236,36,62,0.405,-0.375,147,-0.5075711607933044,147,0.009054196998476982,147,0.0
6237,37,62,0.375,-0.375,147,-0.5071905851364136,147,0.0,147,0.0
6238,38,62,0.345,-0.375,147,-0.5071570873260498,147,0.0023607925977557898,147,0.0
6239,39,62,0.31499999999999995,-0.375,147,-0.5069122314453125,147,0.010053317062556744,147,0.0
6240,40,62,0.28500000000000014,-0.375,147,-0.5062404870986938,147,0.02066989801824093,147,0.0
6241,41,62,0.2550000000000001,-0.375,147,-0.5050860643386841,147,0.1572628766298294,147,0.0
6242,42,62,0.2250000000000001,-0.375,145,-0.49719980359077454,147,1.075361728668213,147,0.10000000149011612
6243,43,62,0.19500000000000006,-0.375,147,-0.44039881229400635,147,0.9356294870376587,147,0.10000000149011612
6244,44,62,0.16500000000000004,-0.375,147,-0.43871256709098816,147,0.01207937765866518,147,0.0
6245,45,62,0.135,-0.375,147,-0.4385014474391937,147,0.0,147,0.0
6246,46,62,0.10499999999999998,-0.375,147,-0.43840131163597107,147,0.0,147,0.0
6247,47,62,0.07499999999999996,-0.375,147,-0.43840131163597107,147,0.0,147,0.0
6248,48,62,0.04500000000000015,-0.375,147,-0.43840131163597107,147,0.0,147,0.0
6249,49,62,0.015000000000000124,-0.375,147,-0.43840131163597107,147,0.0,147,0.0
6250,50,62,-0.014999999999999902,-0.375,147,-0.4385833442211151,147,0.0,147,0.0
6251,51,62,-0.04499999999999993,-0.375,147,-0.43909454345703125,147,0.026943286880850792,147,0.0
6252,52,62,-0.07499999999999996,-0.375,147,-0.44064489006996155,147,0.3169054687023163,147,0.0
6253,53,62,-0.10499999999999998,-0.375,147,-0.4606044590473175,147,0.3872086703777313,147,0.0
6254,54,62,-0.135,-0.375,147,-0.4670030474662781,147,0.13107210397720337,147,0.0
6255,55,62,-0.16500000000000004,-0.375,147,-0.468963623046875,147,0.015155474655330181,147,0.0
6256,56,62,-0.19499999999999984,-0.375,147,-0.47109198570251465,147,0.3105560839176178,147,0.0
6257,57,62,-0.22499999999999987,-0.375,147,-0.4854860305786133,147,0.5859596729278564,147,0.0
6258,58,62,-0.2549999999999999,-0.375,147,-0.5062353014945984,147,0.2546727657318115,147,0.0
6259,59,62,-0.2849999999999999,-0.375,147,-0.5064874887466431,147,0.05322794243693352,147,0.0
6260,60,62,-0.31499999999999995,-0.375,147,-0.5058264136314392,147,0.02060731314122677,147,0.0
6261,61,62,-0.345,-0.375,147,-0.505521297454834,147,0.0,147,0.0
6262,62,62,-0.375,-0.375,147,-0.5057041645050049,147,0.0,147,0.0
6263,63,62,-0.405,-0.375,147,-0.505866289138794,147,0.0,147,0.0
6264,64,62,-0.43499999999999983,-0.375,147,-0.5059382915496826,147,0.0,147,0.0
6265,65,62,-0.46499999999999986,-0.375,147,-0.5059760808944702,147,0.0,147,0.0
6266,66,62,-0.4949999999999999,-0.375,147,-0.5062209963798523,147,0.00330507755279541,147,0.0
6267,67,62,-0.5249999999999999,-0.375,147,-0.5071185827255249,147,0.035668421536684036,147,0.0
6268,68,62,-0.5549999999999997,-0.375,147,-0.5089763402938843,147,0.027095001190900803,147,0.0
6269,69,62,-0.585,-0.375,147,-0.50941002368927,147,0.02734661102294922,147,0.0
6270,70,62,-0.6149999999999998,-0.375,147,-0.5099799633026123,147,0.036214787513017654,147,0.0
6271,71,62,-0.645,-0.375,147,-0.5110583305358887,147,0.030468901619315147,147,0.0
6272,72,62,-0.6749999999999998,-0.375,147,-0.5100347995758057,147,0.030598044395446777,147,0.0
6273,73,62,-0.7050000000000001,-0.375,147,-0.509598433971405,147,0.007808208465576172,147,0.0
6274,74,62,-0.7349999999999999,-0.375,147,-0.5094419717788696,147,0.011518091894686222,147,0.0
6275,75,62,-0.7650000000000001,-0.375,147,-0.5086003541946411,147,0.02262553758919239,147,0.0
6276,76,62,-0.7949999999999999,-0.375,147,-0.507986843585968,147,0.024057427421212196,147,0.0
6277,77,62,-0.8249999999999997,-0.375,147,-0.5077005624771118,147,0.016617774963378906,147,0.0
6278,78,62,-0.855,-0.375,147,-0.5076360106468201,147,0.011267264373600483,147,0.0
6279,79,62,-0.8849999999999998,-0.375,147,-0.5075883865356445,147,0.015518642030656338,147,0.0
6280,80,62,-0.915,-0.375,147,-0.5074994564056396,147,0.017857389524579048,147,0.0
6281,81,62,-0.9449999999999998,-0.375,147,-0.5072486400604248,147,0.02166926860809326,147,0.0
6282,82,62,-0.9750000000000001,-0.375,147,-0.5067603588104248,147,0.021723682060837746,147,0.0
6283,83,62,-1.005,-0.375,147,-0.5064584016799927,147,0.009391705505549908,147,0.0
6284,84,62,-1.0349999999999997,-0.375,147,-0.5067064166069031,147,0.006886323448270559,147,0.0
6285,85,62,-1.065,-0.375,147,-0.5067669749259949,147,0.006070733070373535,147,0.0
6286,86,62,-1.0949999999999998,-0.375,55,-0.5064035058021545,147,0.0,147,0.02199999988079071
6287,87,62,-1.125,-0.375,0,nan,147,0.0,147,0.02199999988079071
6288,88,62,-1.1549999999999998,-0.375,0,nan,147,0.0,147,0.02199999988079071
6289,89,62,-1.185,-0.375,0,nan,147,0.0,147,0.02199999988079071
6290,90,62,-1.2149999999999999,-0.375,0,nan,147,0.0,147,0.02199999988079071
6291,91,62,-1.245,-0.375,0,nan,147,0.0,147,0.02199999988079071
6292,92,62,-1.275,-0.375,0,nan,147,0.0,147,0.02199999988079071
6293,93,62,-1.3049999999999997,-0.375,0,nan,147,0.0,147,0.02199999988079071
6294,94,62,-1.335,-0.375,0,nan,147,0.0,147,0.02199999988079071
6295,95,62,-1.3649999999999998,-0.375,0,nan,147,0.0,147,0.02199999988079071
6296,96,62,-1.395,-0.375,0,nan,147,0.0,147,0.02199999988079071
6297,97,62,-1.4249999999999998,-0.375,0,nan,147,0.0,147,0.0
6298,98,62,-1.455,-0.375,0,nan,147,0.0,147,0.0
6299,99,62,-1.4849999999999999,-0.375,0,nan,147,0.0,147,0.0
6300,0,63,1.485,-0.405,0,nan,147,0.0,147,0.0
6301,1,63,1.455,-0.405,0,nan,147,0.0,147,0.0
6302,2,63,1.425,-0.405,0,nan,147,0.0,147,0.0
6303,3,63,1.395,-0.405,0,nan,147,0.0,147,0.02199999988079071
6304,4,63,1.365,-0.405,0,nan,147,0.0,147,0.02199999988079071
6305,5,63,1.335,-0.405,0,nan,147,0.0,147,0.02199999988079071
6306,6,63,1.305,-0.405,0,nan,147,0.0,147,0.02199999988079071
6307,7,63,1.275,-0.405,0,nan,147,0.0,147,0.02199999988079071
6308,8,63,1.245,-0.405,0,nan,147,0.0,147,0.02199999988079071
6309,9,63,1.215,-0.405,0,nan,147,0.0,147,0.02199999988079071
6310,10,63,1.185,-0.405,117,-0.797324538230896,147,0.0,147,0.0
6311,11,63,1.155,-0.405,125,-0.7966275215148926,147,0.0,147,0.0
6312,12,63,1.125,-0.405,130,-0.7959140241146088,147,0.0,147,0.0
6313,13,63,1.095,-0.405,141,-0.7956328392028809,147,0.15944617986679077,147,0.0
6314,14,63,1.065,-0.405,144,-0.7844535112380981,147,0.3221910893917084,147,0.0
6315,15,63,1.0350000000000001,-0.405,147,-0.7742385864257812,147,0.31779804825782776,147,0.0
6316,16,63,1.005,-0.405,147,-0.7635091543197632,147,0.3304382264614105,147,0.0
6317,17,63,0.975,-0.405,146,-0.7535265684127808,147,0.3097575902938843,147,0.0
6318,18,63,0.9450000000000001,-0.405,146,-0.7438508570194244,147,0.32235682010650635,147,0.0
6319,19,63,0.915,-0.405,146,-0.7329761981964111,147,0.3380596339702606,147,0.0
6320,20,63,0.885,-0.405,144,-0.7230808138847351,147,0.37095630168914795,147,0.0
6321,21,63,0.855,-0.405,144,-0.7109791338443756,147,0.4564203917980194,147,0.0
6322,22,63,0.8250000000000001,-0.405,144,-0.695432186126709,147,0.4690885543823242,147,0.0
6323,23,63,0.795,-0.405,144,-0.6825354099273682,147,0.4153519868850708,147,0.0
6324,24,63,0.765,-0.405,146,-0.6706217527389526,147,0.4076401889324188,147,0.0
6325,25,63,0.735,-0.405,146,-0.6575160026550293,147,0.4351278245449066,147,0.0
6326,26,63,0.7050000000000001,-0.405,145,-0.6439133882522583,147,0.5225532054901123,147,0.0
6327,27,63,0.675,-0.405,138,-0.6315425932407379,147,0.852463960647583,147,0.10000000149011612
6328,28,63,0.645,-0.405,137,-0.6123270988464355,147,1.692121982574463,147,0.10000000149011612
6329,29,63,0.615,-0.405,147,-0.5146982669830322,147,1.3218451738357544,147,0.10000000149011612
6330,30,63,0.5850000000000001,-0.405,147,-0.5114586353302002,147,0.5452966094017029,147,0.0
6331,31,63,0.555,-0.405,147,-0.5104686617851257,147,0.006783008575439453,147,0.0
6332,32,63,0.525,-0.405,147,-0.510081946849823,147,0.0,147,0.0
6333,33,63,0.4950000000000001,-0.405,147,-0.5094892382621765,147,0.0,147,0.0
6334,34,63,0.4650000000000001,-0.405,147,-0.5090766549110413,147,0.0,147,0.0
6335,35,63,0.43500000000000005,-0.405,147,-0.5081361532211304,147,0.014021992683410645,147,0.0
6336,36,63,0.405,-0.405,147,-0.5075275301933289,147,0.0030050703790038824,147,0.0
6337,37,63,0.375,-0.405,147,-0.5071905851364136,147,0.0,147,0.0
6338,38,63,0.345,-0.405,147,-0.5071225166320801,147,0.0,147,0.0
6339,39,63,0.31499999999999995,-0.405,147,-0.5069122314453125,147,0.0041832528077065945,147,0.0
6340,40,63,0.28500000000000014,-0.405,147,-0.5062352418899536,147,0.012063980102539062,147,0.0
6341,41,63,0.2550000000000001,-0.405,147,-0.5050860643386841,147,0.1572628766298294,147,0.0
6342,42,63,0.2250000000000001,-0.405,146,-0.49564364552497864,147,1.0725702047348022,147,0.10000000149011612
6343,43,63,0.19500000000000006,-0.405,147,-0.44039881229400635,147,0.9356294870376587,147,0.10000000149011612
6344,44,63,0.16500000000000004,-0.405,147,-0.43871256709098816,147,0.01207937765866518,147,0.0
6345,45,63,0.135,-0.405,147,-0.4385014474391937,147,0.0,147,0.0
6346,46,63,0.10499999999999998,-0.405,147,-0.43840131163597107,147,0.0,147,0.0
6347,47,63,0.07499999999999996,-0.405,147,-0.43840131163597107,147,0.0,147,0.0
6348,48,63,0.04500000000000015,-0.405,147,-0.43840131163597107,147,0.0,147,0.0
6349,49,63,0.015000000000000124,-0.405,147,-0.43840131163597107,147,0.0,147,0.0
6350,50,63,-0.014999999999999902,-0.405,147,-0.4385833442211151,147,0.0,147,0.0
6351,51,63,-0.04499999999999993,-0.405,147,-0.43909454345703125,147,0.026943286880850792,147,0.0
6352,52,63,-0.07499999999999996,-0.405,147,-0.44064489006996155,147,0.3169054687023163,147,0.0
6353,53,63,-0.10499999999999998,-0.405,147,-0.4606044590473175,147,0.3872086703777313,147,0.0
6354,54,63,-0.135,-0.405,147,-0.4670030474662781,147,0.13107210397720337,147,0.0
6355,55,63,-0.16500000000000004,-0.405,147,-0.468963623046875,147,0.007141629699617624,147,0.0
6356,56,63,-0.19499999999999984,-0.405,147,-0.47109198570251465,147,0.27901580929756165,147,0.0
6357,57,63,-0.22499999999999987,-0.405,147,-0.4854860305786133,147,0.5737687349319458,147,0.0
6358,58,63,-0.2549999999999999,-0.405,147,-0.5064009428024292,147,0.2546727657318115,147,0.0
6359,59,63,-0.2849999999999999,-0.405,147,-0.5064874887466431,147,0.0518219955265522,147,0.0
6360,60,63,-0.31499999999999995,-0.405,147,-0.5057681202888489,147,0.012427568435668945,147,0.0
6361,61,63,-0.345,-0.405,147,-0.505521297454834,147,0.0,147,0.0
6362,62,63,-0.375,-0.405,147,-0.5057417154312134,147,0.0,147,0.0
6363,63,63,-0.405,-0.405,147,-0.505866289138794,147,0.0,147,0.0
6364,64,63,-0.43499999999999983,-0.405,147,-0.5059382915496826,147,0.0,147,0.0
6365,65,63,-0.46499999999999986,-0.405,147,-0.5059760808944702,147,0.0,147,0.0
6366,66,63,-0.4949999999999999,-0.405,147,-0.5062209963798523,147,0.0,147,0.0
6367,67,63,-0.5249999999999999,-0.405,147,-0.5070747137069702,147,0.035765767097473145,147,0.0
6368,68,63,-0.5549999999999997,-0.405,147,-0.5089763402938843,147,0.02931952476501465,147,0.0
6369,69,63,-0.585,-0.405,147,-0.5095348358154297,147,0.02689460851252079,147,0.0
6370,70,63,-0.6149999999999998,-0.405,147,-0.5101295709609985,147,0.045626360923051834,147,0.0
6371,71,63,-0.645,-0.405,147,-0.5114429593086243,147,0.03266235068440437,147,0.0
6372,72,63,-0.6749999999999998,-0.405,147,-0.510213315486908,147,0.03844715654850006,147,0.0
6373,73,63,-0.7050000000000001,-0.405,147,-0.5099158883094788,147,0.020111599937081337,147,0.0
6374,74,63,-0.7349999999999999,-0.405,147,-0.5097323060035706,147,0.020446840673685074,147,0.0
6375,75,63,-0.7650000000000001,-0.405,147,-0.5093519687652588,147,0.032320618629455566,147,0.0
6376,76,63,-0.7949999999999999,-0.405,147,-0.5087202191352844,147,0.03001391887664795,147,0.0
6377,77,63,-0.8249999999999997,-0.405,147,-0.5081775784492493,147,0.028810149058699608,147,0.0
6378,78,63,-0.855,-0.405,147,-0.508070170879364,147,0.02175777591764927,147,0.0
6379,79,63,-0.8849999999999998,-0.405,147,-0.5081713199615479,147,0.019352804869413376,147,0.0
6380,80,63,-0.915,-0.405,147,-0.5079124569892883,147,0.02096789889037609,147,0.0
6381,81,63,-0.9449999999999998,-0.405,147,-0.5076610445976257,147,0.025840232148766518,147,0.0
6382,82,63,-0.9750000000000001,-0.405,147,-0.5072486400604248,147,0.028582584112882614,147,0.0
6383,83,63,-1.005,-0.405,147,-0.5068310499191284,147,0.026198215782642365,147,0.0
6384,84,63,-1.0349999999999997,-0.405,147,-0.5069218277931213,147,0.022426744922995567,147,0.0
6385,85,63,-1.065,-0.405,147,-0.5070458650588989,147,0.01831158809363842,147,0.0
6386,86,63,-1.0949999999999998,-0.405,129,-0.5070458650588989,147,0.013440241105854511,147,0.0
6387,87,63,-1.125,-0.405,1,-0.5101377367973328,147,0.0,147,0.02199999988079071
6388,88,63,-1.1549999999999998,-0.405,0,nan,147,0.0,147,0.02199999988079071
6389,89,63,-1.185,-0.405,0,nan,147,0.0,147,0.02199999988079071
6390,90,63,-1.2149999999999999,-0.405,0,nan,147,0.0,147,0.02199999988079071
6391,91,63,-1.245,-0.405,0,nan,147,0.0,147,0.02199999988079071
6392,92,63,-1.275,-0.405,0,nan,147,0.0,147,0.02199999988079071
6393,93,63,-1.3049999999999997,-0.405,0,nan,147,0.0,147,0.02199999988079071
6394,94,63,-1.335,-0.405,0,nan,147,0.0,147,0.02199999988079071
6395,95,63,-1.3649999999999998,-0.405,0,nan,147,0.0,147,0.02199999988079071
6396,96,63,-1.395,-0.405,0,nan,147,0.0,147,0.02199999988079071
6397,97,63,-1.4249999999999998,-0.405,0,nan,147,0.0,147,0.0
6398,98,63,-1.455,-0.405,0,nan,147,0.0,147,0.0
6399,99,63,-1.4849999999999999,-0.405,0,nan,147,0.0,147,0.0
6400,0,64,1.485,-0.43499999999999983,0,nan,147,0.0,147,0.0
6401,1,64,1.455,-0.43499999999999983,0,nan,147,0.0,147,0.0
6402,2,64,1.425,-0.43499999999999983,0,nan,147,0.0,147,0.0
6403,3,64,1.395,-0.43499999999999983,0,nan,147,0.0,147,0.02199999988079071
6404,4,64,1.365,-0.43499999999999983,0,nan,147,0.0,147,0.02199999988079071
6405,5,64,1.335,-0.43499999999999983,0,nan,147,0.0,147,0.02199999988079071
6406,6,64,1.305,-0.43499999999999983,0,nan,147,0.0,147,0.02199999988079071
6407,7,64,1.275,-0.43499999999999983,0,nan,147,0.0,147,0.02199999988079071
6408,8,64,1.245,-0.43499999999999983,0,nan,147,0.0,147,0.02199999988079071
6409,9,64,1.215,-0.43499999999999983,0,nan,147,0.0,147,0.02199999988079071
6410,10,64,1.185,-0.43499999999999983,120,-0.7983092069625854,147,0.0,147,0.0
6411,11,64,1.155,-0.43499999999999983,127,-0.7978841662406921,147,0.0,147,0.0
6412,12,64,1.125,-0.43499999999999983,134,-0.7973714470863342,147,0.0,147,0.0
6413,13,64,1.095,-0.43499999999999983,143,-0.7970726490020752,147,0.16255676746368408,147,0.0
6414,14,64,1.065,-0.43499999999999983,145,-0.7850982546806335,147,0.32246989011764526,147,0.0
6415,15,64,1.0350000000000001,-0.43499999999999983,147,-0.7754189372062683,147,0.31755366921424866,147,0.0
6416,16,64,1.005,-0.43499999999999983,146,-0.7642347812652588,147,0.3389737606048584,147,0.0
6417,17,64,0.975,-0.43499999999999983,146,-0.7535735368728638,147,0.31092068552970886,147,0.0
6418,18,64,0.9450000000000001,-0.43499999999999983,146,-0.7439893782138824,147,0.32235682010650635,147,0.0
6419,19,64,0.915,-0.43499999999999983,146,-0.733078807592392,147,0.33663132786750793,147,0.0
6420,20,64,0.885,-0.43499999999999983,144,-0.7230808138847351,147,0.36993226408958435,147,0.0
6421,21,64,0.855,-0.43499999999999983,144,-0.7109791338443756,147,0.45946887135505676,147,0.0
6422,22,64,0.8250000000000001,-0.43499999999999983,144,-0.6957619786262512,147,0.46917399764060974,147,0.0
6423,23,64,0.795,-0.43499999999999983,143,-0.6825375556945801,147,0.4153519868850708,147,0.0
6424,24,64,0.765,-0.43499999999999983,146,-0.670417457818985,147,0.4127502143383026,147,0.0
6425,25,64,0.735,-0.43499999999999983,145,-0.6570987701416016,147,0.5700843334197998,147,0.0
6426,26,64,0.7050000000000001,-0.43499999999999983,136,-0.6433655023574829,147,0.8642861843109131,147,0.10000000149011612
6427,27,64,0.675,-0.43499999999999983,136,-0.61960768699646,147,1.1460679769515991,147,0.10000000149011612
6428,28,64,0.645,-0.43499999999999983,147,-0.5661690831184387,147,1.317886471748352,147,0.10000000149011612
6429,29,64,0.615,-0.43499999999999983,147,-0.5146681666374207,147,0.6876436471939087,147,0.0
6430,30,64,0.5850000000000001,-0.43499999999999983,147,-0.5114586353302002,147,0.09418626874685287,147,0.0
6431,31,64,0.555,-0.43499999999999983,147,-0.5104686617851257,147,0.006607174873352051,147,0.0
6432,32,64,0.525,-0.43499999999999983,147,-0.510081946849823,147,0.0,147,0.0
6433,33,64,0.4950000000000001,-0.43499999999999983,147,-0.5096819400787354,147,0.0,147,0.0
6434,34,64,0.4650000000000001,-0.43499999999999983,147,-0.5091351866722107,147,0.005962451454252005,147,0.0
6435,35,64,0.43500000000000005,-0.43499999999999983,147,-0.5081892013549805,147,0.01580822840332985,147,0.0
6436,36,64,0.405,-0.43499999999999983,147,-0.507594645023346,147,0.0013887882232666016,147,0.0
6437,37,64,0.375,-0.43499999999999983,147,-0.5072521567344666,147,0.0,147,0.0
6438,38,64,0.345,-0.43499999999999983,147,-0.5071289539337158,147,0.0029861927032470703,147,0.0
6439,39,64,0.31499999999999995,-0.43499999999999983,147,-0.5069640278816223,147,0.010847051627933979,147,0.0
6440,40,64,0.28500000000000014,-0.43499999999999983,147,-0.5062352418899536,147,0.020294388756155968,147,0.0
6441,41,64,0.2550000000000001,-0.43499999999999983,147,-0.5051310062408447,147,0.15754976868629456,147,0.0
6442,42,64,0.2250000000000001,-0.43499999999999983,147,-0.4952482283115387,147,1.072537899017334,147,0.10000000149011612
6443,43,64,0.19500000000000006,-0.43499999999999983,147,-0.44039881229400635,147,0.9356294870376587,147,0.10000000149011612
6444,44,64,0.16500000000000004,-0.43499999999999983,147,-0.43871256709098816,147,0.01207937765866518,147,0.0
6445,45,64,0.135,-0.43499999999999983,147,-0.4385014474391937,147,0.0,147,0.0
6446,46,64,0.10499999999999998,-0.43499999999999983,147,-0.43840131163597107,147,0.0,147,0.0
6447,47,64,0.07499999999999996,-0.43499999999999983,147,-0.43840131163597107,147,0.0,147,0.0
6448,48,64,0.04500000000000015,-0.43499999999999983,147,-0.43840131163597107,147,0.0,147,0.0
6449,49,64,0.015000000000000124,-0.43499999999999983,147,-0.43840131163597107,147,0.0,147,0.0
6450,50,64,-0.014999999999999902,-0.43499999999999983,147,-0.4385833442211151,147,0.0,147,0.0
6451,51,64,-0.04499999999999993,-0.43499999999999983,147,-0.43909454345703125,147,0.026943286880850792,147,0.0
6452,52,64,-0.07499999999999996,-0.43499999999999983,147,-0.44064489006996155,147,0.3169054687023163,147,0.0
6453,53,64,-0.10499999999999998,-0.43499999999999983,147,-0.4606044590473175,147,0.3872086703777313,147,0.0
6454,54,64,-0.135,-0.43499999999999983,147,-0.4670030474662781,147,0.13552208244800568,147,0.0
6455,55,64,-0.16500000000000004,-0.43499999999999983,147,-0.468963623046875,147,0.007141629699617624,147,0.0
6456,56,64,-0.19499999999999984,-0.43499999999999983,147,-0.47109198570251465,147,0.27901580929756165,147,0.0
6457,57,64,-0.22499999999999987,-0.43499999999999983,147,-0.4854860305786133,147,0.5871966481208801,147,0.0
6458,58,64,-0.2549999999999999,-0.43499999999999983,147,-0.5064131021499634,147,0.2546727657318115,147,0.0
6459,59,64,-0.2849999999999999,-0.43499999999999983,147,-0.5064874887466431,147,0.0494738407433033,147,0.0
6460,60,64,-0.31499999999999995,-0.43499999999999983,147,-0.5058409571647644,147,0.012427568435668945,147,0.0
6461,61,64,-0.345,-0.43499999999999983,147,-0.5055635571479797,147,0.0,147,0.0
6462,62,64,-0.375,-0.43499999999999983,147,-0.5058264136314392,147,0.0,147,0.0
6463,63,64,-0.405,-0.43499999999999983,147,-0.5059328079223633,147,0.0,147,0.0
6464,64,64,-0.43499999999999983,-0.43499999999999983,147,-0.5059382915496826,147,0.0,147,0.0
6465,65,64,-0.46499999999999986,-0.43499999999999983,147,-0.5059760808944702,147,0.0,147,0.0
6466,66,64,-0.4949999999999999,-0.43499999999999983,147,-0.5062209963798523,147,0.0,147,0.0
6467,67,64,-0.5249999999999999,-0.43499999999999983,147,-0.5071185827255249,147,0.0341564416885376,147,0.0
6468,68,64,-0.5549999999999997,-0.43499999999999983,147,-0.5090804696083069,147,0.028979778289794922,147,0.0
6469,69,64,-0.585,-0.43499999999999983,147,-0.5094844698905945,147,0.023764878511428833,147,0.0
6470,70,64,-0.6149999999999998,-0.43499999999999983,147,-0.5102996826171875,147,0.0485638789832592,147,0.0
6471,71,64,-0.645,-0.43499999999999983,147,-0.5118910670280457,147,0.03927846625447273,147,0.0
6472,72,64,-0.6749999999999998,-0.43499999999999983,147,-0.5109390020370483,147,0.04499439150094986,147,0.0
6473,73,64,-0.7050000000000001,-0.43499999999999983,147,-0.5105125308036804,147,0.02679939568042755,147,0.0
6474,74,64,-0.7349999999999999,-0.43499999999999983,147,-0.5103612542152405,147,0.027893541380763054,147,0.0
6475,75,64,-0.7650000000000001,-0.43499999999999983,147,-0.5100398063659668,147,0.039790596812963486,147,0.0
6476,76,64,-0.7949999999999999,-0.43499999999999983,147,-0.5097323060035706,147,0.048816192895174026,147,0.0
6477,77,64,-0.8249999999999997,-0.43499999999999983,147,-0.50922030210495,147,0.052199121564626694,147,0.0
6478,78,64,-0.855,-0.43499999999999983,147,-0.5088891386985779,147,0.04482321813702583,147,0.0
6479,79,64,-0.8849999999999998,-0.43499999999999983,147,-0.5087202191352844,147,0.04482321813702583,147,0.0
6480,80,64,-0.915,-0.43499999999999983,147,-0.5084728002548218,147,0.04834449291229248,147,0.0
6481,81,64,-0.9449999999999998,-0.43499999999999983,147,-0.5083513259887695,147,0.05601729080080986,147,0.0
6482,82,64,-0.9750000000000001,-0.43499999999999983,147,-0.5082123279571533,147,0.06005775183439255,147,0.0
6483,83,64,-1.005,-0.43499999999999983,147,-0.5080121159553528,147,0.060117244720458984,147,0.0
6484,84,64,-1.0349999999999997,-0.43499999999999983,147,-0.507953405380249,147,0.04938089847564697,147,0.0
6485,85,64,-1.065,-0.43499999999999983,147,-0.5079236626625061,147,0.03442874178290367,147,0.0
6486,86,64,-1.0949999999999998,-0.43499999999999983,147,-0.5079495310783386,147,0.025872904807329178,147,0.0
6487,87,64,-1.125,-0.43499999999999983,56,-0.5087911486625671,147,0.0,147,0.02199999988079071
6488,88,64,-1.1549999999999998,-0.43499999999999983,0,nan,147,0.0,147,0.02199999988079071
6489,89,64,-1.185,-0.43499999999999983,0,nan,147,0.0,147,0.02199999988079071
6490,90,64,-1.2149999999999999,-0.43499999999999983,0,nan,147,0.0,147,0.02199999988079071
6491,91,64,-1.245,-0.43499999999999983,0,nan,147,0.0,147,0.02199999988079071
6492,92,64,-1.275,-0.43499999999999983,0,nan,147,0.0,147,0.02199999988079071
6493,93,64,-1.3049999999999997,-0.43499999999999983,0,nan,147,0.0,147,0.02199999988079071
6494,94,64,-1.335,-0.43499999999999983,0,nan,147,0.0,147,0.02199999988079071
6495,95,64,-1.3649999999999998,-0.43499999999999983,0,nan,147,0.0,147,0.02199999988079071
6496,96,64,-1.395,-0.43499999999999983,0,nan,147,0.0,147,0.02199999988079071
6497,97,64,-1.4249999999999998,-0.43499999999999983,0,nan,147,0.0,147,0.0
6498,98,64,-1.455,-0.43499999999999983,0,nan,147,0.0,147,0.0
6499,99,64,-1.4849999999999999,-0.43499999999999983,0,nan,147,0.0,147,0.0
6500,0,65,1.485,-0.46499999999999986,0,nan,147,0.0,147,0.0
6501,1,65,1.455,-0.46499999999999986,0,nan,147,0.0,147,0.0
6502,2,65,1.425,-0.46499999999999986,0,nan,147,0.0,147,0.0
6503,3,65,1.395,-0.46499999999999986,0,nan,147,0.0,147,0.02199999988079071
6504,4,65,1.365,-0.46499999999999986,0,nan,147,0.0,147,0.02199999988079071
6505,5,65,1.335,-0.46499999999999986,0,nan,147,0.0,147,0.02199999988079071
6506,6,65,1.305,-0.46499999999999986,0,nan,147,0.0,147,0.02199999988079071
6507,7,65,1.275,-0.46499999999999986,0,nan,147,0.0,147,0.02199999988079071
6508,8,65,1.245,-0.46499999999999986,0,nan,147,0.0,147,0.02199999988079071
6509,9,65,1.215,-0.46499999999999986,0,nan,147,0.0,147,0.02199999988079071
6510,10,65,1.185,-0.46499999999999986,121,-0.7987729907035828,147,0.0,147,0.0
6511,11,65,1.155,-0.46499999999999986,130,-0.7983092069625854,147,0.0,147,0.0
6512,12,65,1.125,-0.46499999999999986,139,-0.7978094816207886,147,0.0,147,0.0
6513,13,65,1.095,-0.46499999999999986,146,-0.7975077033042908,147,0.1618693321943283,147,0.0
6514,14,65,1.065,-0.46499999999999986,147,-0.7853071093559265,147,0.32184720039367676,147,0.0
6515,15,65,1.0350000000000001,-0.46499999999999986,147,-0.7758921980857849,147,0.3267824649810791,147,0.0
6516,16,65,1.005,-0.46499999999999986,146,-0.7642571032047272,147,0.3390481173992157,147,0.0
6517,17,65,0.975,-0.46499999999999986,146,-0.7537303566932678,147,0.31309524178504944,147,0.0
6518,18,65,0.9450000000000001,-0.46499999999999986,146,-0.7441505491733551,147,0.32580992579460144,147,0.0
6519,19,65,0.915,-0.46499999999999986,146,-0.7329921126365662,147,0.33663132786750793,147,0.0
6520,20,65,0.885,-0.46499999999999986,144,-0.7229606211185455,147,0.3772457540035248,147,0.0
6521,21,65,0.855,-0.46499999999999986,144,-0.7107202112674713,147,0.4657725393772125,147,0.0
6522,22,65,0.8250000000000001,-0.46499999999999986,144,-0.6957084834575653,147,0.48107394576072693,147,0.0
6523,23,65,0.795,-0.46499999999999986,142,-0.6822438836097717,147,0.4187609553337097,147,0.0
6524,24,65,0.765,-0.46499999999999986,140,-0.6700439155101776,147,0.5716831088066101,147,0.0
6525,25,65,0.735,-0.46499999999999986,133,-0.6556687951087952,147,1.0070819854736328,147,0.10000000149011612
6526,26,65,0.7050000000000001,-0.46499999999999986,137,-0.608958899974823,147,1.1356388330459595,147,0.10000000149011612
6527,27,65,0.675,-0.46499999999999986,147,-0.5832769274711609,147,0.9759616851806641,147,0.10000000149011612
6528,28,65,0.645,-0.46499999999999986,147,-0.5632581114768982,147,0.718551754951477,147,0.0
6529,29,65,0.615,-0.46499999999999986,147,-0.5144798755645752,147,0.239641472697258,147,0.0
6530,30,65,0.5850000000000001,-0.46499999999999986,147,-0.5114586353302002,147,0.08584219217300415,147,0.0
6531,31,65,0.555,-0.46499999999999986,147,-0.5104686617851257,147,0.005069375038146973,147,0.0
6532,32,65,0.525,-0.46499999999999986,147,-0.5102410316467285,147,0.0,147,0.0
6533,33,65,0.4950000000000001,-0.46499999999999986,147,-0.5098754167556763,147,0.0,147,0.0
6534,34,65,0.4650000000000001,-0.46499999999999986,147,-0.509207546710968,147,0.005654493812471628,147,0.0
6535,35,65,0.43500000000000005,-0.46499999999999986,147,-0.508234977722168,147,0.01464111264795065,147,0.0
6536,36,65,0.405,-0.46499999999999986,147,-0.5078614950180054,147,0.004664063453674316,147,0.0
6537,37,65,0.375,-0.46499999999999986,147,-0.5075187087059021,147,0.0,147,0.0
6538,38,65,0.345,-0.46499999999999986,147,-0.5073604583740234,147,0.003280242206528783,147,0.0
6539,39,65,0.31499999999999995,-0.46499999999999986,147,-0.507082998752594,147,0.010220610536634922,147,0.0
6540,40,65,0.28500000000000014,-0.46499999999999986,147,-0.5062943696975708,147,0.023175278678536415,147,0.0
6541,41,65,0.2550000000000001,-0.46499999999999986,147,-0.5053496360778809,147,0.17917490005493164,147,0.0
6542,42,65,0.2250000000000001,-0.46499999999999986,147,-0.4952482283115387,147,1.0725702047348022,147,0.10000000149011612
6543,43,65,0.19500000000000006,-0.46499999999999986,147,-0.44039881229400635,147,0.9356294870376587,147,0.10000000149011612
6544,44,65,0.16500000000000004,-0.46499999999999986,147,-0.43871256709098816,147,0.01207937765866518,147,0.0
6545,45,65,0.135,-0.46499999999999986,147,-0.4385014474391937,147,0.0,147,0.0
6546,46,65,0.10499999999999998,-0.46499999999999986,147,-0.43840131163597107,147,0.0,147,0.0
6547,47,65,0.07499999999999996,-0.46499999999999986,147,-0.43840131163597107,147,0.0,147,0.0
6548,48,65,0.04500000000000015,-0.46499999999999986,147,-0.43840131163597107,147,0.0,147,0.0
6549,49,65,0.015000000000000124,-0.46499999999999986,147,-0.43840131163597107,147,0.0,147,0.0
6550,50,65,-0.014999999999999902,-0.46499999999999986,147,-0.4385833442211151,147,0.0,147,0.0
6551,51,65,-0.04499999999999993,-0.46499999999999986,147,-0.43909454345703125,147,0.026943286880850792,147,0.0
6552,52,65,-0.07499999999999996,-0.46499999999999986,147,-0.44064489006996155,147,0.36692214012145996,147,0.0
6553,53,65,-0.10499999999999998,-0.46499999999999986,147,-0.4606044590473175,147,0.4338000416755676,147,0.0
6554,54,65,-0.135,-0.46499999999999986,147,-0.4670030474662781,147,0.2167428582906723,147,0.0
6555,55,65,-0.16500000000000004,-0.46499999999999986,147,-0.4689955413341522,147,0.10321763157844543,147,0.0
6556,56,65,-0.19499999999999984,-0.46499999999999986,147,-0.4711076617240906,147,0.30455389618873596,147,0.0
6557,57,65,-0.22499999999999987,-0.46499999999999986,147,-0.4854860305786133,147,0.5583296418190002,147,0.0
6558,58,65,-0.2549999999999999,-0.46499999999999986,147,-0.5064631700515747,147,0.284244179725647,147,0.0
6559,59,65,-0.2849999999999999,-0.46499999999999986,147,-0.5065957903862,147,0.0494738407433033,147,0.0
6560,60,65,-0.31499999999999995,-0.46499999999999986,147,-0.5058979392051697,147,0.01255472470074892,147,0.0
6561,61,65,-0.345,-0.46499999999999986,147,-0.5057041645050049,147,0.0,147,0.0
6562,62,65,-0.375,-0.46499999999999986,147,-0.5058391094207764,147,0.0,147,0.0
6563,63,65,-0.405,-0.46499999999999986,147,-0.5059328079223633,147,0.0,147,0.0
6564,64,65,-0.43499999999999983,-0.46499999999999986,147,-0.5059382915496826,147,0.0,147,0.0
6565,65,65,-0.46499999999999986,-0.46499999999999986,147,-0.5059760808944702,147,0.0,147,0.0
6566,66,65,-0.4949999999999999,-0.46499999999999986,147,-0.5062209963798523,147,0.0,147,0.0
6567,67,65,-0.5249999999999999,-0.46499999999999986,147,-0.5071671605110168,147,0.0341564416885376,147,0.0
6568,68,65,-0.5549999999999997,-0.46499999999999986,147,-0.509093165397644,147,0.02758204936981201,147,0.0
6569,69,65,-0.585,-0.46499999999999986,147,-0.5094941854476929,147,0.023418715223670006,147,0.0
6570,70,65,-0.6149999999999998,-0.46499999999999986,147,-0.5104798674583435,147,0.057559575885534286,147,0.0
6571,71,65,-0.645,-0.46499999999999986,147,-0.5129043459892273,147,0.040815167129039764,147,0.0
6572,72,65,-0.6749999999999998,-0.46499999999999986,147,-0.5115058422088623,147,0.04662526026368141,147,0.0
6573,73,65,-0.7050000000000001,-0.46499999999999986,147,-0.5113846659660339,147,0.046979162842035294,147,0.0
6574,74,65,-0.7349999999999999,-0.46499999999999986,147,-0.5113846659660339,147,0.049759555608034134,147,0.0
6575,75,65,-0.7650000000000001,-0.46499999999999986,147,-0.5110402703285217,147,0.07571876049041748,147,0.0
6576,76,65,-0.7949999999999999,-0.46499999999999986,147,-0.5111367702484131,147,0.07730518281459808,147,0.0
6577,77,65,-0.8249999999999997,-0.46499999999999986,147,-0.5108716487884521,147,0.0834697037935257,147,0.0
6578,78,65,-0.855,-0.46499999999999986,147,-0.5107564926147461,147,0.076233871281147,147,0.0
6579,79,65,-0.8849999999999998,-0.46499999999999986,147,-0.5107231140136719,147,0.07381349056959152,147,0.0
6580,80,65,-0.915,-0.46499999999999986,147,-0.510707676410675,147,0.07488792389631271,147,0.0
6581,81,65,-0.9449999999999998,-0.46499999999999986,147,-0.51065593957901,147,0.07335645705461502,147,0.0
6582,82,65,-0.9750000000000001,-0.46499999999999986,147,-0.5107564926147461,147,0.06468139588832855,147,0.0
6583,83,65,-1.005,-0.46499999999999986,147,-0.5106077194213867,147,0.05475310981273651,147,0.0
6584,84,65,-1.0349999999999997,-0.46499999999999986,147,-0.5099037885665894,147,0.03835136815905571,147,0.0
6585,85,65,-1.065,-0.46499999999999986,147,-0.5089820623397827,147,0.025128325447440147,147,0.0
6586,86,65,-1.0949999999999998,-0.46499999999999986,147,-0.5089648962020874,147,0.01401404570788145,147,0.0
6587,87,65,-1.125,-0.46499999999999986,56,-0.5100441575050354,147,0.0,147,0.02199999988079071
6588,88,65,-1.1549999999999998,-0.46499999999999986,0,nan,147,0.0,147,0.02199999988079071
6589,89,65,-1.185,-0.46499999999999986,0,nan,147,0.0,147,0.02199999988079071
6590,90,65,-1.2149999999999999,-0.46499999999999986,0,nan,147,0.0,147,0.02199999988079071
6591,91,65,-1.245,-0.46499999999999986,0,nan,147,0.0,147,0.02199999988079071
6592,92,65,-1.275,-0.46499999999999986,0,nan,147,0.0,147,0.02199999988079071
6593,93,65,-1.3049999999999997,-0.46499999999999986,0,nan,147,0.0,147,0.02199999988079071
6594,94,65,-1.335,-0.46499999999999986,0,nan,147,0.0,147,0.02199999988079071
6595,95,65,-1.3649999999999998,-0.46499999999999986,0,nan,147,0.0,147,0.02199999988079071
6596,96,65,-1.395,-0.46499999999999986,0,nan,147,0.0,147,0.02199999988079071
6597,97,65,-1.4249999999999998,-0.46499999999999986,0,nan,147,0.0,147,0.0
6598,98,65,-1.455,-0.46499999999999986,0,nan,147,0.0,147,0.0
6599,99,65,-1.4849999999999999,-0.46499999999999986,0,nan,147,0.0,147,0.0
6600,0,66,1.485,-0.4949999999999999,0,nan,147,0.0,147,0.0
6601,1,66,1.455,-0.4949999999999999,0,nan,147,0.0,147,0.0
6602,2,66,1.425,-0.4949999999999999,0,nan,147,0.0,147,0.0
6603,3,66,1.395,-0.4949999999999999,0,nan,147,0.0,147,0.02199999988079071
6604,4,66,1.365,-0.4949999999999999,0,nan,147,0.0,147,0.02199999988079071
6605,5,66,1.335,-0.4949999999999999,0,nan,147,0.0,147,0.02199999988079071
6606,6,66,1.305,-0.4949999999999999,0,nan,147,0.0,147,0.02199999988079071
6607,7,66,1.275,-0.4949999999999999,0,nan,147,0.0,147,0.02199999988079071
6608,8,66,1.245,-0.4949999999999999,0,nan,147,0.0,147,0.02199999988079071
6609,9,66,1.215,-0.4949999999999999,0,nan,147,0.0,147,0.02199999988079071
6610,10,66,1.185,-0.4949999999999999,123,-0.7988405227661133,147,0.0,147,0.0
6611,11,66,1.155,-0.4949999999999999,134,-0.7984995245933533,147,0.0,147,0.0
6612,12,66,1.125,-0.4949999999999999,145,-0.797871470451355,147,0.0,147,0.0
6613,13,66,1.095,-0.4949999999999999,146,-0.7978404760360718,147,0.16729037463665009,147,0.0
6614,14,66,1.065,-0.4949999999999999,147,-0.7855035662651062,147,0.327790766954422,147,0.0
6615,15,66,1.0350000000000001,-0.4949999999999999,147,-0.7758921980857849,147,0.33043068647384644,147,0.0
6616,16,66,1.005,-0.4949999999999999,146,-0.7637616991996765,147,0.35361847281455994,147,0.0
6617,17,66,0.975,-0.4949999999999999,146,-0.7535735368728638,147,0.32094916701316833,147,0.0
6618,18,66,0.9450000000000001,-0.4949999999999999,146,-0.7438785433769226,147,0.3368454873561859,147,0.0
6619,19,66,0.915,-0.4949999999999999,144,-0.7329584360122681,147,0.3401929438114166,147,0.0
6620,20,66,0.885,-0.4949999999999999,144,-0.7228408455848694,147,0.38375070691108704,147,0.0
6621,21,66,0.855,-0.4949999999999999,144,-0.7105441391468048,147,0.46058985590934753,147,0.0
6622,22,66,0.8250000000000001,-0.4949999999999999,144,-0.6955113708972931,147,0.5140085816383362,147,0.0
6623,23,66,0.795,-0.4949999999999999,139,-0.6809373497962952,147,0.6950307488441467,147,0.0
6624,24,66,0.765,-0.4949999999999999,130,-0.6681855618953705,147,1.1829158067703247,147,0.10000000149011612
6625,25,66,0.735,-0.4949999999999999,141,-0.6165213584899902,147,1.373559594154358,147,0.10000000149011612
6626,26,66,0.7050000000000001,-0.4949999999999999,147,-0.5910695195198059,147,1.0464261770248413,147,0.10000000149011612
6627,27,66,0.675,-0.4949999999999999,147,-0.5785435438156128,147,0.3602863550186157,147,0.0
6628,28,66,0.645,-0.4949999999999999,147,-0.5235021710395813,147,0.37450292706489563,147,0.0
6629,29,66,0.615,-0.4949999999999999,147,-0.5144798755645752,147,0.239641472697258,147,0.0
6630,30,66,0.5850000000000001,-0.4949999999999999,147,-0.5114586353302002,147,0.07651547342538834,147,0.0
6631,31,66,0.555,-0.4949999999999999,147,-0.510489284992218,147,0.003252682974562049,147,0.0
6632,32,66,0.525,-0.4949999999999999,147,-0.5103514790534973,147,0.0,147,0.0
6633,33,66,0.4950000000000001,-0.4949999999999999,147,-0.5099480152130127,147,0.0075181326828897,147,0.0
6634,34,66,0.4650000000000001,-0.4949999999999999,147,-0.5092394351959229,147,0.01039405632764101,147,0.0
6635,35,66,0.43500000000000005,-0.4949999999999999,147,-0.5084048509597778,147,0.01958608627319336,147,0.0
6636,36,66,0.405,-0.4949999999999999,147,-0.5078951716423035,147,0.005962451454252005,147,0.0
6637,37,66,0.375,-0.4949999999999999,147,-0.5075894594192505,147,0.0006278355722315609,147,0.0
6638,38,66,0.345,-0.4949999999999999,147,-0.5074910521507263,147,0.003280242206528783,147,0.0
6639,39,66,0.31499999999999995,-0.4949999999999999,147,-0.5070887207984924,147,0.014960273168981075,147,0.0
6640,40,66,0.28500000000000014,-0.4949999999999999,147,-0.5063135027885437,147,0.023239850997924805,147,0.0
6641,41,66,0.2550000000000001,-0.4949999999999999,147,-0.5053496360778809,147,0.1572628766298294,147,0.0
6642,42,66,0.2250000000000001,-0.4949999999999999,147,-0.4952482283115387,147,1.0744750499725342,147,0.10000000149011612
6643,43,66,0.19500000000000006,-0.4949999999999999,147,-0.44039881229400635,147,0.9356294870376587,147,0.10000000149011612
6644,44,66,0.16500000000000004,-0.4949999999999999,147,-0.43871256709098816,147,0.013258809223771095,147,0.0
6645,45,66,0.135,-0.4949999999999999,147,-0.4385014474391937,147,0.0,147,0.0
6646,46,66,0.10499999999999998,-0.4949999999999999,147,-0.43840131163597107,147,0.0,147,0.0
6647,47,66,0.07499999999999996,-0.4949999999999999,147,-0.43840131163597107,147,0.0,147,0.0
6648,48,66,0.04500000000000015,-0.4949999999999999,147,-0.43840131163597107,147,0.0,147,0.0
6649,49,66,0.015000000000000124,-0.4949999999999999,147,-0.43840131163597107,147,0.0,147,0.0
6650,50,66,-0.014999999999999902,-0.4949999999999999,147,-0.4385833442211151,147,0.014857451431453228,147,0.0
6651,51,66,-0.04499999999999993,-0.4949999999999999,147,-0.43909454345703125,147,0.2045520842075348,147,0.0
6652,52,66,-0.07499999999999996,-0.4949999999999999,147,-0.44064489006996155,147,0.5187416672706604,147,0.0
6653,53,66,-0.10499999999999998,-0.4949999999999999,147,-0.46786046028137207,147,0.5045632123947144,147,0.0
6654,54,66,-0.135,-0.4949999999999999,147,-0.4724261164665222,147,0.28120750188827515,147,0.0
6655,55,66,-0.16500000000000004,-0.4949999999999999,147,-0.47280317544937134,147,0.1446356326341629,147,0.0
6656,56,66,-0.19499999999999984,-0.4949999999999999,147,-0.47409921884536743,147,0.3105560839176178,147,0.0
6657,57,66,-0.22499999999999987,-0.4949999999999999,147,-0.4854860305786133,147,0.5281914472579956,147,0.0
6658,58,66,-0.2549999999999999,-0.4949999999999999,147,-0.5064631700515747,147,0.2684272229671478,147,0.0
6659,59,66,-0.2849999999999999,-0.4949999999999999,147,-0.5065957903862,147,0.0494738407433033,147,0.0
6660,60,66,-0.31499999999999995,-0.4949999999999999,147,-0.5058979392051697,147,0.015729665756225586,147,0.0
6661,61,66,-0.345,-0.4949999999999999,147,-0.5057041645050049,147,0.0,147,0.0
6662,62,66,-0.375,-0.4949999999999999,147,-0.5058391094207764,147,0.0,147,0.0
6663,63,66,-0.405,-0.4949999999999999,147,-0.5059328079223633,147,0.0,147,0.0
6664,64,66,-0.43499999999999983,-0.4949999999999999,147,-0.5059760808944702,147,0.0,147,0.0
6665,65,66,-0.46499999999999986,-0.4949999999999999,147,-0.5059760808944702,147,0.0,147,0.0
6666,66,66,-0.4949999999999999,-0.4949999999999999,147,-0.5063802599906921,147,0.004648169036954641,147,0.0
6667,67,66,-0.5249999999999999,-0.4949999999999999,147,-0.5072425603866577,147,0.03374170884490013,147,0.0
6668,68,66,-0.5549999999999997,-0.4949999999999999,147,-0.5091464519500732,147,0.030434131622314453,147,0.0
6669,69,66,-0.585,-0.4949999999999999,147,-0.5095788836479187,147,0.032030511647462845,147,0.0
6670,70,66,-0.6149999999999998,-0.4949999999999999,147,-0.5105299353599548,147,0.07136861234903336,147,0.0
6671,71,66,-0.645,-0.4949999999999999,147,-0.5131909847259521,147,0.05752046778798103,147,0.0
6672,72,66,-0.6749999999999998,-0.4949999999999999,147,-0.5129861235618591,147,0.06500997394323349,147,0.0
6673,73,66,-0.7050000000000001,-0.4949999999999999,147,-0.5131296515464783,147,0.08761129528284073,147,0.0
6674,74,66,-0.7349999999999999,-0.4949999999999999,147,-0.5134312510490417,147,0.09830786287784576,147,0.0
6675,75,66,-0.7650000000000001,-0.4949999999999999,147,-0.5137145519256592,147,0.11707240343093872,147,0.0
6676,76,66,-0.7949999999999999,-0.4949999999999999,147,-0.513822078704834,147,0.10318855196237564,147,0.0
6677,77,66,-0.8249999999999997,-0.4949999999999999,147,-0.5136653184890747,147,0.09337930381298065,147,0.0
6678,78,66,-0.855,-0.4949999999999999,147,-0.5134312510490417,147,0.07449688017368317,147,0.0
6679,79,66,-0.8849999999999998,-0.4949999999999999,147,-0.513279139995575,147,0.06571976095438004,147,0.0
6680,80,66,-0.915,-0.4949999999999999,147,-0.5130918025970459,147,0.06027420237660408,147,0.0
6681,81,66,-0.9449999999999998,-0.4949999999999999,147,-0.5119008421897888,147,0.04334350302815437,147,0.0
6682,82,66,-0.9750000000000001,-0.4949999999999999,147,-0.5117191672325134,147,0.03304051607847214,147,0.0
6683,83,66,-1.005,-0.4949999999999999,147,-0.5108790993690491,147,0.025385195389389992,147,0.0
6684,84,66,-1.0349999999999997,-0.4949999999999999,147,-0.5099378824234009,147,0.017611531540751457,147,0.0
6685,85,66,-1.065,-0.4949999999999999,147,-0.5089820623397827,147,0.0044148825109004974,147,0.0
6686,86,66,-1.0949999999999998,-0.4949999999999999,147,-0.5089705586433411,147,0.0,147,0.0
6687,87,66,-1.125,-0.4949999999999999,56,-0.5100441575050354,147,0.0,147,0.02199999988079071
6688,88,66,-1.1549999999999998,-0.4949999999999999,0,nan,147,0.0,147,0.02199999988079071
6689,89,66,-1.185,-0.4949999999999999,0,nan,147,0.0,147,0.02199999988079071
6690,90,66,-1.2149999999999999,-0.4949999999999999,0,nan,147,0.0,147,0.02199999988079071
6691,91,66,-1.245,-0.4949999999999999,0,nan,147,0.0,147,0.02199999988079071
6692,92,66,-1.275,-0.4949999999999999,0,nan,147,0.0,147,0.02199999988079071
6693,93,66,-1.3049999999999997,-0.4949999999999999,0,nan,147,0.0,147,0.02199999988079071
6694,94,66,-1.335,-0.4949999999999999,0,nan,147,0.0,147,0.02199999988079071
6695,95,66,-1.3649999999999998,-0.4949999999999999,0,nan,147,0.0,147,0.02199999988079071
6696,96,66,-1.395,-0.4949999999999999,0,nan,147,0.0,147,0.02199999988079071
6697,97,66,-1.4249999999999998,-0.4949999999999999,0,nan,147,0.0,147,0.0
6698,98,66,-1.455,-0.4949999999999999,0,nan,147,0.0,147,0.0
6699,99,66,-1.4849999999999999,-0.4949999999999999,0,nan,147,0.0,147,0.0
6700,0,67,1.485,-0.5249999999999999,0,nan,147,0.0,147,0.0
6701,1,67,1.455,-0.5249999999999999,0,nan,147,0.0,147,0.0
6702,2,67,1.425,-0.5249999999999999,0,nan,147,0.0,147,0.0
6703,3,67,1.395,-0.5249999999999999,0,nan,147,0.0,147,0.02199999988079071
6704,4,67,1.365,-0.5249999999999999,0,nan,147,0.0,147,0.02199999988079071
6705,5,67,1.335,-0.5249999999999999,0,nan,147,0.0,147,0.02199999988079071
6706,6,67,1.305,-0.5249999999999999,0,nan,147,0.0,147,0.02199999988079071
6707,7,67,1.275,-0.5249999999999999,0,nan,147,0.0,147,0.02199999988079071
6708,8,67,1.245,-0.5249999999999999,0,nan,147,0.0,147,0.02199999988079071
6709,9,67,1.215,-0.5249999999999999,0,nan,147,0.0,147,0.02199999988079071
6710,10,67,1.185,-0.5249999999999999,126,-0.7984995245933533,147,0.0,147,0.0
6711,11,67,1.155,-0.5249999999999999,137,-0.7980992794036865,147,0.0,147,0.0
6712,12,67,1.125,-0.5249999999999999,146,-0.7975367307662964,147,0.0,147,0.0
6713,13,67,1.095,-0.5249999999999999,146,-0.7975367307662964,147,0.17122924327850342,147,0.0
6714,14,67,1.065,-0.5249999999999999,147,-0.7858568429946899,147,0.33359459042549133,147,0.0
6715,15,67,1.0350000000000001,-0.5249999999999999,147,-0.7756701707839966,147,0.34059926867485046,147,0.0
6716,16,67,1.005,-0.5249999999999999,145,-0.7637537717819214,147,0.35525262355804443,147,0.0
6717,17,67,0.975,-0.5249999999999999,146,-0.7531985640525818,147,0.3231382966041565,147,0.0
6718,18,67,0.9450000000000001,-0.5249999999999999,146,-0.7433424890041351,147,0.3464311361312866,147,0.0
6719,19,67,0.915,-0.5249999999999999,143,-0.7322618961334229,147,0.344313383102417,147,0.0
6720,20,67,0.885,-0.5249999999999999,144,-0.7222509980201721,147,0.37908056378364563,147,0.0
6721,21,67,0.855,-0.5249999999999999,143,-0.7103835940361023,147,0.4615684449672699,147,0.0
6722,22,67,0.8250000000000001,-0.5249999999999999,138,-0.6951359808444977,147,0.7565706968307495,147,0.0
6723,23,67,0.795,-0.5249999999999999,124,-0.6782487630844116,147,1.0521479845046997,147,0.10000000149011612
6724,24,67,0.765,-0.5249999999999999,142,-0.6168368458747864,147,1.4140255451202393,147,0.10000000149011612
6725,25,67,0.735,-0.5249999999999999,147,-0.5934879183769226,147,1.2241219282150269,147,0.10000000149011612
6726,26,67,0.7050000000000001,-0.5249999999999999,147,-0.5710583329200745,147,0.5836424231529236,147,0.0
6727,27,67,0.675,-0.5249999999999999,147,-0.5214062929153442,147,0.17996430397033691,147,0.0
6728,28,67,0.645,-0.5249999999999999,147,-0.5180740356445312,147,0.27752915024757385,147,0.0
6729,29,67,0.615,-0.5249999999999999,147,-0.5144798755645752,147,0.14735858142375946,147,0.0
6730,30,67,0.5850000000000001,-0.5249999999999999,147,-0.5114617943763733,147,0.06942351907491684,147,0.0
6731,31,67,0.555,-0.5249999999999999,147,-0.5107851624488831,147,0.035848218947649,147,0.0
6732,32,67,0.525,-0.5249999999999999,147,-0.5107328295707703,147,0.0396043062210083,147,0.0
6733,33,67,0.4950000000000001,-0.5249999999999999,147,-0.5101243853569031,147,0.04527072235941887,147,0.0
6734,34,67,0.4650000000000001,-0.5249999999999999,147,-0.5096580982208252,147,0.0472138337790966,147,0.0
6735,35,67,0.43500000000000005,-0.5249999999999999,147,-0.5086671113967896,147,0.04253476858139038,147,0.0
6736,36,67,0.405,-0.5249999999999999,147,-0.5080831050872803,147,0.0281602144241333,147,0.0
6737,37,67,0.375,-0.5249999999999999,147,-0.5078951716423035,147,0.01777348481118679,147,0.0
6738,38,67,0.345,-0.5249999999999999,147,-0.5077048540115356,147,0.01983344554901123,147,0.0
6739,39,67,0.31499999999999995,-0.5249999999999999,147,-0.5072583556175232,147,0.02676757425069809,147,0.0
6740,40,67,0.28500000000000014,-0.5249999999999999,147,-0.5064229965209961,147,0.03210938349366188,147,0.0
6741,41,67,0.2550000000000001,-0.5249999999999999,147,-0.505657434463501,147,0.146559476852417,147,0.0
6742,42,67,0.2250000000000001,-0.5249999999999999,145,-0.4981711804866791,147,1.0381170511245728,147,0.10000000149011612
6743,43,67,0.19500000000000006,-0.5249999999999999,147,-0.4404459595680237,147,0.9620041847229004,147,0.10000000149011612
6744,44,67,0.16500000000000004,-0.5249999999999999,147,-0.43875324726104736,147,0.1594787985086441,147,0.0
6745,45,67,0.135,-0.5249999999999999,147,-0.43871256709098816,147,0.08424023538827896,147,0.0
6746,46,67,0.10499999999999998,-0.5249999999999999,147,-0.43871256709098816,147,0.08508513122797012,147,0.0
6747,47,67,0.07499999999999996,-0.5249999999999999,147,-0.43871256709098816,147,0.08508513122797012,147,0.0
6748,48,67,0.04500000000000015,-0.5249999999999999,147,-0.43871256709098816,147,0.08508513122797012,147,0.0
6749,49,67,0.015000000000000124,-0.5249999999999999,147,-0.43871256709098816,147,0.09362846612930298,147,0.0
6750,50,67,-0.014999999999999902,-0.5249999999999999,147,-0.43879660964012146,147,0.20702730119228363,147,0.0
6751,51,67,-0.04499999999999993,-0.5249999999999999,147,-0.43983784317970276,147,0.49316397309303284,147,0.0
6752,52,67,-0.07499999999999996,-0.5249999999999999,147,-0.46688076853752136,147,0.6401816606521606,147,0.0
6753,53,67,-0.10499999999999998,-0.5249999999999999,147,-0.47400927543640137,147,0.42274731397628784,147,0.0
6754,54,67,-0.135,-0.5249999999999999,147,-0.4757178723812103,147,0.19239962100982666,147,0.0
6755,55,67,-0.16500000000000004,-0.5249999999999999,147,-0.4762330651283264,147,0.09851419180631638,147,0.0
6756,56,67,-0.19499999999999984,-0.5249999999999999,147,-0.4773927330970764,147,0.34793415665626526,147,0.0
6757,57,67,-0.22499999999999987,-0.5249999999999999,147,-0.4912395179271698,147,0.4903281331062317,147,0.0
6758,58,67,-0.2549999999999999,-0.5249999999999999,147,-0.5066069960594177,147,0.2981638014316559,147,0.0
6759,59,67,-0.2849999999999999,-0.5249999999999999,147,-0.506791889667511,147,0.06948312371969223,147,0.0
6760,60,67,-0.31499999999999995,-0.5249999999999999,147,-0.5060713887214661,147,0.04227657988667488,147,0.0
6761,61,67,-0.345,-0.5249999999999999,147,-0.5058409571647644,147,0.018616167828440666,147,0.0
6762,62,67,-0.375,-0.5249999999999999,147,-0.5060278177261353,147,0.009160440415143967,147,0.0
6763,63,67,-0.405,-0.5249999999999999,147,-0.5060740113258362,147,0.004963079933077097,147,0.0
6764,64,67,-0.43499999999999983,-0.5249999999999999,147,-0.5062137842178345,147,0.0,147,0.0
6765,65,67,-0.46499999999999986,-0.5249999999999999,147,-0.5062209963798523,147,0.0030726194381713867,147,0.0
6766,66,67,-0.4949999999999999,-0.5249999999999999,147,-0.5064874887466431,147,0.02263486385345459,147,0.0
6767,67,67,-0.5249999999999999,-0.5249999999999999,147,-0.5075144171714783,147,0.0396529845893383,147,0.0
6768,68,67,-0.5549999999999997,-0.5249999999999999,147,-0.5092977285385132,147,0.038113195449113846,147,0.0
6769,69,67,-0.585,-0.5249999999999999,147,-0.5100871324539185,147,0.04214842990040779,147,0.0
6770,70,67,-0.6149999999999998,-0.5249999999999999,147,-0.5116709470748901,147,0.09491531550884247,147,0.0
6771,71,67,-0.645,-0.5249999999999999,147,-0.5141437649726868,147,0.08493638038635254,147,0.0
6772,72,67,-0.6749999999999998,-0.5249999999999999,147,-0.5154231786727905,147,0.08087555319070816,147,0.0
6773,73,67,-0.7050000000000001,-0.5249999999999999,147,-0.5165277719497681,147,0.08417235314846039,147,0.0
6774,74,67,-0.7349999999999999,-0.5249999999999999,147,-0.5176671743392944,147,0.08959726244211197,147,0.0
6775,75,67,-0.7650000000000001,-0.5249999999999999,147,-0.5179635286331177,147,0.0813329815864563,147,0.0
6776,76,67,-0.7949999999999999,-0.5249999999999999,147,-0.5175701975822449,147,0.07923251390457153,147,0.0
6777,77,67,-0.8249999999999997,-0.5249999999999999,147,-0.5161721110343933,147,0.06232146918773651,147,0.0
6778,78,67,-0.855,-0.5249999999999999,147,-0.5153968930244446,147,0.03841090202331543,147,0.0
6779,79,67,-0.8849999999999998,-0.5249999999999999,147,-0.5145742297172546,147,0.028733639046549797,147,0.0
6780,80,67,-0.915,-0.5249999999999999,147,-0.5138695240020752,147,0.02921404130756855,147,0.0
6781,81,67,-0.9449999999999998,-0.5249999999999999,147,-0.512495219707489,147,0.0264435987919569,147,0.0
6782,82,67,-0.9750000000000001,-0.5249999999999999,147,-0.5118025541305542,147,0.02029240131378174,147,0.0
6783,83,67,-1.005,-0.5249999999999999,147,-0.5108790993690491,147,0.014189879409968853,147,0.0
6784,84,67,-1.0349999999999997,-0.5249999999999999,147,-0.5099378824234009,147,0.01621345616877079,147,0.0
6785,85,67,-1.065,-0.5249999999999999,147,-0.5089820623397827,147,0.0030318896751850843,147,0.0
6786,86,67,-1.0949999999999998,-0.5249999999999999,147,-0.5089159607887268,147,0.0,147,0.0
6787,87,67,-1.125,-0.5249999999999999,56,-0.5100441575050354,147,0.0,147,0.02199999988079071
6788,88,67,-1.1549999999999998,-0.5249999999999999,0,nan,147,0.0,147,0.02199999988079071
6789,89,67,-1.185,-0.5249999999999999,0,nan,147,0.0,147,0.02199999988079071
6790,90,67,-1.2149999999999999,-0.5249999999999999,0,nan,147,0.0,147,0.02199999988079071
6791,91,67,-1.245,-0.5249999999999999,0,nan,147,0.0,147,0.02199999988079071
6792,92,67,-1.275,-0.5249999999999999,0,nan,147,0.0,147,0.02199999988079071
6793,93,67,-1.3049999999999997,-0.5249999999999999,0,nan,147,0.0,147,0.02199999988079071
6794,94,67,-1.335,-0.5249999999999999,0,nan,147,0.0,147,0.02199999988079071
6795,95,67,-1.3649999999999998,-0.5249999999999999,0,nan,147,0.0,147,0.02199999988079071
6796,96,67,-1.395,-0.5249999999999999,0,nan,147,0.0,147,0.02199999988079071
6797,97,67,-1.4249999999999998,-0.5249999999999999,0,nan,147,0.0,147,0.0
6798,98,67,-1.455,-0.5249999999999999,0,nan,147,0.0,147,0.0
6799,99,67,-1.4849999999999999,-0.5249999999999999,0,nan,147,0.0,147,0.0
6800,0,68,1.485,-0.5549999999999997,0,nan,147,0.0,147,0.0
6801,1,68,1.455,-0.5549999999999997,0,nan,147,0.0,147,0.0
6802,2,68,1.425,-0.5549999999999997,0,nan,147,0.0,147,0.0
6803,3,68,1.395,-0.5549999999999997,0,nan,147,0.0,147,0.02199999988079071
6804,4,68,1.365,-0.5549999999999997,0,nan,147,0.0,147,0.02199999988079071
6805,5,68,1.335,-0.5549999999999997,0,nan,147,0.0,147,0.02199999988079071
6806,6,68,1.305,-0.5549999999999997,0,nan,147,0.0,147,0.02199999988079071
6807,7,68,1.275,-0.5549999999999997,0,nan,147,0.0,147,0.02199999988079071
6808,8,68,1.245,-0.5549999999999997,0,nan,147,0.0,147,0.02199999988079071
6809,9,68,1.215,-0.5549999999999997,0,nan,147,0.0,147,0.02199999988079071
6810,10,68,1.185,-0.5549999999999997,128,-0.7983590662479401,147,0.0,147,0.0
6811,11,68,1.155,-0.5549999999999997,141,-0.7979435324668884,147,0.0,147,0.0
6812,12,68,1.125,-0.5549999999999997,146,-0.7978404760360718,147,0.0,147,0.0
6813,13,68,1.095,-0.5549999999999997,146,-0.7978404760360718,147,0.17880499362945557,147,0.0
6814,14,68,1.065,-0.5549999999999997,147,-0.7860527038574219,147,0.35166046023368835,147,0.0
6815,15,68,1.0350000000000001,-0.5549999999999997,145,-0.7753082513809204,147,0.3629431426525116,147,0.0
6816,16,68,1.005,-0.5549999999999997,145,-0.7635245323181152,147,0.36745867133140564,147,0.0
6817,17,68,0.975,-0.5549999999999997,146,-0.753015547990799,147,0.33817940950393677,147,0.0
6818,18,68,0.9450000000000001,-0.5549999999999997,146,-0.7424345314502716,147,0.3591002821922302,147,0.0
6819,19,68,0.915,-0.5549999999999997,142,-0.7314410209655762,147,0.35284146666526794,147,0.0
6820,20,68,0.885,-0.5549999999999997,140,-0.7211560904979706,147,0.4071124196052551,147,0.0
6821,21,68,0.855,-0.5549999999999997,134,-0.7092961072921753,147,0.6037402153015137,147,0.0
6822,22,68,0.8250000000000001,-0.5549999999999997,133,-0.6908364295959473,147,0.9679571986198425,147,0.10000000149011612
6823,23,68,0.795,-0.5549999999999997,147,-0.6311421990394592,147,1.312733769416809,147,0.10000000149011612
6824,24,68,0.765,-0.5549999999999997,147,-0.6069045066833496,147,0.9720913171768188,147,0.10000000149011612
6825,25,68,0.735,-0.5549999999999997,147,-0.5208679437637329,147,0.4636923372745514,147,0.0
6826,26,68,0.7050000000000001,-0.5549999999999997,147,-0.5200040340423584,147,0.03419617936015129,147,0.0
6827,27,68,0.675,-0.5549999999999997,147,-0.5191714763641357,147,0.04285573959350586,147,0.0
6828,28,68,0.645,-0.5549999999999997,147,-0.5177857875823975,147,0.09448039531707764,147,0.0
6829,29,68,0.615,-0.5549999999999997,147,-0.5146982669830322,147,0.10091716051101685,147,0.0
6830,30,68,0.5850000000000001,-0.5549999999999997,147,-0.5123791098594666,147,0.09152645617723465,147,0.0
6831,31,68,0.555,-0.5549999999999997,147,-0.5120395421981812,147,0.08720676600933075,147,0.0
6832,32,68,0.525,-0.5549999999999997,147,-0.511908769607544,147,0.08049151301383972,147,0.0
6833,33,68,0.4950000000000001,-0.5549999999999997,147,-0.511175811290741,147,0.07008194923400879,147,0.0
6834,34,68,0.4650000000000001,-0.5549999999999997,147,-0.5109801292419434,147,0.07665952295064926,147,0.0
6835,35,68,0.43500000000000005,-0.5549999999999997,147,-0.5097222924232483,147,0.07385814189910889,147,0.0
6836,36,68,0.405,-0.5549999999999997,147,-0.5092160105705261,147,0.05688369274139404,147,0.0
6837,37,68,0.375,-0.5549999999999997,147,-0.5088897347450256,147,0.03578256815671921,147,0.0
6838,38,68,0.345,-0.5549999999999997,147,-0.5084362030029297,147,0.03732045367360115,147,0.0
6839,39,68,0.31499999999999995,-0.5549999999999997,147,-0.5080065131187439,147,0.03737121820449829,147,0.0
6840,40,68,0.28500000000000014,-0.5549999999999997,147,-0.5073728561401367,147,0.0436733178794384,147,0.0
6841,41,68,0.2550000000000001,-0.5549999999999997,147,-0.5063840746879578,147,0.11900167167186737,147,0.0
6842,42,68,0.2250000000000001,-0.5549999999999997,141,-0.5026381611824036,147,0.8724570274353027,147,0.10000000149011612
6843,43,68,0.19500000000000006,-0.5549999999999997,146,-0.4517335742712021,147,0.9970691800117493,147,0.10000000149011612
6844,44,68,0.16500000000000004,-0.5549999999999997,147,-0.4442201852798462,147,0.7103579044342041,147,0.0
6845,45,68,0.135,-0.5549999999999997,147,-0.4440046548843384,147,0.6080214977264404,147,0.0
6846,46,68,0.10499999999999998,-0.5549999999999997,147,-0.4440046548843384,147,0.5725279450416565,147,0.0
6847,47,68,0.07499999999999996,-0.5549999999999997,147,-0.4440046548843384,147,0.5493932366371155,147,0.0
6848,48,68,0.04500000000000015,-0.5549999999999997,147,-0.4440046548843384,147,0.5474214553833008,147,0.0
6849,49,68,0.015000000000000124,-0.5549999999999997,147,-0.4440046548843384,147,0.546969473361969,147,0.0
6850,50,68,-0.014999999999999902,-0.5549999999999997,147,-0.44469013810157776,147,0.5745341181755066,147,0.0
6851,51,68,-0.04499999999999993,-0.5549999999999997,146,-0.45806537568569183,147,0.5988336801528931,147,0.0
6852,52,68,-0.07499999999999996,-0.5549999999999997,147,-0.47360941767692566,147,0.5055370926856995,147,0.0
6853,53,68,-0.10499999999999998,-0.5549999999999997,147,-0.47772711515426636,147,0.26209554076194763,147,0.0
6854,54,68,-0.135,-0.5549999999999997,147,-0.4787691831588745,147,0.13709217309951782,147,0.0
6855,55,68,-0.16500000000000004,-0.5549999999999997,147,-0.4789147675037384,147,0.20341724157333374,147,0.0
6856,56,68,-0.19499999999999984,-0.5549999999999997,147,-0.4796774089336395,147,0.4390524625778198,147,0.0
6857,57,68,-0.22499999999999987,-0.5549999999999997,147,-0.5013154149055481,147,0.4930441081523895,147,0.0
6858,58,68,-0.2549999999999999,-0.5549999999999997,147,-0.508268415927887,147,0.22269868850708008,147,0.0
6859,59,68,-0.2849999999999999,-0.5549999999999997,147,-0.50826495885849,147,0.08223950862884521,147,0.0
6860,60,68,-0.31499999999999995,-0.5549999999999997,147,-0.5075144171714783,147,0.07417478412389755,147,0.0
6861,61,68,-0.345,-0.5549999999999997,147,-0.5071671605110168,147,0.056369900703430176,147,0.0
6862,62,68,-0.375,-0.5549999999999997,147,-0.5073485374450684,147,0.046241648495197296,147,0.0
6863,63,68,-0.405,-0.5549999999999997,147,-0.507309079170227,147,0.039581459015607834,147,0.0
6864,64,68,-0.43499999999999983,-0.5549999999999997,147,-0.507309079170227,147,0.03921091556549072,147,0.0
6865,65,68,-0.46499999999999986,-0.5549999999999997,147,-0.507309079170227,147,0.03789164498448372,147,0.0
6866,66,68,-0.4949999999999999,-0.5549999999999997,147,-0.5075144171714783,147,0.03929932788014412,147,0.0
6867,67,68,-0.5249999999999999,-0.5549999999999997,147,-0.5081343054771423,147,0.0476936511695385,147,0.0
6868,68,68,-0.5549999999999997,-0.5549999999999997,147,-0.50960773229599,147,0.04063443839550018,147,0.0
6869,69,68,-0.585,-0.5549999999999997,147,-0.5103191137313843,147,0.04534250497817993,147,0.0
6870,70,68,-0.6149999999999998,-0.5549999999999997,147,-0.5123904943466187,147,0.10954340547323227,147,0.0
6871,71,68,-0.645,-0.5549999999999997,147,-0.5169990658760071,147,0.08087555319070816,147,0.0
6872,72,68,-0.6749999999999998,-0.5549999999999997,147,-0.5173506140708923,147,0.052691500633955,147,0.0
6873,73,68,-0.7050000000000001,-0.5549999999999997,147,-0.5180765986442566,147,0.03320328891277313,147,0.0
6874,74,68,-0.7349999999999999,-0.5549999999999997,147,-0.5179687738418579,147,0.03832181170582771,147,0.0
6875,75,68,-0.7650000000000001,-0.5549999999999997,147,-0.5182432532310486,147,0.028815343976020813,147,0.0
6876,76,68,-0.7949999999999999,-0.5549999999999997,147,-0.5178506970405579,147,0.03410661965608597,147,0.0
6877,77,68,-0.8249999999999997,-0.5549999999999997,147,-0.5165430903434753,147,0.021856725215911865,147,0.0
6878,78,68,-0.855,-0.5549999999999997,147,-0.5156230330467224,147,0.01658598519861698,147,0.0
6879,79,68,-0.8849999999999998,-0.5549999999999997,147,-0.5146043300628662,147,0.009299318306148052,147,0.0
6880,80,68,-0.915,-0.5549999999999997,147,-0.5139195919036865,147,0.015934308990836143,147,0.0
6881,81,68,-0.9449999999999998,-0.5549999999999997,147,-0.512495219707489,147,0.015934308990836143,147,0.0
6882,82,68,-0.9750000000000001,-0.5549999999999997,147,-0.5118025541305542,147,0.019116202369332314,147,0.0
6883,83,68,-1.005,-0.5549999999999997,147,-0.5108790993690491,147,0.01382629107683897,147,0.0
6884,84,68,-1.0349999999999997,-0.5549999999999997,147,-0.5099378824234009,147,0.017128977924585342,147,0.0
6885,85,68,-1.065,-0.5549999999999997,147,-0.5089820623397827,147,0.0030721540097147226,147,0.0
6886,86,68,-1.0949999999999998,-0.5549999999999997,147,-0.5089083909988403,147,0.0,147,0.0
6887,87,68,-1.125,-0.5549999999999997,56,-0.5100441575050354,147,0.0,147,0.02199999988079071
6888,88,68,-1.1549999999999998,-0.5549999999999997,0,nan,147,0.0,147,0.02199999988079071
6889,89,68,-1.185,-0.5549999999999997,0,nan,147,0.0,147,0.02199999988079071
6890,90,68,-1.2149999999999999,-0.5549999999999997,0,nan,147,0.0,147,0.02199999988079071
6891,91,68,-1.245,-0.5549999999999997,0,nan,147,0.0,147,0.02199999988079071
6892,92,68,-1.275,-0.5549999999999997,0,nan,147,0.0,147,0.02199999988079071
6893,93,68,-1.3049999999999997,-0.5549999999999997,0,nan,147,0.0,147,0.02199999988079071
6894,94,68,-1.335,-0.5549999999999997,0,nan,147,0.0,147,0.02199999988079071
6895,95,68,-1.3649999999999998,-0.5549999999999997,0,nan,147,0.0,147,0.02199999988079071
6896,96,68,-1.395,-0.5549999999999997,0,nan,147,0.0,147,0.02199999988079071
6897,97,68,-1.4249999999999998,-0.5549999999999997,0,nan,147,0.0,147,0.0
6898,98,68,-1.455,-0.5549999999999997,0,nan,147,0.0,147,0.0
6899,99,68,-1.4849999999999999,-0.5549999999999997,0,nan,147,0.0,147,0.0
6900,0,69,1.485,-0.585,0,nan,147,0.0,147,0.0
6901,1,69,1.455,-0.585,0,nan,147,0.0,147,0.0
6902,2,69,1.425,-0.585,0,nan,147,0.0,147,0.0
6903,3,69,1.395,-0.585,0,nan,147,0.0,147,0.02199999988079071
6904,4,69,1.365,-0.585,0,nan,147,0.0,147,0.02199999988079071
6905,5,69,1.335,-0.585,0,nan,147,0.0,147,0.02199999988079071
6906,6,69,1.305,-0.585,0,nan,147,0.0,147,0.02199999988079071
6907,7,69,1.275,-0.585,0,nan,147,0.0,147,0.02199999988079071
6908,8,69,1.245,-0.585,0,nan,147,0.0,147,0.02199999988079071
6909,9,69,1.215,-0.585,0,nan,147,0.0,147,0.02199999988079071
6910,10,69,1.185,-0.585,133,-0.7982540726661682,147,0.0,147,0.0
6911,11,69,1.155,-0.585,144,-0.7978778183460236,147,0.0,147,0.0
6912,12,69,1.125,-0.585,146,-0.7978778183460236,147,0.0,147,0.0
6913,13,69,1.095,-0.585,146,-0.7978778183460236,147,0.19272564351558685,147,0.0
6914,14,69,1.065,-0.585,147,-0.7857360243797302,147,0.36928361654281616,147,0.0
6915,15,69,1.0350000000000001,-0.585,146,-0.7748475968837738,147,0.3717847466468811,147,0.0
6916,16,69,1.005,-0.585,146,-0.7633782625198364,147,0.369636207818985,147,0.0
6917,17,69,0.975,-0.585,146,-0.7524419128894806,147,0.3509788513183594,147,0.0
6918,18,69,0.9450000000000001,-0.585,146,-0.7416943311691284,147,0.3803115785121918,147,0.0
6919,19,69,0.915,-0.585,141,-0.7307290434837341,147,0.4140273630619049,147,0.0
6920,20,69,0.885,-0.585,136,-0.7202008366584778,147,0.4770714342594147,147,0.0
6921,21,69,0.855,-0.585,140,-0.7039196193218231,147,0.7575039863586426,147,0.0
6922,22,69,0.8250000000000001,-0.585,147,-0.667145848274231,147,1.0981999635696411,147,0.10000000149011612
6923,23,69,0.795,-0.585,147,-0.6290402412414551,147,0.8476247191429138,147,0.10000000149011612
6924,24,69,0.765,-0.585,147,-0.5234856605529785,147,0.3999690115451813,147,0.0
6925,25,69,0.735,-0.585,147,-0.520174503326416,147,0.05378027632832527,147,0.0
6926,26,69,0.7050000000000001,-0.585,147,-0.5192177295684814,147,0.0,147,0.0
6927,27,69,0.675,-0.585,147,-0.5187142491340637,147,0.012825925834476948,147,0.0
6928,28,69,0.645,-0.585,147,-0.5176412463188171,147,0.05694960430264473,147,0.0
6929,29,69,0.615,-0.585,147,-0.5165465474128723,147,0.08157692849636078,147,0.0
6930,30,69,0.5850000000000001,-0.585,147,-0.5163036584854126,147,0.09975969791412354,147,0.0
6931,31,69,0.555,-0.585,147,-0.5161592364311218,147,0.10172128677368164,147,0.0
6932,32,69,0.525,-0.585,147,-0.5154423117637634,147,0.09704526513814926,147,0.0
6933,33,69,0.4950000000000001,-0.585,147,-0.514531135559082,147,0.08399830013513565,147,0.0
6934,34,69,0.4650000000000001,-0.585,147,-0.5133929252624512,147,0.08607257902622223,147,0.0
6935,35,69,0.43500000000000005,-0.585,147,-0.511803925037384,147,0.08389253169298172,147,0.0
6936,36,69,0.405,-0.585,147,-0.5104513168334961,147,0.07022344321012497,147,0.0
6937,37,69,0.375,-0.585,147,-0.5099359750747681,147,0.05350948125123978,147,0.0
6938,38,69,0.345,-0.585,147,-0.5095372796058655,147,0.05047519877552986,147,0.0
6939,39,69,0.31499999999999995,-0.585,147,-0.5090969800949097,147,0.051270920783281326,147,0.0
6940,40,69,0.28500000000000014,-0.585,147,-0.5081654191017151,147,0.053402822464704514,147,0.0
6941,41,69,0.2550000000000001,-0.585,147,-0.5075741410255432,147,0.08414756506681442,147,0.0
6942,42,69,0.2250000000000001,-0.585,147,-0.5050188302993774,147,0.48555290699005127,147,0.0
6943,43,69,0.19500000000000006,-0.585,147,-0.4939013123512268,147,0.8490871787071228,147,0.10000000149011612
6944,44,69,0.16500000000000004,-0.585,146,-0.4776853024959564,147,0.9078348875045776,147,0.10000000149011612
6945,45,69,0.135,-0.585,147,-0.47403550148010254,147,0.8303569555282593,147,0.0
6946,46,69,0.10499999999999998,-0.585,147,-0.4728080928325653,147,0.7820333242416382,147,0.0
6947,47,69,0.07499999999999996,-0.585,147,-0.47210168838500977,147,0.7690345048904419,147,0.0
6948,48,69,0.04500000000000015,-0.585,147,-0.47130295634269714,147,0.7338359951972961,147,0.0
6949,49,69,0.015000000000000124,-0.585,147,-0.4707326889038086,147,0.6947449445724487,147,0.0
6950,50,69,-0.014999999999999902,-0.585,147,-0.4721556305885315,147,0.6148764491081238,147,0.0
6951,51,69,-0.04499999999999993,-0.585,147,-0.47321340441703796,147,0.5069394707679749,147,0.0
6952,52,69,-0.07499999999999996,-0.585,147,-0.47772538661956787,147,0.3798089921474457,147,0.0
6953,53,69,-0.10499999999999998,-0.585,147,-0.4819553792476654,147,0.3035601079463959,147,0.0
6954,54,69,-0.135,-0.585,147,-0.48374032974243164,147,0.26279670000076294,147,0.0
6955,55,69,-0.16500000000000004,-0.585,147,-0.4837516248226166,147,0.3349682688713074,147,0.0
6956,56,69,-0.19499999999999984,-0.585,147,-0.4955735206604004,147,0.4664604067802429,147,0.0
6957,57,69,-0.22499999999999987,-0.585,147,-0.5084759593009949,147,0.4207489788532257,147,0.0
6958,58,69,-0.2549999999999999,-0.585,147,-0.5102764964103699,147,0.13395874202251434,147,0.0
6959,59,69,-0.2849999999999999,-0.585,147,-0.5106939077377319,147,0.07800372689962387,147,0.0
6960,60,69,-0.31499999999999995,-0.585,147,-0.5094476938247681,147,0.0708041787147522,147,0.0
6961,61,69,-0.345,-0.585,147,-0.5088143348693848,147,0.055336665362119675,147,0.0
6962,62,69,-0.375,-0.585,147,-0.5087815523147583,147,0.03744959831237793,147,0.0
6963,63,69,-0.405,-0.585,147,-0.5087577700614929,147,0.03744959831237793,147,0.0
6964,64,69,-0.43499999999999983,-0.585,147,-0.508752167224884,147,0.03616909310221672,147,0.0
6965,65,69,-0.46499999999999986,-0.585,147,-0.5087577700614929,147,0.03612637519836426,147,0.0
6966,66,69,-0.4949999999999999,-0.585,147,-0.5087815523147583,147,0.0352616012096405,147,0.0
6967,67,69,-0.5249999999999999,-0.585,147,-0.5090076327323914,147,0.03793775662779808,147,0.0
6968,68,69,-0.5549999999999997,-0.585,147,-0.5099261403083801,147,0.03359997272491455,147,0.0
6969,69,69,-0.585,-0.585,147,-0.5104649662971497,147,0.04221200942993164,147,0.0
6970,70,69,-0.6149999999999998,-0.585,147,-0.5124427676200867,147,0.10925853997468948,147,0.0
6971,71,69,-0.645,-0.585,147,-0.5170400738716125,147,0.07726431638002396,147,0.0
6972,72,69,-0.6749999999999998,-0.585,147,-0.517408013343811,147,0.03385962173342705,147,0.0
6973,73,69,-0.7050000000000001,-0.585,147,-0.5181106328964233,147,0.01128415297716856,147,0.0
6974,74,69,-0.7349999999999999,-0.585,147,-0.518183171749115,147,0.021333495154976845,147,0.0
6975,75,69,-0.7650000000000001,-0.585,147,-0.5182648301124573,147,0.01443028450012207,147,0.0
6976,76,69,-0.7949999999999999,-0.585,147,-0.5178688764572144,147,0.025711456313729286,147,0.0
6977,77,69,-0.8249999999999997,-0.585,147,-0.5168343782424927,147,0.02162357233464718,147,0.0
6978,78,69,-0.855,-0.585,147,-0.5156258344650269,147,0.01658598519861698,147,0.0
6979,79,69,-0.8849999999999998,-0.585,147,-0.5146688222885132,147,0.015740593895316124,147,0.0
6980,80,69,-0.915,-0.585,147,-0.5139490365982056,147,0.015981992706656456,147,0.0
6981,81,69,-0.9449999999999998,-0.585,147,-0.512495219707489,147,0.01690387725830078,147,0.0
6982,82,69,-0.9750000000000001,-0.585,147,-0.5118025541305542,147,0.019116202369332314,147,0.0
6983,83,69,-1.005,-0.585,147,-0.5108790993690491,147,0.01641313172876835,147,0.0
6984,84,69,-1.0349999999999997,-0.585,147,-0.5099378824234009,147,0.019022822380065918,147,0.0
6985,85,69,-1.065,-0.585,147,-0.5088460445404053,147,0.008385379798710346,147,0.0
6986,86,69,-1.0949999999999998,-0.585,147,-0.5085725784301758,147,0.0,147,0.0
6987,87,69,-1.125,-0.585,56,-0.5098833441734314,147,0.0,147,0.02199999988079071
6988,88,69,-1.1549999999999998,-0.585,0,nan,147,0.0,147,0.02199999988079071
6989,89,69,-1.185,-0.585,0,nan,147,0.0,147,0.02199999988079071
6990,90,69,-1.2149999999999999,-0.585,0,nan,147,0.0,147,0.02199999988079071
6991,91,69,-1.245,-0.585,0,nan,147,0.0,147,0.02199999988079071
6992,92,69,-1.275,-0.585,0,nan,147,0.0,147,0.02199999988079071
6993,93,69,-1.3049999999999997,-0.585,0,nan,147,0.0,147,0.02199999988079071
6994,94,69,-1.335,-0.585,0,nan,147,0.0,147,0.02199999988079071
6995,95,69,-1.3649999999999998,-0.585,0,nan,147,0.0,147,0.02199999988079071
6996,96,69,-1.395,-0.585,0,nan,147,0.0,147,0.02199999988079071
6997,97,69,-1.4249999999999998,-0.585,0,nan,147,0.0,147,0.0
6998,98,69,-1.455,-0.585,0,nan,147,0.0,147,0.0
6999,99,69,-1.4849999999999999,-0.585,0,nan,147,0.0,147,0.0
7000,0,70,1.485,-0.6149999999999998,0,nan,147,0.0,147,0.0
7001,1,70,1.455,-0.6149999999999998,0,nan,147,0.0,147,0.0
7002,2,70,1.425,-0.6149999999999998,0,nan,147,0.0,147,0.0
7003,3,70,1.395,-0.6149999999999998,0,nan,147,0.0,147,0.02199999988079071
7004,4,70,1.365,-0.6149999999999998,0,nan,147,0.0,147,0.02199999988079071
7005,5,70,1.335,-0.6149999999999998,0,nan,147,0.0,147,0.02199999988079071
7006,6,70,1.305,-0.6149999999999998,0,nan,147,0.0,147,0.02199999988079071
7007,7,70,1.275,-0.6149999999999998,0,nan,147,0.0,147,0.02199999988079071
7008,8,70,1.245,-0.6149999999999998,0,nan,147,0.0,147,0.02199999988079071
7009,9,70,1.215,-0.6149999999999998,0,nan,147,0.0,147,0.02199999988079071
7010,10,70,1.185,-0.6149999999999998,135,-0.797698974609375,147,0.0,147,0.0
7011,11,70,1.155,-0.6149999999999998,145,-0.7973744869232178,147,0.0,147,0.0
7012,12,70,1.125,-0.6149999999999998,146,-0.7973714470863342,147,0.0,147,0.0
7013,13,70,1.095,-0.6149999999999998,146,-0.7973714470863342,147,0.1996646374464035,147,0.0
7014,14,70,1.065,-0.6149999999999998,147,-0.7853418588638306,147,0.3735666871070862,147,0.0
7015,15,70,1.0350000000000001,-0.6149999999999998,146,-0.7746898531913757,147,0.3768502473831177,147,0.0
7016,16,70,1.005,-0.6149999999999998,146,-0.7625443637371063,147,0.37784478068351746,147,0.0
7017,17,70,0.975,-0.6149999999999998,145,-0.7517370581626892,147,0.42061010003089905,147,0.0
7018,18,70,0.9450000000000001,-0.6149999999999998,143,-0.7408751249313354,147,0.5080886483192444,147,0.0
7019,19,70,0.915,-0.6149999999999998,142,-0.7278082966804504,147,0.54265296459198,147,0.0
7020,20,70,0.885,-0.6149999999999998,144,-0.7136775553226471,147,0.49328070878982544,147,0.0
7021,21,70,0.855,-0.6149999999999998,147,-0.6955966949462891,147,0.6668227314949036,147,0.0
7022,22,70,0.8250000000000001,-0.6149999999999998,147,-0.667145848274231,147,0.7132629752159119,147,0.0
7023,23,70,0.795,-0.6149999999999998,147,-0.6274842023849487,147,0.3563115894794464,147,0.0
7024,24,70,0.765,-0.6149999999999998,147,-0.5214616060256958,147,0.1283794641494751,147,0.0
7025,25,70,0.735,-0.6149999999999998,147,-0.520174503326416,147,0.011586418375372887,147,0.0
7026,26,70,0.7050000000000001,-0.6149999999999998,147,-0.5192177295684814,147,0.0,147,0.0
7027,27,70,0.675,-0.6149999999999998,147,-0.5189735293388367,147,0.006177322939038277,147,0.0
7028,28,70,0.645,-0.6149999999999998,147,-0.5188130736351013,147,0.02593962848186493,147,0.0
7029,29,70,0.615,-0.6149999999999998,147,-0.5188130736351013,147,0.05134134739637375,147,0.0
7030,30,70,0.5850000000000001,-0.6149999999999998,147,-0.5187142491340637,147,0.05103449150919914,147,0.0
7031,31,70,0.555,-0.6149999999999998,147,-0.5185590386390686,147,0.07063987851142883,147,0.0
7032,32,70,0.525,-0.6149999999999998,147,-0.5180740356445312,147,0.09040854871273041,147,0.0
7033,33,70,0.4950000000000001,-0.6149999999999998,147,-0.5164338946342468,147,0.0960032194852829,147,0.0
7034,34,70,0.4650000000000001,-0.6149999999999998,147,-0.515170156955719,147,0.09474555402994156,147,0.0
7035,35,70,0.43500000000000005,-0.6149999999999998,147,-0.5134801864624023,147,0.0886613130569458,147,0.0
7036,36,70,0.405,-0.6149999999999998,147,-0.5121356248855591,147,0.08181830495595932,147,0.0
7037,37,70,0.375,-0.6149999999999998,147,-0.5116182565689087,147,0.05879956856369972,147,0.0
7038,38,70,0.345,-0.6149999999999998,147,-0.5105735659599304,147,0.050109632313251495,147,0.0
7039,39,70,0.31499999999999995,-0.6149999999999998,147,-0.5103293657302856,147,0.05521075055003166,147,0.0
7040,40,70,0.28500000000000014,-0.6149999999999998,147,-0.5095320343971252,147,0.059113893657922745,147,0.0
7041,41,70,0.2550000000000001,-0.6149999999999998,147,-0.5089423656463623,147,0.06853938102722168,147,0.0
7042,42,70,0.2250000000000001,-0.6149999999999998,147,-0.5077734589576721,147,0.1666928380727768,147,0.0
7043,43,70,0.19500000000000006,-0.6149999999999998,147,-0.5057395696640015,147,0.3891160190105438,147,0.0
7044,44,70,0.16500000000000004,-0.6149999999999998,147,-0.5023537278175354,147,0.49124875664711,147,0.0
7045,45,70,0.135,-0.6149999999999998,147,-0.4954073429107666,147,0.5252214074134827,147,0.0
7046,46,70,0.10499999999999998,-0.6149999999999998,147,-0.4931012690067291,147,0.5186906456947327,147,0.0
7047,47,70,0.07499999999999996,-0.6149999999999998,147,-0.49185410141944885,147,0.4895302951335907,147,0.0
7048,48,70,0.04500000000000015,-0.6149999999999998,147,-0.4903125464916229,147,0.500000536441803,147,0.0
7049,49,70,0.015000000000000124,-0.6149999999999998,147,-0.4886852502822876,147,0.47710439562797546,147,0.0
7050,50,70,-0.014999999999999902,-0.6149999999999998,147,-0.48734351992607117,147,0.47141408920288086,147,0.0
7051,51,70,-0.04499999999999993,-0.6149999999999998,147,-0.4879438281059265,147,0.43419498205184937,147,0.0
7052,52,70,-0.07499999999999996,-0.6149999999999998,147,-0.48921123147010803,147,0.4073696434497833,147,0.0
7053,53,70,-0.10499999999999998,-0.6149999999999998,147,-0.49185410141944885,147,0.36308416724205017,147,0.0
7054,54,70,-0.135,-0.6149999999999998,147,-0.49601370096206665,147,0.3155737817287445,147,0.0
7055,55,70,-0.16500000000000004,-0.6149999999999998,147,-0.4967530071735382,147,0.3671474754810333,147,0.0
7056,56,70,-0.19499999999999984,-0.6149999999999998,147,-0.5055879950523376,147,0.37945929169654846,147,0.0
7057,57,70,-0.22499999999999987,-0.6149999999999998,147,-0.5110191702842712,147,0.22165748476982117,147,0.0
7058,58,70,-0.2549999999999999,-0.6149999999999998,147,-0.5119602084159851,147,0.06891125440597534,147,0.0
7059,59,70,-0.2849999999999999,-0.6149999999999998,147,-0.511877715587616,147,0.050759267061948776,147,0.0
7060,60,70,-0.31499999999999995,-0.6149999999999998,147,-0.5109019875526428,147,0.05008478835225105,147,0.0
7061,61,70,-0.345,-0.6149999999999998,147,-0.5099126100540161,147,0.0461064949631691,147,0.0
7062,62,70,-0.375,-0.6149999999999998,147,-0.5097684860229492,147,0.0339701846241951,147,0.0
7063,63,70,-0.405,-0.6149999999999998,147,-0.5096508264541626,147,0.02822975255548954,147,0.0
7064,64,70,-0.43499999999999983,-0.6149999999999998,147,-0.5096719861030579,147,0.026935338973999023,147,0.0
7065,65,70,-0.46499999999999986,-0.6149999999999998,147,-0.5096719861030579,147,0.026474395766854286,147,0.0
7066,66,70,-0.4949999999999999,-0.6149999999999998,147,-0.5096719861030579,147,0.026474395766854286,147,0.0
7067,67,70,-0.5249999999999999,-0.6149999999999998,147,-0.5098426342010498,147,0.027382373809814453,147,0.0
7068,68,70,-0.5549999999999997,-0.6149999999999998,147,-0.5104649662971497,147,0.02619028091430664,147,0.0
7069,69,70,-0.585,-0.6149999999999998,147,-0.5108579397201538,147,0.04221200942993164,147,0.0
7070,70,70,-0.6149999999999998,-0.6149999999999998,147,-0.5127645134925842,147,0.1029960960149765,147,0.0
7071,71,70,-0.645,-0.6149999999999998,147,-0.5170400738716125,147,0.07545848935842514,147,0.0
7072,72,70,-0.6749999999999998,-0.6149999999999998,147,-0.517408013343811,147,0.029843004420399666,147,0.0
7073,73,70,-0.7050000000000001,-0.6149999999999998,147,-0.5181106328964233,147,0.00897018238902092,147,0.0
7074,74,70,-0.7349999999999999,-0.6149999999999998,147,-0.518183171749115,147,0.01984635926783085,147,0.0
7075,75,70,-0.7650000000000001,-0.6149999999999998,147,-0.5182648301124573,147,0.014598171226680279,147,0.0
7076,76,70,-0.7949999999999999,-0.6149999999999998,147,-0.5178688764572144,147,0.02351701259613037,147,0.0
7077,77,70,-0.8249999999999997,-0.6149999999999998,147,-0.5168343782424927,147,0.02378920651972294,147,0.0
7078,78,70,-0.855,-0.6149999999999998,147,-0.5158109664916992,147,0.021719932556152344,147,0.0
7079,79,70,-0.8849999999999998,-0.6149999999999998,147,-0.5147483348846436,147,0.023861726745963097,147,0.0
7080,80,70,-0.915,-0.6149999999999998,147,-0.5139771699905396,147,0.023059049621224403,147,0.0
7081,81,70,-0.9449999999999998,-0.6149999999999998,147,-0.5125086307525635,147,0.023803114891052246,147,0.0
7082,82,70,-0.9750000000000001,-0.6149999999999998,147,-0.5118025541305542,147,0.023316767066717148,147,0.0
7083,83,70,-1.005,-0.6149999999999998,147,-0.5108727216720581,147,0.018850961700081825,147,0.0
7084,84,70,-1.0349999999999997,-0.6149999999999998,147,-0.5099037885665894,147,0.022749105468392372,147,0.0
7085,85,70,-1.065,-0.6149999999999998,147,-0.5086274147033691,147,0.014253650791943073,147,0.0
7086,86,70,-1.0949999999999998,-0.6149999999999998,147,-0.5084043145179749,147,0.0,147,0.0
7087,87,70,-1.125,-0.6149999999999998,101,-0.5079867839813232,147,0.0,147,0.0
7088,88,70,-1.1549999999999998,-0.6149999999999998,0,nan,147,0.0,147,0.02199999988079071
7089,89,70,-1.185,-0.6149999999999998,0,nan,147,0.0,147,0.02199999988079071
7090,90,70,-1.2149999999999999,-0.6149999999999998,0,nan,147,0.0,147,0.02199999988079071
7091,91,70,-1.245,-0.6149999999999998,0,nan,147,0.0,147,0.02199999988079071
7092,92,70,-1.275,-0.6149999999999998,0,nan,147,0.0,147,0.02199999988079071
7093,93,70,-1.3049999999999997,-0.6149999999999998,0,nan,147,0.0,147,0.02199999988079071
7094,94,70,-1.335,-0.6149999999999998,0,nan,147,0.0,147,0.02199999988079071
7095,95,70,-1.3649999999999998,-0.6149999999999998,0,nan,147,0.0,147,0.02199999988079071
7096,96,70,-1.395,-0.6149999999999998,0,nan,147,0.0,147,0.02199999988079071
7097,97,70,-1.4249999999999998,-0.6149999999999998,0,nan,147,0.0,147,0.0
7098,98,70,-1.455,-0.6149999999999998,0,nan,147,0.0,147,0.0
7099,99,70,-1.4849999999999999,-0.6149999999999998,0,nan,147,0.0,147,0.0
7100,0,71,1.485,-0.645,0,nan,147,0.0,147,0.0
7101,1,71,1.455,-0.645,0,nan,147,0.0,147,0.0
7102,2,71,1.425,-0.645,0,nan,147,0.0,147,0.0
7103,3,71,1.395,-0.645,0,nan,147,0.0,147,0.02199999988079071
7104,4,71,1.365,-0.645,0,nan,147,0.0,147,0.02199999988079071
7105,5,71,1.335,-0.645,0,nan,147,0.0,147,0.02199999988079071
7106,6,71,1.305,-0.645,0,nan,147,0.0,147,0.02199999988079071
7107,7,71,1.275,-0.645,0,nan,147,0.0,147,0.02199999988079071
7108,8,71,1.245,-0.645,0,nan,147,0.0,147,0.02199999988079071
7109,9,71,1.215,-0.645,0,nan,147,0.0,147,0.02199999988079071
7110,10,71,1.185,-0.645,138,-0.7969047725200653,147,0.0,147,0.0
7111,11,71,1.155,-0.645,145,-0.7969049215316772,147,0.0,147,0.0
7112,12,71,1.125,-0.645,146,-0.796892523765564,147,0.0,147,0.0
7113,13,71,1.095,-0.645,146,-0.796892523765564,147,0.21304406225681305,147,0.0
7114,14,71,1.065,-0.645,146,-0.7841418087482452,147,0.3937619924545288,147,0.0
7115,15,71,1.0350000000000001,-0.645,142,-0.7733370959758759,147,0.4331011474132538,147,0.0
7116,16,71,1.005,-0.645,141,-0.7610235810279846,147,0.5269548892974854,147,0.0
7117,17,71,0.975,-0.645,140,-0.7503646910190582,147,0.5934740304946899,147,0.0
7118,18,71,0.9450000000000001,-0.645,143,-0.7342596650123596,147,0.6338632106781006,147,0.0
7119,19,71,0.915,-0.645,147,-0.7119130492210388,147,0.4846516251564026,147,0.0
7120,20,71,0.885,-0.645,147,-0.7058289647102356,147,0.4091312289237976,147,0.0
7121,21,71,0.855,-0.645,147,-0.6955966949462891,147,0.59003084897995,147,0.0
7122,22,71,0.8250000000000001,-0.645,147,-0.6642032861709595,147,0.6297836899757385,147,0.0
7123,23,71,0.795,-0.645,147,-0.6236475706100464,147,0.37159621715545654,147,0.0
7124,24,71,0.765,-0.645,147,-0.5214616060256958,147,0.16228656470775604,147,0.0
7125,25,71,0.735,-0.645,147,-0.520174503326416,147,0.025026997551321983,147,0.0
7126,26,71,0.7050000000000001,-0.645,147,-0.5193964838981628,147,0.0,147,0.0
7127,27,71,0.675,-0.645,147,-0.51936274766922,147,0.0,147,0.0
7128,28,71,0.645,-0.645,147,-0.5194243788719177,147,0.011083483695983887,147,0.0
7129,29,71,0.615,-0.645,147,-0.5194243788719177,147,0.030211925506591797,147,0.0
7130,30,71,0.5850000000000001,-0.645,147,-0.5200508832931519,147,0.03572304919362068,147,0.0
7131,31,71,0.555,-0.645,147,-0.5200508832931519,147,0.05443520471453667,147,0.0
7132,32,71,0.525,-0.645,147,-0.5200040340423584,147,0.07849705964326859,147,0.0
7133,33,71,0.4950000000000001,-0.645,147,-0.5183526277542114,147,0.08591417968273163,147,0.0
7134,34,71,0.4650000000000001,-0.645,147,-0.517522931098938,147,0.11428991705179214,147,0.0
7135,35,71,0.43500000000000005,-0.645,147,-0.5160147547721863,147,0.11121570318937302,147,0.0
7136,36,71,0.405,-0.645,147,-0.5143092274665833,147,0.09523233026266098,147,0.0
7137,37,71,0.375,-0.645,147,-0.5124932527542114,147,0.07029517740011215,147,0.0
7138,38,71,0.345,-0.645,147,-0.5119432806968689,147,0.060165923088788986,147,0.0
7139,39,71,0.31499999999999995,-0.645,147,-0.5117218494415283,147,0.056446682661771774,147,0.0
7140,40,71,0.28500000000000014,-0.645,147,-0.5106256604194641,147,0.060943763703107834,147,0.0
7141,41,71,0.2550000000000001,-0.645,147,-0.51019287109375,147,0.052473943680524826,147,0.0
7142,42,71,0.2250000000000001,-0.645,147,-0.5093517303466797,147,0.07567206770181656,147,0.0
7143,43,71,0.19500000000000006,-0.645,147,-0.5084825754165649,147,0.12020344287157059,147,0.0
7144,44,71,0.16500000000000004,-0.645,147,-0.5072597861289978,147,0.1646862030029297,147,0.0
7145,45,71,0.135,-0.645,147,-0.5060632228851318,147,0.220235213637352,147,0.0
7146,46,71,0.10499999999999998,-0.645,147,-0.5048848390579224,147,0.237803652882576,147,0.0
7147,47,71,0.07499999999999996,-0.645,147,-0.5045282244682312,147,0.2440139651298523,147,0.0
7148,48,71,0.04500000000000015,-0.645,147,-0.5033912062644958,147,0.26517608761787415,147,0.0
7149,49,71,0.015000000000000124,-0.645,147,-0.5020262002944946,147,0.28591999411582947,147,0.0
7150,50,71,-0.014999999999999902,-0.645,147,-0.5020262002944946,147,0.3013601005077362,147,0.0
7151,51,71,-0.04499999999999993,-0.645,147,-0.5020262002944946,147,0.307735800743103,147,0.0
7152,52,71,-0.07499999999999996,-0.645,147,-0.5020262002944946,147,0.3099939823150635,147,0.0
7153,53,71,-0.10499999999999998,-0.645,147,-0.5033912062644958,147,0.2856115698814392,147,0.0
7154,54,71,-0.135,-0.645,147,-0.5055767297744751,147,0.26327547430992126,147,0.0
7155,55,71,-0.16500000000000004,-0.645,147,-0.5088025331497192,147,0.25412508845329285,147,0.0
7156,56,71,-0.19499999999999984,-0.645,147,-0.511834442615509,147,0.21834860742092133,147,0.0
7157,57,71,-0.22499999999999987,-0.645,147,-0.5125415921211243,147,0.09699702262878418,147,0.0
7158,58,71,-0.2549999999999999,-0.645,147,-0.5127553939819336,147,0.04092669114470482,147,0.0
7159,59,71,-0.2849999999999999,-0.645,147,-0.5124873518943787,147,0.03305230662226677,147,0.0
7160,60,71,-0.31499999999999995,-0.645,147,-0.5117408633232117,147,0.0375799797475338,147,0.0
7161,61,71,-0.345,-0.645,147,-0.5110265612602234,147,0.035187602043151855,147,0.0
7162,62,71,-0.375,-0.645,147,-0.5106532573699951,147,0.029653498902916908,147,0.0
7163,63,71,-0.405,-0.645,147,-0.510487973690033,147,0.024132927879691124,147,0.0
7164,64,71,-0.43499999999999983,-0.645,147,-0.5104649662971497,147,0.019750280305743217,147,0.0
7165,65,71,-0.46499999999999986,-0.645,147,-0.5104649662971497,147,0.019567212089896202,147,0.0
7166,66,71,-0.4949999999999999,-0.645,147,-0.5104649662971497,147,0.019598007202148438,147,0.0
7167,67,71,-0.5249999999999999,-0.645,147,-0.5105189681053162,147,0.019567212089896202,147,0.0
7168,68,71,-0.5549999999999997,-0.645,147,-0.5108579397201538,147,0.02044684626162052,147,0.0
7169,69,71,-0.585,-0.645,147,-0.5110795497894287,147,0.036964815109968185,147,0.0
7170,70,71,-0.6149999999999998,-0.645,147,-0.5129064321517944,147,0.09614428132772446,147,0.0
7171,71,71,-0.645,-0.645,147,-0.5170400738716125,147,0.07205896079540253,147,0.0
7172,72,71,-0.6749999999999998,-0.645,147,-0.517408013343811,147,0.02976159192621708,147,0.0
7173,73,71,-0.7050000000000001,-0.645,147,-0.5181106328964233,147,0.008194447495043278,147,0.0
7174,74,71,-0.7349999999999999,-0.645,147,-0.518183171749115,147,0.01984635926783085,147,0.0
7175,75,71,-0.7650000000000001,-0.645,147,-0.5182648301124573,147,0.01652141474187374,147,0.0
7176,76,71,-0.7949999999999999,-0.645,147,-0.5178688764572144,147,0.02351701259613037,147,0.0
7177,77,71,-0.8249999999999997,-0.645,147,-0.516842246055603,147,0.02319273166358471,147,0.0
7178,78,71,-0.855,-0.645,147,-0.516144871711731,147,0.024707118049263954,147,0.0
7179,79,71,-0.8849999999999998,-0.645,147,-0.5148718357086182,147,0.025957822799682617,147,0.0
7180,80,71,-0.915,-0.645,147,-0.514028787612915,147,0.02453029155731201,147,0.0
7181,81,71,-0.9449999999999998,-0.645,147,-0.5128390789031982,147,0.023752450942993164,147,0.0
7182,82,71,-0.9750000000000001,-0.645,147,-0.5118447542190552,147,0.02295573614537716,147,0.0
7183,83,71,-1.005,-0.645,147,-0.5110203623771667,147,0.02029240131378174,147,0.0
7184,84,71,-1.0349999999999997,-0.645,147,-0.5099037885665894,147,0.024114051833748817,147,0.0
7185,85,71,-1.065,-0.645,147,-0.5085867643356323,147,0.018894672393798828,147,0.0
7186,86,71,-1.0949999999999998,-0.645,147,-0.5082175135612488,147,0.0,147,0.0
7187,87,71,-1.125,-0.645,146,-0.5080751180648804,147,0.0,147,0.0
7188,88,71,-1.1549999999999998,-0.645,22,-0.5082064867019653,147,0.0,147,0.02199999988079071
7189,89,71,-1.185,-0.645,0,nan,147,0.0,147,0.02199999988079071
7190,90,71,-1.2149999999999999,-0.645,0,nan,147,0.0,147,0.02199999988079071
7191,91,71,-1.245,-0.645,0,nan,147,0.0,147,0.02199999988079071
7192,92,71,-1.275,-0.645,0,nan,147,0.0,147,0.02199999988079071
7193,93,71,-1.3049999999999997,-0.645,0,nan,147,0.0,147,0.02199999988079071
7194,94,71,-1.335,-0.645,0,nan,147,0.0,147,0.02199999988079071
7195,95,71,-1.3649999999999998,-0.645,0,nan,147,0.0,147,0.02199999988079071
7196,96,71,-1.395,-0.645,0,nan,147,0.0,147,0.02199999988079071
7197,97,71,-1.4249999999999998,-0.645,0,nan,147,0.0,147,0.0
7198,98,71,-1.455,-0.645,0,nan,147,0.0,147,0.0
7199,99,71,-1.4849999999999999,-0.645,0,nan,147,0.0,147,0.0
7200,0,72,1.485,-0.6749999999999998,0,nan,147,0.0,147,0.0
7201,1,72,1.455,-0.6749999999999998,0,nan,147,0.0,147,0.0
7202,2,72,1.425,-0.6749999999999998,0,nan,147,0.0,147,0.0
7203,3,72,1.395,-0.6749999999999998,0,nan,147,0.0,147,0.02199999988079071
7204,4,72,1.365,-0.6749999999999998,0,nan,147,0.0,147,0.02199999988079071
7205,5,72,1.335,-0.6749999999999998,0,nan,147,0.0,147,0.02199999988079071
7206,6,72,1.305,-0.6749999999999998,0,nan,147,0.0,147,0.02199999988079071
7207,7,72,1.275,-0.6749999999999998,0,nan,147,0.0,147,0.02199999988079071
7208,8,72,1.245,-0.6749999999999998,0,nan,147,0.0,147,0.02199999988079071
7209,9,72,1.215,-0.6749999999999998,0,nan,147,0.0,147,0.02199999988079071
7210,10,72,1.185,-0.6749999999999998,137,-0.7954592704772949,147,0.004245657008141279,147,0.0
7211,11,72,1.155,-0.6749999999999998,144,-0.7953987419605255,147,0.018978118896484375,147,0.0
7212,12,72,1.125,-0.6749999999999998,145,-0.7953382134437561,147,0.018978118896484375,147,0.0
7213,13,72,1.095,-0.6749999999999998,145,-0.7953382134437561,147,0.3007187843322754,147,0.0
7214,14,72,1.065,-0.6749999999999998,138,-0.7819937467575073,147,0.5643923878669739,147,0.0
7215,15,72,1.0350000000000001,-0.6749999999999998,128,-0.7709481716156006,147,0.6279507279396057,147,0.0
7216,16,72,1.005,-0.6749999999999998,138,-0.7551796138286591,147,0.692392885684967,147,0.0
7217,17,72,0.975,-0.6749999999999998,144,-0.7328439652919769,147,0.7342137694358826,147,0.0
7218,18,72,0.9450000000000001,-0.6749999999999998,147,-0.7143969535827637,147,0.6604030728340149,147,0.0
7219,19,72,0.915,-0.6749999999999998,147,-0.7102617621421814,147,0.4047670364379883,147,0.0
7220,20,72,0.885,-0.6749999999999998,147,-0.7051700949668884,147,0.4142076373100281,147,0.0
7221,21,72,0.855,-0.6749999999999998,147,-0.6939047574996948,147,0.8790387511253357,147,0.10000000149011612
7222,22,72,0.8250000000000001,-0.6749999999999998,147,-0.6577038168907166,147,0.9482691884040833,147,0.10000000149011612
7223,23,72,0.795,-0.6749999999999998,147,-0.6208950281143188,147,0.4812856614589691,147,0.0
7224,24,72,0.765,-0.6749999999999998,147,-0.5214616060256958,147,0.305536150932312,147,0.0
7225,25,72,0.735,-0.6749999999999998,147,-0.520174503326416,147,0.08236231654882431,147,0.0
7226,26,72,0.7050000000000001,-0.6749999999999998,147,-0.5200508832931519,147,0.01721249707043171,147,0.0
7227,27,72,0.675,-0.6749999999999998,147,-0.5200508832931519,147,0.049880146980285645,147,0.0
7228,28,72,0.645,-0.6749999999999998,147,-0.5201404690742493,147,0.1619594544172287,147,0.0
7229,29,72,0.615,-0.6749999999999998,147,-0.5205032825469971,147,0.17367501556873322,147,0.0
7230,30,72,0.5850000000000001,-0.6749999999999998,147,-0.5213449597358704,147,0.056977272033691406,147,0.0
7231,31,72,0.555,-0.6749999999999998,147,-0.5210701823234558,147,0.09266933053731918,147,0.0
7232,32,72,0.525,-0.6749999999999998,147,-0.5210701823234558,147,0.22988353669643402,147,0.0
7233,33,72,0.4950000000000001,-0.6749999999999998,147,-0.5205032825469971,147,0.11925429105758667,147,0.0
7234,34,72,0.4650000000000001,-0.6749999999999998,147,-0.5199233889579773,147,0.11428991705179214,147,0.0
7235,35,72,0.43500000000000005,-0.6749999999999998,147,-0.5188957452774048,147,0.1529732048511505,147,0.0
7236,36,72,0.405,-0.6749999999999998,147,-0.5178775191307068,147,0.10406899452209473,147,0.0
7237,37,72,0.375,-0.6749999999999998,147,-0.5157169103622437,147,0.08535555005073547,147,0.0
7238,38,72,0.345,-0.6749999999999998,147,-0.5143092274665833,147,0.07372545450925827,147,0.0
7239,39,72,0.31499999999999995,-0.6749999999999998,147,-0.5130015015602112,147,0.07226421684026718,147,0.0
7240,40,72,0.28500000000000014,-0.6749999999999998,147,-0.5120075941085815,147,0.05513545498251915,147,0.0
7241,41,72,0.2550000000000001,-0.6749999999999998,147,-0.5116615891456604,147,0.05487638711929321,147,0.0
7242,42,72,0.2250000000000001,-0.6749999999999998,147,-0.5105020999908447,147,0.06690575927495956,147,0.0
7243,43,72,0.19500000000000006,-0.6749999999999998,147,-0.5099783539772034,147,0.0717402920126915,147,0.0
7244,44,72,0.16500000000000004,-0.6749999999999998,147,-0.5088755488395691,147,0.07938146591186523,147,0.0
7245,45,72,0.135,-0.6749999999999998,147,-0.5084421038627625,147,0.08361739665269852,147,0.0
7246,46,72,0.10499999999999998,-0.6749999999999998,147,-0.507110595703125,147,0.09254048019647598,147,0.0
7247,47,72,0.07499999999999996,-0.6749999999999998,147,-0.5069575309753418,147,0.10778030753135681,147,0.0
7248,48,72,0.04500000000000015,-0.6749999999999998,147,-0.5060297250747681,147,0.11978202313184738,147,0.0
7249,49,72,0.015000000000000124,-0.6749999999999998,147,-0.5056807994842529,147,0.13210971653461456,147,0.0
7250,50,72,-0.014999999999999902,-0.6749999999999998,147,-0.5056169033050537,147,0.13750989735126495,147,0.0
7251,51,72,-0.04499999999999993,-0.6749999999999998,147,-0.5059583187103271,147,0.1460055261850357,147,0.0
7252,52,72,-0.07499999999999996,-0.6749999999999998,147,-0.5059583187103271,147,0.17039963603019714,147,0.0
7253,53,72,-0.10499999999999998,-0.6749999999999998,147,-0.5091080665588379,147,0.17581617832183838,147,0.0
7254,54,72,-0.135,-0.6749999999999998,147,-0.5117074251174927,147,0.1481330841779709,147,0.0
7255,55,72,-0.16500000000000004,-0.6749999999999998,147,-0.5125606656074524,147,0.1132180318236351,147,0.0
7256,56,72,-0.19499999999999984,-0.6749999999999998,147,-0.5131162405014038,147,0.07190867513418198,147,0.0
7257,57,72,-0.22499999999999987,-0.6749999999999998,147,-0.5134183168411255,147,0.037949737161397934,147,0.0
7258,58,72,-0.2549999999999999,-0.6749999999999998,147,-0.5134157538414001,147,0.028434524312615395,147,0.0
7259,59,72,-0.2849999999999999,-0.6749999999999998,147,-0.5129744410514832,147,0.02400193177163601,147,0.0
7260,60,72,-0.31499999999999995,-0.6749999999999998,147,-0.5123915672302246,147,0.030181804671883583,147,0.0
7261,61,72,-0.345,-0.6749999999999998,147,-0.511615514755249,147,0.027334311977028847,147,0.0
7262,62,72,-0.375,-0.6749999999999998,147,-0.5111957788467407,147,0.026198402047157288,147,0.0
7263,63,72,-0.405,-0.6749999999999998,147,-0.5111280083656311,147,0.020993748679757118,147,0.0
7264,64,72,-0.43499999999999983,-0.6749999999999998,147,-0.5111039280891418,147,0.019485751166939735,147,0.0
7265,65,72,-0.46499999999999986,-0.6749999999999998,147,-0.5110331177711487,147,0.01926819421350956,147,0.0
7266,66,72,-0.4949999999999999,-0.6749999999999998,147,-0.5111039280891418,147,0.020241737365722656,147,0.0
7267,67,72,-0.5249999999999999,-0.6749999999999998,147,-0.5111054182052612,147,0.023814480751752853,147,0.0
7268,68,72,-0.5549999999999997,-0.6749999999999998,147,-0.5112131237983704,147,0.023937540128827095,147,0.0
7269,69,72,-0.585,-0.6749999999999998,147,-0.5115854144096375,147,0.038495298475027084,147,0.0
7270,70,72,-0.6149999999999998,-0.6749999999999998,147,-0.5130552649497986,147,0.08905206620693207,147,0.0
7271,71,72,-0.645,-0.6749999999999998,147,-0.5170400738716125,147,0.07052421569824219,147,0.0
7272,72,72,-0.6749999999999998,-0.6749999999999998,147,-0.517408013343811,147,0.038635462522506714,147,0.0
7273,73,72,-0.7050000000000001,-0.6749999999999998,147,-0.5181106328964233,147,0.011491775512695312,147,0.0
7274,74,72,-0.7349999999999999,-0.6749999999999998,147,-0.518183171749115,147,0.022593140602111816,147,0.0
7275,75,72,-0.7650000000000001,-0.6749999999999998,147,-0.5182648301124573,147,0.015483698807656765,147,0.0
7276,76,72,-0.7949999999999999,-0.6749999999999998,147,-0.5178688764572144,147,0.020342784002423286,147,0.0
7277,77,72,-0.8249999999999997,-0.6749999999999998,147,-0.5168993473052979,147,0.02143681049346924,147,0.0
7278,78,72,-0.855,-0.6749999999999998,147,-0.5162673592567444,147,0.024429956451058388,147,0.0
7279,79,72,-0.8849999999999998,-0.6749999999999998,147,-0.5153325796127319,147,0.029090046882629395,147,0.0
7280,80,72,-0.915,-0.6749999999999998,147,-0.5142211318016052,147,0.03700302913784981,147,0.0
7281,81,72,-0.9449999999999998,-0.6749999999999998,147,-0.5128390789031982,147,0.029582777991890907,147,0.0
7282,82,72,-0.9750000000000001,-0.6749999999999998,147,-0.5118447542190552,147,0.02193748950958252,147,0.0
7283,83,72,-1.005,-0.6749999999999998,147,-0.5110203623771667,147,0.02029240131378174,147,0.0
7284,84,72,-1.0349999999999997,-0.6749999999999998,147,-0.5099037885665894,147,0.025952663272619247,147,0.0
7285,85,72,-1.065,-0.6749999999999998,147,-0.5085075497627258,147,0.019253971055150032,147,0.0
7286,86,72,-1.0949999999999998,-0.6749999999999998,147,-0.5081954598426819,147,0.0,147,0.0
7287,87,72,-1.125,-0.6749999999999998,147,-0.5081058144569397,147,0.0,147,0.0
7288,88,72,-1.1549999999999998,-0.6749999999999998,103,-0.5078448057174683,147,0.0,147,0.0
7289,89,72,-1.185,-0.6749999999999998,2,-0.5064587593078613,147,0.0,147,0.02199999988079071
7290,90,72,-1.2149999999999999,-0.6749999999999998,0,nan,147,0.0,147,0.02199999988079071
7291,91,72,-1.245,-0.6749999999999998,0,nan,147,0.0,147,0.02199999988079071
7292,92,72,-1.275,-0.6749999999999998,0,nan,147,0.0,147,0.02199999988079071
7293,93,72,-1.3049999999999997,-0.6749999999999998,0,nan,147,0.0,147,0.02199999988079071
7294,94,72,-1.335,-0.6749999999999998,0,nan,147,0.0,147,0.02199999988079071
7295,95,72,-1.3649999999999998,-0.6749999999999998,0,nan,147,0.0,147,0.02199999988079071
7296,96,72,-1.395,-0.6749999999999998,0,nan,147,0.0,147,0.02199999988079071
7297,97,72,-1.4249999999999998,-0.6749999999999998,0,nan,147,0.0,147,0.0
7298,98,72,-1.455,-0.6749999999999998,0,nan,147,0.0,147,0.0
7299,99,72,-1.4849999999999999,-0.6749999999999998,0,nan,147,0.0,147,0.0
7300,0,73,1.485,-0.7050000000000001,0,nan,147,0.0,147,0.0
7301,1,73,1.455,-0.7050000000000001,0,nan,147,0.0,147,0.0
7302,2,73,1.425,-0.7050000000000001,0,nan,147,0.0,147,0.0
7303,3,73,1.395,-0.7050000000000001,0,nan,147,0.0,147,0.02199999988079071
7304,4,73,1.365,-0.7050000000000001,0,nan,147,0.0,147,0.02199999988079071
7305,5,73,1.335,-0.7050000000000001,0,nan,147,0.0,147,0.02199999988079071
7306,6,73,1.305,-0.7050000000000001,0,nan,147,0.0,147,0.02199999988079071
7307,7,73,1.275,-0.7050000000000001,0,nan,147,0.0,147,0.02199999988079071
7308,8,73,1.245,-0.7050000000000001,0,nan,147,0.0,147,0.02199999988079071
7309,9,73,1.215,-0.7050000000000001,0,nan,147,0.0,147,0.02199999988079071
7310,10,73,1.185,-0.7050000000000001,134,-0.7932126224040985,147,0.0,147,0.0
7311,11,73,1.155,-0.7050000000000001,141,-0.7931039333343506,147,0.0,147,0.0
7312,12,73,1.125,-0.7050000000000001,136,-0.7932126224040985,147,0.0,147,0.0
7313,13,73,1.095,-0.7050000000000001,126,-0.7934012413024902,147,0.27609774470329285,147,0.0
7314,14,73,1.065,-0.7050000000000001,138,-0.7762879729270935,147,0.7327291965484619,147,0.0
7315,15,73,1.0350000000000001,-0.7050000000000001,139,-0.744274914264679,147,0.6770364046096802,147,0.0
7316,16,73,1.005,-0.7050000000000001,147,-0.7253811359405518,147,0.5147175192832947,147,0.0
7317,17,73,0.975,-0.7050000000000001,147,-0.721278727054596,147,0.406548410654068,147,0.0
7318,18,73,0.9450000000000001,-0.7050000000000001,147,-0.7064353823661804,147,0.3853827714920044,147,0.0
7319,19,73,0.915,-0.7050000000000001,147,-0.7022557258605957,147,0.2088695764541626,147,0.0
7320,20,73,0.885,-0.7050000000000001,147,-0.6999568343162537,147,0.2969980239868164,147,0.0
7321,21,73,0.855,-0.7050000000000001,147,-0.6737527251243591,147,0.6259481310844421,147,0.0
7322,22,73,0.8250000000000001,-0.7050000000000001,147,-0.629815399646759,147,0.8684297204017639,147,0.10000000149011612
7323,23,73,0.795,-0.7050000000000001,147,-0.5240362882614136,147,0.4547228515148163,147,0.0
7324,24,73,0.765,-0.7050000000000001,147,-0.521519660949707,147,0.1566043496131897,147,0.0
7325,25,73,0.735,-0.7050000000000001,147,-0.5210912823677063,147,0.02458285167813301,147,0.0
7326,26,73,0.7050000000000001,-0.7050000000000001,147,-0.5214506387710571,147,0.0,147,0.0
7327,27,73,0.675,-0.7050000000000001,147,-0.5214506387710571,147,0.0,147,0.0
7328,28,73,0.645,-0.7050000000000001,147,-0.5556251406669617,147,0.08044242858886719,147,0.0
7329,29,73,0.615,-0.7050000000000001,147,-0.5548554062843323,147,0.1345292329788208,147,0.0
7330,30,73,0.5850000000000001,-0.7050000000000001,147,-0.5525070428848267,147,0.042626261711120605,147,0.0
7331,31,73,0.555,-0.7050000000000001,147,-0.5503654479980469,147,0.03750622272491455,147,0.0
7332,32,73,0.525,-0.7050000000000001,147,-0.5503654479980469,147,0.07381638139486313,147,0.0
7333,33,73,0.4950000000000001,-0.7050000000000001,147,-0.5431668758392334,147,0.061835844069719315,147,0.0
7334,34,73,0.4650000000000001,-0.7050000000000001,147,-0.5403446555137634,147,0.06930983066558838,147,0.0
7335,35,73,0.43500000000000005,-0.7050000000000001,147,-0.5203604102134705,147,0.10954936593770981,147,0.0
7336,36,73,0.405,-0.7050000000000001,147,-0.519478976726532,147,0.05258452519774437,147,0.0
7337,37,73,0.375,-0.7050000000000001,147,-0.5186163783073425,147,0.039629142731428146,147,0.0
7338,38,73,0.345,-0.7050000000000001,147,-0.51778244972229,147,0.048149626702070236,147,0.0
7339,39,73,0.31499999999999995,-0.7050000000000001,147,-0.5152854323387146,147,0.062252528965473175,147,0.0
7340,40,73,0.28500000000000014,-0.7050000000000001,147,-0.5139796137809753,147,0.03369095176458359,147,0.0
7341,41,73,0.2550000000000001,-0.7050000000000001,147,-0.5135162472724915,147,0.025118645280599594,147,0.0
7342,42,73,0.2250000000000001,-0.7050000000000001,147,-0.5125924348831177,147,0.039382774382829666,147,0.0
7343,43,73,0.19500000000000006,-0.7050000000000001,147,-0.5120339393615723,147,0.044285256415605545,147,0.0
7344,44,73,0.16500000000000004,-0.7050000000000001,147,-0.5112619996070862,147,0.04940348118543625,147,0.0
7345,45,73,0.135,-0.7050000000000001,147,-0.5108854174613953,147,0.05126473307609558,147,0.0
7346,46,73,0.10499999999999998,-0.7050000000000001,147,-0.5107706189155579,147,0.04964340105652809,147,0.0
7347,47,73,0.07499999999999996,-0.7050000000000001,147,-0.5108845233917236,147,0.05186895653605461,147,0.0
7348,48,73,0.04500000000000015,-0.7050000000000001,147,-0.5107651948928833,147,0.05373557284474373,147,0.0
7349,49,73,0.015000000000000124,-0.7050000000000001,147,-0.5106218457221985,147,0.0537087507545948,147,0.0
7350,50,73,-0.014999999999999902,-0.7050000000000001,147,-0.5106218457221985,147,0.06026526167988777,147,0.0
7351,51,73,-0.04499999999999993,-0.7050000000000001,147,-0.5113351941108704,147,0.0731348991394043,147,0.0
7352,52,73,-0.07499999999999996,-0.7050000000000001,147,-0.5122131109237671,147,0.09489953517913818,147,0.0
7353,53,73,-0.10499999999999998,-0.7050000000000001,147,-0.5129263997077942,147,0.08974219858646393,147,0.0
7354,54,73,-0.135,-0.7050000000000001,147,-0.5137684941291809,147,0.05818009376525879,147,0.0
7355,55,73,-0.16500000000000004,-0.7050000000000001,147,-0.5138728022575378,147,0.04033327475190163,147,0.0
7356,56,73,-0.19499999999999984,-0.7050000000000001,147,-0.5139080882072449,147,0.026849905028939247,147,0.0
7357,57,73,-0.22499999999999987,-0.7050000000000001,147,-0.5140017867088318,147,0.018267830833792686,147,0.0
7358,58,73,-0.2549999999999999,-0.7050000000000001,147,-0.5138276219367981,147,0.016053006052970886,147,0.0
7359,59,73,-0.2849999999999999,-0.7050000000000001,147,-0.5134157538414001,147,0.0161737073212862,147,0.0
7360,60,73,-0.31499999999999995,-0.7050000000000001,147,-0.512898862361908,147,0.02076105587184429,147,0.0
7361,61,73,-0.345,-0.7050000000000001,147,-0.512401282787323,147,0.018281402066349983,147,0.0
7362,62,73,-0.375,-0.7050000000000001,147,-0.5121616721153259,147,0.014318716712296009,147,0.0
7363,63,73,-0.405,-0.7050000000000001,147,-0.5118783712387085,147,0.013036529533565044,147,0.0
7364,64,73,-0.43499999999999983,-0.7050000000000001,147,-0.5118652582168579,147,0.008441011421382427,147,0.0
7365,65,73,-0.46499999999999986,-0.7050000000000001,147,-0.5118652582168579,147,0.0064273676835000515,147,0.0
7366,66,73,-0.4949999999999999,-0.7050000000000001,147,-0.5118652582168579,147,0.008175770752131939,147,0.0
7367,67,73,-0.5249999999999999,-0.7050000000000001,147,-0.5119042992591858,147,0.00969370175153017,147,0.0
7368,68,73,-0.5549999999999997,-0.7050000000000001,147,-0.5120989084243774,147,0.013615687377750874,147,0.0
7369,69,73,-0.585,-0.7050000000000001,147,-0.5123022198677063,147,0.03106919676065445,147,0.0
7370,70,73,-0.6149999999999998,-0.7050000000000001,147,-0.5134048461914062,147,0.08370865136384964,147,0.0
7371,71,73,-0.645,-0.7050000000000001,147,-0.5174912214279175,147,0.06260772794485092,147,0.0
7372,72,73,-0.6749999999999998,-0.7050000000000001,147,-0.517691969871521,147,0.029851993545889854,147,0.0
7373,73,73,-0.7050000000000001,-0.7050000000000001,147,-0.5183008313179016,147,0.008449389599263668,147,0.0
7374,74,73,-0.7349999999999999,-0.7050000000000001,147,-0.5182344913482666,147,0.022593140602111816,147,0.0
7375,75,73,-0.7650000000000001,-0.7050000000000001,147,-0.5182905793190002,147,0.018648305907845497,147,0.0
7376,76,73,-0.7949999999999999,-0.7050000000000001,147,-0.5180966854095459,147,0.019378462806344032,147,0.0
7377,77,73,-0.8249999999999997,-0.7050000000000001,147,-0.5172407627105713,147,0.019568204879760742,147,0.0
7378,78,73,-0.855,-0.7050000000000001,147,-0.5165277719497681,147,0.018022457137703896,147,0.0
7379,79,73,-0.8849999999999998,-0.7050000000000001,147,-0.5159888863563538,147,0.026431679725646973,147,0.0
7380,80,73,-0.915,-0.7050000000000001,147,-0.514656662940979,147,0.040595728904008865,147,0.0
7381,81,73,-0.9449999999999998,-0.7050000000000001,147,-0.5132355690002441,147,0.03019472025334835,147,0.0
7382,82,73,-0.9750000000000001,-0.7050000000000001,147,-0.5118998885154724,147,0.02193748950958252,147,0.0
7383,83,73,-1.005,-0.7050000000000001,147,-0.5110288262367249,147,0.02029240131378174,147,0.0
7384,84,73,-1.0349999999999997,-0.7050000000000001,147,-0.5099037885665894,147,0.024741193279623985,147,0.0
7385,85,73,-1.065,-0.7050000000000001,147,-0.5084806680679321,147,0.017099909484386444,147,0.0
7386,86,73,-1.0949999999999998,-0.7050000000000001,147,-0.5081058144569397,147,0.0,147,0.0
7387,87,73,-1.125,-0.7050000000000001,147,-0.5081058144569397,147,0.0,147,0.0
7388,88,73,-1.1549999999999998,-0.7050000000000001,147,-0.5081058144569397,147,0.0,147,0.0
7389,89,73,-1.185,-0.7050000000000001,115,-0.5081954598426819,147,0.0,147,0.0
7390,90,73,-1.2149999999999999,-0.7050000000000001,0,nan,147,0.0,147,0.02199999988079071
7391,91,73,-1.245,-0.7050000000000001,0,nan,147,0.0,147,0.02199999988079071
7392,92,73,-1.275,-0.7050000000000001,0,nan,147,0.0,147,0.02199999988079071
7393,93,73,-1.3049999999999997,-0.7050000000000001,0,nan,147,0.0,147,0.02199999988079071
7394,94,73,-1.335,-0.7050000000000001,0,nan,147,0.0,147,0.02199999988079071
7395,95,73,-1.3649999999999998,-0.7050000000000001,0,nan,147,0.0,147,0.02199999988079071
7396,96,73,-1.395,-0.7050000000000001,0,nan,147,0.0,147,0.02199999988079071
7397,97,73,-1.4249999999999998,-0.7050000000000001,0,nan,147,0.0,147,0.0
7398,98,73,-1.455,-0.7050000000000001,0,nan,147,0.0,147,0.0
7399,99,73,-1.4849999999999999,-0.7050000000000001,0,nan,147,0.0,147,0.0
7400,0,74,1.485,-0.7349999999999999,0,nan,147,0.0,147,0.0
7401,1,74,1.455,-0.7349999999999999,0,nan,147,0.0,147,0.0
7402,2,74,1.425,-0.7349999999999999,0,nan,147,0.0,147,0.0
7403,3,74,1.395,-0.7349999999999999,0,nan,147,0.0,147,0.02199999988079071
7404,4,74,1.365,-0.7349999999999999,0,nan,147,0.0,147,0.02199999988079071
7405,5,74,1.335,-0.7349999999999999,0,nan,147,0.0,147,0.02199999988079071
7406,6,74,1.305,-0.7349999999999999,0,nan,147,0.0,147,0.02199999988079071
7407,7,74,1.275,-0.7349999999999999,0,nan,147,0.0,147,0.02199999988079071
7408,8,74,1.245,-0.7349999999999999,0,nan,147,0.0,147,0.02199999988079071
7409,9,74,1.215,-0.7349999999999999,0,nan,147,0.0,147,0.02199999988079071
7410,10,74,1.185,-0.7349999999999999,135,-0.7917304635047913,147,0.0,147,0.0
7411,11,74,1.155,-0.7349999999999999,141,-0.7917304635047913,147,0.0,147,0.0
7412,12,74,1.125,-0.7349999999999999,144,-0.7916500270366669,147,0.0,147,0.0
7413,13,74,1.095,-0.7349999999999999,147,-0.7915526628494263,147,0.3152064383029938,147,0.0
7414,14,74,1.065,-0.7349999999999999,147,-0.7755626440048218,147,0.6319999694824219,147,0.0
7415,15,74,1.0350000000000001,-0.7349999999999999,147,-0.7438052296638489,147,0.556237518787384,147,0.0
7416,16,74,1.005,-0.7349999999999999,147,-0.7253811359405518,147,0.0,147,0.0
7417,17,74,0.975,-0.7349999999999999,147,-0.721278727054596,147,0.0,147,0.0
7418,18,74,0.9450000000000001,-0.7349999999999999,147,-0.7064353823661804,147,0.002147753955796361,147,0.0
7419,19,74,0.915,-0.7349999999999999,147,-0.7022557258605957,147,0.0,147,0.0
7420,20,74,0.885,-0.7349999999999999,147,-0.6999568343162537,147,0.05568663403391838,147,0.0
7421,21,74,0.855,-0.7349999999999999,147,-0.6737527251243591,147,0.27855634689331055,147,0.0
7422,22,74,0.8250000000000001,-0.7349999999999999,147,-0.629815399646759,147,0.42008259892463684,147,0.0
7423,23,74,0.795,-0.7349999999999999,147,-0.5240362882614136,147,0.06471375375986099,147,0.0
7424,24,74,0.765,-0.7349999999999999,147,-0.521519660949707,147,0.0,147,0.0
7425,25,74,0.735,-0.7349999999999999,147,-0.5210912823677063,147,0.0,147,0.0
7426,26,74,0.7050000000000001,-0.7349999999999999,147,-0.5214506387710571,147,0.0,147,0.0
7427,27,74,0.675,-0.7349999999999999,147,-0.5214506387710571,147,0.0,147,0.0
7428,28,74,0.645,-0.7349999999999999,147,-0.5556251406669617,147,0.0,147,0.0
7429,29,74,0.615,-0.7349999999999999,147,-0.5548554062843323,147,0.010185440070927143,147,0.0
7430,30,74,0.5850000000000001,-0.7349999999999999,147,-0.5525070428848267,147,0.0,147,0.0
7431,31,74,0.555,-0.7349999999999999,146,-0.5514362454414368,147,0.0,147,0.0
7432,32,74,0.525,-0.7349999999999999,147,-0.5503654479980469,147,0.025408467277884483,147,0.0
7433,33,74,0.4950000000000001,-0.7349999999999999,147,-0.5431668758392334,147,0.014237563125789165,147,0.0
7434,34,74,0.4650000000000001,-0.7349999999999999,147,-0.5403446555137634,147,0.010311603546142578,147,0.0
7435,35,74,0.43500000000000005,-0.7349999999999999,147,-0.5203604102134705,147,0.01717408560216427,147,0.0
7436,36,74,0.405,-0.7349999999999999,147,-0.519478976726532,147,0.01717408560216427,147,0.0
7437,37,74,0.375,-0.7349999999999999,147,-0.5186163783073425,147,0.0011245409259572625,147,0.0
7438,38,74,0.345,-0.7349999999999999,147,-0.51778244972229,147,0.020555654540657997,147,0.0
7439,39,74,0.31499999999999995,-0.7349999999999999,147,-0.5152854323387146,147,0.024942556396126747,147,0.0
7440,40,74,0.28500000000000014,-0.7349999999999999,147,-0.5139796137809753,147,0.0,147,0.0
7441,41,74,0.2550000000000001,-0.7349999999999999,147,-0.5135162472724915,147,0.0,147,0.0
7442,42,74,0.2250000000000001,-0.7349999999999999,147,-0.5125924348831177,147,0.0,147,0.0
7443,43,74,0.19500000000000006,-0.7349999999999999,147,-0.5120339393615723,147,0.0,147,0.0
7444,44,74,0.16500000000000004,-0.7349999999999999,147,-0.5112619996070862,147,0.0,147,0.0
7445,45,74,0.135,-0.7349999999999999,147,-0.5108854174613953,147,0.0,147,0.0
7446,46,74,0.10499999999999998,-0.7349999999999999,147,-0.5107706189155579,147,0.0,147,0.0
7447,47,74,0.07499999999999996,-0.7349999999999999,147,-0.5108845233917236,147,0.0,147,0.0
7448,48,74,0.04500000000000015,-0.7349999999999999,147,-0.5107651948928833,147,0.0,147,0.0
7449,49,74,0.015000000000000124,-0.7349999999999999,147,-0.5106218457221985,147,0.0,147,0.0
7450,50,74,-0.014999999999999902,-0.7349999999999999,147,-0.5106218457221985,147,0.0,147,0.0
7451,51,74,-0.04499999999999993,-0.7349999999999999,147,-0.5113351941108704,147,0.0,147,0.0
7452,52,74,-0.07499999999999996,-0.7349999999999999,147,-0.5122131109237671,147,0.01535614300519228,147,0.0
7453,53,74,-0.10499999999999998,-0.7349999999999999,147,-0.5129263997077942,147,0.009417533874511719,147,0.0
7454,54,74,-0.135,-0.7349999999999999,147,-0.5137684941291809,147,0.0,147,0.0
7455,55,74,-0.16500000000000004,-0.7349999999999999,147,-0.5138728022575378,147,0.0040630497969686985,147,0.0
7456,56,74,-0.19499999999999984,-0.7349999999999999,147,-0.5139080882072449,147,0.0040024518966674805,147,0.0
7457,57,74,-0.22499999999999987,-0.7349999999999999,147,-0.5140017867088318,147,0.00726481294259429,147,0.0
7458,58,74,-0.2549999999999999,-0.7349999999999999,147,-0.5138276219367981,147,0.011241436004638672,147,0.0
7459,59,74,-0.2849999999999999,-0.7349999999999999,147,-0.5134157538414001,147,0.009211897850036621,147,0.0
7460,60,74,-0.31499999999999995,-0.7349999999999999,147,-0.512898862361908,147,0.009279449470341206,147,0.0
7461,61,74,-0.345,-0.7349999999999999,147,-0.512401282787323,147,0.0037660200614482164,147,0.0
7462,62,74,-0.375,-0.7349999999999999,147,-0.5121616721153259,147,0.0,147,0.0
7463,63,74,-0.405,-0.7349999999999999,147,-0.5118783712387085,147,0.0,147,0.0
7464,64,74,-0.43499999999999983,-0.7349999999999999,147,-0.5118652582168579,147,0.0,147,0.0
7465,65,74,-0.46499999999999986,-0.7349999999999999,147,-0.5118652582168579,147,0.0,147,0.0
7466,66,74,-0.4949999999999999,-0.7349999999999999,147,-0.5118652582168579,147,0.0,147,0.0
7467,67,74,-0.5249999999999999,-0.7349999999999999,147,-0.5119042992591858,147,0.0,147,0.0
7468,68,74,-0.5549999999999997,-0.7349999999999999,147,-0.5120989084243774,147,0.0,147,0.0
7469,69,74,-0.585,-0.7349999999999999,147,-0.5123022198677063,147,0.01458923052996397,147,0.0
7470,70,74,-0.6149999999999998,-0.7349999999999999,147,-0.5134048461914062,147,0.08017122745513916,147,0.0
7471,71,74,-0.645,-0.7349999999999999,147,-0.5174912214279175,147,0.05594690516591072,147,0.0
7472,72,74,-0.6749999999999998,-0.7349999999999999,147,-0.517691969871521,147,0.013813376426696777,147,0.0
7473,73,74,-0.7050000000000001,-0.7349999999999999,147,-0.5183008313179016,147,0.0005483627319335938,147,0.0
7474,74,74,-0.7349999999999999,-0.7349999999999999,147,-0.5182344913482666,147,0.01443028450012207,147,0.0
7475,75,74,-0.7650000000000001,-0.7349999999999999,147,-0.5182905793190002,147,0.007047255989164114,147,0.0
7476,76,74,-0.7949999999999999,-0.7349999999999999,147,-0.5180966854095459,147,0.01491208840161562,147,0.0
7477,77,74,-0.8249999999999997,-0.7349999999999999,147,-0.5172407627105713,147,0.012033184058964252,147,0.0
7478,78,74,-0.855,-0.7349999999999999,147,-0.5165277719497681,147,0.0043233237229287624,147,0.0
7479,79,74,-0.8849999999999998,-0.7349999999999999,147,-0.5159888863563538,147,0.0178654994815588,147,0.0
7480,80,74,-0.915,-0.7349999999999999,147,-0.514656662940979,147,0.03710488602519035,147,0.0
7481,81,74,-0.9449999999999998,-0.7349999999999999,147,-0.5132355690002441,147,0.029582777991890907,147,0.0
7482,82,74,-0.9750000000000001,-0.7349999999999999,147,-0.5118998885154724,147,0.019116202369332314,147,0.0
7483,83,74,-1.005,-0.7349999999999999,147,-0.5110288262367249,147,0.016320744529366493,147,0.0
7484,84,74,-1.0349999999999997,-0.7349999999999999,147,-0.5099037885665894,147,0.02327660657465458,147,0.0
7485,85,74,-1.065,-0.7349999999999999,147,-0.5084806680679321,147,0.010434786789119244,147,0.0
7486,86,74,-1.0949999999999998,-0.7349999999999999,147,-0.5081058144569397,147,0.0,147,0.0
7487,87,74,-1.125,-0.7349999999999999,147,-0.5081058144569397,147,0.0,147,0.0
7488,88,74,-1.1549999999999998,-0.7349999999999999,147,-0.5081058144569397,147,0.0,147,0.0
7489,89,74,-1.185,-0.7349999999999999,146,-0.5082064867019653,147,0.0,147,0.0
7490,90,74,-1.2149999999999999,-0.7349999999999999,0,nan,147,0.0,147,0.02199999988079071
7491,91,74,-1.245,-0.7349999999999999,0,nan,147,0.0,147,0.02199999988079071
7492,92,74,-1.275,-0.7349999999999999,0,nan,147,0.0,147,0.02199999988079071
7493,93,74,-1.3049999999999997,-0.7349999999999999,0,nan,147,0.0,147,0.02199999988079071
7494,94,74,-1.335,-0.7349999999999999,0,nan,147,0.0,147,0.02199999988079071
7495,95,74,-1.3649999999999998,-0.7349999999999999,0,nan,147,0.0,147,0.02199999988079071
7496,96,74,-1.395,-0.7349999999999999,0,nan,147,0.0,147,0.02199999988079071
7497,97,74,-1.4249999999999998,-0.7349999999999999,0,nan,147,0.0,147,0.0
7498,98,74,-1.455,-0.7349999999999999,0,nan,147,0.0,147,0.0
7499,99,74,-1.4849999999999999,-0.7349999999999999,0,nan,147,0.0,147,0.0
7500,0,75,1.485,-0.7650000000000001,0,nan,147,0.0,147,0.0
7501,1,75,1.455,-0.7650000000000001,0,nan,147,0.0,147,0.0
7502,2,75,1.425,-0.7650000000000001,0,nan,147,0.0,147,0.0
7503,3,75,1.395,-0.7650000000000001,0,nan,147,0.0,147,0.02199999988079071
7504,4,75,1.365,-0.7650000000000001,0,nan,147,0.0,147,0.02199999988079071
7505,5,75,1.335,-0.7650000000000001,0,nan,147,0.0,147,0.02199999988079071
7506,6,75,1.305,-0.7650000000000001,0,nan,147,0.0,147,0.02199999988079071
7507,7,75,1.275,-0.7650000000000001,0,nan,147,0.0,147,0.02199999988079071
7508,8,75,1.245,-0.7650000000000001,0,nan,147,0.0,147,0.02199999988079071
7509,9,75,1.215,-0.7650000000000001,0,nan,147,0.0,147,0.02199999988079071
7510,10,75,1.185,-0.7650000000000001,133,-0.7916454076766968,147,0.0,147,0.0
7511,11,75,1.155,-0.7650000000000001,146,-0.7915990352630615,147,0.0,147,0.0
7512,12,75,1.125,-0.7650000000000001,147,-0.7915526628494263,147,0.0,147,0.0
7513,13,75,1.095,-0.7650000000000001,147,-0.7915526628494263,147,0.24065475165843964,147,0.0
7514,14,75,1.065,-0.7650000000000001,147,-0.7755626440048218,147,0.6309817433357239,147,0.0
7515,15,75,1.0350000000000001,-0.7650000000000001,147,-0.7438052296638489,147,0.556237518787384,147,0.0
7516,16,75,1.005,-0.7650000000000001,147,-0.7253811359405518,147,0.0,147,0.0
7517,17,75,0.975,-0.7650000000000001,147,-0.721278727054596,147,0.0,147,0.0
7518,18,75,0.9450000000000001,-0.7650000000000001,147,-0.7064353823661804,147,0.002147753955796361,147,0.0
7519,19,75,0.915,-0.7650000000000001,147,-0.7022557258605957,147,0.0,147,0.0
7520,20,75,0.885,-0.7650000000000001,147,-0.6999568343162537,147,0.05568663403391838,147,0.0
7521,21,75,0.855,-0.7650000000000001,147,-0.6737527251243591,147,0.27855634689331055,147,0.0
7522,22,75,0.8250000000000001,-0.7650000000000001,147,-0.629815399646759,147,0.42008259892463684,147,0.0
7523,23,75,0.795,-0.7650000000000001,147,-0.5240362882614136,147,0.06471375375986099,147,0.0
7524,24,75,0.765,-0.7650000000000001,147,-0.521519660949707,147,0.0,147,0.0
7525,25,75,0.735,-0.7650000000000001,147,-0.5210912823677063,147,0.0,147,0.0
7526,26,75,0.7050000000000001,-0.7650000000000001,147,-0.5214506387710571,147,0.0,147,0.0
7527,27,75,0.675,-0.7650000000000001,147,-0.5214506387710571,147,0.0,147,0.0
7528,28,75,0.645,-0.7650000000000001,147,-0.5556251406669617,147,0.0,147,0.0
7529,29,75,0.615,-0.7650000000000001,147,-0.5548554062843323,147,0.010185440070927143,147,0.0
7530,30,75,0.5850000000000001,-0.7650000000000001,146,-0.5527492463588715,147,0.0,147,0.0
7531,31,75,0.555,-0.7650000000000001,147,-0.5503654479980469,147,0.0,147,0.0
7532,32,75,0.525,-0.7650000000000001,147,-0.5503654479980469,147,0.025408467277884483,147,0.0
7533,33,75,0.4950000000000001,-0.7650000000000001,147,-0.5431668758392334,147,0.014237563125789165,147,0.0
7534,34,75,0.4650000000000001,-0.7650000000000001,147,-0.5403446555137634,147,0.010311603546142578,147,0.0
7535,35,75,0.43500000000000005,-0.7650000000000001,147,-0.5203604102134705,147,0.01717408560216427,147,0.0
7536,36,75,0.405,-0.7650000000000001,147,-0.519478976726532,147,0.01717408560216427,147,0.0
7537,37,75,0.375,-0.7650000000000001,147,-0.5186163783073425,147,0.0011245409259572625,147,0.0
7538,38,75,0.345,-0.7650000000000001,147,-0.51778244972229,147,0.020555654540657997,147,0.0
7539,39,75,0.31499999999999995,-0.7650000000000001,147,-0.5152854323387146,147,0.024942556396126747,147,0.0
7540,40,75,0.28500000000000014,-0.7650000000000001,147,-0.5139796137809753,147,0.0,147,0.0
7541,41,75,0.2550000000000001,-0.7650000000000001,147,-0.5135162472724915,147,0.0,147,0.0
7542,42,75,0.2250000000000001,-0.7650000000000001,147,-0.5125924348831177,147,0.0,147,0.0
7543,43,75,0.19500000000000006,-0.7650000000000001,147,-0.5120339393615723,147,0.0,147,0.0
7544,44,75,0.16500000000000004,-0.7650000000000001,147,-0.5112619996070862,147,0.0,147,0.0
7545,45,75,0.135,-0.7650000000000001,147,-0.5108854174613953,147,0.0,147,0.0
7546,46,75,0.10499999999999998,-0.7650000000000001,147,-0.5107706189155579,147,0.0,147,0.0
7547,47,75,0.07499999999999996,-0.7650000000000001,147,-0.5108845233917236,147,0.0,147,0.0
7548,48,75,0.04500000000000015,-0.7650000000000001,147,-0.5107651948928833,147,0.0,147,0.0
7549,49,75,0.015000000000000124,-0.7650000000000001,147,-0.5106218457221985,147,0.0,147,0.0
7550,50,75,-0.014999999999999902,-0.7650000000000001,147,-0.5106218457221985,147,0.0,147,0.0
7551,51,75,-0.04499999999999993,-0.7650000000000001,147,-0.5113351941108704,147,0.0,147,0.0
7552,52,75,-0.07499999999999996,-0.7650000000000001,147,-0.5122131109237671,147,0.01535614300519228,147,0.0
7553,53,75,-0.10499999999999998,-0.7650000000000001,147,-0.5129263997077942,147,0.009417533874511719,147,0.0
7554,54,75,-0.135,-0.7650000000000001,147,-0.5137684941291809,147,0.0,147,0.0
7555,55,75,-0.16500000000000004,-0.7650000000000001,147,-0.5138728022575378,147,0.0040630497969686985,147,0.0
7556,56,75,-0.19499999999999984,-0.7650000000000001,147,-0.5139080882072449,147,0.0040024518966674805,147,0.0
7557,57,75,-0.22499999999999987,-0.7650000000000001,147,-0.5140017867088318,147,0.00726481294259429,147,0.0
7558,58,75,-0.2549999999999999,-0.7650000000000001,147,-0.5138276219367981,147,0.011241436004638672,147,0.0
7559,59,75,-0.2849999999999999,-0.7650000000000001,147,-0.5134157538414001,147,0.009211897850036621,147,0.0
7560,60,75,-0.31499999999999995,-0.7650000000000001,147,-0.512898862361908,147,0.009279449470341206,147,0.0
7561,61,75,-0.345,-0.7650000000000001,147,-0.512401282787323,147,0.0037660200614482164,147,0.0
7562,62,75,-0.375,-0.7650000000000001,147,-0.5121616721153259,147,0.0,147,0.0
7563,63,75,-0.405,-0.7650000000000001,147,-0.5118783712387085,147,0.0,147,0.0
7564,64,75,-0.43499999999999983,-0.7650000000000001,147,-0.5118652582168579,147,0.0,147,0.0
7565,65,75,-0.46499999999999986,-0.7650000000000001,147,-0.5118652582168579,147,0.0,147,0.0
7566,66,75,-0.4949999999999999,-0.7650000000000001,147,-0.5118652582168579,147,0.0,147,0.0
7567,67,75,-0.5249999999999999,-0.7650000000000001,147,-0.5119042992591858,147,0.0,147,0.0
7568,68,75,-0.5549999999999997,-0.7650000000000001,147,-0.5120989084243774,147,0.0,147,0.0
7569,69,75,-0.585,-0.7650000000000001,147,-0.5123022198677063,147,0.01458923052996397,147,0.0
7570,70,75,-0.6149999999999998,-0.7650000000000001,147,-0.5134048461914062,147,0.08017122745513916,147,0.0
7571,71,75,-0.645,-0.7650000000000001,147,-0.5174912214279175,147,0.05594690516591072,147,0.0
7572,72,75,-0.6749999999999998,-0.7650000000000001,147,-0.517691969871521,147,0.013813376426696777,147,0.0
7573,73,75,-0.7050000000000001,-0.7650000000000001,147,-0.5183008313179016,147,0.0005483627319335938,147,0.0
7574,74,75,-0.7349999999999999,-0.7650000000000001,147,-0.5182344913482666,147,0.01443028450012207,147,0.0
7575,75,75,-0.7650000000000001,-0.7650000000000001,147,-0.5182905793190002,147,0.007047255989164114,147,0.0
7576,76,75,-0.7949999999999999,-0.7650000000000001,147,-0.5180966854095459,147,0.01491208840161562,147,0.0
7577,77,75,-0.8249999999999997,-0.7650000000000001,147,-0.5172407627105713,147,0.012033184058964252,147,0.0
7578,78,75,-0.855,-0.7650000000000001,147,-0.5165277719497681,147,0.0043233237229287624,147,0.0
7579,79,75,-0.8849999999999998,-0.7650000000000001,147,-0.5159888863563538,147,0.0178654994815588,147,0.0
7580,80,75,-0.915,-0.7650000000000001,147,-0.514656662940979,147,0.03710488602519035,147,0.0
7581,81,75,-0.9449999999999998,-0.7650000000000001,147,-0.5132355690002441,147,0.029582777991890907,147,0.0
7582,82,75,-0.9750000000000001,-0.7650000000000001,147,-0.5118998885154724,147,0.019116202369332314,147,0.0
7583,83,75,-1.005,-0.7650000000000001,147,-0.5110288262367249,147,0.016320744529366493,147,0.0
7584,84,75,-1.0349999999999997,-0.7650000000000001,147,-0.5099037885665894,147,0.02327660657465458,147,0.0
7585,85,75,-1.065,-0.7650000000000001,147,-0.5084806680679321,147,0.010434786789119244,147,0.0
7586,86,75,-1.0949999999999998,-0.7650000000000001,147,-0.5081058144569397,147,0.0,147,0.0
7587,87,75,-1.125,-0.7650000000000001,147,-0.5081058144569397,147,0.0,147,0.0
7588,88,75,-1.1549999999999998,-0.7650000000000001,147,-0.5081058144569397,147,0.0,147,0.0
7589,89,75,-1.185,-0.7650000000000001,146,-0.5081506371498108,147,0.0,147,0.0
7590,90,75,-1.2149999999999999,-0.7650000000000001,0,nan,147,0.0,147,0.02199999988079071
7591,91,75,-1.245,-0.7650000000000001,0,nan,147,0.0,147,0.02199999988079071
7592,92,75,-1.275,-0.7650000000000001,0,nan,147,0.0,147,0.02199999988079071
7593,93,75,-1.3049999999999997,-0.7650000000000001,0,nan,147,0.0,147,0.02199999988079071
7594,94,75,-1.335,-0.7650000000000001,0,nan,147,0.0,147,0.02199999988079071
7595,95,75,-1.3649999999999998,-0.7650000000000001,0,nan,147,0.0,147,0.02199999988079071
7596,96,75,-1.395,-0.7650000000000001,0,nan,147,0.0,147,0.02199999988079071
7597,97,75,-1.4249999999999998,-0.7650000000000001,0,nan,147,0.0,147,0.0
7598,98,75,-1.455,-0.7650000000000001,0,nan,147,0.0,147,0.0
7599,99,75,-1.4849999999999999,-0.7650000000000001,0,nan,147,0.0,147,0.0
7600,0,76,1.485,-0.7949999999999999,0,nan,147,0.0,147,0.0
7601,1,76,1.455,-0.7949999999999999,0,nan,147,0.0,147,0.0
7602,2,76,1.425,-0.7949999999999999,0,nan,147,0.0,147,0.0
7603,3,76,1.395,-0.7949999999999999,0,nan,147,0.0,147,0.02199999988079071
7604,4,76,1.365,-0.7949999999999999,0,nan,147,0.0,147,0.02199999988079071
7605,5,76,1.335,-0.7949999999999999,0,nan,147,0.0,147,0.02199999988079071
7606,6,76,1.305,-0.7949999999999999,0,nan,147,0.0,147,0.02199999988079071
7607,7,76,1.275,-0.7949999999999999,0,nan,147,0.0,147,0.02199999988079071
7608,8,76,1.245,-0.7949999999999999,0,nan,147,0.0,147,0.02199999988079071
7609,9,76,1.215,-0.7949999999999999,0,nan,147,0.0,147,0.02199999988079071
7610,10,76,1.185,-0.7949999999999999,85,-0.791654646396637,147,0.0,147,0.0
7611,11,76,1.155,-0.7949999999999999,141,-0.791214108467102,147,0.0,147,0.0
7612,12,76,1.125,-0.7949999999999999,146,-0.7914688289165497,147,0.0,147,0.0
7613,13,76,1.095,-0.7949999999999999,145,-0.7914861440658569,147,0.18562693893909454,147,0.0
7614,14,76,1.065,-0.7949999999999999,146,-0.7758033275604248,147,0.46935251355171204,147,0.0
7615,15,76,1.0350000000000001,-0.7949999999999999,147,-0.7438052296638489,147,0.43974435329437256,147,0.0
7616,16,76,1.005,-0.7949999999999999,147,-0.7253811359405518,147,0.0,147,0.0
7617,17,76,0.975,-0.7949999999999999,147,-0.721278727054596,147,0.0,147,0.0
7618,18,76,0.9450000000000001,-0.7949999999999999,147,-0.7064353823661804,147,0.0016979486681520939,147,0.0
7619,19,76,0.915,-0.7949999999999999,147,-0.7022557258605957,147,0.0,147,0.0
7620,20,76,0.885,-0.7949999999999999,147,-0.6999568343162537,147,0.04402414709329605,147,0.0
7621,21,76,0.855,-0.7949999999999999,146,-0.675713062286377,147,0.20268164575099945,147,0.0
7622,22,76,0.8250000000000001,-0.7949999999999999,146,-0.6295181512832642,147,0.3108827769756317,147,0.0
7623,23,76,0.795,-0.7949999999999999,146,-0.5585042834281921,147,0.048986565321683884,147,0.0
7624,24,76,0.765,-0.7949999999999999,146,-0.5214906334877014,147,0.0,147,0.0
7625,25,76,0.735,-0.7949999999999999,146,-0.5212709605693817,147,0.0,147,0.0
7626,26,76,0.7050000000000001,-0.7949999999999999,146,-0.5214561223983765,147,0.0,147,0.0
7627,27,76,0.675,-0.7949999999999999,147,-0.5214506387710571,147,0.0,147,0.0
7628,28,76,0.645,-0.7949999999999999,147,-0.5556251406669617,147,0.0,147,0.0
7629,29,76,0.615,-0.7949999999999999,147,-0.5548554062843323,147,0.008052297867834568,147,0.0
7630,30,76,0.5850000000000001,-0.7949999999999999,146,-0.5527492463588715,147,0.0,147,0.0
7631,31,76,0.555,-0.7949999999999999,146,-0.5514362454414368,147,0.0,147,0.0
7632,32,76,0.525,-0.7949999999999999,146,-0.5514362454414368,147,0.02008715644478798,147,0.0
7633,33,76,0.4950000000000001,-0.7949999999999999,145,-0.5443406701087952,147,0.009605740197002888,147,0.0
7634,34,76,0.4650000000000001,-0.7949999999999999,144,-0.541425347328186,147,0.008152038790285587,147,0.0
7635,35,76,0.43500000000000005,-0.7949999999999999,146,-0.5203872919082642,147,0.012367065995931625,147,0.0
7636,36,76,0.405,-0.7949999999999999,146,-0.5194792747497559,147,0.012886188924312592,147,0.0
7637,37,76,0.375,-0.7949999999999999,147,-0.5186163783073425,147,0.0008890276658348739,147,0.0
7638,38,76,0.345,-0.7949999999999999,147,-0.51778244972229,147,0.016250671818852425,147,0.0
7639,39,76,0.31499999999999995,-0.7949999999999999,147,-0.5152854323387146,147,0.019718822091817856,147,0.0
7640,40,76,0.28500000000000014,-0.7949999999999999,147,-0.5139796137809753,147,0.0,147,0.0
7641,41,76,0.2550000000000001,-0.7949999999999999,147,-0.5135162472724915,147,0.0,147,0.0
7642,42,76,0.2250000000000001,-0.7949999999999999,147,-0.5125924348831177,147,0.0,147,0.0
7643,43,76,0.19500000000000006,-0.7949999999999999,147,-0.5120339393615723,147,0.0,147,0.0
7644,44,76,0.16500000000000004,-0.7949999999999999,147,-0.5112619996070862,147,0.0,147,0.0
7645,45,76,0.135,-0.7949999999999999,147,-0.5108854174613953,147,0.0,147,0.0
7646,46,76,0.10499999999999998,-0.7949999999999999,147,-0.5107706189155579,147,0.0,147,0.0
7647,47,76,0.07499999999999996,-0.7949999999999999,147,-0.5108845233917236,147,0.0,147,0.0
7648,48,76,0.04500000000000015,-0.7949999999999999,147,-0.5107651948928833,147,0.0,147,0.0
7649,49,76,0.015000000000000124,-0.7949999999999999,147,-0.5106218457221985,147,0.0,147,0.0
7650,50,76,-0.014999999999999902,-0.7949999999999999,147,-0.5106218457221985,147,0.0,147,0.0
7651,51,76,-0.04499999999999993,-0.7949999999999999,147,-0.5113351941108704,147,0.0,147,0.0
7652,52,76,-0.07499999999999996,-0.7949999999999999,147,-0.5122131109237671,147,0.012088263407349586,147,0.0
7653,53,76,-0.10499999999999998,-0.7949999999999999,147,-0.5129263997077942,147,0.007445214316248894,147,0.0
7654,54,76,-0.135,-0.7949999999999999,147,-0.5137684941291809,147,0.002329378155991435,147,0.0
7655,55,76,-0.16500000000000004,-0.7949999999999999,147,-0.5138728022575378,147,0.00321212294511497,147,0.0
7656,56,76,-0.19499999999999984,-0.7949999999999999,147,-0.5139080882072449,147,0.0031642159447073936,147,0.0
7657,57,76,-0.22499999999999987,-0.7949999999999999,147,-0.5140017867088318,147,0.006190208718180656,147,0.0
7658,58,76,-0.2549999999999999,-0.7949999999999999,147,-0.5138276219367981,147,0.00940684974193573,147,0.0
7659,59,76,-0.2849999999999999,-0.7949999999999999,147,-0.5134157538414001,147,0.008889536373317242,147,0.0
7660,60,76,-0.31499999999999995,-0.7949999999999999,147,-0.512898862361908,147,0.007419297471642494,147,0.0
7661,61,76,-0.345,-0.7949999999999999,147,-0.512401282787323,147,0.0032396106980741024,147,0.0
7662,62,76,-0.375,-0.7949999999999999,147,-0.5121616721153259,147,0.0,147,0.0
7663,63,76,-0.405,-0.7949999999999999,147,-0.5118783712387085,147,0.0,147,0.0
7664,64,76,-0.43499999999999983,-0.7949999999999999,147,-0.5118652582168579,147,0.0,147,0.0
7665,65,76,-0.46499999999999986,-0.7949999999999999,147,-0.5118652582168579,147,0.0,147,0.0
7666,66,76,-0.4949999999999999,-0.7949999999999999,147,-0.5118652582168579,147,0.0,147,0.0
7667,67,76,-0.5249999999999999,-0.7949999999999999,147,-0.5119042992591858,147,0.0,147,0.0
7668,68,76,-0.5549999999999997,-0.7949999999999999,147,-0.5120989084243774,147,0.0,147,0.0
7669,69,76,-0.585,-0.7949999999999999,147,-0.5123022198677063,147,0.011533799581229687,147,0.0
7670,70,76,-0.6149999999999998,-0.7949999999999999,147,-0.5134048461914062,147,0.06311910599470139,147,0.0
7671,71,76,-0.645,-0.7949999999999999,147,-0.5174912214279175,147,0.04571738466620445,147,0.0
7672,72,76,-0.6749999999999998,-0.7949999999999999,147,-0.517691969871521,147,0.010920433327555656,147,0.0
7673,73,76,-0.7050000000000001,-0.7949999999999999,147,-0.5183008313179016,147,0.004817399196326733,147,0.0
7674,74,76,-0.7349999999999999,-0.7949999999999999,147,-0.5182344913482666,147,0.01443884614855051,147,0.0
7675,75,76,-0.7650000000000001,-0.7949999999999999,147,-0.5182905793190002,147,0.011408141814172268,147,0.0
7676,76,76,-0.7949999999999999,-0.7949999999999999,147,-0.5180966854095459,147,0.014054019935429096,147,0.0
7677,77,76,-0.8249999999999997,-0.7949999999999999,147,-0.5172407627105713,147,0.009513067081570625,147,0.0
7678,78,76,-0.855,-0.7949999999999999,147,-0.5165277719497681,147,0.004415294621139765,147,0.0
7679,79,76,-0.8849999999999998,-0.7949999999999999,147,-0.5159888863563538,147,0.014123916625976562,147,0.0
7680,80,76,-0.915,-0.7949999999999999,147,-0.514656662940979,147,0.029333986341953278,147,0.0
7681,81,76,-0.9449999999999998,-0.7949999999999999,147,-0.5132355690002441,147,0.0233872402459383,147,0.0
7682,82,76,-0.9750000000000001,-0.7949999999999999,147,-0.5118998885154724,147,0.015112685039639473,147,0.0
7683,83,76,-1.005,-0.7949999999999999,147,-0.5110288262367249,147,0.012902681715786457,147,0.0
7684,84,76,-1.0349999999999997,-0.7949999999999999,147,-0.5099037885665894,147,0.01933949440717697,147,0.0
7685,85,76,-1.065,-0.7949999999999999,147,-0.5084806680679321,147,0.00824942346662283,147,0.0
7686,86,76,-1.0949999999999998,-0.7949999999999999,147,-0.5081058144569397,147,0.0,147,0.0
7687,87,76,-1.125,-0.7949999999999999,146,-0.5081506371498108,147,0.0,147,0.0
7688,88,76,-1.1549999999999998,-0.7949999999999999,144,-0.5082064867019653,147,0.0,147,0.0
7689,89,76,-1.185,-0.7949999999999999,123,-0.5085304975509644,147,0.0,147,0.0
7690,90,76,-1.2149999999999999,-0.7949999999999999,0,nan,147,0.0,147,0.02199999988079071
7691,91,76,-1.245,-0.7949999999999999,0,nan,147,0.0,147,0.02199999988079071
7692,92,76,-1.275,-0.7949999999999999,0,nan,147,0.0,147,0.02199999988079071
7693,93,76,-1.3049999999999997,-0.7949999999999999,0,nan,147,0.0,147,0.02199999988079071
7694,94,76,-1.335,-0.7949999999999999,0,nan,147,0.0,147,0.02199999988079071
7695,95,76,-1.3649999999999998,-0.7949999999999999,0,nan,147,0.0,147,0.02199999988079071
7696,96,76,-1.395,-0.7949999999999999,0,nan,147,0.0,147,0.02199999988079071
7697,97,76,-1.4249999999999998,-0.7949999999999999,0,nan,147,0.0,147,0.0
7698,98,76,-1.455,-0.7949999999999999,0,nan,147,0.0,147,0.0
7699,99,76,-1.4849999999999999,-0.7949999999999999,0,nan,147,0.0,147,0.0
7700,0,77,1.485,-0.8249999999999997,0,nan,147,0.0,147,0.0
7701,1,77,1.455,-0.8249999999999997,0,nan,147,0.0,147,0.0
7702,2,77,1.425,-0.8249999999999997,0,nan,147,0.0,147,0.0
7703,3,77,1.395,-0.8249999999999997,0,nan,147,0.0,147,0.02199999988079071
7704,4,77,1.365,-0.8249999999999997,0,nan,147,0.0,147,0.02199999988079071
7705,5,77,1.335,-0.8249999999999997,0,nan,147,0.0,147,0.02199999988079071
7706,6,77,1.305,-0.8249999999999997,0,nan,147,0.0,147,0.02199999988079071
7707,7,77,1.275,-0.8249999999999997,0,nan,147,0.0,147,0.02199999988079071
7708,8,77,1.245,-0.8249999999999997,0,nan,147,0.0,147,0.02199999988079071
7709,9,77,1.215,-0.8249999999999997,0,nan,147,0.0,147,0.02199999988079071
7710,10,77,1.185,-0.8249999999999997,0,nan,147,0.0,147,0.02199999988079071
7711,11,77,1.155,-0.8249999999999997,0,nan,147,0.0,147,0.02199999988079071
7712,12,77,1.125,-0.8249999999999997,0,nan,147,0.0,147,0.02199999988079071
7713,13,77,1.095,-0.8249999999999997,0,nan,147,0.0,147,0.02199999988079071
7714,14,77,1.065,-0.8249999999999997,0,nan,147,0.0,147,0.02199999988079071
7715,15,77,1.0350000000000001,-0.8249999999999997,0,nan,147,0.0,147,0.02199999988079071
7716,16,77,1.005,-0.8249999999999997,0,nan,147,0.0,147,0.02199999988079071
7717,17,77,0.975,-0.8249999999999997,0,nan,147,0.0,147,0.02199999988079071
7718,18,77,0.9450000000000001,-0.8249999999999997,0,nan,147,0.0,147,0.02199999988079071
7719,19,77,0.915,-0.8249999999999997,0,nan,147,0.0,147,0.02199999988079071
7720,20,77,0.885,-0.8249999999999997,0,nan,147,0.0,147,0.02199999988079071
7721,21,77,0.855,-0.8249999999999997,0,nan,147,0.0,147,0.02199999988079071
7722,22,77,0.8250000000000001,-0.8249999999999997,0,nan,147,0.0,147,0.02199999988079071
7723,23,77,0.795,-0.8249999999999997,0,nan,147,0.0,147,0.02199999988079071
7724,24,77,0.765,-0.8249999999999997,0,nan,147,0.0,147,0.02199999988079071
7725,25,77,0.735,-0.8249999999999997,0,nan,147,0.0,147,0.02199999988079071
7726,26,77,0.7050000000000001,-0.8249999999999997,0,nan,147,0.0,147,0.02199999988079071
7727,27,77,0.675,-0.8249999999999997,0,nan,147,0.0,147,0.02199999988079071
7728,28,77,0.645,-0.8249999999999997,0,nan,147,0.0,147,0.02199999988079071
7729,29,77,0.615,-0.8249999999999997,0,nan,147,0.0,147,0.02199999988079071
7730,30,77,0.5850000000000001,-0.8249999999999997,0,nan,147,0.0,147,0.02199999988079071
7731,31,77,0.555,-0.8249999999999997,0,nan,147,0.0,147,0.02199999988079071
7732,32,77,0.525,-0.8249999999999997,0,nan,147,0.0,147,0.02199999988079071
7733,33,77,0.4950000000000001,-0.8249999999999997,0,nan,147,0.0,147,0.02199999988079071
7734,34,77,0.4650000000000001,-0.8249999999999997,0,nan,147,0.0,147,0.02199999988079071
7735,35,77,0.43500000000000005,-0.8249999999999997,0,nan,147,0.0,147,0.02199999988079071
7736,36,77,0.405,-0.8249999999999997,0,nan,147,0.0,147,0.02199999988079071
7737,37,77,0.375,-0.8249999999999997,0,nan,147,0.0,147,0.02199999988079071
7738,38,77,0.345,-0.8249999999999997,0,nan,147,0.0,147,0.02199999988079071
7739,39,77,0.31499999999999995,-0.8249999999999997,0,nan,147,0.0,147,0.02199999988079071
7740,40,77,0.28500000000000014,-0.8249999999999997,0,nan,147,0.0,147,0.02199999988079071
7741,41,77,0.2550000000000001,-0.8249999999999997,0,nan,147,0.0,147,0.02199999988079071
7742,42,77,0.2250000000000001,-0.8249999999999997,0,nan,147,0.0,147,0.02199999988079071
7743,43,77,0.19500000000000006,-0.8249999999999997,0,nan,147,0.0,147,0.02199999988079071
7744,44,77,0.16500000000000004,-0.8249999999999997,0,nan,147,0.0,147,0.02199999988079071
7745,45,77,0.135,-0.8249999999999997,0,nan,147,0.0,147,0.02199999988079071
7746,46,77,0.10499999999999998,-0.8249999999999997,0,nan,147,0.0,147,0.02199999988079071
7747,47,77,0.07499999999999996,-0.8249999999999997,0,nan,147,0.0,147,0.02199999988079071
7748,48,77,0.04500000000000015,-0.8249999999999997,0,nan,147,0.0,147,0.02199999988079071
7749,49,77,0.015000000000000124,-0.8249999999999997,0,nan,147,0.0,147,0.02199999988079071
7750,50,77,-0.014999999999999902,-0.8249999999999997,0,nan,147,0.0,147,0.02199999988079071
7751,51,77,-0.04499999999999993,-0.8249999999999997,0,nan,147,0.0,147,0.02199999988079071
7752,52,77,-0.07499999999999996,-0.8249999999999997,0,nan,147,0.0,147,0.02199999988079071
7753,53,77,-0.10499999999999998,-0.8249999999999997,0,nan,147,0.0,147,0.02199999988079071
7754,54,77,-0.135,-0.8249999999999997,0,nan,147,0.0,147,0.02199999988079071
7755,55,77,-0.16500000000000004,-0.8249999999999997,0,nan,147,0.0,147,0.02199999988079071
7756,56,77,-0.19499999999999984,-0.8249999999999997,0,nan,147,0.0,147,0.02199999988079071
7757,57,77,-0.22499999999999987,-0.8249999999999997,0,nan,147,0.0,147,0.02199999988079071
7758,58,77,-0.2549999999999999,-0.8249999999999997,0,nan,147,0.0,147,0.02199999988079071
7759,59,77,-0.2849999999999999,-0.8249999999999997,0,nan,147,0.0,147,0.02199999988079071
7760,60,77,-0.31499999999999995,-0.8249999999999997,0,nan,147,0.0,147,0.02199999988079071
7761,61,77,-0.345,-0.8249999999999997,0,nan,147,0.0,147,0.02199999988079071
7762,62,77,-0.375,-0.8249999999999997,0,nan,147,0.0,147,0.02199999988079071
7763,63,77,-0.405,-0.8249999999999997,0,nan,147,0.0,147,0.02199999988079071
7764,64,77,-0.43499999999999983,-0.8249999999999997,0,nan,147,0.0,147,0.02199999988079071
7765,65,77,-0.46499999999999986,-0.8249999999999997,0,nan,147,0.0,147,0.02199999988079071
7766,66,77,-0.4949999999999999,-0.8249999999999997,0,nan,147,0.0,147,0.02199999988079071
7767,67,77,-0.5249999999999999,-0.8249999999999997,0,nan,147,0.0,147,0.02199999988079071
7768,68,77,-0.5549999999999997,-0.8249999999999997,0,nan,147,0.0,147,0.02199999988079071
7769,69,77,-0.585,-0.8249999999999997,0,nan,147,0.0,147,0.02199999988079071
7770,70,77,-0.6149999999999998,-0.8249999999999997,0,nan,147,0.0,147,0.02199999988079071
7771,71,77,-0.645,-0.8249999999999997,0,nan,147,0.0,147,0.02199999988079071
7772,72,77,-0.6749999999999998,-0.8249999999999997,0,nan,147,0.0,147,0.02199999988079071
7773,73,77,-0.7050000000000001,-0.8249999999999997,0,nan,147,0.0,147,0.02199999988079071
7774,74,77,-0.7349999999999999,-0.8249999999999997,0,nan,147,0.0,147,0.02199999988079071
7775,75,77,-0.7650000000000001,-0.8249999999999997,0,nan,147,0.0,147,0.02199999988079071
7776,76,77,-0.7949999999999999,-0.8249999999999997,0,nan,147,0.0,147,0.02199999988079071
7777,77,77,-0.8249999999999997,-0.8249999999999997,0,nan,147,0.0,147,0.02199999988079071
7778,78,77,-0.855,-0.8249999999999997,0,nan,147,0.0,147,0.02199999988079071
7779,79,77,-0.8849999999999998,-0.8249999999999997,0,nan,147,0.0,147,0.02199999988079071
7780,80,77,-0.915,-0.8249999999999997,0,nan,147,0.0,147,0.02199999988079071
7781,81,77,-0.9449999999999998,-0.8249999999999997,0,nan,147,0.0,147,0.02199999988079071
7782,82,77,-0.9750000000000001,-0.8249999999999997,0,nan,147,0.0,147,0.02199999988079071
7783,83,77,-1.005,-0.8249999999999997,0,nan,147,0.0,147,0.02199999988079071
7784,84,77,-1.0349999999999997,-0.8249999999999997,0,nan,147,0.0,147,0.02199999988079071
7785,85,77,-1.065,-0.8249999999999997,0,nan,147,0.0,147,0.02199999988079071
7786,86,77,-1.0949999999999998,-0.8249999999999997,0,nan,147,0.0,147,0.02199999988079071
7787,87,77,-1.125,-0.8249999999999997,0,nan,147,0.0,147,0.02199999988079071
7788,88,77,-1.1549999999999998,-0.8249999999999997,0,nan,147,0.0,147,0.02199999988079071
7789,89,77,-1.185,-0.8249999999999997,0,nan,147,0.0,147,0.02199999988079071
7790,90,77,-1.2149999999999999,-0.8249999999999997,0,nan,147,0.0,147,0.02199999988079071
7791,91,77,-1.245,-0.8249999999999997,0,nan,147,0.0,147,0.02199999988079071
7792,92,77,-1.275,-0.8249999999999997,0,nan,147,0.0,147,0.02199999988079071
7793,93,77,-1.3049999999999997,-0.8249999999999997,0,nan,147,0.0,147,0.02199999988079071
7794,94,77,-1.335,-0.8249999999999997,0,nan,147,0.0,147,0.02199999988079071
7795,95,77,-1.3649999999999998,-0.8249999999999997,0,nan,147,0.0,147,0.02199999988079071
7796,96,77,-1.395,-0.8249999999999997,0,nan,147,0.0,147,0.02199999988079071
7797,97,77,-1.4249999999999998,-0.8249999999999997,0,nan,147,0.0,147,0.0
7798,98,77,-1.455,-0.8249999999999997,0,nan,147,0.0,147,0.0
7799,99,77,-1.4849999999999999,-0.8249999999999997,0,nan,147,0.0,147,0.0
7800,0,78,1.485,-0.855,0,nan,147,0.0,147,0.0
7801,1,78,1.455,-0.855,0,nan,147,0.0,147,0.0
7802,2,78,1.425,-0.855,0,nan,147,0.0,147,0.0
7803,3,78,1.395,-0.855,0,nan,147,0.0,147,0.02199999988079071
7804,4,78,1.365,-0.855,0,nan,147,0.0,147,0.02199999988079071
7805,5,78,1.335,-0.855,0,nan,147,0.0,147,0.02199999988079071
7806,6,78,1.305,-0.855,0,nan,147,0.0,147,0.02199999988079071
7807,7,78,1.275,-0.855,0,nan,147,0.0,147,0.02199999988079071
7808,8,78,1.245,-0.855,0,nan,147,0.0,147,0.02199999988079071
7809,9,78,1.215,-0.855,0,nan,147,0.0,147,0.02199999988079071
7810,10,78,1.185,-0.855,0,nan,147,0.0,147,0.02199999988079071
7811,11,78,1.155,-0.855,0,nan,147,0.0,147,0.02199999988079071
7812,12,78,1.125,-0.855,0,nan,147,0.0,147,0.02199999988079071
7813,13,78,1.095,-0.855,0,nan,147,0.0,147,0.02199999988079071
7814,14,78,1.065,-0.855,0,nan,147,0.0,147,0.02199999988079071
7815,15,78,1.0350000000000001,-0.855,0,nan,147,0.0,147,0.02199999988079071
7816,16,78,1.005,-0.855,0,nan,147,0.0,147,0.02199999988079071
7817,17,78,0.975,-0.855,0,nan,147,0.0,147,0.02199999988079071
7818,18,78,0.9450000000000001,-0.855,0,nan,147,0.0,147,0.02199999988079071
7819,19,78,0.915,-0.855,0,nan,147,0.0,147,0.02199999988079071
7820,20,78,0.885,-0.855,0,nan,147,0.0,147,0.02199999988079071
7821,21,78,0.855,-0.855,0,nan,147,0.0,147,0.02199999988079071
7822,22,78,0.8250000000000001,-0.855,0,nan,147,0.0,147,0.02199999988079071
7823,23,78,0.795,-0.855,0,nan,147,0.0,147,0.02199999988079071
7824,24,78,0.765,-0.855,0,nan,147,0.0,147,0.02199999988079071
7825,25,78,0.735,-0.855,0,nan,147,0.0,147,0.02199999988079071
7826,26,78,0.7050000000000001,-0.855,0,nan,147,0.0,147,0.02199999988079071
7827,27,78,0.675,-0.855,0,nan,147,0.0,147,0.02199999988079071
7828,28,78,0.645,-0.855,0,nan,147,0.0,147,0.02199999988079071
7829,29,78,0.615,-0.855,0,nan,147,0.0,147,0.02199999988079071
7830,30,78,0.5850000000000001,-0.855,0,nan,147,0.0,147,0.02199999988079071
7831,31,78,0.555,-0.855,0,nan,147,0.0,147,0.02199999988079071
7832,32,78,0.525,-0.855,0,nan,147,0.0,147,0.02199999988079071
7833,33,78,0.4950000000000001,-0.855,0,nan,147,0.0,147,0.02199999988079071
7834,34,78,0.4650000000000001,-0.855,0,nan,147,0.0,147,0.02199999988079071
7835,35,78,0.43500000000000005,-0.855,0,nan,147,0.0,147,0.02199999988079071
7836,36,78,0.405,-0.855,0,nan,147,0.0,147,0.02199999988079071
7837,37,78,0.375,-0.855,0,nan,147,0.0,147,0.02199999988079071
7838,38,78,0.345,-0.855,0,nan,147,0.0,147,0.02199999988079071
7839,39,78,0.31499999999999995,-0.855,0,nan,147,0.0,147,0.02199999988079071
7840,40,78,0.28500000000000014,-0.855,0,nan,147,0.0,147,0.02199999988079071
7841,41,78,0.2550000000000001,-0.855,0,nan,147,0.0,147,0.02199999988079071
7842,42,78,0.2250000000000001,-0.855,0,nan,147,0.0,147,0.02199999988079071
7843,43,78,0.19500000000000006,-0.855,0,nan,147,0.0,147,0.02199999988079071
7844,44,78,0.16500000000000004,-0.855,0,nan,147,0.0,147,0.02199999988079071
7845,45,78,0.135,-0.855,0,nan,147,0.0,147,0.02199999988079071
7846,46,78,0.10499999999999998,-0.855,0,nan,147,0.0,147,0.02199999988079071
7847,47,78,0.07499999999999996,-0.855,0,nan,147,0.0,147,0.02199999988079071
7848,48,78,0.04500000000000015,-0.855,0,nan,147,0.0,147,0.02199999988079071
7849,49,78,0.015000000000000124,-0.855,0,nan,147,0.0,147,0.02199999988079071
7850,50,78,-0.014999999999999902,-0.855,0,nan,147,0.0,147,0.02199999988079071
7851,51,78,-0.04499999999999993,-0.855,0,nan,147,0.0,147,0.02199999988079071
7852,52,78,-0.07499999999999996,-0.855,0,nan,147,0.0,147,0.02199999988079071
7853,53,78,-0.10499999999999998,-0.855,0,nan,147,0.0,147,0.02199999988079071
7854,54,78,-0.135,-0.855,0,nan,147,0.0,147,0.02199999988079071
7855,55,78,-0.16500000000000004,-0.855,0,nan,147,0.0,147,0.02199999988079071
7856,56,78,-0.19499999999999984,-0.855,0,nan,147,0.0,147,0.02199999988079071
7857,57,78,-0.22499999999999987,-0.855,0,nan,147,0.0,147,0.02199999988079071
7858,58,78,-0.2549999999999999,-0.855,0,nan,147,0.0,147,0.02199999988079071
7859,59,78,-0.2849999999999999,-0.855,0,nan,147,0.0,147,0.02199999988079071
7860,60,78,-0.31499999999999995,-0.855,0,nan,147,0.0,147,0.02199999988079071
7861,61,78,-0.345,-0.855,0,nan,147,0.0,147,0.02199999988079071
7862,62,78,-0.375,-0.855,0,nan,147,0.0,147,0.02199999988079071
7863,63,78,-0.405,-0.855,0,nan,147,0.0,147,0.02199999988079071
7864,64,78,-0.43499999999999983,-0.855,0,nan,147,0.0,147,0.02199999988079071
7865,65,78,-0.46499999999999986,-0.855,0,nan,147,0.0,147,0.02199999988079071
7866,66,78,-0.4949999999999999,-0.855,0,nan,147,0.0,147,0.02199999988079071
7867,67,78,-0.5249999999999999,-0.855,0,nan,147,0.0,147,0.02199999988079071
7868,68,78,-0.5549999999999997,-0.855,0,nan,147,0.0,147,0.02199999988079071
7869,69,78,-0.585,-0.855,0,nan,147,0.0,147,0.02199999988079071
7870,70,78,-0.6149999999999998,-0.855,0,nan,147,0.0,147,0.02199999988079071
7871,71,78,-0.645,-0.855,0,nan,147,0.0,147,0.02199999988079071
7872,72,78,-0.6749999999999998,-0.855,0,nan,147,0.0,147,0.02199999988079071
7873,73,78,-0.7050000000000001,-0.855,0,nan,147,0.0,147,0.02199999988079071
7874,74,78,-0.7349999999999999,-0.855,0,nan,147,0.0,147,0.02199999988079071
7875,75,78,-0.7650000000000001,-0.855,0,nan,147,0.0,147,0.02199999988079071
7876,76,78,-0.7949999999999999,-0.855,0,nan,147,0.0,147,0.02199999988079071
7877,77,78,-0.8249999999999997,-0.855,0,nan,147,0.0,147,0.02199999988079071
7878,78,78,-0.855,-0.855,0,nan,147,0.0,147,0.02199999988079071
7879,79,78,-0.8849999999999998,-0.855,0,nan,147,0.0,147,0.02199999988079071
7880,80,78,-0.915,-0.855,0,nan,147,0.0,147,0.02199999988079071
7881,81,78,-0.9449999999999998,-0.855,0,nan,147,0.0,147,0.02199999988079071
7882,82,78,-0.9750000000000001,-0.855,0,nan,147,0.0,147,0.02199999988079071
7883,83,78,-1.005,-0.855,0,nan,147,0.0,147,0.02199999988079071
7884,84,78,-1.0349999999999997,-0.855,0,nan,147,0.0,147,0.02199999988079071
7885,85,78,-1.065,-0.855,0,nan,147,0.0,147,0.02199999988079071
7886,86,78,-1.0949999999999998,-0.855,0,nan,147,0.0,147,0.02199999988079071
7887,87,78,-1.125,-0.855,0,nan,147,0.0,147,0.02199999988079071
7888,88,78,-1.1549999999999998,-0.855,0,nan,147,0.0,147,0.02199999988079071
7889,89,78,-1.185,-0.855,0,nan,147,0.0,147,0.02199999988079071
7890,90,78,-1.2149999999999999,-0.855,0,nan,147,0.0,147,0.02199999988079071
7891,91,78,-1.245,-0.855,0,nan,147,0.0,147,0.02199999988079071
7892,92,78,-1.275,-0.855,0,nan,147,0.0,147,0.02199999988079071
7893,93,78,-1.3049999999999997,-0.855,0,nan,147,0.0,147,0.02199999988079071
7894,94,78,-1.335,-0.855,0,nan,147,0.0,147,0.02199999988079071
7895,95,78,-1.3649999999999998,-0.855,0,nan,147,0.0,147,0.02199999988079071
7896,96,78,-1.395,-0.855,0,nan,147,0.0,147,0.02199999988079071
7897,97,78,-1.4249999999999998,-0.855,0,nan,147,0.0,147,0.0
7898,98,78,-1.455,-0.855,0,nan,147,0.0,147,0.0
7899,99,78,-1.4849999999999999,-0.855,0,nan,147,0.0,147,0.0
7900,0,79,1.485,-0.8849999999999998,0,nan,147,0.0,147,0.0
7901,1,79,1.455,-0.8849999999999998,0,nan,147,0.0,147,0.0
7902,2,79,1.425,-0.8849999999999998,0,nan,147,0.0,147,0.0
7903,3,79,1.395,-0.8849999999999998,0,nan,147,0.0,147,0.02199999988079071
7904,4,79,1.365,-0.8849999999999998,0,nan,147,0.0,147,0.02199999988079071
7905,5,79,1.335,-0.8849999999999998,0,nan,147,0.0,147,0.02199999988079071
7906,6,79,1.305,-0.8849999999999998,0,nan,147,0.0,147,0.02199999988079071
7907,7,79,1.275,-0.8849999999999998,0,nan,147,0.0,147,0.02199999988079071
7908,8,79,1.245,-0.8849999999999998,0,nan,147,0.0,147,0.02199999988079071
7909,9,79,1.215,-0.8849999999999998,0,nan,147,0.0,147,0.02199999988079071
7910,10,79,1.185,-0.8849999999999998,0,nan,147,0.0,147,0.02199999988079071
7911,11,79,1.155,-0.8849999999999998,0,nan,147,0.0,147,0.02199999988079071
7912,12,79,1.125,-0.8849999999999998,0,nan,147,0.0,147,0.02199999988079071
7913,13,79,1.095,-0.8849999999999998,0,nan,147,0.0,147,0.02199999988079071
7914,14,79,1.065,-0.8849999999999998,0,nan,147,0.0,147,0.02199999988079071
7915,15,79,1.0350000000000001,-0.8849999999999998,0,nan,147,0.0,147,0.02199999988079071
7916,16,79,1.005,-0.8849999999999998,0,nan,147,0.0,147,0.02199999988079071
7917,17,79,0.975,-0.8849999999999998,0,nan,147,0.0,147,0.02199999988079071
7918,18,79,0.9450000000000001,-0.8849999999999998,0,nan,147,0.0,147,0.02199999988079071
7919,19,79,0.915,-0.8849999999999998,0,nan,147,0.0,147,0.02199999988079071
7920,20,79,0.885,-0.8849999999999998,0,nan,147,0.0,147,0.02199999988079071
7921,21,79,0.855,-0.8849999999999998,0,nan,147,0.0,147,0.02199999988079071
7922,22,79,0.8250000000000001,-0.8849999999999998,0,nan,147,0.0,147,0.02199999988079071
7923,23,79,0.795,-0.8849999999999998,0,nan,147,0.0,147,0.02199999988079071
7924,24,79,0.765,-0.8849999999999998,0,nan,147,0.0,147,0.02199999988079071
7925,25,79,0.735,-0.8849999999999998,0,nan,147,0.0,147,0.02199999988079071
7926,26,79,0.7050000000000001,-0.8849999999999998,0,nan,147,0.0,147,0.02199999988079071
7927,27,79,0.675,-0.8849999999999998,0,nan,147,0.0,147,0.02199999988079071
7928,28,79,0.645,-0.8849999999999998,0,nan,147,0.0,147,0.02199999988079071
7929,29,79,0.615,-0.8849999999999998,0,nan,147,0.0,147,0.02199999988079071
7930,30,79,0.5850000000000001,-0.8849999999999998,0,nan,147,0.0,147,0.02199999988079071
7931,31,79,0.555,-0.8849999999999998,0,nan,147,0.0,147,0.02199999988079071
7932,32,79,0.525,-0.8849999999999998,0,nan,147,0.0,147,0.02199999988079071
7933,33,79,0.4950000000000001,-0.8849999999999998,0,nan,147,0.0,147,0.02199999988079071
7934,34,79,0.4650000000000001,-0.8849999999999998,0,nan,147,0.0,147,0.02199999988079071
7935,35,79,0.43500000000000005,-0.8849999999999998,0,nan,147,0.0,147,0.02199999988079071
7936,36,79,0.405,-0.8849999999999998,0,nan,147,0.0,147,0.02199999988079071
7937,37,79,0.375,-0.8849999999999998,0,nan,147,0.0,147,0.02199999988079071
7938,38,79,0.345,-0.8849999999999998,0,nan,147,0.0,147,0.02199999988079071
7939,39,79,0.31499999999999995,-0.8849999999999998,0,nan,147,0.0,147,0.02199999988079071
7940,40,79,0.28500000000000014,-0.8849999999999998,0,nan,147,0.0,147,0.02199999988079071
7941,41,79,0.2550000000000001,-0.8849999999999998,0,nan,147,0.0,147,0.02199999988079071
7942,42,79,0.2250000000000001,-0.8849999999999998,0,nan,147,0.0,147,0.02199999988079071
7943,43,79,0.19500000000000006,-0.8849999999999998,0,nan,147,0.0,147,0.02199999988079071
7944,44,79,0.16500000000000004,-0.8849999999999998,0,nan,147,0.0,147,0.02199999988079071
7945,45,79,0.135,-0.8849999999999998,0,nan,147,0.0,147,0.02199999988079071
7946,46,79,0.10499999999999998,-0.8849999999999998,0,nan,147,0.0,147,0.02199999988079071
7947,47,79,0.07499999999999996,-0.8849999999999998,0,nan,147,0.0,147,0.02199999988079071
7948,48,79,0.04500000000000015,-0.8849999999999998,0,nan,147,0.0,147,0.02199999988079071
7949,49,79,0.015000000000000124,-0.8849999999999998,0,nan,147,0.0,147,0.02199999988079071
7950,50,79,-0.014999999999999902,-0.8849999999999998,0,nan,147,0.0,147,0.02199999988079071
7951,51,79,-0.04499999999999993,-0.8849999999999998,0,nan,147,0.0,147,0.02199999988079071
7952,52,79,-0.07499999999999996,-0.8849999999999998,0,nan,147,0.0,147,0.02199999988079071
7953,53,79,-0.10499999999999998,-0.8849999999999998,0,nan,147,0.0,147,0.02199999988079071
7954,54,79,-0.135,-0.8849999999999998,0,nan,147,0.0,147,0.02199999988079071
7955,55,79,-0.16500000000000004,-0.8849999999999998,0,nan,147,0.0,147,0.02199999988079071
7956,56,79,-0.19499999999999984,-0.8849999999999998,0,nan,147,0.0,147,0.02199999988079071
7957,57,79,-0.22499999999999987,-0.8849999999999998,0,nan,147,0.0,147,0.02199999988079071
7958,58,79,-0.2549999999999999,-0.8849999999999998,0,nan,147,0.0,147,0.02199999988079071
7959,59,79,-0.2849999999999999,-0.8849999999999998,0,nan,147,0.0,147,0.02199999988079071
7960,60,79,-0.31499999999999995,-0.8849999999999998,0,nan,147,0.0,147,0.02199999988079071
7961,61,79,-0.345,-0.8849999999999998,0,nan,147,0.0,147,0.02199999988079071
7962,62,79,-0.375,-0.8849999999999998,0,nan,147,0.0,147,0.02199999988079071
7963,63,79,-0.405,-0.8849999999999998,0,nan,147,0.0,147,0.02199999988079071
7964,64,79,-0.43499999999999983,-0.8849999999999998,0,nan,147,0.0,147,0.02199999988079071
7965,65,79,-0.46499999999999986,-0.8849999999999998,0,nan,147,0.0,147,0.02199999988079071
7966,66,79,-0.4949999999999999,-0.8849999999999998,0,nan,147,0.0,147,0.02199999988079071
7967,67,79,-0.5249999999999999,-0.8849999999999998,0,nan,147,0.0,147,0.02199999988079071
7968,68,79,-0.5549999999999997,-0.8849999999999998,0,nan,147,0.0,147,0.02199999988079071
7969,69,79,-0.585,-0.8849999999999998,0,nan,147,0.0,147,0.02199999988079071
7970,70,79,-0.6149999999999998,-0.8849999999999998,0,nan,147,0.0,147,0.02199999988079071
7971,71,79,-0.645,-0.8849999999999998,0,nan,147,0.0,147,0.02199999988079071
7972,72,79,-0.6749999999999998,-0.8849999999999998,0,nan,147,0.0,147,0.02199999988079071
7973,73,79,-0.7050000000000001,-0.8849999999999998,0,nan,147,0.0,147,0.02199999988079071
7974,74,79,-0.7349999999999999,-0.8849999999999998,0,nan,147,0.0,147,0.02199999988079071
7975,75,79,-0.7650000000000001,-0.8849999999999998,0,nan,147,0.0,147,0.02199999988079071
7976,76,79,-0.7949999999999999,-0.8849999999999998,0,nan,147,0.0,147,0.02199999988079071
7977,77,79,-0.8249999999999997,-0.8849999999999998,0,nan,147,0.0,147,0.02199999988079071
7978,78,79,-0.855,-0.8849999999999998,0,nan,147,0.0,147,0.02199999988079071
7979,79,79,-0.8849999999999998,-0.8849999999999998,0,nan,147,0.0,147,0.02199999988079071
7980,80,79,-0.915,-0.8849999999999998,0,nan,147,0.0,147,0.02199999988079071
7981,81,79,-0.9449999999999998,-0.8849999999999998,0,nan,147,0.0,147,0.02199999988079071
7982,82,79,-0.9750000000000001,-0.8849999999999998,0,nan,147,0.0,147,0.02199999988079071
7983,83,79,-1.005,-0.8849999999999998,0,nan,147,0.0,147,0.02199999988079071
7984,84,79,-1.0349999999999997,-0.8849999999999998,0,nan,147,0.0,147,0.02199999988079071
7985,85,79,-1.065,-0.8849999999999998,0,nan,147,0.0,147,0.02199999988079071
7986,86,79,-1.0949999999999998,-0.8849999999999998,0,nan,147,0.0,147,0.02199999988079071
7987,87,79,-1.125,-0.8849999999999998,0,nan,147,0.0,147,0.02199999988079071
7988,88,79,-1.1549999999999998,-0.8849999999999998,0,nan,147,0.0,147,0.02199999988079071
7989,89,79,-1.185,-0.8849999999999998,0,nan,147,0.0,147,0.02199999988079071
7990,90,79,-1.2149999999999999,-0.8849999999999998,0,nan,147,0.0,147,0.02199999988079071
7991,91,79,-1.245,-0.8849999999999998,0,nan,147,0.0,147,0.02199999988079071
7992,92,79,-1.275,-0.8849999999999998,0,nan,147,0.0,147,0.02199999988079071
7993,93,79,-1.3049999999999997,-0.8849999999999998,0,nan,147,0.0,147,0.02199999988079071
7994,94,79,-1.335,-0.8849999999999998,0,nan,147,0.0,147,0.02199999988079071
7995,95,79,-1.3649999999999998,-0.8849999999999998,0,nan,147,0.0,147,0.02199999988079071
7996,96,79,-1.395,-0.8849999999999998,0,nan,147,0.0,147,0.02199999988079071
7997,97,79,-1.4249999999999998,-0.8849999999999998,0,nan,147,0.0,147,0.0
7998,98,79,-1.455,-0.8849999999999998,0,nan,147,0.0,147,0.0
7999,99,79,-1.4849999999999999,-0.8849999999999998,0,nan,147,0.0,147,0.0
8000,0,80,1.485,-0.915,0,nan,147,0.0,147,0.0
8001,1,80,1.455,-0.915,0,nan,147,0.0,147,0.0
8002,2,80,1.425,-0.915,0,nan,147,0.0,147,0.0
8003,3,80,1.395,-0.915,0,nan,147,0.0,147,0.02199999988079071
8004,4,80,1.365,-0.915,0,nan,147,0.0,147,0.02199999988079071
8005,5,80,1.335,-0.915,0,nan,147,0.0,147,0.02199999988079071
8006,6,80,1.305,-0.915,0,nan,147,0.0,147,0.02199999988079071
8007,7,80,1.275,-0.915,0,nan,147,0.0,147,0.02199999988079071
8008,8,80,1.245,-0.915,0,nan,147,0.0,147,0.02199999988079071
8009,9,80,1.215,-0.915,0,nan,147,0.0,147,0.02199999988079071
8010,10,80,1.185,-0.915,0,nan,147,0.0,147,0.02199999988079071
8011,11,80,1.155,-0.915,0,nan,147,0.0,147,0.02199999988079071
8012,12,80,1.125,-0.915,0,nan,147,0.0,147,0.02199999988079071
8013,13,80,1.095,-0.915,0,nan,147,0.0,147,0.02199999988079071
8014,14,80,1.065,-0.915,0,nan,147,0.0,147,0.02199999988079071
8015,15,80,1.0350000000000001,-0.915,0,nan,147,0.0,147,0.02199999988079071
8016,16,80,1.005,-0.915,0,nan,147,0.0,147,0.02199999988079071
8017,17,80,0.975,-0.915,0,nan,147,0.0,147,0.02199999988079071
8018,18,80,0.9450000000000001,-0.915,0,nan,147,0.0,147,0.02199999988079071
8019,19,80,0.915,-0.915,0,nan,147,0.0,147,0.02199999988079071
8020,20,80,0.885,-0.915,0,nan,147,0.0,147,0.02199999988079071
8021,21,80,0.855,-0.915,0,nan,147,0.0,147,0.02199999988079071
8022,22,80,0.8250000000000001,-0.915,0,nan,147,0.0,147,0.02199999988079071
8023,23,80,0.795,-0.915,0,nan,147,0.0,147,0.02199999988079071
8024,24,80,0.765,-0.915,0,nan,147,0.0,147,0.02199999988079071
8025,25,80,0.735,-0.915,0,nan,147,0.0,147,0.02199999988079071
8026,26,80,0.7050000000000001,-0.915,0,nan,147,0.0,147,0.02199999988079071
8027,27,80,0.675,-0.915,0,nan,147,0.0,147,0.02199999988079071
8028,28,80,0.645,-0.915,0,nan,147,0.0,147,0.02199999988079071
8029,29,80,0.615,-0.915,0,nan,147,0.0,147,0.02199999988079071
8030,30,80,0.5850000000000001,-0.915,0,nan,147,0.0,147,0.02199999988079071
8031,31,80,0.555,-0.915,0,nan,147,0.0,147,0.02199999988079071
8032,32,80,0.525,-0.915,0,nan,147,0.0,147,0.02199999988079071
8033,33,80,0.4950000000000001,-0.915,0,nan,147,0.0,147,0.02199999988079071
8034,34,80,0.4650000000000001,-0.915,0,nan,147,0.0,147,0.02199999988079071
8035,35,80,0.43500000000000005,-0.915,0,nan,147,0.0,147,0.02199999988079071
8036,36,80,0.405,-0.915,0,nan,147,0.0,147,0.02199999988079071
8037,37,80,0.375,-0.915,0,nan,147,0.0,147,0.02199999988079071
8038,38,80,0.345,-0.915,0,nan,147,0.0,147,0.02199999988079071
8039,39,80,0.31499999999999995,-0.915,0,nan,147,0.0,147,0.02199999988079071
8040,40,80,0.28500000000000014,-0.915,0,nan,147,0.0,147,0.02199999988079071
8041,41,80,0.2550000000000001,-0.915,0,nan,147,0.0,147,0.02199999988079071
8042,42,80,0.2250000000000001,-0.915,0,nan,147,0.0,147,0.02199999988079071
8043,43,80,0.19500000000000006,-0.915,0,nan,147,0.0,147,0.02199999988079071
8044,44,80,0.16500000000000004,-0.915,0,nan,147,0.0,147,0.02199999988079071
8045,45,80,0.135,-0.915,0,nan,147,0.0,147,0.02199999988079071
8046,46,80,0.10499999999999998,-0.915,0,nan,147,0.0,147,0.02199999988079071
8047,47,80,0.07499999999999996,-0.915,0,nan,147,0.0,147,0.02199999988079071
8048,48,80,0.04500000000000015,-0.915,0,nan,147,0.0,147,0.02199999988079071
8049,49,80,0.015000000000000124,-0.915,0,nan,147,0.0,147,0.02199999988079071
8050,50,80,-0.014999999999999902,-0.915,0,nan,147,0.0,147,0.02199999988079071
8051,51,80,-0.04499999999999993,-0.915,0,nan,147,0.0,147,0.02199999988079071
8052,52,80,-0.07499999999999996,-0.915,0,nan,147,0.0,147,0.02199999988079071
8053,53,80,-0.10499999999999998,-0.915,0,nan,147,0.0,147,0.02199999988079071
8054,54,80,-0.135,-0.915,0,nan,147,0.0,147,0.02199999988079071
8055,55,80,-0.16500000000000004,-0.915,0,nan,147,0.0,147,0.02199999988079071
8056,56,80,-0.19499999999999984,-0.915,0,nan,147,0.0,147,0.02199999988079071
8057,57,80,-0.22499999999999987,-0.915,0,nan,147,0.0,147,0.02199999988079071
8058,58,80,-0.2549999999999999,-0.915,0,nan,147,0.0,147,0.02199999988079071
8059,59,80,-0.2849999999999999,-0.915,0,nan,147,0.0,147,0.02199999988079071
8060,60,80,-0.31499999999999995,-0.915,0,nan,147,0.0,147,0.02199999988079071
8061,61,80,-0.345,-0.915,0,nan,147,0.0,147,0.02199999988079071
8062,62,80,-0.375,-0.915,0,nan,147,0.0,147,0.02199999988079071
8063,63,80,-0.405,-0.915,0,nan,147,0.0,147,0.02199999988079071
8064,64,80,-0.43499999999999983,-0.915,0,nan,147,0.0,147,0.02199999988079071
8065,65,80,-0.46499999999999986,-0.915,0,nan,147,0.0,147,0.02199999988079071
8066,66,80,-0.4949999999999999,-0.915,0,nan,147,0.0,147,0.02199999988079071
8067,67,80,-0.5249999999999999,-0.915,0,nan,147,0.0,147,0.02199999988079071
8068,68,80,-0.5549999999999997,-0.915,0,nan,147,0.0,147,0.02199999988079071
8069,69,80,-0.585,-0.915,0,nan,147,0.0,147,0.02199999988079071
8070,70,80,-0.6149999999999998,-0.915,0,nan,147,0.0,147,0.02199999988079071
8071,71,80,-0.645,-0.915,0,nan,147,0.0,147,0.02199999988079071
8072,72,80,-0.6749999999999998,-0.915,0,nan,147,0.0,147,0.02199999988079071
8073,73,80,-0.7050000000000001,-0.915,0,nan,147,0.0,147,0.02199999988079071
8074,74,80,-0.7349999999999999,-0.915,0,nan,147,0.0,147,0.02199999988079071
8075,75,80,-0.7650000000000001,-0.915,0,nan,147,0.0,147,0.02199999988079071
8076,76,80,-0.7949999999999999,-0.915,0,nan,147,0.0,147,0.02199999988079071
8077,77,80,-0.8249999999999997,-0.915,0,nan,147,0.0,147,0.02199999988079071
8078,78,80,-0.855,-0.915,0,nan,147,0.0,147,0.02199999988079071
8079,79,80,-0.8849999999999998,-0.915,0,nan,147,0.0,147,0.02199999988079071
8080,80,80,-0.915,-0.915,0,nan,147,0.0,147,0.02199999988079071
8081,81,80,-0.9449999999999998,-0.915,0,nan,147,0.0,147,0.02199999988079071
8082,82,80,-0.9750000000000001,-0.915,0,nan,147,0.0,147,0.02199999988079071
8083,83,80,-1.005,-0.915,0,nan,147,0.0,147,0.02199999988079071
8084,84,80,-1.0349999999999997,-0.915,0,nan,147,0.0,147,0.02199999988079071
8085,85,80,-1.065,-0.915,0,nan,147,0.0,147,0.02199999988079071
8086,86,80,-1.0949999999999998,-0.915,0,nan,147,0.0,147,0.02199999988079071
8087,87,80,-1.125,-0.915,0,nan,147,0.0,147,0.02199999988079071
8088,88,80,-1.1549999999999998,-0.915,0,nan,147,0.0,147,0.02199999988079071
8089,89,80,-1.185,-0.915,0,nan,147,0.0,147,0.02199999988079071
8090,90,80,-1.2149999999999999,-0.915,0,nan,147,0.0,147,0.02199999988079071
8091,91,80,-1.245,-0.915,0,nan,147,0.0,147,0.02199999988079071
8092,92,80,-1.275,-0.915,0,nan,147,0.0,147,0.02199999988079071
8093,93,80,-1.3049999999999997,-0.915,0,nan,147,0.0,147,0.02199999988079071
8094,94,80,-1.335,-0.915,0,nan,147,0.0,147,0.02199999988079071
8095,95,80,-1.3649999999999998,-0.915,0,nan,147,0.0,147,0.02199999988079071
8096,96,80,-1.395,-0.915,0,nan,147,0.0,147,0.02199999988079071
8097,97,80,-1.4249999999999998,-0.915,0,nan,147,0.0,147,0.0
8098,98,80,-1.455,-0.915,0,nan,147,0.0,147,0.0
8099,99,80,-1.4849999999999999,-0.915,0,nan,147,0.0,147,0.0
8100,0,81,1.485,-0.9449999999999998,0,nan,147,0.0,147,0.0
8101,1,81,1.455,-0.9449999999999998,0,nan,147,0.0,147,0.0
8102,2,81,1.425,-0.9449999999999998,0,nan,147,0.0,147,0.0
8103,3,81,1.395,-0.9449999999999998,0,nan,147,0.0,147,0.02199999988079071
8104,4,81,1.365,-0.9449999999999998,0,nan,147,0.0,147,0.02199999988079071
8105,5,81,1.335,-0.9449999999999998,0,nan,147,0.0,147,0.02199999988079071
8106,6,81,1.305,-0.9449999999999998,0,nan,147,0.0,147,0.02199999988079071
8107,7,81,1.275,-0.9449999999999998,0,nan,147,0.0,147,0.02199999988079071
8108,8,81,1.245,-0.9449999999999998,0,nan,147,0.0,147,0.02199999988079071
8109,9,81,1.215,-0.9449999999999998,0,nan,147,0.0,147,0.02199999988079071
8110,10,81,1.185,-0.9449999999999998,0,nan,147,0.0,147,0.02199999988079071
8111,11,81,1.155,-0.9449999999999998,0,nan,147,0.0,147,0.02199999988079071
8112,12,81,1.125,-0.9449999999999998,0,nan,147,0.0,147,0.02199999988079071
8113,13,81,1.095,-0.9449999999999998,0,nan,147,0.0,147,0.02199999988079071
8114,14,81,1.065,-0.9449999999999998,0,nan,147,0.0,147,0.02199999988079071
8115,15,81,1.0350000000000001,-0.9449999999999998,0,nan,147,0.0,147,0.02199999988079071
8116,16,81,1.005,-0.9449999999999998,0,nan,147,0.0,147,0.02199999988079071
8117,17,81,0.975,-0.9449999999999998,0,nan,147,0.0,147,0.02199999988079071
8118,18,81,0.9450000000000001,-0.9449999999999998,0,nan,147,0.0,147,0.02199999988079071
8119,19,81,0.915,-0.9449999999999998,0,nan,147,0.0,147,0.02199999988079071
8120,20,81,0.885,-0.9449999999999998,0,nan,147,0.0,147,0.02199999988079071
8121,21,81,0.855,-0.9449999999999998,0,nan,147,0.0,147,0.02199999988079071
8122,22,81,0.8250000000000001,-0.9449999999999998,0,nan,147,0.0,147,0.02199999988079071
8123,23,81,0.795,-0.9449999999999998,0,nan,147,0.0,147,0.02199999988079071
8124,24,81,0.765,-0.9449999999999998,0,nan,147,0.0,147,0.02199999988079071
8125,25,81,0.735,-0.9449999999999998,0,nan,147,0.0,147,0.02199999988079071
8126,26,81,0.7050000000000001,-0.9449999999999998,0,nan,147,0.0,147,0.02199999988079071
8127,27,81,0.675,-0.9449999999999998,0,nan,147,0.0,147,0.02199999988079071
8128,28,81,0.645,-0.9449999999999998,0,nan,147,0.0,147,0.02199999988079071
8129,29,81,0.615,-0.9449999999999998,0,nan,147,0.0,147,0.02199999988079071
8130,30,81,0.5850000000000001,-0.9449999999999998,0,nan,147,0.0,147,0.02199999988079071
8131,31,81,0.555,-0.9449999999999998,0,nan,147,0.0,147,0.02199999988079071
8132,32,81,0.525,-0.9449999999999998,0,nan,147,0.0,147,0.02199999988079071
8133,33,81,0.4950000000000001,-0.9449999999999998,0,nan,147,0.0,147,0.02199999988079071
8134,34,81,0.4650000000000001,-0.9449999999999998,0,nan,147,0.0,147,0.02199999988079071
8135,35,81,0.43500000000000005,-0.9449999999999998,0,nan,147,0.0,147,0.02199999988079071
8136,36,81,0.405,-0.9449999999999998,0,nan,147,0.0,147,0.02199999988079071
8137,37,81,0.375,-0.9449999999999998,0,nan,147,0.0,147,0.02199999988079071
8138,38,81,0.345,-0.9449999999999998,0,nan,147,0.0,147,0.02199999988079071
8139,39,81,0.31499999999999995,-0.9449999999999998,0,nan,147,0.0,147,0.02199999988079071
8140,40,81,0.28500000000000014,-0.9449999999999998,0,nan,147,0.0,147,0.02199999988079071
8141,41,81,0.2550000000000001,-0.9449999999999998,0,nan,147,0.0,147,0.02199999988079071
8142,42,81,0.2250000000000001,-0.9449999999999998,0,nan,147,0.0,147,0.02199999988079071
8143,43,81,0.19500000000000006,-0.9449999999999998,0,nan,147,0.0,147,0.02199999988079071
8144,44,81,0.16500000000000004,-0.9449999999999998,0,nan,147,0.0,147,0.02199999988079071
8145,45,81,0.135,-0.9449999999999998,0,nan,147,0.0,147,0.02199999988079071
8146,46,81,0.10499999999999998,-0.9449999999999998,0,nan,147,0.0,147,0.02199999988079071
8147,47,81,0.07499999999999996,-0.9449999999999998,0,nan,147,0.0,147,0.02199999988079071
8148,48,81,0.04500000000000015,-0.9449999999999998,0,nan,147,0.0,147,0.02199999988079071
8149,49,81,0.015000000000000124,-0.9449999999999998,0,nan,147,0.0,147,0.02199999988079071
8150,50,81,-0.014999999999999902,-0.9449999999999998,0,nan,147,0.0,147,0.02199999988079071
8151,51,81,-0.04499999999999993,-0.9449999999999998,0,nan,147,0.0,147,0.02199999988079071
8152,52,81,-0.07499999999999996,-0.9449999999999998,0,nan,147,0.0,147,0.02199999988079071
8153,53,81,-0.10499999999999998,-0.9449999999999998,0,nan,147,0.0,147,0.02199999988079071
8154,54,81,-0.135,-0.9449999999999998,0,nan,147,0.0,147,0.02199999988079071
8155,55,81,-0.16500000000000004,-0.9449999999999998,0,nan,147,0.0,147,0.02199999988079071
8156,56,81,-0.19499999999999984,-0.9449999999999998,0,nan,147,0.0,147,0.02199999988079071
8157,57,81,-0.22499999999999987,-0.9449999999999998,0,nan,147,0.0,147,0.02199999988079071
8158,58,81,-0.2549999999999999,-0.9449999999999998,0,nan,147,0.0,147,0.02199999988079071
8159,59,81,-0.2849999999999999,-0.9449999999999998,0,nan,147,0.0,147,0.02199999988079071
8160,60,81,-0.31499999999999995,-0.9449999999999998,0,nan,147,0.0,147,0.02199999988079071
8161,61,81,-0.345,-0.9449999999999998,0,nan,147,0.0,147,0.02199999988079071
8162,62,81,-0.375,-0.9449999999999998,0,nan,147,0.0,147,0.02199999988079071
8163,63,81,-0.405,-0.9449999999999998,0,nan,147,0.0,147,0.02199999988079071
8164,64,81,-0.43499999999999983,-0.9449999999999998,0,nan,147,0.0,147,0.02199999988079071
8165,65,81,-0.46499999999999986,-0.9449999999999998,0,nan,147,0.0,147,0.02199999988079071
8166,66,81,-0.4949999999999999,-0.9449999999999998,0,nan,147,0.0,147,0.02199999988079071
8167,67,81,-0.5249999999999999,-0.9449999999999998,0,nan,147,0.0,147,0.02199999988079071
8168,68,81,-0.5549999999999997,-0.9449999999999998,0,nan,147,0.0,147,0.02199999988079071
8169,69,81,-0.585,-0.9449999999999998,0,nan,147,0.0,147,0.02199999988079071
8170,70,81,-0.6149999999999998,-0.9449999999999998,0,nan,147,0.0,147,0.02199999988079071
8171,71,81,-0.645,-0.9449999999999998,0,nan,147,0.0,147,0.02199999988079071
8172,72,81,-0.6749999999999998,-0.9449999999999998,0,nan,147,0.0,147,0.02199999988079071
8173,73,81,-0.7050000000000001,-0.9449999999999998,0,nan,147,0.0,147,0.02199999988079071
8174,74,81,-0.7349999999999999,-0.9449999999999998,0,nan,147,0.0,147,0.02199999988079071
8175,75,81,-0.7650000000000001,-0.9449999999999998,0,nan,147,0.0,147,0.02199999988079071
8176,76,81,-0.7949999999999999,-0.9449999999999998,0,nan,147,0.0,147,0.02199999988079071
8177,77,81,-0.8249999999999997,-0.9449999999999998,0,nan,147,0.0,147,0.02199999988079071
8178,78,81,-0.855,-0.9449999999999998,0,nan,147,0.0,147,0.02199999988079071
8179,79,81,-0.8849999999999998,-0.9449999999999998,0,nan,147,0.0,147,0.02199999988079071
8180,80,81,-0.915,-0.9449999999999998,0,nan,147,0.0,147,0.02199999988079071
8181,81,81,-0.9449999999999998,-0.9449999999999998,0,nan,147,0.0,147,0.02199999988079071
8182,82,81,-0.9750000000000001,-0.9449999999999998,0,nan,147,0.0,147,0.02199999988079071
8183,83,81,-1.005,-0.9449999999999998,0,nan,147,0.0,147,0.02199999988079071
8184,84,81,-1.0349999999999997,-0.9449999999999998,0,nan,147,0.0,147,0.02199999988079071
8185,85,81,-1.065,-0.9449999999999998,0,nan,147,0.0,147,0.02199999988079071
8186,86,81,-1.0949999999999998,-0.9449999999999998,0,nan,147,0.0,147,0.02199999988079071
8187,87,81,-1.125,-0.9449999999999998,0,nan,147,0.0,147,0.02199999988079071
8188,88,81,-1.1549999999999998,-0.9449999999999998,0,nan,147,0.0,147,0.02199999988079071
8189,89,81,-1.185,-0.9449999999999998,0,nan,147,0.0,147,0.02199999988079071
8190,90,81,-1.2149999999999999,-0.9449999999999998,0,nan,147,0.0,147,0.02199999988079071
8191,91,81,-1.245,-0.9449999999999998,0,nan,147,0.0,147,0.02199999988079071
8192,92,81,-1.275,-0.9449999999999998,0,nan,147,0.0,147,0.02199999988079071
8193,93,81,-1.3049999999999997,-0.9449999999999998,0,nan,147,0.0,147,0.02199999988079071
8194,94,81,-1.335,-0.9449999999999998,0,nan,147,0.0,147,0.02199999988079071
8195,95,81,-1.3649999999999998,-0.9449999999999998,0,nan,147,0.0,147,0.02199999988079071
8196,96,81,-1.395,-0.9449999999999998,0,nan,147,0.0,147,0.02199999988079071
8197,97,81,-1.4249999999999998,-0.9449999999999998,0,nan,147,0.0,147,0.0
8198,98,81,-1.455,-0.9449999999999998,0,nan,147,0.0,147,0.0
8199,99,81,-1.4849999999999999,-0.9449999999999998,0,nan,147,0.0,147,0.0
8200,0,82,1.485,-0.9750000000000001,0,nan,147,0.0,147,0.0
8201,1,82,1.455,-0.9750000000000001,0,nan,147,0.0,147,0.0
8202,2,82,1.425,-0.9750000000000001,0,nan,147,0.0,147,0.0
8203,3,82,1.395,-0.9750000000000001,0,nan,147,0.0,147,0.02199999988079071
8204,4,82,1.365,-0.9750000000000001,0,nan,147,0.0,147,0.02199999988079071
8205,5,82,1.335,-0.9750000000000001,0,nan,147,0.0,147,0.02199999988079071
8206,6,82,1.305,-0.9750000000000001,0,nan,147,0.0,147,0.02199999988079071
8207,7,82,1.275,-0.9750000000000001,0,nan,147,0.0,147,0.02199999988079071
8208,8,82,1.245,-0.9750000000000001,0,nan,147,0.0,147,0.02199999988079071
8209,9,82,1.215,-0.9750000000000001,0,nan,147,0.0,147,0.02199999988079071
8210,10,82,1.185,-0.9750000000000001,0,nan,147,0.0,147,0.02199999988079071
8211,11,82,1.155,-0.9750000000000001,0,nan,147,0.0,147,0.02199999988079071
8212,12,82,1.125,-0.9750000000000001,0,nan,147,0.0,147,0.02199999988079071
8213,13,82,1.095,-0.9750000000000001,0,nan,147,0.0,147,0.02199999988079071
8214,14,82,1.065,-0.9750000000000001,0,nan,147,0.0,147,0.02199999988079071
8215,15,82,1.0350000000000001,-0.9750000000000001,0,nan,147,0.0,147,0.02199999988079071
8216,16,82,1.005,-0.9750000000000001,0,nan,147,0.0,147,0.02199999988079071
8217,17,82,0.975,-0.9750000000000001,0,nan,147,0.0,147,0.02199999988079071
8218,18,82,0.9450000000000001,-0.9750000000000001,0,nan,147,0.0,147,0.02199999988079071
8219,19,82,0.915,-0.9750000000000001,0,nan,147,0.0,147,0.02199999988079071
8220,20,82,0.885,-0.9750000000000001,0,nan,147,0.0,147,0.02199999988079071
8221,21,82,0.855,-0.9750000000000001,0,nan,147,0.0,147,0.02199999988079071
8222,22,82,0.8250000000000001,-0.9750000000000001,0,nan,147,0.0,147,0.02199999988079071
8223,23,82,0.795,-0.9750000000000001,0,nan,147,0.0,147,0.02199999988079071
8224,24,82,0.765,-0.9750000000000001,0,nan,147,0.0,147,0.02199999988079071
8225,25,82,0.735,-0.9750000000000001,0,nan,147,0.0,147,0.02199999988079071
8226,26,82,0.7050000000000001,-0.9750000000000001,0,nan,147,0.0,147,0.02199999988079071
8227,27,82,0.675,-0.9750000000000001,0,nan,147,0.0,147,0.02199999988079071
8228,28,82,0.645,-0.9750000000000001,0,nan,147,0.0,147,0.02199999988079071
8229,29,82,0.615,-0.9750000000000001,0,nan,147,0.0,147,0.02199999988079071
8230,30,82,0.5850000000000001,-0.9750000000000001,0,nan,147,0.0,147,0.02199999988079071
8231,31,82,0.555,-0.9750000000000001,0,nan,147,0.0,147,0.02199999988079071
8232,32,82,0.525,-0.9750000000000001,0,nan,147,0.0,147,0.02199999988079071
8233,33,82,0.4950000000000001,-0.9750000000000001,0,nan,147,0.0,147,0.02199999988079071
8234,34,82,0.4650000000000001,-0.9750000000000001,0,nan,147,0.0,147,0.02199999988079071
8235,35,82,0.43500000000000005,-0.9750000000000001,0,nan,147,0.0,147,0.02199999988079071
8236,36,82,0.405,-0.9750000000000001,0,nan,147,0.0,147,0.02199999988079071
8237,37,82,0.375,-0.9750000000000001,0,nan,147,0.0,147,0.02199999988079071
8238,38,82,0.345,-0.9750000000000001,0,nan,147,0.0,147,0.02199999988079071
8239,39,82,0.31499999999999995,-0.9750000000000001,0,nan,147,0.0,147,0.02199999988079071
8240,40,82,0.28500000000000014,-0.9750000000000001,0,nan,147,0.0,147,0.02199999988079071
8241,41,82,0.2550000000000001,-0.9750000000000001,0,nan,147,0.0,147,0.02199999988079071
8242,42,82,0.2250000000000001,-0.9750000000000001,0,nan,147,0.0,147,0.02199999988079071
8243,43,82,0.19500000000000006,-0.9750000000000001,0,nan,147,0.0,147,0.02199999988079071
8244,44,82,0.16500000000000004,-0.9750000000000001,0,nan,147,0.0,147,0.02199999988079071
8245,45,82,0.135,-0.9750000000000001,0,nan,147,0.0,147,0.02199999988079071
8246,46,82,0.10499999999999998,-0.9750000000000001,0,nan,147,0.0,147,0.02199999988079071
8247,47,82,0.07499999999999996,-0.9750000000000001,0,nan,147,0.0,147,0.02199999988079071
8248,48,82,0.04500000000000015,-0.9750000000000001,0,nan,147,0.0,147,0.02199999988079071
8249,49,82,0.015000000000000124,-0.9750000000000001,0,nan,147,0.0,147,0.02199999988079071
8250,50,82,-0.014999999999999902,-0.9750000000000001,0,nan,147,0.0,147,0.02199999988079071
8251,51,82,-0.04499999999999993,-0.9750000000000001,0,nan,147,0.0,147,0.02199999988079071
8252,52,82,-0.07499999999999996,-0.9750000000000001,0,nan,147,0.0,147,0.02199999988079071
8253,53,82,-0.10499999999999998,-0.9750000000000001,0,nan,147,0.0,147,0.02199999988079071
8254,54,82,-0.135,-0.9750000000000001,0,nan,147,0.0,147,0.02199999988079071
8255,55,82,-0.16500000000000004,-0.9750000000000001,0,nan,147,0.0,147,0.02199999988079071
8256,56,82,-0.19499999999999984,-0.9750000000000001,0,nan,147,0.0,147,0.02199999988079071
8257,57,82,-0.22499999999999987,-0.9750000000000001,0,nan,147,0.0,147,0.02199999988079071
8258,58,82,-0.2549999999999999,-0.9750000000000001,0,nan,147,0.0,147,0.02199999988079071
8259,59,82,-0.2849999999999999,-0.9750000000000001,0,nan,147,0.0,147,0.02199999988079071
8260,60,82,-0.31499999999999995,-0.9750000000000001,0,nan,147,0.0,147,0.02199999988079071
8261,61,82,-0.345,-0.9750000000000001,0,nan,147,0.0,147,0.02199999988079071
8262,62,82,-0.375,-0.9750000000000001,0,nan,147,0.0,147,0.02199999988079071
8263,63,82,-0.405,-0.9750000000000001,0,nan,147,0.0,147,0.02199999988079071
8264,64,82,-0.43499999999999983,-0.9750000000000001,0,nan,147,0.0,147,0.02199999988079071
8265,65,82,-0.46499999999999986,-0.9750000000000001,0,nan,147,0.0,147,0.02199999988079071
8266,66,82,-0.4949999999999999,-0.9750000000000001,0,nan,147,0.0,147,0.02199999988079071
8267,67,82,-0.5249999999999999,-0.9750000000000001,0,nan,147,0.0,147,0.02199999988079071
8268,68,82,-0.5549999999999997,-0.9750000000000001,0,nan,147,0.0,147,0.02199999988079071
8269,69,82,-0.585,-0.9750000000000001,0,nan,147,0.0,147,0.02199999988079071
8270,70,82,-0.6149999999999998,-0.9750000000000001,0,nan,147,0.0,147,0.02199999988079071
8271,71,82,-0.645,-0.9750000000000001,0,nan,147,0.0,147,0.02199999988079071
8272,72,82,-0.6749999999999998,-0.9750000000000001,0,nan,147,0.0,147,0.02199999988079071
8273,73,82,-0.7050000000000001,-0.9750000000000001,0,nan,147,0.0,147,0.02199999988079071
8274,74,82,-0.7349999999999999,-0.9750000000000001,0,nan,147,0.0,147,0.02199999988079071
8275,75,82,-0.7650000000000001,-0.9750000000000001,0,nan,147,0.0,147,0.02199999988079071
8276,76,82,-0.7949999999999999,-0.9750000000000001,0,nan,147,0.0,147,0.02199999988079071
8277,77,82,-0.8249999999999997,-0.9750000000000001,0,nan,147,0.0,147,0.02199999988079071
8278,78,82,-0.855,-0.9750000000000001,0,nan,147,0.0,147,0.02199999988079071
8279,79,82,-0.8849999999999998,-0.9750000000000001,0,nan,147,0.0,147,0.02199999988079071
8280,80,82,-0.915,-0.9750000000000001,0,nan,147,0.0,147,0.02199999988079071
8281,81,82,-0.9449999999999998,-0.9750000000000001,0,nan,147,0.0,147,0.02199999988079071
8282,82,82,-0.9750000000000001,-0.9750000000000001,0,nan,147,0.0,147,0.02199999988079071
8283,83,82,-1.005,-0.9750000000000001,0,nan,147,0.0,147,0.02199999988079071
8284,84,82,-1.0349999999999997,-0.9750000000000001,0,nan,147,0.0,147,0.02199999988079071
8285,85,82,-1.065,-0.9750000000000001,0,nan,147,0.0,147,0.02199999988079071
8286,86,82,-1.0949999999999998,-0.9750000000000001,0,nan,147,0.0,147,0.02199999988079071
8287,87,82,-1.125,-0.9750000000000001,0,nan,147,0.0,147,0.02199999988079071
8288,88,82,-1.1549999999999998,-0.9750000000000001,0,nan,147,0.0,147,0.02199999988079071
8289,89,82,-1.185,-0.9750000000000001,0,nan,147,0.0,147,0.02199999988079071
8290,90,82,-1.2149999999999999,-0.9750000000000001,0,nan,147,0.0,147,0.02199999988079071
8291,91,82,-1.245,-0.9750000000000001,0,nan,147,0.0,147,0.02199999988079071
8292,92,82,-1.275,-0.9750000000000001,0,nan,147,0.0,147,0.02199999988079071
8293,93,82,-1.3049999999999997,-0.9750000000000001,0,nan,147,0.0,147,0.02199999988079071
8294,94,82,-1.335,-0.9750000000000001,0,nan,147,0.0,147,0.02199999988079071
8295,95,82,-1.3649999999999998,-0.9750000000000001,0,nan,147,0.0,147,0.02199999988079071
8296,96,82,-1.395,-0.9750000000000001,0,nan,147,0.0,147,0.02199999988079071
8297,97,82,-1.4249999999999998,-0.9750000000000001,0,nan,147,0.0,147,0.0
8298,98,82,-1.455,-0.9750000000000001,0,nan,147,0.0,147,0.0
8299,99,82,-1.4849999999999999,-0.9750000000000001,0,nan,147,0.0,147,0.0
8300,0,83,1.485,-1.005,0,nan,147,0.0,147,0.0
8301,1,83,1.455,-1.005,0,nan,147,0.0,147,0.0
8302,2,83,1.425,-1.005,0,nan,147,0.0,147,0.0
8303,3,83,1.395,-1.005,0,nan,147,0.0,147,0.02199999988079071
8304,4,83,1.365,-1.005,0,nan,147,0.0,147,0.02199999988079071
8305,5,83,1.335,-1.005,0,nan,147,0.0,147,0.02199999988079071
8306,6,83,1.305,-1.005,0,nan,147,0.0,147,0.02199999988079071
8307,7,83,1.275,-1.005,0,nan,147,0.0,147,0.02199999988079071
8308,8,83,1.245,-1.005,0,nan,147,0.0,147,0.02199999988079071
8309,9,83,1.215,-1.005,0,nan,147,0.0,147,0.02199999988079071
8310,10,83,1.185,-1.005,0,nan,147,0.0,147,0.02199999988079071
8311,11,83,1.155,-1.005,0,nan,147,0.0,147,0.02199999988079071
8312,12,83,1.125,-1.005,0,nan,147,0.0,147,0.02199999988079071
8313,13,83,1.095,-1.005,0,nan,147,0.0,147,0.02199999988079071
8314,14,83,1.065,-1.005,0,nan,147,0.0,147,0.02199999988079071
8315,15,83,1.0350000000000001,-1.005,0,nan,147,0.0,147,0.02199999988079071
8316,16,83,1.005,-1.005,0,nan,147,0.0,147,0.02199999988079071
8317,17,83,0.975,-1.005,0,nan,147,0.0,147,0.02199999988079071
8318,18,83,0.9450000000000001,-1.005,0,nan,147,0.0,147,0.02199999988079071
8319,19,83,0.915,-1.005,0,nan,147,0.0,147,0.02199999988079071
8320,20,83,0.885,-1.005,0,nan,147,0.0,147,0.02199999988079071
8321,21,83,0.855,-1.005,0,nan,147,0.0,147,0.02199999988079071
8322,22,83,0.8250000000000001,-1.005,0,nan,147,0.0,147,0.02199999988079071
8323,23,83,0.795,-1.005,0,nan,147,0.0,147,0.02199999988079071
8324,24,83,0.765,-1.005,0,nan,147,0.0,147,0.02199999988079071
8325,25,83,0.735,-1.005,0,nan,147,0.0,147,0.02199999988079071
8326,26,83,0.7050000000000001,-1.005,0,nan,147,0.0,147,0.02199999988079071
8327,27,83,0.675,-1.005,0,nan,147,0.0,147,0.02199999988079071
8328,28,83,0.645,-1.005,0,nan,147,0.0,147,0.02199999988079071
8329,29,83,0.615,-1.005,0,nan,147,0.0,147,0.02199999988079071
8330,30,83,0.5850000000000001,-1.005,0,nan,147,0.0,147,0.02199999988079071
8331,31,83,0.555,-1.005,0,nan,147,0.0,147,0.02199999988079071
8332,32,83,0.525,-1.005,0,nan,147,0.0,147,0.02199999988079071
8333,33,83,0.4950000000000001,-1.005,0,nan,147,0.0,147,0.02199999988079071
8334,34,83,0.4650000000000001,-1.005,0,nan,147,0.0,147,0.02199999988079071
8335,35,83,0.43500000000000005,-1.005,0,nan,147,0.0,147,0.02199999988079071
8336,36,83,0.405,-1.005,0,nan,147,0.0,147,0.02199999988079071
8337,37,83,0.375,-1.005,0,nan,147,0.0,147,0.02199999988079071
8338,38,83,0.345,-1.005,0,nan,147,0.0,147,0.02199999988079071
8339,39,83,0.31499999999999995,-1.005,0,nan,147,0.0,147,0.02199999988079071
8340,40,83,0.28500000000000014,-1.005,0,nan,147,0.0,147,0.02199999988079071
8341,41,83,0.2550000000000001,-1.005,0,nan,147,0.0,147,0.02199999988079071
8342,42,83,0.2250000000000001,-1.005,0,nan,147,0.0,147,0.02199999988079071
8343,43,83,0.19500000000000006,-1.005,0,nan,147,0.0,147,0.02199999988079071
8344,44,83,0.16500000000000004,-1.005,0,nan,147,0.0,147,0.02199999988079071
8345,45,83,0.135,-1.005,0,nan,147,0.0,147,0.02199999988079071
8346,46,83,0.10499999999999998,-1.005,0,nan,147,0.0,147,0.02199999988079071
8347,47,83,0.07499999999999996,-1.005,0,nan,147,0.0,147,0.02199999988079071
8348,48,83,0.04500000000000015,-1.005,0,nan,147,0.0,147,0.02199999988079071
8349,49,83,0.015000000000000124,-1.005,0,nan,147,0.0,147,0.02199999988079071
8350,50,83,-0.014999999999999902,-1.005,0,nan,147,0.0,147,0.02199999988079071
8351,51,83,-0.04499999999999993,-1.005,0,nan,147,0.0,147,0.02199999988079071
8352,52,83,-0.07499999999999996,-1.005,0,nan,147,0.0,147,0.02199999988079071
8353,53,83,-0.10499999999999998,-1.005,0,nan,147,0.0,147,0.02199999988079071
8354,54,83,-0.135,-1.005,0,nan,147,0.0,147,0.02199999988079071
8355,55,83,-0.16500000000000004,-1.005,0,nan,147,0.0,147,0.02199999988079071
8356,56,83,-0.19499999999999984,-1.005,0,nan,147,0.0,147,0.02199999988079071
8357,57,83,-0.22499999999999987,-1.005,0,nan,147,0.0,147,0.02199999988079071
8358,58,83,-0.2549999999999999,-1.005,0,nan,147,0.0,147,0.02199999988079071
8359,59,83,-0.2849999999999999,-1.005,0,nan,147,0.0,147,0.02199999988079071
8360,60,83,-0.31499999999999995,-1.005,0,nan,147,0.0,147,0.02199999988079071
8361,61,83,-0.345,-1.005,0,nan,147,0.0,147,0.02199999988079071
8362,62,83,-0.375,-1.005,0,nan,147,0.0,147,0.02199999988079071
8363,63,83,-0.405,-1.005,0,nan,147,0.0,147,0.02199999988079071
8364,64,83,-0.43499999999999983,-1.005,0,nan,147,0.0,147,0.02199999988079071
8365,65,83,-0.46499999999999986,-1.005,0,nan,147,0.0,147,0.02199999988079071
8366,66,83,-0.4949999999999999,-1.005,0,nan,147,0.0,147,0.02199999988079071
8367,67,83,-0.5249999999999999,-1.005,0,nan,147,0.0,147,0.02199999988079071
8368,68,83,-0.5549999999999997,-1.005,0,nan,147,0.0,147,0.02199999988079071
8369,69,83,-0.585,-1.005,0,nan,147,0.0,147,0.02199999988079071
8370,70,83,-0.6149999999999998,-1.005,0,nan,147,0.0,147,0.02199999988079071
8371,71,83,-0.645,-1.005,0,nan,147,0.0,147,0.02199999988079071
8372,72,83,-0.6749999999999998,-1.005,0,nan,147,0.0,147,0.02199999988079071
8373,73,83,-0.7050000000000001,-1.005,0,nan,147,0.0,147,0.02199999988079071
8374,74,83,-0.7349999999999999,-1.005,0,nan,147,0.0,147,0.02199999988079071
8375,75,83,-0.7650000000000001,-1.005,0,nan,147,0.0,147,0.02199999988079071
8376,76,83,-0.7949999999999999,-1.005,0,nan,147,0.0,147,0.02199999988079071
8377,77,83,-0.8249999999999997,-1.005,0,nan,147,0.0,147,0.02199999988079071
8378,78,83,-0.855,-1.005,0,nan,147,0.0,147,0.02199999988079071
8379,79,83,-0.8849999999999998,-1.005,0,nan,147,0.0,147,0.02199999988079071
8380,80,83,-0.915,-1.005,0,nan,147,0.0,147,0.02199999988079071
8381,81,83,-0.9449999999999998,-1.005,0,nan,147,0.0,147,0.02199999988079071
8382,82,83,-0.9750000000000001,-1.005,0,nan,147,0.0,147,0.02199999988079071
8383,83,83,-1.005,-1.005,0,nan,147,0.0,147,0.02199999988079071
8384,84,83,-1.0349999999999997,-1.005,0,nan,147,0.0,147,0.02199999988079071
8385,85,83,-1.065,-1.005,0,nan,147,0.0,147,0.02199999988079071
8386,86,83,-1.0949999999999998,-1.005,0,nan,147,0.0,147,0.02199999988079071
8387,87,83,-1.125,-1.005,0,nan,147,0.0,147,0.02199999988079071
8388,88,83,-1.1549999999999998,-1.005,0,nan,147,0.0,147,0.02199999988079071
8389,89,83,-1.185,-1.005,0,nan,147,0.0,147,0.02199999988079071
8390,90,83,-1.2149999999999999,-1.005,0,nan,147,0.0,147,0.02199999988079071
8391,91,83,-1.245,-1.005,0,nan,147,0.0,147,0.02199999988079071
8392,92,83,-1.275,-1.005,0,nan,147,0.0,147,0.02199999988079071
8393,93,83,-1.3049999999999997,-1.005,0,nan,147,0.0,147,0.02199999988079071
8394,94,83,-1.335,-1.005,0,nan,147,0.0,147,0.02199999988079071
8395,95,83,-1.3649999999999998,-1.005,0,nan,147,0.0,147,0.02199999988079071
8396,96,83,-1.395,-1.005,0,nan,147,0.0,147,0.02199999988079071
8397,97,83,-1.4249999999999998,-1.005,0,nan,147,0.0,147,0.0
8398,98,83,-1.455,-1.005,0,nan,147,0.0,147,0.0
8399,99,83,-1.4849999999999999,-1.005,0,nan,147,0.0,147,0.0
8400,0,84,1.485,-1.0349999999999997,0,nan,147,0.0,147,0.0
8401,1,84,1.455,-1.0349999999999997,0,nan,147,0.0,147,0.0
8402,2,84,1.425,-1.0349999999999997,0,nan,147,0.0,147,0.0
8403,3,84,1.395,-1.0349999999999997,0,nan,147,0.0,147,0.02199999988079071
8404,4,84,1.365,-1.0349999999999997,0,nan,147,0.0,147,0.02199999988079071
8405,5,84,1.335,-1.0349999999999997,0,nan,147,0.0,147,0.02199999988079071
8406,6,84,1.305,-1.0349999999999997,0,nan,147,0.0,147,0.02199999988079071
8407,7,84,1.275,-1.0349999999999997,0,nan,147,0.0,147,0.02199999988079071
8408,8,84,1.245,-1.0349999999999997,0,nan,147,0.0,147,0.02199999988079071
8409,9,84,1.215,-1.0349999999999997,0,nan,147,0.0,147,0.02199999988079071
8410,10,84,1.185,-1.0349999999999997,0,nan,147,0.0,147,0.02199999988079071
8411,11,84,1.155,-1.0349999999999997,0,nan,147,0.0,147,0.02199999988079071
8412,12,84,1.125,-1.0349999999999997,0,nan,147,0.0,147,0.02199999988079071
8413,13,84,1.095,-1.0349999999999997,0,nan,147,0.0,147,0.02199999988079071
8414,14,84,1.065,-1.0349999999999997,0,nan,147,0.0,147,0.02199999988079071
8415,15,84,1.0350000000000001,-1.0349999999999997,0,nan,147,0.0,147,0.02199999988079071
8416,16,84,1.005,-1.0349999999999997,0,nan,147,0.0,147,0.02199999988079071
8417,17,84,0.975,-1.0349999999999997,0,nan,147,0.0,147,0.02199999988079071
8418,18,84,0.9450000000000001,-1.0349999999999997,0,nan,147,0.0,147,0.02199999988079071
8419,19,84,0.915,-1.0349999999999997,0,nan,147,0.0,147,0.02199999988079071
8420,20,84,0.885,-1.0349999999999997,0,nan,147,0.0,147,0.02199999988079071
8421,21,84,0.855,-1.0349999999999997,0,nan,147,0.0,147,0.02199999988079071
8422,22,84,0.8250000000000001,-1.0349999999999997,0,nan,147,0.0,147,0.02199999988079071
8423,23,84,0.795,-1.0349999999999997,0,nan,147,0.0,147,0.02199999988079071
8424,24,84,0.765,-1.0349999999999997,0,nan,147,0.0,147,0.02199999988079071
8425,25,84,0.735,-1.0349999999999997,0,nan,147,0.0,147,0.02199999988079071
8426,26,84,0.7050000000000001,-1.0349999999999997,0,nan,147,0.0,147,0.02199999988079071
8427,27,84,0.675,-1.0349999999999997,0,nan,147,0.0,147,0.02199999988079071
8428,28,84,0.645,-1.0349999999999997,0,nan,147,0.0,147,0.02199999988079071
8429,29,84,0.615,-1.0349999999999997,0,nan,147,0.0,147,0.02199999988079071
8430,30,84,0.5850000000000001,-1.0349999999999997,0,nan,147,0.0,147,0.02199999988079071
8431,31,84,0.555,-1.0349999999999997,0,nan,147,0.0,147,0.02199999988079071
8432,32,84,0.525,-1.0349999999999997,0,nan,147,0.0,147,0.02199999988079071
8433,33,84,0.4950000000000001,-1.0349999999999997,0,nan,147,0.0,147,0.02199999988079071
8434,34,84,0.4650000000000001,-1.0349999999999997,0,nan,147,0.0,147,0.02199999988079071
8435,35,84,0.43500000000000005,-1.0349999999999997,0,nan,147,0.0,147,0.02199999988079071
8436,36,84,0.405,-1.0349999999999997,0,nan,147,0.0,147,0.02199999988079071
8437,37,84,0.375,-1.0349999999999997,0,nan,147,0.0,147,0.02199999988079071
8438,38,84,0.345,-1.0349999999999997,0,nan,147,0.0,147,0.02199999988079071
8439,39,84,0.31499999999999995,-1.0349999999999997,0,nan,147,0.0,147,0.02199999988079071
8440,40,84,0.28500000000000014,-1.0349999999999997,0,nan,147,0.0,147,0.02199999988079071
8441,41,84,0.2550000000000001,-1.0349999999999997,0,nan,147,0.0,147,0.02199999988079071
8442,42,84,0.2250000000000001,-1.0349999999999997,0,nan,147,0.0,147,0.02199999988079071
8443,43,84,0.19500000000000006,-1.0349999999999997,0,nan,147,0.0,147,0.02199999988079071
8444,44,84,0.16500000000000004,-1.0349999999999997,0,nan,147,0.0,147,0.02199999988079071
8445,45,84,0.135,-1.0349999999999997,0,nan,147,0.0,147,0.02199999988079071
8446,46,84,0.10499999999999998,-1.0349999999999997,0,nan,147,0.0,147,0.02199999988079071
8447,47,84,0.07499999999999996,-1.0349999999999997,0,nan,147,0.0,147,0.02199999988079071
8448,48,84,0.04500000000000015,-1.0349999999999997,0,nan,147,0.0,147,0.02199999988079071
8449,49,84,0.015000000000000124,-1.0349999999999997,0,nan,147,0.0,147,0.02199999988079071
8450,50,84,-0.014999999999999902,-1.0349999999999997,0,nan,147,0.0,147,0.02199999988079071
8451,51,84,-0.04499999999999993,-1.0349999999999997,0,nan,147,0.0,147,0.02199999988079071
8452,52,84,-0.07499999999999996,-1.0349999999999997,0,nan,147,0.0,147,0.02199999988079071
8453,53,84,-0.10499999999999998,-1.0349999999999997,0,nan,147,0.0,147,0.02199999988079071
8454,54,84,-0.135,-1.0349999999999997,0,nan,147,0.0,147,0.02199999988079071
8455,55,84,-0.16500000000000004,-1.0349999999999997,0,nan,147,0.0,147,0.02199999988079071
8456,56,84,-0.19499999999999984,-1.0349999999999997,0,nan,147,0.0,147,0.02199999988079071
8457,57,84,-0.22499999999999987,-1.0349999999999997,0,nan,147,0.0,147,0.02199999988079071
8458,58,84,-0.2549999999999999,-1.0349999999999997,0,nan,147,0.0,147,0.02199999988079071
8459,59,84,-0.2849999999999999,-1.0349999999999997,0,nan,147,0.0,147,0.02199999988079071
8460,60,84,-0.31499999999999995,-1.0349999999999997,0,nan,147,0.0,147,0.02199999988079071
8461,61,84,-0.345,-1.0349999999999997,0,nan,147,0.0,147,0.02199999988079071
8462,62,84,-0.375,-1.0349999999999997,0,nan,147,0.0,147,0.02199999988079071
8463,63,84,-0.405,-1.0349999999999997,0,nan,147,0.0,147,0.02199999988079071
8464,64,84,-0.43499999999999983,-1.0349999999999997,0,nan,147,0.0,147,0.02199999988079071
8465,65,84,-0.46499999999999986,-1.0349999999999997,0,nan,147,0.0,147,0.02199999988079071
8466,66,84,-0.4949999999999999,-1.0349999999999997,0,nan,147,0.0,147,0.02199999988079071
8467,67,84,-0.5249999999999999,-1.0349999999999997,0,nan,147,0.0,147,0.02199999988079071
8468,68,84,-0.5549999999999997,-1.0349999999999997,0,nan,147,0.0,147,0.02199999988079071
8469,69,84,-0.585,-1.0349999999999997,0,nan,147,0.0,147,0.02199999988079071
8470,70,84,-0.6149999999999998,-1.0349999999999997,0,nan,147,0.0,147,0.02199999988079071
8471,71,84,-0.645,-1.0349999999999997,0,nan,147,0.0,147,0.02199999988079071
8472,72,84,-0.6749999999999998,-1.0349999999999997,0,nan,147,0.0,147,0.02199999988079071
8473,73,84,-0.7050000000000001,-1.0349999999999997,0,nan,147,0.0,147,0.02199999988079071
8474,74,84,-0.7349999999999999,-1.0349999999999997,0,nan,147,0.0,147,0.02199999988079071
8475,75,84,-0.7650000000000001,-1.0349999999999997,0,nan,147,0.0,147,0.02199999988079071
8476,76,84,-0.7949999999999999,-1.0349999999999997,0,nan,147,0.0,147,0.02199999988079071
8477,77,84,-0.8249999999999997,-1.0349999999999997,0,nan,147,0.0,147,0.02199999988079071
8478,78,84,-0.855,-1.0349999999999997,0,nan,147,0.0,147,0.02199999988079071
8479,79,84,-0.8849999999999998,-1.0349999999999997,0,nan,147,0.0,147,0.02199999988079071
8480,80,84,-0.915,-1.0349999999999997,0,nan,147,0.0,147,0.02199999988079071
8481,81,84,-0.9449999999999998,-1.0349999999999997,0,nan,147,0.0,147,0.02199999988079071
8482,82,84,-0.9750000000000001,-1.0349999999999997,0,nan,147,0.0,147,0.02199999988079071
8483,83,84,-1.005,-1.0349999999999997,0,nan,147,0.0,147,0.02199999988079071
8484,84,84,-1.0349999999999997,-1.0349999999999997,0,nan,147,0.0,147,0.02199999988079071
8485,85,84,-1.065,-1.0349999999999997,0,nan,147,0.0,147,0.02199999988079071
8486,86,84,-1.0949999999999998,-1.0349999999999997,0,nan,147,0.0,147,0.02199999988079071
8487,87,84,-1.125,-1.0349999999999997,0,nan,147,0.0,147,0.02199999988079071
8488,88,84,-1.1549999999999998,-1.0349999999999997,0,nan,147,0.0,147,0.02199999988079071
8489,89,84,-1.185,-1.0349999999999997,0,nan,147,0.0,147,0.02199999988079071
8490,90,84,-1.2149999999999999,-1.0349999999999997,0,nan,147,0.0,147,0.02199999988079071
8491,91,84,-1.245,-1.0349999999999997,0,nan,147,0.0,147,0.02199999988079071
8492,92,84,-1.275,-1.0349999999999997,0,nan,147,0.0,147,0.02199999988079071
8493,93,84,-1.3049999999999997,-1.0349999999999997,0,nan,147,0.0,147,0.02199999988079071
8494,94,84,-1.335,-1.0349999999999997,0,nan,147,0.0,147,0.02199999988079071
8495,95,84,-1.3649999999999998,-1.0349999999999997,0,nan,147,0.0,147,0.02199999988079071
8496,96,84,-1.395,-1.0349999999999997,0,nan,147,0.0,147,0.02199999988079071
8497,97,84,-1.4249999999999998,-1.0349999999999997,0,nan,147,0.0,147,0.0
8498,98,84,-1.455,-1.0349999999999997,0,nan,147,0.0,147,0.0
8499,99,84,-1.4849999999999999,-1.0349999999999997,0,nan,147,0.0,147,0.0
8500,0,85,1.485,-1.065,0,nan,147,0.0,147,0.0
8501,1,85,1.455,-1.065,0,nan,147,0.0,147,0.0
8502,2,85,1.425,-1.065,0,nan,147,0.0,147,0.0
8503,3,85,1.395,-1.065,0,nan,147,0.0,147,0.02199999988079071
8504,4,85,1.365,-1.065,0,nan,147,0.0,147,0.02199999988079071
8505,5,85,1.335,-1.065,0,nan,147,0.0,147,0.02199999988079071
8506,6,85,1.305,-1.065,0,nan,147,0.0,147,0.02199999988079071
8507,7,85,1.275,-1.065,0,nan,147,0.0,147,0.02199999988079071
8508,8,85,1.245,-1.065,0,nan,147,0.0,147,0.02199999988079071
8509,9,85,1.215,-1.065,0,nan,147,0.0,147,0.02199999988079071
8510,10,85,1.185,-1.065,0,nan,147,0.0,147,0.02199999988079071
8511,11,85,1.155,-1.065,0,nan,147,0.0,147,0.02199999988079071
8512,12,85,1.125,-1.065,0,nan,147,0.0,147,0.02199999988079071
8513,13,85,1.095,-1.065,0,nan,147,0.0,147,0.02199999988079071
8514,14,85,1.065,-1.065,0,nan,147,0.0,147,0.02199999988079071
8515,15,85,1.0350000000000001,-1.065,0,nan,147,0.0,147,0.02199999988079071
8516,16,85,1.005,-1.065,0,nan,147,0.0,147,0.02199999988079071
8517,17,85,0.975,-1.065,0,nan,147,0.0,147,0.02199999988079071
8518,18,85,0.9450000000000001,-1.065,0,nan,147,0.0,147,0.02199999988079071
8519,19,85,0.915,-1.065,0,nan,147,0.0,147,0.02199999988079071
8520,20,85,0.885,-1.065,0,nan,147,0.0,147,0.02199999988079071
8521,21,85,0.855,-1.065,0,nan,147,0.0,147,0.02199999988079071
8522,22,85,0.8250000000000001,-1.065,0,nan,147,0.0,147,0.02199999988079071
8523,23,85,0.795,-1.065,0,nan,147,0.0,147,0.02199999988079071
8524,24,85,0.765,-1.065,0,nan,147,0.0,147,0.02199999988079071
8525,25,85,0.735,-1.065,0,nan,147,0.0,147,0.02199999988079071
8526,26,85,0.7050000000000001,-1.065,0,nan,147,0.0,147,0.02199999988079071
8527,27,85,0.675,-1.065,0,nan,147,0.0,147,0.02199999988079071
8528,28,85,0.645,-1.065,0,nan,147,0.0,147,0.02199999988079071
8529,29,85,0.615,-1.065,0,nan,147,0.0,147,0.02199999988079071
8530,30,85,0.5850000000000001,-1.065,0,nan,147,0.0,147,0.02199999988079071
8531,31,85,0.555,-1.065,0,nan,147,0.0,147,0.02199999988079071
8532,32,85,0.525,-1.065,0,nan,147,0.0,147,0.02199999988079071
8533,33,85,0.4950000000000001,-1.065,0,nan,147,0.0,147,0.02199999988079071
8534,34,85,0.4650000000000001,-1.065,0,nan,147,0.0,147,0.02199999988079071
8535,35,85,0.43500000000000005,-1.065,0,nan,147,0.0,147,0.02199999988079071
8536,36,85,0.405,-1.065,0,nan,147,0.0,147,0.02199999988079071
8537,37,85,0.375,-1.065,0,nan,147,0.0,147,0.02199999988079071
8538,38,85,0.345,-1.065,0,nan,147,0.0,147,0.02199999988079071
8539,39,85,0.31499999999999995,-1.065,0,nan,147,0.0,147,0.02199999988079071
8540,40,85,0.28500000000000014,-1.065,0,nan,147,0.0,147,0.02199999988079071
8541,41,85,0.2550000000000001,-1.065,0,nan,147,0.0,147,0.02199999988079071
8542,42,85,0.2250000000000001,-1.065,0,nan,147,0.0,147,0.02199999988079071
8543,43,85,0.19500000000000006,-1.065,0,nan,147,0.0,147,0.02199999988079071
8544,44,85,0.16500000000000004,-1.065,0,nan,147,0.0,147,0.02199999988079071
8545,45,85,0.135,-1.065,0,nan,147,0.0,147,0.02199999988079071
8546,46,85,0.10499999999999998,-1.065,0,nan,147,0.0,147,0.02199999988079071
8547,47,85,0.07499999999999996,-1.065,0,nan,147,0.0,147,0.02199999988079071
8548,48,85,0.04500000000000015,-1.065,0,nan,147,0.0,147,0.02199999988079071
8549,49,85,0.015000000000000124,-1.065,0,nan,147,0.0,147,0.02199999988079071
8550,50,85,-0.014999999999999902,-1.065,0,nan,147,0.0,147,0.02199999988079071
8551,51,85,-0.04499999999999993,-1.065,0,nan,147,0.0,147,0.02199999988079071
8552,52,85,-0.07499999999999996,-1.065,0,nan,147,0.0,147,0.02199999988079071
8553,53,85,-0.10499999999999998,-1.065,0,nan,147,0.0,147,0.02199999988079071
8554,54,85,-0.135,-1.065,0,nan,147,0.0,147,0.02199999988079071
8555,55,85,-0.16500000000000004,-1.065,0,nan,147,0.0,147,0.02199999988079071
8556,56,85,-0.19499999999999984,-1.065,0,nan,147,0.0,147,0.02199999988079071
8557,57,85,-0.22499999999999987,-1.065,0,nan,147,0.0,147,0.02199999988079071
8558,58,85,-0.2549999999999999,-1.065,0,nan,147,0.0,147,0.02199999988079071
8559,59,85,-0.2849999999999999,-1.065,0,nan,147,0.0,147,0.02199999988079071
8560,60,85,-0.31499999999999995,-1.065,0,nan,147,0.0,147,0.02199999988079071
8561,61,85,-0.345,-1.065,0,nan,147,0.0,147,0.02199999988079071
8562,62,85,-0.375,-1.065,0,nan,147,0.0,147,0.02199999988079071
8563,63,85,-0.405,-1.065,0,nan,147,0.0,147,0.02199999988079071
8564,64,85,-0.43499999999999983,-1.065,0,nan,147,0.0,147,0.02199999988079071
8565,65,85,-0.46499999999999986,-1.065,0,nan,147,0.0,147,0.02199999988079071
8566,66,85,-0.4949999999999999,-1.065,0,nan,147,0.0,147,0.02199999988079071
8567,67,85,-0.5249999999999999,-1.065,0,nan,147,0.0,147,0.02199999988079071
8568,68,85,-0.5549999999999997,-1.065,0,nan,147,0.0,147,0.02199999988079071
8569,69,85,-0.585,-1.065,0,nan,147,0.0,147,0.02199999988079071
8570,70,85,-0.6149999999999998,-1.065,0,nan,147,0.0,147,0.02199999988079071
8571,71,85,-0.645,-1.065,0,nan,147,0.0,147,0.02199999988079071
8572,72,85,-0.6749999999999998,-1.065,0,nan,147,0.0,147,0.02199999988079071
8573,73,85,-0.7050000000000001,-1.065,0,nan,147,0.0,147,0.02199999988079071
8574,74,85,-0.7349999999999999,-1.065,0,nan,147,0.0,147,0.02199999988079071
8575,75,85,-0.7650000000000001,-1.065,0,nan,147,0.0,147,0.02199999988079071
8576,76,85,-0.7949999999999999,-1.065,0,nan,147,0.0,147,0.02199999988079071
8577,77,85,-0.8249999999999997,-1.065,0,nan,147,0.0,147,0.02199999988079071
8578,78,85,-0.855,-1.065,0,nan,147,0.0,147,0.02199999988079071
8579,79,85,-0.8849999999999998,-1.065,0,nan,147,0.0,147,0.02199999988079071
8580,80,85,-0.915,-1.065,0,nan,147,0.0,147,0.02199999988079071
8581,81,85,-0.9449999999999998,-1.065,0,nan,147,0.0,147,0.02199999988079071
8582,82,85,-0.9750000000000001,-1.065,0,nan,147,0.0,147,0.02199999988079071
8583,83,85,-1.005,-1.065,0,nan,147,0.0,147,0.02199999988079071
8584,84,85,-1.0349999999999997,-1.065,0,nan,147,0.0,147,0.02199999988079071
8585,85,85,-1.065,-1.065,0,nan,147,0.0,147,0.02199999988079071
8586,86,85,-1.0949999999999998,-1.065,0,nan,147,0.0,147,0.02199999988079071
8587,87,85,-1.125,-1.065,0,nan,147,0.0,147,0.02199999988079071
8588,88,85,-1.1549999999999998,-1.065,0,nan,147,0.0,147,0.02199999988079071
8589,89,85,-1.185,-1.065,0,nan,147,0.0,147,0.02199999988079071
8590,90,85,-1.2149999999999999,-1.065,0,nan,147,0.0,147,0.02199999988079071
8591,91,85,-1.245,-1.065,0,nan,147,0.0,147,0.02199999988079071
8592,92,85,-1.275,-1.065,0,nan,147,0.0,147,0.02199999988079071
8593,93,85,-1.3049999999999997,-1.065,0,nan,147,0.0,147,0.02199999988079071
8594,94,85,-1.335,-1.065,0,nan,147,0.0,147,0.02199999988079071
8595,95,85,-1.3649999999999998,-1.065,0,nan,147,0.0,147,0.02199999988079071
8596,96,85,-1.395,-1.065,0,nan,147,0.0,147,0.02199999988079071
8597,97,85,-1.4249999999999998,-1.065,0,nan,147,0.0,147,0.0
8598,98,85,-1.455,-1.065,0,nan,147,0.0,147,0.0
8599,99,85,-1.4849999999999999,-1.065,0,nan,147,0.0,147,0.0
8600,0,86,1.485,-1.0949999999999998,0,nan,147,0.0,147,0.0
8601,1,86,1.455,-1.0949999999999998,0,nan,147,0.0,147,0.0
8602,2,86,1.425,-1.0949999999999998,0,nan,147,0.0,147,0.0
8603,3,86,1.395,-1.0949999999999998,0,nan,147,0.0,147,0.02199999988079071
8604,4,86,1.365,-1.0949999999999998,0,nan,147,0.0,147,0.02199999988079071
8605,5,86,1.335,-1.0949999999999998,0,nan,147,0.0,147,0.02199999988079071
8606,6,86,1.305,-1.0949999999999998,0,nan,147,0.0,147,0.02199999988079071
8607,7,86,1.275,-1.0949999999999998,0,nan,147,0.0,147,0.02199999988079071
8608,8,86,1.245,-1.0949999999999998,0,nan,147,0.0,147,0.02199999988079071
8609,9,86,1.215,-1.0949999999999998,0,nan,147,0.0,147,0.02199999988079071
8610,10,86,1.185,-1.0949999999999998,0,nan,147,0.0,147,0.02199999988079071
8611,11,86,1.155,-1.0949999999999998,0,nan,147,0.0,147,0.02199999988079071
8612,12,86,1.125,-1.0949999999999998,0,nan,147,0.0,147,0.02199999988079071
8613,13,86,1.095,-1.0949999999999998,0,nan,147,0.0,147,0.02199999988079071
8614,14,86,1.065,-1.0949999999999998,0,nan,147,0.0,147,0.02199999988079071
8615,15,86,1.0350000000000001,-1.0949999999999998,0,nan,147,0.0,147,0.02199999988079071
8616,16,86,1.005,-1.0949999999999998,0,nan,147,0.0,147,0.02199999988079071
8617,17,86,0.975,-1.0949999999999998,0,nan,147,0.0,147,0.02199999988079071
8618,18,86,0.9450000000000001,-1.0949999999999998,0,nan,147,0.0,147,0.02199999988079071
8619,19,86,0.915,-1.0949999999999998,0,nan,147,0.0,147,0.02199999988079071
8620,20,86,0.885,-1.0949999999999998,0,nan,147,0.0,147,0.02199999988079071
8621,21,86,0.855,-1.0949999999999998,0,nan,147,0.0,147,0.02199999988079071
8622,22,86,0.8250000000000001,-1.0949999999999998,0,nan,147,0.0,147,0.02199999988079071
8623,23,86,0.795,-1.0949999999999998,0,nan,147,0.0,147,0.02199999988079071
8624,24,86,0.765,-1.0949999999999998,0,nan,147,0.0,147,0.02199999988079071
8625,25,86,0.735,-1.0949999999999998,0,nan,147,0.0,147,0.02199999988079071
8626,26,86,0.7050000000000001,-1.0949999999999998,0,nan,147,0.0,147,0.02199999988079071
8627,27,86,0.675,-1.0949999999999998,0,nan,147,0.0,147,0.02199999988079071
8628,28,86,0.645,-1.0949999999999998,0,nan,147,0.0,147,0.02199999988079071
8629,29,86,0.615,-1.0949999999999998,0,nan,147,0.0,147,0.02199999988079071
8630,30,86,0.5850000000000001,-1.0949999999999998,0,nan,147,0.0,147,0.02199999988079071
8631,31,86,0.555,-1.0949999999999998,0,nan,147,0.0,147,0.02199999988079071
8632,32,86,0.525,-1.0949999999999998,0,nan,147,0.0,147,0.02199999988079071
8633,33,86,0.4950000000000001,-1.0949999999999998,0,nan,147,0.0,147,0.02199999988079071
8634,34,86,0.4650000000000001,-1.0949999999999998,0,nan,147,0.0,147,0.02199999988079071
8635,35,86,0.43500000000000005,-1.0949999999999998,0,nan,147,0.0,147,0.02199999988079071
8636,36,86,0.405,-1.0949999999999998,0,nan,147,0.0,147,0.02199999988079071
8637,37,86,0.375,-1.0949999999999998,0,nan,147,0.0,147,0.02199999988079071
8638,38,86,0.345,-1.0949999999999998,0,nan,147,0.0,147,0.02199999988079071
8639,39,86,0.31499999999999995,-1.0949999999999998,0,nan,147,0.0,147,0.02199999988079071
8640,40,86,0.28500000000000014,-1.0949999999999998,0,nan,147,0.0,147,0.02199999988079071
8641,41,86,0.2550000000000001,-1.0949999999999998,0,nan,147,0.0,147,0.02199999988079071
8642,42,86,0.2250000000000001,-1.0949999999999998,0,nan,147,0.0,147,0.02199999988079071
8643,43,86,0.19500000000000006,-1.0949999999999998,0,nan,147,0.0,147,0.02199999988079071
8644,44,86,0.16500000000000004,-1.0949999999999998,0,nan,147,0.0,147,0.02199999988079071
8645,45,86,0.135,-1.0949999999999998,0,nan,147,0.0,147,0.02199999988079071
8646,46,86,0.10499999999999998,-1.0949999999999998,0,nan,147,0.0,147,0.02199999988079071
8647,47,86,0.07499999999999996,-1.0949999999999998,0,nan,147,0.0,147,0.02199999988079071
8648,48,86,0.04500000000000015,-1.0949999999999998,0,nan,147,0.0,147,0.02199999988079071
8649,49,86,0.015000000000000124,-1.0949999999999998,0,nan,147,0.0,147,0.02199999988079071
8650,50,86,-0.014999999999999902,-1.0949999999999998,0,nan,147,0.0,147,0.02199999988079071
8651,51,86,-0.04499999999999993,-1.0949999999999998,0,nan,147,0.0,147,0.02199999988079071
8652,52,86,-0.07499999999999996,-1.0949999999999998,0,nan,147,0.0,147,0.02199999988079071
8653,53,86,-0.10499999999999998,-1.0949999999999998,0,nan,147,0.0,147,0.02199999988079071
8654,54,86,-0.135,-1.0949999999999998,0,nan,147,0.0,147,0.02199999988079071
8655,55,86,-0.16500000000000004,-1.0949999999999998,0,nan,147,0.0,147,0.02199999988079071
8656,56,86,-0.19499999999999984,-1.0949999999999998,0,nan,147,0.0,147,0.02199999988079071
8657,57,86,-0.22499999999999987,-1.0949999999999998,0,nan,147,0.0,147,0.02199999988079071
8658,58,86,-0.2549999999999999,-1.0949999999999998,0,nan,147,0.0,147,0.02199999988079071
8659,59,86,-0.2849999999999999,-1.0949999999999998,0,nan,147,0.0,147,0.02199999988079071
8660,60,86,-0.31499999999999995,-1.0949999999999998,0,nan,147,0.0,147,0.02199999988079071
8661,61,86,-0.345,-1.0949999999999998,0,nan,147,0.0,147,0.02199999988079071
8662,62,86,-0.375,-1.0949999999999998,0,nan,147,0.0,147,0.02199999988079071
8663,63,86,-0.405,-1.0949999999999998,0,nan,147,0.0,147,0.02199999988079071
8664,64,86,-0.43499999999999983,-1.0949999999999998,0,nan,147,0.0,147,0.02199999988079071
8665,65,86,-0.46499999999999986,-1.0949999999999998,0,nan,147,0.0,147,0.02199999988079071
8666,66,86,-0.4949999999999999,-1.0949999999999998,0,nan,147,0.0,147,0.02199999988079071
8667,67,86,-0.5249999999999999,-1.0949999999999998,0,nan,147,0.0,147,0.02199999988079071
8668,68,86,-0.5549999999999997,-1.0949999999999998,0,nan,147,0.0,147,0.02199999988079071
8669,69,86,-0.585,-1.0949999999999998,0,nan,147,0.0,147,0.02199999988079071
8670,70,86,-0.6149999999999998,-1.0949999999999998,0,nan,147,0.0,147,0.02199999988079071
8671,71,86,-0.645,-1.0949999999999998,0,nan,147,0.0,147,0.02199999988079071
8672,72,86,-0.6749999999999998,-1.0949999999999998,0,nan,147,0.0,147,0.02199999988079071
8673,73,86,-0.7050000000000001,-1.0949999999999998,0,nan,147,0.0,147,0.02199999988079071
8674,74,86,-0.7349999999999999,-1.0949999999999998,0,nan,147,0.0,147,0.02199999988079071
8675,75,86,-0.7650000000000001,-1.0949999999999998,0,nan,147,0.0,147,0.02199999988079071
8676,76,86,-0.7949999999999999,-1.0949999999999998,0,nan,147,0.0,147,0.02199999988079071
8677,77,86,-0.8249999999999997,-1.0949999999999998,0,nan,147,0.0,147,0.02199999988079071
8678,78,86,-0.855,-1.0949999999999998,0,nan,147,0.0,147,0.02199999988079071
8679,79,86,-0.8849999999999998,-1.0949999999999998,0,nan,147,0.0,147,0.02199999988079071
8680,80,86,-0.915,-1.0949999999999998,0,nan,147,0.0,147,0.02199999988079071
8681,81,86,-0.9449999999999998,-1.0949999999999998,0,nan,147,0.0,147,0.02199999988079071
8682,82,86,-0.9750000000000001,-1.0949999999999998,0,nan,147,0.0,147,0.02199999988079071
8683,83,86,-1.005,-1.0949999999999998,0,nan,147,0.0,147,0.02199999988079071
8684,84,86,-1.0349999999999997,-1.0949999999999998,0,nan,147,0.0,147,0.02199999988079071
8685,85,86,-1.065,-1.0949999999999998,0,nan,147,0.0,147,0.02199999988079071
8686,86,86,-1.0949999999999998,-1.0949999999999998,0,nan,147,0.0,147,0.02199999988079071
8687,87,86,-1.125,-1.0949999999999998,0,nan,147,0.0,147,0.02199999988079071
8688,88,86,-1.1549999999999998,-1.0949999999999998,0,nan,147,0.0,147,0.02199999988079071
8689,89,86,-1.185,-1.0949999999999998,0,nan,147,0.0,147,0.02199999988079071
8690,90,86,-1.2149999999999999,-1.0949999999999998,0,nan,147,0.0,147,0.02199999988079071
8691,91,86,-1.245,-1.0949999999999998,0,nan,147,0.0,147,0.02199999988079071
8692,92,86,-1.275,-1.0949999999999998,0,nan,147,0.0,147,0.02199999988079071
8693,93,86,-1.3049999999999997,-1.0949999999999998,0,nan,147,0.0,147,0.02199999988079071
8694,94,86,-1.335,-1.0949999999999998,0,nan,147,0.0,147,0.02199999988079071
8695,95,86,-1.3649999999999998,-1.0949999999999998,0,nan,147,0.0,147,0.02199999988079071
8696,96,86,-1.395,-1.0949999999999998,0,nan,147,0.0,147,0.02199999988079071
8697,97,86,-1.4249999999999998,-1.0949999999999998,0,nan,147,0.0,147,0.0
8698,98,86,-1.455,-1.0949999999999998,0,nan,147,0.0,147,0.0
8699,99,86,-1.4849999999999999,-1.0949999999999998,0,nan,147,0.0,147,0.0
8700,0,87,1.485,-1.125,0,nan,147,0.0,147,0.0
8701,1,87,1.455,-1.125,0,nan,147,0.0,147,0.0
8702,2,87,1.425,-1.125,0,nan,147,0.0,147,0.0
8703,3,87,1.395,-1.125,0,nan,147,0.0,147,0.02199999988079071
8704,4,87,1.365,-1.125,0,nan,147,0.0,147,0.02199999988079071
8705,5,87,1.335,-1.125,0,nan,147,0.0,147,0.02199999988079071
8706,6,87,1.305,-1.125,0,nan,147,0.0,147,0.02199999988079071
8707,7,87,1.275,-1.125,0,nan,147,0.0,147,0.02199999988079071
8708,8,87,1.245,-1.125,0,nan,147,0.0,147,0.02199999988079071
8709,9,87,1.215,-1.125,0,nan,147,0.0,147,0.02199999988079071
8710,10,87,1.185,-1.125,0,nan,147,0.0,147,0.02199999988079071
8711,11,87,1.155,-1.125,0,nan,147,0.0,147,0.02199999988079071
8712,12,87,1.125,-1.125,0,nan,147,0.0,147,0.02199999988079071
8713,13,87,1.095,-1.125,0,nan,147,0.0,147,0.02199999988079071
8714,14,87,1.065,-1.125,0,nan,147,0.0,147,0.02199999988079071
8715,15,87,1.0350000000000001,-1.125,0,nan,147,0.0,147,0.02199999988079071
8716,16,87,1.005,-1.125,0,nan,147,0.0,147,0.02199999988079071
8717,17,87,0.975,-1.125,0,nan,147,0.0,147,0.02199999988079071
8718,18,87,0.9450000000000001,-1.125,0,nan,147,0.0,147,0.02199999988079071
8719,19,87,0.915,-1.125,0,nan,147,0.0,147,0.02199999988079071
8720,20,87,0.885,-1.125,0,nan,147,0.0,147,0.02199999988079071
8721,21,87,0.855,-1.125,0,nan,147,0.0,147,0.02199999988079071
8722,22,87,0.8250000000000001,-1.125,0,nan,147,0.0,147,0.02199999988079071
8723,23,87,0.795,-1.125,0,nan,147,0.0,147,0.02199999988079071
8724,24,87,0.765,-1.125,0,nan,147,0.0,147,0.02199999988079071
8725,25,87,0.735,-1.125,0,nan,147,0.0,147,0.02199999988079071
8726,26,87,0.7050000000000001,-1.125,0,nan,147,0.0,147,0.02199999988079071
8727,27,87,0.675,-1.125,0,nan,147,0.0,147,0.02199999988079071
8728,28,87,0.645,-1.125,0,nan,147,0.0,147,0.02199999988079071
8729,29,87,0.615,-1.125,0,nan,147,0.0,147,0.02199999988079071
8730,30,87,0.5850000000000001,-1.125,0,nan,147,0.0,147,0.02199999988079071
8731,31,87,0.555,-1.125,0,nan,147,0.0,147,0.02199999988079071
8732,32,87,0.525,-1.125,0,nan,147,0.0,147,0.02199999988079071
8733,33,87,0.4950000000000001,-1.125,0,nan,147,0.0,147,0.02199999988079071
8734,34,87,0.4650000000000001,-1.125,0,nan,147,0.0,147,0.02199999988079071
8735,35,87,0.43500000000000005,-1.125,0,nan,147,0.0,147,0.02199999988079071
8736,36,87,0.405,-1.125,0,nan,147,0.0,147,0.02199999988079071
8737,37,87,0.375,-1.125,0,nan,147,0.0,147,0.02199999988079071
8738,38,87,0.345,-1.125,0,nan,147,0.0,147,0.02199999988079071
8739,39,87,0.31499999999999995,-1.125,0,nan,147,0.0,147,0.02199999988079071
8740,40,87,0.28500000000000014,-1.125,0,nan,147,0.0,147,0.02199999988079071
8741,41,87,0.2550000000000001,-1.125,0,nan,147,0.0,147,0.02199999988079071
8742,42,87,0.2250000000000001,-1.125,0,nan,147,0.0,147,0.02199999988079071
8743,43,87,0.19500000000000006,-1.125,0,nan,147,0.0,147,0.02199999988079071
8744,44,87,0.16500000000000004,-1.125,0,nan,147,0.0,147,0.02199999988079071
8745,45,87,0.135,-1.125,0,nan,147,0.0,147,0.02199999988079071
8746,46,87,0.10499999999999998,-1.125,0,nan,147,0.0,147,0.02199999988079071
8747,47,87,0.07499999999999996,-1.125,0,nan,147,0.0,147,0.02199999988079071
8748,48,87,0.04500000000000015,-1.125,0,nan,147,0.0,147,0.02199999988079071
8749,49,87,0.015000000000000124,-1.125,0,nan,147,0.0,147,0.02199999988079071
8750,50,87,-0.014999999999999902,-1.125,0,nan,147,0.0,147,0.02199999988079071
8751,51,87,-0.04499999999999993,-1.125,0,nan,147,0.0,147,0.02199999988079071
8752,52,87,-0.07499999999999996,-1.125,0,nan,147,0.0,147,0.02199999988079071
8753,53,87,-0.10499999999999998,-1.125,0,nan,147,0.0,147,0.02199999988079071
8754,54,87,-0.135,-1.125,0,nan,147,0.0,147,0.02199999988079071
8755,55,87,-0.16500000000000004,-1.125,0,nan,147,0.0,147,0.02199999988079071
8756,56,87,-0.19499999999999984,-1.125,0,nan,147,0.0,147,0.02199999988079071
8757,57,87,-0.22499999999999987,-1.125,0,nan,147,0.0,147,0.02199999988079071
8758,58,87,-0.2549999999999999,-1.125,0,nan,147,0.0,147,0.02199999988079071
8759,59,87,-0.2849999999999999,-1.125,0,nan,147,0.0,147,0.02199999988079071
8760,60,87,-0.31499999999999995,-1.125,0,nan,147,0.0,147,0.02199999988079071
8761,61,87,-0.345,-1.125,0,nan,147,0.0,147,0.02199999988079071
8762,62,87,-0.375,-1.125,0,nan,147,0.0,147,0.02199999988079071
8763,63,87,-0.405,-1.125,0,nan,147,0.0,147,0.02199999988079071
8764,64,87,-0.43499999999999983,-1.125,0,nan,147,0.0,147,0.02199999988079071
8765,65,87,-0.46499999999999986,-1.125,0,nan,147,0.0,147,0.02199999988079071
8766,66,87,-0.4949999999999999,-1.125,0,nan,147,0.0,147,0.02199999988079071
8767,67,87,-0.5249999999999999,-1.125,0,nan,147,0.0,147,0.02199999988079071
8768,68,87,-0.5549999999999997,-1.125,0,nan,147,0.0,147,0.02199999988079071
8769,69,87,-0.585,-1.125,0,nan,147,0.0,147,0.02199999988079071
8770,70,87,-0.6149999999999998,-1.125,0,nan,147,0.0,147,0.02199999988079071
8771,71,87,-0.645,-1.125,0,nan,147,0.0,147,0.02199999988079071
8772,72,87,-0.6749999999999998,-1.125,0,nan,147,0.0,147,0.02199999988079071
8773,73,87,-0.7050000000000001,-1.125,0,nan,147,0.0,147,0.02199999988079071
8774,74,87,-0.7349999999999999,-1.125,0,nan,147,0.0,147,0.02199999988079071
8775,75,87,-0.7650000000000001,-1.125,0,nan,147,0.0,147,0.02199999988079071
8776,76,87,-0.7949999999999999,-1.125,0,nan,147,0.0,147,0.02199999988079071
8777,77,87,-0.8249999999999997,-1.125,0,nan,147,0.0,147,0.02199999988079071
8778,78,87,-0.855,-1.125,0,nan,147,0.0,147,0.02199999988079071
8779,79,87,-0.8849999999999998,-1.125,0,nan,147,0.0,147,0.02199999988079071
8780,80,87,-0.915,-1.125,0,nan,147,0.0,147,0.02199999988079071
8781,81,87,-0.9449999999999998,-1.125,0,nan,147,0.0,147,0.02199999988079071
8782,82,87,-0.9750000000000001,-1.125,0,nan,147,0.0,147,0.02199999988079071
8783,83,87,-1.005,-1.125,0,nan,147,0.0,147,0.02199999988079071
8784,84,87,-1.0349999999999997,-1.125,0,nan,147,0.0,147,0.02199999988079071
8785,85,87,-1.065,-1.125,0,nan,147,0.0,147,0.02199999988079071
8786,86,87,-1.0949999999999998,-1.125,0,nan,147,0.0,147,0.02199999988079071
8787,87,87,-1.125,-1.125,0,nan,147,0.0,147,0.02199999988079071
8788,88,87,-1.1549999999999998,-1.125,0,nan,147,0.0,147,0.02199999988079071
8789,89,87,-1.185,-1.125,0,nan,147,0.0,147,0.02199999988079071
8790,90,87,-1.2149999999999999,-1.125,0,nan,147,0.0,147,0.02199999988079071
8791,91,87,-1.245,-1.125,0,nan,147,0.0,147,0.02199999988079071
8792,92,87,-1.275,-1.125,0,nan,147,0.0,147,0.02199999988079071
8793,93,87,-1.3049999999999997,-1.125,0,nan,147,0.0,147,0.02199999988079071
8794,94,87,-1.335,-1.125,0,nan,147,0.0,147,0.02199999988079071
8795,95,87,-1.3649999999999998,-1.125,0,nan,147,0.0,147,0.02199999988079071
8796,96,87,-1.395,-1.125,0,nan,147,0.0,147,0.02199999988079071
8797,97,87,-1.4249999999999998,-1.125,0,nan,147,0.0,147,0.0
8798,98,87,-1.455,-1.125,0,nan,147,0.0,147,0.0
8799,99,87,-1.4849999999999999,-1.125,0,nan,147,0.0,147,0.0
8800,0,88,1.485,-1.1549999999999998,0,nan,147,0.0,147,0.0
8801,1,88,1.455,-1.1549999999999998,0,nan,147,0.0,147,0.0
8802,2,88,1.425,-1.1549999999999998,0,nan,147,0.0,147,0.0
8803,3,88,1.395,-1.1549999999999998,0,nan,147,0.0,147,0.02199999988079071
8804,4,88,1.365,-1.1549999999999998,0,nan,147,0.0,147,0.02199999988079071
8805,5,88,1.335,-1.1549999999999998,0,nan,147,0.0,147,0.02199999988079071
8806,6,88,1.305,-1.1549999999999998,0,nan,147,0.0,147,0.02199999988079071
8807,7,88,1.275,-1.1549999999999998,0,nan,147,0.0,147,0.02199999988079071
8808,8,88,1.245,-1.1549999999999998,0,nan,147,0.0,147,0.02199999988079071
8809,9,88,1.215,-1.1549999999999998,0,nan,147,0.0,147,0.02199999988079071
8810,10,88,1.185,-1.1549999999999998,0,nan,147,0.0,147,0.02199999988079071
8811,11,88,1.155,-1.1549999999999998,0,nan,147,0.0,147,0.02199999988079071
8812,12,88,1.125,-1.1549999999999998,0,nan,147,0.0,147,0.02199999988079071
8813,13,88,1.095,-1.1549999999999998,0,nan,147,0.0,147,0.02199999988079071
8814,14,88,1.065,-1.1549999999999998,0,nan,147,0.0,147,0.02199999988079071
8815,15,88,1.0350000000000001,-1.1549999999999998,0,nan,147,0.0,147,0.02199999988079071
8816,16,88,1.005,-1.1549999999999998,0,nan,147,0.0,147,0.02199999988079071
8817,17,88,0.975,-1.1549999999999998,0,nan,147,0.0,147,0.02199999988079071
8818,18,88,0.9450000000000001,-1.1549999999999998,0,nan,147,0.0,147,0.02199999988079071
8819,19,88,0.915,-1.1549999999999998,0,nan,147,0.0,147,0.02199999988079071
8820,20,88,0.885,-1.1549999999999998,0,nan,147,0.0,147,0.02199999988079071
8821,21,88,0.855,-1.1549999999999998,0,nan,147,0.0,147,0.02199999988079071
8822,22,88,0.8250000000000001,-1.1549999999999998,0,nan,147,0.0,147,0.02199999988079071
8823,23,88,0.795,-1.1549999999999998,0,nan,147,0.0,147,0.02199999988079071
8824,24,88,0.765,-1.1549999999999998,0,nan,147,0.0,147,0.02199999988079071
8825,25,88,0.735,-1.1549999999999998,0,nan,147,0.0,147,0.02199999988079071
8826,26,88,0.7050000000000001,-1.1549999999999998,0,nan,147,0.0,147,0.02199999988079071
8827,27,88,0.675,-1.1549999999999998,0,nan,147,0.0,147,0.02199999988079071
8828,28,88,0.645,-1.1549999999999998,0,nan,147,0.0,147,0.02199999988079071
8829,29,88,0.615,-1.1549999999999998,0,nan,147,0.0,147,0.02199999988079071
8830,30,88,0.5850000000000001,-1.1549999999999998,0,nan,147,0.0,147,0.02199999988079071
8831,31,88,0.555,-1.1549999999999998,0,nan,147,0.0,147,0.02199999988079071
8832,32,88,0.525,-1.1549999999999998,0,nan,147,0.0,147,0.02199999988079071
8833,33,88,0.4950000000000001,-1.1549999999999998,0,nan,147,0.0,147,0.02199999988079071
8834,34,88,0.4650000000000001,-1.1549999999999998,0,nan,147,0.0,147,0.02199999988079071
8835,35,88,0.43500000000000005,-1.1549999999999998,0,nan,147,0.0,147,0.02199999988079071
8836,36,88,0.405,-1.1549999999999998,0,nan,147,0.0,147,0.02199999988079071
8837,37,88,0.375,-1.1549999999999998,0,nan,147,0.0,147,0.02199999988079071
8838,38,88,0.345,-1.1549999999999998,0,nan,147,0.0,147,0.02199999988079071
8839,39,88,0.31499999999999995,-1.1549999999999998,0,nan,147,0.0,147,0.02199999988079071
8840,40,88,0.28500000000000014,-1.1549999999999998,0,nan,147,0.0,147,0.02199999988079071
8841,41,88,0.2550000000000001,-1.1549999999999998,0,nan,147,0.0,147,0.02199999988079071
8842,42,88,0.2250000000000001,-1.1549999999999998,0,nan,147,0.0,147,0.02199999988079071
8843,43,88,0.19500000000000006,-1.1549999999999998,0,nan,147,0.0,147,0.02199999988079071
8844,44,88,0.16500000000000004,-1.1549999999999998,0,nan,147,0.0,147,0.02199999988079071
8845,45,88,0.135,-1.1549999999999998,0,nan,147,0.0,147,0.02199999988079071
8846,46,88,0.10499999999999998,-1.1549999999999998,0,nan,147,0.0,147,0.02199999988079071
8847,47,88,0.07499999999999996,-1.1549999999999998,0,nan,147,0.0,147,0.02199999988079071
8848,48,88,0.04500000000000015,-1.1549999999999998,0,nan,147,0.0,147,0.02199999988079071
8849,49,88,0.015000000000000124,-1.1549999999999998,0,nan,147,0.0,147,0.02199999988079071
8850,50,88,-0.014999999999999902,-1.1549999999999998,0,nan,147,0.0,147,0.02199999988079071
8851,51,88,-0.04499999999999993,-1.1549999999999998,0,nan,147,0.0,147,0.02199999988079071
8852,52,88,-0.07499999999999996,-1.1549999999999998,0,nan,147,0.0,147,0.02199999988079071
8853,53,88,-0.10499999999999998,-1.1549999999999998,0,nan,147,0.0,147,0.02199999988079071
8854,54,88,-0.135,-1.1549999999999998,0,nan,147,0.0,147,0.02199999988079071
8855,55,88,-0.16500000000000004,-1.1549999999999998,0,nan,147,0.0,147,0.02199999988079071
8856,56,88,-0.19499999999999984,-1.1549999999999998,0,nan,147,0.0,147,0.02199999988079071
8857,57,88,-0.22499999999999987,-1.1549999999999998,0,nan,147,0.0,147,0.02199999988079071
8858,58,88,-0.2549999999999999,-1.1549999999999998,0,nan,147,0.0,147,0.02199999988079071
8859,59,88,-0.2849999999999999,-1.1549999999999998,0,nan,147,0.0,147,0.02199999988079071
8860,60,88,-0.31499999999999995,-1.1549999999999998,0,nan,147,0.0,147,0.02199999988079071
8861,61,88,-0.345,-1.1549999999999998,0,nan,147,0.0,147,0.02199999988079071
8862,62,88,-0.375,-1.1549999999999998,0,nan,147,0.0,147,0.02199999988079071
8863,63,88,-0.405,-1.1549999999999998,0,nan,147,0.0,147,0.02199999988079071
8864,64,88,-0.43499999999999983,-1.1549999999999998,0,nan,147,0.0,147,0.02199999988079071
8865,65,88,-0.46499999999999986,-1.1549999999999998,0,nan,147,0.0,147,0.02199999988079071
8866,66,88,-0.4949999999999999,-1.1549999999999998,0,nan,147,0.0,147,0.02199999988079071
8867,67,88,-0.5249999999999999,-1.1549999999999998,0,nan,147,0.0,147,0.02199999988079071
8868,68,88,-0.5549999999999997,-1.1549999999999998,0,nan,147,0.0,147,0.02199999988079071
8869,69,88,-0.585,-1.1549999999999998,0,nan,147,0.0,147,0.02199999988079071
8870,70,88,-0.6149999999999998,-1.1549999999999998,0,nan,147,0.0,147,0.02199999988079071
8871,71,88,-0.645,-1.1549999999999998,0,nan,147,0.0,147,0.02199999988079071
8872,72,88,-0.6749999999999998,-1.1549999999999998,0,nan,147,0.0,147,0.02199999988079071
8873,73,88,-0.7050000000000001,-1.1549999999999998,0,nan,147,0.0,147,0.02199999988079071
8874,74,88,-0.7349999999999999,-1.1549999999999998,0,nan,147,0.0,147,0.02199999988079071
8875,75,88,-0.7650000000000001,-1.1549999999999998,0,nan,147,0.0,147,0.02199999988079071
8876,76,88,-0.7949999999999999,-1.1549999999999998,0,nan,147,0.0,147,0.02199999988079071
8877,77,88,-0.8249999999999997,-1.1549999999999998,0,nan,147,0.0,147,0.02199999988079071
8878,78,88,-0.855,-1.1549999999999998,0,nan,147,0.0,147,0.02199999988079071
8879,79,88,-0.8849999999999998,-1.1549999999999998,0,nan,147,0.0,147,0.02199999988079071
8880,80,88,-0.915,-1.1549999999999998,0,nan,147,0.0,147,0.02199999988079071
8881,81,88,-0.9449999999999998,-1.1549999999999998,0,nan,147,0.0,147,0.02199999988079071
8882,82,88,-0.9750000000000001,-1.1549999999999998,0,nan,147,0.0,147,0.02199999988079071
8883,83,88,-1.005,-1.1549999999999998,0,nan,147,0.0,147,0.02199999988079071
8884,84,88,-1.0349999999999997,-1.1549999999999998,0,nan,147,0.0,147,0.02199999988079071
8885,85,88,-1.065,-1.1549999999999998,0,nan,147,0.0,147,0.02199999988079071
8886,86,88,-1.0949999999999998,-1.1549999999999998,0,nan,147,0.0,147,0.02199999988079071
8887,87,88,-1.125,-1.1549999999999998,0,nan,147,0.0,147,0.02199999988079071
8888,88,88,-1.1549999999999998,-1.1549999999999998,0,nan,147,0.0,147,0.02199999988079071
8889,89,88,-1.185,-1.1549999999999998,0,nan,147,0.0,147,0.02199999988079071
8890,90,88,-1.2149999999999999,-1.1549999999999998,0,nan,147,0.0,147,0.02199999988079071
8891,91,88,-1.245,-1.1549999999999998,0,nan,147,0.0,147,0.02199999988079071
8892,92,88,-1.275,-1.1549999999999998,0,nan,147,0.0,147,0.02199999988079071
8893,93,88,-1.3049999999999997,-1.1549999999999998,0,nan,147,0.0,147,0.02199999988079071
8894,94,88,-1.335,-1.1549999999999998,0,nan,147,0.0,147,0.02199999988079071
8895,95,88,-1.3649999999999998,-1.1549999999999998,0,nan,147,0.0,147,0.02199999988079071
8896,96,88,-1.395,-1.1549999999999998,0,nan,147,0.0,147,0.02199999988079071
8897,97,88,-1.4249999999999998,-1.1549999999999998,0,nan,147,0.0,147,0.0
8898,98,88,-1.455,-1.1549999999999998,0,nan,147,0.0,147,0.0
8899,99,88,-1.4849999999999999,-1.1549999999999998,0,nan,147,0.0,147,0.0
8900,0,89,1.485,-1.185,0,nan,147,0.0,147,0.0
8901,1,89,1.455,-1.185,0,nan,147,0.0,147,0.0
8902,2,89,1.425,-1.185,0,nan,147,0.0,147,0.0
8903,3,89,1.395,-1.185,0,nan,147,0.0,147,0.02199999988079071
8904,4,89,1.365,-1.185,0,nan,147,0.0,147,0.02199999988079071
8905,5,89,1.335,-1.185,0,nan,147,0.0,147,0.02199999988079071
8906,6,89,1.305,-1.185,0,nan,147,0.0,147,0.02199999988079071
8907,7,89,1.275,-1.185,0,nan,147,0.0,147,0.02199999988079071
8908,8,89,1.245,-1.185,0,nan,147,0.0,147,0.02199999988079071
8909,9,89,1.215,-1.185,0,nan,147,0.0,147,0.02199999988079071
8910,10,89,1.185,-1.185,0,nan,147,0.0,147,0.02199999988079071
8911,11,89,1.155,-1.185,0,nan,147,0.0,147,0.02199999988079071
8912,12,89,1.125,-1.185,0,nan,147,0.0,147,0.02199999988079071
8913,13,89,1.095,-1.185,0,nan,147,0.0,147,0.02199999988079071
8914,14,89,1.065,-1.185,0,nan,147,0.0,147,0.02199999988079071
8915,15,89,1.0350000000000001,-1.185,0,nan,147,0.0,147,0.02199999988079071
8916,16,89,1.005,-1.185,0,nan,147,0.0,147,0.02199999988079071
8917,17,89,0.975,-1.185,0,nan,147,0.0,147,0.02199999988079071
8918,18,89,0.9450000000000001,-1.185,0,nan,147,0.0,147,0.02199999988079071
8919,19,89,0.915,-1.185,0,nan,147,0.0,147,0.02199999988079071
8920,20,89,0.885,-1.185,0,nan,147,0.0,147,0.02199999988079071
8921,21,89,0.855,-1.185,0,nan,147,0.0,147,0.02199999988079071
8922,22,89,0.8250000000000001,-1.185,0,nan,147,0.0,147,0.02199999988079071
8923,23,89,0.795,-1.185,0,nan,147,0.0,147,0.02199999988079071
8924,24,89,0.765,-1.185,0,nan,147,0.0,147,0.02199999988079071
8925,25,89,0.735,-1.185,0,nan,147,0.0,147,0.02199999988079071
8926,26,89,0.7050000000000001,-1.185,0,nan,147,0.0,147,0.02199999988079071
8927,27,89,0.675,-1.185,0,nan,147,0.0,147,0.02199999988079071
8928,28,89,0.645,-1.185,0,nan,147,0.0,147,0.02199999988079071
8929,29,89,0.615,-1.185,0,nan,147,0.0,147,0.02199999988079071
8930,30,89,0.5850000000000001,-1.185,0,nan,147,0.0,147,0.02199999988079071
8931,31,89,0.555,-1.185,0,nan,147,0.0,147,0.02199999988079071
8932,32,89,0.525,-1.185,0,nan,147,0.0,147,0.02199999988079071
8933,33,89,0.4950000000000001,-1.185,0,nan,147,0.0,147,0.02199999988079071
8934,34,89,0.4650000000000001,-1.185,0,nan,147,0.0,147,0.02199999988079071
8935,35,89,0.43500000000000005,-1.185,0,nan,147,0.0,147,0.02199999988079071
8936,36,89,0.405,-1.185,0,nan,147,0.0,147,0.02199999988079071
8937,37,89,0.375,-1.185,0,nan,147,0.0,147,0.02199999988079071
8938,38,89,0.345,-1.185,0,nan,147,0.0,147,0.02199999988079071
8939,39,89,0.31499999999999995,-1.185,0,nan,147,0.0,147,0.02199999988079071
8940,40,89,0.28500000000000014,-1.185,0,nan,147,0.0,147,0.02199999988079071
8941,41,89,0.2550000000000001,-1.185,0,nan,147,0.0,147,0.02199999988079071
8942,42,89,0.2250000000000001,-1.185,0,nan,147,0.0,147,0.02199999988079071
8943,43,89,0.19500000000000006,-1.185,0,nan,147,0.0,147,0.02199999988079071
8944,44,89,0.16500000000000004,-1.185,0,nan,147,0.0,147,0.02199999988079071
8945,45,89,0.135,-1.185,0,nan,147,0.0,147,0.02199999988079071
8946,46,89,0.10499999999999998,-1.185,0,nan,147,0.0,147,0.02199999988079071
8947,47,89,0.07499999999999996,-1.185,0,nan,147,0.0,147,0.02199999988079071
8948,48,89,0.04500000000000015,-1.185,0,nan,147,0.0,147,0.02199999988079071
8949,49,89,0.015000000000000124,-1.185,0,nan,147,0.0,147,0.02199999988079071
8950,50,89,-0.014999999999999902,-1.185,0,nan,147,0.0,147,0.02199999988079071
8951,51,89,-0.04499999999999993,-1.185,0,nan,147,0.0,147,0.02199999988079071
8952,52,89,-0.07499999999999996,-1.185,0,nan,147,0.0,147,0.02199999988079071
8953,53,89,-0.10499999999999998,-1.185,0,nan,147,0.0,147,0.02199999988079071
8954,54,89,-0.135,-1.185,0,nan,147,0.0,147,0.02199999988079071
8955,55,89,-0.16500000000000004,-1.185,0,nan,147,0.0,147,0.02199999988079071
8956,56,89,-0.19499999999999984,-1.185,0,nan,147,0.0,147,0.02199999988079071
8957,57,89,-0.22499999999999987,-1.185,0,nan,147,0.0,147,0.02199999988079071
8958,58,89,-0.2549999999999999,-1.185,0,nan,147,0.0,147,0.02199999988079071
8959,59,89,-0.2849999999999999,-1.185,0,nan,147,0.0,147,0.02199999988079071
8960,60,89,-0.31499999999999995,-1.185,0,nan,147,0.0,147,0.02199999988079071
8961,61,89,-0.345,-1.185,0,nan,147,0.0,147,0.02199999988079071
8962,62,89,-0.375,-1.185,0,nan,147,0.0,147,0.02199999988079071
8963,63,89,-0.405,-1.185,0,nan,147,0.0,147,0.02199999988079071
8964,64,89,-0.43499999999999983,-1.185,0,nan,147,0.0,147,0.02199999988079071
8965,65,89,-0.46499999999999986,-1.185,0,nan,147,0.0,147,0.02199999988079071
8966,66,89,-0.4949999999999999,-1.185,0,nan,147,0.0,147,0.02199999988079071
8967,67,89,-0.5249999999999999,-1.185,0,nan,147,0.0,147,0.02199999988079071
8968,68,89,-0.5549999999999997,-1.185,0,nan,147,0.0,147,0.02199999988079071
8969,69,89,-0.585,-1.185,0,nan,147,0.0,147,0.02199999988079071
8970,70,89,-0.6149999999999998,-1.185,0,nan,147,0.0,147,0.02199999988079071
8971,71,89,-0.645,-1.185,0,nan,147,0.0,147,0.02199999988079071
8972,72,89,-0.6749999999999998,-1.185,0,nan,147,0.0,147,0.02199999988079071
8973,73,89,-0.7050000000000001,-1.185,0,nan,147,0.0,147,0.02199999988079071
8974,74,89,-0.7349999999999999,-1.185,0,nan,147,0.0,147,0.02199999988079071
8975,75,89,-0.7650000000000001,-1.185,0,nan,147,0.0,147,0.02199999988079071
8976,76,89,-0.7949999999999999,-1.185,0,nan,147,0.0,147,0.02199999988079071
8977,77,89,-0.8249999999999997,-1.185,0,nan,147,0.0,147,0.02199999988079071
8978,78,89,-0.855,-1.185,0,nan,147,0.0,147,0.02199999988079071
8979,79,89,-0.8849999999999998,-1.185,0,nan,147,0.0,147,0.02199999988079071
8980,80,89,-0.915,-1.185,0,nan,147,0.0,147,0.02199999988079071
8981,81,89,-0.9449999999999998,-1.185,0,nan,147,0.0,147,0.02199999988079071
8982,82,89,-0.9750000000000001,-1.185,0,nan,147,0.0,147,0.02199999988079071
8983,83,89,-1.005,-1.185,0,nan,147,0.0,147,0.02199999988079071
8984,84,89,-1.0349999999999997,-1.185,0,nan,147,0.0,147,0.02199999988079071
8985,85,89,-1.065,-1.185,0,nan,147,0.0,147,0.02199999988079071
8986,86,89,-1.0949999999999998,-1.185,0,nan,147,0.0,147,0.02199999988079071
8987,87,89,-1.125,-1.185,0,nan,147,0.0,147,0.02199999988079071
8988,88,89,-1.1549999999999998,-1.185,0,nan,147,0.0,147,0.02199999988079071
8989,89,89,-1.185,-1.185,0,nan,147,0.0,147,0.02199999988079071
8990,90,89,-1.2149999999999999,-1.185,0,nan,147,0.0,147,0.02199999988079071
8991,91,89,-1.245,-1.185,0,nan,147,0.0,147,0.02199999988079071
8992,92,89,-1.275,-1.185,0,nan,147,0.0,147,0.02199999988079071
8993,93,89,-1.3049999999999997,-1.185,0,nan,147,0.0,147,0.02199999988079071
8994,94,89,-1.335,-1.185,0,nan,147,0.0,147,0.02199999988079071
8995,95,89,-1.3649999999999998,-1.185,0,nan,147,0.0,147,0.02199999988079071
8996,96,89,-1.395,-1.185,0,nan,147,0.0,147,0.02199999988079071
8997,97,89,-1.4249999999999998,-1.185,0,nan,147,0.0,147,0.0
8998,98,89,-1.455,-1.185,0,nan,147,0.0,147,0.0
8999,99,89,-1.4849999999999999,-1.185,0,nan,147,0.0,147,0.0
9000,0,90,1.485,-1.2149999999999999,0,nan,147,0.0,147,0.0
9001,1,90,1.455,-1.2149999999999999,0,nan,147,0.0,147,0.0
9002,2,90,1.425,-1.2149999999999999,0,nan,147,0.0,147,0.0
9003,3,90,1.395,-1.2149999999999999,0,nan,147,0.0,147,0.02199999988079071
9004,4,90,1.365,-1.2149999999999999,0,nan,147,0.0,147,0.02199999988079071
9005,5,90,1.335,-1.2149999999999999,0,nan,147,0.0,147,0.02199999988079071
9006,6,90,1.305,-1.2149999999999999,0,nan,147,0.0,147,0.02199999988079071
9007,7,90,1.275,-1.2149999999999999,0,nan,147,0.0,147,0.02199999988079071
9008,8,90,1.245,-1.2149999999999999,0,nan,147,0.0,147,0.02199999988079071
9009,9,90,1.215,-1.2149999999999999,0,nan,147,0.0,147,0.02199999988079071
9010,10,90,1.185,-1.2149999999999999,0,nan,147,0.0,147,0.02199999988079071
9011,11,90,1.155,-1.2149999999999999,0,nan,147,0.0,147,0.02199999988079071
9012,12,90,1.125,-1.2149999999999999,0,nan,147,0.0,147,0.02199999988079071
9013,13,90,1.095,-1.2149999999999999,0,nan,147,0.0,147,0.02199999988079071
9014,14,90,1.065,-1.2149999999999999,0,nan,147,0.0,147,0.02199999988079071
9015,15,90,1.0350000000000001,-1.2149999999999999,0,nan,147,0.0,147,0.02199999988079071
9016,16,90,1.005,-1.2149999999999999,0,nan,147,0.0,147,0.02199999988079071
9017,17,90,0.975,-1.2149999999999999,0,nan,147,0.0,147,0.02199999988079071
9018,18,90,0.9450000000000001,-1.2149999999999999,0,nan,147,0.0,147,0.02199999988079071
9019,19,90,0.915,-1.2149999999999999,0,nan,147,0.0,147,0.02199999988079071
9020,20,90,0.885,-1.2149999999999999,0,nan,147,0.0,147,0.02199999988079071
9021,21,90,0.855,-1.2149999999999999,0,nan,147,0.0,147,0.02199999988079071
9022,22,90,0.8250000000000001,-1.2149999999999999,0,nan,147,0.0,147,0.02199999988079071
9023,23,90,0.795,-1.2149999999999999,0,nan,147,0.0,147,0.02199999988079071
9024,24,90,0.765,-1.2149999999999999,0,nan,147,0.0,147,0.02199999988079071
9025,25,90,0.735,-1.2149999999999999,0,nan,147,0.0,147,0.02199999988079071
9026,26,90,0.7050000000000001,-1.2149999999999999,0,nan,147,0.0,147,0.02199999988079071
9027,27,90,0.675,-1.2149999999999999,0,nan,147,0.0,147,0.02199999988079071
9028,28,90,0.645,-1.2149999999999999,0,nan,147,0.0,147,0.02199999988079071
9029,29,90,0.615,-1.2149999999999999,0,nan,147,0.0,147,0.02199999988079071
9030,30,90,0.5850000000000001,-1.2149999999999999,0,nan,147,0.0,147,0.02199999988079071
9031,31,90,0.555,-1.2149999999999999,0,nan,147,0.0,147,0.02199999988079071
9032,32,90,0.525,-1.2149999999999999,0,nan,147,0.0,147,0.02199999988079071
9033,33,90,0.4950000000000001,-1.2149999999999999,0,nan,147,0.0,147,0.02199999988079071
9034,34,90,0.4650000000000001,-1.2149999999999999,0,nan,147,0.0,147,0.02199999988079071
9035,35,90,0.43500000000000005,-1.2149999999999999,0,nan,147,0.0,147,0.02199999988079071
9036,36,90,0.405,-1.2149999999999999,0,nan,147,0.0,147,0.02199999988079071
9037,37,90,0.375,-1.2149999999999999,0,nan,147,0.0,147,0.02199999988079071
9038,38,90,0.345,-1.2149999999999999,0,nan,147,0.0,147,0.02199999988079071
9039,39,90,0.31499999999999995,-1.2149999999999999,0,nan,147,0.0,147,0.02199999988079071
9040,40,90,0.28500000000000014,-1.2149999999999999,0,nan,147,0.0,147,0.02199999988079071
9041,41,90,0.2550000000000001,-1.2149999999999999,0,nan,147,0.0,147,0.02199999988079071
9042,42,90,0.2250000000000001,-1.2149999999999999,0,nan,147,0.0,147,0.02199999988079071
9043,43,90,0.19500000000000006,-1.2149999999999999,0,nan,147,0.0,147,0.02199999988079071
9044,44,90,0.16500000000000004,-1.2149999999999999,0,nan,147,0.0,147,0.02199999988079071
9045,45,90,0.135,-1.2149999999999999,0,nan,147,0.0,147,0.02199999988079071
9046,46,90,0.10499999999999998,-1.2149999999999999,0,nan,147,0.0,147,0.02199999988079071
9047,47,90,0.07499999999999996,-1.2149999999999999,0,nan,147,0.0,147,0.02199999988079071
9048,48,90,0.04500000000000015,-1.2149999999999999,0,nan,147,0.0,147,0.02199999988079071
9049,49,90,0.015000000000000124,-1.2149999999999999,0,nan,147,0.0,147,0.02199999988079071
9050,50,90,-0.014999999999999902,-1.2149999999999999,0,nan,147,0.0,147,0.02199999988079071
9051,51,90,-0.04499999999999993,-1.2149999999999999,0,nan,147,0.0,147,0.02199999988079071
9052,52,90,-0.07499999999999996,-1.2149999999999999,0,nan,147,0.0,147,0.02199999988079071
9053,53,90,-0.10499999999999998,-1.2149999999999999,0,nan,147,0.0,147,0.02199999988079071
9054,54,90,-0.135,-1.2149999999999999,0,nan,147,0.0,147,0.02199999988079071
9055,55,90,-0.16500000000000004,-1.2149999999999999,0,nan,147,0.0,147,0.02199999988079071
9056,56,90,-0.19499999999999984,-1.2149999999999999,0,nan,147,0.0,147,0.02199999988079071
9057,57,90,-0.22499999999999987,-1.2149999999999999,0,nan,147,0.0,147,0.02199999988079071
9058,58,90,-0.2549999999999999,-1.2149999999999999,0,nan,147,0.0,147,0.02199999988079071
9059,59,90,-0.2849999999999999,-1.2149999999999999,0,nan,147,0.0,147,0.02199999988079071
9060,60,90,-0.31499999999999995,-1.2149999999999999,0,nan,147,0.0,147,0.02199999988079071
9061,61,90,-0.345,-1.2149999999999999,0,nan,147,0.0,147,0.02199999988079071
9062,62,90,-0.375,-1.2149999999999999,0,nan,147,0.0,147,0.02199999988079071
9063,63,90,-0.405,-1.2149999999999999,0,nan,147,0.0,147,0.02199999988079071
9064,64,90,-0.43499999999999983,-1.2149999999999999,0,nan,147,0.0,147,0.02199999988079071
9065,65,90,-0.46499999999999986,-1.2149999999999999,0,nan,147,0.0,147,0.02199999988079071
9066,66,90,-0.4949999999999999,-1.2149999999999999,0,nan,147,0.0,147,0.02199999988079071
9067,67,90,-0.5249999999999999,-1.2149999999999999,0,nan,147,0.0,147,0.02199999988079071
9068,68,90,-0.5549999999999997,-1.2149999999999999,0,nan,147,0.0,147,0.02199999988079071
9069,69,90,-0.585,-1.2149999999999999,0,nan,147,0.0,147,0.02199999988079071
9070,70,90,-0.6149999999999998,-1.2149999999999999,0,nan,147,0.0,147,0.02199999988079071
9071,71,90,-0.645,-1.2149999999999999,0,nan,147,0.0,147,0.02199999988079071
9072,72,90,-0.6749999999999998,-1.2149999999999999,0,nan,147,0.0,147,0.02199999988079071
9073,73,90,-0.7050000000000001,-1.2149999999999999,0,nan,147,0.0,147,0.02199999988079071
9074,74,90,-0.7349999999999999,-1.2149999999999999,0,nan,147,0.0,147,0.02199999988079071
9075,75,90,-0.7650000000000001,-1.2149999999999999,0,nan,147,0.0,147,0.02199999988079071
9076,76,90,-0.7949999999999999,-1.2149999999999999,0,nan,147,0.0,147,0.02199999988079071
9077,77,90,-0.8249999999999997,-1.2149999999999999,0,nan,147,0.0,147,0.02199999988079071
9078,78,90,-0.855,-1.2149999999999999,0,nan,147,0.0,147,0.02199999988079071
9079,79,90,-0.8849999999999998,-1.2149999999999999,0,nan,147,0.0,147,0.02199999988079071
9080,80,90,-0.915,-1.2149999999999999,0,nan,147,0.0,147,0.02199999988079071
9081,81,90,-0.9449999999999998,-1.2149999999999999,0,nan,147,0.0,147,0.02199999988079071
9082,82,90,-0.9750000000000001,-1.2149999999999999,0,nan,147,0.0,147,0.02199999988079071
9083,83,90,-1.005,-1.2149999999999999,0,nan,147,0.0,147,0.02199999988079071
9084,84,90,-1.0349999999999997,-1.2149999999999999,0,nan,147,0.0,147,0.02199999988079071
9085,85,90,-1.065,-1.2149999999999999,0,nan,147,0.0,147,0.02199999988079071
9086,86,90,-1.0949999999999998,-1.2149999999999999,0,nan,147,0.0,147,0.02199999988079071
9087,87,90,-1.125,-1.2149999999999999,0,nan,147,0.0,147,0.02199999988079071
9088,88,90,-1.1549999999999998,-1.2149999999999999,0,nan,147,0.0,147,0.02199999988079071
9089,89,90,-1.185,-1.2149999999999999,0,nan,147,0.0,147,0.02199999988079071
9090,90,90,-1.2149999999999999,-1.2149999999999999,0,nan,147,0.0,147,0.02199999988079071
9091,91,90,-1.245,-1.2149999999999999,0,nan,147,0.0,147,0.02199999988079071
9092,92,90,-1.275,-1.2149999999999999,0,nan,147,0.0,147,0.02199999988079071
9093,93,90,-1.3049999999999997,-1.2149999999999999,0,nan,147,0.0,147,0.02199999988079071
9094,94,90,-1.335,-1.2149999999999999,0,nan,147,0.0,147,0.02199999988079071
9095,95,90,-1.3649999999999998,-1.2149999999999999,0,nan,147,0.0,147,0.02199999988079071
9096,96,90,-1.395,-1.2149999999999999,0,nan,147,0.0,147,0.02199999988079071
9097,97,90,-1.4249999999999998,-1.2149999999999999,0,nan,147,0.0,147,0.0
9098,98,90,-1.455,-1.2149999999999999,0,nan,147,0.0,147,0.0
9099,99,90,-1.4849999999999999,-1.2149999999999999,0,nan,147,0.0,147,0.0
9100,0,91,1.485,-1.245,0,nan,147,0.0,147,0.0
9101,1,91,1.455,-1.245,0,nan,147,0.0,147,0.0
9102,2,91,1.425,-1.245,0,nan,147,0.0,147,0.0
9103,3,91,1.395,-1.245,0,nan,147,0.0,147,0.02199999988079071
9104,4,91,1.365,-1.245,0,nan,147,0.0,147,0.02199999988079071
9105,5,91,1.335,-1.245,0,nan,147,0.0,147,0.02199999988079071
9106,6,91,1.305,-1.245,0,nan,147,0.0,147,0.02199999988079071
9107,7,91,1.275,-1.245,0,nan,147,0.0,147,0.02199999988079071
9108,8,91,1.245,-1.245,0,nan,147,0.0,147,0.02199999988079071
9109,9,91,1.215,-1.245,0,nan,147,0.0,147,0.02199999988079071
9110,10,91,1.185,-1.245,0,nan,147,0.0,147,0.02199999988079071
9111,11,91,1.155,-1.245,0,nan,147,0.0,147,0.02199999988079071
9112,12,91,1.125,-1.245,0,nan,147,0.0,147,0.02199999988079071
9113,13,91,1.095,-1.245,0,nan,147,0.0,147,0.02199999988079071
9114,14,91,1.065,-1.245,0,nan,147,0.0,147,0.02199999988079071
9115,15,91,1.0350000000000001,-1.245,0,nan,147,0.0,147,0.02199999988079071
9116,16,91,1.005,-1.245,0,nan,147,0.0,147,0.02199999988079071
9117,17,91,0.975,-1.245,0,nan,147,0.0,147,0.02199999988079071
9118,18,91,0.9450000000000001,-1.245,0,nan,147,0.0,147,0.02199999988079071
9119,19,91,0.915,-1.245,0,nan,147,0.0,147,0.02199999988079071
9120,20,91,0.885,-1.245,0,nan,147,0.0,147,0.02199999988079071
9121,21,91,0.855,-1.245,0,nan,147,0.0,147,0.02199999988079071
9122,22,91,0.8250000000000001,-1.245,0,nan,147,0.0,147,0.02199999988079071
9123,23,91,0.795,-1.245,0,nan,147,0.0,147,0.02199999988079071
9124,24,91,0.765,-1.245,0,nan,147,0.0,147,0.02199999988079071
9125,25,91,0.735,-1.245,0,nan,147,0.0,147,0.02199999988079071
9126,26,91,0.7050000000000001,-1.245,0,nan,147,0.0,147,0.02199999988079071
9127,27,91,0.675,-1.245,0,nan,147,0.0,147,0.02199999988079071
9128,28,91,0.645,-1.245,0,nan,147,0.0,147,0.02199999988079071
9129,29,91,0.615,-1.245,0,nan,147,0.0,147,0.02199999988079071
9130,30,91,0.5850000000000001,-1.245,0,nan,147,0.0,147,0.02199999988079071
9131,31,91,0.555,-1.245,0,nan,147,0.0,147,0.02199999988079071
9132,32,91,0.525,-1.245,0,nan,147,0.0,147,0.02199999988079071
9133,33,91,0.4950000000000001,-1.245,0,nan,147,0.0,147,0.02199999988079071
9134,34,91,0.4650000000000001,-1.245,0,nan,147,0.0,147,0.02199999988079071
9135,35,91,0.43500000000000005,-1.245,0,nan,147,0.0,147,0.02199999988079071
9136,36,91,0.405,-1.245,0,nan,147,0.0,147,0.02199999988079071
9137,37,91,0.375,-1.245,0,nan,147,0.0,147,0.02199999988079071
9138,38,91,0.345,-1.245,0,nan,147,0.0,147,0.02199999988079071
9139,39,91,0.31499999999999995,-1.245,0,nan,147,0.0,147,0.02199999988079071
9140,40,91,0.28500000000000014,-1.245,0,nan,147,0.0,147,0.02199999988079071
9141,41,91,0.2550000000000001,-1.245,0,nan,147,0.0,147,0.02199999988079071
9142,42,91,0.2250000000000001,-1.245,0,nan,147,0.0,147,0.02199999988079071
9143,43,91,0.19500000000000006,-1.245,0,nan,147,0.0,147,0.02199999988079071
9144,44,91,0.16500000000000004,-1.245,0,nan,147,0.0,147,0.02199999988079071
9145,45,91,0.135,-1.245,0,nan,147,0.0,147,0.02199999988079071
9146,46,91,0.10499999999999998,-1.245,0,nan,147,0.0,147,0.02199999988079071
9147,47,91,0.07499999999999996,-1.245,0,nan,147,0.0,147,0.02199999988079071
9148,48,91,0.04500000000000015,-1.245,0,nan,147,0.0,147,0.02199999988079071
9149,49,91,0.015000000000000124,-1.245,0,nan,147,0.0,147,0.02199999988079071
9150,50,91,-0.014999999999999902,-1.245,0,nan,147,0.0,147,0.02199999988079071
9151,51,91,-0.04499999999999993,-1.245,0,nan,147,0.0,147,0.02199999988079071
9152,52,91,-0.07499999999999996,-1.245,0,nan,147,0.0,147,0.02199999988079071
9153,53,91,-0.10499999999999998,-1.245,0,nan,147,0.0,147,0.02199999988079071
9154,54,91,-0.135,-1.245,0,nan,147,0.0,147,0.02199999988079071
9155,55,91,-0.16500000000000004,-1.245,0,nan,147,0.0,147,0.02199999988079071
9156,56,91,-0.19499999999999984,-1.245,0,nan,147,0.0,147,0.02199999988079071
9157,57,91,-0.22499999999999987,-1.245,0,nan,147,0.0,147,0.02199999988079071
9158,58,91,-0.2549999999999999,-1.245,0,nan,147,0.0,147,0.02199999988079071
9159,59,91,-0.2849999999999999,-1.245,0,nan,147,0.0,147,0.02199999988079071
9160,60,91,-0.31499999999999995,-1.245,0,nan,147,0.0,147,0.02199999988079071
9161,61,91,-0.345,-1.245,0,nan,147,0.0,147,0.02199999988079071
9162,62,91,-0.375,-1.245,0,nan,147,0.0,147,0.02199999988079071
9163,63,91,-0.405,-1.245,0,nan,147,0.0,147,0.02199999988079071
9164,64,91,-0.43499999999999983,-1.245,0,nan,147,0.0,147,0.02199999988079071
9165,65,91,-0.46499999999999986,-1.245,0,nan,147,0.0,147,0.02199999988079071
9166,66,91,-0.4949999999999999,-1.245,0,nan,147,0.0,147,0.02199999988079071
9167,67,91,-0.5249999999999999,-1.245,0,nan,147,0.0,147,0.02199999988079071
9168,68,91,-0.5549999999999997,-1.245,0,nan,147,0.0,147,0.02199999988079071
9169,69,91,-0.585,-1.245,0,nan,147,0.0,147,0.02199999988079071
9170,70,91,-0.6149999999999998,-1.245,0,nan,147,0.0,147,0.02199999988079071
9171,71,91,-0.645,-1.245,0,nan,147,0.0,147,0.02199999988079071
9172,72,91,-0.6749999999999998,-1.245,0,nan,147,0.0,147,0.02199999988079071
9173,73,91,-0.7050000000000001,-1.245,0,nan,147,0.0,147,0.02199999988079071
9174,74,91,-0.7349999999999999,-1.245,0,nan,147,0.0,147,0.02199999988079071
9175,75,91,-0.7650000000000001,-1.245,0,nan,147,0.0,147,0.02199999988079071
9176,76,91,-0.7949999999999999,-1.245,0,nan,147,0.0,147,0.02199999988079071
9177,77,91,-0.8249999999999997,-1.245,0,nan,147,0.0,147,0.02199999988079071
9178,78,91,-0.855,-1.245,0,nan,147,0.0,147,0.02199999988079071
9179,79,91,-0.8849999999999998,-1.245,0,nan,147,0.0,147,0.02199999988079071
9180,80,91,-0.915,-1.245,0,nan,147,0.0,147,0.02199999988079071
9181,81,91,-0.9449999999999998,-1.245,0,nan,147,0.0,147,0.02199999988079071
9182,82,91,-0.9750000000000001,-1.245,0,nan,147,0.0,147,0.02199999988079071
9183,83,91,-1.005,-1.245,0,nan,147,0.0,147,0.02199999988079071
9184,84,91,-1.0349999999999997,-1.245,0,nan,147,0.0,147,0.02199999988079071
9185,85,91,-1.065,-1.245,0,nan,147,0.0,147,0.02199999988079071
9186,86,91,-1.0949999999999998,-1.245,0,nan,147,0.0,147,0.02199999988079071
9187,87,91,-1.125,-1.245,0,nan,147,0.0,147,0.02199999988079071
9188,88,91,-1.1549999999999998,-1.245,0,nan,147,0.0,147,0.02199999988079071
9189,89,91,-1.185,-1.245,0,nan,147,0.0,147,0.02199999988079071
9190,90,91,-1.2149999999999999,-1.245,0,nan,147,0.0,147,0.02199999988079071
9191,91,91,-1.245,-1.245,0,nan,147,0.0,147,0.02199999988079071
9192,92,91,-1.275,-1.245,0,nan,147,0.0,147,0.02199999988079071
9193,93,91,-1.3049999999999997,-1.245,0,nan,147,0.0,147,0.02199999988079071
9194,94,91,-1.335,-1.245,0,nan,147,0.0,147,0.02199999988079071
9195,95,91,-1.3649999999999998,-1.245,0,nan,147,0.0,147,0.02199999988079071
9196,96,91,-1.395,-1.245,0,nan,147,0.0,147,0.02199999988079071
9197,97,91,-1.4249999999999998,-1.245,0,nan,147,0.0,147,0.0
9198,98,91,-1.455,-1.245,0,nan,147,0.0,147,0.0
9199,99,91,-1.4849999999999999,-1.245,0,nan,147,0.0,147,0.0
9200,0,92,1.485,-1.275,0,nan,147,0.0,147,0.0
9201,1,92,1.455,-1.275,0,nan,147,0.0,147,0.0
9202,2,92,1.425,-1.275,0,nan,147,0.0,147,0.0
9203,3,92,1.395,-1.275,0,nan,147,0.0,147,0.02199999988079071
9204,4,92,1.365,-1.275,0,nan,147,0.0,147,0.02199999988079071
9205,5,92,1.335,-1.275,0,nan,147,0.0,147,0.02199999988079071
9206,6,92,1.305,-1.275,0,nan,147,0.0,147,0.02199999988079071
9207,7,92,1.275,-1.275,0,nan,147,0.0,147,0.02199999988079071
9208,8,92,1.245,-1.275,0,nan,147,0.0,147,0.02199999988079071
9209,9,92,1.215,-1.275,0,nan,147,0.0,147,0.02199999988079071
9210,10,92,1.185,-1.275,0,nan,147,0.0,147,0.02199999988079071
9211,11,92,1.155,-1.275,0,nan,147,0.0,147,0.02199999988079071
9212,12,92,1.125,-1.275,0,nan,147,0.0,147,0.02199999988079071
9213,13,92,1.095,-1.275,0,nan,147,0.0,147,0.02199999988079071
9214,14,92,1.065,-1.275,0,nan,147,0.0,147,0.02199999988079071
9215,15,92,1.0350000000000001,-1.275,0,nan,147,0.0,147,0.02199999988079071
9216,16,92,1.005,-1.275,0,nan,147,0.0,147,0.02199999988079071
9217,17,92,0.975,-1.275,0,nan,147,0.0,147,0.02199999988079071
9218,18,92,0.9450000000000001,-1.275,0,nan,147,0.0,147,0.02199999988079071
9219,19,92,0.915,-1.275,0,nan,147,0.0,147,0.02199999988079071
9220,20,92,0.885,-1.275,0,nan,147,0.0,147,0.02199999988079071
9221,21,92,0.855,-1.275,0,nan,147,0.0,147,0.02199999988079071
9222,22,92,0.8250000000000001,-1.275,0,nan,147,0.0,147,0.02199999988079071
9223,23,92,0.795,-1.275,0,nan,147,0.0,147,0.02199999988079071
9224,24,92,0.765,-1.275,0,nan,147,0.0,147,0.02199999988079071
9225,25,92,0.735,-1.275,0,nan,147,0.0,147,0.02199999988079071
9226,26,92,0.7050000000000001,-1.275,0,nan,147,0.0,147,0.02199999988079071
9227,27,92,0.675,-1.275,0,nan,147,0.0,147,0.02199999988079071
9228,28,92,0.645,-1.275,0,nan,147,0.0,147,0.02199999988079071
9229,29,92,0.615,-1.275,0,nan,147,0.0,147,0.02199999988079071
9230,30,92,0.5850000000000001,-1.275,0,nan,147,0.0,147,0.02199999988079071
9231,31,92,0.555,-1.275,0,nan,147,0.0,147,0.02199999988079071
9232,32,92,0.525,-1.275,0,nan,147,0.0,147,0.02199999988079071
9233,33,92,0.4950000000000001,-1.275,0,nan,147,0.0,147,0.02199999988079071
9234,34,92,0.4650000000000001,-1.275,0,nan,147,0.0,147,0.02199999988079071
9235,35,92,0.43500000000000005,-1.275,0,nan,147,0.0,147,0.02199999988079071
9236,36,92,0.405,-1.275,0,nan,147,0.0,147,0.02199999988079071
9237,37,92,0.375,-1.275,0,nan,147,0.0,147,0.02199999988079071
9238,38,92,0.345,-1.275,0,nan,147,0.0,147,0.02199999988079071
9239,39,92,0.31499999999999995,-1.275,0,nan,147,0.0,147,0.02199999988079071
9240,40,92,0.28500000000000014,-1.275,0,nan,147,0.0,147,0.02199999988079071
9241,41,92,0.2550000000000001,-1.275,0,nan,147,0.0,147,0.02199999988079071
9242,42,92,0.2250000000000001,-1.275,0,nan,147,0.0,147,0.02199999988079071
9243,43,92,0.19500000000000006,-1.275,0,nan,147,0.0,147,0.02199999988079071
9244,44,92,0.16500000000000004,-1.275,0,nan,147,0.0,147,0.02199999988079071
9245,45,92,0.135,-1.275,0,nan,147,0.0,147,0.02199999988079071
9246,46,92,0.10499999999999998,-1.275,0,nan,147,0.0,147,0.02199999988079071
9247,47,92,0.07499999999999996,-1.275,0,nan,147,0.0,147,0.02199999988079071
9248,48,92,0.04500000000000015,-1.275,0,nan,147,0.0,147,0.02199999988079071
9249,49,92,0.015000000000000124,-1.275,0,nan,147,0.0,147,0.02199999988079071
9250,50,92,-0.014999999999999902,-1.275,0,nan,147,0.0,147,0.02199999988079071
9251,51,92,-0.04499999999999993,-1.275,0,nan,147,0.0,147,0.02199999988079071
9252,52,92,-0.07499999999999996,-1.275,0,nan,147,0.0,147,0.02199999988079071
9253,53,92,-0.10499999999999998,-1.275,0,nan,147,0.0,147,0.02199999988079071
9254,54,92,-0.135,-1.275,0,nan,147,0.0,147,0.02199999988079071
9255,55,92,-0.16500000000000004,-1.275,0,nan,147,0.0,147,0.02199999988079071
9256,56,92,-0.19499999999999984,-1.275,0,nan,147,0.0,147,0.02199999988079071
9257,57,92,-0.22499999999999987,-1.275,0,nan,147,0.0,147,0.02199999988079071
9258,58,92,-0.2549999999999999,-1.275,0,nan,147,0.0,147,0.02199999988079071
9259,59,92,-0.2849999999999999,-1.275,0,nan,147,0.0,147,0.02199999988079071
9260,60,92,-0.31499999999999995,-1.275,0,nan,147,0.0,147,0.02199999988079071
9261,61,92,-0.345,-1.275,0,nan,147,0.0,147,0.02199999988079071
9262,62,92,-0.375,-1.275,0,nan,147,0.0,147,0.02199999988079071
9263,63,92,-0.405,-1.275,0,nan,147,0.0,147,0.02199999988079071
9264,64,92,-0.43499999999999983,-1.275,0,nan,147,0.0,147,0.02199999988079071
9265,65,92,-0.46499999999999986,-1.275,0,nan,147,0.0,147,0.02199999988079071
9266,66,92,-0.4949999999999999,-1.275,0,nan,147,0.0,147,0.02199999988079071
9267,67,92,-0.5249999999999999,-1.275,0,nan,147,0.0,147,0.02199999988079071
9268,68,92,-0.5549999999999997,-1.275,0,nan,147,0.0,147,0.02199999988079071
9269,69,92,-0.585,-1.275,0,nan,147,0.0,147,0.02199999988079071
9270,70,92,-0.6149999999999998,-1.275,0,nan,147,0.0,147,0.02199999988079071
9271,71,92,-0.645,-1.275,0,nan,147,0.0,147,0.02199999988079071
9272,72,92,-0.6749999999999998,-1.275,0,nan,147,0.0,147,0.02199999988079071
9273,73,92,-0.7050000000000001,-1.275,0,nan,147,0.0,147,0.02199999988079071
9274,74,92,-0.7349999999999999,-1.275,0,nan,147,0.0,147,0.02199999988079071
9275,75,92,-0.7650000000000001,-1.275,0,nan,147,0.0,147,0.02199999988079071
9276,76,92,-0.7949999999999999,-1.275,0,nan,147,0.0,147,0.02199999988079071
9277,77,92,-0.8249999999999997,-1.275,0,nan,147,0.0,147,0.02199999988079071
9278,78,92,-0.855,-1.275,0,nan,147,0.0,147,0.02199999988079071
9279,79,92,-0.8849999999999998,-1.275,0,nan,147,0.0,147,0.02199999988079071
9280,80,92,-0.915,-1.275,0,nan,147,0.0,147,0.02199999988079071
9281,81,92,-0.9449999999999998,-1.275,0,nan,147,0.0,147,0.02199999988079071
9282,82,92,-0.9750000000000001,-1.275,0,nan,147,0.0,147,0.02199999988079071
9283,83,92,-1.005,-1.275,0,nan,147,0.0,147,0.02199999988079071
9284,84,92,-1.0349999999999997,-1.275,0,nan,147,0.0,147,0.02199999988079071
9285,85,92,-1.065,-1.275,0,nan,147,0.0,147,0.02199999988079071
9286,86,92,-1.0949999999999998,-1.275,0,nan,147,0.0,147,0.02199999988079071
9287,87,92,-1.125,-1.275,0,nan,147,0.0,147,0.02199999988079071
9288,88,92,-1.1549999999999998,-1.275,0,nan,147,0.0,147,0.02199999988079071
9289,89,92,-1.185,-1.275,0,nan,147,0.0,147,0.02199999988079071
9290,90,92,-1.2149999999999999,-1.275,0,nan,147,0.0,147,0.02199999988079071
9291,91,92,-1.245,-1.275,0,nan,147,0.0,147,0.02199999988079071
9292,92,92,-1.275,-1.275,0,nan,147,0.0,147,0.02199999988079071
9293,93,92,-1.3049999999999997,-1.275,0,nan,147,0.0,147,0.02199999988079071
9294,94,92,-1.335,-1.275,0,nan,147,0.0,147,0.02199999988079071
9295,95,92,-1.3649999999999998,-1.275,0,nan,147,0.0,147,0.02199999988079071
9296,96,92,-1.395,-1.275,0,nan,147,0.0,147,0.02199999988079071
9297,97,92,-1.4249999999999998,-1.275,0,nan,147,0.0,147,0.0
9298,98,92,-1.455,-1.275,0,nan,147,0.0,147,0.0
9299,99,92,-1.4849999999999999,-1.275,0,nan,147,0.0,147,0.0
9300,0,93,1.485,-1.3049999999999997,0,nan,147,0.0,147,0.0
9301,1,93,1.455,-1.3049999999999997,0,nan,147,0.0,147,0.0
9302,2,93,1.425,-1.3049999999999997,0,nan,147,0.0,147,0.0
9303,3,93,1.395,-1.3049999999999997,0,nan,147,0.0,147,0.02199999988079071
9304,4,93,1.365,-1.3049999999999997,0,nan,147,0.0,147,0.02199999988079071
9305,5,93,1.335,-1.3049999999999997,0,nan,147,0.0,147,0.02199999988079071
9306,6,93,1.305,-1.3049999999999997,0,nan,147,0.0,147,0.02199999988079071
9307,7,93,1.275,-1.3049999999999997,0,nan,147,0.0,147,0.02199999988079071
9308,8,93,1.245,-1.3049999999999997,0,nan,147,0.0,147,0.02199999988079071
9309,9,93,1.215,-1.3049999999999997,0,nan,147,0.0,147,0.02199999988079071
9310,10,93,1.185,-1.3049999999999997,0,nan,147,0.0,147,0.02199999988079071
9311,11,93,1.155,-1.3049999999999997,0,nan,147,0.0,147,0.02199999988079071
9312,12,93,1.125,-1.3049999999999997,0,nan,147,0.0,147,0.02199999988079071
9313,13,93,1.095,-1.3049999999999997,0,nan,147,0.0,147,0.02199999988079071
9314,14,93,1.065,-1.3049999999999997,0,nan,147,0.0,147,0.02199999988079071
9315,15,93,1.0350000000000001,-1.3049999999999997,0,nan,147,0.0,147,0.02199999988079071
9316,16,93,1.005,-1.3049999999999997,0,nan,147,0.0,147,0.02199999988079071
9317,17,93,0.975,-1.3049999999999997,0,nan,147,0.0,147,0.02199999988079071
9318,18,93,0.9450000000000001,-1.3049999999999997,0,nan,147,0.0,147,0.02199999988079071
9319,19,93,0.915,-1.3049999999999997,0,nan,147,0.0,147,0.02199999988079071
9320,20,93,0.885,-1.3049999999999997,0,nan,147,0.0,147,0.02199999988079071
9321,21,93,0.855,-1.3049999999999997,0,nan,147,0.0,147,0.02199999988079071
9322,22,93,0.8250000000000001,-1.3049999999999997,0,nan,147,0.0,147,0.02199999988079071
9323,23,93,0.795,-1.3049999999999997,0,nan,147,0.0,147,0.02199999988079071
9324,24,93,0.765,-1.3049999999999997,0,nan,147,0.0,147,0.02199999988079071
9325,25,93,0.735,-1.3049999999999997,0,nan,147,0.0,147,0.02199999988079071
9326,26,93,0.7050000000000001,-1.3049999999999997,0,nan,147,0.0,147,0.02199999988079071
9327,27,93,0.675,-1.3049999999999997,0,nan,147,0.0,147,0.02199999988079071
9328,28,93,0.645,-1.3049999999999997,0,nan,147,0.0,147,0.02199999988079071
9329,29,93,0.615,-1.3049999999999997,0,nan,147,0.0,147,0.02199999988079071
9330,30,93,0.5850000000000001,-1.3049999999999997,0,nan,147,0.0,147,0.02199999988079071
9331,31,93,0.555,-1.3049999999999997,0,nan,147,0.0,147,0.02199999988079071
9332,32,93,0.525,-1.3049999999999997,0,nan,147,0.0,147,0.02199999988079071
9333,33,93,0.4950000000000001,-1.3049999999999997,0,nan,147,0.0,147,0.02199999988079071
9334,34,93,0.4650000000000001,-1.3049999999999997,0,nan,147,0.0,147,0.02199999988079071
9335,35,93,0.43500000000000005,-1.3049999999999997,0,nan,147,0.0,147,0.02199999988079071
9336,36,93,0.405,-1.3049999999999997,0,nan,147,0.0,147,0.02199999988079071
9337,37,93,0.375,-1.3049999999999997,0,nan,147,0.0,147,0.02199999988079071
9338,38,93,0.345,-1.3049999999999997,0,nan,147,0.0,147,0.02199999988079071
9339,39,93,0.31499999999999995,-1.3049999999999997,0,nan,147,0.0,147,0.02199999988079071
9340,40,93,0.28500000000000014,-1.3049999999999997,0,nan,147,0.0,147,0.02199999988079071
9341,41,93,0.2550000000000001,-1.3049999999999997,0,nan,147,0.0,147,0.02199999988079071
9342,42,93,0.2250000000000001,-1.3049999999999997,0,nan,147,0.0,147,0.02199999988079071
9343,43,93,0.19500000000000006,-1.3049999999999997,0,nan,147,0.0,147,0.02199999988079071
9344,44,93,0.16500000000000004,-1.3049999999999997,0,nan,147,0.0,147,0.02199999988079071
9345,45,93,0.135,-1.3049999999999997,0,nan,147,0.0,147,0.02199999988079071
9346,46,93,0.10499999999999998,-1.3049999999999997,0,nan,147,0.0,147,0.02199999988079071
9347,47,93,0.07499999999999996,-1.3049999999999997,0,nan,147,0.0,147,0.02199999988079071
9348,48,93,0.04500000000000015,-1.3049999999999997,0,nan,147,0.0,147,0.02199999988079071
9349,49,93,0.015000000000000124,-1.3049999999999997,0,nan,147,0.0,147,0.02199999988079071
9350,50,93,-0.014999999999999902,-1.3049999999999997,0,nan,147,0.0,147,0.02199999988079071
9351,51,93,-0.04499999999999993,-1.3049999999999997,0,nan,147,0.0,147,0.02199999988079071
9352,52,93,-0.07499999999999996,-1.3049999999999997,0,nan,147,0.0,147,0.02199999988079071
9353,53,93,-0.10499999999999998,-1.3049999999999997,0,nan,147,0.0,147,0.02199999988079071
9354,54,93,-0.135,-1.3049999999999997,0,nan,147,0.0,147,0.02199999988079071
9355,55,93,-0.16500000000000004,-1.3049999999999997,0,nan,147,0.0,147,0.02199999988079071
9356,56,93,-0.19499999999999984,-1.3049999999999997,0,nan,147,0.0,147,0.02199999988079071
9357,57,93,-0.22499999999999987,-1.3049999999999997,0,nan,147,0.0,147,0.02199999988079071
9358,58,93,-0.2549999999999999,-1.3049999999999997,0,nan,147,0.0,147,0.02199999988079071
9359,59,93,-0.2849999999999999,-1.3049999999999997,0,nan,147,0.0,147,0.02199999988079071
9360,60,93,-0.31499999999999995,-1.3049999999999997,0,nan,147,0.0,147,0.02199999988079071
9361,61,93,-0.345,-1.3049999999999997,0,nan,147,0.0,147,0.02199999988079071
9362,62,93,-0.375,-1.3049999999999997,0,nan,147,0.0,147,0.02199999988079071
9363,63,93,-0.405,-1.3049999999999997,0,nan,147,0.0,147,0.02199999988079071
9364,64,93,-0.43499999999999983,-1.3049999999999997,0,nan,147,0.0,147,0.02199999988079071
9365,65,93,-0.46499999999999986,-1.3049999999999997,0,nan,147,0.0,147,0.02199999988079071
9366,66,93,-0.4949999999999999,-1.3049999999999997,0,nan,147,0.0,147,0.02199999988079071
9367,67,93,-0.5249999999999999,-1.3049999999999997,0,nan,147,0.0,147,0.02199999988079071
9368,68,93,-0.5549999999999997,-1.3049999999999997,0,nan,147,0.0,147,0.02199999988079071
9369,69,93,-0.585,-1.3049999999999997,0,nan,147,0.0,147,0.02199999988079071
9370,70,93,-0.6149999999999998,-1.3049999999999997,0,nan,147,0.0,147,0.02199999988079071
9371,71,93,-0.645,-1.3049999999999997,0,nan,147,0.0,147,0.02199999988079071
9372,72,93,-0.6749999999999998,-1.3049999999999997,0,nan,147,0.0,147,0.02199999988079071
9373,73,93,-0.7050000000000001,-1.3049999999999997,0,nan,147,0.0,147,0.02199999988079071
9374,74,93,-0.7349999999999999,-1.3049999999999997,0,nan,147,0.0,147,0.02199999988079071
9375,75,93,-0.7650000000000001,-1.3049999999999997,0,nan,147,0.0,147,0.02199999988079071
9376,76,93,-0.7949999999999999,-1.3049999999999997,0,nan,147,0.0,147,0.02199999988079071
9377,77,93,-0.8249999999999997,-1.3049999999999997,0,nan,147,0.0,147,0.02199999988079071
9378,78,93,-0.855,-1.3049999999999997,0,nan,147,0.0,147,0.02199999988079071
9379,79,93,-0.8849999999999998,-1.3049999999999997,0,nan,147,0.0,147,0.02199999988079071
9380,80,93,-0.915,-1.3049999999999997,0,nan,147,0.0,147,0.02199999988079071
9381,81,93,-0.9449999999999998,-1.3049999999999997,0,nan,147,0.0,147,0.02199999988079071
9382,82,93,-0.9750000000000001,-1.3049999999999997,0,nan,147,0.0,147,0.02199999988079071
9383,83,93,-1.005,-1.3049999999999997,0,nan,147,0.0,147,0.02199999988079071
9384,84,93,-1.0349999999999997,-1.3049999999999997,0,nan,147,0.0,147,0.02199999988079071
9385,85,93,-1.065,-1.3049999999999997,0,nan,147,0.0,147,0.02199999988079071
9386,86,93,-1.0949999999999998,-1.3049999999999997,0,nan,147,0.0,147,0.02199999988079071
9387,87,93,-1.125,-1.3049999999999997,0,nan,147,0.0,147,0.02199999988079071
9388,88,93,-1.1549999999999998,-1.3049999999999997,0,nan,147,0.0,147,0.02199999988079071
9389,89,93,-1.185,-1.3049999999999997,0,nan,147,0.0,147,0.02199999988079071
9390,90,93,-1.2149999999999999,-1.3049999999999997,0,nan,147,0.0,147,0.02199999988079071
9391,91,93,-1.245,-1.3049999999999997,0,nan,147,0.0,147,0.02199999988079071
9392,92,93,-1.275,-1.3049999999999997,0,nan,147,0.0,147,0.02199999988079071
9393,93,93,-1.3049999999999997,-1.3049999999999997,0,nan,147,0.0,147,0.02199999988079071
9394,94,93,-1.335,-1.3049999999999997,0,nan,147,0.0,147,0.02199999988079071
9395,95,93,-1.3649999999999998,-1.3049999999999997,0,nan,147,0.0,147,0.02199999988079071
9396,96,93,-1.395,-1.3049999999999997,0,nan,147,0.0,147,0.02199999988079071
9397,97,93,-1.4249999999999998,-1.3049999999999997,0,nan,147,0.0,147,0.0
9398,98,93,-1.455,-1.3049999999999997,0,nan,147,0.0,147,0.0
9399,99,93,-1.4849999999999999,-1.3049999999999997,0,nan,147,0.0,147,0.0
9400,0,94,1.485,-1.335,0,nan,147,0.0,147,0.0
9401,1,94,1.455,-1.335,0,nan,147,0.0,147,0.0
9402,2,94,1.425,-1.335,0,nan,147,0.0,147,0.0
9403,3,94,1.395,-1.335,0,nan,147,0.0,147,0.02199999988079071
9404,4,94,1.365,-1.335,0,nan,147,0.0,147,0.02199999988079071
9405,5,94,1.335,-1.335,0,nan,147,0.0,147,0.02199999988079071
9406,6,94,1.305,-1.335,0,nan,147,0.0,147,0.02199999988079071
9407,7,94,1.275,-1.335,0,nan,147,0.0,147,0.02199999988079071
9408,8,94,1.245,-1.335,0,nan,147,0.0,147,0.02199999988079071
9409,9,94,1.215,-1.335,0,nan,147,0.0,147,0.02199999988079071
9410,10,94,1.185,-1.335,0,nan,147,0.0,147,0.02199999988079071
9411,11,94,1.155,-1.335,0,nan,147,0.0,147,0.02199999988079071
9412,12,94,1.125,-1.335,0,nan,147,0.0,147,0.02199999988079071
9413,13,94,1.095,-1.335,0,nan,147,0.0,147,0.02199999988079071
9414,14,94,1.065,-1.335,0,nan,147,0.0,147,0.02199999988079071
9415,15,94,1.0350000000000001,-1.335,0,nan,147,0.0,147,0.02199999988079071
9416,16,94,1.005,-1.335,0,nan,147,0.0,147,0.02199999988079071
9417,17,94,0.975,-1.335,0,nan,147,0.0,147,0.02199999988079071
9418,18,94,0.9450000000000001,-1.335,0,nan,147,0.0,147,0.02199999988079071
9419,19,94,0.915,-1.335,0,nan,147,0.0,147,0.02199999988079071
9420,20,94,0.885,-1.335,0,nan,147,0.0,147,0.02199999988079071
9421,21,94,0.855,-1.335,0,nan,147,0.0,147,0.02199999988079071
9422,22,94,0.8250000000000001,-1.335,0,nan,147,0.0,147,0.02199999988079071
9423,23,94,0.795,-1.335,0,nan,147,0.0,147,0.02199999988079071
9424,24,94,0.765,-1.335,0,nan,147,0.0,147,0.02199999988079071
9425,25,94,0.735,-1.335,0,nan,147,0.0,147,0.02199999988079071
9426,26,94,0.7050000000000001,-1.335,0,nan,147,0.0,147,0.02199999988079071
9427,27,94,0.675,-1.335,0,nan,147,0.0,147,0.02199999988079071
9428,28,94,0.645,-1.335,0,nan,147,0.0,147,0.02199999988079071
9429,29,94,0.615,-1.335,0,nan,147,0.0,147,0.02199999988079071
9430,30,94,0.5850000000000001,-1.335,0,nan,147,0.0,147,0.02199999988079071
9431,31,94,0.555,-1.335,0,nan,147,0.0,147,0.02199999988079071
9432,32,94,0.525,-1.335,0,nan,147,0.0,147,0.02199999988079071
9433,33,94,0.4950000000000001,-1.335,0,nan,147,0.0,147,0.02199999988079071
9434,34,94,0.4650000000000001,-1.335,0,nan,147,0.0,147,0.02199999988079071
9435,35,94,0.43500000000000005,-1.335,0,nan,147,0.0,147,0.02199999988079071
9436,36,94,0.405,-1.335,0,nan,147,0.0,147,0.02199999988079071
9437,37,94,0.375,-1.335,0,nan,147,0.0,147,0.02199999988079071
9438,38,94,0.345,-1.335,0,nan,147,0.0,147,0.02199999988079071
9439,39,94,0.31499999999999995,-1.335,0,nan,147,0.0,147,0.02199999988079071
9440,40,94,0.28500000000000014,-1.335,0,nan,147,0.0,147,0.02199999988079071
9441,41,94,0.2550000000000001,-1.335,0,nan,147,0.0,147,0.02199999988079071
9442,42,94,0.2250000000000001,-1.335,0,nan,147,0.0,147,0.02199999988079071
9443,43,94,0.19500000000000006,-1.335,0,nan,147,0.0,147,0.02199999988079071
9444,44,94,0.16500000000000004,-1.335,0,nan,147,0.0,147,0.02199999988079071
9445,45,94,0.135,-1.335,0,nan,147,0.0,147,0.02199999988079071
9446,46,94,0.10499999999999998,-1.335,0,nan,147,0.0,147,0.02199999988079071
9447,47,94,0.07499999999999996,-1.335,0,nan,147,0.0,147,0.02199999988079071
9448,48,94,0.04500000000000015,-1.335,0,nan,147,0.0,147,0.02199999988079071
9449,49,94,0.015000000000000124,-1.335,0,nan,147,0.0,147,0.02199999988079071
9450,50,94,-0.014999999999999902,-1.335,0,nan,147,0.0,147,0.02199999988079071
9451,51,94,-0.04499999999999993,-1.335,0,nan,147,0.0,147,0.02199999988079071
9452,52,94,-0.07499999999999996,-1.335,0,nan,147,0.0,147,0.02199999988079071
9453,53,94,-0.10499999999999998,-1.335,0,nan,147,0.0,147,0.02199999988079071
9454,54,94,-0.135,-1.335,0,nan,147,0.0,147,0.02199999988079071
9455,55,94,-0.16500000000000004,-1.335,0,nan,147,0.0,147,0.02199999988079071
9456,56,94,-0.19499999999999984,-1.335,0,nan,147,0.0,147,0.02199999988079071
9457,57,94,-0.22499999999999987,-1.335,0,nan,147,0.0,147,0.02199999988079071
9458,58,94,-0.2549999999999999,-1.335,0,nan,147,0.0,147,0.02199999988079071
9459,59,94,-0.2849999999999999,-1.335,0,nan,147,0.0,147,0.02199999988079071
9460,60,94,-0.31499999999999995,-1.335,0,nan,147,0.0,147,0.02199999988079071
9461,61,94,-0.345,-1.335,0,nan,147,0.0,147,0.02199999988079071
9462,62,94,-0.375,-1.335,0,nan,147,0.0,147,0.02199999988079071
9463,63,94,-0.405,-1.335,0,nan,147,0.0,147,0.02199999988079071
9464,64,94,-0.43499999999999983,-1.335,0,nan,147,0.0,147,0.02199999988079071
9465,65,94,-0.46499999999999986,-1.335,0,nan,147,0.0,147,0.02199999988079071
9466,66,94,-0.4949999999999999,-1.335,0,nan,147,0.0,147,0.02199999988079071
9467,67,94,-0.5249999999999999,-1.335,0,nan,147,0.0,147,0.02199999988079071
9468,68,94,-0.5549999999999997,-1.335,0,nan,147,0.0,147,0.02199999988079071
9469,69,94,-0.585,-1.335,0,nan,147,0.0,147,0.02199999988079071
9470,70,94,-0.6149999999999998,-1.335,0,nan,147,0.0,147,0.02199999988079071
9471,71,94,-0.645,-1.335,0,nan,147,0.0,147,0.02199999988079071
9472,72,94,-0.6749999999999998,-1.335,0,nan,147,0.0,147,0.02199999988079071
9473,73,94,-0.7050000000000001,-1.335,0,nan,147,0.0,147,0.02199999988079071
9474,74,94,-0.7349999999999999,-1.335,0,nan,147,0.0,147,0.02199999988079071
9475,75,94,-0.7650000000000001,-1.335,0,nan,147,0.0,147,0.02199999988079071
9476,76,94,-0.7949999999999999,-1.335,0,nan,147,0.0,147,0.02199999988079071
9477,77,94,-0.8249999999999997,-1.335,0,nan,147,0.0,147,0.02199999988079071
9478,78,94,-0.855,-1.335,0,nan,147,0.0,147,0.02199999988079071
9479,79,94,-0.8849999999999998,-1.335,0,nan,147,0.0,147,0.02199999988079071
9480,80,94,-0.915,-1.335,0,nan,147,0.0,147,0.02199999988079071
9481,81,94,-0.9449999999999998,-1.335,0,nan,147,0.0,147,0.02199999988079071
9482,82,94,-0.9750000000000001,-1.335,0,nan,147,0.0,147,0.02199999988079071
9483,83,94,-1.005,-1.335,0,nan,147,0.0,147,0.02199999988079071
9484,84,94,-1.0349999999999997,-1.335,0,nan,147,0.0,147,0.02199999988079071
9485,85,94,-1.065,-1.335,0,nan,147,0.0,147,0.02199999988079071
9486,86,94,-1.0949999999999998,-1.335,0,nan,147,0.0,147,0.02199999988079071
9487,87,94,-1.125,-1.335,0,nan,147,0.0,147,0.02199999988079071
9488,88,94,-1.1549999999999998,-1.335,0,nan,147,0.0,147,0.02199999988079071
9489,89,94,-1.185,-1.335,0,nan,147,0.0,147,0.02199999988079071
9490,90,94,-1.2149999999999999,-1.335,0,nan,147,0.0,147,0.02199999988079071
9491,91,94,-1.245,-1.335,0,nan,147,0.0,147,0.02199999988079071
9492,92,94,-1.275,-1.335,0,nan,147,0.0,147,0.02199999988079071
9493,93,94,-1.3049999999999997,-1.335,0,nan,147,0.0,147,0.02199999988079071
9494,94,94,-1.335,-1.335,0,nan,147,0.0,147,0.02199999988079071
9495,95,94,-1.3649999999999998,-1.335,0,nan,147,0.0,147,0.02199999988079071
9496,96,94,-1.395,-1.335,0,nan,147,0.0,147,0.02199999988079071
9497,97,94,-1.4249999999999998,-1.335,0,nan,147,0.0,147,0.0
9498,98,94,-1.455,-1.335,0,nan,147,0.0,147,0.0
9499,99,94,-1.4849999999999999,-1.335,0,nan,147,0.0,147,0.0
9500,0,95,1.485,-1.3649999999999998,0,nan,147,0.0,147,0.0
9501,1,95,1.455,-1.3649999999999998,0,nan,147,0.0,147,0.0
9502,2,95,1.425,-1.3649999999999998,0,nan,147,0.0,147,0.0
9503,3,95,1.395,-1.3649999999999998,0,nan,147,0.0,147,0.02199999988079071
9504,4,95,1.365,-1.3649999999999998,0,nan,147,0.0,147,0.02199999988079071
9505,5,95,1.335,-1.3649999999999998,0,nan,147,0.0,147,0.02199999988079071
9506,6,95,1.305,-1.3649999999999998,0,nan,147,0.0,147,0.02199999988079071
9507,7,95,1.275,-1.3649999999999998,0,nan,147,0.0,147,0.02199999988079071
9508,8,95,1.245,-1.3649999999999998,0,nan,147,0.0,147,0.02199999988079071
9509,9,95,1.215,-1.3649999999999998,0,nan,147,0.0,147,0.02199999988079071
9510,10,95,1.185,-1.3649999999999998,0,nan,147,0.0,147,0.02199999988079071
9511,11,95,1.155,-1.3649999999999998,0,nan,147,0.0,147,0.02199999988079071
9512,12,95,1.125,-1.3649999999999998,0,nan,147,0.0,147,0.02199999988079071
9513,13,95,1.095,-1.3649999999999998,0,nan,147,0.0,147,0.02199999988079071
9514,14,95,1.065,-1.3649999999999998,0,nan,147,0.0,147,0.02199999988079071
9515,15,95,1.0350000000000001,-1.3649999999999998,0,nan,147,0.0,147,0.02199999988079071
9516,16,95,1.005,-1.3649999999999998,0,nan,147,0.0,147,0.02199999988079071
9517,17,95,0.975,-1.3649999999999998,0,nan,147,0.0,147,0.02199999988079071
9518,18,95,0.9450000000000001,-1.3649999999999998,0,nan,147,0.0,147,0.02199999988079071
9519,19,95,0.915,-1.3649999999999998,0,nan,147,0.0,147,0.02199999988079071
9520,20,95,0.885,-1.3649999999999998,0,nan,147,0.0,147,0.02199999988079071
9521,21,95,0.855,-1.3649999999999998,0,nan,147,0.0,147,0.02199999988079071
9522,22,95,0.8250000000000001,-1.3649999999999998,0,nan,147,0.0,147,0.02199999988079071
9523,23,95,0.795,-1.3649999999999998,0,nan,147,0.0,147,0.02199999988079071
9524,24,95,0.765,-1.3649999999999998,0,nan,147,0.0,147,0.02199999988079071
9525,25,95,0.735,-1.3649999999999998,0,nan,147,0.0,147,0.02199999988079071
9526,26,95,0.7050000000000001,-1.3649999999999998,0,nan,147,0.0,147,0.02199999988079071
9527,27,95,0.675,-1.3649999999999998,0,nan,147,0.0,147,0.02199999988079071
9528,28,95,0.645,-1.3649999999999998,0,nan,147,0.0,147,0.02199999988079071
9529,29,95,0.615,-1.3649999999999998,0,nan,147,0.0,147,0.02199999988079071
9530,30,95,0.5850000000000001,-1.3649999999999998,0,nan,147,0.0,147,0.02199999988079071
9531,31,95,0.555,-1.3649999999999998,0,nan,147,0.0,147,0.02199999988079071
9532,32,95,0.525,-1.3649999999999998,0,nan,147,0.0,147,0.02199999988079071
9533,33,95,0.4950000000000001,-1.3649999999999998,0,nan,147,0.0,147,0.02199999988079071
9534,34,95,0.4650000000000001,-1.3649999999999998,0,nan,147,0.0,147,0.02199999988079071
9535,35,95,0.43500000000000005,-1.3649999999999998,0,nan,147,0.0,147,0.02199999988079071
9536,36,95,0.405,-1.3649999999999998,0,nan,147,0.0,147,0.02199999988079071
9537,37,95,0.375,-1.3649999999999998,0,nan,147,0.0,147,0.02199999988079071
9538,38,95,0.345,-1.3649999999999998,0,nan,147,0.0,147,0.02199999988079071
9539,39,95,0.31499999999999995,-1.3649999999999998,0,nan,147,0.0,147,0.02199999988079071
9540,40,95,0.28500000000000014,-1.3649999999999998,0,nan,147,0.0,147,0.02199999988079071
9541,41,95,0.2550000000000001,-1.3649999999999998,0,nan,147,0.0,147,0.02199999988079071
9542,42,95,0.2250000000000001,-1.3649999999999998,0,nan,147,0.0,147,0.02199999988079071
9543,43,95,0.19500000000000006,-1.3649999999999998,0,nan,147,0.0,147,0.02199999988079071
9544,44,95,0.16500000000000004,-1.3649999999999998,0,nan,147,0.0,147,0.02199999988079071
9545,45,95,0.135,-1.3649999999999998,0,nan,147,0.0,147,0.02199999988079071
9546,46,95,0.10499999999999998,-1.3649999999999998,0,nan,147,0.0,147,0.02199999988079071
9547,47,95,0.07499999999999996,-1.3649999999999998,0,nan,147,0.0,147,0.02199999988079071
9548,48,95,0.04500000000000015,-1.3649999999999998,0,nan,147,0.0,147,0.02199999988079071
9549,49,95,0.015000000000000124,-1.3649999999999998,0,nan,147,0.0,147,0.02199999988079071
9550,50,95,-0.014999999999999902,-1.3649999999999998,0,nan,147,0.0,147,0.02199999988079071
9551,51,95,-0.04499999999999993,-1.3649999999999998,0,nan,147,0.0,147,0.02199999988079071
9552,52,95,-0.07499999999999996,-1.3649999999999998,0,nan,147,0.0,147,0.02199999988079071
9553,53,95,-0.10499999999999998,-1.3649999999999998,0,nan,147,0.0,147,0.02199999988079071
9554,54,95,-0.135,-1.3649999999999998,0,nan,147,0.0,147,0.02199999988079071
9555,55,95,-0.16500000000000004,-1.3649999999999998,0,nan,147,0.0,147,0.02199999988079071
9556,56,95,-0.19499999999999984,-1.3649999999999998,0,nan,147,0.0,147,0.02199999988079071
9557,57,95,-0.22499999999999987,-1.3649999999999998,0,nan,147,0.0,147,0.02199999988079071
9558,58,95,-0.2549999999999999,-1.3649999999999998,0,nan,147,0.0,147,0.02199999988079071
9559,59,95,-0.2849999999999999,-1.3649999999999998,0,nan,147,0.0,147,0.02199999988079071
9560,60,95,-0.31499999999999995,-1.3649999999999998,0,nan,147,0.0,147,0.02199999988079071
9561,61,95,-0.345,-1.3649999999999998,0,nan,147,0.0,147,0.02199999988079071
9562,62,95,-0.375,-1.3649999999999998,0,nan,147,0.0,147,0.02199999988079071
9563,63,95,-0.405,-1.3649999999999998,0,nan,147,0.0,147,0.02199999988079071
9564,64,95,-0.43499999999999983,-1.3649999999999998,0,nan,147,0.0,147,0.02199999988079071
9565,65,95,-0.46499999999999986,-1.3649999999999998,0,nan,147,0.0,147,0.02199999988079071
9566,66,95,-0.4949999999999999,-1.3649999999999998,0,nan,147,0.0,147,0.02199999988079071
9567,67,95,-0.5249999999999999,-1.3649999999999998,0,nan,147,0.0,147,0.02199999988079071
9568,68,95,-0.5549999999999997,-1.3649999999999998,0,nan,147,0.0,147,0.02199999988079071
9569,69,95,-0.585,-1.3649999999999998,0,nan,147,0.0,147,0.02199999988079071
9570,70,95,-0.6149999999999998,-1.3649999999999998,0,nan,147,0.0,147,0.02199999988079071
9571,71,95,-0.645,-1.3649999999999998,0,nan,147,0.0,147,0.02199999988079071
9572,72,95,-0.6749999999999998,-1.3649999999999998,0,nan,147,0.0,147,0.02199999988079071
9573,73,95,-0.7050000000000001,-1.3649999999999998,0,nan,147,0.0,147,0.02199999988079071
9574,74,95,-0.7349999999999999,-1.3649999999999998,0,nan,147,0.0,147,0.02199999988079071
9575,75,95,-0.7650000000000001,-1.3649999999999998,0,nan,147,0.0,147,0.02199999988079071
9576,76,95,-0.7949999999999999,-1.3649999999999998,0,nan,147,0.0,147,0.02199999988079071
9577,77,95,-0.8249999999999997,-1.3649999999999998,0,nan,147,0.0,147,0.02199999988079071
9578,78,95,-0.855,-1.3649999999999998,0,nan,147,0.0,147,0.02199999988079071
9579,79,95,-0.8849999999999998,-1.3649999999999998,0,nan,147,0.0,147,0.02199999988079071
9580,80,95,-0.915,-1.3649999999999998,0,nan,147,0.0,147,0.02199999988079071
9581,81,95,-0.9449999999999998,-1.3649999999999998,0,nan,147,0.0,147,0.02199999988079071
9582,82,95,-0.9750000000000001,-1.3649999999999998,0,nan,147,0.0,147,0.02199999988079071
9583,83,95,-1.005,-1.3649999999999998,0,nan,147,0.0,147,0.02199999988079071
9584,84,95,-1.0349999999999997,-1.3649999999999998,0,nan,147,0.0,147,0.02199999988079071
9585,85,95,-1.065,-1.3649999999999998,0,nan,147,0.0,147,0.02199999988079071
9586,86,95,-1.0949999999999998,-1.3649999999999998,0,nan,147,0.0,147,0.02199999988079071
9587,87,95,-1.125,-1.3649999999999998,0,nan,147,0.0,147,0.02199999988079071
9588,88,95,-1.1549999999999998,-1.3649999999999998,0,nan,147,0.0,147,0.02199999988079071
9589,89,95,-1.185,-1.3649999999999998,0,nan,147,0.0,147,0.02199999988079071
9590,90,95,-1.2149999999999999,-1.3649999999999998,0,nan,147,0.0,147,0.02199999988079071
9591,91,95,-1.245,-1.3649999999999998,0,nan,147,0.0,147,0.02199999988079071
9592,92,95,-1.275,-1.3649999999999998,0,nan,147,0.0,147,0.02199999988079071
9593,93,95,-1.3049999999999997,-1.3649999999999998,0,nan,147,0.0,147,0.02199999988079071
9594,94,95,-1.335,-1.3649999999999998,0,nan,147,0.0,147,0.02199999988079071
9595,95,95,-1.3649999999999998,-1.3649999999999998,0,nan,147,0.0,147,0.02199999988079071
9596,96,95,-1.395,-1.3649999999999998,0,nan,147,0.0,147,0.02199999988079071
9597,97,95,-1.4249999999999998,-1.3649999999999998,0,nan,147,0.0,147,0.0
9598,98,95,-1.455,-1.3649999999999998,0,nan,147,0.0,147,0.0
9599,99,95,-1.4849999999999999,-1.3649999999999998,0,nan,147,0.0,147,0.0
9600,0,96,1.485,-1.395,0,nan,147,0.0,147,0.0
9601,1,96,1.455,-1.395,0,nan,147,0.0,147,0.0
9602,2,96,1.425,-1.395,0,nan,147,0.0,147,0.0
9603,3,96,1.395,-1.395,0,nan,147,0.0,147,0.02199999988079071
9604,4,96,1.365,-1.395,0,nan,147,0.0,147,0.02199999988079071
9605,5,96,1.335,-1.395,0,nan,147,0.0,147,0.02199999988079071
9606,6,96,1.305,-1.395,0,nan,147,0.0,147,0.02199999988079071
9607,7,96,1.275,-1.395,0,nan,147,0.0,147,0.02199999988079071
9608,8,96,1.245,-1.395,0,nan,147,0.0,147,0.02199999988079071
9609,9,96,1.215,-1.395,0,nan,147,0.0,147,0.02199999988079071
9610,10,96,1.185,-1.395,0,nan,147,0.0,147,0.02199999988079071
9611,11,96,1.155,-1.395,0,nan,147,0.0,147,0.02199999988079071
9612,12,96,1.125,-1.395,0,nan,147,0.0,147,0.02199999988079071
9613,13,96,1.095,-1.395,0,nan,147,0.0,147,0.02199999988079071
9614,14,96,1.065,-1.395,0,nan,147,0.0,147,0.02199999988079071
9615,15,96,1.0350000000000001,-1.395,0,nan,147,0.0,147,0.02199999988079071
9616,16,96,1.005,-1.395,0,nan,147,0.0,147,0.02199999988079071
9617,17,96,0.975,-1.395,0,nan,147,0.0,147,0.02199999988079071
9618,18,96,0.9450000000000001,-1.395,0,nan,147,0.0,147,0.02199999988079071
9619,19,96,0.915,-1.395,0,nan,147,0.0,147,0.02199999988079071
9620,20,96,0.885,-1.395,0,nan,147,0.0,147,0.02199999988079071
9621,21,96,0.855,-1.395,0,nan,147,0.0,147,0.02199999988079071
9622,22,96,0.8250000000000001,-1.395,0,nan,147,0.0,147,0.02199999988079071
9623,23,96,0.795,-1.395,0,nan,147,0.0,147,0.02199999988079071
9624,24,96,0.765,-1.395,0,nan,147,0.0,147,0.02199999988079071
9625,25,96,0.735,-1.395,0,nan,147,0.0,147,0.02199999988079071
9626,26,96,0.7050000000000001,-1.395,0,nan,147,0.0,147,0.02199999988079071
9627,27,96,0.675,-1.395,0,nan,147,0.0,147,0.02199999988079071
9628,28,96,0.645,-1.395,0,nan,147,0.0,147,0.02199999988079071
9629,29,96,0.615,-1.395,0,nan,147,0.0,147,0.02199999988079071
9630,30,96,0.5850000000000001,-1.395,0,nan,147,0.0,147,0.02199999988079071
9631,31,96,0.555,-1.395,0,nan,147,0.0,147,0.02199999988079071
9632,32,96,0.525,-1.395,0,nan,147,0.0,147,0.02199999988079071
9633,33,96,0.4950000000000001,-1.395,0,nan,147,0.0,147,0.02199999988079071
9634,34,96,0.4650000000000001,-1.395,0,nan,147,0.0,147,0.02199999988079071
9635,35,96,0.43500000000000005,-1.395,0,nan,147,0.0,147,0.02199999988079071
9636,36,96,0.405,-1.395,0,nan,147,0.0,147,0.02199999988079071
9637,37,96,0.375,-1.395,0,nan,147,0.0,147,0.02199999988079071
9638,38,96,0.345,-1.395,0,nan,147,0.0,147,0.02199999988079071
9639,39,96,0.31499999999999995,-1.395,0,nan,147,0.0,147,0.02199999988079071
9640,40,96,0.28500000000000014,-1.395,0,nan,147,0.0,147,0.02199999988079071
9641,41,96,0.2550000000000001,-1.395,0,nan,147,0.0,147,0.02199999988079071
9642,42,96,0.2250000000000001,-1.395,0,nan,147,0.0,147,0.02199999988079071
9643,43,96,0.19500000000000006,-1.395,0,nan,147,0.0,147,0.02199999988079071
9644,44,96,0.16500000000000004,-1.395,0,nan,147,0.0,147,0.02199999988079071
9645,45,96,0.135,-1.395,0,nan,147,0.0,147,0.02199999988079071
9646,46,96,0.10499999999999998,-1.395,0,nan,147,0.0,147,0.02199999988079071
9647,47,96,0.07499999999999996,-1.395,0,nan,147,0.0,147,0.02199999988079071
9648,48,96,0.04500000000000015,-1.395,0,nan,147,0.0,147,0.02199999988079071
9649,49,96,0.015000000000000124,-1.395,0,nan,147,0.0,147,0.02199999988079071
9650,50,96,-0.014999999999999902,-1.395,0,nan,147,0.0,147,0.02199999988079071
9651,51,96,-0.04499999999999993,-1.395,0,nan,147,0.0,147,0.02199999988079071
9652,52,96,-0.07499999999999996,-1.395,0,nan,147,0.0,147,0.02199999988079071
9653,53,96,-0.10499999999999998,-1.395,0,nan,147,0.0,147,0.02199999988079071
9654,54,96,-0.135,-1.395,0,nan,147,0.0,147,0.02199999988079071
9655,55,96,-0.16500000000000004,-1.395,0,nan,147,0.0,147,0.02199999988079071
9656,56,96,-0.19499999999999984,-1.395,0,nan,147,0.0,147,0.02199999988079071
9657,57,96,-0.22499999999999987,-1.395,0,nan,147,0.0,147,0.02199999988079071
9658,58,96,-0.2549999999999999,-1.395,0,nan,147,0.0,147,0.02199999988079071
9659,59,96,-0.2849999999999999,-1.395,0,nan,147,0.0,147,0.02199999988079071
9660,60,96,-0.31499999999999995,-1.395,0,nan,147,0.0,147,0.02199999988079071
9661,61,96,-0.345,-1.395,0,nan,147,0.0,147,0.02199999988079071
9662,62,96,-0.375,-1.395,0,nan,147,0.0,147,0.02199999988079071
9663,63,96,-0.405,-1.395,0,nan,147,0.0,147,0.02199999988079071
9664,64,96,-0.43499999999999983,-1.395,0,nan,147,0.0,147,0.02199999988079071
9665,65,96,-0.46499999999999986,-1.395,0,nan,147,0.0,147,0.02199999988079071
9666,66,96,-0.4949999999999999,-1.395,0,nan,147,0.0,147,0.02199999988079071
9667,67,96,-0.5249999999999999,-1.395,0,nan,147,0.0,147,0.02199999988079071
9668,68,96,-0.5549999999999997,-1.395,0,nan,147,0.0,147,0.02199999988079071
9669,69,96,-0.585,-1.395,0,nan,147,0.0,147,0.02199999988079071
9670,70,96,-0.6149999999999998,-1.395,0,nan,147,0.0,147,0.02199999988079071
9671,71,96,-0.645,-1.395,0,nan,147,0.0,147,0.02199999988079071
9672,72,96,-0.6749999999999998,-1.395,0,nan,147,0.0,147,0.02199999988079071
9673,73,96,-0.7050000000000001,-1.395,0,nan,147,0.0,147,0.02199999988079071
9674,74,96,-0.7349999999999999,-1.395,0,nan,147,0.0,147,0.02199999988079071
9675,75,96,-0.7650000000000001,-1.395,0,nan,147,0.0,147,0.02199999988079071
9676,76,96,-0.7949999999999999,-1.395,0,nan,147,0.0,147,0.02199999988079071
9677,77,96,-0.8249999999999997,-1.395,0,nan,147,0.0,147,0.02199999988079071
9678,78,96,-0.855,-1.395,0,nan,147,0.0,147,0.02199999988079071
9679,79,96,-0.8849999999999998,-1.395,0,nan,147,0.0,147,0.02199999988079071
9680,80,96,-0.915,-1.395,0,nan,147,0.0,147,0.02199999988079071
9681,81,96,-0.9449999999999998,-1.395,0,nan,147,0.0,147,0.02199999988079071
9682,82,96,-0.9750000000000001,-1.395,0,nan,147,0.0,147,0.02199999988079071
9683,83,96,-1.005,-1.395,0,nan,147,0.0,147,0.02199999988079071
9684,84,96,-1.0349999999999997,-1.395,0,nan,147,0.0,147,0.02199999988079071
9685,85,96,-1.065,-1.395,0,nan,147,0.0,147,0.02199999988079071
9686,86,96,-1.0949999999999998,-1.395,0,nan,147,0.0,147,0.02199999988079071
9687,87,96,-1.125,-1.395,0,nan,147,0.0,147,0.02199999988079071
9688,88,96,-1.1549999999999998,-1.395,0,nan,147,0.0,147,0.02199999988079071
9689,89,96,-1.185,-1.395,0,nan,147,0.0,147,0.02199999988079071
9690,90,96,-1.2149999999999999,-1.395,0,nan,147,0.0,147,0.02199999988079071
9691,91,96,-1.245,-1.395,0,nan,147,0.0,147,0.02199999988079071
9692,92,96,-1.275,-1.395,0,nan,147,0.0,147,0.02199999988079071
9693,93,96,-1.3049999999999997,-1.395,0,nan,147,0.0,147,0.02199999988079071
9694,94,96,-1.335,-1.395,0,nan,147,0.0,147,0.02199999988079071
9695,95,96,-1.3649999999999998,-1.395,0,nan,147,0.0,147,0.02199999988079071
9696,96,96,-1.395,-1.395,0,nan,147,0.0,147,0.02199999988079071
9697,97,96,-1.4249999999999998,-1.395,0,nan,147,0.0,147,0.0
9698,98,96,-1.455,-1.395,0,nan,147,0.0,147,0.0
9699,99,96,-1.4849999999999999,-1.395,0,nan,147,0.0,147,0.0
9700,0,97,1.485,-1.4249999999999998,0,nan,147,0.0,147,0.0
9701,1,97,1.455,-1.4249999999999998,0,nan,147,0.0,147,0.0
9702,2,97,1.425,-1.4249999999999998,0,nan,147,0.0,147,0.0
9703,3,97,1.395,-1.4249999999999998,0,nan,147,0.0,147,0.0
9704,4,97,1.365,-1.4249999999999998,0,nan,147,0.0,147,0.0
9705,5,97,1.335,-1.4249999999999998,0,nan,147,0.0,147,0.0
9706,6,97,1.305,-1.4249999999999998,0,nan,147,0.0,147,0.0
9707,7,97,1.275,-1.4249999999999998,0,nan,147,0.0,147,0.0
9708,8,97,1.245,-1.4249999999999998,0,nan,147,0.0,147,0.0
9709,9,97,1.215,-1.4249999999999998,0,nan,147,0.0,147,0.0
9710,10,97,1.185,-1.4249999999999998,0,nan,147,0.0,147,0.0
9711,11,97,1.155,-1.4249999999999998,0,nan,147,0.0,147,0.0
9712,12,97,1.125,-1.4249999999999998,0,nan,147,0.0,147,0.0
9713,13,97,1.095,-1.4249999999999998,0,nan,147,0.0,147,0.0
9714,14,97,1.065,-1.4249999999999998,0,nan,147,0.0,147,0.0
9715,15,97,1.0350000000000001,-1.4249999999999998,0,nan,147,0.0,147,0.0
9716,16,97,1.005,-1.4249999999999998,0,nan,147,0.0,147,0.0
9717,17,97,0.975,-1.4249999999999998,0,nan,147,0.0,147,0.0
9718,18,97,0.9450000000000001,-1.4249999999999998,0,nan,147,0.0,147,0.0
9719,19,97,0.915,-1.4249999999999998,0,nan,147,0.0,147,0.0
9720,20,97,0.885,-1.4249999999999998,0,nan,147,0.0,147,0.0
9721,21,97,0.855,-1.4249999999999998,0,nan,147,0.0,147,0.0
9722,22,97,0.8250000000000001,-1.4249999999999998,0,nan,147,0.0,147,0.0
9723,23,97,0.795,-1.4249999999999998,0,nan,147,0.0,147,0.0
9724,24,97,0.765,-1.4249999999999998,0,nan,147,0.0,147,0.0
9725,25,97,0.735,-1.4249999999999998,0,nan,147,0.0,147,0.0
9726,26,97,0.7050000000000001,-1.4249999999999998,0,nan,147,0.0,147,0.0
9727,27,97,0.675,-1.4249999999999998,0,nan,147,0.0,147,0.0
9728,28,97,0.645,-1.4249999999999998,0,nan,147,0.0,147,0.0
9729,29,97,0.615,-1.4249999999999998,0,nan,147,0.0,147,0.0
9730,30,97,0.5850000000000001,-1.4249999999999998,0,nan,147,0.0,147,0.0
9731,31,97,0.555,-1.4249999999999998,0,nan,147,0.0,147,0.0
9732,32,97,0.525,-1.4249999999999998,0,nan,147,0.0,147,0.0
9733,33,97,0.4950000000000001,-1.4249999999999998,0,nan,147,0.0,147,0.0
9734,34,97,0.4650000000000001,-1.4249999999999998,0,nan,147,0.0,147,0.0
9735,35,97,0.43500000000000005,-1.4249999999999998,0,nan,147,0.0,147,0.0
9736,36,97,0.405,-1.4249999999999998,0,nan,147,0.0,147,0.0
9737,37,97,0.375,-1.4249999999999998,0,nan,147,0.0,147,0.0
9738,38,97,0.345,-1.4249999999999998,0,nan,147,0.0,147,0.0
9739,39,97,0.31499999999999995,-1.4249999999999998,0,nan,147,0.0,147,0.0
9740,40,97,0.28500000000000014,-1.4249999999999998,0,nan,147,0.0,147,0.0
9741,41,97,0.2550000000000001,-1.4249999999999998,0,nan,147,0.0,147,0.0
9742,42,97,0.2250000000000001,-1.4249999999999998,0,nan,147,0.0,147,0.0
9743,43,97,0.19500000000000006,-1.4249999999999998,0,nan,147,0.0,147,0.0
9744,44,97,0.16500000000000004,-1.4249999999999998,0,nan,147,0.0,147,0.0
9745,45,97,0.135,-1.4249999999999998,0,nan,147,0.0,147,0.0
9746,46,97,0.10499999999999998,-1.4249999999999998,0,nan,147,0.0,147,0.0
9747,47,97,0.07499999999999996,-1.4249999999999998,0,nan,147,0.0,147,0.0
9748,48,97,0.04500000000000015,-1.4249999999999998,0,nan,147,0.0,147,0.0
9749,49,97,0.015000000000000124,-1.4249999999999998,0,nan,147,0.0,147,0.0
9750,50,97,-0.014999999999999902,-1.4249999999999998,0,nan,147,0.0,147,0.0
9751,51,97,-0.04499999999999993,-1.4249999999999998,0,nan,147,0.0,147,0.0
9752,52,97,-0.07499999999999996,-1.4249999999999998,0,nan,147,0.0,147,0.0
9753,53,97,-0.10499999999999998,-1.4249999999999998,0,nan,147,0.0,147,0.0
9754,54,97,-0.135,-1.4249999999999998,0,nan,147,0.0,147,0.0
9755,55,97,-0.16500000000000004,-1.4249999999999998,0,nan,147,0.0,147,0.0
9756,56,97,-0.19499999999999984,-1.4249999999999998,0,nan,147,0.0,147,0.0
9757,57,97,-0.22499999999999987,-1.4249999999999998,0,nan,147,0.0,147,0.0
9758,58,97,-0.2549999999999999,-1.4249999999999998,0,nan,147,0.0,147,0.0
9759,59,97,-0.2849999999999999,-1.4249999999999998,0,nan,147,0.0,147,0.0
9760,60,97,-0.31499999999999995,-1.4249999999999998,0,nan,147,0.0,147,0.0
9761,61,97,-0.345,-1.4249999999999998,0,nan,147,0.0,147,0.0
9762,62,97,-0.375,-1.4249999999999998,0,nan,147,0.0,147,0.0
9763,63,97,-0.405,-1.4249999999999998,0,nan,147,0.0,147,0.0
9764,64,97,-0.43499999999999983,-1.4249999999999998,0,nan,147,0.0,147,0.0
9765,65,97,-0.46499999999999986,-1.4249999999999998,0,nan,147,0.0,147,0.0
9766,66,97,-0.4949999999999999,-1.4249999999999998,0,nan,147,0.0,147,0.0
9767,67,97,-0.5249999999999999,-1.4249999999999998,0,nan,147,0.0,147,0.0
9768,68,97,-0.5549999999999997,-1.4249999999999998,0,nan,147,0.0,147,0.0
9769,69,97,-0.585,-1.4249999999999998,0,nan,147,0.0,147,0.0
9770,70,97,-0.6149999999999998,-1.4249999999999998,0,nan,147,0.0,147,0.0
9771,71,97,-0.645,-1.4249999999999998,0,nan,147,0.0,147,0.0
9772,72,97,-0.6749999999999998,-1.4249999999999998,0,nan,147,0.0,147,0.0
9773,73,97,-0.7050000000000001,-1.4249999999999998,0,nan,147,0.0,147,0.0
9774,74,97,-0.7349999999999999,-1.4249999999999998,0,nan,147,0.0,147,0.0
9775,75,97,-0.7650000000000001,-1.4249999999999998,0,nan,147,0.0,147,0.0
9776,76,97,-0.7949999999999999,-1.4249999999999998,0,nan,147,0.0,147,0.0
9777,77,97,-0.8249999999999997,-1.4249999999999998,0,nan,147,0.0,147,0.0
9778,78,97,-0.855,-1.4249999999999998,0,nan,147,0.0,147,0.0
9779,79,97,-0.8849999999999998,-1.4249999999999998,0,nan,147,0.0,147,0.0
9780,80,97,-0.915,-1.4249999999999998,0,nan,147,0.0,147,0.0
9781,81,97,-0.9449999999999998,-1.4249999999999998,0,nan,147,0.0,147,0.0
9782,82,97,-0.9750000000000001,-1.4249999999999998,0,nan,147,0.0,147,0.0
9783,83,97,-1.005,-1.4249999999999998,0,nan,147,0.0,147,0.0
9784,84,97,-1.0349999999999997,-1.4249999999999998,0,nan,147,0.0,147,0.0
9785,85,97,-1.065,-1.4249999999999998,0,nan,147,0.0,147,0.0
9786,86,97,-1.0949999999999998,-1.4249999999999998,0,nan,147,0.0,147,0.0
9787,87,97,-1.125,-1.4249999999999998,0,nan,147,0.0,147,0.0
9788,88,97,-1.1549999999999998,-1.4249999999999998,0,nan,147,0.0,147,0.0
9789,89,97,-1.185,-1.4249999999999998,0,nan,147,0.0,147,0.0
9790,90,97,-1.2149999999999999,-1.4249999999999998,0,nan,147,0.0,147,0.0
9791,91,97,-1.245,-1.4249999999999998,0,nan,147,0.0,147,0.0
9792,92,97,-1.275,-1.4249999999999998,0,nan,147,0.0,147,0.0
9793,93,97,-1.3049999999999997,-1.4249999999999998,0,nan,147,0.0,147,0.0
9794,94,97,-1.335,-1.4249999999999998,0,nan,147,0.0,147,0.0
9795,95,97,-1.3649999999999998,-1.4249999999999998,0,nan,147,0.0,147,0.0
9796,96,97,-1.395,-1.4249999999999998,0,nan,147,0.0,147,0.0
9797,97,97,-1.4249999999999998,-1.4249999999999998,0,nan,147,0.0,147,0.0
9798,98,97,-1.455,-1.4249999999999998,0,nan,147,0.0,147,0.0
9799,99,97,-1.4849999999999999,-1.4249999999999998,0,nan,147,0.0,147,0.0
9800,0,98,1.485,-1.455,0,nan,147,0.0,147,0.0
9801,1,98,1.455,-1.455,0,nan,147,0.0,147,0.0
9802,2,98,1.425,-1.455,0,nan,147,0.0,147,0.0
9803,3,98,1.395,-1.455,0,nan,147,0.0,147,0.0
9804,4,98,1.365,-1.455,0,nan,147,0.0,147,0.0
9805,5,98,1.335,-1.455,0,nan,147,0.0,147,0.0
9806,6,98,1.305,-1.455,0,nan,147,0.0,147,0.0
9807,7,98,1.275,-1.455,0,nan,147,0.0,147,0.0
9808,8,98,1.245,-1.455,0,nan,147,0.0,147,0.0
9809,9,98,1.215,-1.455,0,nan,147,0.0,147,0.0
9810,10,98,1.185,-1.455,0,nan,147,0.0,147,0.0
9811,11,98,1.155,-1.455,0,nan,147,0.0,147,0.0
9812,12,98,1.125,-1.455,0,nan,147,0.0,147,0.0
9813,13,98,1.095,-1.455,0,nan,147,0.0,147,0.0
9814,14,98,1.065,-1.455,0,nan,147,0.0,147,0.0
9815,15,98,1.0350000000000001,-1.455,0,nan,147,0.0,147,0.0
9816,16,98,1.005,-1.455,0,nan,147,0.0,147,0.0
9817,17,98,0.975,-1.455,0,nan,147,0.0,147,0.0
9818,18,98,0.9450000000000001,-1.455,0,nan,147,0.0,147,0.0
9819,19,98,0.915,-1.455,0,nan,147,0.0,147,0.0
9820,20,98,0.885,-1.455,0,nan,147,0.0,147,0.0
9821,21,98,0.855,-1.455,0,nan,147,0.0,147,0.0
9822,22,98,0.8250000000000001,-1.455,0,nan,147,0.0,147,0.0
9823,23,98,0.795,-1.455,0,nan,147,0.0,147,0.0
9824,24,98,0.765,-1.455,0,nan,147,0.0,147,0.0
9825,25,98,0.735,-1.455,0,nan,147,0.0,147,0.0
9826,26,98,0.7050000000000001,-1.455,0,nan,147,0.0,147,0.0
9827,27,98,0.675,-1.455,0,nan,147,0.0,147,0.0
9828,28,98,0.645,-1.455,0,nan,147,0.0,147,0.0
9829,29,98,0.615,-1.455,0,nan,147,0.0,147,0.0
9830,30,98,0.5850000000000001,-1.455,0,nan,147,0.0,147,0.0
9831,31,98,0.555,-1.455,0,nan,147,0.0,147,0.0
9832,32,98,0.525,-1.455,0,nan,147,0.0,147,0.0
9833,33,98,0.4950000000000001,-1.455,0,nan,147,0.0,147,0.0
9834,34,98,0.4650000000000001,-1.455,0,nan,147,0.0,147,0.0
9835,35,98,0.43500000000000005,-1.455,0,nan,147,0.0,147,0.0
9836,36,98,0.405,-1.455,0,nan,147,0.0,147,0.0
9837,37,98,0.375,-1.455,0,nan,147,0.0,147,0.0
9838,38,98,0.345,-1.455,0,nan,147,0.0,147,0.0
9839,39,98,0.31499999999999995,-1.455,0,nan,147,0.0,147,0.0
9840,40,98,0.28500000000000014,-1.455,0,nan,147,0.0,147,0.0
9841,41,98,0.2550000000000001,-1.455,0,nan,147,0.0,147,0.0
9842,42,98,0.2250000000000001,-1.455,0,nan,147,0.0,147,0.0
9843,43,98,0.19500000000000006,-1.455,0,nan,147,0.0,147,0.0
9844,44,98,0.16500000000000004,-1.455,0,nan,147,0.0,147,0.0
9845,45,98,0.135,-1.455,0,nan,147,0.0,147,0.0
9846,46,98,0.10499999999999998,-1.455,0,nan,147,0.0,147,0.0
9847,47,98,0.07499999999999996,-1.455,0,nan,147,0.0,147,0.0
9848,48,98,0.04500000000000015,-1.455,0,nan,147,0.0,147,0.0
9849,49,98,0.015000000000000124,-1.455,0,nan,147,0.0,147,0.0
9850,50,98,-0.014999999999999902,-1.455,0,nan,147,0.0,147,0.0
9851,51,98,-0.04499999999999993,-1.455,0,nan,147,0.0,147,0.0
9852,52,98,-0.07499999999999996,-1.455,0,nan,147,0.0,147,0.0
9853,53,98,-0.10499999999999998,-1.455,0,nan,147,0.0,147,0.0
9854,54,98,-0.135,-1.455,0,nan,147,0.0,147,0.0
9855,55,98,-0.16500000000000004,-1.455,0,nan,147,0.0,147,0.0
9856,56,98,-0.19499999999999984,-1.455,0,nan,147,0.0,147,0.0
9857,57,98,-0.22499999999999987,-1.455,0,nan,147,0.0,147,0.0
9858,58,98,-0.2549999999999999,-1.455,0,nan,147,0.0,147,0.0
9859,59,98,-0.2849999999999999,-1.455,0,nan,147,0.0,147,0.0
9860,60,98,-0.31499999999999995,-1.455,0,nan,147,0.0,147,0.0
9861,61,98,-0.345,-1.455,0,nan,147,0.0,147,0.0
9862,62,98,-0.375,-1.455,0,nan,147,0.0,147,0.0
9863,63,98,-0.405,-1.455,0,nan,147,0.0,147,0.0
9864,64,98,-0.43499999999999983,-1.455,0,nan,147,0.0,147,0.0
9865,65,98,-0.46499999999999986,-1.455,0,nan,147,0.0,147,0.0
9866,66,98,-0.4949999999999999,-1.455,0,nan,147,0.0,147,0.0
9867,67,98,-0.5249999999999999,-1.455,0,nan,147,0.0,147,0.0
9868,68,98,-0.5549999999999997,-1.455,0,nan,147,0.0,147,0.0
9869,69,98,-0.585,-1.455,0,nan,147,0.0,147,0.0
9870,70,98,-0.6149999999999998,-1.455,0,nan,147,0.0,147,0.0
9871,71,98,-0.645,-1.455,0,nan,147,0.0,147,0.0
9872,72,98,-0.6749999999999998,-1.455,0,nan,147,0.0,147,0.0
9873,73,98,-0.7050000000000001,-1.455,0,nan,147,0.0,147,0.0
9874,74,98,-0.7349999999999999,-1.455,0,nan,147,0.0,147,0.0
9875,75,98,-0.7650000000000001,-1.455,0,nan,147,0.0,147,0.0
9876,76,98,-0.7949999999999999,-1.455,0,nan,147,0.0,147,0.0
9877,77,98,-0.8249999999999997,-1.455,0,nan,147,0.0,147,0.0
9878,78,98,-0.855,-1.455,0,nan,147,0.0,147,0.0
9879,79,98,-0.8849999999999998,-1.455,0,nan,147,0.0,147,0.0
9880,80,98,-0.915,-1.455,0,nan,147,0.0,147,0.0
9881,81,98,-0.9449999999999998,-1.455,0,nan,147,0.0,147,0.0
9882,82,98,-0.9750000000000001,-1.455,0,nan,147,0.0,147,0.0
9883,83,98,-1.005,-1.455,0,nan,147,0.0,147,0.0
9884,84,98,-1.0349999999999997,-1.455,0,nan,147,0.0,147,0.0
9885,85,98,-1.065,-1.455,0,nan,147,0.0,147,0.0
9886,86,98,-1.0949999999999998,-1.455,0,nan,147,0.0,147,0.0
9887,87,98,-1.125,-1.455,0,nan,147,0.0,147,0.0
9888,88,98,-1.1549999999999998,-1.455,0,nan,147,0.0,147,0.0
9889,89,98,-1.185,-1.455,0,nan,147,0.0,147,0.0
9890,90,98,-1.2149999999999999,-1.455,0,nan,147,0.0,147,0.0
9891,91,98,-1.245,-1.455,0,nan,147,0.0,147,0.0
9892,92,98,-1.275,-1.455,0,nan,147,0.0,147,0.0
9893,93,98,-1.3049999999999997,-1.455,0,nan,147,0.0,147,0.0
9894,94,98,-1.335,-1.455,0,nan,147,0.0,147,0.0
9895,95,98,-1.3649999999999998,-1.455,0,nan,147,0.0,147,0.0
9896,96,98,-1.395,-1.455,0,nan,147,0.0,147,0.0
9897,97,98,-1.4249999999999998,-1.455,0,nan,147,0.0,147,0.0
9898,98,98,-1.455,-1.455,0,nan,147,0.0,147,0.0
9899,99,98,-1.4849999999999999,-1.455,0,nan,147,0.0,147,0.0
9900,0,99,1.485,-1.4849999999999999,0,nan,147,0.0,147,0.0
9901,1,99,1.455,-1.4849999999999999,0,nan,147,0.0,147,0.0
9902,2,99,1.425,-1.4849999999999999,0,nan,147,0.0,147,0.0
9903,3,99,1.395,-1.4849999999999999,0,nan,147,0.0,147,0.0
9904,4,99,1.365,-1.4849999999999999,0,nan,147,0.0,147,0.0
9905,5,99,1.335,-1.4849999999999999,0,nan,147,0.0,147,0.0
9906,6,99,1.305,-1.4849999999999999,0,nan,147,0.0,147,0.0
9907,7,99,1.275,-1.4849999999999999,0,nan,147,0.0,147,0.0
9908,8,99,1.245,-1.4849999999999999,0,nan,147,0.0,147,0.0
9909,9,99,1.215,-1.4849999999999999,0,nan,147,0.0,147,0.0
9910,10,99,1.185,-1.4849999999999999,0,nan,147,0.0,147,0.0
9911,11,99,1.155,-1.4849999999999999,0,nan,147,0.0,147,0.0
9912,12,99,1.125,-1.4849999999999999,0,nan,147,0.0,147,0.0
9913,13,99,1.095,-1.4849999999999999,0,nan,147,0.0,147,0.0
9914,14,99,1.065,-1.4849999999999999,0,nan,147,0.0,147,0.0
9915,15,99,1.0350000000000001,-1.4849999999999999,0,nan,147,0.0,147,0.0
9916,16,99,1.005,-1.4849999999999999,0,nan,147,0.0,147,0.0
9917,17,99,0.975,-1.4849999999999999,0,nan,147,0.0,147,0.0
9918,18,99,0.9450000000000001,-1.4849999999999999,0,nan,147,0.0,147,0.0
9919,19,99,0.915,-1.4849999999999999,0,nan,147,0.0,147,0.0
9920,20,99,0.885,-1.4849999999999999,0,nan,147,0.0,147,0.0
9921,21,99,0.855,-1.4849999999999999,0,nan,147,0.0,147,0.0
9922,22,99,0.8250000000000001,-1.4849999999999999,0,nan,147,0.0,147,0.0
9923,23,99,0.795,-1.4849999999999999,0,nan,147,0.0,147,0.0
9924,24,99,0.765,-1.4849999999999999,0,nan,147,0.0,147,0.0
9925,25,99,0.735,-1.4849999999999999,0,nan,147,0.0,147,0.0
9926,26,99,0.7050000000000001,-1.4849999999999999,0,nan,147,0.0,147,0.0
9927,27,99,0.675,-1.4849999999999999,0,nan,147,0.0,147,0.0
9928,28,99,0.645,-1.4849999999999999,0,nan,147,0.0,147,0.0
9929,29,99,0.615,-1.4849999999999999,0,nan,147,0.0,147,0.0
9930,30,99,0.5850000000000001,-1.4849999999999999,0,nan,147,0.0,147,0.0
9931,31,99,0.555,-1.4849999999999999,0,nan,147,0.0,147,0.0
9932,32,99,0.525,-1.4849999999999999,0,nan,147,0.0,147,0.0
9933,33,99,0.4950000000000001,-1.4849999999999999,0,nan,147,0.0,147,0.0
9934,34,99,0.4650000000000001,-1.4849999999999999,0,nan,147,0.0,147,0.0
9935,35,99,0.43500000000000005,-1.4849999999999999,0,nan,147,0.0,147,0.0
9936,36,99,0.405,-1.4849999999999999,0,nan,147,0.0,147,0.0
9937,37,99,0.375,-1.4849999999999999,0,nan,147,0.0,147,0.0
9938,38,99,0.345,-1.4849999999999999,0,nan,147,0.0,147,0.0
9939,39,99,0.31499999999999995,-1.4849999999999999,0,nan,147,0.0,147,0.0
9940,40,99,0.28500000000000014,-1.4849999999999999,0,nan,147,0.0,147,0.0
9941,41,99,0.2550000000000001,-1.4849999999999999,0,nan,147,0.0,147,0.0
9942,42,99,0.2250000000000001,-1.4849999999999999,0,nan,147,0.0,147,0.0
9943,43,99,0.19500000000000006,-1.4849999999999999,0,nan,147,0.0,147,0.0
9944,44,99,0.16500000000000004,-1.4849999999999999,0,nan,147,0.0,147,0.0
9945,45,99,0.135,-1.4849999999999999,0,nan,147,0.0,147,0.0
9946,46,99,0.10499999999999998,-1.4849999999999999,0,nan,147,0.0,147,0.0
9947,47,99,0.07499999999999996,-1.4849999999999999,0,nan,147,0.0,147,0.0
9948,48,99,0.04500000000000015,-1.4849999999999999,0,nan,147,0.0,147,0.0
9949,49,99,0.015000000000000124,-1.4849999999999999,0,nan,147,0.0,147,0.0
9950,50,99,-0.014999999999999902,-1.4849999999999999,0,nan,147,0.0,147,0.0
9951,51,99,-0.04499999999999993,-1.4849999999999999,0,nan,147,0.0,147,0.0
9952,52,99,-0.07499999999999996,-1.4849999999999999,0,nan,147,0.0,147,0.0
9953,53,99,-0.10499999999999998,-1.4849999999999999,0,nan,147,0.0,147,0.0
9954,54,99,-0.135,-1.4849999999999999,0,nan,147,0.0,147,0.0
9955,55,99,-0.16500000000000004,-1.4849999999999999,0,nan,147,0.0,147,0.0
9956,56,99,-0.19499999999999984,-1.4849999999999999,0,nan,147,0.0,147,0.0
9957,57,99,-0.22499999999999987,-1.4849999999999999,0,nan,147,0.0,147,0.0
9958,58,99,-0.2549999999999999,-1.4849999999999999,0,nan,147,0.0,147,0.0
9959,59,99,-0.2849999999999999,-1.4849999999999999,0,nan,147,0.0,147,0.0
9960,60,99,-0.31499999999999995,-1.4849999999999999,0,nan,147,0.0,147,0.0
9961,61,99,-0.345,-1.4849999999999999,0,nan,147,0.0,147,0.0
9962,62,99,-0.375,-1.4849999999999999,0,nan,147,0.0,147,0.0
9963,63,99,-0.405,-1.4849999999999999,0,nan,147,0.0,147,0.0
9964,64,99,-0.43499999999999983,-1.4849999999999999,0,nan,147,0.0,147,0.0
9965,65,99,-0.46499999999999986,-1.4849999999999999,0,nan,147,0.0,147,0.0
9966,66,99,-0.4949999999999999,-1.4849999999999999,0,nan,147,0.0,147,0.0
9967,67,99,-0.5249999999999999,-1.4849999999999999,0,nan,147,0.0,147,0.0
9968,68,99,-0.5549999999999997,-1.4849999999999999,0,nan,147,0.0,147,0.0
9969,69,99,-0.585,-1.4849999999999999,0,nan,147,0.0,147,0.0
9970,70,99,-0.6149999999999998,-1.4849999999999999,0,nan,147,0.0,147,0.0
9971,71,99,-0.645,-1.4849999999999999,0,nan,147,0.0,147,0.0
9972,72,99,-0.6749999999999998,-1.4849999999999999,0,nan,147,0.0,147,0.0
9973,73,99,-0.7050000000000001,-1.4849999999999999,0,nan,147,0.0,147,0.0
9974,74,99,-0.7349999999999999,-1.4849999999999999,0,nan,147,0.0,147,0.0
9975,75,99,-0.7650000000000001,-1.4849999999999999,0,nan,147,0.0,147,0.0
9976,76,99,-0.7949999999999999,-1.4849999999999999,0,nan,147,0.0,147,0.0
9977,77,99,-0.8249999999999997,-1.4849999999999999,0,nan,147,0.0,147,0.0
9978,78,99,-0.855,-1.4849999999999999,0,nan,147,0.0,147,0.0
9979,79,99,-0.8849999999999998,-1.4849999999999999,0,nan,147,0.0,147,0.0
9980,80,99,-0.915,-1.4849999999999999,0,nan,147,0.0,147,0.0
9981,81,99,-0.9449999999999998,-1.4849999999999999,0,nan,147,0.0,147,0.0
9982,82,99,-0.9750000000000001,-1.4849999999999999,0,nan,147,0.0,147,0.0
9983,83,99,-1.005,-1.4849999999999999,0,nan,147,0.0,147,0.0
9984,84,99,-1.0349999999999997,-1.4849999999999999,0,nan,147,0.0,147,0.0
9985,85,99,-1.065,-1.4849999999999999,0,nan,147,0.0,147,0.0
9986,86,99,-1.0949999999999998,-1.4849999999999999,0,nan,147,0.0,147,0.0
9987,87,99,-1.125,-1.4849999999999999,0,nan,147,0.0,147,0.0
9988,88,99,-1.1549999999999998,-1.4849999999999999,0,nan,147,0.0,147,0.0
9989,89,99,-1.185,-1.4849999999999999,0,nan,147,0.0,147,0.0
9990,90,99,-1.2149999999999999,-1.4849999999999999,0,nan,147,0.0,147,0.0
9991,91,99,-1.245,-1.4849999999999999,0,nan,147,0.0,147,0.0
9992,92,99,-1.275,-1.4849999999999999,0,nan,147,0.0,147,0.0
9993,93,99,-1.3049999999999997,-1.4849999999999999,0,nan,147,0.0,147,0.0
9994,94,99,-1.335,-1.4849999999999999,0,nan,147,0.0,147,0.0
9995,95,99,-1.3649999999999998,-1.4849999999999999,0,nan,147,0.0,147,0.0
9996,96,99,-1.395,-1.4849999999999999,0,nan,147,0.0,147,0.0
9997,97,99,-1.4249999999999998,-1.4849999999999999,0,nan,147,0.0,147,0.0
9998,98,99,-1.455,-1.4849999999999999,0,nan,147,0.0,147,0.0
9999,99,99,-1.4849999999999999,-1.4849999999999999,0,nan,147,0.0,147,0.0
