stamp_sec,stamp_nsec,frame_index,group_index,area_m2,z_range_m,planarity_error_m,duplicate_vertices,degenerate,p0_x,p0_y,p0_z,p1_x,p1_y,p1_z,p2_x,p2_y,p2_z,p3_x,p3_y,p3_z
6482,676892427,0,0,1.3711740429045791,0.6854322552680969,3.469446951953614e-18,1,True,3.000999927520752,0.0,0.0,-0.999871015548706,-0.01605946198105812,0.0,-0.999871015548706,-0.01605946198105812,-0.6854322552680969,-0.999871015548706,-0.01605946198105812,-0.6854322552680969
6482,676892427,0,1,0.1874055692295542,0.0,0.0,0,False,0.6331543922424316,-0.5263948440551758,-0.6404541730880737,0.6163134574890137,0.522130012512207,-0.6404541730880737,0.7949999570846558,0.5249999761581421,-0.6404541730880737,0.8118408918380737,-0.5235248804092407,-0.6404541730880737
6482,676892427,0,2,0.562369054644833,0.0,0.0,0,False,0.8347233533859253,-0.7853850722312927,-0.7554322481155396,0.8096622228622437,0.7749351263046265,-0.7554322481155396,1.1699882745742798,0.7807224988937378,-0.7554322481155396,1.1950494050979614,-0.7795976996421814,-0.7554322481155396
6482,676892427,0,3,2.76092131715604,0.0,0.0,0,False,0.6078698635101318,0.8078325986862183,-0.5054467916488647,0.6333720684051514,-0.7799457907676697,-0.5054467916488647,-1.1050375699996948,-0.8078673481941223,-0.5054467916488647,-1.1305397748947144,0.7799110412597656,-0.5054467916488647
6482,676892427,0,4,0.4590303443587995,0.0,0.0,0,False,-1.0833719968795776,-0.5700541734695435,-0.5054467916488647,0.8245087265968323,-0.5394108295440674,-0.5054467916488647,0.828372061252594,-0.7799457907676697,-0.5054467916488647,-1.079508662223816,-0.810589075088501,-0.5054467916488647
6482,676892427,0,5,0.537274558282026,0.0,0.0,0,False,0.7840288281440735,0.5291603207588196,-0.5054467916488647,-1.1245745420455933,0.4985053837299347,-0.5054467916488647,-1.1290946006774902,0.7799342274665833,-0.5054467916488647,0.779508650302887,0.8105891346931458,-0.5054467916488647
6482,777016937,1,0,1.0467078301404147,0.6975775361061096,0.0,1,True,2.000999927520752,0.0,0.0,-0.9999688863754272,0.007886667735874653,0.0,-0.9999688863754272,0.007886667735874653,-0.6975775361061096,-0.9999688863754272,0.007886667735874653,-0.6975775361061096
6482,777016937,1,1,0.22447857926850645,0.0,0.0,0,False,0.8854750990867615,0.7807060480117798,-0.6882349848747253,0.8743458986282349,-0.6303891539573669,-0.6882349848747253,0.7152746915817261,-0.6291345953941345,-0.6882349848747253,0.7264038920402527,0.7819606065750122,-0.6882349848747253
6482,777016937,1,2,0.2975911172012422,0.0,0.0,0,False,0.7119747996330261,0.46435344219207764,-0.5865126848220825,0.7021468281745911,-0.7817521095275879,-0.5865126848220825,0.4633447527885437,-0.7798686623573303,-0.5865126848220825,0.47317269444465637,0.4662368595600128,-0.5865126848220825
6482,777016937,1,3,0.46281641692992714,0.0,0.0,0,False,0.8733227252960205,-0.777660071849823,-0.7675775289535522,0.8856255412101746,0.7822428345680237,-0.7675775289535522,1.182302713394165,0.7799029350280762,-0.7675775289535522,1.1699999570846558,-0.7799999713897705,-0.7675775289535522
6482,777016937,1,4,0.502525344063379,0.0,0.0,0,False,0.47990018129348755,0.4673422873020172,-0.5080414414405823,-1.1273659467697144,0.480018675327301,-0.5080414414405823,-1.1249001026153564,0.7926576733589172,-0.5080414414405823,0.4823659658432007,0.7799813151359558,-0.5080414414405823
6482,777016937,1,5,2.4482174460496164,0.0,0.0,0,False,0.432302862405777,0.7799029350280762,-0.5080414414405823,0.4199039041996002,-0.7921845316886902,-0.5080414414405823,-1.1373027563095093,-0.7799029350280762,-0.5080414414405823,-1.124903917312622,0.7921845316886902,-0.5080414414405823
6482,877020113,2,0,1.399241769209265,0.6995012760162354,0.0,1,True,3.000999927520752,0.0,0.0,-0.9995787739753723,0.029021380469202995,0.0,-0.9995787739753723,0.029021380469202995,-0.6995012760162354,-0.9995787739753723,0.029021380469202995,-0.6995012760162354
6482,877020113,2,1,0.2115519751117354,0.0,0.0,0,False,0.8702288269996643,0.7786868214607239,-0.6710132956504822,0.8248862624168396,-0.7830451726913452,-0.6710132956504822,0.6895405054092407,-0.779115617275238,-0.6710132956504822,0.7348830699920654,0.782616376876831,-0.6710132956504822
6482,877020113,2,2,0.16998321146258633,0.0,0.0,0,False,0.4653443396091461,-0.3997839689254761,-0.5981435179710388,0.4888669550418854,0.4104040861129761,-0.5981435179710388,0.6984973549842834,0.40431779623031616,-0.5981435179710388,0.6749747395515442,-0.405870258808136,-0.5981435179710388
6482,877020113,2,3,0.5269692545368958,0.0,0.0,0,False,0.8334990739822388,-0.7771981954574585,-0.769501268863678,0.8789553046226501,0.7884500026702881,-0.769501268863678,1.2152539491653442,0.7786861062049866,-0.769501268863678,1.1697977781295776,-0.7869621515274048,-0.769501268863678
6482,877020113,2,4,2.608829758066653,0.0,0.0,0,False,0.49740543961524963,0.77949458360672,-0.5052675008773804,0.450761616230011,-0.8270564675331116,-0.5052675008773804,-1.1717405319213867,-0.7799494862556458,-0.5052675008773804,-1.1250966787338257,0.8266015648841858,-0.5052675008773804
6482,877020113,2,5,0.7861797354047493,0.0,0.0,0,False,-1.1593601703643799,-0.3535338342189789,-0.5052675008773804,0.6827805042266846,-0.4070174992084503,-0.5052675008773804,0.6704001426696777,-0.8334331512451172,-0.5052675008773804,-1.1717404127120972,-0.7799494862556458,-0.5052675008773804
6482,877020113,2,6,0.6953211718335313,0.0,0.0,0,False,0.7164992690086365,0.4044235944747925,-0.5052675008773804,-1.1343441009521484,0.4581599533557892,-0.5052675008773804,-1.1234461069107056,0.8335215449333191,-0.5052675008773804,0.7273973226547241,0.7797852158546448,-0.5052675008773804
6482,976983040,3,0,1.3672735532089302,0.6834962964057922,3.469446951953614e-18,1,True,3.000999927520752,0.0,0.0,-0.9997629523277283,0.021773183718323708,0.0,-0.9997629523277283,0.021773183718323708,-0.6834962964057922,-0.9997629523277283,0.021773183718323708,-0.6834962964057922
6482,976983040,3,1,0.14193961339278083,0.0,0.0,0,False,0.7682580947875977,0.779928982257843,-0.6364268064498901,0.7424203753471375,-0.40646830201148987,-0.6364268064498901,0.6228379011154175,-0.4038640260696411,-0.6364268064498901,0.6486756205558777,0.7825332880020142,-0.6364268064498901
6482,976983040,3,2,0.5817275231901782,0.0,0.0,0,False,0.7581444978713989,-0.6285440325737,-0.7534962892532349,0.789000928401947,0.7882974743843079,-0.7534962892532349,1.1993868350982666,0.7793599963188171,-0.7534962892532349,1.1685303449630737,-0.6374815106391907,-0.7534962892532349
6482,976983040,3,3,2.855283849544925,0.0,0.0,0,False,0.6485917568206787,0.77992182970047,-0.5078071355819702,0.6137732863426208,-0.8188475370407104,-0.5078071355819702,-1.1713061332702637,-0.7799715399742126,-0.5078071355819702,-1.136487603187561,0.8187978267669678,-0.5078071355819702
6482,976983040,3,4,0.7458798439384964,0.0,0.0,0,False,-1.1622766256332397,-0.3653680682182312,-0.5078071355819702,0.6358903050422668,-0.4045286774635315,-0.5078071355819702,0.626861035823822,-0.8191321492195129,-0.5078071355819702,-1.1713058948516846,-0.7799715399742126,-0.5078071355819702
6482,976983040,3,5,0.3472150506067937,0.0,0.0,0,False,-1.1671028137207031,-0.5869691967964172,-0.5078071355819702,0.631064236164093,-0.6261301040649414,-0.5078071355819702,0.6268609762191772,-0.8191324472427368,-0.5078071355819702,-1.1713060140609741,-0.7799715399742126,-0.5078071355819702
6483,76953842,4,0,1.3854238177980551,0.6925389170646667,0.0,1,True,3.000999927520752,0.0,0.0,-0.9999989867210388,0.0014435619814321399,0.0,-0.9999989867210388,0.0014435619814321399,-0.6925389170646667,-0.9999989867210388,0.0014435619814321399,-0.6925389170646667
6483,76953842,4,1,0.14135761824388737,0.0,0.0,0,False,0.674292802810669,-0.41492682695388794,-0.6656404733657837,0.675649881362915,0.5251506567001343,-0.6656404733657837,0.8260176181793213,0.5249335765838623,-0.6656404733657837,0.8246605396270752,-0.4151439070701599,-0.6656404733657837
6483,76953842,4,2,0.5393845544752747,0.0,0.0,0,False,0.8243503570556641,-0.7799990177154541,-0.7625389099121094,0.82660311460495,0.7804957628250122,-0.7625389099121094,1.1722520589828491,0.7799968123435974,-0.7625389099121094,1.169999361038208,-0.7804980278015137,-0.7625389099121094
6483,76953842,4,3,2.813348046965036,0.0,0.0,0,False,0.6754330992698669,0.7799993753433228,-0.5044424533843994,0.6731773614883423,-0.7825958132743835,-0.5044424533843994,-1.1272519826889038,-0.7799967527389526,-0.5044424533843994,-1.1249961853027344,0.7825984358787537,-0.5044424533843994
6483,76953842,4,4,0.6526297148200646,0.0,0.0,0,False,-1.1249746084213257,-0.4174664318561554,-0.5044424533843994,0.6752164363861084,-0.420065313577652,-0.5044424533843994,0.6746930480003357,-0.7825981378555298,-0.5044424533843994,-1.1254980564117432,-0.7799992561340332,-0.5044424533843994
6483,76953842,4,5,0.3827411119852542,0.0,0.0,0,False,0.6749962568283081,0.5674014687538147,-0.5044424533843994,-1.1253031492233276,0.5700004696846008,-0.5044424533843994,-1.1249961853027344,0.782598614692688,-0.5044424533843994,0.6753032207489014,0.7799996137619019,-0.5044424533843994
6483,177045394,5,0,2.465864002927977,0.7044564485549927,0.0,1,True,6.000999927520752,0.0,0.0,-0.9997159242630005,0.023833487182855606,0.0,-0.9997159242630005,0.023833487182855606,-0.7044564485549927,-0.9997159242630005,0.023833487182855606,-0.7044564485549927
6483,177045394,5,1,0.05528824835791735,0.0,0.0,0,False,0.5550170540809631,0.4064300060272217,-0.5587198734283447,0.539240300655365,-0.25533947348594666,-0.5587198734283447,0.45574167370796204,-0.25334885716438293,-0.5587198734283447,0.4715184271335602,0.4084206223487854,-0.5587198734283447
6483,177045394,5,2,0.09430310901110062,0.0,0.0,0,False,0.88925701379776,0.478468120098114,-0.7080982327461243,0.8682044148445129,-0.4045996069908142,-0.7080982327461243,0.7614747285842896,-0.40205514430999756,-0.7080982327461243,0.7825273275375366,0.48101258277893066,-0.7080982327461243
6483,177045394,5,3,0.12264297341944985,0.0,0.0,0,False,0.7589628100395203,0.48050153255462646,-0.6334561109542847,0.7349573373794556,-0.5264293551445007,-0.6334561109542847,0.6132277250289917,-0.5235273241996765,-0.6334561109542847,0.6372331976890564,0.48340359330177307,-0.6334561109542847
6483,177045394,5,4,0.41965486154145637,0.0,0.0,0,False,0.896463930606842,-0.7766972184181213,-0.7744564414024353,0.9337102770805359,0.7856332063674927,-0.7744564414024353,1.202165961265564,0.7792331576347351,-0.7744564414024353,1.1649196147918701,-0.7830972671508789,-0.7744564414024353
6483,177045394,5,5,0.6596072920738596,0.0,0.0,0,False,0.6293017864227295,0.4057126045227051,-0.5051256418228149,-1.1329214572906494,0.44772419333457947,-0.5051256418228149,-1.1240030527114868,0.8218156099319458,-0.5051256418228149,0.6382201910018921,0.7798040509223938,-0.5051256418228149
6483,177045394,5,6,2.5779593849776745,0.0,0.0,0,False,0.48000001907348633,0.7800000905990601,-0.5051256418228149,0.4418931007385254,-0.8184279203414917,-0.5051256418228149,-1.1699999570846558,-0.7799999713897705,-0.5051256418228149,-1.1318930387496948,0.8184280395507812,-0.5051256418228149
6483,177045394,5,7,0.9784965720299188,0.0,0.0,0,False,-1.1565546989440918,-0.21602289378643036,-0.5051256418228149,0.5774533152580261,-0.25736182928085327,-0.5051256418228149,0.5640080571174622,-0.8213388919830322,-0.5051256418228149,-1.1699999570846558,-0.7799999713897705,-0.5051256418228149
6483,177045394,5,8,0.5840793029038034,0.0,0.0,0,False,0.8225223422050476,0.4810737669467926,-0.5051256418228149,-1.1310161352157593,0.5276466012001038,-0.5051256418228149,-1.1238923072814941,0.8264620900154114,-0.5051256418228149,0.8296461701393127,0.7798892259597778,-0.5051256418228149
6483,177045394,5,9,0.5714219607833702,0.0,0.0,0,False,0.7778711915016174,0.48070794343948364,-0.5051256418228149,-1.1310501098632812,0.5262170433998108,-0.5051256418228149,-1.123917818069458,0.8253898620605469,-0.5051256418228149,0.7850035429000854,0.7798807621002197,-0.5051256418228149
6483,177045394,5,10,0.5778105871122392,0.0,0.0,0,False,-1.1629359722137451,-0.4836868345737457,-0.5051256418228149,0.7859563827514648,-0.5301483869552612,-0.5051256418228149,0.7788922786712646,-0.8264614939689636,-0.5051256418228149,-1.1700000762939453,-0.7799999713897705,-0.5051256418228149
6483,276970404,6,0,2.77682444740382,0.694119393825531,0.0,1,True,7.000999927520752,0.0,0.0,-0.999999463558197,-0.0010461538331583142,0.0,-0.999999463558197,-0.0010461538331583142,-0.694119393825531,-0.999999463558197,-0.0010461538331583142,-0.694119393825531
6483,276970404,6,1,0.028715777315189595,0.0,0.0,0,False,0.6300784945487976,-0.4050470292568207,-0.6203129887580872,0.6294194459915161,0.2249523252248764,-0.6203129887580872,0.675000011920929,0.22500000894069672,-0.6203129887580872,0.6756591200828552,-0.40499934554100037,-0.6203129887580872
6483,276970404,6,2,0.06316651620669411,0.0,0.0,0,False,0.8392153382301331,0.5250462293624878,-0.6806891560554504,0.8403138518333435,-0.5249839425086975,-0.6806891560554504,0.7801570296287537,-0.5250468850135803,-0.6806891560554504,0.779058575630188,0.524983286857605,-0.6806891560554504
6483,276970404,6,3,0.47040245718400087,0.0,0.0,0,False,0.8701102137565613,-0.7803137302398682,-0.7641193866729736,0.8684781193733215,0.7797787189483643,-0.7641193866729736,1.1699999570846558,0.7800942063331604,-0.7641193866729736,1.1716320514678955,-0.779998242855072,-0.7641193866729736
6483,276970404,6,4,2.741582936428962,0.0,0.0,0,False,0.6287270784378052,0.781834602355957,-0.5051507949829102,0.6303609609603882,-0.7799996733665466,-0.5051507949829102,-1.1249980926513672,-0.7818359732627869,-0.5051507949829102,-1.1266319751739502,0.7799983024597168,-0.5051507949829102
6483,276970404,6,5,0.6895854682446174,0.0,0.0,0,False,-1.125376582145691,-0.42004746198654175,-0.5051507949829102,0.7798410058021545,-0.41805434226989746,-0.5051507949829102,0.7802196741104126,-0.7799997329711914,-0.5051507949829102,-1.124997854232788,-0.7819928526878357,-0.5051507949829102
6483,276970404,6,6,0.03449998358314943,0.0,0.0,0,False,0.6652510166168213,0.4349898099899292,-0.5051507949829102,0.6648901104927063,0.7799893617630005,-0.5051507949829102,0.7648900747299194,0.7800940275192261,-0.5051507949829102,0.7652509808540344,0.43509441614151,-0.5051507949829102
6483,276970404,6,7,1.0522358943833257,0.0,0.0,0,False,0.7654704451560974,0.22529864311218262,-0.5051507949829102,-1.1247315406799316,0.22332121431827545,-0.5051507949829102,-1.1253138780593872,0.7799996733665466,-0.5051507949829102,0.7648881077766418,0.781977117061615,-0.5051507949829102
6483,276970404,6,8,0.48961023972816875,0.0,0.0,0,False,0.7802667617797852,0.5250159502029419,-0.5051507949829102,-1.1249979734420776,0.523022472858429,-0.5051507949829102,-1.1252667903900146,0.7799997329711914,-0.5051507949829102,0.7799978852272034,0.7819932103157043,-0.5051507949829102
6483,276970404,6,9,0.16217103936791943,0.0,0.0,0,False,0.7785875797271729,0.7801083922386169,-0.5051507949829102,0.7802196741104126,-0.7799997329711914,-0.5051507949829102,0.6762712001800537,-0.7801085114479065,-0.5051507949829102,0.674639105796814,0.7799996733665466,-0.5051507949829102
6483,276970404,6,10,0.4301689274663101,0.0,0.0,0,False,-1.1252341270446777,-0.5562087893486023,-0.5051507949829102,0.7799834609031677,-0.5542153120040894,-0.5051507949829102,0.7802196741104126,-0.7799997329711914,-0.5051507949829102,-1.1249979734420776,-0.7819932103157043,-0.5051507949829102
6483,376937705,7,0,1.7753444888424774,0.7100149393081665,3.469446951953614e-18,1,True,4.000999927520752,0.0,0.0,-0.9998315572738647,-0.018354134634137154,0.0,-0.9998315572738647,-0.018354134634137154,-0.7100149393081665,-0.9998315572738647,-0.018354134634137154,-0.7100149393081665
6483,376937705,7,1,0.07639167603193497,0.0,0.0,0,False,0.5849646329879761,0.4066515266895294,-0.5648819804191589,0.5972867608070374,-0.264590859413147,-0.5648819804191589,0.48351871967315674,-0.2666793465614319,-0.5648819804191589,0.47119656205177307,0.4045630395412445,-0.5648819804191589
6483,376937705,7,2,0.2822921415116735,0.0,0.0,0,False,0.8787237405776978,0.7829136848449707,-0.690183699131012,0.907452404499054,-0.7820660471916199,-0.690183699131012,0.7271324992179871,-0.785376250743866,-0.690183699131012,0.6984037756919861,0.7796034812927246,-0.690183699131012
6483,376937705,7,3,0.3916577515598618,0.0,0.0,0,False,0.9476826786994934,-0.7832551002502441,-0.7800149321556091,0.9190399050712585,0.7770452499389648,-0.7800149321556091,1.1699696779251099,0.7816516160964966,-0.7800149321556091,1.1986124515533447,-0.7786487340927124,-0.7800149321556091
6483,376937705,7,4,0.6800918999922683,0.0,0.0,0,False,0.6815205812454224,0.4248008131980896,-0.5054265856742859,-1.0783936977386475,0.3924933671951294,-0.5054265856742859,-1.0854852199554443,0.7787978649139404,-0.5054265856742859,0.6744289994239807,0.8111053109169006,-0.5054265856742859
6483,376937705,7,5,2.490142506061405,0.0,0.0,0,False,0.46105191111564636,0.8071880340576172,-0.5054265856742859,0.49018487334251404,-0.7798129916191101,-0.5054265856742859,-1.0783734321594238,-0.8086073994636536,-0.5054265856742859,-1.1075063943862915,0.7783936262130737,-0.5054265856742859
6483,376937705,7,6,0.908560191330853,0.0,0.0,0,False,-1.0877830982208252,-0.2960268259048462,-0.5054265856742859,0.6718558669090271,-0.2637243866920471,-0.5054265856742859,0.681331217288971,-0.7798837423324585,-0.5054265856742859,-1.0783077478408813,-0.8121861815452576,-0.5054265856742859
6483,376937705,7,7,0.1560563181580079,0.0,0.0,0,False,0.6937927603721619,0.7811710834503174,-0.5054265856742859,0.7224355936050415,-0.7791292071342468,-0.5054265856742859,0.622452437877655,-0.7809646129608154,-0.5054265856742859,0.5938096046447754,0.7793356776237488,-0.5054265856742859
6483,476929215,8,0,1.720545869235098,0.6880948543548584,0.0,1,True,4.000999927520752,0.0,0.0,-0.9998717904090881,0.016013603657484055,0.0,-0.9998717904090881,0.016013603657484055,-0.6880948543548584,-0.9998717904090881,0.016013603657484055,-0.6880948543548584
6483,476929215,8,1,0.045927659637675866,0.0,0.0,0,False,0.6677948236465454,-0.22488459944725037,-0.6462816596031189,0.67885822057724,0.46589919924736023,-0.6462816596031189,0.7453274726867676,0.46483463048934937,-0.6462816596031189,0.734264075756073,-0.22594915330410004,-0.6462816596031189
6483,476929215,8,2,0.051308282542699146,0.0,0.0,0,False,0.6000038385391235,0.4204804003238678,-0.5742621421813965,0.5889405012130737,-0.27030330896377563,-0.5742621421813965,0.5146840810775757,-0.26911404728889465,-0.5742621421813965,0.5257474184036255,0.4216696619987488,-0.5742621421813965
6483,476929215,8,3,0.4315996783990901,0.0,0.0,0,False,1.1949665546417236,0.7788794636726379,-0.758094847202301,1.1699769496917725,-0.7814410328865051,-0.758094847202301,0.8934382796287537,-0.7770121097564697,-0.758094847202301,0.9184278249740601,0.7833083868026733,-0.758094847202301
6483,476929215,8,4,0.5518978892095454,0.0,0.0,0,False,0.6747807860374451,0.46630990505218506,-0.5085211992263794,-1.0845727920532227,0.4944876432418823,-0.5085211992263794,-1.07955002784729,0.8081007599830627,-0.5085211992263794,0.6798035502433777,0.7799230217933655,-0.5085211992263794
6483,476929215,8,5,0.5772567542684008,0.0,0.0,0,False,0.6745499968528748,0.45189985632896423,-0.5085211992263794,-1.0848034620285034,0.48007696866989136,-0.5085211992263794,-1.07955002784729,0.808100163936615,-0.5085211992263794,0.6798034906387329,0.7799230217933655,-0.5085211992263794
6483,476929215,8,6,2.593689233790231,0.0,0.0,0,False,0.5298033952713013,0.7799230813980103,-0.5085211992263794,0.5044023394584656,-0.8060958385467529,-0.5085211992263794,-1.1305240392684937,-0.779911458492279,-0.5085211992263794,-1.1051229238510132,0.8061074614524841,-0.5085211992263794
6483,476929215,8,7,0.9664664446460134,0.0,0.0,0,False,-1.1219465732574463,-0.2443438321352005,-0.5085211992263794,0.682155191898346,-0.2732376158237457,-0.5085211992263794,0.6735777854919434,-0.8088052868843079,-0.5085211992263794,-1.1305240392684937,-0.7799115180969238,-0.5085211992263794
6483,577046142,9,0,1.0557671883962099,0.703639030456543,3.469446951953614e-18,1,True,2.000999927520752,0.0,0.0,-0.9998160600662231,0.019178958609700203,0.0,-0.9998160600662231,0.019178958609700203,-0.703639030456543,-0.9998160600662231,0.019178958609700203,-0.703639030456543
6483,577046142,9,1,0.42100958892283913,0.0,0.0,0,False,0.502387285232544,-0.773811399936676,-0.6325843334197998,0.5274113416671753,0.5307084918022156,-0.6325843334197998,0.8500241041183472,0.5245199799537659,-0.6325843334197998,0.824999988079071,-0.7799999117851257,-0.6325843334197998
6483,577046142,9,2,0.47593143690087913,0.0,0.0,0,False,0.8462369441986084,-0.7587894201278687,-0.7736390233039856,0.8744248151779175,0.7106698155403137,-0.7736390233039856,1.1981877088546753,0.7044592499732971,-0.7736390233039856,1.1699998378753662,-0.7649999856948853,-0.7736390233039856
6483,577046142,9,3,2.5609693287348563,0.0,0.0,0,False,0.5316154956817627,0.7798730731010437,-0.5047194361686707,0.5011112689971924,-0.8103298544883728,-0.5047194361686707,-1.108763337135315,-0.7794483304023743,-0.5047194361686707,-1.0782591104507446,0.8107545971870422,-0.5047194361686707
6483,577046142,9,4,0.4702000381258582,0.0,0.0,0,False,0.8242992758750916,0.5334708094596863,-0.5047194361686707,-1.0828763246536255,0.5700551867485046,-0.5047194361686707,-1.0781488418579102,0.81650710105896,-0.5047194361686707,0.8290268182754517,0.7799227237701416,-0.5047194361686707
6483,677047569,10,0,1.3839693111440783,0.6918825507164001,6.938893903907228e-18,1,True,3.000999927520752,0.0,0.0,-0.9994539022445679,0.033044178038835526,0.0,-0.9994539022445679,0.033044178038835526,-0.6918825507164001,-0.9994539022445679,0.033044178038835526,-0.6918825507164001
6483,677047569,10,1,0.17537779200010917,0.0,0.0,0,False,0.6493542194366455,-0.370680570602417,-0.6702668070793152,0.677047073841095,0.4669160544872284,-0.6702668070793152,0.8862006068229675,0.4600009620189667,-0.6702668070793152,0.8585077524185181,-0.3775956630706787,-0.6702668070793152
6483,677047569,10,2,0.43803292535745797,0.0,0.0,0,False,0.8784791827201843,-0.7782965302467346,-0.7618825435638428,0.9302620887756348,0.7879263162612915,-0.7618825435638428,1.2096314430236816,0.7786897420883179,-0.7618825435638428,1.1578484773635864,-0.787533164024353,-0.7618825435638428
6483,677047569,10,3,2.852569085702868,0.0,0.0,0,False,0.6863940358161926,0.7796233296394348,-0.507362425327301,0.6329077482223511,-0.8381204605102539,-0.507362425327301,-1.1284677982330322,-0.7798853516578674,-0.507362425327301,-1.074981451034546,0.8378584384918213,-0.507362425327301
6483,677047569,10,4,0.8401592318903441,0.0,0.0,0,False,-1.1130656003952026,-0.3140287399291992,-0.507362425327301,0.6884368658065796,-0.37359049916267395,-0.507362425327301,0.6730346083641052,-0.8394471406936646,-0.507362425327301,-1.1284677982330322,-0.7798853516578674,-0.507362425327301
6483,677047569,10,5,0.5641448720641673,0.0,0.0,0,False,0.7180880308151245,0.467168927192688,-0.507362425327301,-1.0849004983901978,0.52677983045578,-0.507362425327301,-1.0745668411254883,0.8393325209617615,-0.507362425327301,0.7284217476844788,0.7797215580940247,-0.507362425327301
6483,776940787,11,0,1.0612729555385416,0.7075569033622742,6.938893903907228e-18,1,True,2.000999927520752,0.0,0.0,-0.9982361793518066,-0.05936771258711815,0.0,-0.9982361793518066,-0.05936771258711815,-0.7075569033622742,-0.9982361793518066,-0.05936771258711815,-0.7075569033622742
6483,776940787,11,1,0.2873638985934619,0.0,0.0,0,False,0.6575670838356018,-0.7935259938240051,-0.6680275201797485,0.5862400531768799,0.40580034255981445,-0.6680275201797485,0.824999988079071,0.42000001668930054,-0.6680275201797485,0.896327018737793,-0.779326319694519,-0.6680275201797485
6483,776940787,11,2,0.42319458338472415,0.0,0.0,0,False,1.1694711446762085,0.7888894081115723,-0.7775568962097168,1.2622913122177124,-0.7718349099159241,-0.7775568962097168,0.9920942783355713,-0.7879041433334351,-0.7775568962097168,0.8992741703987122,0.7728201746940613,-0.7775568962097168
6483,776940787,11,3,2.8076835625273944,0.0,0.0,0,False,0.5578033328056335,0.88008052110672,-0.508228063583374,0.6561747193336487,-0.77398282289505,-0.508228063583374,-1.0352888107299805,-0.8745785355567932,-0.508228063583374,-1.1336601972579956,0.7794848084449768,-0.508228063583374
6483,776940787,11,4,0.8028513390828458,0.0,0.0,0,False,0.5885658860206604,0.4078238010406494,-0.508228063583374,-1.1049046516418457,0.30710870027542114,-0.508228063583374,-1.1330004930496216,0.7795241475105286,-0.508228063583374,0.5604701638221741,0.8802392482757568,-0.508228063583374
6483,876937839,12,0,1.3176768579559874,0.658725917339325,0.0,1,True,3.000999927520752,0.0,0.0,-0.9995777606964111,0.02905663661658764,0.0,-0.9995777606964111,0.02905663661658764,-0.658725917339325,-0.9995777606964111,0.02905663661658764,-0.658725917339325
6483,876937839,12,1,0.23221563094830167,0.0,0.0,0,False,0.7980623245239258,0.675783097743988,-0.6330662965774536,0.7687081694602966,-0.3340320885181427,-0.6330662965774536,0.5389437675476074,-0.3273530900478363,-0.6330662965774536,0.5682979226112366,0.6824620366096497,-0.6330662965774536
6483,876937839,12,2,0.6424063627248131,0.0,0.0,0,False,0.7566007375717163,-0.7749594449996948,-0.7287259101867676,0.801947832107544,0.7850303649902344,-0.7287259101867676,1.2134017944335938,0.7730698585510254,-0.7287259101867676,1.1680546998977661,-0.7869199514389038,-0.7287259101867676
6483,876937839,12,3,0.1591071687777985,0.0,0.0,0,False,0.46383702754974365,0.6799914836883545,-0.5045568943023682,-1.1265630722045898,0.7262222766876221,-0.5045568943023682,-1.123657464981079,0.8261800408363342,-0.5045568943023682,0.4667426645755768,0.7799492478370667,-0.5045568943023682
6483,876937839,12,4,2.7230166908579356,0.0,0.0,0,False,0.5702584385871887,0.7769402265548706,-0.5045568943023682,0.5235689282417297,-0.829230010509491,-0.5045568943023682,-1.1703472137451172,-0.7799898386001587,-0.5045568943023682,-1.1236577033996582,0.8261803984642029,-0.5045568943023682
6483,876937839,12,5,0.8455510811400968,0.0,0.0,0,False,-1.15549898147583,-0.2811497449874878,-0.5045568943023682,0.5380699634552002,-0.3303799331188202,-0.5045568943023682,0.5235689282417297,-0.8292301297187805,-0.5045568943023682,-1.1700000762939453,-0.7799999117851257,-0.5045568943023682
6483,976901932,13,0,1.0081585022159363,0.6719189286231995,0.0,1,True,2.000999927520752,0.0,0.0,-0.9997507929801941,0.022324057295918465,0.0,-0.9997507929801941,0.022324057295918465,-0.6719189286231995,-0.9997507929801941,0.022324057295918465,-0.6719189286231995
6483,976901932,13,1,0.2898939436524586,0.0,0.0,0,False,0.5019152164459229,-0.7788146138191223,-0.6208228468894958,0.5263689756393433,0.31630921363830566,-0.6208228468894958,0.7909504771232605,0.31040117144584656,-0.6208228468894958,0.7664966583251953,-0.784722626209259,-0.6208228468894958
6483,976901932,13,2,0.5580393364586271,0.0,0.0,0,False,1.2048168182373047,0.7792225480079651,-0.7419189214706421,1.169850468635559,-0.7866955399513245,-0.7419189214706421,0.8136624693870544,-0.7787420153617859,-0.7419189214706421,0.8486288189888,0.7871760725975037,-0.7419189214706421
6483,976901932,13,3,2.6711639328627346,0.0,0.0,0,False,0.536047637462616,0.7797533273696899,-0.504832923412323,0.5003859996795654,-0.8172991871833801,-0.504832923412323,-1.1713390350341797,-0.779970109462738,-0.504832923412323,-1.135677456855774,0.817082405090332,-0.504832923412323
6483,976901932,13,4,0.7909681656988132,0.0,0.0,0,False,0.5686742067337036,0.3156268894672394,-0.504832923412323,-1.134520173072815,0.3536588251590729,-0.504832923412323,-1.1241552829742432,0.8178301453590393,-0.504832923412323,0.5790390372276306,0.7797982096672058,-0.504832923412323
6484,76959651,14,0,2.0712131641277027,0.6904783844947815,0.0,1,True,5.000999927520752,0.0,0.0,-0.9980288147926331,0.06275781244039536,0.0,-0.9980288147926331,0.06275781244039536,-0.6904783844947815,-0.9980288147926331,0.06275781244039536,-0.6904783844947815
6484,76959651,14,1,0.06109819332965949,0.0,0.0,0,False,0.4681192636489868,-0.11393851786851883,-0.5705868005752563,0.5012010335922241,0.4121558964252472,-0.5705868005752563,0.6168790459632874,0.4048818349838257,-0.5705868005752563,0.58379727602005,-0.12121255695819855,-0.5705868005752563
6484,76959651,14,2,0.3516448020588303,0.0,0.0,0,False,1.2639511823654175,0.7740923166275024,-0.7604783773422241,1.166064739227295,-0.7825822234153748,-0.7604783773422241,0.9410595297813416,-0.7684335112571716,-0.7604783773422241,1.0389460325241089,0.7882410287857056,-0.7604783773422241
6484,76959651,14,3,0.46508507366083585,0.0,0.0,0,False,0.6118754148483276,-0.778860330581665,-0.6741102337837219,0.7009575963020325,0.6377999782562256,-0.6741102337837219,1.0279613733291626,0.617237389087677,-0.6741102337837219,0.9388792514801025,-0.7994229197502136,-0.6741102337837219
6484,76959651,14,4,2.6479729301980672,0.0,0.0,0,False,0.5223102569580078,0.7763961553573608,-0.5068866610527039,0.41816145181655884,-0.8798664212226868,-0.5068866610527039,-1.1743056774139404,-0.7797291874885559,-0.5068866610527039,-1.0701569318771362,0.8765333890914917,-0.5068866610527039
6484,76959651,14,5,1.3217197510223837,0.0,0.0,0,False,-1.121842861175537,-0.014163678511977196,-0.5068866610527039,0.5972113609313965,-0.12226086109876633,-0.5068866610527039,0.5490542054176331,-0.8880971670150757,-0.5068866610527039,-1.1699999570846558,-0.7799999713897705,-0.5068866610527039
6484,76959651,14,6,0.6273208030082991,0.0,0.0,0,False,0.6252737045288086,0.4048388600349426,-0.5068866610527039,-1.093023657798767,0.5128887891769409,-0.5068866610527039,-1.0701569318771362,0.8765336871147156,-0.5068866610527039,0.6481403708457947,0.7684837579727173,-0.5068866610527039
6484,76959651,14,7,0.18373524905743288,0.0,0.0,0,False,-1.1629334688186646,-0.6676236391067505,-0.5068866610527039,0.46562689542770386,-0.7700304388999939,-0.5068866610527039,0.4585604667663574,-0.8824067711830139,-0.5068866610527039,-1.1699999570846558,-0.7799999117851257,-0.5068866610527039
6484,76959651,14,8,0.18823307120800337,0.0,0.0,0,False,0.4636411666870117,0.6533911824226379,-0.5068866610527039,-1.0220866203308105,0.7468164563179016,-0.5068866610527039,-1.0141512155532837,0.8730116486549377,-0.5068866610527039,0.4715765714645386,0.7795863747596741,-0.5068866610527039
6484,176959036,15,0,0.6855065061627419,0.6852223873138428,0.0,1,True,1.0010000467300415,0.0,0.0,-0.9996586441993713,0.02612641453742981,0.0,-0.9996586441993713,0.02612641453742981,-0.6852223873138428,-0.9996586441993713,0.02612641453742981,-0.6852223873138428
6484,176959036,15,1,0.3557267372061901,0.0,0.0,0,False,0.8728161454200745,0.7760060429573059,-0.6614039540290833,0.83211350440979,-0.781361997127533,-0.6614039540290833,0.6038540601730347,-0.7753962874412537,-0.6614039540290833,0.6445567607879639,0.7819717526435852,-0.6614039540290833
6484,176959036,15,2,0.19818324268762577,0.0,0.0,0,False,0.6377943158149719,0.7782281637191772,-0.5864865779876709,0.5970609188079834,-0.7803152799606323,-0.5864865779876709,0.4699884355068207,-0.7769941687583923,-0.5864865779876709,0.5107218623161316,0.7815492749214172,-0.5864865779876709
6484,176959036,15,3,0.5267007455472239,0.0,0.0,0,False,0.8338549137115479,-0.7790552973747253,-0.7552223801612854,0.8748033046722412,0.7877150774002075,-0.7552223801612854,1.2107435464859009,0.7789350748062134,-0.7552223801612854,1.1697951555252075,-0.7878352999687195,-0.7552223801612854
6484,176959036,15,4,2.621895171697986,0.0,0.0,0,False,0.5100942850112915,0.7764691710472107,-0.507016122341156,0.4682960510253906,-0.8228178024291992,-0.507016122341156,-1.1699999570846558,-0.7800000309944153,-0.507016122341156,-1.1282017230987549,0.8192869424819946,-0.507016122341156
6484,276889879,16,0,1.0229607405048724,0.6817854046821594,0.0,1,True,2.000999927520752,0.0,0.0,-0.9997438192367554,-0.022632766515016556,0.0,-0.9997438192367554,-0.022632766515016556,-0.6817854046821594,-0.9997438192367554,-0.022632766515016556,-0.6817854046821594
6484,276889879,16,1,0.3872809516296769,0.0,0.0,0,False,0.4801229238510132,-0.7854304313659668,-0.6031213998794556,0.45185238122940063,0.463344007730484,-0.6031213998794556,0.7618223428726196,0.47036129236221313,-0.6031213998794556,0.7900928854942322,-0.7784131765365601,-0.6031213998794556
6484,276889879,16,2,0.6306270969408416,0.0,0.0,0,False,0.8009081482887268,-0.7859786152839661,-0.751785397529602,0.7656176686286926,0.772882878780365,-0.751785397529602,1.1699538230895996,0.7820364832878113,-0.751785397529602,1.2052443027496338,-0.7768250107765198,-0.751785397529602
6484,276889879,16,3,2.5125186757892255,0.0,0.0,0,False,0.44246357679367065,0.8154852390289307,-0.5062407851219177,0.4785531759262085,-0.7786744236946106,-0.5062407851219177,-1.0967166423797607,-0.814336359500885,-0.5062407851219177,-1.1328063011169434,0.7798233032226562,-0.5062407851219177
6484,276889879,16,4,0.5553148741246439,0.0,0.0,0,False,0.48460835218429565,0.4714392423629761,-0.5062407851219177,-1.1249998807907104,0.4349999725818634,-0.5062407851219177,-1.1328063011169434,0.7798232436180115,-0.5062407851219177,0.4768020212650299,0.8162625432014465,-0.5062407851219177
6484,377095472,17,0,2.3405484294469456,0.668641984462738,0.0,1,True,6.000999927520752,0.0,0.0,-0.9998854994773865,0.015131578780710697,0.0,-0.9998854994773865,0.015131578780710697,-0.668641984462738,-0.9998854994773865,0.015131578780710697,-0.668641984462738
6484,377095472,17,1,0.22856599873452055,0.0,0.0,0,False,0.6231915354728699,-0.269896924495697,-0.6662883162498474,0.63663649559021,0.6185315847396851,-0.6662883162498474,0.8938475847244263,0.6146391034126282,-0.6662883162498474,0.8804026246070862,-0.2737894058227539,-0.6662883162498474
6484,377095472,17,2,0.21894669076986695,0.0,0.0,0,False,0.7357357740402222,-0.2813791036605835,-0.7386419773101807,1.1774446964263916,-0.288063645362854,-0.7386419773101807,1.1699450016021729,-0.7836311459541321,-0.7386419773101807,0.7282361388206482,-0.7769465446472168,-0.7386419773101807
6484,377095472,17,3,0.44105512050755635,0.0,0.0,0,False,0.8736628293991089,-0.7791473865509033,-0.7386419773101807,0.8961857557296753,0.7091437578201294,-0.7386419773101807,1.1924679279327393,0.7046599984169006,-0.7386419773101807,1.1699450016021729,-0.7836311459541321,-0.7386419773101807
6484,377095472,17,4,0.022474718279275052,0.0,0.0,0,False,1.1696215867996216,0.6049942970275879,-0.7386419773101807,0.9449000358581543,0.6083950996398926,-0.7386419773101807,0.9464132189750671,0.7083836197853088,-0.7386419773101807,1.1711347103118896,0.7049828171730042,-0.7386419773101807
6484,377095472,17,5,2.8650233485204435,0.0,0.0,0,False,0.6354467272758484,0.7799175977706909,-0.5058784484863281,0.611431896686554,-0.8069590926170349,-0.5058784484863281,-1.1936026811599731,-0.7796427607536316,-0.5058784484863281,-1.1695878505706787,0.807233989238739,-0.5058784484863281
6484,377095472,17,6,0.3368233286105333,0.0,0.0,0,False,0.8695463538169861,0.6150248050689697,-0.5058784484863281,-1.1720290184020996,0.6459208130836487,-0.5058784484863281,-1.1695328950881958,0.8108651041984558,-0.5058784484863281,0.8720425367355347,0.7799690961837769,-0.5058784484863281
6484,377095472,17,7,1.0126350538017466,0.0,0.0,0,False,0.7276716232299805,-0.27306705713272095,-0.5058784484863281,0.7195672392845154,-0.8085955381393433,-0.5058784484863281,-1.170907735824585,-0.7799862027168274,-0.5058784484863281,-1.1628034114837646,-0.24445773661136627,-0.5058784484863281
6484,477063066,18,0,1.4040791309915144,0.7019206881523132,0.0,1,True,3.000999927520752,0.0,0.0,-0.9995700716972351,-0.0293200071901083,0.0,-0.9995700716972351,-0.0293200071901083,-0.7019206881523132,-0.9995700716972351,-0.0293200071901083,-0.7019206881523132
6484,477063066,18,1,0.20431588489071828,0.0,0.0,0,False,0.6790080666542053,-0.4666424095630646,-0.670985221862793,0.6513898968696594,0.4749075472354889,-0.670985221862793,0.8682028651237488,0.4812672734260559,-0.670985221862793,0.8958210349082947,-0.46028268337249756,-0.670985221862793
6484,477063066,18,2,0.44588535855391953,0.0,0.0,0,False,1.1699354648590088,0.7821980118751526,-0.7719206809997559,1.215706467628479,-0.7782192826271057,-0.7719206809997559,0.9302045702934265,-0.7865937352180481,-0.7719206809997559,0.8844336271286011,0.7738235592842102,-0.7719206809997559
6484,477063066,18,3,2.913499098781518,0.0,0.0,0,False,0.6334479451179504,0.8315799236297607,-0.5046837329864502,0.6807149648666382,-0.7798323035240173,-0.5046837329864502,-1.1257715225219727,-0.8328213691711426,-0.5046837329864502,-1.1730386018753052,0.7785908579826355,-0.5046837329864502
6484,477063066,18,4,0.620182987088711,0.0,0.0,0,False,-1.132631778717041,-0.5198231339454651,-0.5046837329864502,0.8200880289077759,-0.46254444122314453,-0.5046837329864502,0.82939612865448,-0.7798709869384766,-0.5046837329864502,-1.123323678970337,-0.8371496796607971,-0.5046837329864502
6484,477063066,18,5,0.6884522363101553,0.0,0.0,0,False,0.7887019515037537,0.4833351969718933,-0.5046837329864502,-1.1626989841461182,0.426095187664032,-0.5046837329864502,-1.1730387210845947,0.7785908579826355,-0.5046837329864502,0.7783622741699219,0.8358308672904968,-0.5046837329864502
6484,576898243,19,0,0.3405935892226938,0.6805067658424377,0.0,1,True,0.0010000000474974513,0.0,0.0,-0.9998582005500793,0.01683999039232731,0.0,-0.9998582005500793,0.01683999039232731,-0.6805067658424377,-0.9998582005500793,0.01683999039232731,-0.6805067658424377
6484,576898243,19,1,0.09276265990855315,0.0,0.0,0,False,0.7024956345558167,-0.37369465827941895,-0.6759279370307922,0.7158815264701843,0.4210799038410187,-0.6759279370307922,0.832564115524292,0.4191146790981293,-0.6759279370307922,0.8191782236099243,-0.37565988302230835,-0.6759279370307922
6484,576898243,19,2,0.531173826796767,0.0,0.0,0,False,1.1962666511535645,0.7795575857162476,-0.7505067586898804,1.16996169090271,-0.78227299451828,-0.7505067586898804,0.8299611806869507,-0.7765465974807739,-0.7505067586898804,0.8562661409378052,0.7852839827537537,-0.7505067586898804
6484,576898243,19,3,2.782276588973051,0.0,0.0,0,False,-1.1308090686798096,-0.7799021601676941,-0.5040419101715088,-1.1040445566177368,0.8092054128646851,-0.5040419101715088,0.6463010907173157,0.7797253727912903,-0.5040419101715088,0.6195366382598877,-0.8093822002410889,-0.5040419101715088
6484,676876628,20,0,1.391013182320228,0.69533371925354,0.0,1,True,3.000999927520752,0.0,0.0,-0.9999927282333374,-0.003808837616816163,0.0,-0.9999927282333374,-0.003808837616816163,-0.69533371925354,-0.9999927282333374,-0.003808837616816163,-0.69533371925354
6484,676876628,20,1,0.1677332073142388,0.0,0.0,0,False,0.6751735210418701,-0.3755706548690796,-0.6657021641731262,0.6719162464141846,0.4795883297920227,-0.6657021641731262,0.8680561184883118,0.48033541440963745,-0.6657021641731262,0.8713133931159973,-0.37482357025146484,-0.6657021641731262
6484,676876628,20,2,0.44569690519747596,0.0,0.0,0,False,0.8903740644454956,-0.7808935642242432,-0.7653337121009827,0.8844292759895325,0.7798264622688293,-0.7653337121009827,1.1699965000152588,0.7809141874313354,-0.7653337121009827,1.1759412288665771,-0.7798058390617371,-0.7653337121009827
6484,676876628,20,3,2.8218218765196266,0.0,0.0,0,False,0.6700032353401184,0.7868370413780212,-0.50566565990448,0.6759712100028992,-0.7799962759017944,-0.50566565990448,-1.1249738931655884,-0.7868560552597046,-0.50566565990448,-1.1309419870376587,0.7799773216247559,-0.50566565990448
6484,676876628,20,4,0.6995795565267926,0.0,0.0,0,False,-1.1263706684112549,-0.4201766550540924,-0.50566565990448,0.7794016599655151,-0.4129176735877991,-0.50566565990448,0.7807998657226562,-0.7799968719482422,-0.50566565990448,-1.1249724626541138,-0.7872558832168579,-0.50566565990448
6484,676876628,20,5,0.5849029513578818,0.0,0.0,0,False,0.7811411023139954,0.4804043173789978,-0.50566565990448,-1.1249738931655884,0.4731440246105194,-0.50566565990448,-1.1261427402496338,0.7799956202507019,-0.50566565990448,0.7799723148345947,0.7872559428215027,-0.50566565990448
6484,776883888,21,0,0.35580144855372053,0.7108923196792603,0.0,1,True,0.0010000000474974513,0.0,0.0,-0.9995420575141907,-0.030260605737566948,0.0,-0.9995420575141907,-0.030260605737566948,-0.7108923196792603,-0.9995420575141907,-0.030260605737566948,-0.7108923196792603
6484,776883888,21,1,0.03391826535584208,0.0,0.0,0,False,0.781320333480835,0.2714023292064667,-0.6755462884902954,0.7976948022842407,-0.26946425437927246,-0.6755462884902954,0.7350412607192993,-0.2713610529899597,-0.6755462884902954,0.7186667919158936,0.26950550079345703,-0.6755462884902954
6484,776883888,21,2,0.4230731716456404,0.0,0.0,0,False,0.9469655752182007,-0.7853899002075195,-0.7808923125267029,0.899601936340332,0.7790796756744385,-0.7808923125267029,1.1697802543640137,0.7872592210769653,-0.7808923125267029,1.2171438932418823,-0.7772103548049927,-0.7808923125267029
6484,776883888,21,3,2.992522825897204,0.0,0.0,0,False,-1.124260425567627,-0.8358339667320251,-0.5055805444717407,-1.173134684562683,0.778542697429657,-0.5055805444717407,0.6788386106491089,0.8346101641654968,-0.5055805444717407,0.7277129888534546,-0.7797664999961853,-0.5055805444717407
6484,876935481,22,0,0.3445819558792309,0.6884754300117493,0.0,1,True,0.0010000000474974513,0.0,0.0,-1.0,-0.00013517796469386667,0.0,-1.0,-0.00013517796469386667,-0.6884754300117493,-1.0,-0.00013517796469386667,-0.6884754300117493
6484,876935481,22,1,0.0934177981138733,0.0,0.0,0,False,0.7498661875724792,0.46500203013420105,-0.6424785852432251,0.7500344514846802,-0.7799959182739258,-0.6424785852432251,0.6749999523162842,-0.7800060510635376,-0.6424785852432251,0.6748316884040833,0.46499186754226685,-0.6424785852432251
6484,876935481,22,2,0.4917302395413756,0.0,0.0,0,False,1.1699999570846558,0.7800101637840271,-0.7584754228591919,1.170210838317871,-0.7799938321113586,-0.7584754228591919,0.8549999594688416,-0.780036449432373,-0.7584754228591919,0.8547890782356262,0.7799675464630127,-0.7584754228591919
6484,876935481,22,3,2.64489661636118,0.0,0.0,0,False,-1.125,-0.7802169322967529,-0.5045387744903564,-1.1252107620239258,0.7799999713897705,-0.5045387744903564,0.5699999928474426,0.7802290916442871,-0.5045387744903564,0.570210874080658,-0.7799878120422363,-0.5045387744903564
6484,976981241,23,0,2.135662553181279,0.7117706537246704,8.673617379884035e-19,1,True,5.000999927520752,0.0,0.0,-0.9999822378158569,0.005961358081549406,0.0,-0.9999822378158569,0.005961358081549406,-0.7117706537246704,-0.9999822378158569,0.005961358081549406,-0.7117706537246704
6484,976981241,23,1,0.05872933415172277,0.0,0.0,0,False,0.5516942143440247,-0.37453317642211914,-0.6020033359527588,0.5561651587486267,0.37544015049934387,-0.6020033359527588,0.6344709396362305,0.374973326921463,-0.6020033359527588,0.6299999952316284,-0.375,-0.6020033359527588
6484,976981241,23,2,0.15745227040177667,0.0,0.0,0,False,0.9006264805793762,0.7801752090454102,-0.687258243560791,0.8928449153900146,-0.5251361727714539,-0.687258243560791,0.7722249031066895,-0.5244171023368835,-0.687258243560791,0.780006468296051,0.7808942794799805,-0.687258243560791
6484,976981241,23,3,0.4022701519531733,0.0,0.0,0,False,0.9123196005821228,-0.7796263098716736,-0.781770646572113,0.921626091003418,0.7814806699752808,-0.781770646572113,1.1792995929718018,0.7799445390701294,-0.781770646572113,1.1699930429458618,-0.781162440776825,-0.781770646572113
6484,976981241,23,4,2.6047366834453367,0.0,0.0,0,False,0.5342994928359985,0.7799445390701294,-0.5052499175071716,0.5249412655830383,-0.7898361086845398,-0.5052499175071716,-1.1342995166778564,-0.7799445986747742,-0.5052499175071716,-1.124941349029541,0.789836049079895,-0.5052499175071716
6484,976981241,23,5,0.7655688016506446,0.0,0.0,0,False,-1.1234211921691895,-0.3651728332042694,-0.5052499175071716,0.7220497727394104,-0.3761747181415558,-0.5052499175071716,0.7195767760276794,-0.7909964919090271,-0.5052499175071716,-1.1258941888809204,-0.7799946665763855,-0.5052499175071716
6484,976981241,23,6,0.6840421289317025,0.0,0.0,0,False,0.7193101644515991,0.4092733860015869,-0.5052499175071716,-1.127144455909729,0.4202811121940613,-0.5052499175071716,-1.1249359846115112,0.7907304167747498,-0.5052499175071716,0.7215185761451721,0.7797226905822754,-0.5052499175071716
6484,976981241,23,7,0.15602403361213746,0.0,0.0,0,False,0.7371533513069153,0.7796295285224915,-0.5052499175071716,0.7278522253036499,-0.7805833220481873,-0.5052499175071716,0.6278539896011353,-0.7799872159957886,-0.5052499175071716,0.6371551752090454,0.7802256941795349,-0.5052499175071716
6484,976981241,23,8,0.4908933441009573,0.0,0.0,0,False,-1.1243085861206055,-0.514005184173584,-0.5052499175071716,0.7211624979972839,-0.525006890296936,-0.5052499175071716,0.7195767760276794,-0.7909963726997375,-0.5052499175071716,-1.12589430809021,-0.7799946665763855,-0.5052499175071716
6485,77219209,24,0,0.3350367324089523,0.6694047451019287,6.938893903907228e-18,1,True,0.0010000000474974513,0.0,0.0,-0.9989832043647766,0.045083723962306976,0.0,-0.9989832043647766,0.045083723962306976,-0.6694047451019287,-0.9989832043647766,0.045083723962306976,-0.6694047451019287
6485,77219209,24,1,0.39835227444044224,0.06976330280303955,1.0299920638612292e-17,0,False,0.9114288091659546,0.7199169993400574,-0.7394047379493713,1.1677989959716797,0.7211572527885437,-0.8080477714538574,1.1747599840164185,-0.7797563076019287,-0.8091680407524109,0.9183897972106934,-0.780996561050415,-0.7405250072479248
6485,77219209,24,2,3.112398310390501,0.0145949125289917,2.452993294968414e-10,0,False,0.8550221920013428,0.7800091505050659,-0.509649932384491,0.8549973964691162,-0.780044674873352,-0.5160702466964722,-1.1400272846221924,-0.7800465822219849,-0.5078956484794617,-1.1400024890899658,0.7800071835517883,-0.5014753341674805
6485,176902136,25,0,0.33399871105261225,0.6673300862312317,0.0,1,True,0.0010000000474974513,0.0,0.0,-0.9999807476997375,-0.006209670100361109,0.0,-0.9999807476997375,-0.006209670100361109,-0.6673300862312317,-0.9999807476997375,-0.006209670100361109,-0.6673300862312317
6485,176902136,25,1,0.3928246715642245,0.07147562503814697,8.759147196417241e-08,0,False,0.9243378639221191,-0.7794678211212158,-0.7373300790786743,0.9271738529205322,0.780583918094635,-0.7450444102287292,1.1707648038864136,0.7798258662223816,-0.8088057041168213,1.16792893409729,-0.780225932598114,-0.8010913133621216
6485,176902136,25,2,2.8821409805865255,0.0,0.0,0,False,-1.1260530948638916,-0.7799992561340332,-0.5047591924667358,-1.1249991655349731,0.7812455892562866,-0.5047591924667358,0.7210531830787659,0.779999315738678,-0.5047591924667358,0.7199991941452026,-0.7812455296516418,-0.5047591924667358
6485,276948771,26,0,1.4026756212949472,0.7013201117515564,6.938893903907228e-18,1,True,3.000999927520752,0.0,0.0,-0.998801589012146,0.04894290491938591,0.0,-0.998801589012146,0.04894290491938591,-0.7013201117515564,-0.998801589012146,0.04894290491938591,-0.7013201117515564
6485,276948771,26,1,0.1880479665704371,0.0,0.0,0,False,0.5941779017448425,-0.40103957056999207,-0.6485058069229126,0.6375123262405396,0.4833070635795593,-0.6485058069229126,0.8496435284614563,0.4729122817516327,-0.6485058069229126,0.8063091039657593,-0.4114343523979187,-0.6485058069229126
6485,276948771,26,2,0.574930358544524,0.0,0.0,0,False,0.8040421605110168,-0.7760329246520996,-0.771320104598999,0.880984365940094,0.7941622138023376,-0.771320104598999,1.2462594509124756,0.7762631177902222,-0.771320104598999,1.1693172454833984,-0.7939320206642151,-0.771320104598999
6485,276948771,26,3,2.8374319921940607,0.0,0.0,0,False,0.6501328349113464,0.7797484397888184,-0.5045109391212463,0.5696335434913635,-0.8630397319793701,-0.5045109391212463,-1.153434157371521,-0.7786065936088562,-0.5045109391212463,-1.072934865951538,0.8641815185546875,-0.5045109391212463
6485,276948771,26,4,0.8819953444029078,0.0,0.0,0,False,-1.1089906692504883,-0.3182891011238098,-0.5045109391212463,0.7980454564094543,-0.41173702478408813,-0.5045109391212463,0.7754366993904114,-0.8731245398521423,-0.5045109391212463,-1.1315994262695312,-0.7796765565872192,-0.5045109391212463
6485,276948771,26,5,0.5974977646087121,0.0,0.0,0,False,0.8623519539833069,0.4739229381084442,-0.5045109391212463,-1.087376594543457,0.5694628953933716,-0.5045109391212463,-1.072395920753479,0.8751806020736694,-0.5045109391212463,0.8773326277732849,0.7796406149864197,-0.5045109391212463
6485,376916948,27,0,1.6615462277989113,0.6648546457290649,0.0,1,True,4.000999927520752,0.0,0.0,-0.9965312480926514,-0.08321920037269592,0.0,-0.9965312480926514,-0.08321920037269592,-0.6648546457290649,-0.9965312480926514,-0.08321920037269592,-0.6648546457290649
6485,376916948,27,1,0.10357217793613618,0.0617138147354126,6.2341624917916505e-18,0,False,0.654539942741394,0.5375984311103821,-0.6382710337638855,0.7935120463371277,0.5249298810958862,-0.6753009557723999,0.7349516153335571,-0.1896187663078308,-0.6506170630455017,0.5959795117378235,-0.17695021629333496,-0.6135871410369873
6485,376916948,27,2,0.3898752924320448,0.08118689060211182,1.2601217950598145e-09,0,False,0.927328884601593,-0.7801708579063416,-0.7348546385765076,0.9269761443138123,0.7805346846580505,-0.7518332004547119,1.1683743000030518,0.7798906564712524,-0.8160415291786194,1.1687270402908325,-0.7808147668838501,-0.799062967300415
6485,376916948,27,3,3.043492034226274,0.0,0.0,0,False,0.6729739904403687,0.776478111743927,-0.5054775476455688,0.5342691540718079,-0.9159843921661377,-0.5054775476455688,-1.2519959211349487,-0.7695920467376709,-0.5054775476455688,-1.1132911443710327,0.9228704571723938,-0.5054775476455688
6485,376916948,27,4,1.4797402401077275,0.0,0.0,0,False,-1.069867730140686,-0.025206757709383965,-0.5054775476455688,0.8776225447654724,-0.20273791253566742,-0.5054775476455688,0.8089290857315063,-0.9562949538230896,-0.5054775476455688,-1.1385612487792969,-0.7787637710571289,-0.5054775476455688
6485,376916948,27,5,0.03064434751532552,0.0,0.0,0,False,0.6992411017417908,-0.7782986760139465,-0.5054775476455688,0.7200000286102295,-0.5249999761581421,-0.5054775476455688,0.8401739597320557,-0.5348488092422485,-0.5054775476455688,0.8194150328636169,-0.7881474494934082,-0.5054775476455688
6485,376916948,27,6,0.4987982409240246,0.0,0.0,0,False,0.8208943605422974,0.5249620676040649,-0.5054775476455688,-1.132020354270935,0.7029876708984375,-0.5054775476455688,-1.10892915725708,0.9562948942184448,-0.5054775476455688,0.8439856171607971,0.7782692909240723,-0.5054775476455688
6485,476921291,28,0,1.129191866616826,0.7525738477706909,3.469446951953614e-18,1,True,2.000999927520752,0.0,0.0,-0.9998199939727783,-0.01897299475967884,0.0,-0.9998199939727783,-0.01897299475967884,-0.7525738477706909,-0.9998199939727783,-0.01897299475967884,-0.7525738477706909
6485,476921291,28,1,0.11752346702192806,0.0,0.0,0,False,0.7187012434005737,-0.5270171761512756,-0.6809931993484497,0.7036042809486389,0.26855024695396423,-0.6809931993484497,0.8512738943099976,0.27135249972343445,-0.6809931993484497,0.8663709163665771,-0.5242149829864502,-0.6809931993484497
6485,476921291,28,2,0.028123500704439586,0.0,0.0,0,False,1.0950000286102295,-0.26999998092651367,-0.8225738406181335,1.0884555578231812,0.07487580925226212,-0.8225738406181335,1.1699728965759277,0.07642272114753723,-0.8225738406181335,1.1765174865722656,-0.26845306158065796,-0.8225738406181335
6485,476921291,28,3,0.26113121407129114,0.0,0.0,0,False,0.6999529600143433,0.4264223873615265,-0.6106373071670532,0.7228454351425171,-0.779945969581604,-0.6106373071670532,0.5064627528190613,-0.7840520739555359,-0.6106373071670532,0.48357027769088745,0.42231622338294983,-0.6106373071670532
6485,476921291,28,4,0.36058973969633534,0.0,0.0,0,False,0.8730018734931946,-0.783643364906311,-0.7510597705841064,0.8433769345283508,0.777502179145813,-0.7510597705841064,1.0742714405059814,0.7818837761878967,-0.7510597705841064,1.1038963794708252,-0.7792618274688721,-0.7510597705841064
6485,476921291,28,5,0.604553749953912,0.0,0.0,0,False,0.48478326201438904,0.42293721437454224,-0.5078104138374329,-1.0783542394638062,0.39327457547187805,-0.5078104138374329,-1.0856908559799194,0.7798919677734375,-0.5078104138374329,0.47744667530059814,0.8095545768737793,-0.5078104138374329
6485,476921291,28,6,2.5146275980854123,0.0,0.0,0,False,0.4754548966884613,0.8095168471336365,-0.5078104138374329,0.5055872797966003,-0.7783758640289307,-0.5078104138374329,-1.0774682760238647,-0.808416485786438,-0.5078104138374329,-1.1076006889343262,0.7794762253761292,-0.5078104138374329
6485,576910176,29,0,2.766846164187786,0.6916279792785645,1.734723475976807e-18,1,True,7.000999927520752,0.0,0.0,-0.9999618530273438,-0.00873764418065548,0.0,-0.9999618530273438,-0.00873764418065548,-0.6916279792785645,-0.9999618530273438,-0.00873764418065548,-0.6916279792785645
6485,576910176,29,1,0.03308012108910896,0.0,0.0,0,False,0.46657732129096985,-0.255510538816452,-0.5588185787200928,0.46199023723602295,0.269449383020401,-0.5588185787200928,0.5249999761581421,0.26999998092651367,-0.5588185787200928,0.5295870900154114,-0.25495994091033936,-0.5588185787200928
6485,576910176,29,2,0.06038977253069788,0.0,0.0,0,False,0.7288357019424438,0.37547045946121216,-0.6343778967857361,0.7361795902252197,-0.46498972177505493,-0.6343778967857361,0.66433185338974,-0.4656175374984741,-0.6343778967857361,0.6569879651069641,0.37484264373779297,-0.6343778967857361
6485,576910176,29,3,0.6250248232552131,0.0,0.0,0,False,0.7831752300262451,-0.7833800911903381,-0.7616279721260071,0.7695380449295044,0.7772871851921082,-0.7616279721260071,1.1699931621551514,0.780786395072937,-0.7616279721260071,1.1836302280426025,-0.7798808813095093,-0.7616279721260071
6485,576910176,29,4,2.4523193669188865,0.0,0.0,0,False,0.4198820888996124,0.7934991717338562,-0.5048648118972778,0.43363022804260254,-0.7798808813095093,-0.5048648118972778,-1.1248821020126343,-0.7934991121292114,-0.5048648118972778,-1.1386301517486572,0.779880940914154,-0.5048648118972778
6485,576910176,29,5,0.9223494008265032,0.0,0.0,0,False,-1.1294516324996948,-0.27056318521499634,-0.5048648118972778,0.6280356645584106,-0.2552057206630707,-0.5048648118972778,0.6326212882995605,-0.7799770832061768,-0.5048648118972778,-1.124866008758545,-0.79533451795578,-0.5048648118972778
6485,576910176,29,6,0.032382693975336,0.0,0.0,0,False,0.5250080227851868,0.4790825843811035,-0.5048648118972778,0.5223788022994995,0.7799770832061768,-0.5048648118972778,0.6299920082092285,0.7809174060821533,-0.5048648118972778,0.6326212286949158,0.4800229072570801,-0.5048648118972778
6485,576910176,29,7,0.921173333661419,0.0,0.0,0,False,0.6344447731971741,0.27134957909584045,-0.5048648118972778,-1.1234357357025146,0.2559886872768402,-0.5048648118972778,-1.1280144453048706,0.7799736857414246,-0.5048648118972778,0.6298660039901733,0.7953345775604248,-0.5048648118972778
6485,576910176,29,8,0.7922256885958001,0.0,0.0,0,False,0.7662888169288635,0.3775016665458679,-0.5048648118972778,-1.1243531703948975,0.36098095774650574,-0.5048648118972778,-1.128014326095581,0.7799736857414246,-0.5048648118972778,0.7626276016235352,0.7964943647384644,-0.5048648118972778
6485,576910176,29,9,0.16797533173850354,0.0,0.0,0,False,0.6299920082092285,0.7809174060821533,-0.5048648118972778,0.6436301469802856,-0.7798808813095093,-0.5048648118972778,0.5360169410705566,-0.7808212041854858,-0.5048648118972778,0.5223788022994995,0.7799770832061768,-0.5048648118972778
6485,576910176,29,10,0.6013707895047968,0.0,0.0,0,False,-1.1276098489761353,-0.48133358359336853,-0.5048648118972778,0.779472827911377,-0.46466922760009766,-0.5048648118972778,0.7822280526161194,-0.7799805998802185,-0.5048648118972778,-1.124854564666748,-0.7966449856758118,-0.5048648118972778
6485,677067936,30,0,1.7144808695207796,0.6856867671012878,0.0,1,True,4.000999927520752,0.0,0.0,-0.9997124671936035,0.023979997262358665,0.0,-0.9997124671936035,0.023979997262358665,-0.6856867671012878,-0.9997124671936035,0.023979997262358665,-0.6856867671012878
6485,677067936,30,1,0.1865776287005012,0.0,0.0,0,False,0.8135615587234497,0.7791949510574341,-0.642608642578125,0.7822162508964539,-0.5275717973709106,-0.642608642578125,0.6395202875137329,-0.5241490006446838,-0.642608642578125,0.6708655953407288,0.7826177477836609,-0.642608642578125
6485,677067936,30,2,0.17873065160691226,0.0,0.0,0,False,0.6522005796432495,0.7805468440055847,-0.5783101320266724,0.6273021697998047,-0.25745391845703125,-0.5783101320266724,0.4552137851715088,-0.25332605838775635,-0.5783101320266724,0.4801121950149536,0.7846747040748596,-0.5783101320266724
6485,677067936,30,3,0.5240364726318063,0.0,0.0,0,False,0.8096408843994141,-0.6703140139579773,-0.7556867599487305,0.8446166515350342,0.7878049612045288,-0.7556867599487305,1.2038021087646484,0.7791892290115356,-0.7556867599487305,1.1688263416290283,-0.6789297461509705,-0.7556867599487305
6485,677067936,30,4,0.5012762768158074,0.0,0.0,0,False,-1.1643505096435547,-0.4844781458377838,-0.5085231065750122,0.5311130881309509,-0.5251466035842896,-0.5085231065750122,0.5240253806114197,-0.8206339478492737,-0.5085231065750122,-1.1714383363723755,-0.7799654603004456,-0.5085231065750122
6485,677067936,30,5,2.5769739342492386,0.0,0.0,0,False,0.4793579876422882,0.7785761952400208,-0.5085231065750122,0.4410456418991089,-0.8186439275741577,-0.5085231065750122,-1.171438455581665,-0.7799654603004456,-0.5085231065750122,-1.133126139640808,0.8172546625137329,-0.5085231065750122
6485,677067936,30,6,0.9568431653692802,0.0,0.0,0,False,-1.1579090356826782,-0.2159351408481598,-0.5085231065750122,0.5375546216964722,-0.25660398602485657,-0.5085231065750122,0.5240253210067749,-0.8206343054771423,-0.5085231065750122,-1.171438455581665,-0.7799654603004456,-0.5085231065750122
6485,677067936,30,7,0.26408002122015617,0.0,0.0,0,False,-1.167704463005066,-0.6242982149124146,-0.5085231065750122,0.527759313583374,-0.6649670600891113,-0.5085231065750122,0.5240253210067749,-0.8206343054771423,-0.5085231065750122,-1.1714383363723755,-0.7799654603004456,-0.5085231065750122
6485,776912738,31,0,1.4215713121146345,0.71065753698349,3.469446951953614e-18,1,True,3.000999927520752,0.0,0.0,-0.9996283054351807,0.027263524010777473,0.0,-0.9996283054351807,0.027263524010777473,-0.71065753698349,-0.9996283054351807,0.027263524010777473,-0.71065753698349
6485,776912738,31,1,0.05690155834332167,0.0,0.0,0,False,0.4751278758049011,-0.253639817237854,-0.5625897645950317,0.49478375911712646,0.4670514762401581,-0.5625897645950317,0.5736792087554932,0.4648997187614441,-0.5625897645950317,0.5540233254432678,-0.255791574716568,-0.5625897645950317
6485,776912738,31,2,0.06916697534253968,0.0,0.0,0,False,0.7706310153007507,0.0764828473329544,-0.6814121603965759,0.7898446321487427,0.7809588313102722,-0.6814121603965759,0.8879538178443909,0.7782829999923706,-0.6814121603965759,0.8687402009963989,0.07380705326795578,-0.6814121603965759
6485,776912738,31,3,0.4988574712095968,0.0,0.0,0,False,0.8489765524864197,-0.695835530757904,-0.7806575298309326,0.889436662197113,0.7876519560813904,-0.7806575298309326,1.225460171699524,0.7784873843193054,-0.7806575298309326,1.1850000619888306,-0.705000102519989,-0.7806575298309326
6485,776912738,31,4,2.613665681157979,0.0,0.0,0,False,0.5018032193183899,0.779405415058136,-0.504715621471405,0.4580949544906616,-0.8231768012046814,-0.504715621471405,-1.1716017723083496,-0.7787290215492249,-0.504715621471405,-1.1278934478759766,0.8238531947135925,-0.504715621471405
6485,776912738,31,5,1.0234696101818033,0.0,0.0,0,False,-1.1561082601547241,-0.21065117418766022,-0.504715621471405,0.6441890001296997,-0.25975164771080017,-0.504715621471405,0.6286954879760742,-0.8278294205665588,-0.504715621471405,-1.1716017723083496,-0.7787289619445801,-0.504715621471405
6485,776912738,31,6,0.5734467788164057,0.0,0.0,0,False,0.6732942461967468,0.4624550938606262,-0.504715621471405,-1.1323174238204956,0.5117005109786987,-0.504715621471405,-1.123661994934082,0.8290558457374573,-0.504715621471405,0.6819496154785156,0.7798104882240295,-0.504715621471405
6485,876999040,32,0,1.3598064717675837,0.6801218390464783,0.0,1,True,3.000999927520752,0.0,0.0,-0.9969536662101746,-0.07799583673477173,0.0,-0.9969536662101746,-0.07799583673477173,-0.6801218390464783,-0.9969536662101746,-0.07799583673477173,-0.6801218390464783
6485,876999040,32,1,0.051924192174438666,0.0,0.0,0,False,0.7885487675666809,0.7959244251251221,-0.6634283065795898,0.8366637229919434,0.18091250956058502,-0.6634283065795898,0.7527493834495544,0.17434753477573395,-0.6634283065795898,0.704634428024292,0.789359450340271,-0.6634283065795898
6485,876999040,32,2,0.25852132093223146,0.0,0.0,0,False,0.6356493830680847,0.7921770811080933,-0.5862600803375244,0.7289791107177734,-0.4007769823074341,-0.5862600803375244,0.5135905742645264,-0.4176277220249176,-0.5862600803375244,0.42026081681251526,0.7753263115882874,-0.5862600803375244
6485,876999040,32,3,0.5950373803492752,0.0,0.0,0,False,0.9169095158576965,-0.7998002767562866,-0.7501218318939209,0.7933253645896912,0.7798689603805542,-0.7501218318939209,1.1677186489105225,0.8091593384742737,-0.7501218318939209,1.2913028001785278,-0.7705098986625671,-0.7501218318939209
6485,876999040,32,4,0.20407404557004227,0.0,0.0,0,False,0.4203170835971832,0.7759469747543335,-0.5077261924743652,-1.1681748628616333,0.6516724824905396,-0.5077261924743652,-1.1781646013259888,0.7793612480163574,-0.5077261924743652,0.4103274643421173,0.9036357402801514,-0.5077261924743652
6485,876999040,32,5,2.719849805712043,0.0,0.0,0,False,0.40971505641937256,0.9035876989364624,-0.5077261924743652,0.5413292050361633,-0.7787224650382996,-0.5077261924743652,-1.0655707120895386,-0.9044368863105774,-0.5077261924743652,-1.1971848011016846,0.7778732776641846,-0.5077261924743652
6485,876999040,32,6,0.6023209569405985,0.0,0.0,0,False,-1.0937345027923584,-0.5444441437721252,-0.5077261924743652,0.5532262325286865,-0.4155955910682678,-0.5077261924743652,0.5816637277603149,-0.7790874242782593,-0.5077261924743652,-1.06529700756073,-0.9079360365867615,-0.5077261924743652
6485,976883508,33,0,1.3959190464559692,0.6982383131980896,0.0,1,True,3.000999927520752,0.0,0.0,-0.9965386986732483,-0.08313027769327164,0.0,-0.9965386986732483,-0.08313027769327164,-0.6982383131980896,-0.9965386986732483,-0.08313027769327164,-0.6982383131980896
6485,976883508,33,1,0.09869785788581115,0.0,0.0,0,False,0.6900564432144165,-0.016231155022978783,-0.5734354257583618,0.7350000143051147,-0.5550000667572021,-0.5734354257583618,0.5530745387077332,-0.5701761245727539,-0.5734354257583618,0.5081309676170349,-0.0314071960747242,-0.5734354257583618
6485,976883508,33,2,0.4346851816397894,0.0,0.0,0,False,1.1395854949951172,0.7837192416191101,-0.7682383060455322,1.269234538078308,-0.7704706788063049,-0.7682383060455322,0.9914813041687012,-0.7936405539512634,-0.7682383060455322,0.861832320690155,0.7605493664741516,-0.7682383060455322
6485,976883508,33,3,1.7844639137612046,0.0,0.0,0,False,0.7806768417358398,-0.007374143693596125,-0.5052334666252136,-1.099989891052246,-0.1642574816942215,-0.5052334666252136,-1.1785948276519775,0.7780317664146423,-0.5052334666252136,0.702072024345398,0.9349151253700256,-0.5052334666252136
6485,976883508,33,4,2.738912764089519,0.0,0.0,0,False,0.42884477972984314,0.9121227264404297,-0.5052334666252136,0.5699999928474426,-0.7800000309944153,-0.5052334666252136,-1.0374395847320557,-0.9140910506248474,-0.5052334666252136,-1.1785948276519775,0.7780317068099976,-0.5052334666252136
6485,976883508,33,5,0.42670705319219593,0.0,0.0,0,False,-1.0264127254486084,-0.703125,-0.5052334666252136,0.8182634115219116,-0.5492438077926636,-0.5052334666252136,0.8374264240264893,-0.7789633870124817,-0.5052334666252136,-1.0072497129440308,-0.9328445792198181,-0.5052334666252136
6486,76876768,34,0,1.0418271128618997,0.6943203806877136,4.336808689942018e-19,1,True,2.000999927520752,0.0,0.0,-0.9999974370002747,0.0022643781267106533,0.0,-0.9999974370002747,0.0022643781267106533,-0.6943203806877136,-0.9999974370002747,0.0022643781267106533,-0.6943203806877136
6486,76876768,34,1,0.19698465683948552,0.0,0.0,0,False,0.6734046339988708,-0.7795887589454651,-0.6615381240844727,0.6756800413131714,0.22533810138702393,-0.6615381240844727,0.8716979622840881,0.22489425539970398,-0.6615381240844727,0.8694224953651428,-0.7800326347351074,-0.6615381240844727
6486,76876768,34,2,0.46080536229319335,0.0,0.0,0,False,0.8745142221450806,-0.779534637928009,-0.7643203735351562,0.878046989440918,0.7806611061096191,-0.7643203735351562,1.1733964681625366,0.7799923419952393,-0.7643203735351562,1.1698637008666992,-0.7802034020423889,-0.7643203735351562
6486,76876768,34,3,2.816543447545847,0.0,0.0,0,False,0.6757811307907104,0.7799981832504272,-0.506043016910553,0.6722397208213806,-0.7840693593025208,-0.506043016910553,-1.1285322904586792,-0.7799919843673706,-0.506043016910553,-1.1249908208847046,0.7840755581855774,-0.506043016910553
6486,76876768,34,4,1.0031331825522507,0.0,0.0,0,False,0.8242769241333008,0.26568809151649475,-0.506043016910553,-1.1261545419692993,0.2701044976711273,-0.506043016910553,-1.1249899864196777,0.7844153046607971,-0.506043016910553,0.8254414796829224,0.7799989581108093,-0.506043016910553
6486,176955487,35,0,0.350662148293362,0.7006237506866455,0.0,1,True,0.0010000000474974513,0.0,0.0,-0.9998668432235718,0.016319913789629936,0.0,-0.9998668432235718,0.016319913789629936,-0.7006237506866455,-0.9998668432235718,0.016319913789629936,-0.7006237506866455
6486,176955487,35,1,0.03739448988001692,0.0,0.0,0,False,0.8400040864944458,-0.11951040476560593,-0.6826509237289429,0.8292143940925598,-0.7805584669113159,-0.6826509237289429,0.7726609706878662,-0.7796353697776794,-0.6826509237289429,0.7834506630897522,-0.11858733743429184,-0.6826509237289429
6486,176955487,35,2,0.4994892081177156,0.0,0.0,0,False,0.8487493395805359,-0.7769598960876465,-0.7706237435340881,0.8742009997367859,0.7823797464370728,-0.7706237435340881,1.1944366693496704,0.7771528363227844,-0.7706237435340881,1.1689850091934204,-0.7821868062019348,-0.7706237435340881
6486,176955487,35,3,2.752288509704627,0.0,0.0,0,False,0.5882179737091064,0.7843544483184814,-0.5069902539253235,0.562222957611084,-0.808273434638977,-0.5069902539253235,-1.1654596328735352,-0.7800740599632263,-0.5069902539253235,-1.1394646167755127,0.8125538229942322,-0.5069902539253235
6486,276961872,36,0,1.409232052392772,0.7044438719749451,0.0,1,True,3.000999927520752,0.0,0.0,-0.9999701380729675,-0.0077298772521317005,0.0,-0.9999701380729675,-0.0077298772521317005,-0.7044438719749451,-0.9999701380729675,-0.0077298772521317005,-0.7044438719749451
6486,276961872,36,1,0.1767321782804263,0.0,0.0,0,False,0.6761612892150879,-0.4202229380607605,-0.6652470231056213,0.6692090630531311,0.4791436195373535,-0.6652470231056213,0.8657047152519226,0.4806625545024872,-0.6652470231056213,0.8726569414138794,-0.41870400309562683,-0.6652470231056213
6486,276961872,36,2,0.4765326113411881,0.0,0.0,0,False,0.8766786456108093,-0.782151460647583,-0.7744438648223877,0.8646167516708374,0.7782191038131714,-0.7744438648223877,1.1699955463409424,0.7805797457695007,-0.7744438648223877,1.182057499885559,-0.7797908782958984,-0.7744438648223877
6486,276961872,36,3,2.837073594912235,0.0,0.0,0,False,0.6655008792877197,0.7938408255577087,-0.505833089351654,0.6776667237281799,-0.7799793481826782,-0.505833089351654,-1.1248924732208252,-0.7939133644104004,-0.505833089351654,-1.1370583772659302,0.7799068093299866,-0.505833089351654
6486,276961872,36,4,0.6858208078585548,0.0,0.0,0,False,-1.127666711807251,-0.4350205957889557,-0.505833089351654,0.7788426876068115,-0.4202830493450165,-0.505833089351654,0.7816232442855835,-0.7799874544143677,-0.505833089351654,-1.124886155128479,-0.7947250008583069,-0.505833089351654
6486,276961872,36,5,0.5985530932284284,0.0,0.0,0,False,0.7818487882614136,0.4808259606361389,-0.505833089351654,-1.1248924732208252,0.46608662605285645,-0.505833089351654,-1.1273189783096313,0.7799820303916931,-0.505833089351654,0.7794223427772522,0.7947213649749756,-0.505833089351654
6486,377063340,37,0,2.0696963916431668,0.6897918581962585,0.0,1,True,5.000999927520752,0.0,0.0,-0.9999163150787354,0.012935832142829895,0.0,-0.9999163150787354,0.012935832142829895,-0.6897918581962585,-0.9999163150787354,0.012935832142829895,-0.6897918581962585
6486,377063340,37,1,0.08657862802924399,0.0,0.0,0,False,0.5153164267539978,-0.3285163342952728,-0.58438640832901,0.5250813364982605,0.42629262804985046,-0.58438640832901,0.6397648453712463,0.42480897903442383,-0.58438640832901,0.6299999356269836,-0.32999998331069946,-0.58438640832901
6486,377063340,37,2,0.2156659956669973,0.0,0.0,0,False,0.710883378982544,-0.47968801856040955,-0.6859754323959351,0.7238930463790894,0.5259199142456055,-0.6859754323959351,0.9383204579353333,0.523145854473114,-0.6859754323959351,0.9253107905387878,-0.482462078332901,-0.6859754323959351
6486,377063340,37,3,0.3870693626740884,0.0,0.0,0,False,0.9222465753555298,-0.7793174386024475,-0.7597918510437012,0.9424577355384827,0.7829437255859375,-0.7597918510437012,1.1901785135269165,0.7797389030456543,-0.7597918510437012,1.1699674129486084,-0.7825222015380859,-0.7597918510437012
6486,377063340,37,4,2.541608737560372,0.0,0.0,0,False,0.5288804173469543,0.7799497246742249,-0.5054475665092468,0.5084335803985596,-0.8005495071411133,-0.5054475665092468,-1.0994023084640503,-0.7797490358352661,-0.5054475665092468,-1.0789555311203003,0.800750195980072,-0.5054475665092468
6486,377063340,37,5,0.8284269619102025,0.0,0.0,0,False,-1.0797314643859863,-0.3092397153377533,-0.5054475665092468,0.6800194382667542,-0.33200544118881226,-0.5054475665092468,0.6739302277565002,-0.8026904463768005,-0.5054475665092468,-1.0858206748962402,-0.7799246907234192,-0.5054475665092468
6486,377063340,37,6,0.5672529086991567,0.0,0.0,0,False,0.6747062802314758,0.4572995603084564,-0.5054475665092468,-1.0831044912338257,0.48004016280174255,-0.5054475665092468,-1.078930377960205,0.8026903867721558,-0.5054475665092468,0.6788803935050964,0.7799497246742249,-0.5054475665092468
6486,377063340,37,7,0.5648658191182729,0.0,0.0,0,False,-1.0797239542007446,-0.4586574137210846,-0.5054475665092468,0.6780868172645569,-0.4813983142375946,-0.5054475665092468,0.6739302277565002,-0.8026907444000244,-0.5054475665092468,-1.0838805437088013,-0.7799498438835144,-0.5054475665092468
6486,377063340,37,8,0.40877958434256456,0.0,0.0,0,False,0.6747062802314758,0.5472992658615112,-0.5054475665092468,-1.0819402933120728,0.5700250864028931,-0.5054475665092468,-1.078930377960205,0.8026906847953796,-0.5054475665092468,0.6777162551879883,0.779964804649353,-0.5054475665092468
6486,476935558,38,0,0.3515521329206913,0.7024039626121521,0.0,1,True,0.0010000000474974513,0.0,0.0,-0.9970036745071411,0.07735423743724823,0.0,-0.9970036745071411,0.07735423743724823,-0.7024039626121521,-0.9970036745071411,0.07735423743724823,-0.7024039626121521
6486,476935558,38,1,0.20054803936953292,0.0,0.0,0,False,0.9225727319717407,0.6755763292312622,-0.6873968839645386,0.8094620108604431,-0.7822858095169067,-0.6873968839645386,0.6727220416069031,-0.7716765999794006,-0.6873968839645386,0.7858327627182007,0.6861855387687683,-0.6873968839645386
6486,476935558,38,2,2.794734573623362,0.0,0.0,0,False,0.5867078900337219,0.839091956615448,-0.504508912563324,0.45132797956466675,-0.9057934284210205,-0.504508912563324,-1.1407604217529297,-0.7822685241699219,-0.504508912563324,-1.0053805112838745,0.9626168608665466,-0.504508912563324
6486,476935558,38,3,0.08878341456672745,0.0,0.0,0,False,0.5134316086769104,-0.7791025042533875,-0.614176332950592,0.5573116540908813,-0.21354131400585175,-0.614176332950592,0.7133551836013794,-0.22564822435379028,-0.614176332950592,0.6694751381874084,-0.7912093997001648,-0.614176332950592
6486,476935558,38,4,0.5352128858934293,0.0,0.0,0,False,0.8117702007293701,-0.7638441920280457,-0.7724039554595947,0.9272843599319458,0.7249953150749207,-0.7724039554595947,1.2846165895462036,0.6972710490226746,-0.7724039554595947,1.169102430343628,-0.7915684580802917,-0.7724039554595947
6486,576890610,39,0,1.401781596196621,0.7007274627685547,0.0,1,True,3.000999927520752,0.0,0.0,-0.9999099373817444,0.013421197421848774,0.0,-0.9999099373817444,0.013421197421848774,-0.7007274627685547,-0.9999099373817444,0.013421197421848774,-0.7007274627685547
6486,576890610,39,1,0.14947800950587675,0.0,0.0,0,False,0.7006446123123169,0.22324644029140472,-0.5968134999275208,0.6871412992477417,-0.7827802300453186,-0.5968134999275208,0.5385855436325073,-0.7807862758636475,-0.5968134999275208,0.5520887970924377,0.22524042427539825,-0.5968134999275208
6486,576890610,39,2,0.557349234352774,0.0,0.0,0,False,0.8131582736968994,-0.7772235870361328,-0.7707274556159973,0.8341206908226013,0.7845083475112915,-0.7707274556159973,1.1909353733062744,0.7797189950942993,-0.7707274556159973,1.1699728965759277,-0.782012939453125,-0.7707274556159973
6486,576890610,39,3,0.041090548492954626,0.0,0.0,0,False,0.7167792320251465,0.030043231323361397,-0.6737801432609558,0.7220319509506226,0.4213820993900299,-0.6737801432609558,0.8270129561424255,0.4199729859828949,-0.6737801432609558,0.8217602372169495,0.02863413468003273,-0.6737801432609558
6486,576890610,39,4,0.8796940375523459,0.0,0.0,0,False,0.5682964324951172,0.2480771243572235,-0.5080289840698242,-1.0854324102401733,0.27027422189712524,-0.5080289840698242,-1.0782936811447144,0.8021241426467896,-0.5080289840698242,0.5754351615905762,0.7799270749092102,-0.5080289840698242
6486,576890610,39,5,2.5624329384772917,0.0,0.0,0,False,0.5419090986251831,0.7797729969024658,-0.5080289840698242,0.5206848978996277,-0.8014849424362183,-0.5080289840698242,-1.099526047706604,-0.7797378897666931,-0.5080289840698242,-1.0783017873764038,0.801520049571991,-0.5080289840698242
6486,576890610,39,6,0.5322902143462187,0.0,0.0,0,False,0.5697028040885925,0.45785677433013916,-0.5080289840698242,-1.082616925239563,0.48003512620925903,-0.5080289840698242,-1.0782936811447144,0.8021243214607239,-0.5080289840698242,0.5740260481834412,0.779945969581604,-0.5080289840698242
6486,676971662,40,0,1.3688484054868886,0.6842769384384155,0.0,1,True,3.000999927520752,0.0,0.0,-0.9998145699501038,-0.01925792545080185,0.0,-0.9998145699501038,-0.01925792545080185,-0.6842769384384155,-0.9998145699501038,-0.01925792545080185,-0.6842769384384155
6486,676971662,40,1,0.06286189178197388,0.0,0.0,0,False,0.5849888920783997,0.4052886962890625,-0.5707478523254395,0.597119152545929,-0.2244776338338852,-0.5707478523254395,0.49733835458755493,-0.22639957070350647,-0.5707478523254395,0.485208123922348,0.4033667743206024,-0.5707478523254395
6486,676971662,40,2,0.6692982450931417,0.0,0.0,0,False,0.785921037197113,-0.787398099899292,-0.7542769312858582,0.7558282017707825,0.7749115824699402,-0.7542769312858582,1.1840723752975464,0.7831602692604065,-0.7542769312858582,1.214165210723877,-0.7791494131088257,-0.7542769312858582
6486,676971662,40,3,0.7342494502314807,0.0,0.0,0,False,0.6810141205787659,0.4077640175819397,-0.5080499053001404,-1.1229393482208252,0.37301725149154663,-0.5080499053001404,-1.130776286125183,0.7798886895179749,-0.5080499053001404,0.673177182674408,0.8146354556083679,-0.5080499053001404
6486,676971662,40,4,2.5524221714021538,0.0,0.0,0,False,0.47651663422584534,0.8108475804328918,-0.5080499053001404,0.5070930123329163,-0.7765889763832092,-0.5080499053001404,-1.1001999378204346,-0.8075478076934814,-0.5080499053001404,-1.130776286125183,0.7798887491226196,-0.5080499053001404
6486,676971662,40,5,0.9557130817555155,0.0,0.0,0,False,-1.089814305305481,-0.27047795057296753,-0.5080499053001404,0.6685783863067627,-0.23660850524902344,-0.5080499053001404,0.6790434718132019,-0.7799221277236938,-0.5080499053001404,-1.079349160194397,-0.8137915134429932,-0.5080499053001404
6486,776948880,41,0,1.0338274432901955,0.6894893050193787,0.0,1,True,2.000999927520752,0.0,0.0,-0.9967330694198608,0.0807664543390274,0.0,-0.9967330694198608,0.0807664543390274,-0.6894893050193787,-0.9967330694198608,0.0807664543390274,-0.6894893050193787
6486,776948880,41,1,0.30952699417645313,0.0,0.0,0,False,0.5515803098678589,-0.3974301218986511,-0.6532689929008484,0.6485415101051331,0.7991604804992676,-0.6532689929008484,0.90552818775177,0.7783365249633789,-0.6532689929008484,0.8085670471191406,-0.4182540774345398,-0.6532689929008484
6486,776948880,41,2,0.6061538700465618,0.0,0.0,0,False,0.7803210616111755,-0.7763795852661133,-0.7594892978668213,0.9078620672225952,0.7975949048995972,-0.7594892978668213,1.290460228919983,0.7665925025939941,-0.7594892978668213,1.162919282913208,-0.8073819875717163,-0.7594892978668213
6486,776948880,41,3,2.868803545698018,0.0,0.0,0,False,0.6464388370513916,0.7786678075790405,-0.5054469704627991,0.5091129541397095,-0.9160605072975159,-0.5054469704627991,-1.1726254224777222,-0.7797872424125671,-0.5054469704627991,-1.03529953956604,0.914941132068634,-0.5054469704627991
6486,776948880,41,4,0.9770849244657684,0.0,0.0,0,False,-1.1280007362365723,-0.26169055700302124,-0.5054469704627991,0.7448402643203735,-0.4134491980075836,-0.5054469704627991,0.7028409838676453,-0.9317586421966553,-0.5054469704627991,-1.1700000762939453,-0.7799999713897705,-0.5054469704627991
6486,876987640,42,0,1.3712541744656552,0.6854577660560608,0.0,1,True,3.000999927520752,0.0,0.0,-0.9999842047691345,-0.005617955233901739,0.0,-0.9999842047691345,-0.005617955233901739,-0.6854577660560608,-0.9999842047691345,-0.005617955233901739,-0.6854577660560608
6486,876987640,42,1,0.06652393662961842,0.0,0.0,0,False,0.6305069923400879,-0.42024996876716614,-0.6297321915626526,0.6257889270782471,0.4195549786090851,-0.6297321915626526,0.7049999833106995,0.42000001668930054,-0.6297321915626526,0.7097180485725403,-0.4198049306869507,-0.6297321915626526
6486,876987640,42,2,0.619590543180081,0.0,0.0,0,False,0.7816929221153259,-0.7813388109207153,-0.7554577589035034,0.7729265689849854,0.7790331840515137,-0.7554577589035034,1.1699928045272827,0.7812639474868774,-0.7554577589035034,1.1787590980529785,-0.7791080474853516,-0.7554577589035034
6486,876987640,42,3,2.7566260584285267,0.0,0.0,0,False,0.6228693723678589,0.7892296314239502,-0.5091472864151001,0.6316853165626526,-0.7799904942512512,-0.5091472864151001,-1.1249446868896484,-0.7898592948913574,-0.5091472864151001,-1.1337605714797974,0.7793607711791992,-0.5091472864151001
6486,876987640,42,4,0.6783323152425487,0.0,0.0,0,False,-1.126939296722412,-0.4348430931568146,-0.5091472864151001,0.7791803479194641,-0.4241337776184082,-0.5091472864151001,0.7811797261238098,-0.7799933552742004,-0.5091472864151001,-1.1249399185180664,-0.7907026410102844,-0.5091472864151001
6486,876987640,42,5,0.6819046285302868,0.0,0.0,0,False,0.7220197319984436,0.4205169975757599,-0.5091472864151001,-1.1246075630187988,0.4101419448852539,-0.5091472864151001,-1.126682162284851,0.7794005870819092,-0.5091472864151001,0.7199450731277466,0.7897756695747375,-0.5091472864151001
6486,976888150,43,0,1.4105882517437551,0.7051494717597961,0.0,1,True,3.000999927520752,0.0,0.0,-0.9997608661651611,-0.02186809666454792,0.0,-0.9997608661651611,-0.02186809666454792,-0.7051494717597961,-0.9997608661651611,-0.02186809666454792,-0.7051494717597961
6486,976888150,43,1,0.10806638068452745,0.0,0.0,0,False,0.722438395023346,-0.4222433865070343,-0.6702084541320801,0.7027402520179749,0.47831007838249207,-0.6702084541320801,0.8226828575134277,0.48093360662460327,-0.6702084541320801,0.842380940914154,-0.4196198582649231,-0.6702084541320801
6486,976888150,43,2,0.5127154311185667,0.0,0.0,0,False,0.8756969571113586,-0.7854530811309814,-0.7751494646072388,0.8415622711181641,0.7751126885414124,-0.7751494646072388,1.1699497699737549,0.7822956442832947,-0.7751494646072388,1.2040843963623047,-0.7782701253890991,-0.7751494646072388
6486,976888150,43,3,0.2318183070569635,0.0,0.0,0,False,0.7025759816169739,0.46658751368522644,-0.5980445742607117,0.7298168540000916,-0.778800904750824,-0.5980445742607117,0.5437644720077515,-0.7828705310821533,-0.5980445742607117,0.5165236592292786,0.4625179171562195,-0.5980445742607117
6486,976888150,43,4,0.5831361226540004,0.0,0.0,0,False,0.5752039551734924,0.48208239674568176,-0.5042902231216431,-1.164947748184204,0.44401973485946655,-0.5042902231216431,-1.172274112701416,0.778965950012207,-0.5042902231216431,0.5678776502609253,0.8170286417007446,-0.5042902231216431
6486,976888150,43,5,0.6003522916250397,0.0,0.0,0,False,0.5754203200340271,0.47219395637512207,-0.5042902231216431,-1.1647313833236694,0.4341309666633606,-0.5042902231216431,-1.172274112701416,0.778965950012207,-0.5042902231216431,0.5678776502609253,0.8170289397239685,-0.5042902231216431
6486,976888150,43,6,2.6650912175429866,0.0,0.0,0,False,0.5009269118309021,0.8155644536018372,-0.5042902231216431,0.5357503890991211,-0.7764838337898254,-0.5042902231216431,-1.1374505758285522,-0.8130823373794556,-0.5042902231216431,-1.172274112701416,0.7789658904075623,-0.5042902231216431
6487,76988160,44,0,2.0559514432603554,0.6852187514305115,0.0,1,True,5.000999927520752,0.0,0.0,-0.9998340010643005,-0.018220575526356697,0.0,-0.9998340010643005,-0.018220575526356697,-0.6852187514305115,-0.9998340010643005,-0.018220575526356697,-0.6852187514305115
6487,76988160,44,1,0.06054958667737509,0.0,0.0,0,False,0.6398623585700989,-0.466187059879303,-0.6263697147369385,0.6239931583404541,0.40461719036102295,-0.6263697147369385,0.6935030221939087,0.40588390827178955,-0.6263697147369385,0.7093722224235535,-0.4649203419685364,-0.6263697147369385
6487,76988160,44,2,0.08578202410965297,0.0,0.0,0,False,0.8672375082969666,0.48158979415893555,-0.6874681711196899,0.880915641784668,-0.268981009721756,-0.6874681711196899,0.7666645050048828,-0.27106308937072754,-0.6874681711196899,0.7529864311218262,0.479507714509964,-0.6874681711196899
6487,76988160,44,3,0.47908083018115377,0.0,0.0,0,False,0.8919557332992554,-0.7847935557365417,-0.7552187442779541,0.8634765148162842,0.777967631816864,-0.7552187442779541,1.1699352264404297,0.7835524082183838,-0.7552187442779541,1.1984144449234009,-0.779208779335022,-0.7552187442779541
6487,76988160,44,4,2.7269412728821614,0.0,0.0,0,False,0.6064781546592712,0.8107336759567261,-0.5086323022842407,0.6354652643203735,-0.7799003720283508,-0.5086323022842407,-1.0783393383026123,-0.8111321330070496,-0.5086323022842407,-1.1073263883590698,0.7795019745826721,-0.5086323022842407
6487,76988160,44,5,0.5928975530502791,0.0,0.0,0,False,-1.0839390754699707,-0.5038535594940186,-0.5086323022842407,0.8228879570960999,-0.4691043794155121,-0.5086323022842407,0.8285524249076843,-0.7799352407455444,-0.5086323022842407,-1.0782746076583862,-0.8146844506263733,-0.5086323022842407
6487,76988160,44,6,0.7329448209698821,0.0,0.0,0,False,0.7268003821372986,0.4068329632282257,-0.5086323022842407,-1.0780673027038574,0.3739418089389801,-0.5086323022842407,-1.0854653120040894,0.7799003720283508,-0.5086323022842407,0.7194023728370667,0.8127915263175964,-0.5086323022842407
6487,76988160,44,7,0.6336684985152798,0.0,0.0,0,False,0.8293223977088928,0.4828123450279236,-0.5086323022842407,-1.0794174671173096,0.44802799820899963,-0.5086323022842407,-1.085465431213379,0.7799004316329956,-0.5086323022842407,0.8232744932174683,0.8146847486495972,-0.5086323022842407
6487,76988160,44,8,0.027879615729837326,0.0,0.0,0,False,0.7153545618057251,-0.5250846743583679,-0.5086323022842407,0.8238720893859863,-0.52310711145401,-0.5086323022842407,0.8285524249076843,-0.7799353003501892,-0.5086323022842407,0.7200348973274231,-0.7819128632545471,-0.5086323022842407
6487,176919295,45,0,0.34784286966469347,0.6949909925460815,3.469446951953614e-18,1,True,0.0010000000474974513,0.0,0.0,-0.9996419548988342,-0.026757700368762016,0.0,-0.9996419548988342,-0.026757700368762016,-0.6949909925460815,-0.9996419548988342,-0.026757700368762016,-0.6949909925460815
6487,176919295,45,1,0.17441528089783942,0.0,0.0,0,False,0.9413936734199524,-0.025679996237158775,-0.689215898513794,0.9616263508796692,-0.7815625667572021,-0.689215898513794,0.7310476303100586,-0.7877343893051147,-0.689215898513794,0.7108150124549866,-0.031851865351200104,-0.689215898513794
6487,176919295,45,2,2.6511279899476605,0.0,0.0,0,False,-1.0773533582687378,-0.8188756108283997,-0.5035844445228577,-1.1201221942901611,0.7789260745048523,-0.5035844445228577,0.5379245281219482,0.8233075141906738,-0.5035844445228577,0.5806933641433716,-0.7744941711425781,-0.5035844445228577
6487,176919295,45,3,0.36255975395445716,0.0,0.0,0,False,0.9593532681465149,-0.6766233444213867,-0.7649909853935242,0.9204781651496887,0.7757301330566406,-0.7649909853935242,1.1699354648590088,0.7824073433876038,-0.7649909853935242,1.208810567855835,-0.6699461340904236,-0.7649909853935242
6487,276941139,46,0,0.6939814915897388,0.6936408877372742,0.0,1,True,1.0010000467300415,0.0,0.0,-0.9999640583992004,-0.00848035141825676,0.0,-0.9999640583992004,-0.00848035141825676,-0.6936408877372742,-0.9999640583992004,-0.00848035141825676,-0.6936408877372742
6487,276941139,46,1,0.17590772480428996,0.0,0.0,0,False,0.8894819021224976,0.5651228427886963,-0.685639500617981,0.9008871912956238,-0.7797380685806274,-0.685639500617981,0.7700966596603394,-0.7808473110198975,-0.685639500617981,0.7586913704872131,0.5640136003494263,-0.685639500617981
6487,276941139,46,2,0.4472077627774116,0.0,0.0,0,False,0.4809109568595886,-0.7824093103408813,-0.5912718176841736,0.46766260266304016,0.779768168926239,-0.5912718176841736,0.7539140582084656,0.7821958065032959,-0.5912718176841736,0.7671624422073364,-0.7799816727638245,-0.5912718176841736
6487,276941139,46,3,0.3832979297306025,0.0,0.0,0,False,0.9188311696052551,-0.7817484736442566,-0.7636408805847168,0.9064959287643433,0.67276531457901,-0.7636408805847168,1.1700000762939453,0.6749999523162842,-0.7636408805847168,1.1823352575302124,-0.7795137763023376,-0.7636408805847168
6487,276941139,46,4,2.5218639375924834,0.0,0.0,0,False,0.4648856818675995,0.793483316898346,-0.5033681392669678,0.4782257378101349,-0.7795062065124512,-0.5033681392669678,-1.1248888969421387,-0.7931017279624939,-0.5033681392669678,-1.1382290124893188,0.7798877954483032,-0.5033681392669678
6487,377067399,47,0,1.3972811247441919,0.6984728574752808,1.734723475976807e-18,1,True,3.000999927520752,0.0,0.0,-0.9999473094940186,0.010266481898725033,0.0,-0.9999473094940186,0.010266481898725033,-0.6984728574752808,-0.9999473094940186,0.010266481898725033,-0.6984728574752808
6487,377067399,47,1,0.08189628535950888,0.0,0.0,0,False,0.805001437664032,0.4192813038825989,-0.6696580648422241,0.7950016260147095,-0.5546920299530029,-0.6696580648422241,0.7109257578849792,-0.5538288354873657,-0.6696580648422241,0.7209255695343018,0.4201444983482361,-0.6696580648422241
6487,377067399,47,2,0.20580222619231003,0.0,0.0,0,False,0.7213748097419739,0.7799858450889587,-0.5819647312164307,0.7125816345214844,-0.07646390795707703,-0.5819647312164307,0.47231003642082214,-0.07399702072143555,-0.5819647312164307,0.48110324144363403,0.7824527025222778,-0.5819647312164307
6487,377067399,47,3,0.5529255659427363,0.0,0.0,0,False,0.8151494264602661,-0.7794367671012878,-0.7684728503227234,0.8311959505081177,0.7834784984588623,-0.7684728503227234,1.1849370002746582,0.7798466086387634,-0.7684728503227234,1.1688904762268066,-0.7830686569213867,-0.7684728503227234
6487,377067399,47,4,0.38185654558111803,0.0,0.0,0,False,-1.1247148513793945,-0.5422207117080688,-0.5047544836997986,0.48119401931762695,-0.5587083101272583,-0.5047544836997986,0.478753000497818,-0.7964654564857483,-0.5047544836997986,-1.1271557807922363,-0.7799778580665588,-0.5047544836997986
6487,377067399,47,5,2.4579896875769123,0.0,0.0,0,False,0.4349370002746582,0.7798465490341187,-0.5047544836997986,0.4187592566013336,-0.7958498001098633,-0.5047544836997986,-1.1410149335861206,-0.77983558177948,-0.5047544836997986,-1.1248372793197632,0.7958608269691467,-0.5047544836997986
6487,377067399,47,6,1.1596287733653705,0.0,0.0,0,False,-1.1211351156234741,-0.05856102705001831,-0.5047544836997986,0.48615965247154236,-0.07506325095891953,-0.5047544836997986,0.4787529706954956,-0.7964658141136169,-0.5047544836997986,-1.1285418272018433,-0.7799635529518127,-0.5047544836997986
6487,476955367,48,0,1.7722969927261578,0.7087808847427368,0.0,1,True,4.000999927520752,0.0,0.0,-0.9999662041664124,-0.008218176662921906,0.0,-0.9999662041664124,-0.008218176662921906,-0.7087808847427368,-0.9999662041664124,-0.008218176662921906,-0.7087808847427368
6487,476955367,48,1,0.09463418424924797,0.0,0.0,0,False,0.6517857909202576,-0.420683890581131,-0.6384074091911316,0.6431559920310974,0.6293684244155884,-0.6384074091911316,0.7332732081413269,0.6301090717315674,-0.6384074091911316,0.7419030070304871,-0.41994327306747437,-0.6384074091911316
6487,476955367,48,2,0.19868034793842115,0.0,0.0,0,False,0.636728823184967,0.7811647057533264,-0.575183093547821,0.6458628177642822,-0.3302394449710846,-0.575183093547821,0.467109739780426,-0.33170852065086365,-0.575183093547821,0.45797571539878845,0.7796956300735474,-0.575183093547821
6487,476955367,48,3,0.14898638500251504,0.0,0.0,0,False,1.1675283908843994,-0.07428065687417984,-0.7787808775901794,1.1733250617980957,-0.7796028256416321,-0.7787808775901794,0.9621076583862305,-0.7813387513160706,-0.7787808775901794,0.9563109874725342,-0.07601653039455414,-0.7787808775901794
6487,476955367,48,4,0.19823494714593437,0.0,0.0,0,False,0.7800059914588928,-0.4807397127151489,-0.7391875982284546,0.7705082297325134,0.6749219298362732,-0.7391875982284546,0.9420303702354431,0.6763315796852112,-0.7391875982284546,0.9515281319618225,-0.47933006286621094,-0.7391875982284546
6487,476955367,48,5,0.5322219439025622,0.0,0.0,0,False,-1.1274622678756714,-0.4803900420665741,-0.5055593848228455,0.5698885321617126,-0.4664405584335327,-0.5055593848228455,0.5724653601646423,-0.7799797654151917,-0.5055593848228455,-1.1248854398727417,-0.7939292192459106,-0.5055593848228455
6487,476955367,48,6,2.508949999869185,0.0,0.0,0,False,0.4574964940547943,0.7930055856704712,-0.5055593848228455,0.470420777797699,-0.7795856595039368,-0.5055593848228455,-1.1248955726623535,-0.7926966547966003,-0.5055593848228455,-1.1378198862075806,0.7798945903778076,-0.5055593848228455
6487,476955367,48,7,0.7105958322952342,0.0,0.0,0,False,-1.1283241510391235,-0.37552040815353394,-0.5055593848228455,0.5698895454406738,-0.36156371235847473,-0.5055593848228455,0.5733281970024109,-0.7799726724624634,-0.5055593848228455,-1.1248854398727417,-0.793929398059845,-0.5055593848228455
6487,476955367,48,8,0.4557420552897664,0.0,0.0,0,False,-1.1270924806594849,-0.5253869891166687,-0.5055593848228455,0.5698885321617126,-0.5114404559135437,-0.5055593848228455,0.572095513343811,-0.7799828052520752,-0.5055593848228455,-1.1248855590820312,-0.7939293384552002,-0.5055593848228455
6487,576992961,49,0,1.405148205441313,0.7024498581886292,0.0,1,True,3.000999927520752,0.0,0.0,-0.9996101260185242,-0.02792206034064293,0.0,-0.9996101260185242,-0.02792206034064293,-0.7024498581886292,-0.9996101260185242,-0.02792206034064293,-0.7024498581886292
6487,576992961,49,1,0.07293054437810031,0.0,0.0,0,False,0.7105128765106201,-0.5273599624633789,-0.6633323431015015,0.6883118152618408,0.2674388587474823,-0.6633323431015015,0.7800000309944153,0.26999998092651367,-0.6633323431015015,0.8022010922431946,-0.5247988104820251,-0.6633323431015015
6487,576992961,49,2,0.5814149725040636,0.0,0.0,0,False,0.8423993587493896,-0.7878939509391785,-0.7724498510360718,0.7986706495285034,0.7775885462760925,-0.7724498510360718,1.169777750968933,0.7879547476768494,-0.7724498510360718,1.2135064601898193,-0.7775277495384216,-0.7724498510360718
6487,576992961,49,3,2.9743399426835495,0.0,0.0,0,False,0.6718869805335999,0.8314493894577026,-0.5083080530166626,0.7168667912483215,-0.7788305282592773,-0.5083080530166626,-1.1287881135940552,-0.8303850889205933,-0.5083080530166626,-1.1737679243087769,0.7798948287963867,-0.5083080530166626
6487,576992961,49,4,0.46586936985094773,0.0,0.0,0,False,-1.1305923461914062,-0.5797931551933289,-0.5083080530166626,0.7188305258750916,-0.5281327366828918,-0.5083080530166626,0.7258614301681519,-0.7798361778259277,-0.5083080530166626,-1.1235613822937012,-0.8314966559410095,-0.5083080530166626
6487,576992961,49,5,1.0407484448532989,0.0,0.0,0,False,0.6892861723899841,0.2685554623603821,-0.5083080530166626,-1.158043384552002,0.2169540822505951,-0.5083080530166626,-1.1737679243087769,0.7798948287963867,-0.5083080530166626,0.6735615730285645,0.8314961791038513,-0.5083080530166626
6487,677082762,50,0,1.4188229488345587,0.7092780470848083,3.469446951953614e-18,1,True,3.000999927520752,0.0,0.0,-0.9996700882911682,-0.025685368105769157,0.0,-0.9996700882911682,-0.025685368105769157,-0.7092780470848083,-0.9996700882911682,-0.025685368105769157,-0.7092780470848083
6487,677082762,50,1,0.23637077383977712,0.0,0.0,0,False,0.9067609906196594,0.7828715443611145,-0.694231390953064,0.9450099468231201,-0.7057705521583557,-0.694231390953064,0.7863318920135498,-0.7098475694656372,-0.694231390953064,0.7480829358100891,0.778794527053833,-0.694231390953064
6487,677082762,50,2,0.21568388258567373,0.0,0.0,0,False,0.6790531277656555,0.4840764105319977,-0.5890697240829468,0.7050197720527649,-0.5265411138534546,-0.5890697240829468,0.49174267053604126,-0.5320209860801697,-0.5890697240829468,0.4657759964466095,0.4785965085029602,-0.5890697240829468
6487,677082762,50,3,0.3776885850783245,0.0,0.0,0,False,0.9467200040817261,-0.6807369589805603,-0.779278039932251,0.9092907905578613,0.7759991884231567,-0.779278039932251,1.168390154838562,0.7826564311981201,-0.779278039932251,1.2058193683624268,-0.6740797162055969,-0.779278039932251
6487,677082762,50,4,0.6164527229704291,0.0,0.0,0,False,0.682574450969696,0.48520490527153015,-0.5063497424125671,-1.12394118309021,0.43878865242004395,-0.5063497424125671,-1.132703185081482,0.7798020243644714,-0.5063497424125671,0.6738125085830688,0.82621830701828,-0.5063497424125671
6487,677082762,50,5,2.5393066814092613,0.0,0.0,0,False,0.4519804120063782,0.8205187916755676,-0.5063497424125671,0.4930952787399292,-0.7796635031700134,-0.5063497424125671,-1.0927436351776123,-0.8204098343849182,-0.5063497424125671,-1.133858561515808,0.7797724604606628,-0.5063497424125671
6487,677082762,50,6,0.4570670045177252,0.0,0.0,0,False,-1.0853228569030762,-0.5728346109390259,-0.5063497424125671,0.7173411846160889,-0.5265175104141235,-0.5063497424125671,0.7238515615463257,-0.7799010872840881,-0.5063497424125671,-1.0788124799728394,-0.8262181878089905,-0.5063497424125671
6487,777091772,51,0,0.34575110033867223,0.6908116340637207,0.0,1,True,0.0010000000474974513,0.0,0.0,-0.9996306896209717,-0.02717559225857258,0.0,-0.9996306896209717,-0.02717559225857258,-0.6908116340637207,-0.9996306896209717,-0.02717559225857258,-0.6908116340637207
6487,777091772,51,1,0.4184147719039082,0.0,0.0,0,False,0.5864876508712769,-0.531484067440033,-0.6411977410316467,0.5508483052253723,0.7794793844223022,-0.6411977410316467,0.8697784543037415,0.7881496548652649,-0.6411977410316467,0.905417799949646,-0.5228137969970703,-0.6411977410316467
6487,777091772,51,2,2.7487955039716585,0.0,0.0,0,False,-1.129189133644104,-0.8261935710906982,-0.5041625499725342,-1.1728523969650269,0.7799224853515625,-0.5041625499725342,0.5373387336730957,0.8264151215553284,-0.5041625499725342,0.5810020565986633,-0.7797009348869324,-0.5041625499725342
6487,777091772,51,3,0.43814837718375976,0.0,0.0,0,False,0.9317739605903625,-0.7852529883384705,-0.7608116269111633,0.8893514275550842,0.7752248644828796,-0.7608116269111633,1.1699223518371582,0.7828523516654968,-0.7608116269111633,1.212345004081726,-0.7776254415512085,-0.7608116269111633
6487,876898366,52,0,0.3479130335251439,0.6951309442520142,0.0,1,True,0.0010000000474974513,0.0,0.0,-0.9999949932098389,0.003162279725074768,0.0,-0.9999949932098389,0.003162279725074768,-0.6951309442520142,-0.9999949932098389,0.003162279725074768,-0.6951309442520142
6487,876898366,52,1,0.0943579789902742,0.0,0.0,0,False,0.857703447341919,0.5248965620994568,-0.6913089752197266,0.8543827533721924,-0.5251877903938293,-0.6913089752197266,0.7645261287689209,-0.5249036550521851,-0.6913089752197266,0.7678468227386475,0.5251806974411011,-0.6913089752197266
6487,876898366,52,2,2.5890296950038874,0.0,0.0,0,False,-1.1299331188201904,-0.7799842953681946,-0.5037772059440613,-1.1249840259552002,0.785075306892395,-0.5037772059440613,0.5292685031890869,0.7798441052436829,-0.5037772059440613,0.5243194103240967,-0.7852154970169067,-0.5037772059440613
6487,876898366,52,3,0.4518401306998392,0.0,0.0,0,False,0.865541934967041,-0.7797485589981079,-0.7651309370994568,0.8702402114868164,0.7059479355812073,-0.7651309370994568,1.1743639707565308,0.7049862146377563,-0.7651309370994568,1.1696656942367554,-0.7807103395462036,-0.7651309370994568
6487,976945876,53,0,1.0449256472495119,0.6963855028152466,0.0,1,True,2.000999927520752,0.0,0.0,-0.9999966621398926,-0.002585252746939659,0.0,-0.9999966621398926,-0.002585252746939659,-0.6963855028152466,-0.9999966621398926,-0.002585252746939659,-0.6963855028152466
6487,976945876,53,1,0.10755940189344892,0.0,0.0,0,False,0.8984482884407043,0.6751898527145386,-0.6991084814071655,0.9007752537727356,-0.22492043673992157,-0.6991084814071655,0.7812802791595459,-0.22522936761379242,-0.6991084814071655,0.7789532542228699,0.6748809218406677,-0.6991084814071655
6487,976945876,53,2,0.24346433280814583,0.0,0.0,0,False,0.689843475818634,0.7804260849952698,-0.5818603038787842,0.6928302049636841,-0.37487635016441345,-0.5818603038787842,0.4820951819419861,-0.3754211664199829,-0.5818603038787842,0.47910842299461365,0.7798812985420227,-0.5818603038787842
6487,976945876,53,3,0.37908346258161885,0.0,0.0,0,False,1.169999361038208,0.7802326083183289,-0.7663854956626892,1.1740326881408691,-0.7798731923103333,-0.7663854956626892,0.931048572063446,-0.7805013656616211,-0.7663854956626892,0.9270152449607849,0.779604434967041,-0.7663854956626892
6487,976945876,53,4,2.585620708501291,0.0,0.0,0,False,0.4790198504924774,0.784146785736084,-0.5077943801879883,0.48306354880332947,-0.7799920439720154,-0.5077943801879883,-1.1699888706207275,-0.7842655777931213,-0.5077943801879883,-1.1740325689315796,0.7798731923103333,-0.5077943801879883
6487,976945876,53,5,0.6175678763045056,0.0,0.0,0,False,-1.1709301471710205,-0.4202350974082947,-0.5077943801879883,0.5249892473220825,-0.4158506393432617,-0.5077943801879883,0.525930643081665,-0.7799975275993347,-0.5077943801879883,-1.1699886322021484,-0.7843819856643677,-0.5077943801879883
6488,76972386,54,0,0.9955857380382066,0.6635043621063232,0.0,1,True,2.000999927520752,0.0,0.0,-0.9999885559082031,-0.00478080939501524,0.0,-0.9999885559082031,-0.00478080939501524,-0.6635043621063232,-0.9999885559082031,-0.00478080939501524,-0.6635043621063232
6488,76972386,54,1,0.10677095831065486,0.0,0.0,0,False,0.5824166536331177,0.12027451395988464,-0.5674523115158081,0.5867193341255188,-0.7797048687934875,-0.5674523115158081,0.4680849313735962,-0.7802720665931702,-0.5674523115158081,0.46378225088119507,0.11970733851194382,-0.5674523115158081
6488,76972386,54,2,0.8547992949280392,0.0,0.0,0,False,1.1699930429458618,0.781434178352356,-0.7335043549537659,1.1774579286575317,-0.7799643278121948,-0.7335043549537659,0.6300129890441895,-0.7825815677642822,-0.7335043549537659,0.6225480437278748,0.7788169384002686,-0.7335043549537659
6488,76972386,54,3,1.1321512943714742,0.0,0.0,0,False,0.5731518268585205,0.12073220312595367,-0.5041080117225647,-1.1232435703277588,0.11262195557355881,-0.5041080117225647,-1.1264342069625854,0.7799931168556213,-0.5041080117225647,0.5699612498283386,0.7881034016609192,-0.5041080117225647
6488,76972386,54,4,2.4965832445732783,0.0,0.0,0,False,0.460374116897583,0.787579357624054,-0.5041080117225647,0.4678674340248108,-0.7797711491584778,-0.5041080117225647,-1.1249645948410034,-0.7873862981796265,-0.5041080117225647,-1.132457971572876,0.77996426820755,-0.5041080117225647
6488,176885146,55,0,1.6902351726261153,0.6759787201881409,0.0,1,True,4.000999927520752,0.0,0.0,-0.9998165965080261,0.019152287393808365,0.0,-0.9998165965080261,0.019152287393808365,-0.6759787201881409,-0.9998165965080261,0.019152287393808365,-0.6759787201881409
6488,176885146,55,1,0.08755293191190638,0.0,0.0,0,False,0.6000055074691772,0.40557458996772766,-0.5661919116973877,0.5870580673217773,-0.27032676339149475,-0.5661919116973877,0.45757052302360535,-0.26784631609916687,-0.5661919116973877,0.47051793336868286,0.40805503726005554,-0.5661919116973877
6488,176885146,55,2,0.5951401132954182,0.0,0.0,0,False,0.7479148507118225,-0.6219146847724915,-0.7459787130355835,0.7749143838882446,0.7875680923461914,-0.7459787130355835,1.1969995498657227,0.7794827818870544,-0.7459787130355835,1.1700000762939453,-0.6299999952316284,-0.7459787130355835
6488,176885146,55,3,0.5963119903624565,0.0,0.0,0,False,0.47863101959228516,0.4085327088832855,-0.5033207535743713,-1.131524920463562,0.4393766522407532,-0.5033207535743713,-1.1244332790374756,0.8095850348472595,-0.5033207535743713,0.48572269082069397,0.7787411212921143,-0.5033207535743713
6488,176885146,55,4,2.559651966920285,0.0,0.0,0,False,0.4756110906600952,0.7789347767829895,-0.5033207535743713,0.4451723098754883,-0.8100778460502625,-0.5033207535743713,-1.1650811433792114,-0.7792322039604187,-0.5033207535743713,-1.1346423625946045,0.8097804188728333,-0.5033207535743713
6488,176885146,55,5,0.8885950487532186,0.0,0.0,0,False,-1.1546977758407593,-0.2371908277273178,-0.5033207535743713,0.48404988646507263,-0.26858246326446533,-0.5033207535743713,0.47366660833358765,-0.8106238842010498,-0.5033207535743713,-1.1650811433792114,-0.7792322039604187,-0.5033207535743713
6488,176885146,55,6,0.30105459433305093,0.0,0.0,0,False,-1.1614428758621216,-0.5893038511276245,-0.5033207535743713,0.42307156324386597,-0.6196562647819519,-0.5033207535743713,0.4194333851337433,-0.8095845580101013,-0.5033207535743713,-1.1650810241699219,-0.7792322039604187,-0.5033207535743713
6488,277041448,56,0,1.3889171300836847,0.6943434476852417,0.0,1,True,3.000999927520752,0.0,0.0,-0.9995510578155518,-0.029960522428154945,0.0,-0.9995510578155518,-0.029960522428154945,-0.6943434476852417,-0.9995510578155518,-0.029960522428154945,-0.6943434476852417
6488,277041448,56,1,0.3030850412786119,0.0,0.0,0,False,0.9080304503440857,0.557488739490509,-0.6834317445755005,0.9481443762779236,-0.7808049321174622,-0.6834317445755005,0.7218764424324036,-0.78758704662323,-0.6834317445755005,0.6817624568939209,0.5507066249847412,-0.6834317445755005
6488,277041448,56,2,0.4197788664822042,0.0,0.0,0,False,0.9486327767372131,-0.7866352200508118,-0.7643434405326843,0.9017403721809387,0.7778040766716003,-0.7643434405326843,1.1698249578475952,0.7858396172523499,-0.7643434405326843,1.2167173624038696,-0.7785996794700623,-0.7643434405326843
6488,277041448,56,3,0.23777408546413126,0.0,0.0,0,False,0.6914981007575989,0.17088979482650757,-0.6020042896270752,0.7200000286102295,-0.7799999713897705,-0.6020042896270752,0.47017017006874084,-0.7874883413314819,-0.6020042896270752,0.44166824221611023,0.16340139508247375,-0.6020042896270752
6488,277041448,56,4,0.4952719606536107,0.0,0.0,0,False,0.5751664042472839,0.5476351380348206,-0.5039939284324646,-1.1646193265914917,0.49548715353012085,-0.5039939284324646,-1.1731444597244263,0.7799057364463806,-0.5039939284324646,0.5666412711143494,0.8320537209510803,-0.5039939284324646
6488,277041448,56,5,1.15608063014344,0.0,0.0,0,False,0.5865409970283508,0.16815441846847534,-0.5039939284324646,-1.1532446146011353,0.11600612848997116,-0.5039939284324646,-1.1731443405151367,0.7799056768417358,-0.5039939284324646,0.5666413307189941,0.8320539593696594,-0.5039939284324646
6488,277041448,56,6,2.5589375953760847,0.0,0.0,0,False,0.4185727834701538,0.8276157379150391,-0.5039939284324646,0.4667174518108368,-0.7785996794700623,-0.5039939284324646,-1.1249996423721313,-0.8263098001480103,-0.5039939284324646,-1.1731443405151367,0.7799056768417358,-0.5039939284324646
6488,377015458,57,0,2.162553035885766,0.7207328081130981,0.0,1,True,5.000999927520752,0.0,0.0,-0.9999809265136719,0.006174486596137285,0.0,-0.9999809265136719,0.006174486596137285,-0.7207328081130981,-0.9999809265136719,0.006174486596137285,-0.7207328081130981
6488,377015458,57,1,0.16275927967685888,0.0,0.0,0,False,0.7420381903648376,0.4199565052986145,-0.6218175292015076,0.7346192002296448,-0.7815721035003662,-0.6218175292015076,0.5991641879081726,-0.7807357311248779,-0.6218175292015076,0.6065831780433655,0.42079290747642517,-0.6218175292015076
6488,377015458,57,2,0.24747162521715893,0.0,0.0,0,False,1.011020302772522,-0.7792961597442627,-0.7907328009605408,1.0206539630889893,0.7809220552444458,-0.7907328009605408,1.1792614459991455,0.7799427509307861,-0.7907328009605408,1.1696276664733887,-0.7802754640579224,-0.7907328009605408
6488,377015458,57,3,0.2843045600795566,0.0,0.0,0,False,0.7735174894332886,-0.7798672914505005,-0.7202482223510742,0.7822301387786865,0.6311901807785034,-0.7202482223510742,0.9837057590484619,0.6299461722373962,-0.7202482223510742,0.9749931693077087,-0.7811112999916077,-0.7202482223510742
6488,377015458,57,4,0.04465726738009926,0.0,0.0,0,False,0.601204514503479,0.42017778754234314,-0.5721594095230103,0.5987924933433533,0.02954436093568802,-0.5721594095230103,0.4844767153263092,0.030250215902924538,-0.5721594095230103,0.48688873648643494,0.4208836555480957,-0.5721594095230103
6488,377015458,57,5,0.5749585480630879,0.0,0.0,0,False,0.7196518182754517,0.4686097204685211,-0.5040145516395569,-1.126759648323059,0.48001086711883545,-0.5040145516395569,-1.124837040901184,0.7913914322853088,-0.5040145516395569,0.7215744853019714,0.7799902558326721,-0.5040145516395569
6488,377015458,57,6,0.21479959161268702,0.0,0.0,0,False,0.7199296355247498,0.6636085510253906,-0.5040145516395569,-1.1255557537078857,0.6750034689903259,-0.5040145516395569,-1.124837040901184,0.7913909554481506,-0.5040145516395569,0.7206482887268066,0.7799960374832153,-0.5040145516395569
6488,377015458,57,7,0.5267662588066511,0.0,0.0,0,False,0.5699353218078613,0.4695342779159546,-0.5040145516395569,-1.1267597675323486,0.48001089692115784,-0.5040145516395569,-1.1248427629470825,0.7904651165008545,-0.5040145516395569,0.5718523263931274,0.7799885272979736,-0.5040145516395569
6488,377015458,57,8,2.532986533695265,0.0,0.0,0,False,0.4886133074760437,0.7799468040466309,-0.5040145516395569,0.478920042514801,-0.7899035215377808,-0.5040145516395569,-1.1345394849777222,-0.7799410223960876,-0.5040145516395569,-1.1248462200164795,0.789909303188324,-0.5040145516395569
6488,377015458,57,9,1.3887632031163273,0.0,0.0,0,False,-1.1208659410476685,0.039514243602752686,-0.5040145516395569,0.573698878288269,0.029050972312688828,-0.5040145516395569,0.5686387419700623,-0.7904574871063232,-0.5040145516395569,-1.12592613697052,-0.7799942493438721,-0.5040145516395569
6488,477134426,58,0,1.7086952447054555,0.6836856007575989,0.0,1,True,4.000999927520752,0.0,0.0,-0.9968541264533997,-0.07925808429718018,0.0,-0.9968541264533997,-0.07925808429718018,-0.6836856007575989,-0.9968541264533997,-0.07925808429718018,-0.6836856007575989
6488,477134426,58,1,0.18269960777600325,0.0,0.0,0,False,0.8037766814231873,0.485468327999115,-0.679512083530426,0.9051179885864258,-0.7891340255737305,-0.679512083530426,0.762679934501648,-0.8004590272903442,-0.679512083530426,0.6613385677337646,0.4741433262825012,-0.679512083530426
6488,477134426,58,2,0.2377997471167037,0.0,0.0,0,False,0.6833797693252563,0.18424414098262787,-0.5896223783493042,0.75951087474823,-0.773280680179596,-0.5896223783493042,0.5127225518226624,-0.7929023504257202,-0.5896223783493042,0.4365914762020111,0.1646224409341812,-0.5896223783493042
6488,477134426,58,3,0.4920506470953967,0.0,0.0,0,False,0.9101263284683228,-0.8006619811058044,-0.7536855936050415,0.7847055196762085,0.7767961621284485,-0.7536855936050415,1.0946723222732544,0.8014410734176636,-0.7536855936050415,1.2200931310653687,-0.7760171294212341,-0.7536855936050415
6488,477134426,58,4,0.7136175248796417,0.0,0.0,0,False,0.4408757984638214,0.45743852853775024,-0.5043416023254395,-1.1426913738250732,0.33153191208839417,-0.5043416023254395,-1.1782958507537842,0.7793403267860413,-0.5043416023254395,0.40527135133743286,0.905246913433075,-0.5043416023254395
6488,477134426,58,5,1.1730726510852438,0.0,0.0,0,False,0.4637993574142456,0.16912180185317993,-0.5043416023254395,-1.1197677850723267,0.04321518540382385,-0.5043416023254395,-1.1782958507537842,0.7793403267860413,-0.5043416023254395,0.40527135133743286,0.905246913433075,-0.5043416023254395
6488,477134426,58,6,2.654258174298885,0.0,0.0,0,False,0.3748244643211365,0.9028261303901672,-0.5043416023254395,0.5080662369728088,-0.7729979753494263,-0.5043416023254395,-1.0658366680145264,-0.8981361985206604,-0.5043416023254395,-1.1990785598754883,0.7776879072189331,-0.5043416023254395
6488,477134426,58,7,0.24442493624331263,0.0,0.0,0,False,0.3778054714202881,0.7447147965431213,-0.5043416023254395,-1.1657850742340088,0.6219867467880249,-0.5043416023254395,-1.1782959699630737,0.7793403267860413,-0.5043416023254395,0.36529457569122314,0.9020683765411377,-0.5043416023254395
6488,576986811,59,0,1.4368302324376279,0.7183418273925781,0.0,1,True,3.000999927520752,0.0,0.0,-0.9992110133171082,0.039716437458992004,0.0,-0.9992110133171082,0.039716437458992004,-0.7183418273925781,-0.9992110133171082,0.039716437458992004,-0.7183418273925781
6488,576986811,59,1,0.3230687273769135,0.0,0.0,0,False,1.2319087982177734,0.7775392532348633,-0.7883418202400208,1.1697871685028076,-0.7853574752807617,-0.7883418202400208,0.9634016752243042,-0.7771540880203247,-0.7883418202400208,1.0255234241485596,0.7857426404953003,-0.7883418202400208
6488,576986811,59,2,0.2496307118015908,0.0,0.0,0,False,0.7426397800445557,-0.6375528573989868,-0.7118932008743286,0.7865245342254639,0.46652933955192566,-0.7118932008743286,1.0122658014297485,0.4575566351413727,-0.7118932008743286,0.9683811068534851,-0.6465255618095398,-0.7118932008743286
6488,576986811,59,3,0.3261751943263782,0.0,0.0,0,False,0.7820500731468201,0.45895639061927795,-0.6100582480430603,0.7324056029319763,-0.7900325655937195,-0.6100582480430603,0.471666157245636,-0.7796687483787537,-0.6100582480430603,0.5213106274604797,0.4693202078342438,-0.6100582480430603
6488,576986811,59,4,0.48776553405120104,0.0,0.0,0,False,0.5242976546287537,0.47733062505722046,-0.504420816898346,-1.0870997905731201,0.5413800477981567,-0.504420816898346,-1.075087308883667,0.843599796295166,-0.504420816898346,0.5363101959228516,0.7795503735542297,-0.504420816898346
6488,576986811,59,5,0.5002551994214102,0.0,0.0,0,False,0.5239900946617126,0.4695920944213867,-0.504420816898346,-1.0874074697494507,0.5336414575576782,-0.504420816898346,-1.075087308883667,0.843599796295166,-0.504420816898346,0.5363101959228516,0.7795504331588745,-0.504420816898346
6488,576986811,59,6,2.614623240275506,0.0,0.0,0,False,0.5333338379859924,0.7796687483787537,-0.504420816898346,0.4688224792480469,-0.8433508276939392,-0.504420816898346,-1.1395986080169678,-0.7794197201728821,-0.504420816898346,-1.075087308883667,0.8435998558998108,-0.504420816898346
6488,677015655,60,0,1.0304354295996716,0.6867280602455139,0.0,1,True,2.000999927520752,0.0,0.0,-1.0,3.923032636521384e-05,0.0,-1.0,3.923032636521384e-05,-0.6867280602455139,-1.0,3.923032636521384e-05,-0.6867280602455139
6488,677015655,60,1,0.27496445168105765,0.0,0.0,0,False,0.8700553178787231,0.7800000309944153,-0.677821695804596,0.8700000047683716,-0.6300017237663269,-0.677821695804596,0.6749899983406067,-0.6299940943717957,-0.677821695804596,0.6750453114509583,0.7800076603889465,-0.677821695804596
6488,677015655,60,2,0.17009251004672432,0.0,0.0,0,False,0.675014078617096,0.030000030994415283,-0.5989644527435303,0.6749823093414307,-0.7800076007843018,-0.5989644527435303,0.46499353647232056,-0.7799993753433228,-0.5989644527435303,0.46502530574798584,0.030008267611265182,-0.5989644527435303
6488,677015655,60,3,0.46021369450847516,0.0,0.0,0,False,0.8749915361404419,-0.7799901962280273,-0.7567280530929565,0.8750527501106262,0.7800115346908569,-0.7567280530929565,1.1700612306594849,0.7799999713897705,-0.7567280530929565,1.1699999570846558,-0.7800017595291138,-0.7567280530929565
6488,677015655,60,4,1.1797420086314636,0.0,0.0,0,False,0.47999295592308044,0.04496822878718376,-0.5030104517936707,-1.1250288486480713,0.045031189918518066,-0.5030104517936707,-1.125,0.7800629734992981,-0.5030104517936707,0.48002180457115173,0.7799999713897705,-0.5030104517936707
6488,677015655,60,5,2.4805788714594446,0.0,0.0,0,False,0.4650529623031616,0.7799981832504272,-0.5030104517936707,0.4649917483329773,-0.7800623178482056,-0.5030104517936707,-1.125061273574829,-0.7799999117851257,-0.5030104517936707,-1.125,0.7800605893135071,-0.5030104517936707
6488,776996956,61,0,0.34359802177437027,0.6865105032920837,0.0,1,True,0.0010000000474974513,0.0,0.0,-0.998608410358429,-0.052737049758434296,0.0,-0.998608410358429,-0.052737049758434296,-0.6865105032920837,-0.998608410358429,-0.052737049758434296,-0.6865105032920837
6488,776996956,61,1,0.30605313243856713,0.0,0.0,0,False,0.6945429444313049,-0.7900580167770386,-0.6704137921333313,0.6256499886512756,0.5144721865653992,-0.6704137921333313,0.8596054315567017,0.5268274545669556,-0.6704137921333313,0.928498387336731,-0.7777027487754822,-0.6704137921333313
6488,776996956,61,2,0.4821976416576934,0.0,0.0,0,False,1.1698747873306274,0.7823697924613953,-0.7565104961395264,1.2521553039550781,-0.775661289691925,-0.7565104961395264,0.9435243606567383,-0.7919602394104004,-0.7565104961395264,0.8612439036369324,0.7660708427429199,-0.7565104961395264
6488,776996956,61,3,2.6784537174802683,0.0,0.0,0,False,0.47528618574142456,0.8589668273925781,-0.507887601852417,0.5614464282989502,-0.7725300788879395,-0.507887601852417,-1.0757031440734863,-0.8589888215065002,-0.507887601852417,-1.1618633270263672,0.7725080847740173,-0.507887601852417
6488,876898633,62,0,1.7501865341535274,0.6999351978302002,0.0,1,True,4.000999927520752,0.0,0.0,-0.9999949932098389,-0.0031607449054718018,0.0,-0.9999949932098389,-0.0031607449054718018,-0.6999351978302002,-0.9999949932098389,-0.0031607449054718018,-0.6999351978302002
6488,876898633,62,1,0.1421381112390634,0.0,0.0,0,False,0.8849998116493225,0.7799999713897705,-0.6904245615005493,0.8891239762306213,-0.5247973203659058,-0.6904245615005493,0.7801900506019592,-0.5251416563987732,-0.6904245615005493,0.7760658860206604,0.7796556353569031,-0.6904245615005493
6488,876898633,62,2,0.07825496361391959,0.0,0.0,0,False,0.7349989414215088,0.27033179998397827,-0.6458479762077332,0.7373231649398804,-0.4649926722049713,-0.6458479762077332,0.6309018731117249,-0.46532905101776123,-0.6458479762077332,0.6285776495933533,0.26999545097351074,-0.6458479762077332
6488,876898633,62,3,0.4044148105387464,0.0,0.0,0,False,0.9158085584640503,-0.7808035016059875,-0.7699351906776428,0.9108755588531494,0.779892086982727,-0.7699351906776428,1.1699976921081543,0.7807111144065857,-0.7699351906776428,1.1749306917190552,-0.7799844741821289,-0.7699351906776428
6488,876898633,62,4,0.45575672575692927,0.0,0.0,0,False,-1.1257023811340332,-0.557752251625061,-0.5058525800704956,0.8696094751358032,-0.5514451265335083,-0.5058525800704956,0.8703314661979675,-0.7798566222190857,-0.5058525800704956,-1.1249804496765137,-0.7861637473106384,-0.5058525800704956
6488,876898633,62,5,0.978783403962808,0.0,0.0,0,False,0.7759609818458557,0.27093544602394104,-0.5058525800704956,-1.1243202686309814,0.2649290859699249,-0.5058525800704956,-1.125948190689087,0.7799968719482422,-0.5058525800704956,0.7743329405784607,0.7860032320022583,-0.5058525800704956
6488,876898633,62,6,2.7476038811940295,0.0,0.0,0,False,0.6258577108383179,0.7855339646339417,-0.5058525800704956,0.6308038830757141,-0.7793336510658264,-0.5058525800704956,-1.1249845027923584,-0.7848832607269287,-0.5058525800704956,-1.1299307346343994,0.7799843549728394,-0.5058525800704956
6488,876898633,62,7,0.5828967537375833,0.0,0.0,0,False,-1.1259477138519287,-0.4801451861858368,-0.5058525800704956,0.7796968817710876,-0.47412189841270447,-0.5058525800704956,0.7806637287139893,-0.7799978852272034,-0.5058525800704956,-1.1249809265136719,-0.7860211730003357,-0.5058525800704956
6488,976881685,63,0,1.393977605322776,0.6968311667442322,0.0,1,True,3.000999927520752,0.0,0.0,-0.9998732805252075,-0.01591777242720127,0.0,-0.9998732805252075,-0.01591777242720127,-0.6968311667442322,-0.9998732805252075,-0.01591777242720127,-0.6968311667442322
6488,976881685,63,1,0.14664844261509602,0.0,0.0,0,False,0.675731360912323,-0.22594352066516876,-0.6658098101615906,0.6638174057006836,0.5224339365959167,-0.6658098101615906,0.859722912311554,0.5255526900291443,-0.6658098101615906,0.8716369271278381,-0.22282475233078003,-0.6658098101615906
6488,976881685,63,2,0.23260248067070366,0.0,0.0,0,False,0.6639726161956787,0.46768999099731445,-0.5851547718048096,0.6838332414627075,-0.7798593640327454,-0.5851547718048096,0.49743297696113586,-0.7828267812728882,-0.5851547718048096,0.47757232189178467,0.46472254395484924,-0.5851547718048096
6488,976881685,63,3,0.46382225470952676,0.0,0.0,0,False,0.8812851905822754,-0.7838798761367798,-0.7668311595916748,0.8576502799987793,0.7007437944412231,-0.7668311595916748,1.1699885129928589,0.7057161331176758,-0.7668311595916748,1.193623423576355,-0.7789075374603271,-0.7668311595916748
6488,976881685,63,4,0.4510411176724345,0.0,0.0,0,False,0.48310357332229614,0.5250493884086609,-0.5043790936470032,-1.1245932579040527,0.49945536255836487,-0.5043790936470032,-1.1290584802627563,0.779935359954834,-0.5043790936470032,0.4786384105682373,0.8055294156074524,-0.5043790936470032
6488,976881685,63,5,0.5218518718783152,0.0,0.0,0,False,0.4838045835494995,0.48101571202278137,-0.5043790936470032,-1.1238923072814941,0.4554216265678406,-0.5043790936470032,-1.1290584802627563,0.7799353003501892,-0.5043790936470032,0.4786384105682373,0.8055294156074524,-0.5043790936470032
6488,976881685,63,6,2.5325566714186127,0.0,0.0,0,False,0.4698994755744934,0.8053902983665466,-0.5043790936470032,0.4951080083847046,-0.778087854385376,-0.5043790936470032,-1.10385000705719,-0.8035427927970886,-0.5043790936470032,-1.1290584802627563,0.7799353003501892,-0.5043790936470032
6489,77038570,64,0,2.1015380896137783,0.7007448077201843,0.0,1,True,5.000999927520752,0.0,0.0,-0.9964162111282349,0.08458541333675385,0.0,-0.9964162111282349,0.08458541333675385,-0.7007448077201843,-0.9964162111282349,0.08458541333675385,-0.7007448077201843
6489,77038570,64,1,0.09980570108619524,0.0,0.0,0,False,0.6602150797843933,0.5300750732421875,-0.5712306499481201,0.5994008779525757,-0.1863158643245697,-0.5712306499481201,0.46108031272888184,-0.1745738834142685,-0.5712306499481201,0.5218944549560547,0.5418170690536499,-0.5712306499481201
6489,77038570,64,2,0.24658679905029146,0.0,0.0,0,False,0.8979648351669312,0.6365395188331604,-0.6532504558563232,0.7756925821304321,-0.8038278222084045,-0.6532504558563232,0.6057202816009521,-0.7893989682197571,-0.6532504558563232,0.7279925346374512,0.6509683728218079,-0.6532504558563232
6489,77038570,64,3,0.38201523627296474,0.0,0.0,0,False,1.2715877294540405,0.7713761329650879,-0.770744800567627,1.1387122869491577,-0.7938974499702454,-0.770744800567627,0.8964018225669861,-0.7733277678489685,-0.770744800567627,1.0292774438858032,0.7919458150863647,-0.770744800567627
6489,77038570,64,4,0.3607177097434917,0.0,0.0,0,False,0.5674736499786377,0.5402398109436035,-0.5046312212944031,-1.0288496017456055,0.6757512092590332,-0.5046312212944031,-1.0098044872283936,0.9001023173332214,-0.5046312212944031,0.5865187048912048,0.7645909190177917,-0.5046312212944031
6489,77038570,64,5,2.672261051995412,0.0,0.0,0,False,0.5387306213378906,0.7686476111412048,-0.5046312212944031,0.39598169922828674,-0.9129355549812317,-0.5046312212944031,-1.181782603263855,-0.7789998054504395,-0.5046312212944031,-1.0390336513519287,0.9025833606719971,-0.5046312212944031
6489,77038570,64,6,1.2101970486856817,0.0,0.0,0,False,-1.1124184131622314,-0.04168776050209999,-0.5046312212944031,0.5159406661987305,-0.1799185425043106,-0.5046312212944031,0.4533020853996277,-0.917801558971405,-0.5046312212944031,-1.1750569343566895,-0.7795707583427429,-0.5046312212944031
6489,77038570,64,7,0.13592675586287584,0.0,0.0,0,False,0.5691779255867004,0.665316104888916,-0.5046312212944031,-0.7800127863883972,0.7798481583595276,-0.5046312212944031,-0.7715216279029846,0.8798742294311523,-0.5046312212944031,0.577669084072113,0.7653421759605408,-0.5046312212944031
6489,77038570,64,8,0.22832920750618513,0.0,0.0,0,False,-1.1632388830184937,-0.6403535008430481,-0.5046312212944031,0.46512022614479065,-0.7785840034484863,-0.5046312212944031,0.45330214500427246,-0.9178012013435364,-0.5046312212944031,-1.1750569343566895,-0.7795706987380981,-0.5046312212944031
6489,177029496,65,0,2.112203232511752,0.704035758972168,6.938893903907228e-18,1,True,5.000999927520752,0.0,0.0,-0.9991272687911987,0.04177020117640495,0.0,-0.9991272687911987,0.04177020117640495,-0.704035758972168,-0.9991272687911987,0.04177020117640495,-0.704035758972168
6489,177029496,65,1,0.12741894852391678,0.0,0.0,0,False,0.4744988679885864,-0.31038030982017517,-0.5805628299713135,0.5059561729431152,0.4420671761035919,-0.5805628299713135,0.6750000715255737,0.4350000023841858,-0.5805628299713135,0.6435427069664001,-0.3174474835395813,-0.5805628299713135
6489,177029496,65,2,0.2488292726177388,0.0,0.0,0,False,0.64443039894104,-0.4612135887145996,-0.6785985827445984,0.6922425031661987,0.6824315190315247,-0.6785985827445984,0.9094384908676147,0.6733512282371521,-0.6785985827445984,0.861626386642456,-0.4702938497066498,-0.6785985827445984
6489,177029496,65,3,0.49948752395643226,0.0,0.0,0,False,0.851219892501831,-0.7792148590087891,-0.7740357518196106,0.916847825050354,0.7905834317207336,-0.7740357518196106,1.23447847366333,0.7773044109344482,-0.7740357518196106,1.1688505411148071,-0.7924938797950745,-0.7740357518196106
6489,177029496,65,4,2.588849935153915,0.0,0.0,0,False,0.5181863903999329,0.7784035801887512,-0.5050064921379089,0.4502814710140228,-0.8458572030067444,-0.5050064921379089,-1.1408010721206665,-0.7793393731117249,-0.5050064921379089,-1.0728962421417236,0.8449214100837708,-0.5050064921379089
6489,177029496,65,5,0.9407836504782074,0.0,0.0,0,False,-1.1089290380477905,-0.2455877810716629,-0.5050064921379089,0.6492690443992615,-0.319092333316803,-0.5050064921379089,0.626937985420227,-0.8532427549362183,-0.5050064921379089,-1.1312600374221802,-0.779738187789917,-0.5050064921379089
6489,177029496,65,6,0.6052848952933623,0.0,0.0,0,False,0.6731680035591125,0.4361795485019684,-0.5050064921379089,-1.0869081020355225,0.5097625851631165,-0.5050064921379089,-1.0725558996200562,0.8530595898628235,-0.5050064921379089,0.6875201463699341,0.779476523399353,-0.5050064921379089
6489,177029496,65,7,0.7466804739033002,0.0,0.0,0,False,-1.1149272918701172,-0.38906607031822205,-0.5050064921379089,0.7930090427398682,-0.46883073449134827,-0.5050064921379089,0.7766762971878052,-0.859502911567688,-0.5050064921379089,-1.1312600374221802,-0.7797383069992065,-0.5050064921379089
6489,177029496,65,8,0.1881462667765792,0.0,0.0,0,False,0.8232464790344238,0.6780574321746826,-0.5050064921379089,-1.0210384130477905,0.7551612257957458,-0.5050064921379089,-1.016780972480774,0.8569990992546082,-0.5050064921379089,0.8275039792060852,0.7798952460289001,-0.5050064921379089
6489,276913965,66,0,0.3577278966417269,0.714741051197052,4.336808689942018e-19,1,True,0.0010000000474974513,0.0,0.0,-0.9999973177909851,-0.0023178826086223125,0.0,-0.9999973177909851,-0.0023178826086223125,-0.714741051197052,-0.9999973177909851,-0.0023178826086223125,-0.714741051197052
6489,276913965,66,1,0.14061146453338935,0.0,0.0,0,False,0.7806957960128784,-0.7801722288131714,-0.6920793652534485,0.7775783538818359,0.564774215221405,-0.6920793652534485,0.8821257948875427,0.5650165677070618,-0.6920793652534485,0.8852432370185852,-0.7799298763275146,-0.6920793652534485
6489,276913965,66,2,0.42560293542478433,0.0,0.0,0,False,1.169999361038208,0.7802433967590332,-0.7847410440444946,1.17361581325531,-0.7799916863441467,-0.7847410440444946,0.9008359909057617,-0.7806239724159241,-0.7847410440444946,0.8972195386886597,0.7796111106872559,-0.7847410440444946
6489,276913965,66,3,2.7263139557313814,0.0,0.0,0,False,-1.169991135597229,-0.7838245034217834,-0.50395268201828,-1.17361581325531,0.779991626739502,-0.50395268201828,0.569747269153595,0.7840324640274048,-0.50395268201828,0.573371946811676,-0.7797836661338806,-0.50395268201828
6489,377045183,67,0,0.3480949106602364,0.6954944133758545,0.0,1,True,0.0010000000474974513,0.0,0.0,-0.9998677968978882,-0.016260508447885513,0.0,-0.9998677968978882,-0.016260508447885513,-0.6954944133758545,-0.9998677968978882,-0.016260508447885513,-0.6954944133758545
6489,377045183,67,1,0.21269254248424474,0.0,0.0,0,False,0.8895933032035828,0.7815383672714233,-0.6917812824249268,0.9150118827819824,-0.7814633846282959,-0.6917812824249268,0.778968334197998,-0.7836758494377136,-0.6917812824249268,0.7535497546195984,0.7793259024620056,-0.6917812824249268
6489,377045183,67,2,0.35670992204322083,0.0,0.0,0,False,0.7280035614967346,0.7823255658149719,-0.6065606474876404,0.7534022927284241,-0.7794568538665771,-0.6065606474876404,0.5250634551048279,-0.7831702828407288,-0.6065606474876404,0.49966469407081604,0.7786121368408203,-0.6065606474876404
6489,377045183,67,3,0.39308939346483385,0.0,0.0,0,False,1.1699365377426147,0.7839019894599915,-0.7654944062232971,1.1953591108322144,-0.7793436646461487,-0.7654944062232971,0.9439683556556702,-0.7834319472312927,-0.7654944062232971,0.9185458421707153,0.7798137068748474,-0.7654944062232971
6489,377045183,67,4,2.5519526052353543,0.0,0.0,0,False,-1.1048415899276733,-0.8045539855957031,-0.503663957118988,-1.130609154701233,0.7799087762832642,-0.503663957118988,0.47957566380500793,0.8060945868492126,-0.503663957118988,0.5053431987762451,-0.7783681750297546,-0.503663957118988
6489,476945985,68,0,0.34828324385823634,0.6958706974983215,3.469446951953614e-18,1,True,0.0010000000474974513,0.0,0.0,-0.9998697638511658,0.016139522194862366,0.0,-0.9998697638511658,0.016139522194862366,-0.6958706974983215,-0.9998697638511658,0.016139522194862366,-0.6958706974983215
6489,476945985,68,1,0.09942715837174654,0.0,0.0,0,False,0.8898373246192932,0.07467979937791824,-0.6810545325279236,0.87601637840271,-0.781549870967865,-0.6810545325279236,0.759924590587616,-0.7796759605407715,-0.6810545325279236,0.7737454771995544,0.07655371725559235,-0.6810545325279236
6489,476945985,68,2,2.887614841633269,0.0,0.0,0,False,-1.1949323415756226,-0.7795976400375366,-0.5046106576919556,-1.1693438291549683,0.8056545853614807,-0.5046106576919556,0.6517308354377747,0.7762594819068909,-0.5046106576919556,0.6261423230171204,-0.8089927434921265,-0.5046106576919556
6489,476945985,68,3,0.38218821015247784,0.0,0.0,0,False,0.9126223921775818,-0.7015719413757324,-0.7658706903457642,0.9365864992141724,0.78304123878479,-0.7658706903457642,1.1939523220062256,0.7788869738578796,-0.7658706903457642,1.1699881553649902,-0.7057262659072876,-0.7658706903457642
6489,577014203,69,0,0.6960208679626193,0.6956731677055359,0.0,1,True,1.0010000467300415,0.0,0.0,-0.9999991059303284,-0.0013500215718522668,0.0,-0.9999991059303284,-0.0013500215718522668,-0.6956731677055359,-0.9999991059303284,-0.0013500215718522668,-0.6956731677055359
6489,577014203,69,1,0.35418131250792584,0.0,0.0,0,False,0.7499186992645264,0.7801415920257568,-0.6099738478660583,0.7520249485969543,-0.7799566984176636,-0.6099738478660583,0.5250003933906555,-0.7802631855010986,-0.6099738478660583,0.5228940844535828,0.7798351049423218,-0.6099738478660583
6489,577014203,69,2,0.5415536561118586,0.0,0.0,0,False,0.825000524520874,-0.7804048657417297,-0.7656731605529785,0.8228948712348938,0.7797946333885193,-0.7656731605529785,1.169999599456787,0.7802631258964539,-0.7656731605529785,1.172105312347412,-0.7799363732337952,-0.7656731605529785
6489,577014203,69,3,2.510335634385819,0.0,0.0,0,False,0.47999709844589233,0.7821670174598694,-0.5041662454605103,0.4821060001850128,-0.7798553705215454,-0.5041662454605103,-1.1249971389770508,-0.7820250988006592,-0.5041662454605103,-1.1271060705184937,0.7799972295761108,-0.5041662454605103
6489,677050047,70,0,1.3945110736005144,0.6970813870429993,0.0,1,True,3.000999927520752,0.0,0.0,-0.9999991655349731,0.00131157913710922,0.0,-0.9999991655349731,0.00131157913710922,-0.6970813870429993,-0.9999991655349731,0.00131157913710922,-0.6970813870429993
6489,677050047,70,1,0.3759622146449395,0.0,0.0,0,False,1.1719082593917847,0.7799974679946899,-0.7670813798904419,1.169862151145935,-0.7801178693771362,-0.7670813798904419,0.928878903388977,-0.7798017859458923,-0.7670813798904419,0.9309251308441162,0.7803135514259338,-0.7670813798904419
6489,677050047,70,2,0.027243750711489823,0.0,0.0,0,False,0.6744688749313354,-0.02999930828809738,-0.6435723304748535,0.6750591993331909,0.4200786352157593,-0.6435723304748535,0.7355902791023254,0.41999924182891846,-0.6435723304748535,0.73499995470047,-0.030078699812293053,-0.6435723304748535
6489,677050047,70,3,2.8831517266247424,0.0,0.0,0,False,0.6753935217857361,0.7799994349479675,-0.5063948035240173,0.6733442544937134,-0.7824177742004395,-0.5063948035240173,-1.1719673871994019,-0.7799974679946899,-0.5063948035240173,-1.169918179512024,0.7824198007583618,-0.5063948035240173
6489,677050047,70,4,1.5343107588917144,0.0,0.0,0,False,-1.1690921783447266,-0.027915775775909424,-0.5063948035240173,0.8709829449653625,-0.030591504648327827,-0.5063948035240173,0.8699964880943298,-0.7826756238937378,-0.5063948035240173,-1.1700786352157593,-0.7799999117851257,-0.5063948035240173
6489,677050047,70,5,0.6174528942369903,0.0,0.0,0,False,0.8697998523712158,0.477344274520874,-0.5063948035240173,-1.1703147888183594,0.48002010583877563,-0.5063948035240173,-1.1699178218841553,0.782675564289093,-0.5063948035240173,0.8701968193054199,0.7799997329711914,-0.5063948035240173
6489,777006848,71,0,0.35495308402676834,0.7091969847679138,8.673617379884035e-19,1,True,0.0010000000474974513,0.0,0.0,-0.9999871850013733,-0.005061293952167034,0.0,-0.9999871850013733,-0.005061293952167034,-0.7091969847679138,-0.9999871850013733,-0.005061293952167034,-0.7091969847679138
6489,777006848,71,1,0.1219862898252968,0.0,0.0,0,False,0.7302132248878479,0.3755072057247162,-0.6122137308120728,0.7360640168190002,-0.7804499864578247,-0.6122137308120728,0.6305383443832397,-0.7809841632843018,-0.6122137308120728,0.6246875524520874,0.3749731183052063,-0.6122137308120728
6489,777006848,71,2,0.4022891946460909,0.0,0.0,0,False,0.9200919270515442,-0.7810370922088623,-0.7791969776153564,0.9121940732002258,0.779378354549408,-0.7791969776153564,1.1699965000152588,0.7806832194328308,-0.7791969776153564,1.1778943538665771,-0.7797322273254395,-0.7791969776153564
6489,777006848,71,3,2.5986126545241817,0.0,0.0,0,False,-1.1249607801437378,-0.7877435684204102,-0.5046967267990112,-1.1328953504562378,0.7799599766731262,-0.5046967267990112,0.5246540307998657,0.7883493900299072,-0.5046967267990112,0.5325886607170105,-0.7793541550636292,-0.5046967267990112
6489,777006848,71,4,0.1527669029655785,0.0,0.0,0,False,0.7391031384468079,-0.7806625366210938,-0.7163474559783936,0.7332538366317749,0.37499114871025085,-0.7163474559783936,0.8654413819313049,0.3756602108478546,-0.7163474559783936,0.8712906241416931,-0.77999347448349,-0.7163474559783936
6489,876990192,72,0,1.3295406722893757,0.6669831871986389,0.0,1,True,3.000999927520752,0.0,0.0,-0.9810078740119934,0.19396787881851196,0.0,-0.9810078740119934,0.19396787881851196,-0.6669831871986389,-0.9810078740119934,0.19396787881851196,-0.6669831871986389
6489,876990192,72,1,0.22248933800779286,0.13668829202651978,5.760813845683173e-08,0,False,0.610840916633606,-0.5996789932250977,-0.637301504611969,0.4782301187515259,0.4665679931640625,-0.5509399771690369,0.6763352155685425,0.4952828884124756,-0.6012666821479797,0.8089460134506226,-0.5709640979766846,-0.6876282691955566
6489,876990192,72,2,0.39398518444618025,0.07446044683456421,2.670309836021951e-08,0,False,0.9120047688484192,-0.7798996567726135,-0.7369831800460815,0.9117164015769958,0.7052104473114014,-0.7432318925857544,1.1680848598480225,0.7049732208251953,-0.8114436268806458,1.1683731079101562,-0.7801369428634644,-0.8051948547363281
6489,876990192,72,3,3.073328599038266,0.0,0.0,0,False,0.41220247745513916,0.9711843132972717,-0.5055438876152039,0.6299999952316284,-0.7800000905990601,-0.5055438876152039,-1.0982666015625,-0.9949473142623901,-0.5055438876152039,-1.3160642385482788,0.7562370896339417,-0.5055438876152039
6489,876990192,72,4,0.26289845482649454,0.0,0.0,0,False,-0.6300000548362732,-0.7799999713897705,-0.5055438876152039,0.7135151624679565,-0.5852603912353516,-0.5055438876152039,0.741294801235199,-0.7769133448600769,-0.5055438876152039,-0.6022204160690308,-0.9716529250144958,-0.5055438876152039
6489,876990192,72,5,1.0052543898053266,0.0,0.0,0,False,0.7591912746429443,0.5096180438995361,-0.5055438876152039,-1.0904326438903809,0.24151915311813354,-0.5055438876152039,-1.167589545249939,0.7738266587257385,-0.5055438876152039,0.6820344924926758,1.0419255495071411,-0.5055438876152039
6489,977105077,73,0,0.35409784020891416,0.707490086555481,0.0,1,True,0.0010000000474974513,0.0,0.0,-0.9972983598709106,0.07345759868621826,0.0,-0.9972983598709106,0.07345759868621826,-0.707490086555481,-0.9972983598709106,0.07345759868621826,-0.707490086555481
6489,977105077,73,1,0.18048762660503925,0.0,0.0,0,False,0.5754603743553162,-0.41045859456062317,-0.6513970494270325,0.6376456022262573,0.4337999224662781,-0.6513970494270325,0.8502744436264038,0.41813838481903076,-0.6513970494270325,0.7880892157554626,-0.4261201322078705,-0.6513970494270325
6489,977105077,73,2,0.5307794326337252,0.0,0.0,0,False,0.827413022518158,-0.7691292762756348,-0.7774900794029236,0.9427492618560791,0.7967385053634644,-0.7774900794029236,1.279888391494751,0.7719060182571411,-0.7774900794029236,1.1645522117614746,-0.793961763381958,-0.7774900794029236
6489,977105077,73,3,2.813103910634556,0.0,0.0,0,False,-1.1903738975524902,-0.7784993052482605,-0.5074888467788696,-1.0667011737823486,0.900553286075592,-0.5074888467788696,0.5996698141098022,0.7778145670890808,-0.5074888467788696,0.47599703073501587,-0.9012380242347717,-0.5074888467788696
6490,76987504,74,0,1.032414623509302,0.6880598664283752,0.0,1,True,2.000999927520752,0.0,0.0,-0.9999163746833801,0.012933609075844288,0.0,-0.9999163746833801,0.012933609075844288,-0.6880598664283752,-0.9999163746833801,0.012933609075844288,-0.6880598664283752
6490,76987504,74,1,0.2950292127157592,0.0,0.0,0,False,0.7953904867172241,0.5253829956054688,-0.6296365857124329,0.7784633636474609,-0.7832784652709961,-0.6296365857124329,0.5530575513839722,-0.7803629040718079,-0.6296365857124329,0.5699847340583801,0.528298556804657,-0.6296365857124329
6490,76987504,74,2,0.49575413656332756,0.0,0.0,0,False,1.1901746988296509,0.7797390818595886,-0.7580598592758179,1.1699422597885132,-0.7844617366790771,-0.7580598592758179,0.8530576229095459,-0.7803629636764526,-0.7580598592758179,0.8732900619506836,0.7838378548622131,-0.7580598592758179
6490,76987504,74,3,0.39730634386852337,0.0,0.0,0,False,0.6297140121459961,0.5478852987289429,-0.5052397847175598,-1.0819398164749146,0.5700250864028931,-0.5052397847175598,-1.0789380073547363,0.802104651927948,-0.5052397847175598,0.6327158808708191,0.7799648642539978,-0.5052397847175598
6490,76987504,74,4,2.611845956627782,0.0,0.0,0,False,0.5727158784866333,0.7799648642539978,-0.5052397847175598,0.5522650480270386,-0.8011128902435303,-0.5052397847175598,-1.0993988513946533,-0.7797490954399109,-0.5052397847175598,-1.0789480209350586,0.8013286590576172,-0.5052397847175598
6490,176947222,75,0,0.3567499321010182,0.7127870917320251,0.0,1,True,0.0010000000474974513,0.0,0.0,-0.999997615814209,-0.0021753094624727964,0.0,-0.999997615814209,-0.0021753094624727964,-0.7127870917320251,-0.999997615814209,-0.0021753094624727964,-0.7127870917320251
6490,176947222,75,1,0.13916174726711006,0.0,0.0,0,False,0.7329438328742981,0.37522390484809875,-0.5998555421829224,0.7354568839073181,-0.7800642251968384,-0.5998555421829224,0.6150011420249939,-0.780326247215271,-0.5998555421829224,0.6124880909919739,0.37496188282966614,-0.5998555421829224
6490,176947222,75,2,0.380103150958945,0.0,0.0,0,False,0.9172850847244263,-0.7805497646331787,-0.7827870845794678,0.9140547513961792,0.7045410871505737,-0.7827870845794678,1.169999599456787,0.7050978541374207,-0.7827870845794678,1.1732299327850342,-0.7799929976463318,-0.7827870845794678
6490,176947222,75,3,2.6547636085338553,0.0,0.0,0,False,-1.1249927282333374,-0.7833281755447388,-0.5054653882980347,-1.128393292427063,0.7798947691917419,-0.5054653882980347,0.569861650466919,0.7835890054702759,-0.5054653882980347,0.5732621550559998,-0.7796339392662048,-0.5054653882980347
6490,276899357,76,0,1.0539015080331304,0.7023670673370361,0.0,1,True,2.000999927520752,0.0,0.0,-0.999998927116394,0.0014658658765256405,0.0,-0.999998927116394,0.0014658658765256405,-0.7023670673370361,-0.999998927116394,0.0014658658765256405,-0.7023670673370361
6490,276899357,76,1,0.26138701908655726,0.0,0.0,0,False,0.9450000524520874,0.6750879883766174,-0.7052296996116638,0.9428670406341553,-0.7800847887992859,-0.7052296996116638,0.7632412910461426,-0.779821515083313,-0.7052296996116638,0.7653743624687195,0.6753512620925903,-0.7052296996116638
6490,276899357,76,2,0.33065185356220894,0.0,0.0,0,False,1.1722866296768188,0.7799306511878967,-0.7723670601844788,1.1699998378753662,-0.7800659537315369,-0.7723670601844788,0.9580435156822205,-0.7797552347183228,-0.7723670601844788,0.9603303074836731,0.7802413702011108,-0.7723670601844788
6490,276899357,76,3,0.2486443240301064,0.0,0.0,0,False,0.7362752556800842,0.40495410561561584,-0.6241334676742554,0.7345378398895264,-0.7803071141242981,-0.6241334676742554,0.5247581005096436,-0.7799996137619019,-0.6241334676742554,0.5264955163002014,0.4052616059780121,-0.6241334676742554
6490,276899357,76,4,0.6362028975478609,0.0,0.0,0,False,0.6299085021018982,0.4175814688205719,-0.5045049786567688,-1.1255275011062622,0.4201546907424927,-0.5045049786567688,-1.124996304512024,0.7825726270675659,-0.5045049786567688,0.6304397583007812,0.7799994349479675,-0.5045049786567688
6490,276899357,76,5,2.5809739390784436,0.0,0.0,0,False,0.5269129276275635,0.7799971699714661,-0.5045049786567688,0.5246226787567139,-0.7824180722236633,-0.5045049786567688,-1.1272867918014526,-0.7799965739250183,-0.5045049786567688,-1.1249964237213135,0.7824186086654663,-0.5045049786567688
6490,376891450,77,0,0.3524494924408075,0.7041959166526794,0.0,1,True,0.0010000000474974513,0.0,0.0,-0.9983850717544556,0.056809086352586746,0.0,-0.9983850717544556,0.056809086352586746,-0.7041959166526794,-0.9983850717544556,0.056809086352586746,-0.7041959166526794
6490,376891450,77,1,0.19822194146134287,0.0,0.0,0,False,0.9150969386100769,0.6484085321426392,-0.6869403719902039,0.8513661623001099,-0.4716213643550873,-0.6869403719902039,0.6749581694602966,-0.46158358454704285,-0.6869403719902039,0.7386889457702637,0.6584463119506836,-0.6869403719902039
6490,376891450,77,2,2.804385200460594,0.0,0.0,0,False,-1.1335077285766602,-0.7795159220695496,-0.5054768323898315,-1.0393646955490112,0.8749885559082031,-0.5054768323898315,0.6501650810241699,0.778852641582489,-0.5054768323898315,0.5560221672058105,-0.8756518363952637,-0.5054768323898315
6490,376891450,77,3,0.48356073322665694,0.0,0.0,0,False,0.8427525162696838,-0.772475004196167,-0.7741959095001221,0.9276070594787598,0.7187924385070801,-0.7741959095001221,1.2508221864700317,0.7004011869430542,-0.7741959095001221,1.165967583656311,-0.7908662557601929,-0.7741959095001221
6490,476953544,78,0,1.7174128440023917,0.6868345737457275,1.734723475976807e-18,1,True,4.000999927520752,0.0,0.0,-0.9999381899833679,0.011117598041892052,0.0,-0.9999381899833679,0.011117598041892052,-0.6868345737457275,-0.9999381899833679,0.011117598041892052,-0.6868345737457275
6490,476953544,78,1,0.11007597684967418,0.0,0.0,0,False,0.4888467788696289,-0.37343060970306396,-0.5776389837265015,0.49751612544059753,0.4063062071800232,-0.5776389837265015,0.6386693716049194,0.40473681688308716,-0.5776389837265015,0.6299999952316284,-0.375,-0.5776389837265015
6490,476953544,78,2,0.1719271114038472,0.0,0.0,0,False,0.9333183765411377,0.2684621214866638,-0.6930239796638489,0.9232662320137024,-0.6356478333473206,-0.6930239796638489,0.733128011226654,-0.6335338354110718,-0.6930239796638489,0.7431801557540894,0.270576149225235,-0.6930239796638489
6490,476953544,78,3,0.38529373990452953,0.0,0.0,0,False,0.9233354330062866,-0.7794254422187805,-0.7568345665931702,0.9407019019126892,0.7825493812561035,-0.7568345665931702,1.1873422861099243,0.7798071503639221,-0.7568345665931702,1.1699758768081665,-0.7821676731109619,-0.7568345665931702
6490,476953544,78,4,2.6302225252937497,0.0,0.0,0,False,0.49734240770339966,0.7798071503639221,-0.5092446208000183,0.47980162501335144,-0.7978426218032837,-0.5092446208000183,-1.1871700286865234,-0.7793087363243103,-0.5092446208000183,-1.1696292161941528,0.7983410358428955,-0.5092446208000183
6490,476953544,78,5,0.7812578222857676,0.0,0.0,0,False,-1.1659551858901978,-0.35619935393333435,-0.5092446208000183,0.6794838309288025,-0.37671756744384766,-0.5092446208000183,0.6747775077819824,-0.8000105023384094,-0.5092446208000183,-1.170661449432373,-0.7794922590255737,-0.5092446208000183
6490,476953544,78,6,0.6939201170765008,0.0,0.0,0,False,0.6741605997085571,0.40449926257133484,-0.5092446208000183,-1.1737797260284424,0.42504528164863586,-0.5092446208000183,-1.1696052551269531,0.8005089163780212,-0.5092446208000183,0.6783351302146912,0.7799628376960754,-0.5092446208000183
6490,476953544,78,7,0.3075926394605606,0.0,0.0,0,False,-1.1688085794448853,-0.6128356456756592,-0.5092446208000183,0.6766304969787598,-0.6333536505699158,-0.5092446208000183,0.6747775673866272,-0.8000102639198303,-0.5092446208000183,-1.170661449432373,-0.7794922590255737,-0.5092446208000183
6490,576882054,79,0,1.3715177488256867,0.685648500919342,3.469446951953614e-18,1,True,3.000999927520752,0.0,0.0,-0.9995253682136536,-0.03080633096396923,0.0,-0.9995253682136536,-0.03080633096396923,-0.685648500919342,-0.9995253682136536,-0.03080633096396923,-0.685648500919342
6490,576882054,79,1,0.16657827004000003,0.0,0.0,0,False,0.5090555548667908,-0.4260392189025879,-0.5884957313537598,0.48306241631507874,0.41732048988342285,-0.5884957313537598,0.6803924441337585,0.4234023988246918,-0.5884957313537598,0.7063855528831482,-0.41995730996131897,-0.5884957313537598
6490,576882054,79,2,0.5500165219976978,0.0,0.0,0,False,1.1698576211929321,0.7846187353134155,-0.7556484937667847,1.2180207967758179,-0.7780575752258301,-0.7556484937667847,0.866383969783783,-0.7888953685760498,-0.7556484937667847,0.8182207942008972,0.7737809419631958,-0.7556484937667847
6490,576882054,79,3,2.6419189063436708,0.0,0.0,0,False,0.469196617603302,0.8305216431617737,-0.5048102140426636,0.5187263488769531,-0.7764948010444641,-0.5048102140426636,-1.1237033605575562,-0.827116072177887,-0.5048102140426636,-1.173233151435852,0.7799004316329956,-0.5048102140426636
6490,576882054,79,4,0.6395744655600897,0.0,0.0,0,False,-1.1341947317123413,-0.4816703498363495,-0.5048102140426636,0.7155205011367798,-0.42466026544570923,-0.5048102140426636,0.7261673808097839,-0.7701012492179871,-0.5048102140426636,-1.123547911643982,-0.8271113634109497,-0.5048102140426636
6490,576882054,79,5,0.7614836599833232,0.0,0.0,0,False,0.6859474778175354,0.4248051345348358,-0.5048102140426636,-1.1605346202850342,0.36789470911026,-0.5048102140426636,-1.1732330322265625,0.779900312423706,-0.5048102140426636,0.6732490062713623,0.8368107676506042,-0.5048102140426636
6490,676952314,80,0,2.7776453948270765,0.6944202184677124,6.938893903907228e-18,1,True,7.000999927520752,0.0,0.0,-0.998740553855896,0.050172798335552216,0.0,-0.998740553855896,0.050172798335552216,-0.6944202184677124,-0.998740553855896,0.050172798335552216,-0.6944202184677124
6490,676952314,80,1,0.07931768311467735,0.0,0.0,0,False,0.7454243302345276,-0.4182630777359009,-0.6945098638534546,0.7801132202148438,0.27225494384765625,-0.6945098638534546,0.894690990447998,0.26649898290634155,-0.6945098638534546,0.8600021004676819,-0.4240190386772156,-0.6945098638534546
6490,676952314,80,2,0.10224341765390221,0.0,0.0,0,False,0.6450377702713013,0.43650519847869873,-0.5727469325065613,0.610084593296051,-0.25927430391311646,-0.5727469325065613,0.46350646018981934,-0.2519108057022095,-0.5727469325065613,0.49845969676971436,0.4438686966896057,-0.5727469325065613
6490,676952314,80,3,0.3928787314530098,0.0,0.0,0,False,1.2271627187728882,0.5528818964958191,-0.764420211315155,1.15985107421875,-0.7870255708694458,-0.764420211315155,0.8673758506774902,-0.7723327875137329,-0.764420211315155,0.9346874952316284,0.567574679851532,-0.764420211315155
6490,676952314,80,4,0.19289724971065247,0.0,0.0,0,False,0.7983220219612122,0.7790796160697937,-0.5049854516983032,0.7197734713554382,-0.7845098972320557,-0.5049854516983032,0.5967158079147339,-0.7783279418945312,-0.5049854516983032,0.6752643585205078,0.7852615118026733,-0.5049854516983032
6490,676952314,80,5,0.8643423763027336,0.0,0.0,0,False,-1.150068998336792,-0.32325315475463867,-0.5049854516983032,0.7381799221038818,-0.41811174154281616,-0.5049854516983032,0.7152422666549683,-0.8747075796127319,-0.5049854516983032,-1.1730066537857056,-0.7798489332199097,-0.5049854516983032
6490,676952314,80,6,0.03319613536283228,0.0,0.0,0,False,0.776090681552887,0.492182195186615,-0.5049854516983032,0.6608319878578186,0.49797236919403076,-0.5049854516983032,0.6752643585205078,0.7852615714073181,-0.5049854516983032,0.7905229926109314,0.7794713973999023,-0.5049854516983032
6490,676952314,80,7,0.033196141474490126,0.0,0.0,0,False,0.6608320474624634,0.49797236919403076,-0.5049854516983032,0.675264298915863,0.7852615714073181,-0.5049854516983032,0.7905229926109314,0.7794713973999023,-0.5049854516983032,0.7760907411575317,0.4921822249889374,-0.5049854516983032
6490,676952314,80,8,0.6631530851910812,0.0,0.0,0,False,0.7730628848075867,0.4319094717502594,-0.5049854516983032,-1.13014817237854,0.5275192260742188,-0.5049854516983032,-1.1126880645751953,0.8750811815261841,-0.5049854516983032,0.7905229926109314,0.7794713973999023,-0.5049854516983032
6490,676952314,80,9,2.67230152770893,0.0,0.0,0,False,0.513143002986908,0.7783350348472595,-0.5049854516983032,0.43081843852996826,-0.8604187965393066,-0.5049854516983032,-1.195767879486084,-0.7787054777145386,-0.5049854516983032,-1.1134432554244995,0.8600483536720276,-0.5049854516983032
6490,676952314,80,10,1.1518476645784927,0.0,0.0,0,False,-1.1424392461776733,-0.17137612402439117,-0.5049854516983032,0.7458095550537109,-0.2662341892719269,-0.5049854516983032,0.715242326259613,-0.874707043170929,-0.5049854516983032,-1.173006534576416,-0.7798489332199097,-0.5049854516983032
6490,777047366,81,0,0.35606962351282995,0.7114279270172119,3.469446951953614e-18,1,True,0.0010000000474974513,0.0,0.0,-0.9998455047607422,-0.01757759414613247,0.0,-0.9998455047607422,-0.01757759414613247,-0.7114279270172119,-0.9998455047607422,-0.01757759414613247,-0.7114279270172119
6490,777047366,81,1,0.12772982230563557,0.0,0.0,0,False,0.7809682488441467,-0.47507089376449585,-0.6970658898353577,0.7668187618255615,0.32976827025413513,-0.6970658898353577,0.9254720211029053,0.33255746960639954,-0.6970658898353577,0.9396215081214905,-0.47228169441223145,-0.6970658898353577
6490,777047366,81,2,2.850325021897241,0.0,0.0,0,False,0.6504309177398682,0.8112125992774963,-0.5074223279953003,0.6784502267837524,-0.782576322555542,-0.5074223279953003,-1.109392762184143,-0.8140072226524353,-0.5074223279953003,-1.1374120712280273,0.779781699180603,-0.5074223279953003
6490,777047366,81,3,0.39048839785229106,0.0,0.0,0,False,0.9477325081825256,-0.7836438417434692,-0.7814279198646545,0.9202458262443542,0.7798284888267517,-0.7814279198646545,1.1699258089065552,0.7842180132865906,-0.7814279198646545,1.1974124908447266,-0.7792543172836304,-0.7814279198646545
6490,876905876,82,0,1.3978998839614256,0.6987752914428711,1.0842021724855044e-19,1,True,3.000999927520752,0.0,0.0,-0.9999997615814209,-0.0007107018027454615,0.0,-0.9999997615814209,-0.0007107018027454615,-0.6987752914428711,-0.9999997615814209,-0.0007107018027454615,-0.6987752914428711
6490,876905876,82,1,0.10580737307365018,0.0,0.0,0,False,0.7802132964134216,-0.7801064848899841,-0.703621506690979,0.7797122597694397,-0.07507483661174774,-0.703621506690979,0.9297868013381958,-0.07496818155050278,-0.703621506690979,0.9302878975868225,-0.7799997925758362,-0.703621506690979
6490,876905876,82,2,0.074376115176225,0.0,0.0,0,False,0.8252451419830322,-0.07499983161687851,-0.6614809632301331,0.6750000715255737,-0.07510660588741302,-0.6614809632301331,0.6746482849121094,0.41992512345314026,-0.6614809632301331,0.8248933553695679,0.42003190517425537,-0.6614809632301331
6490,876905876,82,3,0.37563815150129365,0.0,0.0,0,False,0.9303199648857117,-0.7801703214645386,-0.7687752842903137,0.9292111992835999,0.77986079454422,-0.7687752842903137,1.1699999570846558,0.7800319790840149,-0.7687752842903137,1.1711087226867676,-0.7799991965293884,-0.7687752842903137
6490,876905876,82,4,1.3077524491637393,0.0,0.0,0,False,0.7647008895874023,-0.10422206670045853,-0.5052067637443542,0.7651811838150024,-0.779999852180481,-0.5052067637443542,-1.1699990034103394,-0.7813751101493835,-0.5052067637443542,-1.1704792976379395,-0.10559731721878052,-0.5052067637443542
6490,876905876,82,5,0.6990192331017644,0.0,0.0,0,False,0.7652556896209717,0.42013880610466003,-0.5052067637443542,-1.1698179244995117,0.41876357793807983,-0.5052067637443542,-1.170074701309204,0.7799999117851257,-0.5052067637443542,0.7649989724159241,0.7813751101493835,-0.5052067637443542
6490,876905876,82,6,2.8809505816823204,0.0,0.0,0,False,0.6741036176681519,0.7813105583190918,-0.5052067637443542,0.6752132177352905,-0.7799997925758362,-0.5052067637443542,-1.169999122619629,-0.7813111543655396,-0.5052067637443542,-1.1711087226867676,0.7799991965293884,-0.5052067637443542
6490,976889219,83,0,1.7604757418451438,0.7040776014328003,3.469446951953614e-18,1,True,4.000999927520752,0.0,0.0,-0.9997504949569702,0.02233603224158287,0.0,-0.9997504949569702,0.02233603224158287,-0.7040776014328003,-0.9997504949569702,0.02233603224158287,-0.7040776014328003
6490,976889219,83,1,0.06570178331014453,0.0,0.0,0,False,0.5856773257255554,0.4056550860404968,-0.5692243576049805,0.5708943605422974,-0.2560253441333771,-0.5692243576049805,0.47164854407310486,-0.25380802154541016,-0.5692243576049805,0.4864315390586853,0.40787240862846375,-0.5692243576049805
6490,976889219,83,2,0.5131721686033508,0.0,0.0,0,False,0.8402710556983948,-0.7756494283676147,-0.7740775942802429,0.8751739859580994,0.7865868210792542,-0.7740775942802429,1.203495740890503,0.7792515754699707,-0.7740775942802429,1.1685928106307983,-0.7829846739768982,-0.7740775942802429
6490,976889219,83,3,0.0301935339202144,0.0,0.0,0,False,0.6156256794929504,0.48032116889953613,-0.5044465065002441,0.6223697066307068,0.7821812033653259,-0.5044465065002441,0.7223447561264038,0.7799475789070129,-0.5044465065002441,0.7156007289886475,0.47808757424354553,-0.5044465065002441
6490,976889219,83,4,0.6956518712750359,0.0,0.0,0,False,0.7139315605163574,0.40337929129600525,-0.5044465065002441,-1.1324926614761353,0.4446316063404083,-0.5044465065002441,-1.1240794658660889,0.821199893951416,-0.5044465065002441,0.7223447561264038,0.7799475789070129,-0.5044465065002441
6490,976889219,83,5,2.598175776450679,0.0,0.0,0,False,0.4923934042453766,0.779723048210144,-0.5044465065002441,0.45675715804100037,-0.8153389096260071,-0.5044465065002441,-1.171317219734192,-0.7789651155471802,-0.5044465065002441,-1.1356810331344604,0.816096842288971,-0.5044465065002441
6490,976889219,83,6,1.0365766008624275,0.0,0.0,0,False,-1.1587741374969482,-0.21754291653633118,-0.5044465065002441,0.6866450905799866,-0.25877276062965393,-0.5044465065002441,0.6741019487380981,-0.8201950192451477,-0.5044465065002441,-1.1713173389434814,-0.778965175151825,-0.5044465065002441
6491,77069729,84,0,0.33991515185668597,0.6791514158248901,0.0,1,True,0.0010000000474974513,0.0,0.0,-0.9996150135993958,-0.02774558775126934,0.0,-0.9996150135993958,-0.02774558775126934,-0.6791514158248901,-0.9996150135993958,-0.02774558775126934,-0.6791514158248901
6491,77069729,84,1,0.6649227217166054,0.0,0.0,0,False,0.7885168194770813,-0.7868413925170898,-0.7491514086723328,0.7450884580612183,0.7777819633483887,-0.7491514086723328,1.1697343587875366,0.7895686030387878,-0.7491514086723328,1.2131626605987549,-0.7750547528266907,-0.7491514086723328
6491,77069729,84,2,2.9274954466555947,0.0,0.0,0,False,-1.0898817777633667,-0.8302356600761414,-0.504368007183075,-1.1345685720443726,0.7797343730926514,-0.504368007183075,0.6823856234550476,0.8301662802696228,-0.504368007183075,0.7270724177360535,-0.7798037528991699,-0.504368007183075
6491,176916864,85,0,1.3878203913289302,0.6937368512153625,0.0,1,True,3.000999927520752,0.0,0.0,-0.9999994039535522,0.001099080080166459,0.0,-0.9999994039535522,0.001099080080166459,-0.6937368512153625,-0.9999994039535522,0.001099080080166459,-0.6937368512153625
6491,176916864,85,1,0.029378130124738888,0.0,0.0,0,False,0.7794064879417419,-0.26999935507774353,-0.6846831440925598,0.7801154851913452,0.37504929304122925,-0.6846831440925598,0.825659453868866,0.3749992549419403,-0.6846831440925598,0.8249505162239075,-0.27004939317703247,-0.6846831440925598
6491,176916864,85,2,0.3761425246955543,0.0,0.0,0,False,1.1717145442962646,0.7799980640411377,-0.7637368440628052,1.1699999570846558,-0.7800824046134949,-0.7637368440628052,0.9288956522941589,-0.7798174023628235,-0.7637368440628052,0.9306102991104126,0.7802630662918091,-0.7637368440628052
6491,176916864,85,3,3.046536228839944,0.0,0.0,0,False,0.7802307605743408,0.7799997329711914,-0.5085635185241699,0.7785137891769409,-0.7821416854858398,-0.5085635185241699,-1.1717146635055542,-0.7799981236457825,-0.5085635185241699,-1.1699975728988647,0.7821432948112488,-0.5085635185241699
6491,176916864,85,4,0.9980674976040191,0.0,0.0,0,False,-1.1695034503936768,-0.2681877613067627,-0.5085635185241699,0.7805600166320801,-0.2703302502632141,-0.5085635185241699,0.779997706413269,-0.7821424603462219,-0.5085635185241699,-1.1700657606124878,-0.7799999713897705,-0.5085635185241699
6491,176916864,85,5,0.7060675193496397,0.0,0.0,0,False,0.7798329591751099,0.4179566502571106,-0.5085635185241699,-1.1703953742980957,0.42009931802749634,-0.5085635185241699,-1.1699975728988647,0.7821424007415771,-0.5085635185241699,0.780230700969696,0.7799997329711914,-0.5085635185241699
6491,277010749,86,0,0.33499118377053066,0.669313371181488,0.0,1,True,0.0010000000474974513,0.0,0.0,-0.9995054602622986,-0.031446393579244614,0.0,-0.9995054602622986,-0.031446393579244614,-0.669313371181488,-0.9995054602622986,-0.031446393579244614,-0.669313371181488
6491,277010749,86,1,0.3932489159459234,0.06910759210586548,7.806255641895632e-18,0,False,0.9258492588996887,-0.7799519896507263,-0.7393133640289307,0.9252002835273743,0.780048668384552,-0.7432480454444885,1.1687114238739014,0.7799856066703796,-0.8084209561347961,1.1693603992462158,-0.7800150513648987,-0.8044862747192383
6491,277010749,86,2,2.9016550667973,0.00743478536605835,6.014842752897541e-08,0,False,0.7200124859809875,0.7800159454345703,-0.5090370774269104,0.7200363278388977,-0.7799869775772095,-0.5058468580245972,-1.1399866342544556,-0.7800069451332092,-0.501602292060852,-1.1400107145309448,0.7799959778785706,-0.5047925710678101
6491,277010749,86,3,0.04550005001879631,0.0,0.0,0,False,0.7700055837631226,-0.6350013613700867,-0.6837925910949707,0.7699986696243286,-0.18000085651874542,-0.6837925910949707,0.8699986338615417,-0.17999932169914246,-0.6837925910949707,0.8700056076049805,-0.6349998712539673,-0.6837925910949707
6491,376932842,87,0,0.3498210824025887,0.6989434361457825,0.0,1,True,0.0010000000474974513,0.0,0.0,-0.9996974468231201,-0.024596842005848885,0.0,-0.9996974468231201,-0.024596842005848885,-0.6989434361457825,-0.9996974468231201,-0.024596842005848885,-0.6989434361457825
6491,376932842,87,1,0.15908273408574303,0.0,0.0,0,False,0.7833467721939087,-0.5560248494148254,-0.6934638619422913,0.7505199313163757,0.7781674861907959,-0.6934638619422913,0.869683027267456,0.7810993790626526,-0.6934638619422913,0.902509868144989,-0.5530929565429688,-0.6934638619422913
6491,376932842,87,2,0.40266631107743933,0.0,0.0,0,False,1.169954538345337,0.7818441987037659,-0.7689434289932251,1.2065151929855347,-0.7041015028953552,-0.7689434289932251,0.9356959462165833,-0.7107648253440857,-0.7689434289932251,0.8991352915763855,0.7751808762550354,-0.7689434289932251
6491,376932842,87,3,3.077317475205593,0.0,0.0,0,False,-1.1337803602218628,-0.8270872235298157,-0.5049251914024353,-1.1733195781707764,0.7799183130264282,-0.5049251914024353,0.7404608130455017,0.8270055055618286,-0.5049251914024353,0.7800000309944153,-0.7800000309944153,-0.5049251914024353
6491,477033728,88,0,0.34881969699741333,0.6969454884529114,1.3877787807814457e-17,1,True,0.0010000000474974513,0.0,0.0,-0.9956141114234924,0.09355522692203522,0.0,-0.9956141114234924,0.09355522692203522,-0.6969454884529114,-0.9956141114234924,0.09355522692203522,-0.6969454884529114
6491,477033728,88,1,0.32066835847999187,0.0,0.0,0,False,0.9343225359916687,0.7979174256324768,-0.6813006401062012,0.7833710312843323,-0.808506965637207,-0.6813006401062012,0.5855019688606262,-0.7899137735366821,-0.6813006401062012,0.7364534735679626,0.8165106177330017,-0.6813006401062012
6491,477033728,88,2,0.27260112146036475,0.0,0.0,0,False,1.2524333000183105,0.17225398123264313,-0.766945481300354,1.1700000762939453,-0.7049999833106995,-0.766945481300354,0.8619762063026428,-0.6760557889938354,-0.766945481300354,0.9444094300270081,0.20119816064834595,-0.766945481300354
6491,477033728,88,3,2.9911285874949343,0.0,0.0,0,False,0.7047612071037292,0.7955270409584045,-0.5080971717834473,0.5415999293327332,-0.9408345818519592,-0.5080971717834473,-1.1659640073776245,-0.7803792357444763,-0.5080971717834473,-1.0028027296066284,0.9559823870658875,-0.5080971717834473
6491,577033404,89,0,1.7520463020945554,0.7092817425727844,5.551115123125783e-17,1,True,4.000999927520752,0.0,0.0,-0.9246380925178528,-0.38084694743156433,0.0,-0.9246380925178528,-0.38084694743156433,-0.7092817425727844,-0.9246380925178528,-0.38084694743156433,-0.7092817425727844
6491,577033404,89,1,0.13435325196851594,0.11703109741210938,4.256007694186659e-08,0,False,0.46621787548065186,0.5355646014213562,-0.5392202138900757,0.6264565587043762,0.5651482343673706,-0.5793835520744324,0.7524580359458923,-0.22169113159179688,-0.6562513113021851,0.5922194123268127,-0.2512747645378113,-0.6160880327224731
6491,577033404,89,2,0.4671078286986097,0.0,0.0,0,False,0.7881510257720947,-0.4259008467197418,-0.7003567814826965,0.6481066346168518,0.4486320912837982,-0.7003567814826965,1.1688748598098755,0.532025933265686,-0.7003567814826965,1.3089193105697632,-0.3425069749355316,-0.7003567814826965
6491,577033404,89,3,0.058634243827441423,0.0,0.0,0,False,1.2075635194778442,0.5454275012016296,-0.779281735420227,0.9776253700256348,0.5086060762405396,-0.779281735420227,0.9378116130828857,0.7572305202484131,-0.779281735420227,1.1677497625350952,0.7940519452095032,-0.779281735420227
6491,577033404,89,4,3.0753887758638525,0.0,0.0,0,False,0.3847884237766266,1.0145658254623413,-0.5044711828231812,0.665858805179596,-0.7406290769577026,-0.5044711828231812,-1.0424964427947998,-1.0141987800598145,-0.5044711828231812,-1.3235667943954468,0.7409961819648743,-0.5044711828231812
6491,577033404,89,5,0.24028391854050923,0.0,0.0,0,False,-1.100434422492981,-0.5643181204795837,-0.5044711828231812,0.5239691734313965,-0.2644168734550476,-0.5044711828231812,0.5503786206245422,-0.4074624180793762,-0.5044711828231812,-1.07402503490448,-0.7073636651039124,-0.5044711828231812
6491,577033404,89,6,0.8621805107741762,0.0,0.0,0,False,0.5666109323501587,0.5546157360076904,-0.5044711828231812,-1.0620334148406982,0.2539317011833191,-0.5044711828231812,-1.156548261642456,0.7658675312995911,-0.5044711828231812,0.47209617495536804,1.0665515661239624,-0.5044711828231812
6491,577033404,89,7,0.4749054169949787,0.0,0.0,0,False,-1.0885021686553955,-0.7269065380096436,-0.5044711828231812,0.5232086181640625,-0.46881330013275146,-0.5044711828231812,0.5692144632339478,-0.7561053037643433,-0.5044711828231812,-1.0424962043762207,-1.0141985416412354,-0.5044711828231812
6491,676891914,90,0,0.3448036610083088,0.6889185309410095,3.469446951953614e-18,1,True,0.0010000000474974513,0.0,0.0,-0.9997912645339966,0.020432189106941223,0.0,-0.9997912645339966,0.020432189106941223,-0.6889185309410095,-0.9997912645339966,0.020432189106941223,-0.6889185309410095
6491,676891914,90,1,0.3072000839158058,0.0,0.0,0,False,0.8568300604820251,0.7799625992774963,-0.6706845164299011,0.8249312043190002,-0.7809182405471802,-0.6706845164299011,0.6282013654708862,-0.7768977880477905,-0.6706845164299011,0.6601002216339111,0.783983051776886,-0.6706845164299011
6491,676891914,90,2,0.4313198699912846,0.0,0.0,0,False,1.2006419897079468,0.7793737053871155,-0.7589185237884521,1.1687556505203247,-0.7808942198753357,-0.7589185237884521,0.8924314379692078,-0.7752471566200256,-0.7589185237884521,0.9243177771568298,0.7850207686424255,-0.7589185237884521
6491,676891914,90,3,2.5894727983132304,0.0,0.0,0,False,-1.171225666999817,-0.7799749374389648,-0.5042116045951843,-1.1386692523956299,0.8130798935890198,-0.5042116045951843,0.48612841963768005,0.7798747420310974,-0.5042116045951843,0.45357197523117065,-0.8131800889968872,-0.5042116045951843
6491,676891914,90,4,0.1970557007805529,0.0,0.0,0,False,0.4625717103481293,-0.777804434299469,-0.5811034440994263,0.48706647753715515,0.42077526450157166,-0.5811034440994263,0.6514055132865906,0.4174167513847351,-0.5811034440994263,0.6269107460975647,-0.7811629772186279,-0.5811034440994263
6491,777164299,91,0,2.0430557905036872,0.6809070706367493,8.673617379884035e-19,1,True,5.000999927520752,0.0,0.0,-0.9999793767929077,0.006424976047128439,0.0,-0.9999793767929077,0.006424976047128439,-0.6809070706367493,-0.9999793767929077,0.006424976047128439,-0.6809070706367493
6491,777164299,91,1,0.04295171686677968,0.0,0.0,0,False,0.6708559989929199,-0.2699733376502991,-0.6400176882743835,0.6752916574478149,0.42038366198539734,-0.6400176882743835,0.7375057339668274,0.4199839234352112,-0.6400176882743835,0.7330701351165771,-0.27037307620048523,-0.6400176882743835
6491,777164299,91,2,0.062073828349178406,0.0,0.0,0,False,0.5850006937980652,0.375192791223526,-0.5672369599342346,0.5811420679092407,-0.2253607213497162,-0.5672369599342346,0.4777853190898895,-0.22469663619995117,-0.5672369599342346,0.4816439151763916,0.37585684657096863,-0.5672369599342346
6491,777164299,91,3,0.6247424549613481,0.0,0.0,0,False,0.769981861114502,-0.77926105260849,-0.7509070634841919,0.7800161242485046,0.7825056910514832,-0.7509070634841919,1.1800224781036377,0.7799357175827026,-0.7509070634841919,1.1699882745742798,-0.7818310260772705,-0.7509070634841919
6491,777164299,91,4,0.960921868714264,0.0,0.0,0,False,-1.1225227117538452,-0.25941431522369385,-0.5059280395507812,0.7232687473297119,-0.2712739109992981,-0.5059280395507812,0.7199239134788513,-0.7918539643287659,-0.5059280395507812,-1.125867486000061,-0.7799943685531616,-0.5059280395507812
6491,777164299,91,5,0.6375977771807886,0.0,0.0,0,False,0.7194199562072754,0.43471458554267883,-0.5059280395507812,-1.127142310142517,0.4465791583061218,-0.5059280395507812,-1.124923825263977,0.7918539643287659,-0.5059280395507812,0.7216384410858154,0.7799894213676453,-0.5059280395507812
6491,777164299,91,6,0.6683967585188633,0.0,0.0,0,False,0.6748336553573608,0.4091109037399292,-0.5059280395507812,-1.1273084878921509,0.4206894636154175,-0.5059280395507812,-1.1249257326126099,0.7915642857551575,-0.5059280395507812,0.6772165298461914,0.7799857258796692,-0.5059280395507812
6491,777164299,91,7,2.5253925131282413,0.0,0.0,0,False,0.48327669501304626,0.7799789905548096,-0.5059280395507812,0.47318774461746216,-0.7902684211730957,-0.5059280395507812,-1.1350226402282715,-0.7799355983734131,-0.5059280395507812,-1.1249337196350098,0.790311872959137,-0.5059280395507812
6491,777164299,91,8,0.9925726470888061,0.0,0.0,0,False,-1.1222352981567383,-0.21470536291599274,-0.5059280395507812,0.6335597038269043,-0.22598664462566376,-0.5059280395507812,0.6299275755882263,-0.791275680065155,-0.5059280395507812,-1.1258673667907715,-0.7799944281578064,-0.5059280395507812
6491,877041476,92,0,1.0340487395088682,0.6892816424369812,0.0,1,True,2.000999927520752,0.0,0.0,-0.999049961566925,-0.043579671531915665,0.0,-0.999049961566925,-0.043579671531915665,-0.6892816424369812,-0.999049961566925,-0.043579671531915665,-0.6892816424369812
6491,877041476,92,1,0.21092747689002422,0.0,0.0,0,False,0.7575101256370544,-0.7849069833755493,-0.669029951095581,0.6893055438995361,0.7786611318588257,-0.669029951095581,0.8239507079124451,0.7845345139503479,-0.669029951095581,0.8921552896499634,-0.7790336012840271,-0.669029951095581
6491,877041476,92,2,0.19912971822586556,0.0,0.0,0,False,0.7067469358444214,0.3776935040950775,-0.6230270862579346,0.7571760416030884,-0.7783783674240112,-0.6230270862579346,0.5852563381195068,-0.7858777046203613,-0.6230270862579346,0.5348272323608398,0.3701941668987274,-0.6230270862579346
6491,877041476,92,3,0.54168387854142,0.0,0.0,0,False,0.8934894800186157,-0.7900987863540649,-0.7592816352844238,0.824999988079071,0.7800000309944153,-0.7592816352844238,1.1693446636199951,0.7950206995010376,-0.7592816352844238,1.237834095954895,-0.7750781178474426,-0.7592816352844238
6491,877041476,92,4,0.7860586316028835,0.0,0.0,0,False,0.5336543917655945,0.3715994358062744,-0.5044358372688293,-1.1171303987503052,0.2995903789997101,-0.5044358372688293,-1.1378620862960815,0.7748587131500244,-0.5044358372688293,0.5129227042198181,0.8468677997589111,-0.5044358372688293
6491,877041476,92,5,2.6908146065566534,0.0,0.0,0,False,0.5129227042198181,0.8468676805496216,-0.5044358372688293,0.5835772156715393,-0.7728646397590637,-0.5044358372688293,-1.0745388269424438,-0.8451935052871704,-0.5044358372688293,-1.1451934576034546,0.7745388150215149,-0.5044358372688293
6491,976999444,93,0,1.3944475051582805,0.697123110294342,0.0,1,True,3.000999927520752,0.0,0.0,-0.9994367957115173,0.033557914197444916,0.0,-0.9994367957115173,0.033557914197444916,-0.697123110294342,-0.9994367957115173,0.033557914197444916,-0.697123110294342
6491,976999444,93,1,0.049583238491697657,0.0,0.0,0,False,0.6104304194450378,-0.4028319716453552,-0.6280982494354248,0.6300000548362732,0.18000000715255737,-0.6280982494354248,0.7149772047996521,0.17714674770832062,-0.6280982494354248,0.6954075694084167,-0.4056852459907532,-0.6280982494354248
6491,976999444,93,2,0.1672066066527087,0.0,0.0,0,False,0.8923715949058533,0.7812634706497192,-0.6936318874359131,0.8399831652641296,-0.778992235660553,-0.6936318874359131,0.7329376935958862,-0.7753979563713074,-0.6936318874359131,0.7853261232376099,0.7848577499389648,-0.6936318874359131
6491,976999444,93,3,0.5007981609970802,0.0,0.0,0,False,0.8479824662208557,-0.775735080242157,-0.7671231031417847,0.9005060791969299,0.7885451316833496,-0.7671231031417847,1.2202916145324707,0.7778077721595764,-0.7671231031417847,1.1677680015563965,-0.786472499370575,-0.7671231031417847
6491,976999444,93,4,2.777747807776798,0.0,0.0,0,False,0.6400617361068726,0.7796621322631836,-0.5084660649299622,0.5857645273208618,-0.8374419808387756,-0.5084660649299622,-1.1300307512283325,-0.779831051826477,-0.5084660649299622,-1.0757336616516113,0.8372730612754822,-0.5084660649299622
6491,976999444,93,5,0.7825125365671015,0.0,0.0,0,False,-1.115434169769287,-0.3451019525527954,-0.5084660649299622,0.6825389862060547,-0.40547242760658264,-0.5084660649299622,0.6679421067237854,-0.8402015566825867,-0.5084660649299622,-1.1300309896469116,-0.7798311114311218,-0.5084660649299622
6491,976999444,93,6,1.0851192266281884,0.0,0.0,0,False,0.7083674073219299,0.17855097353458405,-0.5084660649299622,-1.0946365594863892,0.23909004032611847,-0.5084660649299622,-1.0744514465332031,0.8402519226074219,-0.5084660649299622,0.7285524606704712,0.7797128558158875,-0.5084660649299622
6492,76899663,94,0,1.0510624693128334,0.700507402420044,0.0,1,True,2.000999927520752,0.0,0.0,-0.9997907876968384,0.020453618839383125,0.0,-0.9997907876968384,0.020453618839383125,-0.700507402420044,-0.9997907876968384,0.020453618839383125,-0.700507402420044
6492,76899663,94,1,0.2736682629781093,0.0,0.0,0,False,0.8850250840187073,0.6774544715881348,-0.6719167232513428,0.8551771640777588,-0.7815379500389099,-0.6719167232513428,0.6676821708679199,-0.7777022123336792,-0.6719167232513428,0.6975300908088684,0.6812902092933655,-0.6719167232513428
6492,76899663,94,2,0.4855972548703775,0.0,0.0,0,False,0.8595959544181824,-0.778559684753418,-0.7705073952674866,0.8915972709655762,0.785695493221283,-0.7705073952674866,1.2019009590148926,0.77934730052948,-0.7705073952674866,1.169899582862854,-0.784907877445221,-0.7705073952674866
6492,76899663,94,3,0.17546332466930714,0.0,0.0,0,False,0.6741815805435181,0.6799957752227783,-0.5088828802108765,-1.080084204673767,0.7158842086791992,-0.5088828802108765,-1.0780389308929443,0.815863311290741,-0.5088828802108765,0.6762269139289856,0.7799748778343201,-0.5088828802108765
6492,76899663,94,4,2.808939854813893,0.0,0.0,0,False,0.6820549964904785,0.7798555493354797,-0.5088828802108765,0.6494198441505432,-0.8153802156448364,-0.5088828802108765,-1.1106740236282349,-0.7793723940849304,-0.5088828802108765,-1.0780389308929443,0.8158633708953857,-0.5088828802108765
6492,177009881,95,0,1.0366395786249998,0.6908629536628723,0.0,1,True,2.000999927520752,0.0,0.0,-0.9999988675117493,-0.0015195294981822371,0.0,-0.9999988675117493,-0.0015195294981822371,-0.6908629536628723,-0.9999988675117493,-0.0015195294981822371,-0.6908629536628723
6492,177009881,95,1,0.1575337967604984,0.0,0.0,0,False,0.7804564237594604,-0.7802273035049438,-0.7090837955474854,0.7788600325584412,0.2699982821941376,-0.7090837955474854,0.9288596510887146,0.27022626996040344,-0.7090837955474854,0.9304560422897339,-0.7799992561340332,-0.7090837955474854
6492,177009881,95,2,0.3795146461390857,0.0,0.0,0,False,0.9316878318786621,-0.7803622484207153,-0.7608629465103149,0.9294306039810181,0.7046115398406982,-0.7608629465103149,1.184999942779541,0.7050000429153442,-0.7608629465103149,1.187257170677185,-0.7799737453460693,-0.7608629465103149
6492,177009881,95,3,2.9778081710899738,0.0,0.0,0,False,0.7779435515403748,0.7828924655914307,-0.5055765509605408,0.7803192138671875,-0.7799994945526123,-0.5055765509605408,-1.1249955892562866,-0.7828956842422485,-0.5055765509605408,-1.1273713111877441,0.7799963355064392,-0.5055765509605408
6492,177009881,95,4,0.9995234871386023,0.0,0.0,0,False,0.8257743120193481,0.2705255448818207,-0.5055765509605408,-1.1247456073760986,0.2675608992576599,-0.5055765509605408,-1.1255244016647339,0.7799992561340332,-0.5055765509605408,0.8249954581260681,0.7829638719558716,-0.5055765509605408
6492,276947433,96,0,0.34605414368405907,0.6914186477661133,1.3877787807814457e-17,1,True,0.0010000000474974513,0.0,0.0,-0.9974496960639954,0.0713726356625557,0.0,-0.9974496960639954,0.0713726356625557,-0.6914186477661133,-0.9974496960639954,0.0713726356625557,-0.6914186477661133
6492,276947433,96,1,0.13794661029458322,0.0,0.0,0,False,0.8776280283927917,0.7837474346160889,-0.6839206218719482,0.7880023121833801,-0.468792587518692,-0.6839206218719482,0.6784298419952393,-0.46095210313796997,-0.6839206218719482,0.7680555582046509,0.7915878891944885,-0.6839206218719482
6492,276947433,96,2,3.0534751542293606,0.0,0.0,0,False,-1.1872442960739136,-0.7787659764289856,-0.5048224925994873,-1.067017674446106,0.9014301896095276,-0.5048224925994873,0.741057276725769,0.7720532417297363,-0.5048224925994873,0.6208306550979614,-0.9081429243087769,-0.5048224925994873
6492,276947433,96,3,0.5817735760464018,0.0,0.0,0,False,0.7678704261779785,-0.7683987617492676,-0.7614186406135559,0.8801504373550415,0.8007401823997498,-0.7614186406135559,1.2490215301513672,0.7743455171585083,-0.7614186406135559,1.1367415189743042,-0.7947933673858643,-0.7614186406135559
6492,377062901,97,0,2.4922297930632182,0.7119643688201904,4.336808689942018e-19,1,True,6.000999927520752,0.0,0.0,-0.999995231628418,-0.003093288280069828,0.0,-0.999995231628418,-0.003093288280069828,-0.7119643688201904,-0.999995231628418,-0.003093288280069828,-0.7119643688201904
6492,377062901,97,1,0.15921485376506084,0.0,0.0,0,False,0.48102259635925293,-0.40560001134872437,-0.5910207629203796,0.47851625084877014,0.40471702814102173,-0.5910207629203796,0.6749989986419678,0.4053247570991516,-0.5910207629203796,0.677505373954773,-0.4049922823905945,-0.5910207629203796
6492,377062901,97,2,0.20923187411914057,0.0,0.0,0,False,0.9458837509155273,-0.705693244934082,-0.7819643616676331,0.943004846572876,0.22499382495880127,-0.7819643616676331,1.1678171157836914,0.22568923234939575,-0.7819643616676331,1.1706960201263428,-0.7049978375434875,-0.7819643616676331
6492,377062901,97,3,0.1608050825472933,0.0,0.0,0,False,0.7801400423049927,-0.5252779722213745,-0.7483789324760437,0.7768914699554443,0.5249903798103333,-0.7483789324760437,0.9299985766410828,0.5254639387130737,-0.7483789324760437,0.9332471489906311,-0.5248043537139893,-0.7483789324760437
6492,377062901,97,4,2.5144300875899113,0.0,0.0,0,False,0.4768761992454529,0.7849546074867249,-0.5056119561195374,0.48171666264533997,-0.7799946665763855,-0.5056119561195374,-1.124984622001648,-0.7849642634391785,-0.5056119561195374,-1.1298251152038574,0.7799850106239319,-0.5056119561195374
6492,377062901,97,5,0.6966368231419366,0.0,0.0,0,False,-1.126112461090088,-0.42032819986343384,-0.5056119561195374,0.7795187830924988,-0.414434015750885,-0.5056119561195374,0.7806494832038879,-0.7799980044364929,-0.5056119561195374,-1.1249817609786987,-0.7858921885490417,-0.5056119561195374
6492,377062901,97,6,0.6736914288148732,0.0,0.0,0,False,0.7211111783981323,0.4207457900047302,-0.5056119561195374,-1.124799132347107,0.41503632068634033,-0.5056119561195374,-1.1259279251098633,0.7799971699714661,-0.5056119561195374,0.7199823260307312,0.785706639289856,-0.5056119561195374
6492,377062901,97,7,0.15854781460115674,0.0,0.0,0,False,0.7758234143257141,0.7803117632865906,-0.5056119561195374,0.7806495428085327,-0.7799980640411377,-0.5056119561195374,0.6790375113487244,-0.7803123593330383,-0.5056119561195374,0.674211323261261,0.7799974679946899,-0.5056119561195374
6492,377062901,97,8,0.4454080865647434,0.0,0.0,0,False,-1.1256877183914185,-0.5576931238174438,-0.5056119561195374,0.8249433040618896,-0.5516597032546997,-0.5056119561195374,0.8256495594978333,-0.7799980044364929,-0.5056119561195374,-1.12498140335083,-0.7860314846038818,-0.5056119561195374
6492,377062901,97,9,0.5083074993191339,0.0,0.0,0,False,0.825787365436554,0.5254663825035095,-0.5056119561195374,-1.1249828338623047,0.5194324851036072,-0.5056119561195374,-1.1257888078689575,0.7799975872039795,-0.5056119561195374,0.8249813914299011,0.7860314846038818,-0.5056119561195374
6492,477006286,98,0,0.3578909995831558,0.7150701880455017,0.0,1,True,0.0010000000474974513,0.0,0.0,-0.9954200983047485,0.09559740126132965,0.0,-0.9954200983047485,0.09559740126132965,-0.7150701880455017,-0.9954200983047485,0.09559740126132965,-0.7150701880455017
6492,477006286,98,1,0.32285264436411865,0.0,0.0,0,False,1.2656352519989014,0.7708154320716858,-0.7850701808929443,1.1145819425582886,-0.80204838514328,-0.7850701808929443,0.9111936092376709,-0.7825155854225159,-0.7850701808929443,1.0622469186782837,0.79034823179245,-0.7850701808929443
6492,477006286,98,2,0.49371141108828276,0.0,0.0,0,False,0.5737268328666687,-0.7659522891044617,-0.6758900284767151,0.7236834168434143,0.7954923510551453,-0.6758900284767151,1.0369826555252075,0.7654039859771729,-0.6758900284767151,0.8870261311531067,-0.7960406541824341,-0.6758900284767151
6492,477006286,98,3,2.863906956124792,0.0,0.0,0,False,-1.1611838340759277,-0.7765249609947205,-0.5045361518859863,-0.9966962337493896,0.9362233877182007,-0.5045361518859863,0.660134494304657,0.777105987071991,-0.5045361518859863,0.4956469237804413,-0.9356423616409302,-0.5045361518859863
6492,576882005,99,0,1.7816152311194358,0.7125709056854248,0.0,1,True,4.000999927520752,0.0,0.0,-0.9994096159934998,-0.034357160329818726,0.0,-0.9994096159934998,-0.034357160329818726,-0.7125709056854248,-0.9994096159934998,-0.034357160329818726,-0.7125709056854248
6492,576882005,99,1,0.1917067210738832,0.0,0.0,0,False,0.8027685284614563,-0.4823112487792969,-0.7026988863945007,0.7594155073165894,0.7787766456604004,-0.7026988863945007,0.911253035068512,0.7839964032173157,-0.7026988863945007,0.9546059966087341,-0.4770914614200592,-0.7026988863945007
6492,576882005,99,2,0.13088187345065272,0.0,0.0,0,False,0.7696457505226135,0.4211910665035248,-0.6474741101264954,0.796837329864502,-0.36978018283843994,-0.6474741101264954,0.6315628290176392,-0.3754619061946869,-0.6474741101264954,0.6043712496757507,0.41550934314727783,-0.6474741101264954
6492,576882005,99,3,0.36361952552982757,0.0,0.0,0,False,0.9605224132537842,-0.6315290927886963,-0.7825708985328674,0.9120720624923706,0.7778366208076477,-0.7825708985328674,1.1697697639465332,0.7866955995559692,-0.7825708985328674,1.2182201147079468,-0.6226701140403748,-0.7825708985328674
6492,576882005,99,4,0.5681730192937238,0.0,0.0,0,False,-1.0859166383743286,-0.5478925108909607,-0.5051854848861694,0.8219851851463318,-0.4823036789894104,-0.5051854848861694,0.8322107195854187,-0.7797520756721497,-0.5051854848861694,-1.0756911039352417,-0.8453409075737,-0.5051854848861694
6492,576882005,99,5,0.7966702693961114,0.0,0.0,0,False,0.770048975944519,0.4231301546096802,-0.5051854848861694,-1.1177200078964233,0.35823342204093933,-0.5051854848861694,-1.1322107315063477,0.7797520756721497,-0.5051854848861694,0.7555582523345947,0.8446488380432129,-0.5051854848861694
6492,576882005,99,6,2.781907550020307,0.0,0.0,0,False,0.5846638679504395,0.8387739658355713,-0.5051854848861694,0.6403010487556458,-0.7796458005905151,-0.5051854848861694,-1.0765734910964966,-0.838667631149292,-0.5051854848861694,-1.1322107315063477,0.7797521352767944,-0.5051854848861694
6492,576882005,99,7,0.7615964957477175,0.0,0.0,0,False,-1.089769959449768,-0.4358057379722595,-0.5051854848861694,0.7747302055358887,-0.3717089295387268,-0.5051854848861694,0.7887558937072754,-0.7796989679336548,-0.5051854848861694,-1.0757442712783813,-0.8437957763671875,-0.5051854848861694
6492,676895098,100,0,0.3513539927068963,0.7020062208175659,3.469446951953614e-18,1,True,0.0010000000474974513,0.0,0.0,-0.9996356964111328,-0.026990996673703194,0.0,-0.9996356964111328,-0.026990996673703194,-0.7020062208175659,-0.9996356964111328,-0.026990996673703194,-0.7020062208175659
6492,676895098,100,1,0.31347863315272306,0.0,0.0,0,False,0.9250741600990295,0.5727021098136902,-0.6891810297966003,0.9616408348083496,-0.7815758585929871,-0.6891810297966003,0.7303365468978882,-0.7878212332725525,-0.6891810297966003,0.6937699317932129,0.5664567351341248,-0.6891810297966003
6492,676895098,100,2,2.911526504628256,0.0,0.0,0,False,-1.0910924673080444,-0.8208007216453552,-0.5047776699066162,-1.1343085765838623,0.7797487378120422,-0.5047776699066162,0.6834455728530884,0.8288295865058899,-0.5047776699066162,0.7266616821289062,-0.7717198729515076,-0.5047776699066162
6492,676895098,100,3,0.38958304987004233,0.0,0.0,0,False,0.9625194668769836,-0.7843870520591736,-0.7720062136650085,0.9203960299491882,0.7756906151771545,-0.7720062136650085,1.1699343919754028,0.7824283838272095,-0.7720062136650085,1.2120578289031982,-0.7776493430137634,-0.7720062136650085
6492,776877566,101,0,1.7851784202130823,0.7141988277435303,0.0,1,True,4.000999927520752,0.0,0.0,-0.9976352453231812,-0.06873095035552979,0.0,-0.9976352453231812,-0.06873095035552979,-0.7141988277435303,-0.9976352453231812,-0.06873095035552979,-0.7141988277435303
6492,776877566,101,1,0.038578051532965674,0.0,0.0,0,False,0.6299999952316284,-0.18000000715255737,-0.6219395995140076,0.5950301289558411,0.3275907635688782,-0.6219395995140076,0.6706733703613281,0.3328021168708801,-0.6219395995140076,0.7056432366371155,-0.17478865385055542,-0.6219395995140076
6492,776877566,101,2,0.10538696525026392,0.0,0.0,0,False,0.9991521239280701,0.26443004608154297,-0.7841988205909729,0.9639696478843689,0.7751064300537109,-0.7841988205909729,1.169362187385559,0.789256751537323,-0.7841988205909729,1.2045446634292603,0.27858033776283264,-0.7841988205909729
6492,776877566,101,3,0.2895724003911333,0.0,0.0,0,False,0.8189765810966492,-0.7907490134239197,-0.7326033711433411,0.7392841577529907,0.36599448323249817,-0.7326033711433411,0.988435685634613,0.38315948843955994,-0.7326033711433411,1.068128228187561,-0.7735840082168579,-0.7326033711433411
6492,776877566,101,4,2.8960384367965553,0.0,0.0,0,False,0.5545806288719177,0.8988129496574402,-0.5053505897521973,0.6688457727432251,-0.7597557902336121,-0.5053505897521973,-1.0690127611160278,-0.8794834613800049,-0.5053505897521973,-1.1832778453826904,0.7790852189064026,-0.5053505897521973
6492,776877566,101,5,1.1315685219446894,0.0,0.0,0,False,-1.1089426279067993,-0.2998959422111511,-0.5053505897521973,0.7453564405441284,-0.17214615643024445,-0.5053505897521973,0.7871996760368347,-0.7795040011405945,-0.5053505897521973,-1.0670994520187378,-0.9072537422180176,-0.5053505897521973
6492,776877566,101,6,1.0566400731242744,0.0,0.0,0,False,0.7055423259735107,0.33667653799057007,-0.5053505897521973,-1.1399987936019897,0.20953013002872467,-0.5053505897521973,-1.1792566776275635,0.7793622612953186,-0.5053505897521973,0.6662843823432922,0.9065086245536804,-0.5053505897521973
6492,776877566,101,7,1.0041632411694081,0.0,0.0,0,False,0.7035925388336182,0.3649764955043793,-0.5053505897521973,-1.1419484615325928,0.23783013224601746,-0.5053505897521973,-1.1792566776275635,0.7793622016906738,-0.5053505897521973,0.6662843227386475,0.9065085649490356,-0.5053505897521973
6492,876899118,102,0,0.6896266531074305,0.6894043684005737,0.0,1,True,1.0010000467300415,0.0,0.0,-0.9992900490760803,-0.03767478093504906,0.0,-0.9992900490760803,-0.03767478093504906,-0.6894043684005737,-0.9992900490760803,-0.03767478093504906,-0.6894043684005737
6492,876899118,102,1,0.2382026231368357,0.0,0.0,0,False,0.8281872868537903,0.7835132479667664,-0.6842034459114075,0.8873228430747986,-0.7850020527839661,-0.6842034459114075,0.7356733083724976,-0.7907194495201111,-0.6842034459114075,0.6765378713607788,0.7777958512306213,-0.6842034459114075
6492,876899118,102,2,0.4040000628422149,0.0,0.0,0,False,1.1695102453231812,0.7929885387420654,-0.7594043612480164,1.2287307977676392,-0.7777856588363647,-0.7594043612480164,0.9718978404998779,-0.787468671798706,-0.7594043612480164,0.9126772284507751,0.7833055257797241,-0.7594043612480164
6492,876899118,102,3,3.0278979875241845,0.0,0.0,0,False,0.6723812818527222,0.8494606018066406,-0.505099892616272,0.7337948083877563,-0.7794798612594604,-0.505099892616272,-1.1223812103271484,-0.8494606018066406,-0.505099892616272,-1.1837947368621826,0.7794798612594604,-0.505099892616272
6492,977027128,103,0,2.121690026417127,0.7072754502296448,0.0,1,True,5.000999927520752,0.0,0.0,-0.9983377456665039,-0.05763450264930725,0.0,-0.9983377456665039,-0.05763450264930725,-0.7072754502296448,-0.9983377456665039,-0.05763450264930725,-0.7072754502296448
6492,977027128,103,1,0.1860027484958824,0.0,0.0,0,False,0.689402163028717,0.5644910335540771,-0.6026148200035095,0.7451375722885132,-0.40095093846321106,-0.6026148200035095,0.5531167984008789,-0.41203635931015015,-0.6026148200035095,0.49738141894340515,0.5534055829048157,-0.6026148200035095
6492,977027128,103,2,0.2962495168442416,0.0,0.0,0,False,0.9056545495986938,0.7811923623085022,-0.7016745209693909,0.9896723628044128,-0.6741530299186707,-0.7016745209693909,0.7867889404296875,-0.685865581035614,-0.7016745209693909,0.7027711272239685,0.7694798111915588,-0.7016745209693909
6492,977027128,103,3,0.3893427255996471,0.0,0.0,0,False,0.9980380535125732,-0.7290615439414978,-0.7772754430770874,0.9112815260887146,0.7737236022949219,-0.7772754430770874,1.1695016622543335,0.7886307835578918,-0.7772754430770874,1.256258249282837,-0.7141543626785278,-0.7772754430770874
6492,977027128,103,4,0.5399632386927635,0.0,0.0,0,False,0.5344744324684143,0.5558852553367615,-0.5094995498657227,-1.1442604064941406,0.4589710831642151,-0.5094995498657227,-1.1627676486968994,0.7795515656471252,-0.5094995498657227,0.5159671902656555,0.8764657378196716,-0.5094995498657227
6492,977027128,103,5,2.7292192358901275,0.0,0.0,0,False,0.47796201705932617,0.8742715716362,-0.5094995498657227,0.5734522938728333,-0.7798006534576416,-0.5094995498657227,-1.0710668563842773,-0.8747394680976868,-0.5094995498657227,-1.1665571928024292,0.7793327569961548,-0.5094995498657227
6492,977027128,103,6,0.6126312454577532,0.0,0.0,0,False,-1.092279076576233,-0.5073043704032898,-0.5094995498657227,0.5695016980171204,-0.4113692343235016,-0.5094995498657227,0.5907137989997864,-0.7788041234016418,-0.5094995498657227,-1.071066975593567,-0.8747392892837524,-0.5094995498657227
6492,977027128,103,7,0.1894980264794821,0.0,0.0,0,False,0.4812600016593933,0.7581747770309448,-0.5094995498657227,-1.1483089923858643,0.6640990376472473,-0.5094995498657227,-1.1549999713897705,0.7799999713897705,-0.5094995498657227,0.4745689928531647,0.874075710773468,-0.5094995498657227
6492,977027128,103,8,0.1396139348588754,0.0,0.0,0,False,-0.8261295557022095,-0.7604326009750366,-0.5094995498657227,0.5676888823509216,-0.6799668669700623,-0.5094995498657227,0.573452353477478,-0.7798006534576416,-0.5094995498657227,-0.8203661441802979,-0.860266387462616,-0.5094995498657227
6493,77013388,104,0,1.4061159593027082,0.7028824687004089,2.168404344971009e-19,1,True,3.000999927520752,0.0,0.0,-0.9999985098838806,0.0017193211242556572,0.0,-0.9999985098838806,0.0017193211242556572,-0.7028824687004089,-0.9999985098838806,0.0017193211242556572,-0.7028824687004089
6493,77013388,104,1,0.04162651350361379,0.0,0.0,0,False,0.8261861205101013,0.11992058902978897,-0.673353910446167,0.8249999284744263,-0.5700000524520874,-0.673353910446167,0.764664888381958,-0.5698963403701782,-0.673353910446167,0.7658510804176331,0.12002433091402054,-0.673353910446167
6493,77013388,104,2,0.4487104250052898,0.0,0.0,0,False,0.8678337335586548,-0.7799704670906067,-0.7728824615478516,0.8703877329826355,0.7055150866508484,-0.7728824615478516,1.1724499464035034,0.7049957513809204,-0.7728824615478516,1.1698960065841675,-0.7804898023605347,-0.7728824615478516
6493,77013388,104,3,1.1492576252441813,0.0,0.0,0,False,0.779323935508728,0.17682881653308868,-0.5059357285499573,-1.1260313987731934,0.18010494112968445,-0.5059357285499573,-1.1249942779541016,0.7832754850387573,-0.5059357285499573,0.7803610563278198,0.7799993753433228,-0.5059357285499573
6493,77013388,104,4,2.9550719072478344,0.0,0.0,0,False,0.7654382586479187,0.77992182970047,-0.5059357285499573,0.7627506852149963,-0.7832456231117249,-0.5059357285499573,-1.1276822090148926,-0.7799953818321228,-0.5059357285499573,-1.1249946355819702,0.783172070980072,-0.5059357285499573
6493,77013388,104,5,0.406363781487304,0.0,0.0,0,False,-1.1249943971633911,-0.5667254328727722,-0.5059357285499573,0.7803609371185303,-0.5700006484985352,-0.5059357285499573,0.7799943089485168,-0.7832745313644409,-0.5059357285499573,-1.1253609657287598,-0.7799993753433228,-0.5059357285499573
6493,177088607,105,0,1.408343850736809,0.7039967179298401,0.0,1,True,3.000999927520752,0.0,0.0,-0.9999940991401672,0.0034352955408394337,0.0,-0.9999940991401672,0.0034352955408394337,-0.7039967179298401,-0.9999940991401672,0.0034352955408394337,-0.7039967179298401
6493,177088607,105,1,0.09568248564219983,0.0,0.0,0,False,0.7330945134162903,-0.22468428313732147,-0.6866658926010132,0.735516369342804,0.480307400226593,-0.6866658926010132,0.8712362051010132,0.4798411726951599,-0.6866658926010132,0.8688143491744995,-0.22515052556991577,-0.6866658926010132
6493,177088607,105,2,0.47245743176416966,0.0,0.0,0,False,0.8670641183853149,-0.7796291708946228,-0.7739967107772827,0.8724254369735718,0.7810222506523132,-0.7739967107772827,1.1751527786254883,0.7799822688102722,-0.7739967107772827,1.1697914600372314,-0.7806691527366638,-0.7739967107772827
6493,177088607,105,3,2.8982540628529616,0.0,0.0,0,False,0.7253590822219849,0.7799816727638245,-0.5053651928901672,0.7199782729148865,-0.7863380312919617,-0.5053651928901672,-1.1303590536117554,-0.7799816131591797,-0.5053651928901672,-1.1249783039093018,0.7863380908966064,-0.5053651928901672
6493,177088607,105,4,1.0932776195779952,0.0,0.0,0,False,-1.1235898733139038,-0.2194911241531372,-0.5053651928901672,0.8269025087356567,-0.2261917144060135,-0.5053651928901672,0.8249769806861877,-0.7866987586021423,-0.5053651928901672,-1.125515341758728,-0.7799981832504272,-0.5053651928901672
6493,177088607,105,5,0.5104951044356767,0.0,0.0,0,False,0.8248223662376404,0.5183019042015076,-0.5053651928901672,-1.1258759498596191,0.5250030159950256,-0.5053651928901672,-1.1249768733978271,0.786698579788208,-0.5053651928901672,0.8257213234901428,0.7799974679946899,-0.5053651928901672
6493,276914158,106,0,0.6928007255887079,0.6925074458122253,0.0,1,True,1.0010000467300415,0.0,0.0,-0.9996941089630127,0.024731477722525597,0.0,-0.9996941089630127,0.024731477722525597,-0.6925074458122253,-0.9996941089630127,0.024731477722525597,-0.6925074458122253
6493,276914158,106,1,0.3653471237247068,0.0,0.0,0,False,0.9176143407821655,0.7814196348190308,-0.678812563419342,0.8789350390434265,-0.782076358795166,-0.678812563419342,0.6454047560691833,-0.7762990593910217,-0.678812563419342,0.6840840578079224,0.787196934223175,-0.678812563419342
6493,276914158,106,2,0.4393658180605513,0.0,0.0,0,False,1.2070857286453247,0.7790824770927429,-0.762507438659668,1.1683971881866455,-0.7847844362258911,-0.762507438659668,0.8876206874847412,-0.7778382301330566,-0.762507438659668,0.9263092279434204,0.7860286831855774,-0.762507438659668
6493,276914158,106,3,2.9105806363549505,0.0,0.0,0,False,0.6824171543121338,0.7798164486885071,-0.5048843622207642,0.6427194476127625,-0.8248447775840759,-0.5048843622207642,-1.1699998378753662,-0.7799999117851257,-0.5048843622207642,-1.1303021907806396,0.8246613144874573,-0.5048843622207642
6493,376963418,107,0,1.0180665496403207,0.6784904599189758,0.0,1,True,2.000999927520752,0.0,0.0,-0.9999630451202393,-0.008595343679189682,0.0,-0.9999630451202393,-0.008595343679189682,-0.6784904599189758,-0.9999630451202393,-0.008595343679189682,-0.6784904599189758
6493,376963418,107,1,0.26404634248680203,0.0,0.0,0,False,0.6338821649551392,-0.781642735004425,-0.6570916771888733,0.6226655840873718,0.523260772228241,-0.6570916771888733,0.8249999284744263,0.5249999761581421,-0.6570916771888733,0.8362165689468384,-0.7799035310745239,-0.6570916771888733
6493,376963418,107,2,0.48626742314328375,0.0,0.0,0,False,0.8718160390853882,-0.781273603439331,-0.7484904527664185,0.8584020733833313,0.7792555689811707,-0.7484904527664185,1.1699832677841187,0.7819338440895081,-0.7484904527664185,1.1833971738815308,-0.7785953283309937,-0.7484904527664185
6493,376963418,107,3,2.7673579957911727,0.0,0.0,0,False,0.6195639967918396,0.7940933108329773,-0.5054982900619507,0.6330942511558533,-0.7799733281135559,-0.5054982900619507,-1.1248704195022583,-0.7950842976570129,-0.5054982900619507,-1.138400673866272,0.7789823412895203,-0.5054982900619507
6493,376963418,107,4,0.49791016871796856,0.0,0.0,0,False,0.722188413143158,0.5254056453704834,-0.5054982900619507,-1.1248669624328613,0.5095289349555969,-0.5054982900619507,-1.1271839141845703,0.7790787220001221,-0.5054982900619507,0.719871461391449,0.7949554324150085,-0.5054982900619507
6493,476880845,108,0,2.1308801908248705,0.7102015614509583,3.469446951953614e-18,1,True,5.000999927520752,0.0,0.0,-0.9997311234474182,-0.023188523948192596,0.0,-0.9997311234474182,-0.023188523948192596,-0.7102015614509583,-0.9997311234474182,-0.023188523948192596,-0.7102015614509583
6493,476880845,108,1,0.09282594508625985,0.0,0.0,0,False,0.4845770299434662,-0.3173292875289917,-0.5838444232940674,0.4710395932197571,0.26631295680999756,-0.5838444232940674,0.6300000548362732,0.27000001072883606,-0.5838444232940674,0.6435374617576599,-0.3136422336101532,-0.5838444232940674
6493,476880845,108,2,0.28923602697694584,0.0,0.0,0,False,0.6813964247703552,-0.6807664036750793,-0.681519091129303,0.6559552550315857,0.4160790741443634,-0.681519091129303,0.9195114970207214,0.42219221591949463,-0.681519091129303,0.9449527263641357,-0.6746532320976257,-0.681519091129303
6493,476880845,108,3,0.3580453714816709,0.0,0.0,0,False,0.9471762180328369,-0.7105162739753723,-0.7802015542984009,0.914424479007721,0.7015074491500854,-0.7802015542984009,1.167857050895691,0.707385778427124,-0.7802015542984009,1.2006088495254517,-0.7046379446983337,-0.7802015542984009
6493,476880845,108,4,2.507024475154229,0.0,0.0,0,False,0.45586302876472473,0.8156238794326782,-0.5045945644378662,0.492866188287735,-0.7797016501426697,-0.5045945644378662,-1.0777702331542969,-0.816132128238678,-0.5045945644378662,-1.1147735118865967,0.7791933417320251,-0.5045945644378662
6493,476880845,108,5,0.8206029175170562,0.0,0.0,0,False,-1.0884766578674316,-0.35455113649368286,-0.5045945644378662,0.6711435317993164,-0.3137371242046356,-0.5045945644378662,0.6819546818733215,-0.7798386812210083,-0.5045945644378662,-1.0776654481887817,-0.8206526637077332,-0.5045945644378662
6493,476880845,108,6,0.9372708119202624,0.0,0.0,0,False,0.6417423486709595,0.27375155687332153,-0.5045945644378662,-1.0742930173873901,0.2339484989643097,-0.5045945644378662,-1.0869548320770264,0.7798386812210083,-0.5045945644378662,0.6290805339813232,0.8196417093276978,-0.5045945644378662
6493,476880845,108,7,0.17395316178193454,0.0,0.0,0,False,-1.021383285522461,-0.7203643918037415,-0.5045945644378662,0.7176811099052429,-0.6800268888473511,-0.5045945644378662,0.7199999690055847,-0.7799999713897705,-0.5045945644378662,-1.0190643072128296,-0.8203374743461609,-0.5045945644378662
6493,476880845,108,8,0.7038110324389706,0.0,0.0,0,False,0.683321475982666,0.4212368130683899,-0.5045945644378662,-1.077689528465271,0.380390465259552,-0.5045945644378662,-1.0869545936584473,0.7798386216163635,-0.5045945644378662,0.674056351184845,0.8206849694252014,-0.5045945644378662
6493,576952272,109,0,0.33995581198639296,0.6792325377464294,0.0,1,True,0.0010000000474974513,0.0,0.0,-0.9998124837875366,-0.019363392144441605,0.0,-0.9998124837875366,-0.019363392144441605,-0.6792325377464294,-0.9998124837875366,-0.019363392144441605,-0.6792325377464294
6493,576952272,109,1,0.3801444658245252,0.0,0.0,0,False,0.6300562024116516,-0.7829038500785828,-0.6512647271156311,0.5998325347900391,0.7776725888252258,-0.6512647271156311,0.8433335423469543,0.78238844871521,-0.6512647271156311,0.8735572099685669,-0.7781879901885986,-0.6512647271156311
6493,576952272,109,2,2.66330061277435,0.0,0.0,0,False,-1.0782760381698608,-0.8090171217918396,-0.5043580532073975,-1.1090171337127686,0.7782759070396423,-0.5043580532073975,0.5682421922683716,0.8107593655586243,-0.5043580532073975,0.5989832878112793,-0.7765336632728577,-0.5043580532073975
6493,576952272,109,3,0.5098271946788362,0.0,0.0,0,False,0.8741611242294312,-0.7848579287528992,-0.7492325305938721,0.8438867926597595,0.7783321738243103,-0.7492325305938721,1.1699098348617554,0.7846462726593018,-0.7492325305938721,1.2001842260360718,-0.7785438299179077,-0.7492325305938721
6493,676912574,110,0,2.535630984197558,0.7244114875793457,0.0,1,True,6.000999927520752,0.0,0.0,-0.9994479417800903,0.033224351704120636,0.0,-0.9994479417800903,0.033224351704120636,-0.7244114875793457,-0.9994479417800903,0.033224351704120636,-0.7244114875793457
6493,676912574,110,1,0.21560922035413022,0.0,0.0,0,False,0.8101069927215576,-0.7780089974403381,-0.7246943712234497,0.853556752204895,0.5290370583534241,-0.7246943712234497,1.0183337926864624,0.5235594511032104,-0.7246943712234497,0.9748840928077698,-0.7834866046905518,-0.7246943712234497
6493,676912574,110,2,0.10899941152111214,0.0,0.0,0,False,0.46517321467399597,-0.3260166347026825,-0.586312472820282,0.48713886737823486,0.33474910259246826,-0.586312472820282,0.6519160270690918,0.32927146553993225,-0.586312472820282,0.6299503445625305,-0.3314942717552185,-0.586312472820282
6493,676912574,110,3,0.30123792197980137,0.0,0.0,0,False,0.975221574306488,-0.7770155072212219,-0.7944114804267883,1.0271388292312622,0.7847490906715393,-0.7944114804267883,1.2198089361190796,0.7783442139625549,-0.7944114804267883,1.1678917407989502,-0.7834203839302063,-0.7944114804267883
6493,676912574,110,4,0.13801186192331905,0.0,0.0,0,False,0.6481693983078003,-0.4771134853363037,-0.6755716800689697,0.6751656532287598,0.33498090505599976,-0.6755716800689697,0.8449236750602722,0.3293376863002777,-0.6755716800689697,0.817927360534668,-0.48275673389434814,-0.6755716800689697
6493,676912574,110,5,0.43304926627633833,0.0,0.0,0,False,0.6738409996032715,0.5351338982582092,-0.5038745999336243,-1.1311453580856323,0.5951362252235413,-0.5038745999336243,-1.1231787204742432,0.8347896933555603,-0.5038745999336243,0.6818076968193054,0.7747873663902283,-0.5038745999336243
6493,676912574,110,6,2.6138980403246492,0.0,0.0,0,False,0.4969351291656494,0.7794370055198669,-0.5038745999336243,0.4433620274066925,-0.8321366310119629,-0.5038745999336243,-1.1768014430999756,-0.7782779335975647,-0.5038745999336243,-1.1232283115386963,0.8332956433296204,-0.5038745999336243
6493,676912574,110,7,0.906128335643043,0.0,0.0,0,False,-1.1500180959701538,-0.2743178606033325,-0.5038745999336243,0.6448267698287964,-0.3339833617210388,-0.5038745999336243,0.6280627250671387,-0.8382765650749207,-0.5038745999336243,-1.166782259941101,-0.7786110639572144,-0.5038745999336243
6493,676912574,110,8,0.8077237330765428,0.0,0.0,0,False,0.6714677810668945,0.3287438750267029,-0.5038745999336243,-1.1380014419555664,0.38889551162719727,-0.5038745999336243,-1.1231787204742432,0.8347898721694946,-0.5038745999336243,0.6862905025482178,0.7746382355690002,-0.5038745999336243
6493,676912574,110,9,0.6488290900172196,0.0,0.0,0,False,-1.154778242111206,-0.41751420497894287,-0.5038745999336243,0.6400666236877441,-0.47717979550361633,-0.5038745999336243,0.6280627250671387,-0.8382766842842102,-0.5038745999336243,-1.1667821407318115,-0.7786110639572144,-0.5038745999336243
6493,676912574,110,10,0.7959943165111847,0.0,0.0,0,False,0.6716830134391785,0.33521896600723267,-0.5038745999336243,-1.1377860307693481,0.395370751619339,-0.5038745999336243,-1.123178482055664,0.834790050983429,-0.5038745999336243,0.6862905621528625,0.774638295173645,-0.5038745999336243
6493,777076167,111,0,0.6865563179559588,0.6862131953239441,0.0,1,True,1.0010000467300415,0.0,0.0,-1.0,-3.3588376027182676e-06,0.0,-1.0,-3.3588376027182676e-06,-0.6862131953239441,-1.0,-3.3588376027182676e-06,-0.6862131953239441
6493,777076167,111,1,0.3710295440956557,0.0,0.0,0,False,0.6300013065338135,-0.6750008463859558,-0.6668649911880493,0.6299965977668762,0.779999315738678,-0.6668649911880493,0.884999692440033,0.7800001502037048,-0.6668649911880493,0.8850044012069702,-0.675000011920929,-0.6668649911880493
6493,777076167,111,2,0.39780680866911844,0.0,0.0,0,False,0.9150007367134094,-0.780000627040863,-0.7562131881713867,0.9149956703186035,0.7800000309944153,-0.7562131881713867,1.1699999570846558,0.7800008058547974,-0.7562131881713867,1.170004963874817,-0.779999852180481,-0.7562131881713867
6493,777076167,111,3,2.737811654555111,0.0,0.0,0,False,0.629996120929718,0.7800056338310242,-0.5044558644294739,0.6300011873245239,-0.7800000309944153,-0.5044558644294739,-1.1249998807907104,-0.780005693435669,-0.5044558644294739,-1.1250050067901611,0.7799999713897705,-0.5044558644294739
6493,876925635,112,0,1.0721259441140714,0.714522659778595,0.0,1,True,2.000999927520752,0.0,0.0,-0.9999358654022217,0.011323097161948681,0.0,-0.9999358654022217,0.011323097161948681,-0.714522659778595,-0.9999358654022217,0.011323097161948681,-0.714522659778595
6493,876925635,112,1,0.3244728878716998,0.0,0.0,0,False,0.9614287614822388,-0.7784873843193054,-0.7845226526260376,0.9791009426116943,0.7821616530418396,-0.7845226526260376,1.1869832277297974,0.7798076868057251,-0.7845226526260376,1.1693110466003418,-0.7808413505554199,-0.7845226526260376
6493,876925635,112,2,0.37726558330494786,0.0,0.0,0,False,0.6653268933296204,-0.4792110323905945,-0.6821961998939514,0.679624080657959,0.7833448052406311,-0.6821961998939514,0.9783967733383179,0.7799615263938904,-0.6821961998939514,0.9640995860099792,-0.4825943410396576,-0.6821961998939514
6493,876925635,112,3,2.8504982375983836,0.0,0.0,0,False,0.6789062023162842,0.7799557447433472,-0.506130576133728,0.6610122323036194,-0.800224781036377,-0.506130576133728,-1.1426632404327393,-0.7797999382019043,-0.506130576133728,-1.1247692108154297,0.800380527973175,-0.506130576133728
6493,876925635,112,4,0.6244283156584229,0.0,0.0,0,False,-1.124776840209961,-0.4602987468242645,-0.506130576133728,0.8283698558807373,-0.4824162423610687,-0.506130576133728,0.8247500061988831,-0.8020789623260498,-0.506130576133728,-1.12839674949646,-0.7799615263938904,-0.506130576133728
6493,976915979,113,0,1.6565484410310178,0.6624942421913147,1.734723475976807e-18,1,True,4.000999927520752,0.0,0.0,-0.9999306201934814,0.011778077110648155,0.0,-0.9999306201934814,0.011778077110648155,-0.6624942421913147,-0.9999306201934814,0.011778077110648155,-0.6624942421913147
6493,976915979,113,1,0.22500552339090873,0.0,0.0,0,False,0.7484197616577148,0.46484190225601196,-0.619434118270874,0.7337238192558289,-0.7828118205070496,-0.619434118270874,0.5534058809280396,-0.7806878685951233,-0.619434118270874,0.5681018829345703,0.46696585416793823,-0.619434118270874
6493,976915979,113,2,0.6289750667303391,0.0,0.0,0,False,0.7658880949020386,-0.7780669331550598,-0.7324942350387573,0.7842522263526917,0.7810099720954895,-0.7324942350387573,1.1876240968704224,0.7762587070465088,-0.7324942350387573,1.169260025024414,-0.7828181982040405,-0.7324942350387573
6493,976915979,113,3,0.11723552190484376,0.0,0.0,0,False,1.168121099472046,0.47048720717430115,-0.7324942350387573,0.7849999666213989,0.47499996423721313,-0.7324942350387573,0.7886038422584534,0.7809587121009827,-0.7324942350387573,1.1717249155044556,0.7764459848403931,-0.7324942350387573
6493,976915979,113,4,0.5454722026322187,0.0,0.0,0,False,0.5698480606079102,0.46710386872291565,-0.5088013410568237,-1.1734436750411987,0.487637996673584,-0.5088013410568237,-1.1697585582733154,0.8004924058914185,-0.5088013410568237,0.5735331773757935,0.7799583077430725,-0.5088013410568237
6493,976915979,113,5,2.7524722989765813,0.0,0.0,0,False,0.5717665553092957,0.7799791693687439,-0.5088013410568237,0.5531526207923889,-0.8002969026565552,-0.5088013410568237,-1.1883724927902222,-0.7797836065292358,-0.5088013410568237,-1.1697585582733154,0.8004924654960632,-0.5088013410568237
6494,76934614,114,0,1.384486922279142,0.6920787692070007,0.0,1,True,3.000999927520752,0.0,0.0,-0.9999359250068665,0.011320562101900578,0.0,-0.9999359250068665,0.011320562101900578,-0.6920787692070007,-0.9999359250068665,0.011320562101900578,-0.6920787692070007
6494,76934614,114,1,0.2178537827004412,0.0,0.0,0,False,0.6654990911483765,-0.46421316266059875,-0.6730513572692871,0.6770567893981934,0.5566748380661011,-0.6730513572692871,0.8904258012771606,0.5542592406272888,-0.6730513572692871,0.8788681030273438,-0.466628760099411,-0.6730513572692871
6494,76934614,114,2,0.40224074382081554,0.0,0.0,0,False,1.1869797706604004,0.7798077464103699,-0.7620787620544434,1.1693092584609985,-0.7810111045837402,-0.7620787620544434,0.9116309285163879,-0.7780938744544983,-0.7620787620544434,0.9293014407157898,0.7827249765396118,-0.7620787620544434
6494,76934614,114,3,2.8715957101520644,0.0,0.0,0,False,0.6783959269523621,0.7799615859985352,-0.5058293342590332,0.6605064272880554,-0.8002141118049622,-0.5058293342590332,-1.1565243005752563,-0.7796431183815002,-0.5058293342590332,-1.1386346817016602,0.8005325794219971,-0.5058293342590332
6494,76934614,114,4,0.6007409005381108,0.0,0.0,0,False,-1.1528977155685425,-0.4593059718608856,-0.5058293342590332,0.7222016453742981,-0.4805344045162201,-0.5058293342590332,0.7185750007629395,-0.8008714914321899,-0.5058293342590332,-1.1565243005752563,-0.7796431183815002,-0.5058293342590332
6494,76934614,114,5,0.4129939778513503,0.0,0.0,0,False,0.719846248626709,0.5564162731170654,-0.5058293342590332,-1.127294659614563,0.5773281455039978,-0.5058293342590332,-1.1247637271881104,0.800885021686554,-0.5058293342590332,0.7223771810531616,0.7799731492996216,-0.5058293342590332
6494,176900457,115,0,0.3494804918517305,0.6982627511024475,8.673617379884035e-19,1,True,0.0010000000474974513,0.0,0.0,-0.9999863505363464,0.00521914754062891,0.0,-0.9999863505363464,0.00521914754062891,-0.6982627511024475,-0.9999863505363464,0.00521914754062891,-0.6982627511024475
6494,176900457,115,1,0.24393075165225397,0.0,0.0,0,False,0.7007759809494019,-0.7793517112731934,-0.6909598708152771,0.7077966928482056,0.5658726096153259,-0.6909598708152771,0.8891226649284363,0.564926266670227,-0.6909598708152771,0.8821019530296326,-0.7802980542182922,-0.6909598708152771
6494,176900457,115,2,0.4029359571915041,0.0,0.0,0,False,1.1775935888290405,0.7799602746963501,-0.7682627439498901,1.1694464683532715,-0.7810148000717163,-0.7682627439498901,0.9113225936889648,-0.7796675562858582,-0.7682627439498901,0.9194696545600891,0.7813075184822083,-0.7682627439498901
6494,176900457,115,3,2.8376107730107147,0.0,0.0,0,False,-1.1331417560577393,-0.7799575328826904,-0.5045313239097595,-1.1249510049819946,0.789394199848175,-0.5045313239097595,0.6831417083740234,0.7799574732780457,-0.5045313239097595,0.6749510169029236,-0.7893942594528198,-0.5045313239097595
6494,277023509,116,0,1.06835874888635,0.7122272849082947,6.938893903907228e-18,1,True,2.000999927520752,0.0,0.0,-0.9985756278038025,0.05335501208901405,0.0,-0.9985756278038025,0.05335501208901405,-0.7122272849082947,-0.9985756278038025,0.05335501208901405,-0.7122272849082947
6494,277023509,116,1,0.39840348683884663,0.0,0.0,0,False,0.6353824138641357,-0.5164714455604553,-0.6931129097938538,0.7055093050003052,0.7960020899772644,-0.6931129097938538,1.0081968307495117,0.7798291444778442,-0.6931129097938538,0.9380698800086975,-0.5326443910598755,-0.6931129097938538
6494,277023509,116,2,0.33475216262505825,0.0,0.0,0,False,0.9375663995742798,-0.6705955862998962,-0.7822272777557373,1.0155143737792969,0.7882543206214905,-0.7822272777557373,1.2443242073059082,0.7760287523269653,-0.7822272777557373,1.1663762331008911,-0.6828211545944214,-0.7822272777557373
6494,277023509,116,3,2.9338567238186783,0.0,0.0,0,False,0.7020547389984131,0.778554379940033,-0.5086038112640381,0.6138153672218323,-0.8729068040847778,-0.5086038112640381,-1.157649040222168,-0.7782555222511292,-0.5086038112640381,-1.069409728050232,0.8732056617736816,-0.5086038112640381
6494,277023509,116,4,0.6569981268933098,0.0,0.0,0,False,-1.1245427131652832,-0.4264439046382904,-0.5086038112640381,0.7335861921310425,-0.5257259011268616,-0.5086038112640381,0.7147477865219116,-0.8782998323440552,-0.5086038112640381,-1.1433812379837036,-0.7790178060531616,-0.5086038112640381
6494,376888727,117,0,1.3735834689608177,0.6866204142570496,0.0,1,True,3.000999927520752,0.0,0.0,-0.9999974966049194,-0.0022363190073519945,0.0,-0.9999974966049194,-0.0022363190073519945,-0.6866204142570496,-0.9999974966049194,-0.0022363190073519945,-0.6866204142570496
6494,376888727,117,1,0.24807891927296666,0.0,0.0,0,False,0.630806028842926,-0.6304342746734619,-0.65456223487854,0.6279881000518799,0.6296265721321106,-0.65456223487854,0.8248656392097473,0.6300668120384216,-0.65456223487854,0.8276835680007935,-0.6299940347671509,-0.65456223487854
6494,376888727,117,2,0.49544803157311534,0.0,0.0,0,False,1.169999599456787,0.7801676392555237,-0.7566204071044922,1.1734883785247803,-0.7798914909362793,-0.7566204071044922,0.855907142162323,-0.7806016802787781,-0.7566204071044922,0.8524183034896851,0.7794574499130249,-0.7566204071044922
6494,376888727,117,3,2.833983153742331,0.0,0.0,0,False,0.6271731853485107,0.7840191721916199,-0.5052530765533447,0.6306700706481934,-0.7796294689178467,-0.5052530765533447,-1.1817377805709839,-0.783682644367218,-0.5052530765533447,-1.185234546661377,0.7799659967422485,-0.5052530765533447
6494,376888727,117,4,0.22655085813125808,0.0,0.0,0,False,-1.1701674461364746,-0.6451009511947632,-0.5052530765533447,0.46492496132850647,-0.641444742679596,-0.5052530765533447,0.46523478627204895,-0.7799994349479675,-0.5052530765533447,-1.1698576211929321,-0.7836556434631348,-0.5052530765533447
6494,376888727,117,5,0.2795901119236035,0.0,0.0,0,False,0.6303354501724243,0.6300007700920105,-0.5052530765533447,-1.1848902702331543,0.6259417533874512,-0.5052530765533447,-1.1852346658706665,0.7799659371376038,-0.5052530765533447,0.6299910545349121,0.7840250134468079,-0.5052530765533447
6494,477017904,118,0,0.33667975286534757,0.6726871132850647,3.469446951953614e-18,1,True,0.0010000000474974513,0.0,0.0,-0.9995348453521729,-0.03049829788506031,0.0,-0.9995348453521729,-0.03049829788506031,-0.6726871132850647,-0.9995348453521729,-0.03049829788506031,-0.6726871132850647
6494,477017904,118,1,0.1143770601849079,0.0,0.0,0,False,0.7342797517776489,0.42089343070983887,-0.6225299835205078,0.7708746790885925,-0.778447687625885,-0.6225299835205078,0.6755967736244202,-0.7813548445701599,-0.6225299835205078,0.6390019059181213,0.4179862439632416,-0.6225299835205078
6494,477017904,118,2,0.5950865564602381,0.0,0.0,0,False,0.792527437210083,-0.6355676651000977,-0.7426871061325073,0.7493635416030884,0.7790652513504028,-0.7426871061325073,1.1696372032165527,0.7918888330459595,-0.7426871061325073,1.212801218032837,-0.622744083404541,-0.7426871061325073
6494,477017904,118,3,2.766409379482205,0.0,0.0,0,False,0.5337950587272644,0.8306139707565308,-0.5080279111862183,0.5827873349189758,-0.7750329971313477,-0.5080279111862183,-1.1385351419448853,-0.8275548219680786,-0.5080279111862183,-1.1875274181365967,0.7780921459197998,-0.5080279111862183
6494,576973831,119,0,1.04803664282903,0.6988161206245422,0.0,1,True,2.000999927520752,0.0,0.0,-0.9976959824562073,0.06784351170063019,0.0,-0.9976959824562073,0.06784351170063019,-0.6988161206245422,-0.9976959824562073,0.06784351170063019,-0.6988161206245422
6494,576973831,119,1,0.30459936394060083,0.0,0.0,0,False,1.2410715818405151,0.26516708731651306,-0.7688161134719849,1.169102430343628,-0.7931989431381226,-0.7688161134719849,0.8826256394386292,-0.7737184762954712,-0.7688161134719849,0.9545946717262268,0.2846475839614868,-0.7688161134719849
6494,576973831,119,2,0.3063482200942076,0.0,0.0,0,False,0.9852708578109741,0.7660415172576904,-0.7235804796218872,0.8908473253250122,-0.6225376129150391,-0.7235804796218872,0.6712428331375122,-0.6076045036315918,-0.7235804796218872,0.7656664252281189,0.7809746861457825,-0.7235804796218872
6494,576973831,119,3,3.052781618259278,0.0,0.0,0,False,0.7620890140533447,0.7557178735733032,-0.5046599507331848,0.6492477655410767,-0.9037089943885803,-0.5046599507331848,-1.1819449663162231,-0.7791876792907715,-0.5046599507331848,-1.069103717803955,0.8802392482757568,-0.5046599507331848
6494,576973831,119,4,0.5423381739267299,0.0,0.0,0,False,-1.1540393829345703,-0.485285222530365,-0.5046599507331848,0.6794226765632629,-0.6099608540534973,-0.5046599507331848,0.6594008207321167,-0.9043994545936584,-0.5046599507331848,-1.1740611791610718,-0.7797237634658813,-0.5046599507331848
6494,676944924,120,0,1.0371892132814953,0.6915968060493469,1.3877787807814457e-17,1,True,2.000999927520752,0.0,0.0,-0.9976075887680054,-0.06913070380687714,0.0,-0.9976075887680054,-0.06913070380687714,-0.6915968060493469,-0.9976075887680054,-0.06913070380687714,-0.6915968060493469
6494,676944924,120,1,0.3663935732729211,0.0,0.0,0,False,0.6827992796897888,-0.7919328808784485,-0.6592854857444763,0.5905871391296387,0.5387559533119202,-0.6592854857444763,0.8646125197410583,0.5577449798583984,-0.6592854857444763,0.9568247199058533,-0.7729438543319702,-0.6592854857444763
6494,676944924,120,2,0.4975346473291733,0.0,0.0,0,False,0.958862841129303,-0.7915126085281372,-0.7615967988967896,0.8511334657669067,0.763100802898407,-0.7615967988967896,1.1696414947509766,0.7851722836494446,-0.7615967988967896,1.2773709297180176,-0.7694411277770996,-0.7615967988967896
6494,676944924,120,3,2.9425772868162596,0.0,0.0,0,False,0.5629495978355408,0.8969690203666687,-0.5091056227684021,0.6791378855705261,-0.7797132134437561,-0.5091056227684021,-1.0674748420715332,-0.9007474184036255,-0.5091056227684021,-1.1836631298065186,0.7759348154067993,-0.5091056227684021
6494,676944924,120,4,0.6607606581736389,0.0,0.0,0,False,0.6870355010032654,0.5463193655014038,-0.5091056227684021,-1.1522505283355713,0.41886308789253235,-0.5091056227684021,-1.1770261526107788,0.7763946652412415,-0.5091056227684021,0.6622597575187683,0.9038509726524353,-0.5091056227684021
6494,777081976,121,0,1.4027546119724108,0.7012995481491089,6.938893903907228e-18,1,True,3.000999927520752,0.0,0.0,-0.9992582201957703,0.038509808480739594,0.0,-0.9992582201957703,0.038509808480739594,-0.7012995481491089,-0.9992582201957703,0.038509808480739594,-0.7012995481491089
6494,777081976,121,1,0.08132083457869221,0.0,0.0,0,False,0.8203531503677368,0.478444904088974,-0.6767618060112,0.7834111452102661,-0.48013147711753845,-0.6767618060112,0.6987019777297974,-0.4768669307231903,-0.6767618060112,0.7356439232826233,0.48170945048332214,-0.6767618060112
6494,777081976,121,2,0.5153664196897054,0.0,0.0,0,False,0.8412280678749084,-0.7765788435935974,-0.7712995409965515,0.9016146063804626,0.7903431057929993,-0.7712995409965515,1.2300305366516113,0.7776864767074585,-0.7712995409965515,1.1696439981460571,-0.7892354726791382,-0.7712995409965515
6494,777081976,121,3,0.5888188994709136,0.0,0.0,0,False,0.8209115266799927,0.4789116084575653,-0.5056419372558594,-1.1337004899978638,0.5542389750480652,-0.5056419372558594,-1.1221082210540771,0.8550381660461426,-0.5056419372558594,0.8325037956237793,0.7797107696533203,-0.5056419372558594
6494,777081976,121,4,3.032768972059877,0.0,0.0,0,False,0.7350974082946777,0.7794182300567627,-0.5056419372558594,0.6722638607025146,-0.8509977459907532,-0.5056419372558594,-1.185097336769104,-0.7794181108474731,-0.5056419372558594,-1.122263789176941,0.8509978652000427,-0.5056419372558594
6494,777081976,121,5,0.7310895914880096,0.0,0.0,0,False,-1.1578773260116577,-0.40543729066848755,-0.5056419372558594,0.7915396690368652,-0.4805644750595093,-0.5056419372558594,0.7771081328392029,-0.8550381660461426,-0.5056419372558594,-1.1723089218139648,-0.7799109816551208,-0.5056419372558594
6494,877076111,122,0,1.0431299102248592,0.6952564120292664,0.0,1,True,2.000999927520752,0.0,0.0,-0.9995586276054382,0.029707808047533035,0.0,-0.9995586276054382,0.029707808047533035,-0.6952564120292664,-0.9995586276054382,0.029707808047533035,-0.6952564120292664
6494,877076111,122,1,0.3322831745230381,0.0,0.0,0,False,0.9131795763969421,0.7787166833877563,-0.6707949638366699,0.8700264692306519,-0.6732175350189209,-0.6707949638366699,0.6413729190826416,-0.6664217114448547,-0.6707949638366699,0.6845260262489319,0.7855125069618225,-0.6707949638366699
6494,877076111,122,2,0.41661013057482776,0.0,0.0,0,False,1.2143434286117554,0.7719948887825012,-0.765256404876709,1.168152093887329,-0.7821741104125977,-0.765256404876709,0.9003289341926575,-0.7742142081260681,-0.765256404876709,0.9465202689170837,0.7799547910690308,-0.765256404876709
6494,877076111,122,3,0.19595264941604862,0.0,0.0,0,False,0.6688425540924072,0.3222109377384186,-0.6041399836540222,0.6359458565711975,-0.7846348285675049,-0.6041399836540222,0.45906510949134827,-0.7793777585029602,-0.6041399836540222,0.491961807012558,0.32746803760528564,-0.6041399836540222
6494,877076111,122,4,0.7750923616566086,0.0,0.0,0,False,0.568531334400177,0.3255854845046997,-0.503396213054657,-1.136999249458313,0.3762757480144501,-0.503396213054657,-1.1235041618347168,0.83033287525177,-0.503396213054657,0.5820264220237732,0.7796425819396973,-0.503396213054657
6494,877076111,122,5,2.6074200053037266,0.0,0.0,0,False,0.49648067355155945,0.7795101404190063,-0.503396213054657,0.4487003982067108,-0.8281095027923584,-0.503396213054657,-1.1717816591262817,-0.7799469828605652,-0.503396213054657,-1.124001383781433,0.8276726603507996,-0.503396213054657
6494,977089496,123,0,1.047402546414924,0.6980907320976257,3.469446951953614e-18,1,True,2.000999927520752,0.0,0.0,-0.9996452331542969,0.026634180918335915,0.0,-0.9996452331542969,0.026634180918335915,-0.6980907320976257,-0.9996452331542969,0.026634180918335915,-0.6980907320976257
6494,977089496,123,1,0.10642984303869074,0.0,0.0,0,False,0.8517152667045593,0.22308923304080963,-0.6754908561706543,0.8249574303627014,-0.7811977863311768,-0.6754908561706543,0.7190570831298828,-0.7783762216567993,-0.6754908561706543,0.7458149194717407,0.22591079771518707,-0.6754908561706543
6494,977089496,123,2,0.32290473490133387,0.0,0.0,0,False,0.45606958866119385,-0.7781633138656616,-0.6010482907295227,0.48936644196510315,0.4715445935726166,-0.6010482907295227,0.7475672960281372,0.46466517448425293,-0.6010482907295227,0.7142704725265503,-0.7850427627563477,-0.6010482907295227
6494,977089496,123,3,0.42731549494627963,0.0,0.0,0,False,1.2115345001220703,0.7788932919502258,-0.7680907249450684,1.1697977781295776,-0.7875879406929016,-0.7680907249450684,0.8972043991088867,-0.7803250551223755,-0.7680907249450684,0.9389411807060242,0.786156177520752,-0.7680907249450684
6494,977089496,123,4,2.5895074983036466,0.0,0.0,0,False,0.4895423650741577,0.7781469821929932,-0.506494402885437,0.44694358110427856,-0.8206834197044373,-0.506494402885437,-1.1715335845947266,-0.7775611877441406,-0.506494402885437,-1.1289348602294922,0.8212692141532898,-0.506494402885437
6494,977089496,123,5,0.5072723759067177,0.0,0.0,0,False,0.5235571265220642,0.47084638476371765,-0.506494402885437,-1.1320617198944092,0.5149581432342529,-0.506494402885437,-1.1239041090011597,0.8211352229118347,-0.506494402885437,0.5317147970199585,0.777023434638977,-0.506494402885437
6495,77020923,124,0,2.1444426811673156,0.7146990299224854,1.734723475976807e-18,1,True,5.000999927520752,0.0,0.0,-0.9999606013298035,-0.008878190070390701,0.0,-0.9999606013298035,-0.008878190070390701,-0.7146990299224854,-0.9999606013298035,-0.008878190070390701,-0.7146990299224854
6495,77020923,124,1,0.10826317340770775,0.0,0.0,0,False,0.724400520324707,-0.5256267786026001,-0.6781787872314453,0.715613842010498,0.46402880549430847,-0.6781787872314453,0.824999988079071,0.4650000035762787,-0.6781787872314453,0.8337867259979248,-0.5246555805206299,-0.6781787872314453
6495,77020923,124,2,0.10576079844779152,0.0,0.0,0,False,0.5745383501052856,-0.43615832924842834,-0.6167517304420471,0.5673413872718811,0.3744436800479889,-0.6167517304420471,0.6978030204772949,0.37560200691223145,-0.6167517304420471,0.7049999833106995,-0.4350000023841858,-0.6167517304420471
6495,77020923,124,3,0.39527870921968855,0.0,0.0,0,False,0.9305480718612671,-0.7817264199256897,-0.784699022769928,0.9166943430900574,0.7786832451820374,-0.784699022769928,1.1699916124343872,0.7809321284294128,-0.784699022769928,1.1838454008102417,-0.7794775366783142,-0.784699022769928
6495,77020923,124,4,0.456549923429872,0.0,0.0,0,False,-1.1269230842590332,-0.5634073615074158,-0.5073364973068237,0.8247876167297363,-0.5460789203643799,-0.5073364973068237,0.8268643617630005,-0.779983401298523,-0.5073364973068237,-1.124846339225769,-0.7973119020462036,-0.5073364973068237
6495,77020923,124,5,0.6167885460707812,0.0,0.0,0,False,0.8271189332008362,0.4813506305217743,-0.5073364973068237,-1.1248581409454346,0.464019775390625,-0.5073364973068237,-1.1276633739471436,0.7799763083457947,-0.5073364973068237,0.8243136405944824,0.7973071932792664,-0.5073364973068237
6495,77020923,124,6,2.672270016749284,0.0,0.0,0,False,0.5592129826545715,0.7949532866477966,-0.5073364973068237,0.5731841921806335,-0.7786399126052856,-0.5073364973068237,-1.124878168106079,-0.7937162518501282,-0.5073364973068237,-1.1388493776321411,0.7798769474029541,-0.5073364973068237
6495,77020923,124,7,0.5837397161487345,0.0,0.0,0,False,-1.127659797668457,-0.4804231524467468,-0.5073364973068237,0.7197249531745911,-0.46402081847190857,-0.5073364973068237,0.7225302457809448,-0.779977560043335,-0.5073364973068237,-1.124854564666748,-0.7963799238204956,-0.5073364973068237
6495,77020923,124,8,0.7713782885188536,0.0,0.0,0,False,0.7159579992294312,0.37709498405456543,-0.5073364973068237,-1.1239413022994995,0.36075910925865173,-0.5073364973068237,-1.127663493156433,0.7799763083457947,-0.5073364973068237,0.7122359275817871,0.7963122129440308,-0.5073364973068237
6495,177010683,125,0,1.3809211678320052,0.6902936100959778,0.0,1,True,3.000999927520752,0.0,0.0,-0.9999568462371826,0.009287106804549694,0.0,-0.9999568462371826,0.009287106804549694,-0.6902936100959778,-0.9999568462371826,0.009287106804549694,-0.6902936100959778
6495,177010683,125,1,0.10173323506767673,0.0,0.0,0,False,0.8750109076499939,0.3145354986190796,-0.6885775327682495,0.8658170700073242,-0.6753790378570557,-0.6885775327682495,0.763056218624115,-0.6744246482849121,-0.6885775327682495,0.7722500562667847,0.31548988819122314,-0.6885775327682495
6495,177010683,125,2,0.41356116831625656,0.0,0.0,0,False,1.1844871044158936,0.7798653244972229,-0.7602936029434204,1.169979214668274,-0.7822287678718567,-0.7602936029434204,0.905254065990448,-0.7797700762748718,-0.7602936029434204,0.9197620749473572,0.7823240160942078,-0.7602936029434204
6495,177010683,125,3,0.407281789124359,0.0,0.0,0,False,0.7677742838859558,0.7787203788757324,-0.589680016040802,0.7552410960197449,-0.5707451701164246,-0.589680016040802,0.45345744490623474,-0.5679423213005066,-0.589680016040802,0.4659906029701233,0.7815232276916504,-0.589680016040802
6495,177010683,125,4,0.18449491511083238,0.0,0.0,0,False,-1.1248666048049927,-0.6606520414352417,-0.5042569041252136,0.4209751486778259,-0.67500901222229,-0.5042569041252136,0.41986677050590515,-0.794347882270813,-0.5042569041252136,-1.1259748935699463,-0.7799909114837646,-0.5042569041252136
6495,177010683,125,5,2.4547484623159264,0.0,0.0,0,False,0.4344872534275055,0.7798655033111572,-0.5042569041252136,0.41986674070358276,-0.794347882270813,-0.5042569041252136,-1.139348030090332,-0.7798666954040527,-0.5042569041252136,-1.124727487564087,0.7943466901779175,-0.5042569041252136
6495,177010683,125,6,0.34690232651740605,0.0,0.0,0,False,-1.1243094205856323,-0.5556570291519165,-0.5042569041252136,0.42195025086402893,-0.5700180530548096,-0.5042569041252136,0.41986677050590515,-0.7943480610847473,-0.5042569041252136,-1.1263929605484009,-0.7799869775772095,-0.5042569041252136
6495,276895443,126,0,0.3574607024522432,0.7142073512077332,0.0,1,True,0.0010000000474974513,0.0,0.0,-0.9997751712799072,-0.021204380318522453,0.0,-0.9997751712799072,-0.021204380318522453,-0.7142073512077332,-0.9997751712799072,-0.021204380318522453,-0.7142073512077332
6495,276895443,126,1,0.21097388518798255,0.0,0.0,0,False,0.6332541108131409,-0.5284305214881897,-0.6530545353889465,0.6119419932365417,0.47643566131591797,-0.6530545353889465,0.8217998147010803,0.4808865189552307,-0.6530545353889465,0.8431119322776794,-0.523979663848877,-0.6530545353889465
6495,276895443,126,2,0.37239120151883753,0.0,0.0,0,False,0.9357843399047852,-0.7099675536155701,-0.7842073440551758,0.9058928489685059,0.6993985176086426,-0.7842073440551758,1.1700000762939453,0.7049999833106995,-0.7842073440551758,1.1998915672302246,-0.7043660879135132,-0.7842073440551758
6495,276895443,126,3,2.797492791067434,0.0,0.0,0,False,0.5669788718223572,0.8158854246139526,-0.5099747776985168,0.6010618805885315,-0.7911123037338257,-0.5099747776985168,-1.1389747858047485,-0.8280169367790222,-0.5099747776985168,-1.1730577945709229,0.7789807915687561,-0.5099747776985168
6495,377073911,127,0,1.0209319798354746,0.68039470911026,2.168404344971009e-19,1,True,2.000999927520752,0.0,0.0,-0.9999988675117493,-0.001507103443145752,0.0,-0.9999988675117493,-0.001507103443145752,-0.68039470911026,-0.9999988675117493,-0.001507103443145752,-0.68039470911026
6495,377073911,127,1,0.08655110010111322,0.0,0.0,0,False,0.7033495306968689,0.37504273653030396,-0.5860099196434021,0.705090343952179,-0.780022382736206,-0.5860099196434021,0.6301587224006653,-0.7801353335380554,-0.5860099196434021,0.6284179091453552,0.374929815530777,-0.5860099196434021
6495,377073911,127,2,0.6335611090924971,0.0,0.0,0,False,0.7663571834564209,-0.7806082963943481,-0.7503947019577026,0.7640054821968079,0.7799080610275269,-0.7503947019577026,1.169999122619629,0.7805198431015015,-0.7503947019577026,1.1723507642745972,-0.7799965143203735,-0.7503947019577026
6495,377073911,127,3,0.16184891881405106,0.0,0.0,0,False,0.6247662901878357,0.7800824642181396,-0.5846119523048401,0.6262807846069336,-0.22484734654426575,-0.5846119523048401,0.4652262330055237,-0.22509007155895233,-0.5846119523048401,0.463711678981781,0.7798397541046143,-0.5846119523048401
6495,377073911,127,4,2.5559549548698604,0.0,0.0,0,False,0.4636400043964386,0.7823941707611084,-0.5049520134925842,0.46599459648132324,-0.7799306511878967,-0.5049520134925842,-1.1699962615966797,-0.7823962569236755,-0.5049520134925842,-1.1723508834838867,0.7799285650253296,-0.5049520134925842
6495,377073911,127,5,0.9153922646874921,0.0,0.0,0,False,-1.1707888841629028,-0.2564932107925415,-0.5049520134925842,0.5698174238204956,-0.2538699209690094,-0.5049520134925842,0.5706100463867188,-0.7797729969024658,-0.5049520134925842,-1.1699962615966797,-0.7823962569236755,-0.5049520134925842
6495,476998921,128,0,0.34362553838805665,0.6865645051002502,0.0,1,True,0.0010000000474974513,0.0,0.0,-0.9999991655349731,0.001300543313845992,0.0,-0.9999991655349731,0.001300543313845992,-0.6865645051002502,-0.9999991655349731,0.001300543313845992,-0.6865645051002502
6495,476998921,128,1,0.16838980114859314,0.0,0.0,0,False,0.6738882064819336,-0.6298619508743286,-0.6567663550376892,0.6753382682800293,0.48505157232284546,-0.6567663550376892,0.826371967792511,0.48485514521598816,-0.6567663550376892,0.8249219059944153,-0.6300584077835083,-0.6567663550376892
6495,476998921,128,2,2.650278712755913,0.0,0.0,0,False,-1.1270289421081543,-0.7799972891807556,-0.5046583414077759,-1.1249972581863403,0.7822044491767883,-0.5046583414077759,0.5715020895004272,0.7799980640411377,-0.5046583414077759,0.5694704055786133,-0.7822036743164062,-0.5046583414077759
6495,476998921,128,3,0.4939022500732708,0.0,0.0,0,False,0.8533614277839661,-0.7799002528190613,-0.7565644979476929,0.8553907871246338,0.7804091572761536,-0.7565644979476929,1.171931505203247,0.7799974679946899,-0.7565644979476929,1.1699020862579346,-0.7803119421005249,-0.7565644979476929
6495,576922764,129,0,0.3509637611628163,0.7012262940406799,8.673617379884035e-19,1,True,0.0010000000474974513,0.0,0.0,-0.9999815225601196,-0.0060825226828455925,0.0,-0.9999815225601196,-0.0060825226828455925,-0.7012262940406799,-0.9999815225601196,-0.0060825226828455925,-0.7012262940406799
6495,576922764,129,1,0.1338090113738133,0.0,0.0,0,False,0.7806403040885925,-0.4802698493003845,-0.6960526704788208,0.7729753255844116,0.7798660397529602,-0.6960526704788208,0.879157543182373,0.7805119156837463,-0.6960526704788208,0.8868225812911987,-0.4796239733695984,-0.6960526704788208
6495,576922764,129,2,0.36858445571522935,0.0,0.0,0,False,1.1690843105316162,0.7205419540405273,-0.7712262868881226,1.1782073974609375,-0.7793113589286804,-0.7712262868881226,0.9324694871902466,-0.7808061242103577,-0.7712262868881226,0.9233464002609253,0.7190471887588501,-0.7712262868881226
6495,576922764,129,3,2.672917448296751,0.0,0.0,0,False,-1.1249427795410156,-0.7893973588943481,-0.5037661790847778,-1.134488582611084,0.7799422740936279,-0.5037661790847778,0.5686600208282471,0.7903019189834595,-0.5037661790847778,0.5782057642936707,-0.7790377140045166,-0.5037661790847778
6495,676984275,130,0,2.1403502189596653,0.713348925113678,3.469446951953614e-18,1,True,5.000999927520752,0.0,0.0,-0.9998210072517395,0.018918970599770546,0.0,-0.9998210072517395,0.018918970599770546,-0.713348925113678,-0.9998210072517395,0.018918970599770546,-0.713348925113678
6495,676984275,130,1,0.0833007090260498,0.0,0.0,0,False,0.6899942755699158,-0.5230129957199097,-0.6600620746612549,0.7049999833106995,0.26999998092651367,-0.6600620746612549,0.8100056648254395,0.26801303029060364,-0.6600620746612549,0.7950000166893005,-0.5249999761581421,-0.6600620746612549
6495,676984275,130,2,0.11097880370786406,0.0,0.0,0,False,0.5173928737640381,-0.4320177137851715,-0.5919001698493958,0.5307122468948364,0.271878719329834,-0.5919001698493958,0.6883193850517273,0.2688964307308197,-0.5919001698493958,0.6749999523162842,-0.4350000023841858,-0.5919001698493958
6495,676984275,130,3,0.4846389046739574,0.0,0.0,0,False,0.8603530526161194,-0.779817521572113,-0.7833489179611206,0.8899688124656677,0.7852988839149475,-0.7833489179611206,1.1995084285736084,0.7794416546821594,-0.7833489179611206,1.1698925495147705,-0.7856747508049011,-0.7833489179611206
6495,676984275,130,4,0.4967816022581246,0.0,0.0,0,False,-1.1596499681472778,-0.49227049946784973,-0.5081608891487122,0.57085120677948,-0.5250160694122314,-0.5081608891487122,0.5654209852218628,-0.8119871616363525,-0.5081608891487122,-1.165080189704895,-0.7792415618896484,-0.5081608891487122
6495,676984275,130,5,0.8747198844683224,0.0,0.0,0,False,0.6262738704681396,0.28308364748954773,-0.5081608891487122,-1.133772611618042,0.316387802362442,-0.5081608891487122,-1.124371886253357,0.8131967186927795,-0.5081608891487122,0.6356746554374695,0.7798925638198853,-0.5081608891487122
6495,676984275,130,6,2.6562973356938215,0.0,0.0,0,False,0.5343631505966187,0.779822826385498,-0.5081608891487122,0.5042642951011658,-0.8108294606208801,-0.5081608891487122,-1.165080189704895,-0.7792415618896484,-0.5081608891487122,-1.1349812746047974,0.8114107251167297,-0.5081608891487122
6495,676984275,130,7,0.6514686630643372,0.0,0.0,0,False,-1.157959222793579,-0.402913898229599,-0.5081608891487122,0.5725420117378235,-0.4356589615345001,-0.5081608891487122,0.5654210448265076,-0.8119866251945496,-0.5081608891487122,-1.165080189704895,-0.7792415618896484,-0.5081608891487122
6495,676984275,130,8,0.8747199035040429,0.0,0.0,0,False,0.6262738704681396,0.28308364748954773,-0.5081608891487122,-1.1337724924087524,0.31638777256011963,-0.5081608891487122,-1.1243717670440674,0.8131967186927795,-0.5081608891487122,0.6356746554374695,0.77989262342453,-0.5081608891487122
6495,777033243,131,0,0.337843800246487,0.6750134825706482,0.0,1,True,0.0010000000474974513,0.0,0.0,-0.9986544847488403,0.051858026534318924,0.0,-0.9986544847488403,0.051858026534318924,-0.6750134825706482,-0.9986544847488403,0.051858026534318924,-0.6750134825706482
6495,777033243,131,1,0.39284393664356865,0.07331401109695435,1.5687600111409006e-08,0,False,0.9275977611541748,-0.7804222702980042,-0.7450134754180908,0.9247457385063171,0.7799494862556458,-0.7367961406707764,1.1679420471191406,0.7807368636131287,-0.8018928170204163,1.170794129371643,-0.779634952545166,-0.8101101517677307
6495,777033243,131,2,3.120703748001201,0.0,0.0,0,False,-1.1270684003829956,-0.7799971699714661,-0.505652904510498,-1.1249964237213135,0.7826452255249023,-0.505652904510498,0.872068464756012,0.7799971699714661,-0.505652904510498,0.8699964880943298,-0.7826452255249023,-0.505652904510498
6495,876909253,132,0,0.3523402101526971,0.7039766907691956,0.0,1,True,0.0010000000474974513,0.0,0.0,-0.9996444582939148,-0.026663929224014282,0.0,-0.9996444582939148,-0.026663929224014282,-0.7039766907691956,-0.9996444582939148,-0.026663929224014282,-0.7039766907691956
6495,876909253,132,1,0.1056810833318913,0.0,0.0,0,False,0.7760807275772095,0.5276961326599121,-0.6601135730743408,0.7990089058876038,-0.33189353346824646,-0.6601135730743408,0.6761527061462402,-0.33517056703567505,-0.6601135730743408,0.6532244682312012,0.5244191288948059,-0.6601135730743408
6495,876909253,132,2,0.5246072419358185,0.0,0.0,0,False,0.8757786750793457,-0.7866474986076355,-0.7739766836166382,0.8341339826583862,0.7746422290802002,-0.7739766836166382,1.1699039936065674,0.7835983037948608,-0.7739766836166382,1.2115486860275269,-0.7776914238929749,-0.7739766836166382
6495,876909253,132,3,2.7159290993688803,0.0,0.0,0,False,0.5619767308235168,0.8249973654747009,-0.5085293650627136,0.6046561002731323,-0.7750746011734009,-0.5085293650627136,-1.0915164947509766,-0.820317268371582,-0.5085293650627136,-1.1341958045959473,0.7797546982765198,-0.5085293650627136
6495,976930513,133,0,1.0506806704234397,0.7004017233848572,0.0,1,True,2.000999927520752,0.0,0.0,-0.9988349080085754,-0.048258133232593536,0.0,-0.9988349080085754,-0.048258133232593536,-0.7004017233848572,-0.9988349080085754,-0.048258133232593536,-0.7004017233848572
6495,976930513,133,1,0.33997730875444,0.0,0.0,0,False,0.49722355604171753,-0.4314880967140198,-0.5923169255256653,0.4387873411178589,0.7780088186264038,-0.5923169255256653,0.7192225456237793,0.7915579080581665,-0.5923169255256653,0.7776588201522827,-0.4179390072822571,-0.5923169255256653
6495,976930513,133,2,0.4726439104963056,0.0,0.0,0,False,1.1698253154754639,0.7836151123046875,-0.7704017162322998,1.2451950311660767,-0.7763668894767761,-0.7704017162322998,0.9429202675819397,-0.7909711599349976,-0.7704017162322998,0.8675505518913269,0.7690108418464661,-0.7704017162322998
6495,976930513,133,3,2.6015852068428273,0.0,0.0,0,False,0.43230608105659485,0.8566898107528687,-0.5086213946342468,0.5113088488578796,-0.7784872651100159,-0.5086213946342468,-1.075997233390808,-0.8551771640777588,-0.5086213946342468,-1.1549999713897705,0.7799999117851257,-0.5086213946342468
6495,976930513,133,4,0.5814145857646427,0.0,0.0,0,False,-1.090171217918396,-0.5094801187515259,-0.5086213946342468,0.567554771900177,-0.4293879270553589,-0.5086213946342468,0.5844606161117554,-0.7793013453483582,-0.5086213946342468,-1.0732653141021729,-0.8593935370445251,-0.5086213946342468
6496,76978023,134,0,0.6944655495891112,0.6941342949867249,1.734723475976807e-18,1,True,1.0010000467300415,0.0,0.0,-0.9999088048934937,-0.013506907038390636,0.0,-0.9999088048934937,-0.013506907038390636,-0.6941342949867249,-0.9999088048934937,-0.013506907038390636,-0.6941342949867249
6496,76978023,134,1,0.04323881608567315,0.0,0.0,0,False,0.7806159853935242,-0.0755995586514473,-0.6894124150276184,0.7731121182441711,0.47990697622299194,-0.6894124150276184,0.8509346842765808,0.4809582233428955,-0.6894124150276184,0.8584384918212891,-0.07454831898212433,-0.6894124150276184
6496,76978023,134,2,0.40916725623013583,0.0,0.0,0,False,0.7317235469818115,0.7827925086021423,-0.5989827513694763,0.7528280019760132,-0.7795565724372864,-0.5989827513694763,0.4909834563732147,-0.7830936312675476,-0.5989827513694763,0.4698789715766907,0.7792554497718811,-0.5989827513694763
6496,76978023,134,3,0.4904822390539998,0.0,0.0,0,False,0.8740982413291931,-0.7833892107009888,-0.7641342878341675,0.853010356426239,0.7777443528175354,-0.7641342878341675,1.1671364307403564,0.7819876074790955,-0.7641342878341675,1.1882243156433105,-0.7791459560394287,-0.7641342878341675
6496,76978023,134,4,2.5246639110665186,0.0,0.0,0,False,0.46734949946403503,0.8015097975730896,-0.5075496435165405,0.488700270652771,-0.7790719866752625,-0.5075496435165405,-1.1083086729049683,-0.8006446957588196,-0.5075496435165405,-1.1296595335006714,0.7799370884895325,-0.5075496435165405
6496,176932491,135,0,1.0445107272464975,0.6961085200309753,1.0842021724855044e-19,1,True,2.000999927520752,0.0,0.0,-0.9999996423721313,0.0008575043175369501,0.0,-0.9999996423721313,0.0008575043175369501,-0.6961085200309753,-0.9999996423721313,0.0008575043175369501,-0.6961085200309753
6496,176932491,135,1,0.28449160895391223,0.0,0.0,0,False,0.7360161542892456,0.4049219489097595,-0.6143147349357605,0.7349998354911804,-0.7802057862281799,-0.6143147349357605,0.4949485659599304,-0.7799999117851257,-0.6143147349357605,0.495964914560318,0.4051278233528137,-0.6143147349357605
6496,176932491,135,2,0.3760388475442902,0.0,0.0,0,False,1.171337604522705,0.779998779296875,-0.766108512878418,1.1699998378753662,-0.7801414728164673,-0.766108512878418,0.9289711117744446,-0.7799347639083862,-0.766108512878418,0.9303089380264282,0.780205488204956,-0.766108512878418
6496,176932491,135,3,0.6126769509980878,0.0,0.0,0,False,0.5699087977409363,0.41858503222465515,-0.5037741661071777,-1.125308632850647,0.4200389087200165,-0.5037741661071777,-1.124998688697815,0.7814536094665527,-0.5037741661071777,0.5702187418937683,0.7799997329711914,-0.5037741661071777
6496,176932491,135,4,2.5301708612696583,0.0,0.0,0,False,0.49547597765922546,0.7799866795539856,-0.5037741661071777,0.4941369593143463,-0.7813884615898132,-0.5037741661071777,-1.1263377666473389,-0.779998779296875,-0.5037741661071777,-1.1249988079071045,0.7813763618469238,-0.5037741661071777
6496,276919335,136,0,0.34905049594727205,0.6974039673805237,0.0,1,True,0.0010000000474974513,0.0,0.0,-0.9994685053825378,0.03259877860546112,0.0,-0.9994685053825378,0.03259877860546112,-0.6974039673805237,-0.9994685053825378,0.03259877860546112,-0.6974039673805237
6496,276919335,136,1,0.09928339466927483,0.0,0.0,0,False,0.8883052468299866,0.5229352116584778,-0.692481517791748,0.855560839176178,-0.4809967875480652,-0.692481517791748,0.7567713856697083,-0.47777464985847473,-0.692481517791748,0.7895157933235168,0.5261572599411011,-0.692481517791748
6496,276919335,136,2,2.8123832432960576,0.0,0.0,0,False,0.58864426612854,0.7935798168182373,-0.5053602457046509,0.5355058312416077,-0.835627019405365,-0.5053602457046509,-1.1888881921768188,-0.7793840169906616,-0.5053602457046509,-1.1357498168945312,0.8498228192329407,-0.5053602457046509
6496,276919335,136,3,0.16447648267622172,0.0,0.0,0,False,0.5530450940132141,-0.7799361348152161,-0.6374097466468811,0.5825278162956238,0.1239946261048317,-0.6374097466468811,0.7642914056777954,0.1180661991238594,-0.6374097466468811,0.7348086833953857,-0.785864531993866,-0.6374097466468811
6496,276919335,136,4,0.5063349251676215,0.0,0.0,0,False,0.8470459580421448,-0.77876216173172,-0.7674039602279663,0.8981759548187256,0.7888659238815308,-0.7674039602279663,1.2208269834518433,0.7783422470092773,-0.7674039602279663,1.1696970462799072,-0.7892857789993286,-0.7674039602279663
6496,377093137,137,0,0.35303317674329315,0.7053614258766174,0.0,1,True,0.0010000000474974513,0.0,0.0,-0.9993773102760315,-0.03528463840484619,0.0,-0.9993773102760315,-0.03528463840484619,-0.7053614258766174,-0.9993773102760315,-0.03528463840484619,-0.7053614258766174
6496,377093137,137,1,0.4745325713652804,0.0,0.0,0,False,0.7346736192703247,-0.790603518486023,-0.6957440376281738,0.6793463230133057,0.7764462232589722,-0.6957440376281738,0.9817883968353271,0.7871244549751282,-0.6957440376281738,1.0371156930923462,-0.7799252867698669,-0.6957440376281738
6496,377093137,137,2,2.7654915594843086,0.0,0.0,0,False,-1.122889757156372,-0.8397702574729919,-0.504396915435791,-1.1800658702850342,0.7796445488929749,-0.504396915435791,0.5255184173583984,0.8398630619049072,-0.504396915435791,0.5826945900917053,-0.7795517444610596,-0.504396915435791
6496,377093137,137,3,0.2812479605346603,0.0,0.0,0,False,1.0360549688339233,-0.7247291207313538,-0.7753614187240601,0.9829741716384888,0.7786927223205566,-0.7753614187240601,1.1698131561279297,0.7852893471717834,-0.7753614187240601,1.2228939533233643,-0.7181324362754822,-0.7753614187240601
6496,476953688,138,0,1.3959995249029487,0.6978270411491394,0.0,1,True,3.000999927520752,0.0,0.0,-0.9999868273735046,0.005136643070727587,0.0,-0.9999868273735046,0.005136643070727587,-0.6978270411491394,-0.9999868273735046,0.005136643070727587,-0.6978270411491394
6496,476953688,138,1,0.21310245118691284,0.0,0.0,0,False,0.6706122159957886,-0.47920697927474976,-0.6760419607162476,0.6757737398147583,0.5256124138832092,-0.6760419607162476,0.8878484964370728,0.5245230197906494,-0.6760419607162476,0.882686972618103,-0.48029637336730957,-0.6760419607162476
6496,476953688,138,2,0.40877926834059686,0.0,0.0,0,False,0.8819204568862915,-0.6745218634605408,-0.767827033996582,0.8890145421028137,0.7065204381942749,-0.767827033996582,1.1850000619888306,0.7050000429153442,-0.767827033996582,1.1779059171676636,-0.6760422587394714,-0.767827033996582
6496,476953688,138,3,2.8273498667480954,0.0,0.0,0,False,0.6767721772193909,0.7799909710884094,-0.509536862373352,0.6687115430831909,-0.7892138957977295,-0.509536862373352,-1.1330132484436035,-0.7799588441848755,-0.509536862373352,-1.1249525547027588,0.7892460227012634,-0.509536862373352
6496,476953688,138,4,0.602200432399953,0.0,0.0,0,False,-1.1241847276687622,-0.4712972939014435,-0.509536862373352,0.8265343308448792,-0.48131781816482544,-0.509536862373352,0.8249485492706299,-0.7900165915489197,-0.509536862373352,-1.1257704496383667,-0.7799960374832153,-0.509536862373352
6496,476953688,138,5,0.4292418881373088,0.0,0.0,0,False,0.8248714804649353,0.5599838495254517,-0.509536862373352,-1.126078724861145,0.5700055956840515,-0.509536862373352,-1.1249486207962036,0.7900165915489197,-0.509536862373352,0.8260016441345215,0.7799949049949646,-0.509536862373352
6496,577081698,139,0,1.0403578166986125,0.693352222442627,0.0,1,True,2.000999927520752,0.0,0.0,-0.9999257326126099,0.0121869295835495,0.0,-0.9999257326126099,0.0121869295835495,-0.693352222442627,-0.9999257326126099,0.0121869295835495,-0.693352222442627
6496,577081698,139,1,0.09855353935481936,0.0,0.0,0,False,0.8021265864372253,0.7799131274223328,-0.6658739447593689,0.7875011563301086,-0.420091450214386,-0.6658739447593689,0.705385684967041,-0.41909059882164,-0.6658739447593689,0.7200111746788025,0.7809138894081116,-0.6658739447593689
6496,577081698,139,2,0.5573880365102468,0.0,0.0,0,False,0.8127596974372864,-0.7793022990226746,-0.7633522152900696,0.8318144679069519,0.7841216921806335,-0.7633522152900696,1.1882790327072144,0.7797771692276001,-0.7633522152900696,1.1692242622375488,-0.783646821975708,-0.7633522152900696
6496,577081698,139,3,0.18741774705392622,0.0,0.0,0,False,0.6853967905044556,0.07304511219263077,-0.5955724120140076,0.6749732494354248,-0.7821934819221497,-0.5955724120140076,0.45586490631103516,-0.7795230150222778,-0.5955724120140076,0.4662884473800659,0.0757155790925026,-0.5955724120140076
6496,577081698,139,4,1.0629127458772891,0.0,0.0,0,False,0.47849100828170776,0.10118814557790756,-0.5038333535194397,-1.08730947971344,0.12027190625667572,-0.5038333535194397,-1.0790371894836426,0.7990013360977173,-0.5038333535194397,0.48676326870918274,0.7799175977706909,-0.5038333535194397
6496,577081698,139,5,2.4496230659776845,0.0,0.0,0,False,0.47303614020347595,0.7793536186218262,-0.5038333535194397,0.45380309224128723,-0.7986937165260315,-0.5038333535194397,-1.0982791185379028,-0.7797771692276001,-0.5038333535194397,-1.0790461301803589,0.7982701659202576,-0.5038333535194397
6496,677078167,140,0,1.0357104053163981,0.6902506947517395,0.0,1,True,2.000999927520752,0.0,0.0,-0.9999533295631409,0.009663715958595276,0.0,-0.9999533295631409,0.009663715958595276,-0.6902506947517395,-0.9999533295631409,0.009663715958595276,-0.6902506947517395
6496,677078167,140,1,0.1839824197550186,0.0,0.0,0,False,0.8860189318656921,0.7808599472045898,-0.6959936618804932,0.8719406723976135,-0.6758884787559509,-0.6959936618804932,0.7456558346748352,-0.6746680736541748,-0.6959936618804932,0.7597340941429138,0.782080352306366,-0.6959936618804932
6496,677078167,140,2,0.3036757285311502,0.0,0.0,0,False,0.7465917468070984,0.4798879623413086,-0.6070371866226196,0.7343851923942566,-0.7831831574440002,-0.6070371866226196,0.49398118257522583,-0.7808598875999451,-0.6070371866226196,0.5061877369880676,0.48221129179000854,-0.6070371866226196
6496,677078167,140,3,0.4143383705495296,0.0,0.0,0,False,0.9048703908920288,-0.7781625986099243,-0.7602506875991821,0.9199436902999878,0.7815468311309814,-0.7602506875991821,1.1855698823928833,0.7789797782897949,-0.7602506875991821,1.1704965829849243,-0.7807296514511108,-0.7602506875991821
6496,677078167,140,4,0.4606163555794289,0.0,0.0,0,False,0.5698416829109192,0.5086206197738647,-0.5043636560440063,-1.1274641752243042,0.5250238180160522,-0.5043636560440063,-1.1248416900634766,0.7963793873786926,-0.5043636560440063,0.572464108467102,0.7799761295318604,-0.5043636560440063
6496,677078167,140,5,2.5483274209602946,0.0,0.0,0,False,0.4926106333732605,0.7798782587051392,-0.5043636560440063,0.4773859977722168,-0.7954857349395752,-0.5043636560440063,-1.1400747299194336,-0.7798542976379395,-0.5043636560440063,-1.1248501539230347,0.7955096960067749,-0.5043636560440063
6496,776979843,141,0,0.35115274785547407,0.7016041278839111,3.469446951953614e-18,1,True,0.0010000000474974513,0.0,0.0,-0.999641478061676,-0.02677607163786888,0.0,-0.999641478061676,-0.02677607163786888,-0.7016041278839111,-0.999641478061676,-0.02677607163786888,-0.7016041278839111
6496,776979843,141,1,0.1500347797133017,0.0,0.0,0,False,0.6901175379753113,0.7856280207633972,-0.6034260988235474,0.7320448756217957,-0.7796773910522461,-0.6034260988235474,0.6362634301185608,-0.7822428941726685,-0.6034260988235474,0.5943360924720764,0.7830625176429749,-0.6034260988235474
6496,776979843,141,2,0.4019671028874967,0.0,0.0,0,False,1.169967770576477,0.7812044620513916,-0.7716041207313538,1.211755633354187,-0.7788816094398499,-0.7716041207313538,0.9542834162712097,-0.7857781052589417,-0.7716041207313538,0.9124954342842102,0.7743079662322998,-0.7716041207313538
6496,776979843,141,3,2.6648967579188545,0.0,0.0,0,False,-1.1299148797988892,-0.8215155005455017,-0.5046637654304504,-1.172810435295105,0.779924750328064,-0.5046637654304504,0.4900590479373932,0.8244657516479492,-0.5046637654304504,0.5329546332359314,-0.7769744992256165,-0.5046637654304504
6496,776979843,141,4,0.34391516683689183,0.0,0.0,0,False,0.7337583899497986,-0.783649206161499,-0.6992995738983154,0.6919708251953125,0.7764367461204529,-0.6992995738983154,0.9122591018676758,0.7823372483253479,-0.6992995738983154,0.9540466070175171,-0.777748703956604,-0.6992995738983154
