stamp_sec,stamp_nsec,frame_index,group_index,area_m2,z_range_m,planarity_error_m,duplicate_vertices,degenerate,p0_x,p0_y,p0_z,p1_x,p1_y,p1_z,p2_x,p2_y,p2_z,p3_x,p3_y,p3_z
4325,376982751,0,0,0.37205986038420297,0.743376612663269,0.0,1,True,0.0010000000474974513,0.0,0.0,-0.9996201395988464,-0.02756107784807682,0.0,-0.9996201395988464,-0.02756107784807682,-0.743376612663269,-0.9996201395988464,-0.02756107784807682,-0.743376612663269
4325,376982751,0,1,0.16434729704126028,0.0,0.0,0,False,1.0837877988815308,-0.5573770403862,-0.8133766055107117,1.0469735860824585,0.7778487205505371,-0.8133766055107117,1.1699658632278442,0.7812398076057434,-0.8133766055107117,1.2067800760269165,-0.5539859533309937,-0.8133766055107117
4325,376982751,0,2,0.1315424620055623,0.0,0.0,0,False,0.7246484160423279,-0.5885939598083496,-0.6678901314735413,0.6968461275100708,0.41977521777153015,-0.6678901314735413,0.8271977305412292,0.42336922883987427,-0.6678901314735413,0.8550000190734863,-0.5849999785423279,-0.6678901314735413
4325,376982751,0,3,2.905799185443211,0.0,0.0,0,False,-1.1287062168121338,-0.8227002024650574,-0.50489741563797,-1.1728928089141846,0.779920220375061,-0.50489741563797,0.6388848423957825,0.8298736214637756,-0.50489741563797,0.683071494102478,-0.7727468013763428,-0.50489741563797
4325,376982751,0,4,0.24525400645212247,0.0,0.0,0,False,0.8771736025810242,-0.7851787209510803,-0.7431073784828186,0.8439647555351257,0.4192822277545929,-0.7431073784828186,1.047431468963623,0.4248921275138855,-0.7431073784828186,1.0806403160095215,-0.7795687913894653,-0.7431073784828186
4325,477021803,1,0,1.7647409768538909,0.7057716846466064,0.0,1,True,4.000999927520752,0.0,0.0,-0.9998544454574585,0.017060313373804092,0.0,-0.9998544454574585,0.017060313373804092,-0.7057716846466064,-0.9998544454574585,0.017060313373804092,-0.7057716846466064
4325,477021803,1,1,0.13277498574817503,0.0,0.0,0,False,0.7507588267326355,0.4647310972213745,-0.6252015829086304,0.7345480918884277,-0.48533353209495544,-0.6252015829086304,0.594835102558136,-0.4829496443271637,-0.6252015829086304,0.6110458970069885,0.46711498498916626,-0.6252015829086304
4325,477021803,1,2,0.19529680589608223,0.0,0.0,0,False,0.9621038436889648,0.3726606070995331,-0.7008244395256042,0.9449781775474548,-0.6310234069824219,-0.7008244395256042,0.750454843044281,-0.6277043223381042,-0.7008244395256042,0.767580509185791,0.3759797215461731,-0.7008244395256042
4325,477021803,1,3,0.30103359898522264,0.0,0.0,0,False,0.9538241624832153,-0.6260555386543274,-0.7757716774940491,0.9760366082191467,0.6757501363754272,-0.7757716774940491,1.2072124481201172,0.6718056201934814,-0.7757716774940491,1.184999942779541,-0.6300000548362732,-0.7757716774940491
4325,477021803,1,4,0.6026884914794062,0.0,0.0,0,False,0.8219103813171387,0.4639284312725067,-0.5091354846954346,-1.0845820903778076,0.4964584410190582,-0.5091354846954346,-1.0791897773742676,0.812490701675415,-0.5091354846954346,0.8273027539253235,0.7799606323242188,-0.5091354846954346
4325,477021803,1,5,2.701788427715165,0.0,0.0,0,False,0.5966102480888367,0.7795459032058716,-0.5091354846954346,0.5695066452026367,-0.808912992477417,-0.5091354846954346,-1.1308848857879639,-0.779899537563324,-0.5091354846954346,-1.1037812232971191,0.8085594177246094,-0.5091354846954346
4325,477021803,1,6,0.6036325711071315,0.0,0.0,0,False,-1.1245503425598145,-0.4536457359790802,-0.5091354846954346,0.7250300645828247,-0.48520466685295105,-0.5091354846954346,0.719463050365448,-0.8114715814590454,-0.5091354846954346,-1.1301172971725464,-0.7799126505851746,-0.5091354846954346
4325,477021803,1,7,0.3480364130013065,0.0,0.0,0,False,-1.1244454383850098,-0.5975050926208496,-0.5091354846954346,0.7825586795806885,-0.6300436854362488,-0.5091354846954346,0.7794455885887146,-0.8124948143959045,-0.5091354846954346,-1.1275585889816284,-0.7799562811851501,-0.5091354846954346
4325,577018271,2,0,0.34581568804925733,0.6909404397010803,5.421010862427522e-20,1,True,0.0010000000474974513,0.0,0.0,-0.9999998807907104,-0.0004762871249113232,0.0,-0.9999998807907104,-0.0004762871249113232,-0.6909404397010803,-0.9999998807907104,-0.0004762871249113232,-0.6909404397010803
4325,577018271,2,1,0.21389519169017923,0.0,0.0,0,False,0.6300928592681885,-0.5700927376747131,-0.6448662877082825,0.6295716166496277,0.5249212384223938,-0.6448662877082825,0.8249071836471558,0.5250141620635986,-0.6448662877082825,0.8254283666610718,-0.5699998140335083,-0.6448662877082825
4325,577018271,2,2,2.6934155199032475,0.0,0.0,0,False,0.5849995017051697,0.7808144092559814,-0.504738450050354,0.5857428908348083,-0.7799137830734253,-0.504738450050354,-1.1399996280670166,-0.7807357311248779,-0.504738450050354,-1.1407428979873657,0.7799924612045288,-0.504738450050354
4325,577018271,2,3,0.4463545072437114,0.0,0.0,0,False,0.8701356649398804,-0.7051427960395813,-0.760940432548523,0.8694288730621338,0.7798783183097839,-0.760940432548523,1.1699999570846558,0.7800213694572449,-0.760940432548523,1.1707067489624023,-0.7049997448921204,-0.760940432548523
4325,676878823,3,0,0.3500570019250457,0.6994147300720215,3.469446951953614e-18,1,True,0.0010000000474974513,0.0,0.0,-0.9997925758361816,0.02036704681813717,0.0,-0.9997925758361816,0.02036704681813717,-0.6994147300720215,-0.9997925758361816,0.02036704681813717,-0.6994147300720215
4325,676878823,3,1,0.07194497633449792,0.0,0.0,0,False,0.8751552104949951,0.3280615508556366,-0.6919776797294617,0.860194742679596,-0.40632808208465576,-0.6919776797294617,0.7622697353363037,-0.4043332040309906,-0.6919776797294617,0.7772301435470581,0.33005642890930176,-0.6919776797294617
4325,676878823,3,2,2.698196734037337,0.0,0.0,0,False,-1.1712217330932617,-0.7799751162528992,-0.5034217834472656,-1.1387525796890259,0.8138927817344666,-0.5034217834472656,0.5534061193466187,0.779421329498291,-0.5034217834472656,0.5209370255470276,-0.8144465684890747,-0.5034217834472656
4325,676878823,3,3,0.4849404933220107,0.0,0.0,0,False,0.8584644198417664,-0.7767093181610107,-0.7694147229194641,0.8902926445007324,0.7856980562210083,-0.7694147229194641,1.2005442380905151,0.779377818107605,-0.7694147229194641,1.1687159538269043,-0.7830295562744141,-0.7694147229194641
4325,776949375,4,0,0.3258129795995738,0.6509756445884705,6.938893903907228e-18,1,True,0.0010000000474974513,0.0,0.0,-0.998976469039917,0.045233044773340225,0.0,-0.998976469039917,0.045233044773340225,-0.6509756445884705,-0.998976469039917,0.045233044773340225,-0.6509756445884705
4325,776949375,4,1,0.47509141905973373,0.08523249626159668,4.817261659492418e-18,0,False,0.8529813289642334,-0.7798821330070496,-0.7209756374359131,0.8539001941680908,0.6751580834388733,-0.7202374339103699,1.1692923307418823,0.6750017404556274,-0.8047317266464233,1.168373465538025,-0.7800384759902954,-0.8054699301719666
4325,776949375,4,2,2.8798857439056604,0.0,0.0,0,False,-1.1254693269729614,-0.7799997925758362,-0.5048933029174805,-1.124999761581421,0.7805550694465637,-0.5048933029174805,0.7204242944717407,0.7799997925758362,-0.5048933029174805,0.7199547290802002,-0.7805550694465637,-0.5048933029174805
4325,877067760,5,0,0.35399595461483097,0.7072846293449402,0.0,1,True,0.0010000000474974513,0.0,0.0,-0.9999887347221375,-0.004747571423649788,0.0,-0.9999887347221375,-0.004747571423649788,-0.7072846293449402,-0.9999887347221375,-0.004747571423649788,-0.7072846293449402
4325,877067760,5,1,0.18509006585686194,0.0,0.0,0,False,0.6764265894889832,-0.6754916906356812,-0.6587824821472168,0.6707307696342468,0.5242676138877869,-0.6587824821472168,0.824999988079071,0.5249999761581421,-0.6587824821472168,0.8306957483291626,-0.6747593283653259,-0.6587824821472168
4325,877067760,5,2,0.45933088693709934,0.0,0.0,0,False,0.871002733707428,-0.7812058925628662,-0.7772846221923828,0.8638774156570435,0.7196149230003357,-0.7772846221923828,1.1699236631393433,0.7210679054260254,-0.7772846221923828,1.177048921585083,-0.7797529101371765,-0.7772846221923828
4325,877067760,5,3,2.7622191315907187,0.0,0.0,0,False,-1.1249651908874512,-0.7873349189758301,-0.5047823786735535,-1.132406234741211,0.7799648642539978,-0.5047823786735535,0.6299604773521423,0.788331925868988,-0.5047823786735535,0.6374014019966125,-0.7789678573608398,-0.5047823786735535
4325,976910520,6,0,1.420389340925997,0.7101373672485352,6.938893903907228e-18,1,True,3.000999927520752,0.0,0.0,-0.9990972876548767,0.04248004034161568,0.0,-0.9990972876548767,0.04248004034161568,-0.7101373672485352,-0.9990972876548767,0.04248004034161568,-0.7101373672485352
4325,976910520,6,1,0.18609398858493975,0.0,0.0,0,False,0.6682921648025513,-0.4883370101451874,-0.6857960224151611,0.7088738083839417,0.46611079573631287,-0.6857960224151611,0.9034975171089172,0.45783570408821106,-0.6857960224151611,0.8629158735275269,-0.4966121017932892,-0.6857960224151611
4325,976910520,6,2,0.39956176992477843,0.0,0.0,0,False,1.233662486076355,0.7772930860519409,-0.7801373600959778,1.1669390201568604,-0.7919875979423523,-0.7801373600959778,0.9127839207649231,-0.781181275844574,-0.7801373600959778,0.979507327079773,0.7880994081497192,-0.7801373600959778
4325,976910520,6,3,2.9397095385357073,0.0,0.0,0,False,0.7200000286102295,0.7800000309944153,-0.5057618618011475,0.6504614949226379,-0.8554897904396057,-0.5057618618011475,-1.143743872642517,-0.779202938079834,-0.5057618618011475,-1.0742053985595703,0.856286883354187,-0.5057618618011475
4325,976910520,6,4,0.7154796943131458,0.0,0.0,0,False,-1.115816354751587,-0.41401273012161255,-0.5057618618011475,0.837030827999115,-0.49704471230506897,-0.5057618618011475,0.8214811086654663,-0.8627612590789795,-0.5057618618011475,-1.1313661336898804,-0.7797293066978455,-0.5057618618011475
4325,976910520,6,5,0.6260563789419038,0.0,0.0,0,False,0.8646653890609741,0.4595358371734619,-0.5057618618011475,-1.0875452756881714,0.5425407290458679,-0.5057618618011475,-1.073934555053711,0.8626530170440674,-0.5057618618011475,0.8782761096954346,0.7796481251716614,-0.5057618618011475
4326,76933822,7,0,1.3693699918682476,0.6845176815986633,0.0,1,True,3.000999927520752,0.0,0.0,-0.9999703764915466,0.007696349639445543,0.0,-0.9999703764915466,0.007696349639445543,-0.6845176815986633,-0.9999703764915466,0.007696349639445543,-0.6845176815986633
4326,76933822,7,1,0.2634498844532658,0.0,0.0,0,False,0.6250457167625427,-0.5236918926239014,-0.6573022603988647,0.633439302444458,0.5668591856956482,-0.6573022603988647,0.875,0.5649999976158142,-0.6573022603988647,0.8666064143180847,-0.5255510807037354,-0.6573022603988647
4326,76933822,7,2,0.47549232897358884,0.0,0.0,0,False,0.8653920292854309,-0.7786945104598999,-0.754517674446106,0.877406120300293,0.7822519540786743,-0.754517674446106,1.1820060014724731,0.7799075841903687,-0.754517674446106,1.1699919700622559,-0.7810389399528503,-0.754517674446106
4326,76933822,7,3,2.7649751302751184,0.0,0.0,0,False,0.632308840751648,0.7799822092056274,-0.5078369975090027,0.6201988458633423,-0.7934321165084839,-0.5078369975090027,-1.1370060443878174,-0.7799075245857239,-0.5078369975090027,-1.1248960494995117,0.7935068011283875,-0.5078369975090027
4326,76933822,7,4,0.4833869790497758,0.0,0.0,0,False,-1.1240888833999634,-0.5116149187088013,-0.5078369975090027,0.6769589781761169,-0.5254768133163452,-0.5078369975090027,0.6748934388160706,-0.7938529849052429,-0.5078369975090027,-1.1261545419692993,-0.779991090297699,-0.5078369975090027
4326,76933822,7,5,0.3839324100817869,0.0,0.0,0,False,0.6749759912490845,0.5668830871582031,-0.5078369975090027,-1.1265336275100708,0.5807484984397888,-0.5078369975090027,-1.1248934268951416,0.7938529253005981,-0.5078369975090027,0.6766161322593689,0.7799875140190125,-0.5078369975090027
4326,176875748,8,0,0.3615861541571497,0.7224499583244324,0.0,1,True,0.0010000000474974513,0.0,0.0,-0.9998499751091003,0.017321957275271416,0.0,-0.9998499751091003,0.017321957275271416,-0.7224499583244324,-0.9998499751091003,0.017321957275271416,-0.7224499583244324
4326,176875748,8,1,0.11915537614123739,0.0,0.0,0,False,0.796353280544281,0.46393707394599915,-0.6479349136352539,0.7800000309944153,-0.4800000488758087,-0.6479349136352539,0.6538055539131165,-0.4778137803077698,-0.6479349136352539,0.670158863067627,0.4661233425140381,-0.6479349136352539
4326,176875748,8,2,0.26675099655242107,0.0,0.0,0,False,0.9974027276039124,-0.779348611831665,-0.792449951171875,1.0244613885879517,0.7825214266777039,-0.792449951171875,1.1951996088027954,0.7795634269714355,-0.792449951171875,1.1681410074234009,-0.7823066115379333,-0.792449951171875
4326,176875748,8,3,0.3167632283617188,0.0,0.0,0,False,1.006791591644287,0.7786695957183838,-0.7219793796539307,0.9797553420066833,-0.781901478767395,-0.7219793796539307,0.7768372297286987,-0.7783859968185425,-0.7219793796539307,0.8038734197616577,0.7821850776672363,-0.7219793796539307
4326,176875748,8,4,2.605657011196932,0.0,0.0,0,False,-1.165940523147583,-0.7792907357215881,-0.5035725831985474,-1.138440728187561,0.8080387711524963,-0.5035725831985474,0.5026017427444458,0.779608428478241,-0.5035725831985474,0.4751020073890686,-0.8077210783958435,-0.5035725831985474
4326,176875748,8,5,0.17951822957798536,0.0,0.0,0,False,0.47863325476646423,-0.7797165513038635,-0.57961505651474,0.4991791546344757,0.4062269330024719,-0.57961505651474,0.6505054235458374,0.40360525250434875,-0.57961505651474,0.6299594640731812,-0.7823382019996643,-0.57961505651474
4326,276940175,9,0,1.3689908296723527,0.6843655109405518,0.0,1,True,3.000999927520752,0.0,0.0,-0.9996791481971741,-0.025330593809485435,0.0,-0.9996791481971741,-0.025330593809485435,-0.6843655109405518,-0.9996791481971741,-0.025330593809485435,-0.6843655109405518
4326,276940175,9,1,0.2905889468559053,0.0,0.0,0,False,0.638890266418457,-0.5758560299873352,-0.6656503081321716,0.6088542938232422,0.6095231175422668,-0.6656503081321716,0.8538413047790527,0.6157307624816895,-0.6656503081321716,0.8838772773742676,-0.5696483850479126,-0.6656503081321716
4326,276940175,9,2,0.4411359815342202,0.0,0.0,0,False,0.8906747698783875,-0.7859375476837158,-0.7543655037879944,0.8510562777519226,0.7776195406913757,-0.7543655037879944,1.1330113410949707,0.7847639322280884,-0.7543655037879944,1.172629952430725,-0.7787931561470032,-0.7543655037879944
4326,276940175,9,3,2.741760827868193,0.0,0.0,0,False,0.596996545791626,0.8224928975105286,-0.5058137774467468,0.6375967860221863,-0.7798075079917908,-0.5058137774467468,-1.0724456310272217,-0.8231377601623535,-0.5058137774467468,-1.1130458116531372,0.7791626453399658,-0.5058137774467468
4326,276940175,9,4,0.35216834416698006,0.0,0.0,0,False,-1.0237982273101807,-0.6300963163375854,-0.5058137774467468,0.7765660285949707,-0.5844774842262268,-0.5058137774467468,0.78151935338974,-0.7799614667892456,-0.5058137774467468,-1.0188449621200562,-0.8255802989006042,-0.5058137774467468
4326,276940175,9,5,0.38367419754341014,0.0,0.0,0,False,0.724230170249939,0.6130563020706177,-0.5058137774467468,-1.079932689666748,0.5673412084579468,-0.5058137774467468,-1.085317850112915,0.7798652648925781,-0.5058137774467468,0.7188450694084167,0.825580358505249,-0.5058137774467468
4326,377144310,10,0,1.719533981099427,0.6876915097236633,0.0,1,True,4.000999927520752,0.0,0.0,-0.999859631061554,-0.016755107790231705,0.0,-0.999859631061554,-0.016755107790231705,-0.6876915097236633,-0.999859631061554,-0.016755107790231705,-0.6876915097236633
4326,377144310,10,1,0.23348498645313853,0.0,0.0,0,False,0.5300763249397278,-0.4229312539100647,-0.6231682300567627,0.5152587294578552,0.4613177478313446,-0.6231682300567627,0.7792335152626038,0.46574124693870544,-0.6231682300567627,0.7940511107444763,-0.41850775480270386,-0.6231682300567627
4326,377144310,10,2,0.5716574938009398,0.0,0.0,0,False,0.8018901348114014,-0.6811684966087341,-0.757691502571106,0.7774898409843445,0.7749307751655579,-0.757691502571106,1.1699748039245605,0.7815077304840088,-0.757691502571106,1.1943750381469727,-0.6745914816856384,-0.757691502571106
4326,377144310,10,3,2.5985393890645163,0.0,0.0,0,False,0.5059414505958557,0.8073301315307617,-0.5094777941703796,0.532538652420044,-0.7798736095428467,-0.5094777941703796,-1.104182481765747,-0.8073006272315979,-0.5094777941703796,-1.1307796239852905,0.7799031734466553,-0.5094777941703796
4326,377144310,10,4,0.6658431072793825,0.0,0.0,0,False,-1.0854686498641968,-0.4536627531051636,-0.5094777941703796,0.776522159576416,-0.4224608540534973,-0.5094777941703796,0.7825128436088562,-0.7799578905105591,-0.5094777941703796,-1.0794779062271118,-0.8111597895622253,-0.5094777941703796
4326,377144310,10,5,0.6578207435863845,0.0,0.0,0,False,0.7817268371582031,0.46695151925086975,-0.5094777941703796,-1.125,0.4349999725818634,-0.5094777941703796,-1.1307796239852905,0.7799031138420105,-0.5094777941703796,0.7759472131729126,0.8118546605110168,-0.5094777941703796
4326,377144310,10,6,0.19057378387577018,0.0,0.0,0,False,-1.0811407566070557,-0.711927592754364,-0.5094777941703796,0.824329674243927,-0.6799971461296082,-0.5094777941703796,0.8260051608085632,-0.7799831032752991,-0.5094777941703796,-1.0794652700424194,-0.8119135499000549,-0.5094777941703796
4326,476927278,11,0,1.042223060209554,0.6945847272872925,0.0,1,True,2.000999927520752,0.0,0.0,-0.9999943971633911,0.0033462392166256905,0.0,-0.9999943971633911,0.0033462392166256905,-0.6945847272872925,-0.9999943971633911,0.0033462392166256905,-0.6945847272872925
4326,476927278,11,1,0.34274369168132424,0.0,0.0,0,False,0.6264886260032654,-0.7793356776237488,-0.6704444289207458,0.6309899091720581,0.5658165812492371,-0.6704444289207458,0.885786235332489,0.5649639368057251,-0.6704444289207458,0.8812849521636963,-0.7801883220672607,-0.6704444289207458
4326,476927278,11,2,0.44998001561383205,0.0,0.0,0,False,0.8814871311187744,-0.7797874808311462,-0.7645847201347351,0.8867098093032837,0.7809479832649231,-0.7645847201347351,1.175019383430481,0.7799832224845886,-0.7645847201347351,1.1697967052459717,-0.7807522416114807,-0.7645847201347351
4326,476927278,11,3,2.8203823897383415,0.0,0.0,0,False,0.6310038566589355,0.7799966335296631,-0.5052465200424194,0.6257635354995728,-0.7860091328620911,-0.5052465200424194,-1.1752201318740845,-0.7799825072288513,-0.5052465200424194,-1.1699798107147217,0.7860232591629028,-0.5052465200424194
4326,476927278,11,4,0.41845539714181257,0.0,0.0,0,False,0.7799848318099976,0.5654824376106262,-0.5052465200424194,-1.1706960201263428,0.5720101594924927,-0.5052465200424194,-1.169978141784668,0.7865253686904907,-0.5052465200424194,0.7807027101516724,0.7799976468086243,-0.5052465200424194
4326,576976247,12,0,2.5130795039463307,0.7179206609725952,4.336808689942018e-19,1,True,6.000999927520752,0.0,0.0,-0.9999943375587463,-0.003356493543833494,0.0,-0.9999943375587463,-0.003356493543833494,-0.7179206609725952,-0.9999943375587463,-0.003356493543833494,-0.7179206609725952
4326,576976247,12,1,0.1181867222427897,0.0,0.0,0,False,0.6756558418273926,-0.5254005789756775,-0.6518893837928772,0.6723319292068481,0.46489033102989197,-0.6518893837928772,0.7916760444641113,0.465290904045105,-0.6518893837928772,0.7949999570846558,-0.5249999761581421,-0.6518893837928772
4326,576976247,12,2,0.1327925275024171,0.0,0.0,0,False,0.48110949993133545,-0.405550092458725,-0.5844879150390625,0.4783898890018463,0.40469247102737427,-0.5844879150390625,0.6422803401947021,0.40524259209632874,-0.5844879150390625,0.6449999809265137,-0.4049999713897705,-0.5844879150390625
4326,576976247,12,3,0.30948859342293034,0.0,0.0,0,False,0.9768645167350769,-0.7804971933364868,-0.7879206538200378,0.9716278910636902,0.7796361446380615,-0.7879206538200378,1.1699988842010498,0.7803019881248474,-0.7879206538200378,1.175235390663147,-0.7798313498497009,-0.7879206538200378
4326,576976247,12,4,0.17014108614272416,0.0,0.0,0,False,0.7959082722663879,-0.5256010890007019,-0.7163424491882324,0.7927347421646118,0.41989168524742126,-0.7163424491882324,0.9726823568344116,0.4204956591129303,-0.7163424491882324,0.9758558869361877,-0.5249971151351929,-0.7163424491882324
4326,576976247,12,5,0.4335763328591131,0.0,0.0,0,False,-1.1257421970367432,-0.5588794350624084,-0.5060768723487854,0.7799411416053772,-0.5524826645851135,-0.5060768723487854,0.7807048559188843,-0.7799975872039795,-0.5060768723487854,-1.1249784231185913,-0.7863944172859192,-0.5060768723487854
4326,576976247,12,6,0.6175069102250248,0.0,0.0,0,False,0.8260403871536255,0.47003817558288574,-0.5060768723487854,-1.1249444484710693,0.4634898006916046,-0.5060768723487854,-1.126006841659546,0.7799965739250183,-0.5060768723487854,0.8249780535697937,0.7865449786186218,-0.5060768723487854
4326,576976247,12,7,2.5153340848779973,0.0,0.0,0,False,0.47660863399505615,0.7853758335113525,-0.5060768723487854,0.4818628430366516,-0.7799936532974243,-0.5060768723487854,-1.1249818801879883,-0.7853870987892151,-0.5060768723487854,-1.1302361488342285,0.7799823880195618,-0.5060768723487854
4326,576976247,12,8,0.6589092117882096,0.0,0.0,0,False,-1.1262078285217285,-0.4201551079750061,-0.5060768723487854,0.6746277809143066,-0.41411036252975464,-0.5060768723487854,0.6758559346199036,-0.7799970507621765,-0.5060768723487854,-1.1249797344207764,-0.786041796207428,-0.5060768723487854
4326,576976247,12,9,0.6416706513711539,0.0,0.0,0,False,0.6312066912651062,0.420507550239563,-0.5060768723487854,-1.1249315738677979,0.4146128296852112,-0.5060768723487854,-1.1261579990386963,0.7799960374832153,-0.5060768723487854,0.629980206489563,0.7858907580375671,-0.5060768723487854
4326,576976247,12,10,0.44409742657982854,0.0,0.0,0,False,-1.1257420778274536,-0.5588791966438293,-0.5060768723487854,0.8248903155326843,-0.5523319244384766,-0.5060768723487854,0.8256544470787048,-0.7799977660179138,-0.5060768723487854,-1.124977946281433,-0.7865450978279114,-0.5060768723487854
4326,677100465,13,0,1.3761526153513575,0.6879130005836487,0.0,1,True,3.000999927520752,0.0,0.0,-0.9999328851699829,0.011583149433135986,0.0,-0.9999328851699829,0.011583149433135986,-0.6879130005836487,-0.9999328851699829,0.011583149433135986,-0.6879130005836487
4326,677100465,13,1,0.1781174526484186,0.0,0.0,0,False,0.6242808103561401,-0.37371742725372314,-0.6616355776786804,0.6335008144378662,0.42221829295158386,-0.6616355776786804,0.8572545051574707,0.4196263551712036,-0.6616355776786804,0.8480345010757446,-0.3763093650341034,-0.6616355776786804
4326,677100465,13,2,0.5051632731303144,0.0,0.0,0,False,1.187373399734497,0.7797988057136536,-0.7579129934310913,1.169294834136963,-0.7808605432510376,-0.7579129934310913,0.8456524610519409,-0.7771114706993103,-0.7579129934310913,0.8637310266494751,0.7835478782653809,-0.7579129934310913
4326,677100465,13,3,2.7055011108814053,0.0,0.0,0,False,0.6334746479988098,0.7799597978591919,-0.5090098977088928,0.615176796913147,-0.7996366024017334,-0.5090098977088928,-1.097373366355896,-0.779798686504364,-0.5090098977088928,-1.079075574874878,0.7997977137565613,-0.5090098977088928
4326,677100465,13,4,0.7444818940900415,0.0,0.0,0,False,-1.0785685777664185,-0.3564244508743286,-0.5090098977088928,0.6789757609367371,-0.3767836391925812,-0.5090098977088928,0.6740695238113403,-0.8003188967704773,-0.5090098977088928,-1.0834747552871704,-0.7799597382545471,-0.5090098977088928
4326,677100465,13,5,0.6281861558844177,0.0,0.0,0,False,0.6748573184013367,0.422684907913208,-0.5090098977088928,-1.0832082033157349,0.4430501461029053,-0.5090098977088928,-1.0790696144104004,0.8003188967704773,-0.5090098977088928,0.6789959073066711,0.77995365858078,-0.5090098977088928
4326,776999225,14,0,1.3877616537833803,0.6937076449394226,0.0,1,True,3.000999927520752,0.0,0.0,-0.9999982118606567,0.0018937120912596583,0.0,-0.9999982118606567,0.0018937120912596583,-0.6937076449394226,-0.9999982118606567,0.0018937120912596583,-0.6937076449394226
4326,776999225,14,1,0.1192750830457765,0.0,0.0,0,False,0.765937328338623,0.4199414551258087,-0.635179877281189,0.7644314169883728,-0.3752261996269226,-0.635179877281189,0.6144320368766785,-0.3749421536922455,-0.635179877281189,0.6159379482269287,0.42022550106048584,-0.635179877281189
4326,776999225,14,2,0.5880202316563938,0.0,0.0,0,False,0.793097972869873,-0.7794283032417297,-0.7637076377868652,0.7960523962974548,0.7807081937789917,-0.7637076377868652,1.1729540824890137,0.7799944281578064,-0.7637076377868652,1.1699997186660767,-0.780142068862915,-0.7637076377868652
4326,776999225,14,3,0.6641838791895713,0.0,0.0,0,False,0.7795954942703247,0.4313933551311493,-0.5099358558654785,-1.1256531476974487,0.4350012242794037,-0.5099358558654785,-1.124993085861206,0.7836074233055115,-0.5099358558654785,0.7802556157112122,0.7799995541572571,-0.5099358558654785
4326,776999225,14,4,2.6542500378227807,0.0,0.0,0,False,0.5729543566703796,0.7799944281578064,-0.5099358558654785,0.5699939131736755,-0.783210039138794,-0.5099358558654785,-1.1279544830322266,-0.7799944281578064,-0.5099358558654785,-1.1249940395355225,0.783210039138794,-0.5099358558654785
4326,776999225,14,5,0.7777178456345615,0.0,0.0,0,False,-1.1244258880615234,-0.37179139256477356,-0.5099358558654785,0.7807661294937134,-0.3753991425037384,-0.5099358558654785,0.7799931168556213,-0.7836073637008667,-0.5099358558654785,-1.1251989603042603,-0.7799996137619019,-0.5099358558654785
4326,877026027,15,0,1.3777414794488934,0.688734233379364,0.0,1,True,3.000999927520752,0.0,0.0,-0.9997238516807556,0.02349967695772648,0.0,-0.9997238516807556,0.02349967695772648,-0.688734233379364,-0.9997238516807556,0.02349967695772648,-0.688734233379364
4326,877026027,15,1,0.2267785454686475,0.0,0.0,0,False,0.6853320598602295,-0.7167169451713562,-0.676715612411499,0.7181298136711121,0.6785699129104614,-0.676715612411499,0.8805719017982483,0.6747515201568604,-0.676715612411499,0.8477741479873657,-0.7205353379249573,-0.676715612411499
4326,877026027,15,2,0.5050843936539238,0.0,0.0,0,False,0.8474549055099487,-0.7791174054145813,-0.7587342262268066,0.8842615485191345,0.7867165803909302,-0.7587342262268066,1.2066491842269897,0.7791385054588318,-0.7587342262268066,1.1698424816131592,-0.7866954803466797,-0.7587342262268066
4326,877026027,15,3,2.9741520396048173,0.0,0.0,0,False,0.7200000286102295,0.7799999117851257,-0.5052756667137146,0.6823070645332336,-0.8235405087471008,-0.5052756667137146,-1.1714096069335938,-0.7799668908119202,-0.5052756667137146,-1.1337165832519531,0.8235735893249512,-0.5052756667137146
4326,877026027,15,4,0.19571791965654306,0.0,0.0,0,False,-1.1689180135726929,-0.673967719078064,-0.5052756667137146,0.6764727830886841,-0.7173457741737366,-0.5052756667137146,0.6739811301231384,-0.8233449459075928,-0.5052756667137146,-1.1714096069335938,-0.7799668312072754,-0.5052756667137146
4326,877026027,15,5,0.18620126638004564,0.0,0.0,0,False,0.7190392017364502,0.6791218519210815,-0.5052756667137146,-1.1263514757156372,0.7224999666213989,-0.5052756667137146,-1.12398099899292,0.8233449459075928,-0.5052756667137146,0.7214096784591675,0.7799668908119202,-0.5052756667137146
4326,976922454,16,0,0.34571841182413976,0.6907466650009155,0.0,1,True,0.0010000000474974513,0.0,0.0,-0.9991335272789001,-0.04161998629570007,0.0,-0.9991335272789001,-0.04161998629570007,-0.6907466650009155,-0.9991335272789001,-0.04161998629570007,-0.6907466650009155
4326,976922454,16,1,0.12514077645113098,0.0,0.0,0,False,0.7473085522651672,0.4217624366283417,-0.6554586291313171,0.7976250052452087,-0.7861390709877014,-0.6554586291313171,0.6942026615142822,-0.7904472351074219,-0.6554586291313171,0.6438862085342407,0.4174542725086212,-0.6554586291313171
4326,976922454,16,2,0.46459120073989624,0.0,0.0,0,False,1.1696622371673584,0.7881088256835938,-0.7607466578483582,1.2348709106445312,-0.7772977352142334,-0.7607466578483582,0.9385987520217896,-0.7896392345428467,-0.7607466578483582,0.8733900189399719,0.7757673263549805,-0.7607466578483582
4326,976922454,16,3,2.8767527996137705,0.0,0.0,0,False,-1.1222457885742188,-0.8461185097694397,-0.5049073696136475,-1.1899489164352417,0.7791690230369568,-0.5049073696136475,0.576981246471405,0.8527724742889404,-0.5049073696136475,0.6446844339370728,-0.772515058517456,-0.5049073696136475
4327,76950130,17,0,1.0638973039502033,0.7090888619422913,3.469446951953614e-18,1,True,2.000999927520752,0.0,0.0,-0.9996171593666077,-0.02766847237944603,0.0,-0.9996171593666077,-0.02766847237944603,-0.7090888619422913,-0.9996171593666077,-0.02766847237944603,-0.7090888619422913
4327,76950130,17,1,0.09887362080359985,0.0,0.0,0,False,0.814993143081665,0.2722141444683075,-0.6855819821357727,0.8441832065582275,-0.7823753356933594,-0.6855819821357727,0.750499427318573,-0.7849684357643127,-0.6855819821357727,0.7213093638420105,0.2696210443973541,-0.6855819821357727
4327,76950130,17,2,0.21666070615886035,0.0,0.0,0,False,0.4854736924171448,-0.3177548050880432,-0.5826111435890198,0.4551079273223877,0.779310941696167,-0.5826111435890198,0.6524478197097778,0.7847731709480286,-0.5826111435890198,0.6828135848045349,-0.3122926354408264,-0.5826111435890198
4327,76950130,17,3,0.52492353350166,0.0,0.0,0,False,0.877282440662384,-0.7881021499633789,-0.7790888547897339,0.8340557813644409,0.773607611656189,-0.7790888547897339,1.169919490814209,0.7829040288925171,-0.7790888547897339,1.2131462097167969,-0.7788057327270508,-0.7790888547897339
4327,76950130,17,4,2.6073592601645954,0.0,0.0,0,False,0.45094069838523865,0.8248660564422607,-0.5041417479515076,0.4953501522541046,-0.7795751094818115,-0.5041417479515076,-1.1284945011138916,-0.8245216012001038,-0.5041417479515076,-1.1729040145874023,0.7799195051193237,-0.5041417479515076
4327,76950130,17,5,0.7905657044187411,0.0,0.0,0,False,-1.1365272998809814,-0.3635338544845581,-0.5041417479515076,0.5683764815330505,-0.3163438141345978,-0.5041417479515076,0.581201434135437,-0.7796899080276489,-0.5041417479515076,-1.1237024068832397,-0.8268799185752869,-0.5041417479515076
4327,177006099,18,0,0.7098200248957738,0.7096061110496521,0.0,1,True,1.0010000467300415,0.0,0.0,-0.9992061853408813,0.039837513118982315,0.0,-0.9992061853408813,0.039837513118982315,-0.7096061110496521,-0.9992061853408813,0.039837513118982315,-0.7096061110496521
4327,177006099,18,1,0.26594024595392085,0.0,0.0,0,False,0.6192361116409302,-0.7795708179473877,-0.6404096484184265,0.6816427111625671,0.7857154607772827,-0.6404096484184265,0.8512718677520752,0.7789524793624878,-0.6404096484184265,0.7888652682304382,-0.7863337993621826,-0.6404096484184265
4327,177006099,18,2,0.465533983913172,0.0,0.0,0,False,0.8703626990318298,-0.7758281826972961,-0.7796061038970947,0.9327692985534668,0.7894580960273743,-0.7796061038970947,1.2297086715698242,0.7776194214820862,-0.7796061038970947,1.167302131652832,-0.7876668572425842,-0.7796061038970947
4327,177006099,18,3,2.9445173719591438,0.0,0.0,0,False,0.6809709072113037,0.7797619104385376,-0.5047183036804199,0.6159456968307495,-0.8512041568756104,-0.5047183036804199,-1.186571478843689,-0.7793393731117249,-0.5047183036804199,-1.1215462684631348,0.8516266942024231,-0.5047183036804199
4327,276926151,19,0,0.3590029601798948,0.7172951102256775,0.0,1,True,0.0010000000474974513,0.0,0.0,-0.9909497499465942,-0.13423335552215576,0.0,-0.9909497499465942,-0.13423335552215576,-0.7172951102256775,-0.9909497499465942,-0.13423335552215576,-0.7172951102256775
4327,276926151,19,1,0.48922899458365166,0.0,0.0,0,False,1.0188336372375488,0.820479691028595,-0.7089797854423523,1.2309370040893555,-0.7453308701515198,-0.7089797854423523,0.9241222143173218,-0.786891758441925,-0.7089797854423523,0.7120189070701599,0.7789188027381897,-0.7089797854423523
4327,276926151,19,2,2.9915970737852486,0.0,0.0,0,False,-0.955538809299469,-1.0008715391159058,-0.5049326419830322,-1.1954810619354248,0.770452618598938,-0.5049326419830322,0.4629915952682495,0.9951081275939941,-0.5049326419830322,0.7029338479042053,-0.7762160897254944,-0.5049326419830322
4327,276926151,19,3,0.008918549785097873,0.0,0.0,0,False,1.0828765630722046,-0.28180161118507385,-0.7872951030731201,1.0709048509597778,-0.19342327117919922,-0.7872951030731201,1.1699998378753662,-0.1799999624490738,-0.7872951030731201,1.181971549987793,-0.26837828755378723,-0.7872951030731201
4327,376940702,20,0,0.35504968809749965,0.7093899846076965,8.673617379884035e-19,1,True,0.0010000000474974513,0.0,0.0,-0.9999799728393555,-0.00633232994005084,0.0,-0.9999799728393555,-0.00633232994005084,-0.7093899846076965,-0.9999799728393555,-0.00633232994005084,-0.7093899846076965
4327,376940702,20,1,0.18749728684583022,0.0,0.0,0,False,0.9837281703948975,0.2703402638435364,-0.7175795435905457,0.9903806447982788,-0.7801876664161682,-0.7175795435905457,0.8119086623191833,-0.7813178300857544,-0.7175795435905457,0.8052562475204468,0.2692100703716278,-0.7175795435905457
4327,376940702,20,2,2.67271436367332,0.0,0.0,0,False,0.5680311918258667,0.7907211184501648,-0.5083713531494141,0.5779696106910706,-0.7787147164344788,-0.5083713531494141,-1.1249399185180664,-0.7894983291625977,-0.5083713531494141,-1.1348782777786255,0.7799375057220459,-0.5083713531494141
4327,376940702,20,3,0.24796436123702748,0.0,0.0,0,False,1.0209558010101318,-0.780943751335144,-0.7793899774551392,1.011075735092163,0.779278576374054,-0.7793899774551392,1.1699981689453125,0.7802849411964417,-0.7793899774551392,1.1798783540725708,-0.7799373269081116,-0.7793899774551392
4327,476985879,21,0,0.34930016498625027,0.6979026794433594,0.0,1,True,0.0010000000474974513,0.0,0.0,-0.999611496925354,0.02787308394908905,0.0,-0.999611496925354,0.02787308394908905,-0.6979026794433594,-0.999611496925354,0.02787308394908905,-0.6979026794433594
4327,476985879,21,1,0.1985862398815499,0.0,0.0,0,False,0.8613834381103516,0.7798219919204712,-0.6696178913116455,0.8250000476837158,-0.5249999761581421,-0.6696178913116455,0.6729241609573364,-0.5207595229148865,-0.6696178913116455,0.7093075513839722,0.7840624451637268,-0.6696178913116455
4327,476985879,21,2,0.9056243569795072,0.0,0.0,0,False,0.6070699095726013,0.7789663672447205,-0.5144538283348083,0.5631853938102722,-0.7948672771453857,-0.5144538283348083,-0.011793295852839947,-0.7788346409797668,-0.5144538283348083,0.03209126368165016,0.7949990034103394,-0.5144538283348083
4327,476985879,21,3,1.8340153150349192,0.0,0.0,0,False,0.013465114869177341,0.7787880897521973,-0.5070716738700867,-0.03088567778468132,-0.8117629289627075,-0.5070716738700867,-1.1830589771270752,-0.7796358466148376,-0.5070716738700867,-1.138708233833313,0.8109151721000671,-0.5070716738700867
4327,476985879,21,4,0.523568739583645,0.0,0.0,0,False,0.8337215185165405,-0.7760605812072754,-0.767902672290802,0.8773379325866699,0.7881605625152588,-0.767902672290802,1.2117931842803955,0.7788346409797668,-0.767902672290802,1.1681767702102661,-0.7853865027427673,-0.767902672290802
4327,577007431,22,0,0.3513011740237061,0.7019007205963135,3.469446951953614e-18,1,True,0.0010000000474974513,0.0,0.0,-0.9995856285095215,-0.028785768896341324,0.0,-0.9995856285095215,-0.028785768896341324,-0.7019007205963135,-0.9995856285095215,-0.028785768896341324,-0.7019007205963135
4327,577007431,22,1,0.0553132332747559,0.0,0.0,0,False,0.7024803757667542,0.40579140186309814,-0.6712725162506104,0.7368259429931641,-0.786858856678009,-0.6712725162506104,0.690485954284668,-0.7881933450698853,-0.6712725162506104,0.6561403870582581,0.4044569134712219,-0.6712725162506104
4327,577007431,22,2,0.3879148603767888,0.0,0.0,0,False,1.167717695236206,0.7842538952827454,-0.7719007134437561,1.2127290964126587,-0.7787695527076721,-0.7719007134437561,0.9647524356842041,-0.7859106659889221,-0.7719007134437561,0.9197409152984619,0.7771127820014954,-0.7719007134437561
4327,577007431,22,3,2.6469749861413945,0.0,0.0,0,False,0.5234712958335876,0.8287681341171265,-0.5088822841644287,0.5696759819984436,-0.7756897211074829,-0.5088822841644287,-1.0787198543548584,-0.8231597542762756,-0.5088822841644287,-1.1249245405197144,0.7812981009483337,-0.5088822841644287
4327,577007431,22,4,0.10977525863316062,0.0,0.0,0,False,0.5700497031211853,-0.7817263603210449,-0.6112487316131592,0.5411319732666016,0.22244082391262054,-0.6112487316131592,0.6503611207008362,0.22558636963367462,-0.6112487316131592,0.6792787909507751,-0.7785808444023132,-0.6112487316131592
4327,676973857,23,0,0.7165145389313865,0.7162210941314697,0.0,1,True,1.0010000467300415,0.0,0.0,-0.9996389746665955,0.026867792010307312,0.0,-0.9996389746665955,0.026867792010307312,-0.7162210941314697,-0.9996389746665955,0.026867792010307312,-0.7162210941314697
4327,676973857,23,1,0.22561394602971774,0.0,0.0,0,False,0.8048562407493591,-0.7794585824012756,-0.7173769474029541,0.8468634486198425,0.7834439873695374,-0.7173769474029541,0.9911149740219116,0.7795668840408325,-0.7173769474029541,0.9491077661514282,-0.7833356857299805,-0.7173769474029541
4327,676973857,23,2,0.3397011850998517,0.0,0.0,0,False,0.9509034752845764,-0.7765302062034607,-0.7862210869789124,0.9928670525550842,0.7847608327865601,-0.7862210869789124,1.210287094116211,0.778917133808136,-0.7862210869789124,1.1683235168457031,-0.7823739051818848,-0.7862210869789124
4327,676973857,23,3,0.5368866994224097,0.0,0.0,0,False,0.44223129749298096,-0.7721311450004578,-0.6142555475234985,0.48419472575187683,0.789159893989563,-0.6142555475234985,0.8278200626373291,0.7799241542816162,-0.6142555475234985,0.7858566045761108,-0.7813668847084045,-0.6142555475234985
4327,676973857,23,4,2.5798382107258764,0.0,0.0,0,False,0.48269376158714294,0.7783148288726807,-0.5051920413970947,0.43964752554893494,-0.8232631087303162,-0.5051920413970947,-1.1699999570846558,-0.7799999713897705,-0.5051920413970947,-1.1269537210464478,0.8215779662132263,-0.5051920413970947
4327,776933576,24,0,0.348238059861838,0.695780336856842,8.673617379884035e-19,1,True,0.0010000000474974513,0.0,0.0,-0.9999740719795227,-0.007205165456980467,0.0,-0.9999740719795227,-0.007205165456980467,-0.695780336856842,-0.9999740719795227,-0.007205165456980467,-0.695780336856842
4327,776933576,24,1,0.2668191215668223,0.0,0.0,0,False,0.7848262190818787,0.7818721532821655,-0.6205855011940002,0.7960816025733948,-0.78020840883255,-0.6205855011940002,0.6252803802490234,-0.7814391255378723,-0.6205855011940002,0.6140249967575073,0.7806414365768433,-0.6205855011940002
4327,776933576,24,2,2.678765747364313,0.0,0.0,0,False,-1.1249175071716309,-0.7914559245109558,-0.5062756538391113,-1.136239767074585,0.7799190282821655,-0.5062756538391113,0.5683990120887756,0.792201578617096,-0.5062756538391113,0.5797212719917297,-0.7791733741760254,-0.5062756538391113
4327,776933576,24,3,0.13502891594121458,0.0,0.0,0,False,0.779729425907135,-0.7206504344940186,-0.693576991558075,0.7700003385543823,0.6296036839485168,-0.693576991558075,0.8699977397918701,0.6303242444992065,-0.693576991558075,0.8797268271446228,-0.7199299335479736,-0.693576991558075
4327,776933576,24,4,0.4395501123743486,0.0,0.0,0,False,0.8847037553787231,-0.7817313075065613,-0.7657803297042847,0.8740043044090271,0.7031915187835693,-0.7657803297042847,1.1699976921081543,0.7053242325782776,-0.7657803297042847,1.1806970834732056,-0.779598593711853,-0.7657803297042847
4327,876949003,25,0,1.3864606814399527,0.6930716633796692,1.734723475976807e-18,1,True,3.000999927520752,0.0,0.0,-0.9998878240585327,0.014979069121181965,0.0,-0.9998878240585327,0.014979069121181965,-0.6930716633796692,-0.9998878240585327,0.014979069121181965,-0.6930716633796692
4327,876949003,25,1,0.08014155655139188,0.0,0.0,0,False,0.7506672739982605,0.4647652804851532,-0.6455747485160828,0.736513614654541,-0.48002272844314575,-0.6455747485160828,0.6517077684402466,-0.4787522554397583,-0.6455747485160828,0.6658613681793213,0.46603575348854065,-0.6455747485160828
4327,876949003,25,2,0.5171879460671338,0.0,0.0,0,False,1.1917921304702759,0.7796735167503357,-0.7630716562271118,1.168397068977356,-0.781998336315155,-0.7630716562271118,0.8372955918312073,-0.7770382165908813,-0.7630716562271118,0.8606905937194824,0.7846336364746094,-0.7630716562271118
4327,876949003,25,3,0.6259272452543412,0.0,0.0,0,False,0.8531850576400757,0.4638477861881256,-0.505763828754425,-1.1292914152145386,0.4935471713542938,-0.505763828754425,-1.1245625019073486,0.8092063069343567,-0.505763828754425,0.8579139113426208,0.7795069217681885,-0.505763828754425
4327,876949003,25,4,2.827769826814901,0.0,0.0,0,False,0.6533175110816956,0.7765047550201416,-0.505763828754425,0.6296061873435974,-0.8062852621078491,-0.505763828754425,-1.1565659046173096,-0.7795271277427673,-0.505763828754425,-1.1328545808792114,0.8032628893852234,-0.505763828754425
4327,876949003,25,5,0.6477609734914607,0.0,0.0,0,False,-1.1516687870025635,-0.4526347517967224,-0.505763828754425,0.8294596672058105,-0.48231396079063416,-0.505763828754425,0.8245624899864197,-0.8092062473297119,-0.505763828754425,-1.1565659046173096,-0.7795270681381226,-0.505763828754425
4327,976919221,26,0,0.3434589456846795,0.6862339377403259,0.0,1,True,0.0010000000474974513,0.0,0.0,-0.9966803789138794,0.08141381293535233,0.0,-0.9966803789138794,0.08141381293535233,-0.6862339377403259,-0.9966803789138794,0.08141381293535233,-0.6862339377403259
4327,976919221,26,1,0.49869719369035437,0.0,0.0,0,False,0.9061444997787476,0.6561190485954285,-0.6209681034088135,0.7870864868164062,-0.8014084696769714,-0.6209681034088135,0.4472014904022217,-0.7736450433731079,-0.6209681034088135,0.566259503364563,0.683882474899292,-0.6209681034088135
4327,976919221,26,2,2.7026875432672037,0.0,0.0,0,False,-1.1748685836791992,-0.7796022891998291,-0.504170835018158,-1.0370497703552246,0.9075959920883179,-0.504170835018158,0.5542116761207581,0.7776138186454773,-0.504170835018158,0.41639283299446106,-0.9095844626426697,-0.504170835018158
4327,976919221,26,3,0.5813617806856239,0.0,0.0,0,False,0.794937789440155,-0.765291690826416,-0.7562339305877686,0.922814130783081,0.8001912832260132,-0.7562339305877686,1.2917152643203735,0.7700576186180115,-0.7562339305877686,1.1638388633728027,-0.7954253554344177,-0.7562339305877686
4328,76943106,27,0,1.448405119322671,0.7240216732025146,0.0,1,True,3.000999927520752,0.0,0.0,-0.9999992251396179,-0.0012334410566836596,0.0,-0.9999992251396179,-0.0012334410566836596,-0.7240216732025146,-0.9999992251396179,-0.0012334410566836596,-0.7240216732025146
4328,76943106,27,1,0.24492077580571703,0.0,0.0,0,False,1.0200927257537842,-0.7052034139633179,-0.7940216660499573,1.0182608366012573,0.7799978256225586,-0.7940216660499573,1.1831680536270142,0.780201256275177,-0.7940216660499573,1.184999942779541,-0.7049999833106995,-0.7940216660499573
4328,76943106,27,2,0.272116824342028,0.0,0.0,0,False,0.7654997706413269,-0.6752028465270996,-0.7187829613685608,0.7639086246490479,0.6147951483726501,-0.7187829613685608,0.9748519062995911,0.6150553226470947,-0.7187829613685608,0.9764430522918701,-0.674942672252655,-0.7187829613685608
4328,76943106,27,3,0.3739242734424719,0.0,0.0,0,False,0.7637786269187927,0.4651649594306946,-0.600538432598114,0.7653144001960754,-0.779944121837616,-0.600538432598114,0.4650003910064697,-0.780314564704895,-0.600538432598114,0.463464617729187,0.4647945463657379,-0.600538432598114
4328,76943106,27,4,0.24393529279260662,0.0,0.0,0,False,0.4800555109977722,0.6299999952316284,-0.5040245652198792,-1.1249974966049194,0.6280204057693481,-0.5040245652198792,-1.1251848936080933,0.7799997329711914,-0.5040245652198792,0.479868084192276,0.7819793820381165,-0.5040245652198792
4328,76943106,27,5,0.48474929059720306,0.0,0.0,0,False,0.4802405536174774,0.4800002872943878,-0.5040245652198792,-1.1249974966049194,0.4780203104019165,-0.5040245652198792,-1.1253700256347656,0.7799995541572571,-0.5040245652198792,0.4798680543899536,0.781979501247406,-0.5040245652198792
4328,76943106,27,6,2.4160598713744967,0.0,0.0,0,False,0.4199976623058319,0.7819055914878845,-0.5040245652198792,0.4219241142272949,-0.7799420952796936,-0.5040245652198792,-1.124997615814209,-0.7818501591682434,-0.5040245652198792,-1.1269241571426392,0.7799975275993347,-0.5040245652198792
4328,177064991,28,0,1.2279913733391465,0.6224410533905029,5.551115123125783e-17,1,True,3.000999927520752,0.0,0.0,-0.9268184900283813,-0.37550970911979675,0.0,-0.9268184900283813,-0.37550970911979675,-0.6224410533905029,-0.9268184900283813,-0.37550970911979675,-0.6224410533905029
4328,177064991,28,1,0.16381687685442664,0.09277057647705078,1.6433341772006255e-08,0,False,0.4966679811477661,0.4091852009296417,-0.5852435231208801,0.6783438920974731,0.4048396944999695,-0.6323279738426208,0.6693416833877563,-0.4665437638759613,-0.5866418480873108,0.48766571283340454,-0.46219828724861145,-0.5395573973655701
4328,177064991,28,2,0.38572251327783835,0.1164887547492981,8.673617379884035e-18,0,False,0.7745642066001892,-0.4115449786186218,-0.6924410462379456,0.8749369978904724,0.8049863576889038,-0.7276937365531921,1.1789382696151733,0.7775499224662781,-0.8089298009872437,1.0785654783248901,-0.43898141384124756,-0.7736771106719971
4328,177064991,28,3,2.5555490455652343,0.0,0.0,0,False,0.49611467123031616,0.7798334956169128,-0.5044469237327576,0.47982874512672424,-0.7965794801712036,-0.5044469237327576,-1.1411147117614746,-0.7798334956169128,-0.5044469237327576,-1.124828815460205,0.7965794801712036,-0.5044469237327576
4328,177064991,28,4,0.62705217012721,0.0,0.0,0,False,-1.1201121807098389,-0.4406508803367615,-0.5044469237327576,0.727060079574585,-0.48483309149742126,-0.5044469237327576,0.7189450860023499,-0.8241049647331238,-0.5044469237327576,-1.1282272338867188,-0.7799227833747864,-0.5044469237327576
4328,177064991,28,5,0.694556542404551,0.0,0.0,0,False,0.7171211838722229,0.40464115142822266,-0.5044469237327576,-1.1329197883605957,0.4488922655582428,-0.5044469237327576,-1.1239451169967651,0.8241052627563477,-0.5044469237327576,0.7260959148406982,0.7798541188240051,-0.5044469237327576
4328,277030251,29,0,1.7063876474664248,0.6824186444282532,0.0,1,True,4.000999927520752,0.0,0.0,-0.999999463558197,0.0010106283007189631,0.0,-0.999999463558197,0.0010106283007189631,-0.6824186444282532,-0.999999463558197,0.0010106283007189631,-0.6824186444282532
4328,277030251,29,1,0.11994539399770687,0.0,0.0,0,False,0.6458944082260132,0.40502941608428955,-0.5816572308540344,0.6449999213218689,-0.48007577657699585,-0.5816572308540344,0.5094846487045288,-0.479938805103302,-0.5816572308540344,0.5103791356086731,0.4051663875579834,-0.5816572308540344
4328,277030251,29,2,0.4673886498304931,0.0,0.0,0,False,1.1712125539779663,0.7799986600875854,-0.7524186372756958,1.169848084449768,-0.5702424049377441,-0.7524186372756958,0.8236963748931885,-0.5698925852775574,-0.7524186372756958,0.8250609636306763,0.7803484797477722,-0.7524186372756958
4328,277030251,29,3,0.6670896941077773,0.0,0.0,0,False,0.7198920249938965,0.4181807339191437,-0.5094808340072632,-1.1253637075424194,0.42004579305648804,-0.5094808340072632,-1.1249983310699463,0.781561553478241,-0.5094808340072632,0.7202574610710144,0.7796964645385742,-0.5094808340072632
4328,277030251,29,4,2.508764922638526,0.0,0.0,0,False,0.48157647252082825,0.7799376845359802,-0.5094808340072632,0.4799983501434326,-0.7816219329833984,-0.5094808340072632,-1.1265764236450195,-0.7799983620643616,-0.5094808340072632,-1.1249983310699463,0.7815613150596619,-0.5094808340072632
4328,277030251,29,5,0.5565837960238706,0.0,0.0,0,False,-1.1249983310699463,-0.4783777594566345,-0.5094808340072632,0.7203029990196228,-0.48024287819862366,-0.5094808340072632,0.7199981212615967,-0.7818647623062134,-0.5094808340072632,-1.1253031492233276,-0.7799996137619019,-0.5094808340072632
4328,277030251,29,6,0.3909346068512001,0.0,0.0,0,False,-1.1249979734420776,-0.5681354403495789,-0.5094808340072632,0.7202122211456299,-0.570000171661377,-0.5094808340072632,0.7199981212615967,-0.7818645238876343,-0.5094808340072632,-1.1252120733261108,-0.7799997329711914,-0.5094808340072632
4328,376879428,30,0,0.34047763408080806,0.6802757978439331,0.0,1,True,0.0010000000474974513,0.0,0.0,-0.9988034963607788,-0.048903968185186386,0.0,-0.9988034963607788,-0.048903968185186386,-0.6802757978439331,-0.9988034963607788,-0.048903968185186386,-0.6802757978439331
4328,376879428,30,1,0.16434911950910802,0.0,0.0,0,False,0.8010120987892151,0.4247010052204132,-0.6765742301940918,0.8602724075317383,-0.7856173515319824,-0.6765742301940918,0.7248071432113647,-0.7922500967979431,-0.6765742301940918,0.6655468940734863,0.4180682897567749,-0.6765742301940918
4328,376879428,30,2,0.41324977617543723,0.0,0.0,0,False,1.0683919191360474,0.7867760062217712,-0.7502757906913757,1.1451647281646729,-0.781216025352478,-0.7502757906913757,0.8822415471076965,-0.7940893769264221,-0.7502757906913757,0.805468738079071,0.7739026546478271,-0.7502757906913757
4328,376879428,30,3,2.818764408117742,0.0,0.0,0,False,0.56548011302948,0.8649734854698181,-0.5089620351791382,0.6454457640647888,-0.7682271003723145,-0.5089620351791382,-1.076340913772583,-0.8525301218032837,-0.5089620351791382,-1.1563066244125366,0.7806704640388489,-0.5089620351791382
4328,477014438,31,0,0.36333403156393157,0.7259421348571777,0.0,1,True,0.0010000000474974513,0.0,0.0,-0.9999788403511047,0.006505600642412901,0.0,-0.9999788403511047,0.006505600642412901,-0.7259421348571777,-0.9999788403511047,0.006505600642412901,-0.7259421348571777
4328,477014438,31,1,0.11527078070321295,0.0,0.0,0,False,0.7956818342208862,0.7798979878425598,-0.6602940559387207,0.7871928215026855,-0.5249491930007935,-0.6602940559387207,0.6988561153411865,-0.5243744850158691,-0.6602940559387207,0.7073451280593872,0.7804726958274841,-0.6602940559387207
4328,477014438,31,2,0.2501186566645046,0.0,0.0,0,False,1.0104414224624634,-0.794254720211029,-0.7959421277046204,1.0206893682479858,0.780971348285675,-0.7959421277046204,1.179465413093567,0.7799383997917175,-0.7959421277046204,1.1692173480987549,-0.7952876687049866,-0.7959421277046204
4328,477014438,31,3,2.8449094642266246,0.0,0.0,0,False,-1.135148525238037,-0.7799339294433594,-0.5054455995559692,-1.124923825263977,0.7917098999023438,-0.5054455995559692,0.6851485371589661,0.7799339890480042,-0.5054455995559692,0.674923837184906,-0.791709840297699,-0.5054455995559692
4328,576974156,32,0,2.445332247830999,0.698571503162384,0.0,1,True,6.000999927520752,0.0,0.0,-0.9999423027038574,-0.010743273422122002,0.0,-0.9999423027038574,-0.010743273422122002,-0.698571503162384,-0.9999423027038574,-0.010743273422122002,-0.698571503162384
4328,576974156,32,1,0.11609331840283232,0.0,0.0,0,False,0.7799999713897705,-0.32999998331069946,-0.6908345222473145,0.7680773735046387,0.7797107100486755,-0.6908345222473145,0.8726811408996582,0.7808345556259155,-0.6908345222473145,0.88460373878479,-0.3288761377334595,-0.6908345222473145
4328,576974156,32,2,0.13807098839167997,0.0,0.0,0,False,0.6450017690658569,0.43467772006988525,-0.5837298035621643,0.6537033319473267,-0.3752288222312927,-0.5837298035621643,0.483245313167572,-0.377060204744339,-0.5837298035621643,0.4745437800884247,0.432846337556839,-0.5837298035621643
4328,576974156,32,3,0.3219038605063069,0.0,0.0,0,False,0.9332453608512878,-0.7820600867271423,-0.7685714960098267,0.9166479706764221,0.7627614736557007,-0.7685714960098267,1.125,0.7649999856948853,-0.7685714960098267,1.1415973901748657,-0.7798215746879578,-0.7685714960098267
4328,576974156,32,4,0.1648865846947416,0.0,0.0,0,False,0.7649896144866943,0.7809668183326721,-0.5051812529563904,0.7817602157592773,-0.7799811363220215,-0.5051812529563904,0.6761400699615479,-0.7811159491539001,-0.5051812529563904,0.6593694686889648,0.7798320651054382,-0.5051812529563904
4328,576974156,32,5,0.029901647937435882,0.0,0.0,0,False,0.6730663776397705,-0.4950208067893982,-0.5051812529563904,0.7775707840919495,-0.49389803409576416,-0.5051812529563904,0.7806445360183716,-0.7799931168556213,-0.5051812529563904,0.6761401295661926,-0.7811158895492554,-0.5051812529563904
4328,576974156,32,6,0.1648866752218474,0.0,0.0,0,False,0.6761401295661926,-0.7811159491539001,-0.5051812529563904,0.6593694090843201,0.7798320055007935,-0.5051812529563904,0.7649896144866943,0.7809668183326721,-0.5051812529563904,0.7817603349685669,-0.7799811363220215,-0.5051812529563904
4328,576974156,32,7,0.6884982414364558,0.0,0.0,0,False,0.7686890363693237,0.4366389811038971,-0.5051812529563904,-1.124315619468689,0.4163007438182831,-0.5051812529563904,-1.1282228231430054,0.779965341091156,-0.5051812529563904,0.7647818326950073,0.80030357837677,-0.5051812529563904
4328,576974156,32,8,2.540328407464351,0.0,0.0,0,False,0.46901842951774597,0.7971259355545044,-0.5051812529563904,0.485960453748703,-0.7797747850418091,-0.5051812529563904,-1.1248164176940918,-0.7970807552337646,-0.5051812529563904,-1.1417584419250488,0.7798199653625488,-0.5051812529563904
4328,576974156,32,9,0.7240302188974113,0.0,0.0,0,False,-1.1288621425628662,-0.4205250144004822,-0.5051812529563904,0.776562511920929,-0.40005332231521606,-0.5051812529563904,0.7806445956230164,-0.7799931168556213,-0.5051812529563904,-1.1247800588607788,-0.8004648089408875,-0.5051812529563904
4328,676905583,33,0,0.35071079021264556,0.7007210850715637,0.0,1,True,0.0010000000474974513,0.0,0.0,-0.9996731281280518,-0.025566494092345238,0.0,-0.9996731281280518,-0.025566494092345238,-0.7007210850715637,-0.9996731281280518,-0.025566494092345238,-0.7007210850715637
4328,676905583,33,1,0.33834030459463804,0.0,0.0,0,False,0.6854197978973389,-0.7824189066886902,-0.6632817983627319,0.6455193161964417,0.7777114510536194,-0.6632817983627319,0.8622442483901978,0.7832542061805725,-0.6632817983627319,0.902144730091095,-0.7768761515617371,-0.6632817983627319
4328,676905583,33,2,0.4053904604960117,0.0,0.0,0,False,1.169813632965088,0.7872840166091919,-0.7707210779190063,1.2098705768585205,-0.7789803147315979,-0.7707210779190063,0.9512134194374084,-0.7855954170227051,-0.7707210779190063,0.9111564755439758,0.7806689143180847,-0.7707210779190063
4328,676905583,33,3,2.703666509831095,0.0,0.0,0,False,-1.1318029165267944,-0.8185362815856934,-0.5047370791435242,-1.1726247072219849,0.7776310443878174,-0.5047370791435242,0.5201171636581421,0.8209227323532104,-0.5047370791435242,0.5609389543533325,-0.7752445936203003,-0.5047370791435242
4328,776990135,34,0,0.3398823788035383,0.6790856719017029,2.117582368135751e-22,1,True,0.0010000000474974513,0.0,0.0,-1.0,1.8942859014714486e-06,0.0,-1.0,1.8942859014714486e-06,-0.6790856719017029,-1.0,1.8942859014714486e-06,-0.6790856719017029
4328,776990135,34,1,0.6525040644428373,0.0,0.0,0,False,0.7349971532821655,-0.7199993133544922,-0.7490856647491455,0.7350000143051147,0.7800005674362183,-0.7490856647491455,1.170002818107605,0.7799997329711914,-0.7490856647491455,1.1699998378753662,-0.720000147819519,-0.7490856647491455
4328,776990135,34,2,2.6442066492443104,0.0,0.0,0,False,-1.1250030994415283,-0.7799999713897705,-0.5046307444572449,-1.125,0.7800031900405884,-0.5046307444572449,0.5700007677078247,0.7799999713897705,-0.5046307444572449,0.5699977874755859,-0.7800031900405884,-0.5046307444572449
4328,876962978,35,0,1.3934234601269866,0.6968504190444946,0.0,1,True,3.000999927520752,0.0,0.0,-0.9976060390472412,-0.06915370374917984,0.0,-0.9976060390472412,-0.06915370374917984,-0.6968504190444946,-0.9976060390472412,-0.06915370374917984,-0.6968504190444946
4328,876962978,35,1,0.19424398408767019,0.0,0.0,0,False,0.802614152431488,0.6807267665863037,-0.6823051571846008,0.9044265747070312,-0.7880116105079651,-0.6823051571846008,0.7728067636489868,-0.7971354126930237,-0.6823051571846008,0.6709943413734436,0.6716029644012451,-0.6823051571846008
4328,876962978,35,2,0.32922825125423705,0.0,0.0,0,False,0.6689454913139343,0.4268588423728943,-0.5971078872680664,0.752663791179657,-0.780855119228363,-0.5971078872680664,0.4813629686832428,-0.7996615767478943,-0.5971078872680664,0.39764463901519775,0.40805235505104065,-0.5971078872680664
4328,876962978,35,3,0.5568952328146146,0.0,0.0,0,False,1.1695696115493774,0.786208987236023,-0.7668504118919373,1.2776215076446533,-0.7725396752357483,-0.7668504118919373,0.9220593571662903,-0.7971871495246887,-0.7668504118919373,0.8140074610710144,0.7615615129470825,-0.7668504118919373
4328,876962978,35,4,0.3841141947835993,0.0,0.0,0,False,0.48410746455192566,0.6607465147972107,-0.5087792873382568,-1.1580018997192383,0.5469165444374084,-0.5087792873382568,-1.174139142036438,0.7797130346298218,-0.5087792873382568,0.4679701626300812,0.893543004989624,-0.5087792873382568
4328,876962978,35,5,0.7845762192831152,0.0,0.0,0,False,0.5009315609931946,0.4180428087711334,-0.5087792873382568,-1.141177773475647,0.3042123317718506,-0.5087792873382568,-1.174139380455017,0.7797130346298218,-0.5087792873382568,0.4679700434207916,0.893543541431427,-0.5087792873382568
4328,876962978,35,6,2.5801227846408334,0.0,0.0,0,False,0.3637596070766449,0.8863196969032288,-0.5087792873382568,0.4787696897983551,-0.772806704044342,-0.5087792873382568,-1.068902611732483,-0.8800908327102661,-0.5087792873382568,-1.183912754058838,0.7790355682373047,-0.5087792873382568
4328,977137363,36,0,0.3482121005160529,0.6957292556762695,0.0,1,True,0.0010000000474974513,0.0,0.0,-0.998857319355011,0.04779210314154625,0.0,-0.998857319355011,0.04779210314154625,-0.6957292556762695,-0.998857319355011,0.04779210314154625,-0.6957292556762695
4328,977137363,36,1,0.1886533567430817,0.0,0.0,0,False,0.9151029586791992,0.7843013405799866,-0.6999364495277405,0.8402212262153625,-0.7807283401489258,-0.6999364495277405,0.7199535965919495,-0.7749739289283752,-0.6999364495277405,0.7948352694511414,0.7900557518005371,-0.6999364495277405
4328,977137363,36,2,0.47515445360404485,0.0,0.0,0,False,1.2394580841064453,0.6716766953468323,-0.7657292485237122,1.169554591178894,-0.7893088459968567,-0.7657292485237122,0.8450687527656555,-0.773783266544342,-0.7657292485237122,0.914972186088562,0.6872022747993469,-0.7657292485237122
4328,977137363,36,3,2.828313328223498,0.0,0.0,0,False,-1.1517090797424316,-0.7787220478057861,-0.5048744678497314,-1.0732300281524658,0.8614940047264099,-0.5048744678497314,0.6471855044364929,0.7791776657104492,-0.5048744678497314,0.5687065124511719,-0.8610383868217468,-0.5048744678497314
4329,76995581,37,0,0.3504418678548907,0.7001835703849792,2.168404344971009e-19,1,True,0.0010000000474974513,0.0,0.0,-0.999999463558197,0.0010107880225405097,0.0,-0.999999463558197,0.0010107880225405097,-0.7001835703849792,-0.999999463558197,0.0010107880225405097,-0.7001835703849792
4329,76995581,37,1,0.32942904369314263,0.0,0.0,0,False,1.1715160608291626,0.7799984216690063,-0.7701835632324219,1.1699391603469849,-0.7801514863967896,-0.7701835632324219,0.9587871432304382,-0.7799380421638489,-0.7701835632324219,0.9603641629219055,0.780211865901947,-0.7701835632324219
4329,76995581,37,2,2.5787851898077676,0.0,0.0,0,False,-1.1265616416931152,-0.7799983620643616,-0.5042523741722107,-1.1249831914901733,0.7816677093505859,-0.5042523741722107,0.5263190269470215,0.7799986004829407,-0.5042523741722107,0.52474045753479,-0.7816674709320068,-0.5042523741722107
4329,76995581,37,3,0.3989549899105107,0.0,0.0,0,False,0.6742421388626099,-0.7797413468360901,-0.6899399757385254,0.675818920135498,0.7801507711410522,-0.6899399757385254,0.9315767288208008,0.7798922061920166,-0.6899399757385254,0.9299999475479126,-0.779999852180481,-0.6899399757385254
4329,176986216,38,0,0.3537075842672266,0.7067087292671204,3.469446951953614e-18,1,True,0.0010000000474974513,0.0,0.0,-0.9996333718299866,-0.027075666934251785,0.0,-0.9996333718299866,-0.027075666934251785,-0.7067087292671204,-0.9996333718299866,-0.027075666934251785,-0.7067087292671204
4329,176986216,38,1,0.3522047640784365,0.0,0.0,0,False,0.9516832828521729,0.6772124171257019,-0.7031360268592834,0.9912508726119995,-0.7836226224899292,-0.7031360268592834,0.7503293752670288,-0.790148138999939,-0.7031360268592834,0.7107617855072021,0.6706869006156921,-0.7031360268592834
4329,176986216,38,2,2.827640450552245,0.0,0.0,0,False,-1.077089548110962,-0.8274563550949097,-0.5043877363204956,-1.1205986738204956,0.7789003849029541,-0.5043877363204956,0.6383926272392273,0.8265436887741089,-0.5043877363204956,0.681901752948761,-0.7798130512237549,-0.5043877363204956
4329,176986216,38,3,0.30852224844911547,0.0,0.0,0,False,0.9893524646759033,-0.7098929286003113,-0.776708722114563,0.9511898159980774,0.6990733742713928,-0.776708722114563,1.1699999570846558,0.7049999833106995,-0.776708722114563,1.208162546157837,-0.7039663195610046,-0.776708722114563
4329,276908018,39,0,1.0479736109359308,0.69842129945755,0.0,1,True,2.000999927520752,0.0,0.0,-0.9999676942825317,0.008036659099161625,0.0,-0.9999676942825317,0.008036659099161625,-0.69842129945755,-0.9999676942825317,0.008036659099161625,-0.69842129945755
4329,276908018,39,1,0.10245571902028772,0.0,0.0,0,False,0.5958451628684998,0.5701538324356079,-0.5835556387901306,0.5849874019622803,-0.7808437347412109,-0.5835556387901306,0.5091552138328552,-0.7802342772483826,-0.5835556387901306,0.5200129747390747,0.5707632899284363,-0.5835556387901306
4329,276908018,39,2,0.3524027369924223,0.0,0.0,0,False,0.6174730658531189,-0.7785730957984924,-0.6394977569580078,0.6300144791603088,0.7818082571029663,-0.6394977569580078,0.8558439016342163,0.7799931764602661,-0.6394977569580078,0.8433024287223816,-0.7803881764411926,-0.6394977569580078
4329,276908018,39,3,0.5052598867504869,0.0,0.0,0,False,0.8442823886871338,-0.7784671783447266,-0.7684212923049927,0.8568286895751953,0.7825170755386353,-0.7684212923049927,1.180488109588623,0.7799156308174133,-0.7684212923049927,1.1679418087005615,-0.7810685634613037,-0.7684212923049927
4329,276908018,39,4,0.2615540643789416,0.0,0.0,0,False,0.5248963236808777,0.6171016097068787,-0.5035154819488525,-1.0807234048843384,0.6300058364868164,-0.5035154819488525,-1.0794142484664917,0.7928944826126099,-0.5035154819488525,0.5262054204940796,0.7799901962280273,-0.5035154819488525
4329,276908018,39,5,2.470060667011004,0.0,0.0,0,False,0.4913312494754791,0.7799088954925537,-0.5035154819488525,0.47869381308555603,-0.7925269603729248,-0.5035154819488525,-1.0920546054840088,-0.7799030542373657,-0.5035154819488525,-1.0794172286987305,0.792532742023468,-0.5035154819488525
4329,376896612,40,0,1.4224588304454402,0.711109459400177,0.0,1,True,3.000999927520752,0.0,0.0,-0.9995664954185486,-0.029441051185131073,0.0,-0.9995664954185486,-0.029441051185131073,-0.711109459400177,-0.9995664954185486,-0.029441051185131073,-0.711109459400177
4329,376896612,40,1,0.11099057282708369,0.0,0.0,0,False,0.8655123114585876,0.4811932444572449,-0.69278484582901,0.8938024640083313,-0.4792989194393158,-0.69278484582901,0.7783467173576355,-0.48269954323768616,-0.69278484582901,0.7500565052032471,0.4777926206588745,-0.69278484582901
4329,376896612,40,2,0.2673507554478416,0.0,0.0,0,False,0.7149537801742554,0.4092694818973541,-0.6050509810447693,0.7499564290046692,-0.7791176438331604,-0.6050509810447693,0.5251820087432861,-0.7857381105422974,-0.6050509810447693,0.4901793599128723,0.4026489555835724,-0.6050509810447693
4329,376896612,40,3,0.36655396613586433,0.0,0.0,0,False,0.9544258713722229,-0.7250240445137024,-0.7811094522476196,0.9125295877456665,0.6974164843559265,-0.7811094522476196,1.1699999570846558,0.7049999833106995,-0.7811094522476196,1.2118961811065674,-0.7174405455589294,-0.7811094522476196
4329,376896612,40,4,0.5760745458496093,0.0,0.0,0,False,0.48882851004600525,0.48026004433631897,-0.5044798851013184,-1.163714051246643,0.43158620595932007,-0.5044798851013184,-1.1739728450775146,0.7798829674720764,-0.5044798851013184,0.47856980562210083,0.8285567760467529,-0.5044798851013184
4329,376896612,40,5,0.7028648572730978,0.0,0.0,0,False,0.4910864531993866,0.4036024510860443,-0.5044798851013184,-1.1614562273025513,0.35492831468582153,-0.5044798851013184,-1.1739728450775146,0.7798829078674316,-0.5044798851013184,0.47856980562210083,0.8285570740699768,-0.5044798851013184
4329,376896612,40,6,2.648144567014282,0.0,0.0,0,False,0.47680410742759705,0.8285046815872192,-0.5044798851013184,0.524012565612793,-0.7742855548858643,-0.5044798851013184,-1.1267644166946411,-0.8229073882102966,-0.5044798851013184,-1.1739728450775146,0.7798828482627869,-0.5044798851013184
4329,476918747,41,0,0.35006975161660975,0.6994401216506958,0.0,1,True,0.0010000000474974513,0.0,0.0,-0.9999409317970276,-0.01086661871522665,0.0,-0.9999409317970276,-0.01086661871522665,-0.6994401216506958,-0.9999409317970276,-0.01086661871522665,-0.6994401216506958
4329,476918747,41,1,0.10443591021673893,0.0,0.0,0,False,0.7219682931900024,-0.5561196208000183,-0.6734997630119324,0.7118505239486694,0.3749113976955414,-0.6734997630119324,0.8240095973014832,0.37613028287887573,-0.6734997630119324,0.8341273665428162,-0.5549007654190063,-0.6734997630119324
4329,476918747,41,2,2.5540638563054845,0.0,0.0,0,False,-1.0791727304458618,-0.7961287498474121,-0.5041341185569763,-1.0962989330291748,0.7798227667808533,-0.5041341185569763,0.5241584777832031,0.7974326014518738,-0.5041341185569763,0.5412846207618713,-0.7785189151763916,-0.5041341185569763
4329,476918747,41,3,0.1973636013333504,0.0,0.0,0,False,0.571647584438324,-0.7816120982170105,-0.5947924852371216,0.5574569702148438,0.5242116451263428,-0.5947924852371216,0.7085801959037781,0.5258539319038391,-0.5947924852371216,0.7227708101272583,-0.7799698114395142,-0.5947924852371216
4329,476918747,41,4,0.49088496295238215,0.0,0.0,0,False,0.872800886631012,-0.7827407121658325,-0.7694401144981384,0.8558216094970703,0.7796828746795654,-0.7694401144981384,1.169966220855713,0.7830967903137207,-0.7694401144981384,1.1869455575942993,-0.7793267965316772,-0.7694401144981384
4329,576944965,42,0,2.0665283401311467,0.688740074634552,0.0,1,True,5.000999927520752,0.0,0.0,-0.9998737573623657,-0.01589055545628071,0.0,-0.9998737573623657,-0.01589055545628071,-0.688740074634552,-0.9998737573623657,-0.01589055545628071,-0.688740074634552
4329,576944965,42,1,0.0388533066385488,0.0,0.0,0,False,0.5399924516677856,0.3302382826805115,-0.5625977516174316,0.5492872595787048,-0.2546140253543854,-0.5625977516174316,0.4828713536262512,-0.2556695342063904,-0.5625977516174316,0.47357654571533203,0.32918277382850647,-0.5625977516174316
4329,576944965,42,2,0.14174138090969102,0.0,0.0,0,False,0.776134192943573,0.46565374732017517,-0.6435184478759766,0.7959760427474976,-0.782845139503479,-0.6435184478759766,0.6824752688407898,-0.7846489548683167,-0.6435184478759766,0.6626334190368652,0.4638499319553375,-0.6435184478759766
4329,576944965,42,3,0.623143319332419,0.0,0.0,0,False,0.7960550785064697,-0.7852277159690857,-0.7587400674819946,0.7712234854698181,0.7772382497787476,-0.7587400674819946,1.1699432134628296,0.7835749387741089,-0.7587400674819946,1.1947747468948364,-0.7788910865783691,-0.7587400674819946
4329,576944965,42,4,0.8369111085785761,0.0,0.0,0,False,0.6371119022369385,0.33249688148498535,-0.5046371221542358,-1.1229264736175537,0.3045256435871124,-0.5046371221542358,-1.1304816007614136,0.7799128890037537,-0.5046371221542358,0.6295568346977234,0.8078840970993042,-0.5046371221542358
4329,576944965,42,5,2.52708365047613,0.0,0.0,0,False,0.4643417298793793,0.8052586317062378,-0.5046371221542358,0.48951801657676697,-0.7788951992988586,-0.5046371221542358,-1.1053053140640259,-0.8042410612106323,-0.5046371221542358,-1.1304816007614136,0.7799128293991089,-0.5046371221542358
4329,576944965,42,6,0.9194831986585452,0.0,0.0,0,False,-1.0879250764846802,-0.28133004903793335,-0.5046371221542358,0.6713983416557312,-0.25337016582489014,-0.5046371221542358,0.6797021627426147,-0.7758727073669434,-0.5046371221542358,-1.0796213150024414,-0.8038326501846313,-0.5046371221542358
4329,576944965,42,7,0.5925954904734994,0.0,0.0,0,False,0.6788133382797241,0.4800606667995453,-0.5046371221542358,-1.1245454549789429,0.4514006972312927,-0.5046371221542358,-1.129766583442688,0.7799242734909058,-0.5046371221542358,0.673592209815979,0.8085842132568359,-0.5046371221542358
4329,576944965,42,8,0.15181240037852994,0.0,0.0,0,False,0.6549539566040039,0.7813500761985779,-0.5046371221542358,0.6773568391799927,-0.6282938718795776,-0.5046371221542358,0.5696884393692017,-0.6300050020217896,-0.5046371221542358,0.5472856163978577,0.779638946056366,-0.5046371221542358
4329,677135392,43,0,2.503940957586651,0.7156034111976624,0.0,1,True,6.000999927520752,0.0,0.0,-0.9966463446617126,-0.08182982355356216,0.0,-0.9966463446617126,-0.08182982355356216,-0.7156034111976624,-0.9966463446617126,-0.08182982355356216,-0.7156034111976624
4329,677135392,43,1,0.13198569070848443,0.0,0.0,0,False,0.6318192481994629,0.4250757396221161,-0.5951989889144897,0.7051006555557251,-0.4674549102783203,-0.5951989889144897,0.5582128167152405,-0.4795151650905609,-0.5951989889144897,0.48493140935897827,0.4130154848098755,-0.5951989889144897
4329,677135392,43,2,0.3014173598739571,0.0,0.0,0,False,1.139497995376587,0.7848851084709167,-0.785603404045105,1.2670257091522217,-0.7683389186859131,-0.785603404045105,1.074265956878662,-0.7841655015945435,-0.785603404045105,0.9467383027076721,0.7690585255622864,-0.785603404045105
4329,677135392,43,3,0.32271112739277186,0.0,0.0,0,False,0.8131123185157776,-0.58329176902771,-0.7176725268363953,0.7027112245559692,0.7613383531570435,-0.7176725268363953,0.9411040544509888,0.7809116244316101,-0.7176725268363953,1.051505208015442,-0.5637184381484985,-0.7176725268363953
4329,677135392,43,4,0.929349005290673,0.0,0.0,0,False,0.7272653579711914,0.43651220202445984,-0.5061716437339783,-1.1341756582260132,0.28367823362350464,-0.5061716437339783,-1.1748932600021362,0.7795982956886292,-0.5061716437339783,0.6865477561950684,0.9324322938919067,-0.5061716437339783
4329,677135392,43,5,2.7556564039285067,0.0,0.0,0,False,0.4433555603027344,0.91246497631073,-0.5061716437339783,0.5822332501411438,-0.7789955735206604,-0.5061716437339783,-1.0360156297683716,-0.9118621945381165,-0.5061716437339783,-1.1748933792114258,0.7795983552932739,-0.5061716437339783
4329,677135392,43,6,0.5881633929424979,0.0,0.0,0,False,-1.0338197946548462,-0.6116819381713867,-0.5061716437339783,0.7988259196281433,-0.4612121880054474,-0.5061716437339783,0.8250000476837158,-0.7799999117851257,-0.5061716437339783,-1.007645606994629,-0.9304696917533875,-0.5061716437339783
4329,677135392,43,7,0.1570724973987936,0.0,0.0,0,False,0.7040687799453735,0.7860813736915588,-0.5061716437339783,0.832601010799408,-0.7793759107589722,-0.5061716437339783,0.7329363822937012,-0.787558913230896,-0.5061716437339783,0.6044041514396667,0.7778984308242798,-0.5061716437339783
4329,677135392,43,8,0.3615179072392998,0.0,0.0,0,False,-1.0235953330993652,-0.736210823059082,-0.5061716437339783,0.8249536156654358,-0.5844353437423706,-0.5061716437339783,0.8409032821655273,-0.7786942720413208,-0.5061716437339783,-1.0076457262039185,-0.9304697513580322,-0.5061716437339783
4329,677135392,43,9,0.30629254970384423,0.0,0.0,0,False,0.6318800449371338,0.7571016550064087,-0.5061716437339783,-1.1609601974487305,0.609900176525116,-0.5061716437339783,-1.1748933792114258,0.7795982360839844,-0.5061716437339783,0.6179469227790833,0.9267997741699219,-0.5061716437339783
4329,777004985,44,0,1.720990148183468,0.6882615089416504,8.673617379884035e-19,1,True,4.000999927520752,0.0,0.0,-0.9999719262123108,0.007491688244044781,0.0,-0.9999719262123108,0.007491688244044781,-0.6882615089416504,-0.9999719262123108,0.007491688244044781,-0.6882615089416504
4329,777004985,44,1,0.030750575413633907,0.0,0.0,0,False,0.5400007963180542,0.27022475004196167,-0.5635988712310791,0.5360652804374695,-0.255082905292511,-0.5635988712310791,0.4775303304195404,-0.25464436411857605,-0.5635988712310791,0.4814658761024475,0.2706632912158966,-0.5635988712310791
4329,777004985,44,2,0.26226331733225905,0.0,0.0,0,False,0.8047704696655273,0.5243648886680603,-0.6321119070053101,0.794998288154602,-0.7799999713897705,-0.6321119070053101,0.5939436554908752,-0.7784937024116516,-0.6321119070053101,0.6037158370018005,0.5258711576461792,-0.6321119070053101
4329,777004985,44,3,0.5297854759939078,0.0,0.0,0,False,0.8171423077583313,-0.7188172936439514,-0.758261501789093,0.8283905386924744,0.7825592756271362,-0.758261501789093,1.1812372207641602,0.7799157500267029,-0.758261501789093,1.169988989830017,-0.7214608192443848,-0.758261501789093
4329,777004985,44,4,0.848481785023445,0.0,0.0,0,False,0.5843223333358765,0.2845555543899536,-0.5055774450302124,-1.1286156177520752,0.29738882184028625,-0.5055774450302124,-1.124904751777649,0.7926981449127197,-0.5055774450302124,0.5880331993103027,0.7798649072647095,-0.5055774450302124
4329,777004985,44,5,2.5294940401691877,0.0,0.0,0,False,0.4841577708721161,0.7799689173698425,-0.5055774450302124,0.47238099575042725,-0.7919673919677734,-0.5055774450302124,-1.1366868019104004,-0.7799124717712402,-0.5055774450302124,-1.1249099969863892,0.7920238375663757,-0.5055774450302124
4329,777004985,44,6,0.9060613501684491,0.0,0.0,0,False,-1.123585820198059,-0.24624501168727875,-0.5055774450302124,0.5739035606384277,-0.2589625120162964,-0.5055774450302124,0.5699048638343811,-0.792698085308075,-0.5055774450302124,-1.1275845766067505,-0.7799805998802185,-0.5055774450302124
4329,777004985,44,7,0.41328128722824253,0.0,0.0,0,False,0.7198964357376099,0.5561783313751221,-0.5055774450302124,-1.1265733242034912,0.5700117945671082,-0.5055774450302124,-1.12489652633667,0.7938216328620911,-0.5055774450302124,0.7215731739997864,0.779988169670105,-0.5055774450302124
4329,876917162,45,0,1.9989194520496765,0.6662130951881409,3.469446951953614e-18,1,True,5.000999927520752,0.0,0.0,-0.9998093843460083,-0.019523581489920616,0.0,-0.9998093843460083,-0.019523581489920616,-0.6662130951881409,-0.9998093843460083,-0.019523581489920616,-0.6662130951881409
4329,876917162,45,1,0.07674436053391709,0.0,0.0,0,False,0.5950056910514832,0.4244142770767212,-0.5696734189987183,0.608551025390625,-0.2692471742630005,-0.5696734189987183,0.4979565739631653,-0.27140679955482483,-0.5696734189987183,0.48441123962402344,0.42225465178489685,-0.5696734189987183
4329,876917162,45,2,0.7398174093931367,0.0,0.0,0,False,0.7285838723182678,-0.78774094581604,-0.7362130880355835,0.6979785561561584,0.7795699238777161,-0.7362130880355835,1.1698284149169922,0.7887839078903198,-0.7362130880355835,1.2004337310791016,-0.7785269618034363,-0.7362130880355835
4329,876917162,45,3,0.10495068439705957,0.0,0.0,0,False,0.5954920053482056,-0.3753809630870819,-0.5053369402885437,0.5750018954277039,0.673926055431366,-0.5053369402885437,0.6749827861785889,0.6758784055709839,-0.5053369402885437,0.6954729557037354,-0.3734285831451416,-0.5053369402885437
4329,876917162,45,4,0.700695438938733,0.0,0.0,0,False,0.6798461079597473,0.4268316328525543,-0.5053369402885437,-1.1241525411605835,0.3916041851043701,-0.5053369402885437,-1.1317343711853027,0.7798685431480408,-0.5053369402885437,0.6722642779350281,0.8150959610939026,-0.5053369402885437
4329,876917162,45,5,2.5573023364463303,0.0,0.0,0,False,0.4764602482318878,0.8112722039222717,-0.5053369402885437,0.5075001120567322,-0.7782913446426392,-0.5053369402885437,-1.1006945371627808,-0.8096950650215149,-0.5053369402885437,-1.1317343711853027,0.779868483543396,-0.5053369402885437
4329,876917162,45,6,0.8989723871315256,0.0,0.0,0,False,-1.089050531387329,-0.31651824712753296,-0.5053369402885437,0.7131913304328918,-0.281325101852417,-0.5053369402885437,0.7229280471801758,-0.7799428105354309,-0.5053369402885437,-1.07931387424469,-0.8151359558105469,-0.5053369402885437
4329,876917162,45,7,0.14692972842182073,0.0,0.0,0,False,0.6944922804832458,0.6762593388557434,-0.5053369402885437,0.722927987575531,-0.7799428701400757,-0.5053369402885437,0.6220671534538269,-0.7819123864173889,-0.5053369402885437,0.5936315059661865,0.6742897629737854,-0.5053369402885437
4329,977008422,46,0,2.4076219810321433,0.6879094243049622,0.0,1,True,6.000999927520752,0.0,0.0,-0.9986266493797302,0.05239051580429077,0.0,-0.9986266493797302,0.05239051580429077,-0.6879094243049622,-0.9986266493797302,0.05239051580429077,-0.6879094243049622
4329,977008422,46,1,0.662366671317173,0.0,0.0,0,False,0.7438151240348816,-0.764723539352417,-0.7579094171524048,0.8258029818534851,0.7980575561523438,-0.7579094171524048,1.2484780550003052,0.7758828401565552,-0.7579094171524048,1.1664901971817017,-0.7868982553482056,-0.7579094171524048
4329,977008422,46,2,0.04463960655163213,0.0,0.0,0,False,0.4620736241340637,-0.22169870138168335,-0.5656709671020508,0.4880948066711426,0.27429690957069397,-0.5656709671020508,0.5778477787971497,0.26958826184272766,-0.5656709671020508,0.5518265962600708,-0.22640737891197205,-0.5656709671020508
4329,977008422,46,3,0.04470087234685549,0.0,0.0,0,False,0.7584609985351562,0.02719530090689659,-0.6350951194763184,0.732604444026947,-0.46566125750541687,-0.6350951194763184,0.6421558856964111,-0.46091607213020325,-0.6350951194763184,0.6680123805999756,0.031940460205078125,-0.6350951194763184
4329,977008422,46,4,2.605578708584668,0.0,0.0,0,False,0.5121278166770935,0.778314471244812,-0.5060041546821594,0.4261055886745453,-0.8613748550415039,-0.5060041546821594,-1.1586012840270996,-0.7782371044158936,-0.5060041546821594,-1.0725791454315186,0.8614522218704224,-0.5060041546821594
4329,977008422,46,5,1.127001988477336,0.0,0.0,0,False,-1.1096001863479614,-0.14146092534065247,-0.5060041546821594,0.6531392335891724,-0.23393888771533966,-0.5060041546821594,0.6196895241737366,-0.8715309500694275,-0.5060041546821594,-1.1430498361587524,-0.7790529727935791,-0.5060041546821594
4329,977008422,46,6,0.9701611326858668,0.0,0.0,0,False,0.763738214969635,0.2600290775299072,-0.5060041546821594,-1.0990043878555298,0.35775285959243774,-0.5060041546821594,-1.0717557668685913,0.877147376537323,-0.5060041546821594,0.7909868359565735,0.7794235944747925,-0.5060041546821594
4329,977008422,46,7,0.05907066294287233,0.0,0.0,0,False,0.7717404961585999,0.4125639796257019,-0.5060041546821594,0.6111653447151184,0.42098814249038696,-0.5060041546821594,0.630411684513092,0.7878476977348328,-0.5060041546821594,0.7909868359565735,0.7794235348701477,-0.5060041546821594
4329,977008422,46,8,0.04091588076443031,0.0,0.0,0,False,0.6462986469268799,-0.3766419589519501,-0.5060041546821594,0.6248626112937927,-0.7852389812469482,-0.5060041546821594,0.5249999761581421,-0.7799999713897705,-0.5060041546821594,0.5464360117912292,-0.37140291929244995,-0.5060041546821594
4329,977008422,46,9,0.7627189907410239,0.0,0.0,0,False,-1.1215726137161255,-0.3696712255477905,-0.5060041546821594,0.7364131212234497,-0.4671463668346405,-0.5060041546821594,0.714935839176178,-0.8765281438827515,-0.5060041546821594,-1.143049955368042,-0.7790529727935791,-0.5060041546821594
4330,77369182,47,0,0.33393685167996984,0.6672067642211914,3.469446951953614e-18,1,True,0.0010000000474974513,0.0,0.0,-0.9995807409286499,-0.028954753652215004,0.0,-0.9995807409286499,-0.028954753652215004,-0.6672067642211914,-0.9995807409286499,-0.028954753652215004,-0.6672067642211914
4330,77369182,47,1,0.46566568393247804,0.09738200902938843,7.907899595566148e-18,0,False,0.87095046043396,0.7215336561203003,-0.737206757068634,1.1706886291503906,0.7200280427932739,-0.8174192309379578,1.1677453517913818,-0.7806190252304077,-0.8002496957778931,0.8680071830749512,-0.7791134119033813,-0.7200372219085693
4330,77369182,47,2,3.048492108001625,0.0,0.0,0,False,-1.1725178956985474,-0.7799957394599915,-0.5058274269104004,-1.169893741607666,0.7832731008529663,-0.5058274269104004,0.7801761627197266,0.7799996137619019,-0.5058274269104004,0.7775520086288452,-0.7832692265510559,-0.5058274269104004
4330,177299442,48,0,1.047014622871307,0.6978561878204346,0.0,1,True,2.000999927520752,0.0,0.0,-0.9994904398918152,-0.03191906213760376,0.0,-0.9994904398918152,-0.03191906213760376,-0.6978561878204346,-0.9994904398918152,-0.03191906213760376,-0.6978561878204346
4330,177299442,48,1,0.27228860499136065,0.0,0.0,0,False,0.6871775388717651,-0.7863175272941589,-0.6720699071884155,0.6468729376792908,0.47574853897094727,-0.6720699071884155,0.8624014258384705,0.48263153433799744,-0.6720699071884155,0.9027060270309448,-0.7794345021247864,-0.6720699071884155
4330,177299442,48,2,0.44800764856000264,0.0,0.0,0,False,0.9043862223625183,-0.787045419216156,-0.7678561806678772,0.8578605651855469,0.6698219776153564,-0.7678561806678772,1.165061593055725,0.6796325445175171,-0.7678561806678772,1.2115873098373413,-0.7772348523139954,-0.7678561806678772
4330,177299442,48,3,2.9242588300820263,0.0,0.0,0,False,0.6314870119094849,0.8375312089920044,-0.5053181052207947,0.6831352114677429,-0.7797401547431946,-0.5053181052207947,-1.1231662034988403,-0.837425172328949,-0.5053181052207947,-1.1748143434524536,0.77984619140625,-0.5053181052207947
4330,177299442,48,4,0.6565449518073754,0.0,0.0,0,False,0.6844639182090759,0.4836554527282715,-0.5053181052207947,-1.162006139755249,0.4246876537799835,-0.5053181052207947,-1.1733498573303223,0.7798929810523987,-0.5053181052207947,0.6731202602386475,0.838860809803009,-0.5053181052207947
4330,276933660,49,0,1.0469631160524782,0.697776734828949,0.0,1,True,2.000999927520752,0.0,0.0,-0.9997814297676086,-0.020906010642647743,0.0,-0.9997814297676086,-0.020906010642647743,-0.697776734828949,-0.9997814297676086,-0.020906010642647743,-0.697776734828949
4330,276933660,49,1,0.1626295147523571,0.0,0.0,0,False,0.8545227646827698,0.7812446355819702,-0.6757827401161194,0.885026216506958,-0.6775087118148804,-0.6757827401161194,0.7735896706581116,-0.6798389554023743,-0.6757827401161194,0.7430862188339233,0.7789143919944763,-0.6757827401161194
4330,276933660,49,2,0.41726975386804455,0.0,0.0,0,False,1.169960618019104,0.7818810939788818,-0.7677767276763916,1.202606201171875,-0.7793181538581848,-0.7677767276763916,0.9354478716850281,-0.7849045395851135,-0.7677767276763916,0.9028022885322571,0.7762947082519531,-0.7677767276763916
4330,276933660,49,3,3.0536015639108527,0.0,0.0,0,False,0.7368777990341187,0.8198739290237427,-0.5048142075538635,0.7703101634979248,-0.7789480686187744,-0.5048142075538635,-1.1387622356414795,-0.8188679814338684,-0.5048142075538635,-1.1721946001052856,0.7799540162086487,-0.5048142075538635
4330,276933660,49,4,0.19058381772866717,0.0,0.0,0,False,-1.126258134841919,-0.7198398113250732,-0.5048142075538635,0.7791634202003479,-0.6799956560134888,-0.5048142075538635,0.7812540531158447,-0.7799738049507141,-0.5048142075538635,-1.1241674423217773,-0.8198179602622986,-0.5048142075538635
4330,377044754,50,0,0.3228046283544214,0.6449660062789917,0.0,1,True,0.0010000000474974513,0.0,0.0,-0.9973400831222534,-0.07288863509893417,0.0,-0.9973400831222534,-0.07288863509893417,-0.6449660062789917,-0.9973400831222534,-0.07288863509893417,-0.6449660062789917
4330,377044754,50,1,0.4611780645391207,0.08933931589126587,4.0929922413083375e-18,0,False,0.8505449295043945,-0.6149867177009583,-0.7149659991264343,0.8495117425918579,0.7800158262252808,-0.7187550663948059,1.1688423156738281,0.7800199389457703,-0.8043053150177002,1.1698755025863647,-0.6149826049804688,-0.8005162477493286
4330,377044754,50,2,2.971806744117945,0.0,0.0,0,False,-1.1250016689300537,-0.7800000309944153,-0.5053823590278625,-1.125,0.7800021171569824,-0.5053823590278625,0.7800017595291138,0.7799999713897705,-0.5053823590278625,0.7799999713897705,-0.7800021767616272,-0.5053823590278625
4330,477215347,51,0,0.3545833842193671,0.7084584832191467,3.469446951953614e-18,1,True,0.0010000000474974513,0.0,0.0,-0.9997671246528625,0.021579446271061897,0.0,-0.9997671246528625,0.021579446271061897,-0.7084584832191467,-0.9997671246528625,0.021579446271061897,-0.7084584832191467
4330,477215347,51,1,0.2545909613986588,0.0,0.0,0,False,0.6527196764945984,-0.6122527718544006,-0.6727494597434998,0.6780033111572266,0.5591440796852112,-0.6727494597434998,0.8952417373657227,0.5544551610946655,-0.6727494597434998,0.8699581027030945,-0.6169416904449463,-0.6727494597434998
4330,477215347,51,2,0.3828997280756177,0.0,0.0,0,False,0.9068183302879333,-0.6989955902099609,-0.7784584760665894,0.9365141987800598,0.6768019795417786,-0.7784584760665894,1.214695692062378,0.67079758644104,-0.7784584760665894,1.1849998235702515,-0.7049999833106995,-0.7784584760665894
4330,477215347,51,3,2.9037037234448135,0.0,0.0,0,False,-1.1712944507598877,-0.7799720764160156,-0.5082525610923767,-1.1367793083190918,0.8191060423851013,-0.5082525610923767,0.6782361268997192,0.7799301147460938,-0.5082525610923767,0.6437211036682129,-0.8191480040550232,-0.5082525610923767
4330,576890690,52,0,0.34043375468641024,0.6801876425743103,3.469446951953614e-18,1,True,0.0010000000474974513,0.0,0.0,-0.9995379447937012,-0.03039533831179142,0.0,-0.9995379447937012,-0.03039533831179142,-0.6801876425743103,-0.9995379447937012,-0.03039533831179142,-0.6801876425743103
4330,576890690,52,1,0.25773730224787705,0.0,0.0,0,False,0.7297849059104919,0.43666595220565796,-0.6072892546653748,0.7667951583862305,-0.7804014086723328,-0.6072892546653748,0.555221676826477,-0.786835253238678,-0.6072892546653748,0.5182114243507385,0.4302321672439575,-0.6072892546653748
4330,576890690,52,2,0.5705393045972329,0.0,0.0,0,False,1.1697920560836792,0.7868357300758362,-0.7501876354217529,1.2151161432266235,-0.7036280035972595,-0.7501876354217529,0.8326766490936279,-0.7152577638626099,-0.7501876354217529,0.7873525619506836,0.7752059698104858,-0.7501876354217529
4330,576890690,52,3,2.6000048553519832,0.0,0.0,0,False,-1.0780006647109985,-0.8255532383918762,-0.5034483671188354,-1.126822829246521,0.7799444794654846,-0.5034483671188354,0.49111950397491455,0.8291451334953308,-0.5034483671188354,0.5399417281150818,-0.77635258436203,-0.5034483671188354
4330,676910784,53,0,1.3683245973836557,0.6839913129806519,0.0,1,True,3.000999927520752,0.0,0.0,-1.0,0.00011379628995200619,0.0,-1.0,0.00011379628995200619,-0.6839913129806519,-1.0,0.00011379628995200619,-0.6839913129806519
4330,676910784,53,1,0.03240851257914823,0.0,0.0,0,False,0.674940288066864,-0.11999999731779099,-0.6425820589065552,0.6750017404556274,0.4200034439563751,-0.6425820589065552,0.7350171208381653,0.41999661922454834,-0.6425820589065552,0.7349556684494019,-0.12000682950019836,-0.6425820589065552
4330,676910784,53,2,0.6319371058296657,0.0,0.0,0,False,0.7649146914482117,-0.7799641489982605,-0.7539913058280945,0.765092134475708,0.7800460457801819,-0.7539913058280945,1.1701773405075073,0.7799999713897705,-0.7539913058280945,1.1699999570846558,-0.7800102233886719,-0.7539913058280945
4330,676910784,53,3,2.808414083854359,0.0,0.0,0,False,0.6750290393829346,0.7799999713897705,-0.5048458576202393,0.6748515367507935,-0.7802048325538635,-0.5048458576202393,-1.1251776218414307,-0.7799999713897705,-0.5048458576202393,-1.125,0.7802048325538635,-0.5048458576202393
4330,676910784,53,4,1.2180357492617864,0.0,0.0,0,False,-1.1249419450759888,-0.1198241263628006,-0.5048458576202393,0.7200751900672913,-0.12003416568040848,-0.5048458576202393,0.7200000286102295,-0.780210018157959,-0.5048458576202393,-1.1250170469284058,-0.7799999713897705,-0.5048458576202393
4330,676910784,53,5,0.5674133157466592,0.0,0.0,0,False,0.7649897336959839,0.47978508472442627,-0.5048458576202393,-1.1250340938568115,0.47999998927116394,-0.5048458576202393,-1.1249998807907104,0.7802149057388306,-0.5048458576202393,0.7650238871574402,0.7799999713897705,-0.5048458576202393
4330,777073794,54,0,2.0646145870068167,0.688099205493927,0.0,1,True,5.000999927520752,0.0,0.0,-0.9999056458473206,-0.013735556043684483,0.0,-0.9999056458473206,-0.013735556043684483,-0.688099205493927,-0.9999056458473206,-0.013735556043684483,-0.688099205493927
4330,777073794,54,1,0.16104222918776756,0.0,0.0,0,False,0.8555648326873779,0.525831937789917,-0.6783936023712158,0.8699999451637268,-0.5249999761581421,-0.6783936023712158,0.7167767286300659,-0.5271047949790955,-0.6783936023712158,0.702341616153717,0.5237271189689636,-0.6783936023712158
4330,777073794,54,2,0.14812964895360636,0.0,0.0,0,False,0.5318323373794556,-0.4223787784576416,-0.6007488965988159,0.5200839042663574,0.43287193775177,-0.6007488965988159,0.6932514905929565,0.4352506995201111,-0.6007488965988159,0.7049999237060547,-0.42000001668930054,-0.6007488965988159
4330,777073794,54,3,0.4951036070719539,0.0,0.0,0,False,0.8741768598556519,-0.7840635776519775,-0.7580991983413696,0.8527429699897766,0.7762599587440491,-0.7580991983413696,1.169991374015808,0.7806179523468018,-0.7580991983413696,1.1914253234863281,-0.7797055840492249,-0.7580991983413696
4330,777073794,54,4,0.5220934757020119,0.0,0.0,0,False,0.7826753258705139,0.525242805480957,-0.5052909255027771,-1.079651951789856,0.49966010451316833,-0.5052909255027771,-1.0835022926330566,0.7799518704414368,-0.5052909255027771,0.7788249850273132,0.8055345416069031,-0.5052909255027771
4330,777073794,54,5,0.4383812849092479,0.0,0.0,0,False,-1.08144211769104,-0.5700197815895081,-0.5052909255027771,0.779649019241333,-0.5444540977478027,-0.5052909255027771,0.7828841805458069,-0.7799603343009949,-0.5052909255027771,-1.078207015991211,-0.8055260181427002,-0.5052909255027771
4330,777073794,54,6,2.5448589201337573,0.0,0.0,0,False,0.5100701451301575,0.8018425107002258,-0.5052909255027771,0.5317785739898682,-0.7784644961357117,-0.5052909255027771,-1.0782749652862549,-0.8005815148353577,-0.5052909255027771,-1.0999833345413208,0.7797254323959351,-0.5052909255027771
4330,777073794,54,7,0.5839285096448972,0.0,0.0,0,False,-1.082678198814392,-0.48003676533699036,-0.5052909255027771,0.7155401706695557,-0.4553350806236267,-0.5052909255027771,0.7200000286102295,-0.7799999713897705,-0.5052909255027771,-1.0782183408737183,-0.8047016263008118,-0.5052909255027771
4330,777073794,54,8,0.6491095858463121,0.0,0.0,0,False,0.6797377467155457,0.4351068139076233,-0.5052909255027771,-1.0790513753890991,0.4109467566013336,-0.5052909255027771,-1.084120273590088,0.7799432873725891,-0.5052909255027771,0.6746689081192017,0.8041033744812012,-0.5052909255027771
4330,876954762,55,0,0.34565194236130103,0.6906175017356873,1.3877787807814457e-17,1,True,0.0010000000474974513,0.0,0.0,-0.9938790798187256,0.11047326028347015,0.0,-0.9938790798187256,0.11047326028347015,-0.6906175017356873,-0.9938790798187256,0.11047326028347015,-0.6906175017356873
4330,876954762,55,1,0.1186090534507005,0.0,0.0,0,False,0.8610447645187378,0.11599348485469818,-0.6618920564651489,0.7883950471878052,-0.5376042723655701,-0.6618920564651489,0.6091387271881104,-0.5176792740821838,-0.6618920564651489,0.6817885041236877,0.13591846823692322,-0.6618920564651489
4330,876954762,55,2,0.5809445824284012,0.0,0.0,0,False,1.311466932296753,0.764275312423706,-0.7606174945831299,1.138352870941162,-0.7931553721427917,-0.7606174945831299,0.769890546798706,-0.7521994113922119,-0.7606174945831299,0.9430046081542969,0.8052312731742859,-0.7606174945831299
4330,876954762,55,3,2.7334172126500125,0.0,0.0,0,False,-1.1914445161819458,-0.7776163816452026,-0.5045096278190613,-1.0007561445236206,0.9379222393035889,-0.5045096278190613,0.5731272101402283,0.7629793286323547,-0.5045096278190613,0.3824387788772583,-0.9525592923164368,-0.5045096278190613
4330,876954762,55,4,0.12236071617776112,0.0,0.0,0,False,0.5213178396224976,-0.2579195201396942,-0.6325696110725403,0.6378862857818604,0.7907945513725281,-0.6325696110725403,0.7531391978263855,0.7779837250709534,-0.6325696110725403,0.6365708112716675,-0.27073031663894653,-0.6325696110725403
4330,977151897,56,0,0.3529987416974221,0.7052923440933228,3.469446951953614e-18,1,True,0.0010000000474974513,0.0,0.0,-0.9997859001159668,-0.020691728219389915,0.0,-0.9997859001159668,-0.020691728219389915,-0.7052923440933228,-0.9997859001159668,-0.020691728219389915,-0.7052923440933228
4330,977151897,56,1,0.14739707457630757,0.0,0.0,0,False,0.8526508808135986,0.7811930775642395,-0.6922800540924072,0.8850386142730713,-0.7837244868278503,-0.6922800540924072,0.7908905744552612,-0.7856729626655579,-0.6922800540924072,0.7585027813911438,0.779244601726532,-0.6922800540924072
4330,977151897,56,2,0.2057057316351658,0.0,0.0,0,False,0.7621810436248779,0.48597651720046997,-0.6387544870376587,0.7883783578872681,-0.7798265814781189,-0.6387544870376587,0.6259378790855408,-0.7831884622573853,-0.6387544870376587,0.5997405648231506,0.4826146066188812,-0.6387544870376587
4330,977151897,56,3,2.7739315223896384,0.0,0.0,0,False,-1.1392191648483276,-0.8122698664665222,-0.5043606162071228,-1.17217218875885,0.7799550890922546,-0.5043606162071228,0.5692550539970398,0.815995991230011,-0.5043606162071228,0.6022080183029175,-0.7762289643287659,-0.5043606162071228
4330,977151897,56,4,0.4955126901186446,0.0,0.0,0,False,0.8856438398361206,-0.7858849763870239,-0.7752923369407654,0.8532689809799194,0.7784119248390198,-0.7752923369407654,1.169897198677063,0.7849648594856262,-0.7752923369407654,1.2022720575332642,-0.7793320417404175,-0.7752923369407654
4331,77007491,57,0,1.9666879554985057,0.6554608941078186,1.734723475976807e-18,1,True,5.000999927520752,0.0,0.0,-0.9999178647994995,-0.012815388850867748,0.0,-0.9999178647994995,-0.012815388850867748,-0.6554608941078186,-0.9999178647994995,-0.012815388850867748,-0.6554608941078186
4331,77007491,57,1,0.23168557072041907,0.0,0.0,0,False,0.48772794008255005,-0.6779768466949463,-0.5937431454658508,0.4750196933746338,0.31359046697616577,-0.5937431454658508,0.7086372375488281,0.31658458709716797,-0.5937431454658508,0.7213454842567444,-0.6749827265739441,-0.5937431454658508
4331,77007491,57,2,0.04289233665531356,0.0,0.0,0,False,0.7799999713897705,-0.675000011920929,-0.7254608869552612,1.169935941696167,-0.6700024604797363,-0.7254608869552612,1.1713454723358154,-0.7799828052520752,-0.7254608869552612,0.781409502029419,-0.7849803566932678,-0.7254608869552612
4331,77007491,57,3,0.7277505564637501,0.0,0.0,0,False,0.7242976427078247,-0.7857122421264648,-0.7254608869552612,0.7042311429977417,0.7799901366233826,-0.7254608869552612,1.1689624786376953,0.785946249961853,-0.7254608869552612,1.1890290975570679,-0.7797560691833496,-0.7254608869552612
4331,77007491,57,4,0.22804609359800665,0.0,0.0,0,False,1.1748052835464478,0.33006158471107483,-0.7254608869552612,0.6750812530517578,0.32365694642066956,-0.7254608869552612,0.6692335605621338,0.779926061630249,-0.7254608869552612,1.1689575910568237,0.7863306999206543,-0.7254608869552612
4331,77007491,57,5,2.522119616874245,0.0,0.0,0,False,0.4668581187725067,0.8004018068313599,-0.5046675801277161,0.487111896276474,-0.7799088358879089,-0.5046675801277161,-1.1085904836654663,-0.800359845161438,-0.5046675801277161,-1.1288442611694336,0.779950737953186,-0.5046675801277161
4331,77007491,57,6,0.16506326187743348,0.0,0.0,0,False,-1.0810105800628662,-0.7011516690254211,-0.5046675801277161,0.5694872736930847,-0.6799983382225037,-0.5046675801277161,0.5707688331604004,-0.7799900770187378,-0.5046675801277161,-1.0797290802001953,-0.8011434078216553,-0.5046675801277161
4331,176898084,58,0,0.34552949103531555,0.6903690099716187,0.0,1,True,0.0010000000474974513,0.0,0.0,-0.999444305896759,-0.03333226218819618,0.0,-0.999444305896759,-0.03333226218819618,-0.6903690099716187,-0.999444305896759,-0.03333226218819618,-0.6903690099716187
4331,176898084,58,1,0.6018181549210322,0.0,0.0,0,False,0.8388410806655884,-0.7895435094833374,-0.7603690028190613,0.7865049242973328,0.7797166109085083,-0.7603690028190613,1.1695832014083862,0.7924925684928894,-0.7603690028190613,1.2219194173812866,-0.7767675518989563,-0.7603690028190613
4331,176898084,58,2,2.60698031367626,0.0,0.0,0,False,-1.0763345956802368,-0.8299039602279663,-0.504268229007721,-1.1300206184387207,0.7798324823379517,-0.504268229007721,0.4876875877380371,0.8337843418121338,-0.504268229007721,0.541373610496521,-0.7759521007537842,-0.504268229007721
4331,276958427,59,0,1.3944270569658161,0.6970482468605042,1.734723475976807e-18,1,True,3.000999927520752,0.0,0.0,-0.9999313950538635,-0.011712335050106049,0.0,-0.9999313950538635,-0.011712335050106049,-0.6970482468605042,-0.9999313950538635,-0.011712335050106049,-0.6970482468605042
4331,276958427,59,1,0.07051516552777137,0.0,0.0,0,False,0.6355095505714417,0.3300645053386688,-0.6008877754211426,0.6450020670890808,-0.48035138845443726,-0.6008877754211426,0.5580028891563416,-0.4813704192638397,-0.6008877754211426,0.5485104322433472,0.32904547452926636,-0.6008877754211426
4331,276958427,59,2,0.3832099342298605,0.0,0.0,0,False,1.169969081878662,0.7826350331306458,-0.7670482397079468,1.1882699728012085,-0.7797859311103821,-0.7670482397079468,0.9430368542671204,-0.7826583981513977,-0.7670482397079468,0.924735963344574,0.7797625660896301,-0.7670482397079468
4331,276958427,59,3,0.8604653853228239,0.0,0.0,0,False,0.6795469522476196,0.33181020617485046,-0.5042316317558289,-1.152485728263855,0.3103513717651367,-0.5042316317558289,-1.1579864025115967,0.7799649238586426,-0.5042316317558289,0.6740462779998779,0.8014237284660339,-0.5042316317558289
4331,276958427,59,4,2.6582121145629607,0.0,0.0,0,False,0.5247694849967957,0.7996752262115479,-0.5042316317558289,0.5432698130607605,-0.7797859311103821,-0.5042316317558289,-1.1394859552383423,-0.7994961738586426,-0.5042316317558289,-1.1579864025115967,0.7799649834632874,-0.5042316317558289
4331,276958427,59,5,0.4967565334034223,0.0,0.0,0,False,-1.127980351448059,-0.5255619883537292,-0.5042316317558289,0.6747592687606812,-0.504446268081665,-0.5042316317558289,0.6779864430427551,-0.7799649238586426,-0.5042316317558289,-1.1247531175613403,-0.8010806441307068,-0.5042316317558289
4331,376943813,60,0,0.34446446901326216,0.6882409453392029,0.0,1,True,0.0010000000474974513,0.0,0.0,-0.9996213912963867,0.02751561440527439,0.0,-0.9996213912963867,0.02751561440527439,-0.6882409453392029,-0.9996213912963867,0.02751561440527439,-0.6882409453392029
4331,376943813,60,1,0.29603424818088797,0.0,0.0,0,False,0.9041371941566467,0.7807118892669678,-0.6770720481872559,0.8610701560974121,-0.7838830947875977,-0.6770720481872559,0.6720051765441895,-0.7786788940429688,-0.6770720481872559,0.7150722146034241,0.7859160900115967,-0.6770720481872559
4331,376943813,60,2,2.8887175158192946,0.0,0.0,0,False,0.6520592570304871,0.7831087708473206,-0.5071638226509094,0.6076861619949341,-0.8289326429367065,-0.5071638226509094,-1.1829195022583008,-0.7796443104743958,-0.5071638226509094,-1.138546347618103,0.8323971033096313,-0.5071638226509094
4331,376943813,60,3,0.480473592805609,0.0,0.0,0,False,0.861748456954956,-0.7797728180885315,-0.7582409381866455,0.904883623123169,0.7872975468635559,-0.7582409381866455,1.211257815361023,0.778864324092865,-0.7582409381866455,1.1681225299835205,-0.7882060408592224,-0.7582409381866455
4331,476885448,61,0,1.7599649134740412,0.7038629651069641,3.469446951953614e-18,1,True,4.000999927520752,0.0,0.0,-0.9998422861099243,0.017760464921593666,0.0,-0.9998422861099243,0.017760464921593666,-0.7038629651069641,-0.9998422861099243,0.017760464921593666,-0.7038629651069641
4331,476885448,61,1,0.060306990332950505,0.0,0.0,0,False,0.7728081345558167,-0.6748723387718201,-0.6861177682876587,0.7933323979377747,0.48056256771087646,-0.6861177682876587,0.8455101251602173,0.47963571548461914,-0.6861177682876587,0.8249858617782593,-0.6757991909980774,-0.6861177682876587
4331,476885448,61,2,0.17128082712386572,0.0,0.0,0,False,0.6113592982292175,-0.6744025349617004,-0.6335474252700806,0.630846381187439,0.42264944314956665,-0.6335474252700806,0.7869254350662231,0.41987696290016174,-0.6335474252700806,0.7674382925033569,-0.677174985408783,-0.6335474252700806
4331,476885448,61,3,0.5044338395585157,0.0,0.0,0,False,0.8468972444534302,-0.7755928635597229,-0.7738629579544067,0.8746228218078613,0.7852469086647034,-0.7738629579544067,1.1977019309997559,0.7795079350471497,-0.7738629579544067,1.1699763536453247,-0.7813318371772766,-0.7738629579544067
4331,476885448,61,4,0.5033741252225417,0.0,0.0,0,False,0.6294463872909546,0.49383512139320374,-0.5044990181922913,-1.1295281648635864,0.5250804424285889,-0.5044990181922913,-1.1244463920593262,0.811164915561676,-0.5044990181922913,0.6345282196998596,0.7799196243286133,-0.5044990181922913
4331,476885448,61,5,2.8213662999232927,0.0,0.0,0,False,0.636313796043396,0.7798879146575928,-0.5044990181922913,0.608058512210846,-0.8107845187187195,-0.5044990181922913,-1.1650761365890503,-0.779288113117218,-0.5044990181922913,-1.1368207931518555,0.8113843202590942,-0.5044990181922913
4331,476885448,61,6,0.2415982646244661,0.0,0.0,0,False,-1.1626627445220947,-0.6434231996536255,-0.5044990181922913,0.6150000691413879,-0.675000011920929,-0.5044990181922913,0.6125866770744324,-0.8108649849891663,-0.5044990181922913,-1.1650761365890503,-0.779288113117218,-0.5044990181922913
4331,476885448,61,7,0.6106813836093128,0.0,0.0,0,False,0.6299668550491333,0.433135449886322,-0.5044990181922913,-1.130605936050415,0.4644090235233307,-0.5044990181922913,-1.1244463920593262,0.8111647963523865,-0.5044990181922913,0.6361263990402222,0.7798911929130554,-0.5044990181922913
4331,576872291,62,0,2.088054821426816,0.6959325075149536,3.469446951953614e-18,1,True,5.000999927520752,0.0,0.0,-0.9996874332427979,0.02499961666762829,0.0,-0.9996874332427979,0.02499961666762829,-0.6959325075149536,-0.9996874332427979,0.02499961666762829,-0.6959325075149536
4331,576872291,62,1,0.2033127431494366,0.0,0.0,0,False,0.46759963035583496,-0.5708137154579163,-0.5859771370887756,0.49211645126342773,0.40957343578338623,-0.5859771370887756,0.6993669271469116,0.4043906629085541,-0.5859771370887756,0.6748500466346741,-0.5759965181350708,-0.5859771370887756
4331,576872291,62,2,0.44634434622247987,0.0,0.0,0,False,1.2089871168136597,0.7790250182151794,-0.7659325003623962,1.169821858406067,-0.7871226072311401,-0.7659325003623962,0.8850048780441284,-0.7800000905990601,-0.7659325003623962,0.924170196056366,0.7861475348472595,-0.7659325003623962
4331,576872291,62,3,0.1840292223248463,0.0,0.0,0,False,0.6803519129753113,-0.5806324481964111,-0.6573682427406311,0.7065182328224182,0.46571221947669983,-0.6573682427406311,0.8822864890098572,0.4613167345523834,-0.6573682427406311,0.856120228767395,-0.5850279331207275,-0.6573682427406311
4331,576872291,62,4,2.594817297912785,0.0,0.0,0,False,0.48900139331817627,0.7797749042510986,-0.5033878684043884,0.44898322224617004,-0.820486307144165,-0.5033878684043884,-1.171499490737915,-0.779962420463562,-0.5033878684043884,-1.1314812898635864,0.8202987909317017,-0.5033878684043884
4331,576872291,62,5,0.4112876592250645,0.0,0.0,0,False,-1.1652575731277466,-0.530356764793396,-0.5033878684043884,0.4814620316028595,-0.5715370178222656,-0.5033878684043884,0.4752200245857239,-0.8211427330970764,-0.5033878684043884,-1.171499490737915,-0.7799624800682068,-0.5033878684043884
4331,576872291,62,6,0.6320819600511776,0.0,0.0,0,False,0.5693439245223999,0.40876317024230957,-0.5033878684043884,-1.1332188844680786,0.4513396620750427,-0.5033878684043884,-1.1239407062530518,0.8223608732223511,-0.5033878684043884,0.5786221623420715,0.7797843813896179,-0.5033878684043884
4331,576872291,62,7,0.40325720139001486,0.0,0.0,0,False,-1.165379285812378,-0.535230278968811,-0.5033878684043884,0.4813401699066162,-0.5764103531837463,-0.5033878684043884,0.47522005438804626,-0.8211424946784973,-0.5033878684043884,-1.1714993715286255,-0.779962420463562,-0.5033878684043884
4331,576872291,62,8,0.5270254270617407,0.0,0.0,0,False,0.569756269454956,0.47025319933891296,-0.5033878684043884,-1.1316819190979004,0.5128016471862793,-0.5033878684043884,-1.1239405870437622,0.8223609924316406,-0.5033878684043884,0.5774974822998047,0.7798125147819519,-0.5033878684043884
4331,676911634,63,0,0.36162577413703123,0.7225291728973389,3.469446951953614e-18,1,True,0.0010000000474974513,0.0,0.0,-0.9998003840446472,0.019979115575551987,0.0,-0.9998003840446472,0.019979115575551987,-0.7225291728973389,-0.9998003840446472,0.019979115575551987,-0.7225291728973389
4331,676911634,63,1,0.2660399446030475,0.0,0.0,0,False,0.7361669540405273,0.7796769142150879,-0.602324366569519,0.704910159111023,-0.7844943404197693,-0.602324366569519,0.5348944067955017,-0.7810969352722168,-0.602324366569519,0.5661512017250061,0.7830743193626404,-0.602324366569519
4331,676911634,63,2,0.2682903327124908,0.0,0.0,0,False,0.9140338897705078,0.7791200280189514,-0.6917542219161987,0.8828366994857788,-0.7820550203323364,-0.6917542219161987,0.7110537886619568,-0.7786222696304321,-0.6917542219161987,0.742250919342041,0.7825527787208557,-0.6917542219161987
4331,676911634,63,3,0.404163205082007,0.0,0.0,0,False,0.9099848866462708,-0.776602566242218,-0.7925291657447815,0.941182017326355,0.7845725417137146,-0.7925291657447815,1.1999626159667969,0.7794012427330017,-0.7925291657447815,1.1687655448913574,-0.7817738652229309,-0.7925291657447815
4331,676911634,63,4,2.5141471919133522,0.0,0.0,0,False,-1.1099625825881958,-0.7794012427330017,-0.5047616362571716,-1.078202724456787,0.8099386096000671,-0.5047616362571716,0.5030472874641418,0.7783403992652893,-0.5047616362571716,0.47128739953041077,-0.8109994530677795,-0.5047616362571716
4331,776866686,64,0,0.689328247825677,0.689052939414978,0.0,1,True,1.0010000467300415,0.0,0.0,-0.9995983242988586,0.028340168297290802,0.0,-0.9995983242988586,0.028340168297290802,-0.689052939414978,-0.9995983242988586,0.028340168297290802,-0.689052939414978
4331,776866686,64,1,0.3164366693619858,0.0,0.0,0,False,0.6874330043792725,0.7796475291252136,-0.5820525884628296,0.6431195735931396,-0.7833488583564758,-0.5820525884628296,0.44082704186439514,-0.7776135802268982,-0.5820525884628296,0.48514044284820557,0.7853828072547913,-0.5820525884628296
4331,776866686,64,2,0.43312832177937466,0.0,0.0,0,False,1.2124931812286377,0.7787952423095703,-0.7590529322624207,1.1682400703430176,-0.7820764183998108,-0.7590529322624207,0.8909716010093689,-0.7742154598236084,-0.7590529322624207,0.9352247714996338,0.7866562008857727,-0.7590529322624207
4331,776866686,64,3,0.2636977106076781,0.0,0.0,0,False,0.6508631706237793,-0.521338701248169,-0.6598286628723145,0.6878322958946228,0.7826130390167236,-0.6598286628723145,0.889899492263794,0.776884138584137,-0.6598286628723145,0.8529304265975952,-0.5270676612854004,-0.6598286628723145
4331,776866686,64,4,2.58400165201971,0.0,0.0,0,False,0.48366084694862366,0.7781950831413269,-0.5060209035873413,0.43819087743759155,-0.8255947828292847,-0.5060209035873413,-1.1716997623443604,-0.7799518704414368,-0.5060209035873413,-1.1262297630310059,0.8238379955291748,-0.5060209035873413
4331,876979238,65,0,0.33806695954281013,0.6754587292671204,0.0,1,True,0.0010000000474974513,0.0,0.0,-0.9995823502540588,0.028899190947413445,0.0,-0.9995823502540588,0.028899190947413445,-0.6754587292671204,-0.9995823502540588,0.028899190947413445,-0.6754587292671204
4331,876979238,65,1,0.14641819536610812,0.0,0.0,0,False,0.6993669867515564,-0.11983714252710342,-0.6810286045074463,0.7255032062530518,0.7841776609420776,-0.6810286045074463,0.8873323202133179,0.7794989347457886,-0.6810286045074463,0.8611961007118225,-0.1245158314704895,-0.6810286045074463
4331,876979238,65,2,0.5089672268073038,0.0,0.0,0,False,1.2150639295578003,0.7786971926689148,-0.745458722114563,1.169837236404419,-0.7856329679489136,-0.745458722114563,0.8447510004043579,-0.7762343287467957,-0.745458722114563,0.889977753162384,0.7880958318710327,-0.745458722114563
4331,876979238,65,3,2.6380567527517798,0.0,0.0,0,False,-1.170101523399353,-0.7799971699714661,-0.504898726940155,-1.1237096786499023,0.8246306777000427,-0.504898726940155,0.5189475417137146,0.7771393656730652,-0.504898726940155,0.4725557267665863,-0.8274884819984436,-0.504898726940155
4331,876979238,65,4,0.24697339158950626,0.0,0.0,0,False,0.5206668972969055,-0.7798747420310974,-0.616266667842865,0.5657683610916138,0.7801223397254944,-0.616266667842865,0.7239527106285095,0.775549054145813,-0.616266667842865,0.6788512468338013,-0.7844480872154236,-0.616266667842865
4331,976948581,66,0,1.0873339305044711,0.7246518731117249,0.0,1,True,2.000999927520752,0.0,0.0,-0.9999744296073914,-0.007149787619709969,0.0,-0.9999744296073914,-0.007149787619709969,-0.7246518731117249,-0.9999744296073914,-0.007149787619709969,-0.7246518731117249
4331,976948581,66,1,0.26249596506762884,0.0,0.0,0,False,1.0129437446594238,-0.7810156345367432,-0.7946518659591675,1.001786470413208,0.779440701007843,-0.7946518659591675,1.1699953079223633,0.7806434035301208,-0.7946518659591675,1.181152582168579,-0.7798129320144653,-0.7946518659591675
4331,976948581,66,2,0.18326579157796716,0.0,0.0,0,False,0.4800022840499878,0.02967826835811138,-0.5867871642112732,0.4746454656124115,0.7788891196250916,-0.5867871642112732,0.7192447185516357,0.7806379795074463,-0.5867871642112732,0.7246015667915344,0.03142714872956276,-0.5867871642112732
4331,976948581,66,3,0.24572136724566118,0.0,0.0,0,False,0.672426164150238,0.029981598258018494,-0.6950657963752747,0.9749846458435059,0.03214488551020622,-0.6950657963752747,0.9807912111282349,-0.7799585461616516,-0.6950657963752747,0.6782326698303223,-0.7821218371391296,-0.6950657963752747
4331,976948581,66,4,2.528324831264925,0.0,0.0,0,False,0.47273263335227966,0.7914236187934875,-0.5044540762901306,0.483968049287796,-0.7799715995788574,-0.5044540762901306,-1.1249178647994995,-0.7914750576019287,-0.5044540762901306,-1.136153221130371,0.7799201607704163,-0.5044540762901306
4331,976948581,66,5,1.2589697438153782,0.0,0.0,0,False,0.5232027769088745,-0.018644388765096664,-0.5044540762901306,0.5286462903022766,-0.7799738645553589,-0.5044540762901306,-1.124915599822998,-0.7917968034744263,-0.5044540762901306,-1.1303590536117554,-0.030467325821518898,-0.5044540762901306
4332,76870383,67,0,2.0452225510912223,0.681661069393158,0.0,1,True,5.000999927520752,0.0,0.0,-0.9996427893638611,0.026726199313998222,0.0,-0.9996427893638611,0.026726199313998222,-0.681661069393158,-0.9996427893638611,0.026726199313998222,-0.681661069393158
4332,76870383,67,1,0.18864577384358494,0.0,0.0,0,False,0.8808202147483826,0.7797106504440308,-0.6812014579772949,0.8472301363945007,-0.4766637980937958,-0.6812014579772949,0.6971864700317383,-0.47265225648880005,-0.6812014579772949,0.7307765483856201,0.7837221622467041,-0.6812014579772949
4332,76870383,67,2,0.17213438654070634,0.0,0.0,0,False,0.7101882696151733,0.41905921697616577,-0.6044942736625671,0.6881470680236816,-0.4053514897823334,-0.6044942736625671,0.47949931025505066,-0.39977315068244934,-0.6044942736625671,0.5015405416488647,0.4246375560760498,-0.6044942736625671
4332,76870383,67,3,0.42499547229477663,0.0,0.0,0,False,0.8431490063667297,-0.6682665348052979,-0.7516610622406006,0.8820431232452393,0.786495566368103,-0.7516610622406006,1.1739753484725952,0.7786905765533447,-0.7516610622406006,1.135081171989441,-0.6760715842247009,-0.7516610622406006
4332,76870383,67,4,0.6446088086508572,0.0,0.0,0,False,-1.162269949913025,-0.4308791160583496,-0.5045616030693054,0.6830150485038757,-0.48021432757377625,-0.5045616030693054,0.6736821532249451,-0.8292922973632812,-0.5045616030693054,-1.1716028451919556,-0.779957115650177,-0.5045616030693054
4332,76870383,67,5,0.661912217179923,0.0,0.0,0,False,0.7180620431900024,0.4225119650363922,-0.5045616030693054,-1.1332342624664307,0.472007691860199,-0.5045616030693054,-1.1236820220947266,0.8292921781539917,-0.5045616030693054,0.7276142835617065,0.7797964215278625,-0.5045616030693054
4332,76870383,67,6,2.6301115360196246,0.0,0.0,0,False,0.5108577609062195,0.7791749238967896,-0.5045616030693054,0.46800121665000916,-0.8237930536270142,-0.5045616030693054,-1.1716028451919556,-0.7799570560455322,-0.5045616030693054,-1.1287463903427124,0.8230109214782715,-0.5045616030693054
4332,76870383,67,7,0.7813815428747448,0.0,0.0,0,False,-1.1602898836135864,-0.3568119406700134,-0.5045616030693054,0.6849952340126038,-0.40614697337150574,-0.5045616030693054,0.6736821532249451,-0.8292921185493469,-0.5045616030693054,-1.1716029644012451,-0.7799570560455322,-0.5045616030693054
4332,76870383,67,8,0.3034335744184755,0.0,0.0,0,False,-1.1672096252441406,-0.6156373023986816,-0.5045616030693054,0.67807537317276,-0.6649723052978516,-0.5045616030693054,0.6736822128295898,-0.8292921185493469,-0.5045616030693054,-1.1716028451919556,-0.7799570560455322,-0.5045616030693054
4332,176927810,68,0,1.0742335728013772,0.7159208655357361,8.673617379884035e-19,1,True,2.000999927520752,0.0,0.0,-0.9999762773513794,-0.0068906270898878574,0.0,-0.9999762773513794,-0.0068906270898878574,-0.7159208655357361,-0.9999762773513794,-0.0068906270898878574,-0.7159208655357361
4332,176927810,68,1,0.26034288887559676,0.0,0.0,0,False,0.9445779919624329,0.7810307741165161,-0.70530766248703,0.9541965126991272,-0.6148332357406616,-0.70530766248703,0.7676951289176941,-0.6161183714866638,-0.70530766248703,0.7580766677856445,0.7797456383705139,-0.70530766248703
4332,176927810,68,2,0.22445684139804367,0.0,0.0,0,False,0.7599341869354248,0.46517184376716614,-0.6294742822647095,0.768511950969696,-0.7796657681465149,-0.6294742822647095,0.58821040391922,-0.7809081673622131,-0.6294742822647095,0.579632580280304,0.4639294445514679,-0.6294742822647095
4332,176927810,68,3,0.3187600710040641,0.0,0.0,0,False,0.9764541387557983,-0.7810235619544983,-0.7859208583831787,0.965703010559082,0.7792124152183533,-0.7859208583831787,1.1699957847595215,0.7806201577186584,-0.7859208583831787,1.1807469129562378,-0.7796158194541931,-0.7859208583831787
4332,176927810,68,4,0.5606639752378548,0.0,0.0,0,False,0.632067084312439,0.48001426458358765,-0.5043097734451294,-1.1685709953308105,0.46760663390159607,-0.5043097734451294,-1.170716404914856,0.7789614796638489,-0.5043097734451294,0.6299216151237488,0.7913690805435181,-0.5043097734451294
4332,176927810,68,5,2.7484109171175355,0.0,0.0,0,False,0.5699244737625122,0.7909557223320007,-0.5043097734451294,0.580741822719574,-0.7788923978805542,-0.5043097734451294,-1.1699246168136597,-0.7909557223320007,-0.5043097734451294,-1.1807419061660767,0.778892457485199,-0.5043097734451294
4332,276956653,69,0,1.375447728775462,0.6875739693641663,3.469446951953614e-18,1,True,3.000999927520752,0.0,0.0,-0.9998294711112976,0.018467942252755165,0.0,-0.9998294711112976,0.018467942252755165,-0.6875739693641663,-0.9998294711112976,0.018467942252755165,-0.6875739693641663
4332,276956653,69,1,0.2552125806810146,0.0,0.0,0,False,0.6125864386558533,-0.6727389097213745,-0.6586465239524841,0.6347751617431641,0.5285137295722961,-0.6586465239524841,0.8471580743789673,0.5245907306671143,-0.6586465239524841,0.8249693512916565,-0.6766619086265564,-0.6586465239524841
4332,276956653,69,2,0.48553139173277415,0.0,0.0,0,False,1.1960200071334839,0.7786881327629089,-0.7575739622116089,1.1691333055496216,-0.6769235134124756,-0.7575739622116089,0.8356887102127075,-0.6707643866539001,-0.7575739622116089,0.8625754714012146,0.7848472595214844,-0.7575739622116089
4332,276956653,69,3,2.728998776257484,0.0,0.0,0,False,0.6363322138786316,0.7798829674720764,-0.5036700367927551,0.6069435477256775,-0.8111600279808044,-0.5036700367927551,-1.1076977252960205,-0.7794883251190186,-0.5036700367927551,-1.0783090591430664,0.8115546703338623,-0.5036700367927551
4332,276956653,69,4,0.20879183381931732,0.0,0.0,0,False,-1.079468011856079,-0.646194577217102,-0.5036700367927551,0.48083093762397766,-0.675015389919281,-0.5036700367927551,0.47836002707481384,-0.8087850213050842,-0.5036700367927551,-1.0819389820098877,-0.7799642086029053,-0.5036700367927551
4332,276956653,69,5,0.4256999976234841,0.0,0.0,0,False,0.6732935309410095,0.5376142263412476,-0.5036700367927551,-1.082769751548767,0.5700510740280151,-0.5036700367927551,-1.0782935619354248,0.812385618686676,-0.5036700367927551,0.6777697801589966,0.7799487709999084,-0.5036700367927551
4332,376935621,70,0,1.3983537627118992,0.6991760730743408,0.0,1,True,3.000999927520752,0.0,0.0,-0.9986732006072998,-0.0514962300658226,0.0,-0.9986732006072998,-0.0514962300658226,-0.6991760730743408,-0.9986732006072998,-0.0514962300658226,-0.6991760730743408
4332,376935621,70,1,0.11136760785211042,0.0,0.0,0,False,0.6830324530601501,-0.5307736396789551,-0.6492819786071777,0.6318801045417786,0.4612296223640442,-0.6492819786071777,0.7438477873802185,0.46700319647789,-0.6492819786071777,0.7950000762939453,-0.5250000357627869,-0.6492819786071777
4332,376935621,70,2,0.66171454057001,0.0,0.0,0,False,1.169801115989685,0.783856987953186,-0.7691760659217834,1.2501875162124634,-0.7750916481018066,-0.7691760659217834,0.8268510699272156,-0.7969207763671875,-0.7691760659217834,0.7464646697044373,0.7620278596878052,-0.7691760659217834
4332,376935621,70,3,2.9208222131897656,0.0,0.0,0,False,0.6099175810813904,0.86946040391922,-0.5051889419555664,0.6949185729026794,-0.7789729237556458,-0.5051889419555664,-1.0722603797912598,-0.8700969815254211,-0.5051889419555664,-1.1572612524032593,0.7783363461494446,-0.5051889419555664
4332,376935621,70,4,0.4725263917676248,0.0,0.0,0,False,-1.0850491523742676,-0.6220831274986267,-0.5051889419555664,0.7746468782424927,-0.5261880159378052,-0.5051889419555664,0.7877141833305359,-0.7796021699905396,-0.5051889419555664,-1.0719819068908691,-0.8754972815513611,-0.5051889419555664
4332,376935621,70,5,0.7584104089081283,0.0,0.0,0,False,0.7361273765563965,0.4672398269176483,-0.5051889419555664,-1.119408369064331,0.3715597987174988,-0.5051889419555664,-1.1404284238815308,0.7792044281959534,-0.5051889419555664,0.7151073217391968,0.8748844861984253,-0.5051889419555664
4332,476989548,71,0,2.0575202767865557,0.6857615113258362,3.469446951953614e-18,1,True,5.000999927520752,0.0,0.0,-0.9996251463890076,0.02737928368151188,0.0,-0.9996251463890076,0.02737928368151188,-0.6857615113258362,-0.9996251463890076,0.02737928368151188,-0.6857615113258362
4332,476989548,71,1,0.16576362322676275,0.0,0.0,0,False,0.8582197427749634,0.5690901279449463,-0.6746092438697815,0.8250338435173035,-0.642535924911499,-0.6746092438697815,0.6883255243301392,-0.6387915015220642,-0.6746092438697815,0.7215114235877991,0.5728345513343811,-0.6746092438697815
4332,476989548,71,2,0.17159250407469218,0.0,0.0,0,False,0.46700915694236755,-0.39930325746536255,-0.6001048684120178,0.48958849906921387,0.4250783622264862,-0.6001048684120178,0.6975793838500977,0.41938158869743347,-0.6001048684120178,0.6750000715255737,-0.4050000309944153,-0.6001048684120178
4332,476989548,71,3,0.5160502809820429,0.0,0.0,0,False,0.8373258113861084,-0.7729424834251404,-0.7557615041732788,0.879999041557312,0.7850671410560608,-0.7557615041732788,1.2109748125076294,0.7760018706321716,-0.7557615041732788,1.1683015823364258,-0.7820077538490295,-0.7557615041732788
4332,476989548,71,4,0.3592925464230099,0.0,0.0,0,False,0.6736506819725037,0.5807351469993591,-0.5045583248138428,-1.1291053295135498,0.6301124095916748,-0.5045583248138428,-1.1236505508422852,0.8292648196220398,-0.5045583248138428,0.6791054606437683,0.7798875570297241,-0.5045583248138428
4332,476989548,71,5,0.34400859352395763,0.0,0.0,0,False,-1.166412115097046,-0.5890134572982788,-0.5045583248138428,0.6338804960250854,-0.6383232474327087,-0.5045583248138428,0.6286506056785583,-0.8292648196220398,-0.5045583248138428,-1.1716420650482178,-0.7799550294876099,-0.5045583248138428
4332,476989548,71,6,2.6003988953531714,0.0,0.0,0,False,0.4951110780239105,0.7767102122306824,-0.5045583248138428,0.4512574374675751,-0.824405312538147,-0.5045583248138428,-1.1716420650482178,-0.7799550294876099,-0.5045583248138428,-1.1277884244918823,0.8211604952812195,-0.5045583248138428
4332,476989548,71,7,0.7631419746707335,0.0,0.0,0,False,-1.1600404977798462,-0.35637402534484863,-0.5045583248138428,0.640252411365509,-0.4056831896305084,-0.5045583248138428,0.6286507248878479,-0.829264223575592,-0.5045583248138428,-1.1716421842575073,-0.7799550294876099,-0.5045583248138428
4332,476989548,71,8,0.6311387975889087,0.0,0.0,0,False,0.6736506819725037,0.43073582649230957,-0.5045583248138428,-1.1332107782363892,0.4802249073982239,-0.5045583248138428,-1.1236506700515747,0.829264223575592,-0.5045583248138428,0.6832107305526733,0.7797751426696777,-0.5045583248138428
4332,577107058,72,0,1.3833143753250685,0.6915434002876282,0.0,1,True,3.000999927520752,0.0,0.0,-0.9995443820953369,-0.03018241375684738,0.0,-0.9995443820953369,-0.03018241375684738,-0.6915434002876282,-0.9995443820953369,-0.03018241375684738,-0.6915434002876282
4332,577107058,72,1,0.2248638496702391,0.0,0.0,0,False,0.6797029972076416,-0.5607461929321289,-0.6767669916152954,0.6470800638198853,0.5196275115013123,-0.6767669916152954,0.8550257086753845,0.5259066224098206,-0.6767669916152954,0.8876486420631409,-0.5544670820236206,-0.6767669916152954
4332,577107058,72,2,0.4322725743456175,0.0,0.0,0,False,1.1681487560272217,0.7813028693199158,-0.7615433931350708,1.2151708602905273,-0.7759183049201965,-0.7615433931350708,0.937831461429596,-0.7842928767204285,-0.7615433931350708,0.8908093571662903,0.7729282975196838,-0.7615433931350708
4332,577107058,72,3,2.9234355122911886,0.0,0.0,0,False,0.6353070139884949,0.8345129489898682,-0.5053795576095581,0.6840505599975586,-0.7797266244888306,-0.5053795576095581,-1.1253291368484497,-0.8343626260757446,-0.5053795576095581,-1.1740727424621582,0.7798769474029541,-0.5053795576095581
4332,577107058,72,4,0.44907301794401633,0.0,0.0,0,False,-1.1299688816070557,-0.6154439449310303,-0.5053795576095581,0.8663814067840576,-0.555162250995636,-0.5053795576095581,0.8731677532196045,-0.7799043655395508,-0.5053795576095581,-1.1231825351715088,-0.8401859998703003,-0.5053795576095581
4332,577107058,72,5,0.6290294949910793,0.0,0.0,0,False,0.8326840996742249,0.5255259275436401,-0.5053795576095581,-1.1645714044570923,0.4652169644832611,-0.5053795576095581,-1.1740728616714478,0.7798770070075989,-0.5053795576095581,0.8231826424598694,0.8401859402656555,-0.5053795576095581
4332,676871360,73,0,0.3491431119758759,0.6975887417793274,0.0,1,True,0.0010000000474974513,0.0,0.0,-0.9998666048049927,0.016331976279616356,0.0,-0.9998666048049927,0.016331976279616356,-0.6975887417793274,-0.9998666048049927,0.016331976279616356,-0.6975887417793274
4332,676871360,73,1,0.1061716231351788,0.0,0.0,0,False,0.6969367265701294,-0.46364322304725647,-0.6744221448898315,0.7113885879516602,0.42112070322036743,-0.6744221448898315,0.8313565254211426,0.4191611111164093,-0.6744221448898315,0.8169046640396118,-0.4656028151512146,-0.6744221448898315
4332,676871360,73,2,0.5300548859081289,0.0,0.0,0,False,0.8127926588058472,-0.7773504257202148,-0.76758873462677,0.8370943665504456,0.7104376554489136,-0.76758873462677,1.1932697296142578,0.7046198844909668,-0.76758873462677,1.1689680814743042,-0.7831681966781616,-0.76758873462677
4332,676871360,73,3,2.6841555448729366,0.0,0.0,0,False,0.6000759601593018,0.7893091440200806,-0.5075498819351196,0.5739773511886597,-0.8084863424301147,-0.5075498819351196,-1.1054863929748535,-0.7810536623001099,-0.5075498819351196,-1.0793877840042114,0.8167418241500854,-0.5075498819351196
4332,777003453,74,0,2.075600881243572,0.6920528411865234,0.0,1,True,5.000999927520752,0.0,0.0,-0.9968670010566711,-0.07909604907035828,0.0,-0.9968670010566711,-0.07909604907035828,-0.6920528411865234,-0.9968670010566711,-0.07909604907035828,-0.6920528411865234
4332,777003453,74,1,0.08650990006577786,0.0,0.0,0,False,0.5695310831069946,0.4235333204269409,-0.577552855014801,0.6242178678512573,-0.26569807529449463,-0.577552855014801,0.49948665499687195,-0.2755948305130005,-0.577552855014801,0.44479984045028687,0.41363656520843506,-0.577552855014801
4332,777003453,74,2,0.5032710001237923,0.0,0.0,0,False,1.1647999286651611,0.7855381965637207,-0.7620528340339661,1.2882723808288574,-0.7706157565116882,-0.7620528340339661,0.9668887257575989,-0.7961158156394958,-0.7620528340339661,0.8434162735939026,0.7600381374359131,-0.7620528340339661
4332,777003453,74,3,0.12714563905891474,0.0,0.0,0,False,0.6464076638221741,-0.5367899537086487,-0.645841658115387,0.5826910734176636,0.2662462890148163,-0.645841658115387,0.7400316596031189,0.2787303924560547,-0.645841658115387,0.8037482500076294,-0.5243058800697327,-0.645841658115387
4332,777003453,74,4,0.9043375832569742,0.0,0.0,0,False,0.6975864768028259,0.4353368282318115,-0.5097142457962036,-1.141784429550171,0.2893926203250885,-0.5097142457962036,-1.1805505752563477,0.7779726386070251,-0.5097142457962036,0.6588202714920044,0.9239168763160706,-0.5097142457962036
4332,777003453,74,5,2.7163179461615066,0.0,0.0,0,False,0.4054156541824341,0.9038106203079224,-0.5097142457962036,0.538929283618927,-0.7788947820663452,-0.5097142457962036,-1.06522798538208,-0.9061760902404785,-0.5097142457962036,-1.1987416744232178,0.7765293121337891,-0.5097142457962036
4332,777003453,74,6,0.8823521941600507,0.0,0.0,0,False,-1.1049504280090332,-0.4055437743663788,-0.5097142457962036,0.6180059313774109,-0.2688364088535309,-0.5097142457962036,0.6583853363990784,-0.7777477502822876,-0.5097142457962036,-1.0645710229873657,-0.9144551157951355,-0.5097142457962036
4332,777003453,74,7,0.4716415203669513,0.0,0.0,0,False,-1.0836241245269775,-0.6743237376213074,-0.5097142457962036,0.7765666246414185,-0.5267276763916016,-0.5097142457962036,0.796558141708374,-0.7786861658096313,-0.5097142457962036,-1.063632607460022,-0.9262822270393372,-0.5097142457962036
4332,777003453,74,8,0.0380069695198344,0.0,0.0,0,False,0.6939235925674438,0.4815014898777008,-0.5097142457962036,0.5706568956375122,0.47172096371650696,-0.5097142457962036,0.5463455319404602,0.7781231999397278,-0.5097142457962036,0.6696122288703918,0.7879037261009216,-0.5097142457962036
4332,877099963,75,0,1.4237647489218206,0.7117044925689697,0.0,1,True,3.000999927520752,0.0,0.0,-0.9999997615814209,-0.000706089660525322,0.0,-0.9999997615814209,-0.000706089660525322,-0.7117044925689697,-0.9999997615814209,-0.000706089660525322,-0.7117044925689697
4332,877099963,75,1,0.055150681052660744,0.0,0.0,0,False,0.7052436470985413,-0.27005279064178467,-0.6646735072135925,0.7047246694564819,0.4649786055088043,-0.6646735072135925,0.7797563672065735,0.46503159403800964,-0.6646735072135925,0.7802753448486328,-0.26999980211257935,-0.6646735072135925
4332,877099963,75,2,0.4693342011647399,0.0,0.0,0,False,0.8702119588851929,-0.7801799178123474,-0.7817044854164124,0.8691104054450989,0.7798616886138916,-0.7817044854164124,1.1699575185775757,0.7800741195678711,-0.7817044854164124,1.171059012413025,-0.7799674868583679,-0.7817044854164124
4332,877099963,75,3,2.8120060519555974,0.0,0.0,0,False,0.6749991178512573,0.7812708616256714,-0.5046233534812927,0.6761015057563782,-0.7799991965293884,-0.5046233534812927,-1.1249991655349731,-0.7812709212303162,-0.5046233534812927,-1.1261016130447388,0.7799991965293884,-0.5046233534812927
4332,877099963,75,4,0.9433910416107656,0.0,0.0,0,False,-1.1253488063812256,-0.2861655056476593,-0.5046233534812927,0.7797985672950745,-0.2848200500011444,-0.5046233534812927,0.7801482677459717,-0.7799999117851257,-0.5046233534812927,-1.1249991655349731,-0.7813453078269958,-0.5046233534812927
4332,877099963,75,5,0.5739850295572264,0.0,0.0,0,False,0.7802118062973022,0.48007434606552124,-0.5046233534812927,-1.1249990463256836,0.47872886061668396,-0.5046233534812927,-1.1252118349075317,0.779999852180481,-0.5046233534812927,0.7799990773200989,0.7813453078269958,-0.5046233534812927
4332,976992890,76,0,0.35474602922921145,0.7087852358818054,0.0,1,True,0.0010000000474974513,0.0,0.0,-0.99722820520401,0.07440367341041565,0.0,-0.99722820520401,0.07440367341041565,-0.7087852358818054,-0.99722820520401,0.07440367341041565,-0.7087852358818054
4332,976992890,76,1,0.06813348281915665,0.0,0.0,0,False,0.8659468293190002,0.5219448804855347,-0.683051586151123,0.7764119505882263,-0.6780897378921509,-0.683051586151123,0.7199500203132629,-0.6738771200180054,-0.683051586151123,0.8094848394393921,0.5261574983596802,-0.683051586151123
4332,976992890,76,2,0.4837051630350935,0.0,0.0,0,False,0.8477407693862915,-0.7783392667770386,-0.778785228729248,0.9651495814323425,0.7952839732170105,-0.778785228729248,1.2708309888839722,0.7724769115447998,-0.778785228729248,1.153422236442566,-0.8011463284492493,-0.778785228729248
4332,976992890,76,3,3.1959581264640278,0.0,0.0,0,False,0.8089206218719482,0.7778422236442566,-0.507116436958313,0.6823775768280029,-0.9182068109512329,-0.507116436958313,-1.1915456056594849,-0.7783925533294678,-0.507116436958313,-1.0650025606155396,0.9176564812660217,-0.507116436958313
4333,77051192,77,0,0.3471338329965611,0.6935747265815735,6.938893903907228e-18,1,True,0.0010000000474974513,0.0,0.0,-0.999081552028656,-0.04284921661019325,0.0,-0.999081552028656,-0.04284921661019325,-0.6935747265815735,-0.999081552028656,-0.04284921661019325,-0.6935747265815735
4333,77051192,77,1,0.2658323737125263,0.0,0.0,0,False,0.7920183539390564,0.7888786792755127,-0.641349196434021,0.8463167548179626,-0.4771557152271271,-0.641349196434021,0.6367298364639282,-0.48614463210105896,-0.641349196434021,0.5824313759803772,0.7798898220062256,-0.641349196434021
4333,77051192,77,2,2.8662596357333463,0.0,0.0,0,False,-1.1024527549743652,-0.854945719242096,-0.5117014050483704,-1.1725685596466064,0.7798898220062256,-0.5117014050483704,0.5774527788162231,0.854945719242096,-0.5117014050483704,0.6475685238838196,-0.7798898220062256,-0.5117014050483704
4333,77051192,77,3,0.5889946863139599,0.0,0.0,0,False,0.860309362411499,-0.793282151222229,-0.7635747194290161,0.7933332324028015,0.7683485746383667,-0.7635747194290161,1.1698071956634521,0.7844949960708618,-0.7635747194290161,1.2367832660675049,-0.7771357297897339,-0.7635747194290161
4333,176902702,78,0,0.6922200246015087,0.6918849349021912,0.0,1,True,1.0010000467300415,0.0,0.0,-0.9999371767044067,0.011210696771740913,0.0,-0.9999371767044067,0.011210696771740913,-0.6918849349021912,-0.9999371767044067,0.011210696771740913,-0.6918849349021912
4333,176902702,78,1,0.17272221622576467,0.0,0.0,0,False,0.8546178936958313,0.5243316292762756,-0.6811397075653076,0.8399962782859802,-0.7798317670822144,-0.6811397075653076,0.7075738310813904,-0.7783471345901489,-0.6811397075653076,0.7221954464912415,0.5258162617683411,-0.6811397075653076
4333,176902702,78,2,0.3428771035566234,0.0,0.0,0,False,0.7074782848358154,0.7791314721107483,-0.5887811183929443,0.6899717450141907,-0.7823540568351746,-0.5887811183929443,0.4704154431819916,-0.7798925638198853,-0.5887811183929443,0.48792195320129395,0.7815929651260376,-0.5887811183929443
4333,176902702,78,3,0.5093608730292836,0.0,0.0,0,False,1.1868150234222412,0.7798115611076355,-0.7618849277496338,1.1693029403686523,-0.7821784019470215,-0.7618849277496338,0.8432465195655823,-0.7785228490829468,-0.7618849277496338,0.8607586026191711,0.7834671139717102,-0.7618849277496338
4333,176902702,78,4,2.5589928841837963,0.0,0.0,0,False,0.4833611845970154,0.7797942161560059,-0.5037656426429749,0.46567368507385254,-0.7978337407112122,-0.5037656426429749,-1.1561733484268188,-0.7796505093574524,-0.5037656426429749,-1.1384859085083008,0.7979774475097656,-0.5037656426429749
4333,276963337,79,0,1.0421030721554432,0.6945559978485107,0.0,1,True,2.000999927520752,0.0,0.0,-0.9996623992919922,0.025982236489653587,0.0,-0.9996623992919922,0.025982236489653587,-0.6945559978485107,-0.9996623992919922,0.025982236489653587,-0.6945559978485107
4333,276963337,79,1,0.22696532652561618,0.0,0.0,0,False,0.9627475142478943,0.7814880609512329,-0.6919772624969482,0.9298588633537292,-0.4838950037956238,-0.6919772624969482,0.7506150603294373,-0.47923627495765686,-0.6919772624969482,0.7835036516189575,0.7861467599868774,-0.6919772624969482
4333,276963337,79,2,0.2967963978324173,0.0,0.0,0,False,0.7484307885169983,0.41965094208717346,-0.6073564291000366,0.7171006202697754,-0.7857725620269775,-0.6073564291000366,0.47104930877685547,-0.7793774604797363,-0.6073564291000366,0.5023794770240784,0.42604607343673706,-0.6073564291000366
4333,276963337,79,3,0.35017225094532733,0.0,0.0,0,False,0.9223193526268005,-0.7755118608474731,-0.7645559906959534,0.9592810273170471,0.6465781927108765,-0.7645559906959534,1.205352544784546,0.6401825547218323,-0.7645559906959534,1.1683908700942993,-0.7819074988365173,-0.7645559906959534
4333,276963337,79,4,0.5507459349186776,0.0,0.0,0,False,0.4789165258407593,0.4383125603199005,-0.5082025527954102,-1.1327921152114868,0.4802025556564331,-0.5082025527954102,-1.123916506767273,0.8216874599456787,-0.5082025527954102,0.48779207468032837,0.7797974348068237,-0.5082025527954102
4333,276963337,79,5,2.6298606558030224,0.0,0.0,0,False,0.510778546333313,0.77920001745224,-0.5082025527954102,0.46914610266685486,-0.8226029872894287,-0.5082025527954102,-1.1715583801269531,-0.7799594402313232,-0.5082025527954102,-1.1299258470535278,0.8218435645103455,-0.5082025527954102
4333,377072972,80,0,0.3541385520817437,0.7075704336166382,0.0,1,True,0.0010000000474974513,0.0,0.0,-0.9987217783927917,-0.05054522305727005,0.0,-0.9987217783927917,-0.05054522305727005,-0.7075704336166382,-0.9987217783927917,-0.05054522305727005,-0.7075704336166382
4333,377072972,80,1,0.11447783423734137,0.0,0.0,0,False,0.8067594170570374,0.27439090609550476,-0.6748743057250977,0.855191707611084,-0.6825818419456482,-0.6748743057250977,0.7358723878860474,-0.6886205673217773,-0.6748743057250977,0.687440037727356,0.2683521509170532,-0.6748743057250977
4333,377072972,80,2,2.737853790514613,0.0,0.0,0,False,-1.0732539892196655,-0.8532961010932922,-0.5041543841362,-1.1558361053466797,0.7784393429756165,-0.5041543841362,0.5177556872367859,0.863139808177948,-0.5041543841362,0.6003378033638,-0.7685956358909607,-0.5041543841362
4333,377072972,80,3,0.605626136416582,0.0,0.0,0,False,0.8614701628684998,-0.7956147193908691,-0.7775704264640808,0.782528817653656,0.7641857862472534,-0.7775704264640808,1.1698083877563477,0.7837859988212585,-0.7775704264640808,1.2487497329711914,-0.776014506816864,-0.7775704264640808
4333,476944024,81,0,0.3526252305963364,0.7045460343360901,0.0,1,True,0.0010000000474974513,0.0,0.0,-0.9998070597648621,0.01964409276843071,0.0,-0.9998070597648621,0.01964409276843071,-0.7045460343360901,-0.9998070597648621,0.01964409276843071,-0.7045460343360901
4333,476944024,81,1,0.1665679660459265,0.0,0.0,0,False,0.7879311442375183,0.77866530418396,-0.6319251656532288,0.7634732127189636,-0.46614891290664673,-0.6319251656532288,0.6297153234481812,-0.463520884513855,-0.6319251656532288,0.6541733145713806,0.7812933921813965,-0.6319251656532288
4333,476944024,81,2,2.7212251973486037,0.0,0.0,0,False,-1.1650828123092651,-0.779212474822998,-0.5042893290519714,-1.1337897777557373,0.8134758472442627,-0.5042893290519714,0.5741244554519653,0.7799189686775208,-0.5042893290519714,0.5428314805030823,-0.81276935338974,-0.5042893290519714
4333,476944024,81,3,0.20030535189353316,0.0,0.0,0,False,0.7626588940620422,-0.5525962710380554,-0.7038041353225708,0.7888960242271423,0.7827723622322083,-0.7038041353225708,0.9388381838798523,0.7798263430595398,-0.7038041353225708,0.9126010537147522,-0.5555422902107239,-0.7038041353225708
4333,476944024,81,4,0.37117307733448435,0.0,0.0,0,False,0.9132481813430786,-0.6726078391075134,-0.7745460271835327,0.9418768286705017,0.7844821214675903,-0.7745460271835327,1.196514368057251,0.7794790267944336,-0.7745460271835327,1.1678857803344727,-0.6776109337806702,-0.7745460271835327
4333,577014867,82,0,1.1169579608249114,0.7454423904418945,1.3877787807814457e-17,1,True,2.000999927520752,0.0,0.0,-0.9936536550521851,-0.11248309910297394,0.0,-0.9936536550521851,-0.11248309910297394,-0.7454423904418945,-0.9936536550521851,-0.11248309910297394,-0.7454423904418945
4333,577014867,82,1,0.2121232580092034,0.0,0.0,0,False,0.7784693837165833,0.34680697321891785,-0.6570477485656738,0.9068983197212219,-0.78770911693573,-0.6570477485656738,0.7222915291786194,-0.8086069226264954,-0.6570477485656738,0.5938625931739807,0.32590919733047485,-0.6570477485656738
4333,577014867,82,2,0.2647507372446647,0.0,0.0,0,False,1.1388620138168335,0.7883612513542175,-0.8154423832893372,1.290509581565857,-0.5512640476226807,-0.8154423832893372,1.0953797101974487,-0.5733530521392822,-0.8154423832893372,0.9437320232391357,0.766272246837616,-0.8154423832893372
4333,577014867,82,3,0.20763908054334035,0.0,0.0,0,False,0.9053471088409424,-0.7397709488868713,-0.7370442152023315,0.7853323817253113,0.32041552662849426,-0.7370442152023315,0.978705883026123,0.3423056900501251,-0.7370442152023315,1.0987205505371094,-0.7178807854652405,-0.7370442152023315
4333,577014867,82,4,1.1215801192973478,0.0,0.0,0,False,0.6140337586402893,0.3310146927833557,-0.5055186748504639,-1.1089805364608765,0.13596680760383606,-0.5055186748504639,-1.181735634803772,0.7786715030670166,-0.5055186748504639,0.541278600692749,0.9737194180488586,-0.5055186748504639
4333,577014867,82,5,3.024525741445437,0.0,0.0,0,False,0.5194836258888245,0.9712521433830261,-0.5055186748504639,0.7171873450279236,-0.7752242684364319,-0.5055186748504639,-0.9926886558532715,-0.9687848091125488,-0.5055186748504639,-1.1903923749923706,0.7776916027069092,-0.5055186748504639
4333,676956794,83,0,2.096623338815709,0.6987724900245667,0.0,1,True,5.000999927520752,0.0,0.0,-0.9998506307601929,0.017282763496041298,0.0,-0.9998506307601929,0.017282763496041298,-0.6987724900245667,-0.9998506307601929,0.017282763496041298,-0.6987724900245667
4333,676956794,83,1,0.19816548086064056,0.0,0.0,0,False,0.7608188390731812,-0.7796683311462402,-0.7013848423957825,0.7807910442352295,0.3757641315460205,-0.7013848423957825,0.9522474408149719,0.37280043959617615,-0.7013848423957825,0.9322752356529236,-0.782632052898407,-0.7013848423957825
4333,676956794,83,2,0.03190181480682708,0.0,0.0,0,False,0.45853784680366516,-0.25385117530822754,-0.5584014654159546,0.46683233976364136,0.2260054498910904,-0.5584014654159546,0.5332944393157959,0.22485662996768951,-0.5584014654159546,0.5249999761581421,-0.2549999952316284,-0.5584014654159546
4333,676956794,83,3,0.3705147868530503,0.0,0.0,0,False,0.9328397512435913,-0.7784934043884277,-0.7687724828720093,0.9598418474197388,0.7836326360702515,-0.7687724828720093,1.1969572305679321,0.7795339822769165,-0.7687724828720093,1.1699551343917847,-0.7825920581817627,-0.7687724828720093
4333,676956794,83,4,0.16273786717148297,0.0,0.0,0,False,0.6533284783363342,0.6745967864990234,-0.504720151424408,0.6281542181968689,-0.7817830443382263,-0.504720151424408,0.5164462327957153,-0.7798520922660828,-0.504720151424408,0.5416204929351807,0.676527738571167,-0.504720151424408
4333,676956794,83,5,0.679001965395905,0.0,0.0,0,False,0.6284524202346802,0.3904687464237213,-0.504720151424408,-1.1309481859207153,0.4208807051181793,-0.504720151424408,-1.124279260635376,0.806693434715271,-0.504720151424408,0.6351213455200195,0.776281476020813,-0.504720151424408
4333,676956794,83,6,2.546252401910583,0.0,0.0,0,False,0.4753546714782715,0.7790430784225464,-0.504720151424408,0.447936087846756,-0.8071886897087097,-0.504720151424408,-1.156805396080017,-0.7794501185417175,-0.504720151424408,-1.1293867826461792,0.8067815899848938,-0.504720151424408
4333,676956794,83,7,0.9729336676483236,0.0,0.0,0,False,-1.147383689880371,-0.23438924551010132,-0.504720151424408,0.6370829343795776,-0.2652343511581421,-0.504720151424408,0.627661406993866,-0.8102952837944031,-0.504720151424408,-1.1568052768707275,-0.7794501781463623,-0.504720151424408
4333,676956794,83,8,0.9424559630831024,0.0,0.0,0,False,0.6258648633956909,0.2407727986574173,-0.504720151424408,-1.1335358619689941,0.27118462324142456,-0.504720151424408,-1.1242793798446655,0.8066933751106262,-0.504720151424408,0.6351212859153748,0.7762815356254578,-0.504720151424408
4333,776942179,84,0,2.808478254139508,0.7020678520202637,3.469446951953614e-18,1,True,7.000999927520752,0.0,0.0,-0.9995306730270386,-0.03063373640179634,0.0,-0.9995306730270386,-0.03063373640179634,-0.7020678520202637,-0.9995306730270386,-0.03063373640179634,-0.7020678520202637
4333,776942179,84,1,0.028406311919807248,0.0,0.0,0,False,0.7465438842773438,0.07627325505018234,-0.6596996784210205,0.7650281190872192,-0.5268380045890808,-0.6596996784210205,0.7179726958274841,-0.5282801389694214,-0.6596996784210205,0.6994884610176086,0.07483109086751938,-0.6596996784210205
4333,776942179,84,2,0.443896620138446,0.0,0.0,0,False,1.1699155569076538,0.7827556729316711,-0.7720678448677063,1.2177239656448364,-0.7771581411361694,-0.7720678448677063,0.9334262013435364,-0.7858713269233704,-0.7720678448677063,0.885617733001709,0.7740424871444702,-0.7720678448677063
4333,776942179,84,3,0.033175382059489555,0.0,0.0,0,False,0.5399718284606934,0.22545884549617767,-0.5686410665512085,0.5546691417694092,-0.25409066677093506,-0.5686410665512085,0.4855537414550781,-0.2562089264392853,-0.5686410665512085,0.4708564579486847,0.22334058582782745,-0.5686410665512085
4333,776942179,84,4,0.115704954181294,0.0,0.0,0,False,0.7935675382614136,0.33731162548065186,-0.5048159956932068,0.5369696617126465,0.32944735884666443,-0.5048159956932068,0.5231627821922302,0.7799436450004578,-0.5048159956932068,0.7797605991363525,0.7878078818321228,-0.5048159956932068
4333,776942179,84,5,0.06863869018584268,0.0,0.0,0,False,0.7108218669891357,-0.3305307924747467,-0.5048159956932068,0.724592924118042,-0.7798591256141663,-0.5048159956932068,0.5719778537750244,-0.7845365405082703,-0.5048159956932068,0.5582067966461182,-0.3352081775665283,-0.5048159956932068
4333,776942179,84,6,0.49739193528288617,0.0,0.0,0,False,-1.130506157875061,-0.5853393077850342,-0.5048159956932068,0.823175311088562,-0.5254637002944946,-0.5048159956932068,0.8309705853462219,-0.7798169255256653,-0.5048159956932068,-1.122710943222046,-0.8396925330162048,-0.5048159956932068
4333,776942179,84,7,0.06840287117119104,0.0,0.0,0,False,0.5369696617126465,0.3294473886489868,-0.5048159956932068,0.5231627821922302,0.7799436450004578,-0.5048159956932068,0.6748592257499695,0.784592866897583,-0.5048159956932068,0.6886661052703857,0.33409661054611206,-0.5048159956932068
4333,776942179,84,8,1.1735222348603402,0.0,0.0,0,False,0.7967246770858765,0.2343001365661621,-0.5048159956932068,-1.1546603441238403,0.17449374496936798,-0.5048159956932068,-1.1730742454528809,0.7753085494041443,-0.5048159956932068,0.7783107757568359,0.8351148962974548,-0.5048159956932068
4333,776942179,84,9,2.6031106687530583,0.0,0.0,0,False,0.44781994819641113,0.8249858617782593,-0.5048159956932068,0.496993750333786,-0.7794791460037231,-0.5048159956932068,-1.1239004135131836,-0.8291564583778381,-0.5048159956932068,-1.1730741262435913,0.7753084897994995,-0.5048159956932068
4333,776942179,84,10,0.9786947535140911,0.0,0.0,0,False,-1.1390304565429688,-0.30720776319503784,-0.5048159956932068,0.7083717584609985,-0.2505882978439331,-0.5048159956932068,0.724592924118042,-0.7798592448234558,-0.5048159956932068,-1.1228092908859253,-0.8364787101745605,-0.5048159956932068
4333,877053855,85,0,0.3468444640190741,0.6929959654808044,1.734723475976807e-18,1,True,0.0010000000474974513,0.0,0.0,-0.9999363422393799,0.0112845990806818,0.0,-0.9999363422393799,0.0112845990806818,-0.6929959654808044,-0.9999363422393799,0.0112845990806818,-0.6929959654808044
4333,877053855,85,1,0.49187002974687744,0.0,0.0,0,False,1.1859104633331299,0.779820442199707,-0.7629959583282471,1.168259620666504,-0.7842124700546265,-0.7629959583282471,0.8538113832473755,-0.780663788318634,-0.7629959583282471,0.8714622259140015,0.7833691239356995,-0.7629959583282471
4333,877053855,85,2,2.9655357957759847,0.0,0.0,0,False,-1.15618097782135,-0.7796480655670166,-0.5049314498901367,-1.138343095779419,0.8009721040725708,-0.5049314498901367,0.737602949142456,0.7798014283180237,-0.5049314498901367,0.7197650671005249,-0.8008187413215637,-0.5049314498901367
4333,977069574,86,0,0.35535153910576495,0.7099930644035339,0.0,1,True,0.0010000000474974513,0.0,0.0,-0.9999996423721313,0.0008799814968369901,0.0,-0.9999996423721313,0.0008799814968369901,-0.7099930644035339,-0.9999996423721313,0.0008799814968369901,-0.7099930644035339
4333,977069574,86,1,0.3758208550353501,0.0,0.0,0,False,0.9291155338287354,-0.7799596190452576,-0.7799930572509766,0.9304887056350708,0.7802107930183411,-0.7799930572509766,1.1713730096817017,0.779998779296875,-0.7799930572509766,1.1699998378753662,-0.7801716327667236,-0.7799930572509766
4333,977069574,86,2,2.883337433500813,0.0,0.0,0,False,-1.1263729333877563,-0.779998779296875,-0.5056891441345215,-1.124998688697815,0.7816236019134521,-0.5056891441345215,0.7213729023933411,0.7799988389015198,-0.5056891441345215,0.7199986577033997,-0.7816235423088074,-0.5056891441345215
4334,77279542,87,0,1.044447580498735,0.6962735056877136,0.0,1,True,2.000999927520752,0.0,0.0,-0.9986613392829895,-0.05172548070549965,0.0,-0.9986613392829895,-0.05172548070549965,-0.6962735056877136,-0.9986613392829895,-0.05172548070549965,-0.6962735056877136
4334,77279542,87,1,0.2491229557568886,0.0,0.0,0,False,0.6918216347694397,0.41364049911499023,-0.5942625403404236,0.7534357905387878,-0.7759373784065247,-0.5942625403404236,0.5445747971534729,-0.7867553234100342,-0.5942625403404236,0.48296064138412476,0.4028225541114807,-0.5942625403404236
4334,77279542,87,2,0.48374166897047743,0.0,0.0,0,False,1.169478178024292,0.7900729179382324,-0.7662734985351562,1.250342845916748,-0.7711771130561829,-0.7662734985351562,0.941329300403595,-0.7871823906898499,-0.7662734985351562,0.8604646325111389,0.7740676403045654,-0.7662734985351562
4334,77279542,87,3,0.7628378663644124,0.0,0.0,0,False,0.5412530899047852,0.4062034785747528,-0.5048336386680603,-1.1167298555374146,0.32032832503318787,-0.5048336386680603,-1.140496850013733,0.7791972756385803,-0.5048336386680603,0.5174859762191772,0.8650724291801453,-0.5048336386680603
4334,77279542,87,4,2.646797802839159,0.0,0.0,0,False,0.45859768986701965,0.8620223999023438,-0.5048336386680603,0.5433154106140137,-0.773612916469574,-0.5048336386680603,-1.0705628395080566,-0.8572036623954773,-0.5048336386680603,-1.1552804708480835,0.7784316539764404,-0.5048336386680603
4334,177093719,88,0,1.4092411148615545,0.7044447660446167,0.0,1,True,3.000999927520752,0.0,0.0,-0.9999976754188538,0.002156435512006283,0.0,-0.9999976754188538,0.002156435512006283,-0.7044447660446167,-0.9999976754188538,0.002156435512006283,-0.7044447660446167
4334,177093719,88,1,0.15507136278391087,0.0,0.0,0,False,0.6729306578636169,-0.5546720623970032,-0.6651172041893005,0.6751295328140259,0.4650644063949585,-0.6651172041893005,0.82719886302948,0.4647365212440491,-0.6651172041893005,0.824999988079071,-0.5549999475479126,-0.6651172041893005
4334,177093719,88,2,0.38483215277134875,0.0,0.0,0,False,0.9233934283256531,-0.7799858450889587,-0.7744447588920593,0.9267587065696716,0.780524492263794,-0.7744447588920593,1.1733641624450684,0.7799926996231079,-0.7744447588920593,1.1699988842010498,-0.7805176377296448,-0.7744447588920593
4334,177093719,88,3,2.8161366007534525,0.0,0.0,0,False,0.6757439374923706,0.7799983620643616,-0.5091075897216797,0.6723717451095581,-0.7838757038116455,-0.5091075897216797,-1.1283637285232544,-0.7799927592277527,-0.5091075897216797,-1.124991536140442,0.7838813066482544,-0.5091075897216797
4334,177093719,88,4,0.4324224697222192,0.0,0.0,0,False,-1.124963402748108,-0.5530595183372498,-0.5091075897216797,0.7804803848266602,-0.5571679472923279,-0.5091075897216797,0.7799910306930542,-0.7841074466705322,-0.5091075897216797,-1.1254527568817139,-0.7799990177154541,-0.5091075897216797
4334,177093719,88,5,0.5794597924045943,0.0,0.0,0,False,0.7797970771789551,0.4758929908275604,-0.5091075897216797,-1.1256468296051025,0.48000141978263855,-0.5091075897216797,-1.1249911785125732,0.784107506275177,-0.5091075897216797,0.7804527878761292,0.7799990773200989,-0.5091075897216797
4334,276966229,89,0,0.3455745674565441,0.6904587745666504,3.469446951953614e-18,1,True,0.0010000000474974513,0.0,0.0,-0.9998579025268555,-0.016857445240020752,0.0,-0.9998579025268555,-0.016857445240020752,-0.6904587745666504,-0.9998579025268555,-0.016857445240020752,-0.6904587745666504
4334,276966229,89,1,0.22804749324527762,0.0,0.0,0,False,0.8249829411506653,0.7810112237930298,-0.6592189073562622,0.8512639999389648,-0.7777868509292603,-0.6592189073562622,0.7050085663795471,-0.7802526950836182,-0.6592189073562622,0.6787275075912476,0.7785453796386719,-0.6592189073562622
4334,276966229,89,2,2.7903157588618903,0.0,0.0,0,False,0.6529812216758728,0.8107351064682007,-0.5087239146232605,0.6797141432762146,-0.7748625874519348,-0.5087239146232605,-1.0795737504959106,-0.8045238256454468,-0.5087239146232605,-1.1063066720962524,0.7810738682746887,-0.5087239146232605
4334,276966229,89,3,0.508060141544938,0.0,0.0,0,False,0.8700171113014221,-0.781011164188385,-0.760458767414093,0.8437658548355103,0.7760170698165894,-0.760458767414093,1.1699743270874023,0.7815169095993042,-0.760458767414093,1.1962255239486694,-0.7755113840103149,-0.760458767414093
4334,376992156,90,0,1.0454637300714358,0.696747362613678,0.0,1,True,2.000999927520752,0.0,0.0,-0.9999756217002869,-0.006983187515288591,0.0,-0.9999756217002869,-0.006983187515288591,-0.696747362613678,-0.9999756217002869,-0.006983187515288591,-0.696747362613678
4334,376992156,90,1,0.11347757060915065,0.0,0.0,0,False,0.8662269711494446,0.4202879071235657,-0.6896982192993164,0.8738734126091003,-0.6746587753295898,-0.6896982192993164,0.7702409029006958,-0.6753824353218079,-0.6896982192993164,0.7625945210456848,0.4195641875267029,-0.6896982192993164
4334,376992156,90,2,0.4751310428227171,0.0,0.0,0,False,0.874935507774353,-0.7817462682723999,-0.7667473554611206,0.8640390038490295,0.7785965800285339,-0.7667473554611206,1.168528437614441,0.780722975730896,-0.7667473554611206,1.1794248819351196,-0.7796199321746826,-0.7667473554611206
4334,376992156,90,3,0.7089381535642598,0.0,0.0,0,False,0.7820846438407898,0.42148110270500183,-0.5077043771743774,-1.1244983673095703,0.40816640853881836,-0.5077043771743774,-1.1270949840545654,0.7799853086471558,-0.5077043771743774,0.7794880867004395,0.7932999730110168,-0.5077043771743774
4334,376992156,90,4,2.918964214421818,0.0,0.0,0,False,0.7199100852012634,0.792883574962616,-0.5077043771743774,0.7308935523033142,-0.7799239754676819,-0.5077043771743774,-1.1249101161956787,-0.7928836345672607,-0.5077043771743774,-1.13589346408844,0.7799238562583923,-0.5077043771743774
4334,476922707,91,0,0.6917225370198746,0.6914576888084412,3.469446951953614e-18,1,True,1.0010000467300415,0.0,0.0,-0.9995322823524475,-0.03058132715523243,0.0,-0.9995322823524475,-0.03058132715523243,-0.6914576888084412,-0.9995322823524475,-0.03058132715523243,-0.6914576888084412
4334,476922707,91,1,0.1660884565069889,0.0,0.0,0,False,0.7370631098747253,-0.6776905059814453,-0.6834349036216736,0.7034936547279358,0.41949498653411865,-0.6834349036216736,0.8547289371490479,0.424122154712677,-0.6834349036216736,0.8882983326911926,-0.673063337802887,-0.6834349036216736
4334,476922707,91,2,0.8057284480343228,0.0,0.0,0,False,0.5844950079917908,0.7923757433891296,-0.509013295173645,0.6325863599777222,-0.7794619202613831,-0.509013295173645,0.12046293169260025,-0.7951306700706482,-0.509013295173645,0.07237154990434647,0.7767069935798645,-0.509013295173645
4334,476922707,91,3,0.5037701540258865,0.0,0.0,0,False,0.8950400948524475,-0.7884126305580139,-0.7614576816558838,0.8473129868507385,0.7715039253234863,-0.7614576816558838,1.1699578762054443,0.781375527381897,-0.7614576816558838,1.2176848649978638,-0.7785410284996033,-0.7614576816558838
4334,476922707,91,4,1.9877631958457442,0.0,0.0,0,False,0.07062612473964691,0.8179576992988586,-0.5072696805000305,0.11947502940893173,-0.7786391973495483,-0.5072696805000305,-1.1243606805801392,-0.8166951537132263,-0.5072696805000305,-1.173209547996521,0.7799017429351807,-0.5072696805000305
4334,576998801,92,0,1.40304457411399,0.7013495564460754,0.0,1,True,3.000999927520752,0.0,0.0,-0.9999802708625793,0.006283703725785017,0.0,-0.9999802708625793,0.006283703725785017,-0.7013495564460754,-0.9999802708625793,0.006283703725785017,-0.7013495564460754
4334,576998801,92,1,0.1844698566913383,0.0,0.0,0,False,0.6697227358818054,-0.4647783041000366,-0.6692966222763062,0.6756675839424133,0.4812212288379669,-0.6692966222763062,0.8706598281860352,0.47999584674835205,-0.6692966222763062,0.8647149801254272,-0.4660036861896515,-0.6692966222763062
4334,576998801,92,2,0.4878813083970108,0.0,0.0,0,False,0.8630313277244568,-0.7789193987846375,-0.7713495492935181,0.8728378415107727,0.781584620475769,-0.7713495492935181,1.1854689121246338,0.7796199917793274,-0.7713495492935181,1.1756623983383179,-0.7808840274810791,-0.7713495492935181
4334,576998801,92,3,2.83165560603938,0.0,0.0,0,False,0.6771680116653442,0.7799863219261169,-0.5080575942993164,0.6672939658164978,-0.7912631630897522,-0.5080575942993164,-1.1348029375076294,-0.7799383997917175,-0.5080575942993164,-1.1249288320541382,0.7913110852241516,-0.5080575942993164
4334,576998801,92,4,0.6072098297588999,0.0,0.0,0,False,-1.1239862442016602,-0.4686947166919708,-0.5080575942993164,0.82650226354599,-0.48095208406448364,-0.5080575942993164,0.8245459794998169,-0.792251467704773,-0.5080575942993164,-1.125942587852478,-0.7799940705299377,-0.5080575942993164
4334,576998801,92,5,0.5769653696672501,0.0,0.0,0,False,0.8244615197181702,0.48431211709976196,-0.5080575942993164,-1.1267812252044678,0.4965742528438568,-0.5080575942993164,-1.1249231100082397,0.7922537922859192,-0.5080575942993164,0.8263196349143982,0.7799916863441467,-0.5080575942993164
4334,676955602,93,0,1.0531729532873868,0.7020989656448364,0.0,1,True,2.000999927520752,0.0,0.0,-0.9986052513122559,-0.05279775336384773,0.0,-0.9986052513122559,-0.05279775336384773,-0.7020989656448364,-0.9986052513122559,-0.05279775336384773,-0.7020989656448364
4334,676955602,93,1,0.18055304224944901,0.0,0.0,0,False,0.6750000715255737,0.4050000011920929,-0.5960314273834229,0.7376036047935486,-0.7790693640708923,-0.5960314273834229,0.5855435132980347,-0.7871090173721313,-0.5960314273834229,0.522939920425415,0.3969603478908539,-0.5960314273834229
4334,676955602,93,2,0.556148405892051,0.0,0.0,0,False,0.8492695093154907,-0.6390267610549927,-0.772098958492279,0.7749702334403992,0.7662518620491028,-0.772098958492279,1.1696237325668335,0.7871177792549133,-0.772098958492279,1.2439229488372803,-0.6181608438491821,-0.772098958492279
4334,676955602,93,3,0.7778199753854267,0.0,0.0,0,False,0.5419354438781738,0.39968758821487427,-0.5034030675888062,-1.1184914112091064,0.31189829111099243,-0.5034030675888062,-1.143189787864685,0.7790382504463196,-0.5034030675888062,0.5172370076179504,0.8668275475502014,-0.5034030675888062
4334,676955602,93,4,2.718446357608066,0.0,0.0,0,False,0.4966745376586914,0.8657404780387878,-0.5034030675888062,0.5832310914993286,-0.7713697552680969,-0.5034030675888062,-1.072655200958252,-0.8589190244674683,-0.5034030675888062,-1.1592117547988892,0.7781912088394165,-0.5034030675888062
4334,776892279,94,0,1.7099186592824513,0.683849036693573,0.0,1,True,4.000999927520752,0.0,0.0,-0.9998324513435364,0.018306424841284752,0.0,-0.9998324513435364,0.018306424841284752,-0.683849036693573,-0.9998324513435364,0.018306424841284752,-0.683849036693573
4334,776892279,94,1,0.09811507354108784,0.0,0.0,0,False,0.8708086609840393,0.5241612792015076,-0.6863180994987488,0.852398693561554,-0.481325626373291,-0.6863180994987488,0.754851758480072,-0.47953957319259644,-0.6863180994987488,0.7732616662979126,0.5259472727775574,-0.6863180994987488
4334,776892279,94,2,0.44802460793751386,0.0,0.0,0,False,1.19608736038208,0.7197970151901245,-0.7538490295410156,1.1699849367141724,-0.7058236598968506,-0.7538490295410156,0.8558239340782166,-0.7000715136528015,-0.7538490295410156,0.8819262981414795,0.7255491614341736,-0.7538490295410156
4334,776892279,94,3,0.4672789311598251,0.0,0.0,0,False,0.7793616056442261,0.5351329445838928,-0.5044633746147156,-1.1288436651229858,0.5700703859329224,-0.5044633746147156,-1.1243616342544556,0.8148670792579651,-0.5044633746147156,0.7838436365127563,0.7799296379089355,-0.5044633746147156
4334,776892279,94,4,3.024903416986909,0.0,0.0,0,False,0.769652247428894,0.7790910005569458,-0.5044633746147156,0.7404807806015015,-0.8141558766365051,-0.5044633746147156,-1.1574609279632568,-0.7794055938720703,-0.5044633746147156,-1.1282894611358643,0.8138412833213806,-0.5044633746147156
4334,776892279,94,5,0.6453728151034062,0.0,0.0,0,False,-1.1513584852218628,-0.4461161494255066,-0.5044633746147156,0.784365713596344,-0.4815586507320404,-0.5044633746147156,0.77826327085495,-0.8148481249809265,-0.5044633746147156,-1.1574609279632568,-0.7794056534767151,-0.5044633746147156
4334,776892279,94,6,0.22445251988154702,0.0,0.0,0,False,-1.154788851737976,-0.6634688973426819,-0.5044633746147156,0.7803862690925598,-0.6989010572433472,-0.5044633746147156,0.7782633304595947,-0.8148478269577026,-0.5044633746147156,-1.1569117307662964,-0.7794156670570374,-0.5044633746147156
4334,876951164,95,0,1.405115920854208,0.7028606534004211,1.3877787807814457e-17,1,True,3.000999927520752,0.0,0.0,-0.9963714480400085,-0.08511156588792801,0.0,-0.9963714480400085,-0.08511156588792801,-0.7028606534004211,-0.9963714480400085,-0.08511156588792801,-0.7028606534004211
4334,876951164,95,1,0.2665649260074616,0.0,0.0,0,False,0.658370852470398,0.793955385684967,-0.6047849655151367,0.7604919672012329,-0.401541143655777,-0.6047849655151367,0.5391329526901245,-0.42044997215270996,-0.6047849655151367,0.43701183795928955,0.7750465869903564,-0.6047849655151367
4334,876951164,95,2,0.32498211020834944,0.0,0.0,0,False,0.794679582118988,-0.7992473244667053,-0.6937798857688904,0.6800553798675537,0.5426186323165894,-0.6937798857688904,0.9204877018928528,0.5631567239761353,-0.6937798857688904,1.035111904144287,-0.7787092328071594,-0.6937798857688904
4334,876951164,95,3,0.2786837521738139,0.0,0.0,0,False,1.0204554796218872,-0.5789303779602051,-0.7728606462478638,0.9045591950416565,0.7778269052505493,-0.7728606462478638,1.1084755659103394,0.7952457070350647,-0.7728606462478638,1.2243717908859253,-0.5615115165710449,-0.7728606462478638
4334,876951164,95,4,0.21762839814510304,0.0,0.0,0,False,0.4204157888889313,0.7751323580741882,-0.508797824382782,-1.1695146560668945,0.6393182873725891,-0.508797824382782,-1.1811223030090332,0.7752059102058411,-0.508797824382782,0.4088080823421478,0.911020040512085,-0.508797824382782
4334,876951164,95,5,2.717730829256367,0.0,0.0,0,False,0.42512401938438416,0.9124139547348022,-0.508797824382782,0.5686082243919373,-0.7673056721687317,-0.508797824382782,-1.0376381874084473,-0.9045136570930481,-0.508797824382782,-1.1811224222183228,0.7752059698104858,-0.508797824382782
4334,876951164,95,6,0.5563656166062358,0.0,0.0,0,False,-1.0391254425048828,-0.5561041831970215,-0.508797824382782,0.5571651458740234,-0.4197465777397156,-0.508797824382782,0.5867220163345337,-0.7657583355903625,-0.508797824382782,-1.0095685720443726,-0.9021159410476685,-0.508797824382782
4334,976918758,96,0,2.0458386378440414,0.681914746761322,0.0,1,True,5.000999927520752,0.0,0.0,-0.9991323947906494,0.04164750874042511,0.0,-0.9991323947906494,0.04164750874042511,-0.681914746761322,-0.9991323947906494,0.04164750874042511,-0.681914746761322
4334,976918758,96,1,0.07977287513472064,0.0,0.0,0,False,0.6150520443916321,0.43749889731407166,-0.5704501867294312,0.5873283743858337,-0.22759810090065002,-0.5704501867294312,0.4675946831703186,-0.22260715067386627,-0.5704501867294312,0.49531838297843933,0.4424898326396942,-0.5704501867294312
4334,976918758,96,2,0.2714243303146233,0.0,0.0,0,False,0.6507092714309692,-0.46273696422576904,-0.6693893074989319,0.702879786491394,0.788841962814331,-0.6693893074989319,0.9193691611289978,0.7798178791999817,-0.6693893074989319,0.867198646068573,-0.4717610478401184,-0.6693893074989319
4334,976918758,96,3,0.4623382395993225,0.0,0.0,0,False,0.8586611151695251,-0.6920221447944641,-0.7519147396087646,0.9204540848731995,0.7904019951820374,-0.7519147396087646,1.2317930459976196,0.7774242162704468,-0.7519147396087646,1.1699999570846558,-0.7049999237060547,-0.7519147396087646
4334,976918758,96,4,0.5869709387818123,0.0,0.0,0,False,0.6731787919998169,0.4363081157207489,-0.5091732144355774,-1.088763952255249,0.5097522735595703,-0.5091732144355774,-1.0749017000198364,0.8423129320144653,-0.5091732144355774,0.687041163444519,0.7688687443733215,-0.5091732144355774
4334,976918758,96,5,2.5661811609607623,0.0,0.0,0,False,0.5048689246177673,0.7764623165130615,-0.5091732144355774,0.43727532029151917,-0.8451213836669922,-0.5091732144355774,-1.1424951553344727,-0.7792707085609436,-0.5091732144355774,-1.0749015808105469,0.8423129916191101,-0.5091732144355774
4334,976918758,96,6,1.0917041221408832,0.0,0.0,0,False,-1.1053122282028198,-0.15768617391586304,-0.5091732144355774,0.6466436982154846,-0.23071427643299103,-0.5091732144355774,0.6207141876220703,-0.8527678847312927,-0.5091732144355774,-1.131241798400879,-0.7797397971153259,-0.5091732144355774
4334,976918758,96,7,0.7054935357194978,0.0,0.0,0,False,-1.1149606704711914,-0.38915568590164185,-0.5091732144355774,0.6881588697433472,-0.4643164277076721,-0.5091732144355774,0.6718778610229492,-0.8549005389213562,-0.5091732144355774,-1.1312416791915894,-0.7797397971153259,-0.5091732144355774
4334,976918758,96,8,0.30767254461014915,0.0,0.0,0,False,-1.1241414546966553,-0.6094022989273071,-0.5091732144355774,0.6789782047271729,-0.6845631003379822,-0.5091732144355774,0.6718778610229492,-0.854900598526001,-0.5091732144355774,-1.1312416791915894,-0.7797397971153259,-0.5091732144355774
4335,77063101,97,0,0.37095319712095903,0.741165280342102,1.734723475976807e-18,1,True,0.0010000000474974513,0.0,0.0,-0.9999493360519409,-0.010064182803034782,0.0,-0.9999493360519409,-0.010064182803034782,-0.741165280342102,-0.9999493360519409,-0.010064182803034782,-0.741165280342102
4335,77063101,97,1,0.11708805982839188,0.0,0.0,0,False,0.721520185470581,-0.5260414481163025,-0.6728057861328125,0.7109503149986267,0.5241540670394897,-0.6728057861328125,0.8224306702613831,0.5252760648727417,-0.6728057861328125,0.8330006003379822,-0.5249194502830505,-0.6728057861328125
4335,77063101,97,2,0.16254845708379762,0.0,0.0,0,False,1.1699954271316528,0.7804528474807739,-0.8111652731895447,1.1831330060958862,-0.5248677730560303,-0.8111652731895447,1.0586180686950684,-0.5261209607124329,-0.8111652731895447,1.0454803705215454,0.7791996598243713,-0.8111652731895447
4335,77063101,97,3,2.8140004084891643,0.0,0.0,0,False,-1.1391198635101318,-0.7978054881095886,-0.5045944452285767,-1.154999852180481,0.7799999117851257,-0.5045944452285767,0.6283096671104431,0.7979482412338257,-0.5045944452285767,0.6441896557807922,-0.7798571586608887,-0.5045944452285767
4335,77063101,97,4,0.20708721416674436,0.0,0.0,0,False,0.8336241841316223,-0.5268758535385132,-0.73871910572052,0.823042094707489,0.524527370929718,-0.73871910572052,1.0199848413467407,0.5265095233917236,-0.73871910572052,1.030566930770874,-0.5248937010765076,-0.73871910572052
4335,177350653,98,0,0.34819894001327834,0.695702314376831,0.0,1,True,0.0010000000474974513,0.0,0.0,-0.9997833967208862,0.02081344462931156,0.0,-0.9997833967208862,0.02081344462931156,-0.695702314376831,-0.9997833967208862,0.02081344462931156,-0.695702314376831
4335,177350653,98,1,0.20370685926943466,0.0,0.0,0,False,0.916261613368988,0.7812227606773376,-0.6972100138664246,0.8859001398086548,-0.6772047281265259,-0.6972100138664246,0.7462849617004395,-0.6742982268333435,-0.6972100138664246,0.7766464352607727,0.78412926197052,-0.6972100138664246
4335,177350653,98,2,0.20098868935709824,0.0,0.0,0,False,0.5562661290168762,-0.7797141075134277,-0.6164993643760681,0.5809702277183533,0.4069575071334839,-0.6164993643760681,0.7502686381340027,0.40343305468559265,-0.6164993643760681,0.7255645394325256,-0.7832385897636414,-0.6164993643760681
4335,177350653,98,3,0.42254494978565305,0.0,0.0,0,False,1.1996526718139648,0.7793827652931213,-0.7657023072242737,1.1671452522277832,-0.7821264266967773,-0.7657023072242737,0.8966621160507202,-0.7764955163002014,-0.7657023072242737,0.9291695356369019,0.7850136756896973,-0.7657023072242737
4335,177350653,98,4,2.695655046032355,0.0,0.0,0,False,-1.1712485551834106,-0.779974102973938,-0.5046670436859131,-1.1380977630615234,0.8124364614486694,-0.5046670436859131,0.5539829730987549,0.7772107720375061,-0.5046670436859131,0.5208322405815125,-0.8151997923851013,-0.5046670436859131
4335,276917204,99,0,2.465029381868124,0.7041935324668884,0.0,1,True,6.000999927520752,0.0,0.0,-0.9999998211860657,-0.0006289506563916802,0.0,-0.9999998211860657,-0.0006289506563916802,-0.7041935324668884,-0.9999998211860657,-0.0006289506563916802,-0.7041935324668884
4335,276917204,99,1,0.047481787110490226,0.0,0.0,0,False,0.5699999928474426,0.4050283432006836,-0.5651983618736267,0.5703962445259094,-0.2249714434146881,-0.5651983618736267,0.4950283169746399,-0.22501884400844574,-0.5651983618736267,0.4946320950984955,0.40498092770576477,-0.5651983618736267
4335,276917204,99,2,0.11210370111646473,0.0,0.0,0,False,0.7942550182342529,0.4650372862815857,-0.6489454507827759,0.7950377464294434,-0.7800377011299133,-0.6489454507827759,0.705000102519989,-0.78009432554245,-0.6489454507827759,0.7042173147201538,0.46498069167137146,-0.6489454507827759
4335,276917204,99,3,0.46917550459986757,0.0,0.0,0,False,0.8702548146247864,-0.7801885604858398,-0.774193525314331,0.8692737221717834,0.7799524068832397,-0.774193525314331,1.1699999570846558,0.7801415324211121,-0.774193525314331,1.1709810495376587,-0.7799994349479675,-0.774193525314331
4335,276917204,99,4,0.03630680695285182,0.0,0.0,0,False,0.5700000524520874,0.43493393063545227,-0.5062398314476013,0.5697830319404602,0.779999852180481,-0.5062398314476013,0.675000011920929,0.7800660133361816,-0.5062398314476013,0.6752170324325562,0.43500012159347534,-0.5062398314476013
4335,276917204,99,5,0.6498853887586549,0.0,0.0,0,False,0.6752264499664307,0.42012280225753784,-0.5062398314476013,-1.1249616146087646,0.41899028420448303,-0.5062398314476013,-1.1251887083053589,0.779999852180481,-0.5062398314476013,0.6749992966651917,0.7811324000358582,-0.5062398314476013
4335,276917204,99,6,2.506890300122855,0.0,0.0,0,False,0.4799994230270386,0.7810094952583313,-0.5062398314476013,0.48098114132881165,-0.7799617052078247,-0.5062398314476013,-1.1249994039535522,-0.7809717059135437,-0.5062398314476013,-1.125981092453003,0.7799994349479675,-0.5062398314476013
4335,276917204,99,7,0.9455233498110491,0.0,0.0,0,False,-1.1253297328948975,-0.2557360529899597,-0.5062398314476013,0.6748582720756531,-0.25460386276245117,-0.5062398314476013,0.6751886010169983,-0.7798395752906799,-0.5062398314476013,-1.1249994039535522,-0.7809717059135437,-0.5062398314476013
4335,276917204,99,8,0.5556439938695661,0.0,0.0,0,False,0.720188558101654,0.4800284206867218,-0.5062398314476013,-1.1249991655349731,0.47886860370635986,-0.5062398314476013,-1.1251884698867798,0.7799999117851257,-0.5062398314476013,0.7199993133544922,0.7811596989631653,-0.5062398314476013
4335,276917204,99,9,0.1530974030174015,0.0,0.0,0,False,0.6749999523162842,0.7800661325454712,-0.5062398314476013,0.6759147644042969,-0.6749994158744812,-0.5062398314476013,0.5706979632377625,-0.6750655770301819,-0.5062398314476013,0.5697831511497498,0.7799999713897705,-0.5062398314476013
4335,376908131,100,0,1.7701634039659495,0.7079821228981018,0.0,1,True,4.000999927520752,0.0,0.0,-0.9994849562644958,-0.032091423869132996,0.0,-0.9994849562644958,-0.032091423869132996,-0.7079821228981018,-0.9994849562644958,-0.032091423869132996,-0.7079821228981018
4335,376908131,100,1,0.18905165017410752,0.0,0.0,0,False,0.7326103448867798,0.48329466581344604,-0.609144389629364,0.7650155425071716,-0.5259627103805542,-0.609144389629364,0.5778908729553223,-0.5319709181785583,-0.609144389629364,0.5454856753349304,0.4772864580154419,-0.609144389629364
4335,376908131,100,2,0.4221092282580141,0.0,0.0,0,False,0.9340419173240662,-0.713057816028595,-0.7779821157455444,0.8863025903701782,0.7737807631492615,-0.7779821157455444,1.1699073314666748,0.7828867435455322,-0.7779821157455444,1.2176467180252075,-0.7039518356323242,-0.7779821157455444
4335,376908131,100,3,0.04695346410362733,0.0,0.0,0,False,0.7800463438034058,-0.27144336700439453,-0.6947119832038879,0.7656126618385315,0.17809319496154785,-0.6947119832038879,0.8699536919593811,0.18144337832927704,-0.6947119832038879,0.8843873739242554,-0.26809319853782654,-0.6947119832038879
4335,376908131,100,4,0.7046551551659475,0.0,0.0,0,False,0.8342671990394592,0.4913748502731323,-0.5081644058227539,-1.162046194076538,0.4272771179676056,-0.5081644058227539,-1.1733678579330444,0.779891848564148,-0.5081644058227539,0.8229454159736633,0.8439895510673523,-0.5081644058227539
4335,376908131,100,5,2.746522986253467,0.0,0.0,0,False,0.5297181606292725,0.8345745205879211,-0.5081644058227539,0.5813924670219421,-0.7748180031776428,-0.5081644058227539,-1.1234087944030762,-0.8295556902885437,-0.5081644058227539,-1.1750831604003906,0.7798368334770203,-0.5081644058227539
4335,376908131,100,6,0.5118963244197374,0.0,0.0,0,False,-1.131164312362671,-0.5880178809165955,-0.5081644058227539,0.8665924668312073,-0.5238738059997559,-0.5081644058227539,0.8748112320899963,-0.7798454761505127,-0.5081644058227539,-1.1229455471038818,-0.8439895510673523,-0.5081644058227539
4335,376908131,100,7,0.020027739213396956,0.0,0.0,0,False,0.7733106017112732,-0.5716596841812134,-0.5081644058227539,0.8680291175842285,-0.5686184763908386,-0.5081644058227539,0.8748111724853516,-0.7798455357551575,-0.5081644058227539,0.7800926566123962,-0.7828867435455322,-0.5081644058227539
4335,476968183,101,0,0.33614609446541927,0.6716217398643494,0.0,1,True,0.0010000000474974513,0.0,0.0,-0.9982553720474243,-0.05904410034418106,0.0,-0.9982553720474243,-0.05904410034418106,-0.6716217398643494,-0.9982553720474243,-0.05904410034418106,-0.6716217398643494
4335,476968183,101,1,0.3901319345493721,0.07565796375274658,5.830465211782702e-08,0,False,0.9293006062507629,-0.7804079651832581,-0.741621732711792,0.9245001673698425,0.7798829078674316,-0.7554141879081726,1.1667523384094238,0.7800813913345337,-0.8172796964645386,1.1715527772903442,-0.7802095413208008,-0.8034873008728027
4335,476968183,101,2,3.1356513427954527,0.005275309085845947,5.983590218707148e-08,0,False,0.8700159788131714,0.7800120115280151,-0.5094711780548096,0.8700295686721802,-0.7799932956695557,-0.5080974698066711,-1.1399919986724854,-0.7800073027610779,-0.5041958689689636,-1.1400054693222046,0.7799980044364929,-0.5055695176124573
4335,576995568,102,0,1.3603322486604337,0.6799985766410828,0.0,1,True,3.000999927520752,0.0,0.0,-0.9999808669090271,0.006186081562191248,0.0,-0.9999808669090271,0.006186081562191248,-0.6799985766410828,-0.9999808669090271,0.006186081562191248,-0.6799985766410828
4335,576995568,102,1,0.15372012875200713,0.0,0.0,0,False,0.6450005769729614,0.46518558263778687,-0.5786492824554443,0.6396176218986511,-0.40496671199798584,-0.5786492824554443,0.4629655182361603,-0.40387392044067383,-0.5786492824554443,0.4683484435081482,0.4662783741950989,-0.5786492824554443
4335,576995568,102,2,0.5656538785574234,0.0,0.0,0,False,1.1796499490737915,0.7799403071403503,-0.7499985694885254,1.169996976852417,-0.7804639339447021,-0.7499985694885254,0.8075061440467834,-0.7782215476036072,-0.7499985694885254,0.817159116268158,0.7821826934814453,-0.7499985694885254
4335,576995568,102,3,0.5750847230753413,0.0,0.0,0,False,0.7198366522789001,0.46858763694763184,-0.5053537487983704,-1.126855731010437,0.4800114929676056,-0.5053537487983704,-1.1249293088912964,0.7914129495620728,-0.5053537487983704,0.721763014793396,0.7799891233444214,-0.5053537487983704
4335,576995568,102,4,2.4400202633499157,0.0,0.0,0,False,0.42965009808540344,0.7799403667449951,-0.5053537487983704,0.41994088888168335,-0.7895572781562805,-0.5053537487983704,-1.1346501111984253,-0.7799403071403503,-0.5053537487983704,-1.1249408721923828,0.7895573377609253,-0.5053537487983704
4335,576995568,102,5,0.6838290064474153,0.0,0.0,0,False,-1.1235432624816895,-0.40952348709106445,-0.5053537487983704,0.7222211956977844,-0.42094162106513977,-0.5053537487983704,0.7199293971061707,-0.7914129495620728,-0.5053537487983704,-1.1258350610733032,-0.7799948453903198,-0.5053537487983704
4335,676990870,103,0,1.7219734990591393,0.6886882185935974,0.0,1,True,4.000999927520752,0.0,0.0,-0.9996683597564697,-0.025751592591404915,0.0,-0.9996683597564697,-0.025751592591404915,-0.6886882185935974,-0.9996683597564697,-0.025751592591404915,-0.6886882185935974
4335,676990870,103,1,0.07772480926850367,0.0,0.0,0,False,0.6187022924423218,0.5547089576721191,-0.5942373871803284,0.6450298428535461,-0.467317670583725,-0.5942373871803284,0.5690305829048157,-0.46927541494369507,-0.5942373871803284,0.5427030324935913,0.5527511835098267,-0.5942373871803284
4335,676990870,103,2,0.6738818724253655,0.0,0.0,0,False,0.7783278822898865,-0.7873846888542175,-0.75868821144104,0.7381487488746643,0.7723530530929565,-0.75868821144104,1.1699104309082031,0.7834752798080444,-0.75868821144104,1.2100895643234253,-0.7762624621391296,-0.75868821144104
4335,676990870,103,3,0.48129772588733033,0.0,0.0,0,False,0.725709080696106,0.5583780407905579,-0.5091581344604492,-1.0796618461608887,0.5118709206581116,-0.5091581344604492,-1.0865248441696167,0.7782862782478333,-0.5091581344604492,0.7188461422920227,0.8247933983802795,-0.5091581344604492
4335,676990870,103,4,2.6478664582082114,0.0,0.0,0,False,0.5353508591651917,0.820065975189209,-0.5091581344604492,0.5765644311904907,-0.7798308730125427,-0.5091581344604492,-1.0773613452911377,-0.8224362134933472,-0.5091581344604492,-1.118574857711792,0.7774605751037598,-0.5091581344604492
4335,676990870,103,5,0.5620578492636792,0.0,0.0,0,False,-1.0852830410003662,-0.5149121880531311,-0.5091581344604492,0.7185431718826294,-0.4684455394744873,-0.5091581344604492,0.7265644669532776,-0.7798309326171875,-0.5091581344604492,-1.0772616863250732,-0.8262975811958313,-0.5091581344604492
4335,676990870,103,6,0.15614142857554292,0.0,0.0,0,False,0.7249569296836853,0.7820597290992737,-0.5091581344604492,0.7651658654212952,-0.7788364887237549,-0.5091581344604492,0.6651990413665771,-0.7814116477966309,-0.5091581344604492,0.6249900460243225,0.7794845700263977,-0.5091581344604492
4335,776959921,104,0,1.7033518282296072,0.6812883019447327,0.0,1,True,4.000999927520752,0.0,0.0,-0.9992311596870422,0.03920499607920647,0.0,-0.9992311596870422,0.03920499607920647,-0.6812883019447327,-0.9992311596870422,0.03920499607920647,-0.6812883019447327
4335,776959921,104,1,0.15158252575716613,0.0,0.0,0,False,0.8842159509658813,0.5646383762359619,-0.6794174909591675,0.843604564666748,-0.470438152551651,-0.6794174909591675,0.6973839402198792,-0.46470117568969727,-0.6794174909591675,0.7379953265190125,0.570375382900238,-0.6794174909591675
4335,776959921,104,2,0.35448240132181397,0.0,0.0,0,False,0.8332809805870056,-0.7785593867301941,-0.7512882947921753,0.8906723260879517,0.6841937899589539,-0.7512882947921753,1.1326390504837036,0.6747002005577087,-0.7512882947921753,1.0752476453781128,-0.7880529761314392,-0.7512882947921753
4335,776959921,104,3,0.40634062614471134,0.0,0.0,0,False,0.8248835206031799,0.567031979560852,-0.5081214904785156,-1.0830645561218262,0.641890823841095,-0.5081214904785156,-1.0747214555740356,0.8545360565185547,-0.5081214904785156,0.8332266807556152,0.7796772122383118,-0.5081214904785156
4335,776959921,104,4,2.9563619501584455,0.0,0.0,0,False,0.7361819744110107,0.7793650031089783,-0.5081214904785156,0.6722334027290344,-0.8505146503448486,-0.5081214904785156,-1.1388314962387085,-0.7794572710990906,-0.5081214904785156,-1.074882984161377,0.8504224419593811,-0.5081214904785156
4335,776959921,104,5,0.7349187079163375,0.0,0.0,0,False,-1.1151944398880005,-0.3950781226158142,-0.5081214904785156,0.7921662926673889,-0.4699135422706604,-0.5081214904785156,0.7770719528198242,-0.8546279668807983,-0.5081214904785156,-1.1302887201309204,-0.7797924876213074,-0.5081214904785156
4335,776959921,104,6,0.18459339454185653,0.0,0.0,0,False,0.8234299421310425,0.6799845695495605,-0.5081214904785156,-1.0210845470428467,0.7523543834686279,-0.5081214904785156,-1.0171641111373901,0.8522775173187256,-0.5081214904785156,0.8273504376411438,0.7799077033996582,-0.5081214904785156
4335,877028140,105,0,0.6899971113066014,0.6896597146987915,0.0,1,True,1.0010000467300415,0.0,0.0,-0.9999567866325378,0.00929963681846857,0.0,-0.9999567866325378,0.00929963681846857,-0.6896597146987915,-0.9999567866325378,0.00929963681846857,-0.6896597146987915
4335,877028140,105,1,0.20855091771835532,0.0,0.0,0,False,0.8061578273773193,0.5248962640762329,-0.6507089734077454,0.7949974536895752,-0.6751395463943481,-0.6507089734077454,0.6212252378463745,-0.673523485660553,-0.6507089734077454,0.6323856115341187,0.5265123248100281,-0.6507089734077454
4335,877028140,105,2,0.23941604313983245,0.0,0.0,0,False,0.6333476901054382,0.7799688577651978,-0.5796625018119812,0.6188279390335083,-0.7812910676002502,-0.5796625018119812,0.46549323201179504,-0.7798650860786438,-0.5796625018119812,0.480012983083725,0.781394898891449,-0.5796625018119812
4335,877028140,105,3,0.529771752033863,0.0,0.0,0,False,0.813164234161377,-0.70265793800354,-0.7596597075462341,0.8269813656806946,0.7830505967140198,-0.7596597075462341,1.183529019355774,0.77973473072052,-0.7596597075462341,1.169711947441101,-0.7059738039970398,-0.7596597075462341
4335,877028140,105,4,2.5170844308941875,0.0,0.0,0,False,0.4739234149456024,0.7794985175132751,-0.5051723718643188,0.4592829942703247,-0.7947338819503784,-0.5051723718643188,-1.1395068168640137,-0.7798650860786438,-0.5051723718643188,-1.1248663663864136,0.7943673729896545,-0.5051723718643188
4335,976926316,106,0,1.390538515069629,0.6950958371162415,0.0,1,True,3.000999927520752,0.0,0.0,-0.9999973773956299,-0.0022991516161710024,0.0,-0.9999973773956299,-0.0022991516161710024,-0.6950958371162415,-0.9999973773956299,-0.0022991516161710024,-0.6950958371162415
4335,976926316,106,1,0.2567666785049063,0.0,0.0,0,False,0.8967917561531067,0.7802340388298035,-0.6874433755874634,0.9003793597221375,-0.7801716327667236,-0.6874433755874634,0.7358289957046509,-0.780549943447113,-0.6874433755874634,0.7322413921356201,0.7798557281494141,-0.6874433755874634
4335,976926316,106,2,0.16990626297789646,0.0,0.0,0,False,0.48075979948043823,-0.4054465889930725,-0.590064287185669,0.4787589907646179,0.4647902250289917,-0.590064287185669,0.6739993691444397,0.46523910760879517,-0.590064287185669,0.67600017786026,-0.40499770641326904,-0.590064287185669
4335,976926316,106,3,0.36060378415124994,0.0,0.0,0,False,1.1699990034103394,0.7804483771324158,-0.7650958299636841,1.1734142303466797,-0.7049921751022339,-0.7650958299636841,0.9306567311286926,-0.7055503129959106,-0.7650958299636841,0.9272414445877075,0.779890239238739,-0.7650958299636841
4335,976926316,106,4,2.5116448807400458,0.0,0.0,0,False,0.47778430581092834,0.783685028553009,-0.5076794624328613,0.4813791513442993,-0.7798588871955872,-0.5076794624328613,-1.1249918937683105,-0.7835521697998047,-0.5076794624328613,-1.1285866498947144,0.7799917459487915,-0.5076794624328613
4335,976926316,106,5,0.6544549055948803,0.0,0.0,0,False,-1.1258275508880615,-0.4201053977012634,-0.5076794624328613,0.6748527884483337,-0.41596537828445435,-0.5076794624328613,0.6756883859634399,-0.7794121503829956,-0.5076794624328613,-1.1249918937683105,-0.7835521697998047,-0.5076794624328613
4335,976926316,106,6,0.5468486966520096,0.0,0.0,0,False,0.6756887435913086,0.480449914932251,-0.5076794624328613,-1.124991536140442,0.4763099253177643,-0.5076794624328613,-1.1256897449493408,0.7799983620643616,-0.5076794624328613,0.6749905347824097,0.7841383814811707,-0.5076794624328613
4336,77103035,107,0,1.4339754920735612,0.7168684601783752,3.469446951953614e-18,1,True,3.000999927520752,0.0,0.0,-0.9995542764663696,-0.029853926971554756,0.0,-0.9995542764663696,-0.029853926971554756,-0.7168684601783752,-0.9995542764663696,-0.029853926971554756,-0.7168684601783752
4336,77103035,107,1,0.1104687774168931,0.0,0.0,0,False,0.6390992403030396,-0.5296562910079956,-0.6473878622055054,0.617954671382904,0.17829622328281403,-0.6473878622055054,0.7738553881645203,0.18295253813266754,-0.6473878622055054,0.7950000166893005,-0.5249999165534973,-0.6473878622055054
4336,77103035,107,2,0.31650857658520337,0.0,0.0,0,False,0.959852933883667,0.7840276956558228,-0.7218583822250366,1.006564736366272,-0.7799531817436218,-0.7218583822250366,0.8043714165687561,-0.7859921455383301,-0.7218583822250366,0.7576596140861511,0.7779887318611145,-0.7218583822250366
4336,77103035,107,3,0.32543658148778576,0.0,0.0,0,False,1.0082969665527344,-0.7848294973373413,-0.7868684530258179,0.9616653323173523,0.776465654373169,-0.7868684530258179,1.169919729232788,0.7826856374740601,-0.7868684530258179,1.2165513038635254,-0.7786095142364502,-0.7868684530258179
4336,77103035,107,4,0.22061091982433645,0.0,0.0,0,False,0.5991488695144653,0.7853506803512573,-0.5816860198974609,0.6349999904632568,-0.41499999165534973,-0.5816860198974609,0.4513750672340393,-0.420484334230423,-0.5816860198974609,0.4155239462852478,0.7798663377761841,-0.5816860198974609
4336,77103035,107,5,0.4060464446469183,0.0,0.0,0,False,-1.0859057903289795,-0.5822727680206299,-0.5059192776679993,0.5657570362091064,-0.5329416990280151,-0.5059192776679993,0.5730931758880615,-0.7785635590553284,-0.5059192776679993,-1.0785696506500244,-0.8278946876525879,-0.5059192776679993
4336,77103035,107,6,2.483595753364721,0.0,0.0,0,False,0.41235649585723877,0.825916588306427,-0.5059192776679993,0.4602847993373871,-0.7787967324256897,-0.5059192776679993,-1.0860239267349243,-0.8249806761741638,-0.5059192776679993,-1.133952260017395,0.7797326445579529,-0.5059192776679993
4336,77103035,107,7,0.5968183886269438,0.0,0.0,0,False,-1.0893522500991821,-0.4668721556663513,-0.5059192776679993,0.5623103976249695,-0.41754159331321716,-0.5059192776679993,0.5730931162834167,-0.7785635590553284,-0.5059192776679993,-1.0785695314407349,-0.8278940916061401,-0.5059192776679993
4336,176918086,108,0,0.3507740698476453,0.7008473873138428,1.734723475976807e-18,1,True,0.0010000000474974513,0.0,0.0,-0.9998884797096252,0.01493250485509634,0.0,-0.9998884797096252,0.01493250485509634,-0.7008473873138428,-0.9998884797096252,0.01493250485509634,-0.7008473873138428
4336,176918086,108,1,0.21012017536018668,0.0,0.0,0,False,0.7012193202972412,-0.5231513977050781,-0.6846153736114502,0.7207143902778625,0.782229483127594,-0.6846153736114502,0.8816431760787964,0.7798261046409607,-0.6846153736114502,0.8621480464935303,-0.5255547761917114,-0.6846153736114502
4336,176918086,108,2,0.4843145874169412,0.0,0.0,0,False,0.8588520288467407,-0.7764732241630554,-0.7708473801612854,0.8821608424186707,0.7842985987663269,-0.7708473801612854,1.1923961639404297,0.779665470123291,-0.7708473801612854,1.1690874099731445,-0.7811063528060913,-0.7708473801612854
4336,176918086,108,3,2.86250215833906,0.0,0.0,0,False,-1.1301510334014893,-0.7799230217933655,-0.505207896232605,-1.1064575910568237,0.8066045641899109,-0.505207896232605,0.6973962783813477,0.779665470123291,-0.505207896232605,0.6737027764320374,-0.8068621158599854,-0.505207896232605
4336,277040263,109,0,1.7797698136283462,0.7118866443634033,6.938893903907228e-18,1,True,4.000999927520752,0.0,0.0,-0.9989370703697205,0.0460948571562767,0.0,-0.9989370703697205,0.0460948571562767,-0.7118866443634033,-0.9989370703697205,0.0460948571562767,-0.7118866443634033
4336,277040263,109,1,0.3919239904214109,0.0,0.0,0,False,0.9568313360214233,0.7787618637084961,-0.6886128783226013,0.8849045038223267,-0.7799955606460571,-0.6886128783226013,0.6340051293373108,-0.7684181332588196,-0.6886128783226013,0.7059319615364075,0.7903392910957336,-0.6886128783226013
4336,277040263,109,2,0.43922528001204597,0.0,0.0,0,False,0.8861464262008667,-0.7703626155853271,-0.781886637210846,0.958137571811676,0.7897761464118958,-0.781886637210846,1.2390689849853516,0.7768127918243408,-0.781886637210846,1.167077898979187,-0.7833259701728821,-0.781886637210846
4336,277040263,109,3,0.19169791290350302,0.0,0.0,0,False,0.697792649269104,0.6739482283592224,-0.6070595979690552,0.6541838645935059,-0.2711159288883209,-0.6070595979690552,0.4517737030982971,-0.26177600026130676,-0.6070595979690552,0.4953824579715729,0.6832882165908813,-0.6070595979690552
4336,277040263,109,4,0.15461236126356148,0.0,0.0,0,False,-1.1231532096862793,-0.6799787878990173,-0.5055406093597412,0.42132681608200073,-0.7512468695640564,-0.5055406093597412,0.4167173504829407,-0.851140558719635,-0.5055406093597412,-1.1277626752853394,-0.7798725366592407,-0.5055406093597412
4336,277040263,109,5,0.15910757488565075,0.0,0.0,0,False,0.5681532025337219,0.6799787878990173,-0.5055406093597412,-1.0212311744689941,0.7533189058303833,-0.5055406093597412,-1.016621708869934,0.8532125949859619,-0.5055406093597412,0.572762668132782,0.7798725366592407,-0.5055406093597412
4336,277040263,109,6,2.566290541002422,0.0,0.0,0,False,0.498648464679718,0.7791393995285034,-0.5055406093597412,0.42340707778930664,-0.851449191570282,-0.5055406093597412,-1.1470919847488403,-0.778980553150177,-0.5055406093597412,-1.0718506574630737,0.8516080379486084,-0.5055406093597412
4336,277040263,109,7,0.9691567256670748,0.0,0.0,0,False,-1.1047579050064087,-0.19132626056671143,-0.5055406093597412,0.5389734506607056,-0.26717409491539,-0.5055406093597412,0.5118246078491211,-0.8555290699005127,-0.5055406093597412,-1.1319067478179932,-0.7796812653541565,-0.5055406093597412
4336,376939315,110,0,0.3548185319892241,0.7089281678199768,1.734723475976807e-18,1,True,0.0010000000474974513,0.0,0.0,-0.9999533295631409,0.009661342948675156,0.0,-0.9999533295631409,0.009661342948675156,-0.7089281678199768,-0.9999533295631409,0.009661342948675156,-0.7089281678199768
4336,376939315,110,1,0.1557798138189701,0.0,0.0,0,False,0.795002818107605,0.7805796265602112,-0.6140863299369812,0.7862828373908997,-0.12194476276636124,-0.6140863299369812,0.6136943697929382,-0.12027724832296371,-0.6140863299369812,0.6224144101142883,0.7822471261024475,-0.6140863299369812
4336,376939315,110,2,0.4337506580276198,0.0,0.0,0,False,1.1850711107254028,0.7798543572425842,-0.7789281606674194,1.1699957847595215,-0.7804346680641174,-0.7789281606674194,0.8920279741287231,-0.7777490019798279,-0.7789281606674194,0.9071032404899597,0.7825400233268738,-0.7789281606674194
4336,376939315,110,3,2.695466478296666,0.0,0.0,0,False,-1.1400710344314575,-0.7798543572425842,-0.5045709013938904,-1.1248418092727661,0.7963750958442688,-0.5045709013938904,0.5850709080696106,0.7798543572425842,-0.5045709013938904,0.5698418021202087,-0.7963750958442688,-0.5045709013938904
4336,477041658,111,0,1.3961456366227436,0.6978992223739624,0.0,1,True,3.000999927520752,0.0,0.0,-0.9999933838844299,-0.003635144094005227,0.0,-0.9999933838844299,-0.003635144094005227,-0.6978992223739624,-0.9999933838844299,-0.003635144094005227,-0.6978992223739624
4336,477041658,111,1,0.07170087944391712,0.0,0.0,0,False,0.5699989795684814,0.40516358613967896,-0.5749807357788086,0.5724533200263977,-0.26999107003211975,-0.5749807357788086,0.4662555158138275,-0.27037712931632996,-0.5749807357788086,0.46380120515823364,0.40477752685546875,-0.5749807357788086
4336,477041658,111,2,0.3757549514074281,0.0,0.0,0,False,1.1699947118759155,0.781417727470398,-0.767899215221405,1.1756681203842163,-0.7792704701423645,-0.767899215221405,0.934908926486969,-0.7801457047462463,-0.767899215221405,0.929235577583313,0.7805424928665161,-0.767899215221405
4336,477041658,111,3,0.6205401820712755,0.0,0.0,0,False,0.5713074803352356,0.4203319251537323,-0.5049179196357727,-1.1249241828918457,0.4141656458377838,-0.5049179196357727,-1.1262540817260742,0.7799953818321228,-0.5049179196357727,0.5699775815010071,0.7861616611480713,-0.5049179196357727
4336,477041658,111,4,2.427469834737516,0.0,0.0,0,False,0.41997960209846497,0.7856162190437317,-0.5049179196357727,0.42567023634910583,-0.7798157334327698,-0.5049179196357727,-1.1249802112579346,-0.785452663898468,-0.5049179196357727,-1.1306707859039307,0.7799793481826782,-0.5049179196357727
4336,477041658,111,5,0.8418701670738775,0.0,0.0,0,False,-1.126784086227417,-0.28920525312423706,-0.5049179196357727,0.5696656703948975,-0.2830381691455841,-0.5049179196357727,0.5714697241783142,-0.779285728931427,-0.5049179196357727,-1.124980092048645,-0.7854527831077576,-0.5049179196357727
4336,576885585,112,0,1.3949111009782436,0.6972852945327759,1.734723475976807e-18,1,True,3.000999927520752,0.0,0.0,-0.9999690055847168,0.007872821763157845,0.0,-0.9999690055847168,0.007872821763157845,-0.6972852945327759,-0.9999690055847168,0.007872821763157845,-0.6972852945327759
4336,576885585,112,1,0.07360551927265613,0.0,0.0,0,False,0.490042120218277,-0.25472477078437805,-0.5626906156539917,0.49654072523117065,0.5706964135169983,-0.5626906156539917,0.585708498954773,0.5699943900108337,-0.5626906156539917,0.5792098641395569,-0.2554267942905426,-0.5626906156539917
4336,576885585,112,2,0.3204259313179314,0.0,0.0,0,False,0.6197274327278137,-0.7798009514808655,-0.6429166197776794,0.6320167183876038,0.7811650037765503,-0.6429166197776794,0.8372781276702881,0.7795490026473999,-0.6429166197776794,0.824988842010498,-0.7814169526100159,-0.6429166197776794
4336,576885585,112,3,0.48687096709360667,0.0,0.0,0,False,0.8577256202697754,-0.7790766358375549,-0.7672852873802185,0.8700186610221863,0.7823616862297058,-0.7672852873802185,1.181808590888977,0.7799069881439209,-0.7672852873802185,1.169515609741211,-0.7815313339233398,-0.7672852873802185
4336,576885585,112,4,2.5432385745993837,0.0,0.0,0,False,0.4922812283039093,0.7799032926559448,-0.5051313638687134,0.4799005091190338,-0.7926355004310608,-0.5051313638687134,-1.1372811794281006,-0.7799032926559448,-0.5051313638687134,-1.124900460243225,0.7926355004310608,-0.5051313638687134
4336,576885585,112,5,0.9048015282711965,0.0,0.0,0,False,-1.121975302696228,-0.2458122968673706,-0.5051313638687134,0.5717387795448303,-0.2591470181941986,-0.5051313638687134,0.5675331354141235,-0.7933254241943359,-0.5051313638687134,-1.12618088722229,-0.7799906730651855,-0.5051313638687134
4336,576885585,112,6,0.2770451380801937,0.0,0.0,0,False,0.5698949694633484,0.6166560053825378,-0.5051313638687134,-1.1261807680130005,0.6300092935562134,-0.5051313638687134,-1.1248948574066162,0.7933439612388611,-0.5051313638687134,0.5711808800697327,0.7799906730651855,-0.5051313638687134
4336,676963137,113,0,1.4222248093758396,0.7109346985816956,0.0,1,True,3.000999927520752,0.0,0.0,-0.9999998807907104,-0.0005410126177594066,0.0,-0.9999998807907104,-0.0005410126177594066,-0.7109346985816956,-0.9999998807907104,-0.0005410126177594066,-0.7109346985816956
4336,676963137,113,1,0.03940052777137426,0.0,0.0,0,False,0.6300000548362732,-0.12002435326576233,-0.6255780458450317,0.6297160387039185,0.4049754738807678,-0.6255780458450317,0.7047646641731262,0.40501609444618225,-0.6255780458450317,0.705048680305481,-0.11998375505208969,-0.6255780458450317
4336,676963137,113,2,0.36774516731594176,0.0,0.0,0,False,0.9256520867347717,-0.7801321744918823,-0.7809346914291382,0.92484050989151,0.7198918461799622,-0.7809346914291382,1.1699999570846558,0.7200244665145874,-0.7809346914291382,1.1708115339279175,-0.7799995541572571,-0.7809346914291382
4336,676963137,113,3,2.739570129844079,0.0,0.0,0,False,0.6293503642082214,0.780949056148529,-0.5041696429252625,0.6301947236061096,-0.7798862457275391,-0.5041696429252625,-1.1249996423721313,-0.7808358073234558,-0.5041696429252625,-1.1258440017700195,0.7799994945526123,-0.5041696429252625
4336,676963137,113,4,1.0545264703531436,0.0,0.0,0,False,-1.1253246068954468,-0.1800326406955719,-0.5041696429252625,0.6298696994781494,-0.17908315360546112,-0.5041696429252625,0.6301947236061096,-0.7798862457275391,-0.5041696429252625,-1.1249995231628418,-0.780835747718811,-0.5041696429252625
4336,676963137,113,5,0.6335342832167914,0.0,0.0,0,False,0.630194902420044,0.4200001358985901,-0.5041696429252625,-1.1249914169311523,0.4190501272678375,-0.5041696429252625,-1.125186800956726,0.7799999117851257,-0.5041696429252625,0.6299995183944702,0.7809498906135559,-0.5041696429252625
4336,776956397,114,0,0.34914039619069104,0.6975846290588379,0.0,1,True,0.0010000000474974513,0.0,0.0,-0.997954785823822,0.06392383575439453,0.0,-0.997954785823822,0.06392383575439453,-0.6975846290588379,-0.997954785823822,0.06392383575439453,-0.6975846290588379
4336,776956397,114,1,0.059612490710369226,0.0,0.0,0,False,0.6299999952316284,-0.18000000715255737,-0.646461009979248,0.667747974395752,0.4093078076839447,-0.646461009979248,0.7684914469718933,0.40285471081733704,-0.646461009979248,0.730743408203125,-0.18645311892032623,-0.646461009979248
4336,776956397,114,2,0.5095499483853825,0.0,0.0,0,False,1.2628190517425537,0.7740544676780701,-0.7675846219062805,1.1627501249313354,-0.7881830334663391,-0.7675846219062805,0.8379161357879639,-0.7673758268356323,-0.7675846219062805,0.9379851222038269,0.7948616743087769,-0.7675846219062805
4336,776956397,114,3,2.8156708036022415,0.0,0.0,0,False,-1.1760574579238892,-0.7796119451522827,-0.504400372505188,-1.0694301128387451,0.8850135207176208,-0.504400372505188,0.6151321530342102,0.7771091461181641,-0.504400372505188,0.5085048079490662,-0.8875163197517395,-0.504400372505188
4336,876895698,115,0,2.492464730240734,0.7120311260223389,0.0,1,True,6.000999927520752,0.0,0.0,-0.9999993443489075,0.0011362258810549974,0.0,-0.9999993443489075,0.0011362258810549974,-0.7120311260223389,-0.9999993443489075,0.0011362258810549974,-0.7120311260223389
4336,876895698,115,1,0.0306694802997014,0.0,0.0,0,False,0.46486374735832214,-0.25493162870407104,-0.5554547905921936,0.4654431939125061,0.2550676465034485,-0.5554547905921936,0.5255794525146484,0.2549993097782135,-0.5554547905921936,0.5249999761581421,-0.25499996542930603,-0.5554547905921936
4336,876895698,115,2,0.16151418039686405,0.0,0.0,0,False,0.7339264154434204,-0.5248964428901672,-0.6836326718330383,0.735238790512085,0.6301360726356506,-0.6836326718330383,0.8750737905502319,0.6299771666526794,-0.6836326718330383,0.8737614154815674,-0.5250553488731384,-0.6836326718330383
4336,876895698,115,3,0.39411167505856426,0.0,0.0,0,False,1.1715680360794067,0.7049981951713562,-0.7820311188697815,1.1698806285858154,-0.7800508737564087,-0.7820311188697815,0.9044946432113647,-0.77974933385849,-0.7820311188697815,0.9061821103096008,0.7052997350692749,-0.7820311188697815
4336,876895698,115,4,2.4843587723629144,0.0,0.0,0,False,0.4657498002052307,0.7799479365348816,-0.5046078562736511,0.4639753997325897,-0.7818053364753723,-0.5046078562736511,-1.126772403717041,-0.7799979448318481,-0.5046078562736511,-1.1249979734420776,0.7817553281784058,-0.5046078562736511
4336,876895698,115,5,0.9710632252166285,0.0,0.0,0,False,-1.124555230140686,-0.2536879777908325,-0.5046078562736511,0.7204763889312744,-0.25578463077545166,-0.5046078562736511,0.7198783159255981,-0.7820964455604553,-0.5046078562736511,-1.1251534223556519,-0.7799997925758362,-0.5046078562736511
4336,876895698,115,6,0.9448396071881078,0.0,0.0,0,False,0.7197079658508301,0.26797187328338623,-0.5046078562736511,-1.1255794763565063,0.27006879448890686,-0.5046078562736511,-1.124997615814209,0.7820965647697449,-0.5046078562736511,0.7202898263931274,0.7799996137619019,-0.5046078562736511
4336,876895698,115,7,0.2843383000997157,0.0,0.0,0,False,0.7216532230377197,0.7799980044364929,-0.5046078562736511,0.7199997305870056,-0.6752215623855591,-0.5046078562736511,0.5246079564094543,-0.6749995350837708,-0.5046078562736511,0.5262614488601685,0.7802200317382812,-0.5046078562736511
4336,876895698,115,8,0.4782209037249281,0.0,0.0,0,False,-1.124861240386963,-0.5229035019874573,-0.5046078562736511,0.7352215647697449,-0.525017261505127,-0.5046078562736511,0.7349294424057007,-0.7821134924888611,-0.5046078562736511,-1.1251534223556519,-0.7799997329711914,-0.5046078562736511
4336,876895698,115,9,0.19760557990719008,0.0,0.0,0,False,0.7199976444244385,0.6729034185409546,-0.5046078562736511,-1.1251192092895508,0.6750001907348633,-0.5046078562736511,-1.1249974966049194,0.7820965647697449,-0.5046078562736511,0.7201193571090698,0.7799997925758362,-0.5046078562736511
4336,977065417,116,0,1.3960736207958444,0.6978840827941895,0.0,1,True,3.000999927520752,0.0,0.0,-0.9998339414596558,-0.01822417788207531,0.0,-0.9998339414596558,-0.01822417788207531,-0.6978840827941895,-0.9998339414596558,-0.01822417788207531,-0.6978840827941895
4336,977065417,116,1,0.1807590878013947,0.0,0.0,0,False,0.6753381490707397,-0.42354816198349,-0.6621890664100647,0.6591677665710449,0.46361780166625977,-0.6621890664100647,0.8628489971160889,0.46733030676841736,-0.6621890664100647,0.8790193796157837,-0.4198356568813324,-0.6621890664100647
4336,977065417,116,2,0.4873723378175949,0.0,0.0,0,False,0.8864985108375549,-0.785167396068573,-0.7678840756416321,0.8580290079116821,0.7767742872238159,-0.7678840756416321,1.1699551343917847,0.7824597954750061,-0.7678840756416321,1.1984246969223022,-0.7794819474220276,-0.7678840756416321
4336,977065417,116,3,2.8308278253436576,0.0,0.0,0,False,0.6511704921722412,0.8123742938041687,-0.5061255097389221,0.6801083087921143,-0.7752589583396912,-0.5061255097389221,-1.1023484468460083,-0.8077478408813477,-0.5061255097389221,-1.1312862634658813,0.779885470867157,-0.5061255097389221
4336,977065417,116,4,0.5907171471677231,0.0,0.0,0,False,-1.0854662656784058,-0.480099618434906,-0.5061255097389221,0.7191289067268372,-0.4472072124481201,-0.5061255097389221,0.7250933647155762,-0.7744390368461609,-0.5061255097389221,-1.079501748085022,-0.8073314428329468,-0.5061255097389221
4336,977065417,116,5,0.6384823748145045,0.0,0.0,0,False,0.7256735563278198,0.4687322974205017,-0.5061255097389221,-1.1250001192092896,0.4350000023841858,-0.5061255097389221,-1.1312862634658813,0.7798854112625122,-0.5061255097389221,0.7193872928619385,0.8136177062988281,-0.5061255097389221
4337,76977885,117,0,2.0878561771183786,0.6958469748497009,1.734723475976807e-18,1,True,5.000999927520752,0.0,0.0,-0.9998874068260193,0.015006343834102154,0.0,-0.9998874068260193,0.015006343834102154,-0.6958469748497009,-0.9998874068260193,0.015006343834102154,-0.6958469748497009
4337,76977885,117,1,0.025470080029165842,0.0,0.0,0,False,0.4750586152076721,-0.25425049662590027,-0.5595215559005737,0.4827110171318054,0.25563469529151917,-0.5595215559005737,0.5326523184776306,0.25488516688346863,-0.5595215559005737,0.5249999761581421,-0.2549999952316284,-0.5595215559005737
4337,76977885,117,2,0.3192789337656414,0.0,0.0,0,False,0.6203591227531433,-0.5223789215087891,-0.6697774529457092,0.6399571895599365,0.7834525108337402,-0.6697774529457092,0.8844045400619507,0.7797837853431702,-0.6697774529457092,0.8648064732551575,-0.5260476469993591,-0.6697774529457092
4337,76977885,117,3,0.4815796293968031,0.0,0.0,0,False,0.8617061972618103,-0.7776243090629578,-0.7658469676971436,0.8851473331451416,0.7842750549316406,-0.7658469676971436,1.193407416343689,0.7796486616134644,-0.7658469676971436,1.169966220855713,-0.782250702381134,-0.7658469676971436
4337,76977885,117,4,2.481328076701539,0.0,0.0,0,False,0.48832765221595764,0.7798749804496765,-0.5054811835289001,0.46456900238990784,-0.8031810522079468,-0.5054811835289001,-1.1025071144104004,-0.7796621918678284,-0.5054811835289001,-1.0787484645843506,0.8033938407897949,-0.5054811835289001
4337,76977885,117,5,0.8828126793320101,0.0,0.0,0,False,-1.0773981809616089,-0.24662719666957855,-0.5054811835289001,0.5776318907737732,-0.2714651823043823,-0.5054811835289001,0.5696284770965576,-0.8047569394111633,-0.5054811835289001,-1.0854015350341797,-0.7799189686775208,-0.5054811835289001
4337,76977885,117,6,0.9007380597495427,0.0,0.0,0,False,0.6266125440597534,0.25429224967956543,-0.5054811835289001,-1.0866035223007202,0.28000450134277344,-0.5054811835289001,-1.0787146091461182,0.805644690990448,-0.5054811835289001,0.6345014572143555,0.77993243932724,-0.5054811835289001
4337,76977885,117,7,0.1561399874457603,0.0,0.0,0,False,0.6409924626350403,0.779835045337677,-0.5054811835289001,0.617561399936676,-0.7813891768455505,-0.5054811835289001,0.5175727009773254,-0.7798885107040405,-0.5054811835289001,0.5410037040710449,0.781335711479187,-0.5054811835289001
4337,76977885,117,8,0.49446289918816877,0.0,0.0,0,False,-1.0796047449111938,-0.4986664354801178,-0.5054811835289001,0.6779260039329529,-0.5250439047813416,-0.5054811835289001,0.6737045049667358,-0.806320071220398,-0.5054811835289001,-1.0838263034820557,-0.7799426317214966,-0.5054811835289001
4337,177141770,118,0,1.080612051337939,0.7201914191246033,3.469446951953614e-18,1,True,2.000999927520752,0.0,0.0,-0.9998536109924316,0.017111187800765038,0.0,-0.9998536109924316,0.017111187800765038,-0.7201914191246033,-0.9998536109924316,0.017111187800765038,-0.7201914191246033
4337,177141770,118,1,0.1837272854327754,0.0,0.0,0,False,0.6614161133766174,-0.463740736246109,-0.6545429229736328,0.6827428936958313,0.7824345827102661,-0.6545429229736328,0.8301326632499695,0.7799121737480164,-0.6545429229736328,0.8088058829307556,-0.4662631154060364,-0.6545429229736328
4337,177141770,118,2,0.27378121523398313,0.0,0.0,0,False,1.1966896057128906,0.7795431613922119,-0.7901914119720459,1.169956088066101,-0.782566249370575,-0.7901914119720459,0.9947436451911926,-0.7795676589012146,-0.7901914119720459,1.0214771032333374,0.7825417518615723,-0.7901914119720459
4337,177141770,118,3,0.10791988332661062,0.0,0.0,0,False,0.8165311217308044,-0.07485508173704147,-0.724260687828064,0.8286367654800415,0.6325048208236694,-0.724260687828064,0.9811592102050781,0.6298946142196655,-0.724260687828064,0.9690536260604858,-0.07746531814336777,-0.724260687828064
4337,177141770,118,4,2.9158138524311354,0.0,0.0,0,False,0.6801326274871826,0.7799121737480164,-0.5078593492507935,0.6529027819633484,-0.8111966848373413,-0.5078593492507935,-1.179127812385559,-0.7798437476158142,-0.5078593492507935,-1.15189790725708,0.8112651705741882,-0.5078593492507935
4337,177141770,118,5,0.6692241604036004,0.0,0.0,0,False,-1.1651108264923096,-0.43431356549263,-0.5078593492507935,0.7703491449356079,-0.46743640303611755,-0.5078593492507935,0.7644334435462952,-0.8131052255630493,-0.5078593492507935,-1.1710264682769775,-0.7799824476242065,-0.5078593492507935
4337,276717072,119,0,2.057085641169781,0.6855935454368591,0.0,1,True,5.000999927520752,0.0,0.0,-0.9998677968978882,0.01626025140285492,0.0,-0.9998677968978882,0.01626025140285492,-0.6855935454368591,-0.9998677968978882,0.01626025140285492,-0.6855935454368591
4337,276717072,119,1,0.11881671599698329,0.0,0.0,0,False,0.6928302049636841,-0.5233384966850281,-0.6758937835693359,0.7074466347694397,0.3754481077194214,-0.6758937835693359,0.8396084904670715,0.3732988238334656,-0.6758937835693359,0.8249920606613159,-0.5254877209663391,-0.6758937835693359
4337,276717072,119,2,0.10966355272076456,0.0,0.0,0,False,0.48675602674484253,-0.3269386887550354,-0.5943078398704529,0.4962272644042969,0.2554679214954376,-0.5943078398704529,0.6844713091850281,0.25240665674209595,-0.5943078398704529,0.675000011920929,-0.3299999535083771,-0.5943078398704529
4337,276717072,119,3,0.5195142364005392,0.0,0.0,0,False,1.1953625679016113,0.7795875072479248,-0.7555935382843018,1.1699206829071045,-0.7848774194717407,-0.7555935382843018,0.8379369378089905,-0.7794785499572754,-0.7555935382843018,0.8633788824081421,0.7849863767623901,-0.7555935382843018
4337,276717072,119,4,0.4983799364717676,0.0,0.0,0,False,-1.0795360803604126,-0.496467649936676,-0.5043871998786926,0.6781702637672424,-0.5250515937805176,-0.5043871998786926,0.6735605597496033,-0.8085165619850159,-0.5043871998786926,-1.0841457843780518,-0.7799326181411743,-0.5043871998786926
4337,276717072,119,5,0.6829403581961531,0.0,0.0,0,False,0.6735605001449585,0.39148274064064026,-0.5043871998786926,-1.0841459035873413,0.4200674593448639,-0.5043871998786926,-1.0778290033340454,0.8085053563117981,-0.5043871998786926,0.6798774600028992,0.7799206376075745,-0.5043871998786926
4337,276717072,119,6,2.5084779861977253,0.0,0.0,0,False,0.5043869018554688,0.7796034812927246,-0.5043871998786926,0.4786120653152466,-0.8053465485572815,-0.5043871998786926,-1.1036553382873535,-0.7796153426170349,-0.5043871998786926,-1.0778805017471313,0.8053346872329712,-0.5043871998786926
4337,276717072,119,7,0.8376585115944764,0.0,0.0,0,False,-1.0781126022338867,-0.30392980575561523,-0.5043871998786926,0.6813009977340698,-0.3325417637825012,-0.5043871998786926,0.6735605597496033,-0.8085168600082397,-0.5043871998786926,-1.0858529806137085,-0.7799049019813538,-0.5043871998786926
4337,276717072,119,8,0.9264436349884679,0.0,0.0,0,False,0.6713082790374756,0.2529846727848053,-0.5043871998786926,-1.0863981246948242,0.28156888484954834,-0.5043871998786926,-1.0778290033340454,0.8085048198699951,-0.5043871998786926,0.6798774003982544,0.7799206376075745,-0.5043871998786926
4337,376969332,120,0,1.3998478041739082,0.6997492909431458,0.0,1,True,3.000999927520752,0.0,0.0,-0.999997615814209,0.002176722977310419,0.0,-0.999997615814209,0.002176722977310419,-0.6997492909431458,-0.999997615814209,0.002176722977310419,-0.6997492909431458
4337,376969332,120,1,0.22519561677903788,0.0,0.0,0,False,0.7631722688674927,-0.5696368217468262,-0.7072775959968567,0.7661105990409851,0.7802261710166931,-0.7072775959968567,0.932938277721405,0.7798630595207214,-0.7072775959968567,0.9300000071525574,-0.5699999332427979,-0.7072775959968567
4337,376969332,120,2,0.3903268229422423,0.0,0.0,0,False,0.9346629977226257,-0.7798142433166504,-0.7697492837905884,0.9380591511726379,0.7804068922996521,-0.7697492837905884,1.1882320642471313,0.7798623442649841,-0.7697492837905884,1.1848357915878296,-0.7803587913513184,-0.7697492837905884
4337,376969332,120,3,0.3072998287407711,0.0,0.0,0,False,0.7376120090484619,0.7799615263938904,-0.6147029399871826,0.7349998354911804,-0.420065313577652,-0.6147029399871826,0.47892358899116516,-0.4195079207420349,-0.6147029399871826,0.48153576254844666,0.7805189490318298,-0.6147029399871826
4337,376969332,120,4,0.3622225383656641,0.0,0.0,0,False,-1.124861478805542,-0.5663110017776489,-0.5038105249404907,0.5702285170555115,-0.5700004696846008,-0.5038105249404907,0.5697633624076843,-0.7836887240409851,-0.5038105249404907,-1.1253266334533691,-0.7799992561340332,-0.5038105249404907
4337,376969332,120,5,2.511180835218015,0.0,0.0,0,False,0.48120802640914917,0.7799647450447083,-0.5038105249404907,0.4778047800064087,-0.7834888696670532,-0.5038105249404907,-1.128363013267517,-0.7799926400184631,-0.5038105249404907,-1.1249598264694214,0.7834610342979431,-0.5038105249404907
4337,376969332,120,6,0.6164866718308835,0.0,0.0,0,False,-1.1245349645614624,-0.4163113534450531,-0.5038105249404907,0.5705550312995911,-0.42000114917755127,-0.5038105249404907,0.5697633624076843,-0.7836890816688538,-0.5038105249404907,-1.1253266334533691,-0.7799992561340332,-0.5038105249404907
4337,476904550,121,0,0.34136439207924546,0.6820467710494995,0.0,1,True,0.0010000000474974513,0.0,0.0,-0.9999474287033081,-0.01025407575070858,0.0,-0.9999474287033081,-0.01025407575070858,-0.6820467710494995,-0.9999474287033081,-0.01025407575070858,-0.6820467710494995
4337,476904550,121,1,0.11541059932724096,0.0,0.0,0,False,0.7086107134819031,0.4803447127342224,-0.6103450059890747,0.7215412259101868,-0.7805994153022766,-0.6103450059890747,0.630023717880249,-0.7815378904342651,-0.6103450059890747,0.6170932054519653,0.4794062376022339,-0.6103450059890747
4337,476904550,121,2,0.22231294089250753,0.0,0.0,0,False,0.8886091113090515,0.4806523025035858,-0.687267541885376,0.9015396237373352,-0.7802918553352356,-0.687267541885376,0.7252514362335205,-0.7820996642112732,-0.687267541885376,0.7123209238052368,0.478844553232193,-0.687267541885376
4337,476904550,121,3,2.6950106582126807,0.0,0.0,0,False,-1.1248376369476318,-0.7958416938781738,-0.5045294761657715,-1.1409956216812134,0.7798359394073486,-0.5045294761657715,0.5692065358161926,0.7973734140396118,-0.5045294761657715,0.5853645205497742,-0.7783042192459106,-0.5045294761657715
4337,476904550,121,4,0.4188119619903432,0.0,0.0,0,False,0.9171801209449768,-0.7825926542282104,-0.7520467638969421,0.9011593461036682,0.779704213142395,-0.7520467638969421,1.169205665588379,0.7824529409408569,-0.7520467638969421,1.1852264404296875,-0.7798439264297485,-0.7520467638969421
4337,576946519,122,0,1.4456647530504767,0.7226524949073792,0.0,1,True,3.000999927520752,0.0,0.0,-0.9999943375587463,0.003357985056936741,0.0,-0.9999943375587463,0.003357985056936741,-0.7226524949073792,-0.9999943375587463,0.003357985056936741,-0.7226524949073792
4337,576946519,122,1,0.18020559606670172,0.0,0.0,0,False,0.6483405828475952,0.42492157220840454,-0.5916991829872131,0.6442925333976746,-0.7805012464523315,-0.5916991829872131,0.494798481464386,-0.7799992561340332,-0.5916991829872131,0.49884650111198425,0.42542362213134766,-0.5916991829872131
4337,576946519,122,2,0.24090346958634967,0.0,0.0,0,False,1.0151143074035645,-0.7799331545829773,-0.7926524877548218,1.0203542709350586,0.7805025577545166,-0.7926524877548218,1.1747347116470337,0.7799841165542603,-0.7926524877548218,1.1694947481155396,-0.7804515957832336,-0.7926524877548218
4337,576946519,122,3,0.42376524390202697,0.0,0.0,0,False,0.6710218787193298,-0.7796339988708496,-0.6909475922584534,0.6757063865661621,0.6153501868247986,-0.6909475922584534,0.9794807434082031,0.6143301129341125,-0.6909475922584534,0.9747962951660156,-0.7806540727615356,-0.6909475922584534
4337,576946519,122,4,0.5178525757987877,0.0,0.0,0,False,0.5699808597564697,0.47430768609046936,-0.5049697756767273,-1.1260074377059937,0.48000338673591614,-0.5049697756767273,-1.1249819993972778,0.7853396534919739,-0.5049697756767273,0.5710062980651855,0.7796439528465271,-0.5049697756767273
4337,576946519,122,5,2.5194376963924965,0.0,0.0,0,False,0.4845333397388458,0.779934287071228,-0.5049697756767273,0.47927671670913696,-0.785387396812439,-0.5049697756767273,-1.130238652229309,-0.7799823880195618,-0.5049697756767273,-1.1249819993972778,0.7853392958641052,-0.5049697756767273
4337,576946519,122,6,0.26337520223359334,0.0,0.0,0,False,0.5699808597564697,0.6243082284927368,-0.5049697756767273,-1.1255035400390625,0.6300016641616821,-0.5049697756767273,-1.1249819993972778,0.7853391170501709,-0.5049697756767273,0.5705024600028992,0.7796456813812256,-0.5049697756767273
4337,676935987,123,0,1.0307311845430414,0.6869262456893921,0.0,1,True,2.000999927520752,0.0,0.0,-0.9999929070472717,0.0037714275531470776,0.0,-0.9999929070472717,0.0037714275531470776,-0.6869262456893921,-0.9999929070472717,0.0037714275531470776,-0.6869262456893921
4337,676935987,123,1,0.37690107737172696,0.0,0.0,0,False,0.8296958208084106,0.6149823069572449,-0.6395165324211121,0.8244295716285706,-0.7812425494194031,-0.6395165324211121,0.5544904470443726,-0.7802243828773499,-0.6395165324211121,0.5597566962242126,0.6160004734992981,-0.6395165324211121
4337,676935987,123,2,0.4524345236643885,0.0,0.0,0,False,0.8653644323348999,-0.7040206789970398,-0.7569262385368347,0.8709661364555359,0.7811278700828552,-0.7569262385368347,1.1756010055541992,0.77997887134552,-0.7569262385368347,1.169999361038208,-0.7051697373390198,-0.7569262385368347
4337,676935987,123,3,0.26517132333664684,0.0,0.0,0,False,0.5699759125709534,0.62360680103302,-0.503991425037384,-1.125565767288208,0.6300021409988403,-0.503991425037384,-1.1249759197235107,0.7863931655883789,-0.503991425037384,0.5705657601356506,0.7799978852272034,-0.503991425037384
4337,676935987,123,4,2.633876191927934,0.0,0.0,0,False,0.556696891784668,0.7798804044723511,-0.503991425037384,0.5507895350456238,-0.786320686340332,-0.503991425037384,-1.1308839321136475,-0.7799777388572693,-0.503991425037384,-1.1249765157699585,0.786223292350769,-0.503991425037384
4337,777032497,124,0,0.34870979253668305,0.6967228651046753,1.734723475976807e-18,1,True,0.0010000000474974513,0.0,0.0,-0.9999679327011108,0.008011821657419205,0.0,-0.9999679327011108,0.008011821657419205,-0.6967228651046753,-0.9999679327011108,0.008011821657419205,-0.6967228651046753
4337,777032497,124,1,0.173346237589457,0.0,0.0,0,False,0.6685127019882202,-0.404707670211792,-0.6651920676231384,0.6754845976829529,0.4654768705368042,-0.6651920676231384,0.8746781349182129,0.4638809263706207,-0.6651920676231384,0.8677061796188354,-0.40630361437797546,-0.6651920676231384
4337,777032497,124,2,2.778999511395302,0.0,0.0,0,False,-1.137498140335083,-0.7798998951911926,-0.5044108629226685,-1.1249009370803833,0.7923779487609863,-0.5044108629226685,0.6424846053123474,0.7782175540924072,-0.5044108629226685,0.6298874020576477,-0.7940602898597717,-0.5044108629226685
4337,777032497,124,3,0.4710955346534078,0.0,0.0,0,False,0.8651940822601318,-0.7798411846160889,-0.7667228579521179,0.8777104020118713,0.7823417782783508,-0.7667228579521179,1.179253339767456,0.7799258232116699,-0.7667228579521179,1.1667370796203613,-0.7822571992874146,-0.7667228579521179
4337,877084091,125,0,1.418698947131306,0.7091935276985168,0.0,1,True,3.000999927520752,0.0,0.0,-0.9998395442962646,0.017911816015839577,0.0,-0.9998395442962646,0.017911816015839577,-0.7091935276985168,-0.9998395442962646,0.017911816015839577,-0.7091935276985168
4337,877084091,125,1,0.09124759214061484,0.0,0.0,0,False,0.8137704730033875,0.7810072898864746,-0.6723727583885193,0.7911618947982788,-0.4810061454772949,-0.6723727583885193,0.7188819050788879,-0.47971126437187195,-0.6723727583885193,0.7414904832839966,0.7823021411895752,-0.6723727583885193
4337,877084091,125,2,0.24508425332419925,0.0,0.0,0,False,0.7264425754547119,0.7769285440444946,-0.5845900774002075,0.7049903273582458,-0.4205372631549835,-0.5845900774002075,0.5003868937492371,-0.4168718755245209,-0.5845900774002075,0.5218391418457031,0.780593991279602,-0.5845900774002075
4337,877084091,125,3,0.4169034645135632,0.0,0.0,0,False,0.9020909667015076,-0.7778877019882202,-0.7791935205459595,0.9300768971443176,0.7842980027198792,-0.7791935205459595,1.1968631744384766,0.7795186042785645,-0.7791935205459595,1.1688772439956665,-0.7826671004295349,-0.7791935205459595
4337,877084091,125,4,0.5733255910198487,0.0,0.0,0,False,-1.1600555181503296,-0.44900643825531006,-0.505000114440918,0.5753726959228516,-0.4800962805747986,-0.505000114440918,0.569456160068512,-0.8103557825088501,-0.505000114440918,-1.1659719944000244,-0.7792659401893616,-0.505000114440918
4337,877084091,125,5,2.6142248889911652,0.0,0.0,0,False,0.5079379677772522,0.7794994711875916,-0.505000114440918,0.47948503494262695,-0.8087437748908997,-0.505000114440918,-1.165972113609314,-0.7792658805847168,-0.505000114440918,-1.137519121170044,0.8089773654937744,-0.505000114440918
4337,877084091,125,6,0.6774506704639407,0.0,0.0,0,False,-1.1589810848236084,-0.3890259861946106,-0.505000114440918,0.5764471292495728,-0.42011547088623047,-0.505000114440918,0.5694561004638672,-0.8103553652763367,-0.505000114440918,-1.165972113609314,-0.7792658805847168,-0.505000114440918
4337,977095142,126,0,1.0476272755456821,0.6982393860816956,0.0,1,True,2.000999927520752,0.0,0.0,-0.9996525049209595,0.026359358802437782,0.0,-0.9996525049209595,0.026359358802437782,-0.6982393860816956,-0.9996525049209595,0.026359358802437782,-0.6982393860816956
4337,977095142,126,1,0.09078245598388257,0.0,0.0,0,False,0.5710269808769226,0.4049729108810425,-0.5542944669723511,0.5396663546562195,-0.7843419909477234,-0.5542944669723511,0.46338769793510437,-0.7823306322097778,-0.5542944669723511,0.4947482645511627,0.40698426961898804,-0.5542944669723511
4337,977095142,126,2,0.14359622514041082,0.0,0.0,0,False,0.8802452683448792,0.26854321360588074,-0.6707449555397034,0.8564987778663635,-0.6320170760154724,-0.6707449555397034,0.6971575021743774,-0.6278154850006104,-0.6707449555397034,0.7209039330482483,0.2727448046207428,-0.6707449555397034
4337,977095142,126,3,0.44258390444563034,0.0,0.0,0,False,0.8563432693481445,-0.6979159116744995,-0.7682393789291382,0.893528401851654,0.7122901678085327,-0.7682393789291382,1.2071537971496582,0.7040202617645264,-0.7682393789291382,1.169968605041504,-0.7061857581138611,-0.7682393789291382
4337,977095142,126,4,0.6285402666200577,0.0,0.0,0,False,0.5692295432090759,0.4057812988758087,-0.5048806667327881,-1.133683443069458,0.45068463683128357,-0.5048806667327881,-1.123957633972168,0.8195253014564514,-0.5048806667327881,0.5789552927017212,0.7746219635009766,-0.5048806667327881
4337,977095142,126,5,2.5887687501421492,0.0,0.0,0,False,0.48783212900161743,0.7770247459411621,-0.5048806667327881,0.44565221667289734,-0.822602391242981,-0.5048806667327881,-1.1715809106826782,-0.7799582481384277,-0.5048806667327881,-1.1294009685516357,0.8196689486503601,-0.5048806667327881
4338,76940236,127,0,2.4569077516027873,0.7018771171569824,0.0,1,True,6.000999927520752,0.0,0.0,-0.9999565482139587,0.00932054128497839,0.0,-0.9999565482139587,0.00932054128497839,-0.7018771171569824,-0.9999565482139587,0.00932054128497839,-0.7018771171569824
4338,76940236,127,1,0.04601780641888098,0.0,0.0,0,False,0.8413914442062378,0.26942771673202515,-0.6987135410308838,0.834405243396759,-0.48008766770362854,-0.6987135410308838,0.7730138301849365,-0.4795154333114624,-0.6987135410308838,0.7800000309944153,0.2699999511241913,-0.6987135410308838
4338,76940236,127,2,0.12856291565820221,0.0,0.0,0,False,0.6452808976173401,0.4652769863605499,-0.5775985717773438,0.6378674507141113,-0.3300732970237732,-0.5775985717773438,0.4762383699417114,-0.3285667598247528,-0.5775985717773438,0.4836517870426178,0.4667835235595703,-0.5775985717773438
4338,76940236,127,3,0.3814522238518805,0.0,0.0,0,False,1.1845393180847168,0.7798643708229065,-0.771877110004425,1.1699790954589844,-0.7822367548942566,-0.771877110004425,0.9258085489273071,-0.7799608111381531,-0.771877110004425,0.9403687715530396,0.78214031457901,-0.771877110004425
4338,76940236,127,4,0.038958225147386116,0.0,0.0,0,False,0.8245675563812256,0.5236058235168457,-0.5099911093711853,0.672623336315155,0.5250220894813538,-0.5099911093711853,0.67501300573349,0.7813979983329773,-0.5099911093711853,0.8269572854042053,0.7799816727638245,-0.5099911093711853
4338,76940236,127,5,0.6181060703006711,0.0,0.0,0,False,-1.1234456300735474,-0.46323657035827637,-0.5099911093711853,0.8277829885482788,-0.48142412304878235,-0.5099911093711853,0.8248305320739746,-0.7981745004653931,-0.5099911093711853,-1.1263980865478516,-0.7799869179725647,-0.5099911093711853
4338,76940236,127,6,0.16694365075674256,0.0,0.0,0,False,0.6604605317115784,-0.7798643708229065,-0.5099911093711853,0.6750091314315796,0.7809785604476929,-0.5099911093711853,0.78195720911026,0.7799816727638245,-0.5099911093711853,0.7674086093902588,-0.7808611989021301,-0.5099911093711853
4338,76940236,127,7,0.617464081752698,0.0,0.0,0,False,0.8240087032318115,0.46365097165107727,-0.5099911093711853,-1.1277790069580078,0.481843501329422,-0.5099911093711853,-1.1248306035995483,0.7981742024421692,-0.5099911093711853,0.8269571661949158,0.7799817323684692,-0.5099911093711853
4338,76940236,127,8,2.535737850545126,0.0,0.0,0,False,0.48517265915870667,0.7799517512321472,-0.5099911093711853,0.4704938232898712,-0.79487144947052,-0.5099911093711853,-1.139539361000061,-0.7798643708229065,-0.5099911093711853,-1.1248605251312256,0.794958770275116,-0.5099911093711853
4338,76940236,127,9,0.8592010919658151,0.0,0.0,0,False,-1.1220605373382568,-0.3146478235721588,-0.5099911093711853,0.7241771221160889,-0.33185651898384094,-0.5099911093711853,0.7198396921157837,-0.797195553779602,-0.5099911093711853,-1.126397967338562,-0.7799868583679199,-0.5099911093711853
4338,176982204,128,0,0.34465313094808925,0.6886176466941833,0.0,1,True,0.0010000000474974513,0.0,0.0,-0.9999999403953552,0.0003348522004671395,0.0,-0.9999999403953552,0.0003348522004671395,-0.6886176466941833,-0.9999999403953552,0.0003348522004671395,-0.6886176466941833
4338,176982204,128,1,0.26263332449847,0.0,0.0,0,False,0.8704503774642944,0.5650014877319336,-0.6650973558425903,0.8700000047683716,-0.7799999117851257,-0.6650973558425903,0.6747338175773621,-0.7799345254898071,-0.6650973558425903,0.6751841902732849,0.5650668740272522,-0.6650973558425903
4338,176982204,128,2,0.3790665873311454,0.0,0.0,0,False,1.170497179031372,0.7799997925758362,-0.758617639541626,1.1699999570846558,-0.7050150036811829,-0.758617639541626,0.9147388339042664,-0.704929530620575,-0.758617639541626,0.9152360558509827,0.7800852656364441,-0.758617639541626
4338,176982204,128,3,2.5755692461444326,0.0,0.0,0,False,-1.125472068786621,-0.7799997329711914,-0.5041844844818115,-1.12494957447052,0.7805523872375488,-0.5041844844818115,0.5254720449447632,0.7799997925758362,-0.5041844844818115,0.5249495506286621,-0.780552327632904,-0.5041844844818115
4338,276938714,129,0,1.3707354262426261,0.6852835416793823,0.0,1,True,3.000999927520752,0.0,0.0,-0.9993219375610352,-0.03681965172290802,0.0,-0.9993219375610352,-0.03681965172290802,-0.6852835416793823,-0.9993219375610352,-0.03681965172290802,-0.6852835416793823
4338,276938714,129,1,0.0718609925382343,0.0,0.0,0,False,0.5699593424797058,0.4049984812736511,-0.564619243144989,0.5941828489303589,-0.25245097279548645,-0.564619243144989,0.48502832651138306,-0.25647273659706116,-0.564619243144989,0.46080484986305237,0.4009767174720764,-0.564619243144989
4338,276938714,129,2,0.2764903671665184,0.0,0.0,0,False,0.6617236733436584,-0.7860158085823059,-0.6651901602745056,0.6189820170402527,0.3740413784980774,-0.6651901602745056,0.8570008873939514,0.3828110694885254,-0.6651901602745056,0.899742603302002,-0.7772461175918579,-0.6651901602745056
4338,276938714,129,3,0.4966897839443831,0.0,0.0,0,False,0.90186607837677,-0.7898792028427124,-0.755283534526825,0.8440598845481873,0.7790442705154419,-0.755283534526825,1.1602107286453247,0.7906926870346069,-0.755283534526825,1.2180168628692627,-0.7782307863235474,-0.755283534526825
4338,276938714,129,4,0.7020454378946352,0.0,0.0,0,False,0.48836585879325867,0.4029417335987091,-0.5047118663787842,-1.119977355003357,0.34368282556533813,-0.5047118663787842,-1.1360384225845337,0.779593288898468,-0.5047118663787842,0.4723048806190491,0.8388522267341614,-0.5047118663787842
4338,276938714,129,5,2.549702985339038,0.0,0.0,0,False,0.4408455193042755,0.8376929759979248,-0.5047118663787842,0.5003397464752197,-0.7770398855209351,-0.5047118663787842,-1.0765442848205566,-0.8351395726203918,-0.5047118663787842,-1.1360384225845337,0.779593288898468,-0.5047118663787842
4338,276938714,129,6,0.8390590677763878,0.0,0.0,0,False,-1.0948495864868164,-0.31697142124176025,-0.5047118663787842,0.5223246216773987,-0.2573871612548828,-0.5047118663787842,0.541415274143219,-0.7755264639854431,-0.5047118663787842,-1.075758934020996,-0.8351107835769653,-0.5047118663787842
4338,376884433,130,0,0.34983977147274165,0.6989805698394775,0.0,1,True,0.0010000000474974513,0.0,0.0,-0.9999654293060303,0.008317924104630947,0.0,-0.9999654293060303,0.008317924104630947,-0.6989805698394775,-0.9999654293060303,0.008317924104630947,-0.6989805698394775
4338,376884433,130,1,0.16789800176678504,0.0,0.0,0,False,0.8503462076187134,0.5245396494865417,-0.6894280314445496,0.8394968509674072,-0.7797462940216064,-0.6894280314445496,0.7107778787612915,-0.7786755561828613,-0.6894280314445496,0.7216271758079529,0.5256103873252869,-0.6894280314445496
4338,376884433,130,2,2.852439980295003,0.0,0.0,0,False,-1.1379755735397339,-0.779892086982727,-0.5047156810760498,-1.124875545501709,0.7949717044830322,-0.5047156810760498,0.6862287521362305,0.7799066305160522,-0.5047156810760498,0.6731287837028503,-0.794957160949707,-0.5047156810760498
4338,376884433,130,3,0.4828753796703893,0.0,0.0,0,False,0.8600364923477173,-0.7777959704399109,-0.7689805626869202,0.8730151653289795,0.7824704051017761,-0.7689805626869202,1.1824764013290405,0.7798962593078613,-0.7689805626869202,1.1694977283477783,-0.7803701758384705,-0.7689805626869202
4338,476897234,131,0,0.33659909205054195,0.6725258231163025,0.0,1,True,0.0010000000474974513,0.0,0.0,-0.9997707605361938,-0.0214101392775774,0.0,-0.9997707605361938,-0.0214101392775774,-0.6725258231163025,-0.9997707605361938,-0.0214101392775774,-0.6725258231163025
4338,476897234,131,1,0.15301054084187182,0.0,0.0,0,False,0.5825976729393005,-0.4682636857032776,-0.625319242477417,0.5626220107078552,0.46452075242996216,-0.625319242477417,0.7265831828117371,0.46803197264671326,-0.625319242477417,0.7465587854385376,-0.4647524654865265,-0.625319242477417
4338,476897234,131,2,0.6740840983029557,0.0,0.0,0,False,0.7816407680511475,-0.7851044535636902,-0.7425258159637451,0.7481799721717834,0.7773911356925964,-0.7425258159637451,1.1793972253799438,0.7866256833076477,-0.7425258159637451,1.2128580808639526,-0.7758699059486389,-0.7425258159637451
4338,476897234,131,3,2.744743701947094,0.0,0.0,0,False,-1.1380577087402344,-0.816578209400177,-0.5039166808128357,-1.1722406148910522,0.779630720615387,-0.5039166808128357,0.5465102791786194,0.8164379000663757,-0.5039166808128357,0.5806931853294373,-0.7797710299491882,-0.5039166808128357
4338,576935994,132,0,2.2187570114767543,0.7394628524780273,4.336808689942018e-19,1,True,5.000999927520752,0.0,0.0,-0.9999959468841553,-0.0028372041415423155,0.0,-0.9999959468841553,-0.0028372041415423155,-0.7394628524780273,-0.9999959468841553,-0.0028372041415423155,-0.7394628524780273
4338,576935994,132,1,0.1704652495944643,0.0,0.0,0,False,1.0651711225509644,-0.7802973985671997,-0.80946284532547,1.0607444047927856,0.7799453139305115,-0.80946284532547,1.169999122619629,0.7802553176879883,-0.80946284532547,1.1744258403778076,-0.7799873948097229,-0.80946284532547
4338,576935994,132,2,0.20460334977055794,0.0,0.0,0,False,0.7205114960670471,-0.5552964210510254,-0.6710543036460876,0.7167243361473083,0.7795650362968445,-0.6710543036460876,0.8699999451637268,0.7799999117851257,-0.6710543036460876,0.8737871050834656,-0.5548615455627441,-0.6710543036460876
4338,576935994,132,3,0.16314755887534282,0.0,0.0,0,False,0.6897444128990173,0.4200417995452881,-0.589020311832428,0.6922978758811951,-0.4799509346485138,-0.589020311832428,0.5110228061676025,-0.48046523332595825,-0.589020311832428,0.5084693431854248,0.41952750086784363,-0.589020311832428
4338,576935994,132,4,0.20984775660615007,0.0,0.0,0,False,0.8751855492591858,-0.6304107308387756,-0.7394503951072693,0.8711848855018616,0.7797054052352905,-0.7394503951072693,1.019999623298645,0.7801276445388794,-0.7394503951072693,1.0240002870559692,-0.6299885511398315,-0.7394503951072693
4338,576935994,132,5,0.4014862874490692,0.0,0.0,0,False,-1.1256023645401,-0.5676970481872559,-0.5086150169372559,0.7199786305427551,-0.5624607801437378,-0.5086150169372559,0.7205958366394043,-0.779998242855072,-0.5086150169372559,-1.1249850988388062,-0.7852345705032349,-0.5086150169372559
4338,576935994,132,6,0.6715613160561453,0.0,0.0,0,False,0.715183675289154,0.42024171352386475,-0.5086150169372559,-1.1248157024383545,0.4150214195251465,-0.5086150169372559,-1.1258511543273926,0.7799975872039795,-0.5086150169372559,0.7141481637954712,0.7852178812026978,-0.5086150169372559
4338,576935994,132,7,2.518013023495384,0.0,0.0,0,False,0.47998711466789246,0.784553587436676,-0.5086150169372559,0.48442602157592773,-0.7799873948097229,-0.5086150169372559,-1.1249871253967285,-0.784553587436676,-0.5086150169372559,-1.1294260025024414,0.7799873352050781,-0.5086150169372559
4338,576935994,132,8,0.4803170036927984,0.0,0.0,0,False,-1.1257233619689941,-0.5250020027160645,-0.5086150169372559,0.7199851870536804,-0.5197654962539673,-0.5086150169372559,0.7207235097885132,-0.7799978852272034,-0.5086150169372559,-1.1249849796295166,-0.7852343916893005,-0.5086150169372559
4338,576935994,132,9,0.2723039253607169,0.0,0.0,0,False,-1.1254037618637085,-0.6376679539680481,-0.5086150169372559,0.7198792695999146,-0.6324326992034912,-0.5086150169372559,0.7202979326248169,-0.7799990773200989,-0.5086150169372559,-1.1249850988388062,-0.7852343320846558,-0.5086150169372559
4338,677117963,133,0,1.0317363912619657,0.6876220703125,3.469446951953614e-18,1,True,2.000999927520752,0.0,0.0,-0.9998233318328857,-0.018796812742948532,0.0,-0.9998233318328857,-0.018796812742948532,-0.6876220703125,-0.9998233318328857,-0.018796812742948532,-0.6876220703125
4338,677117963,133,1,0.2557116723478998,0.0,0.0,0,False,0.839957594871521,0.781973123550415,-0.6473174095153809,0.8607813119888306,-0.32566124200820923,-0.6473174095153809,0.6299999952316284,-0.32999998331069946,-0.6473174095153809,0.6091762781143188,0.7776344418525696,-0.6473174095153809
4338,677117963,133,2,0.5062101113792394,0.0,0.0,0,False,1.1699151992797852,0.7845103740692139,-0.7576220631599426,1.1993178129196167,-0.7794487476348877,-0.7576220631599426,0.8757599592208862,-0.7855316996574402,-0.7576220631599426,0.8463573455810547,0.7784274220466614,-0.7576220631599426
4338,677117963,133,3,2.7638945392724015,0.0,0.0,0,False,0.6057000756263733,0.812537431716919,-0.5082061290740967,0.6356009244918823,-0.7779206037521362,-0.5082061290740967,-1.1015828847885132,-0.8105799555778503,-0.5082061290740967,-1.131483793258667,0.7798780798912048,-0.5082061290740967
4338,677117963,133,4,0.7919841350350474,0.0,0.0,0,False,-1.087611436843872,-0.3751431107521057,-0.5082061290740967,0.7171088457107544,-0.3412139415740967,-0.5082061290740967,0.7253562211990356,-0.7798992991447449,-0.5082061290740967,-1.0793640613555908,-0.8138284087181091,-0.5082061290740967
4338,777004764,134,0,0.352960594258524,0.7052159905433655,8.673617379884035e-19,1,True,0.0010000000474974513,0.0,0.0,-0.9999849796295166,-0.005478988401591778,0.0,-0.9999849796295166,-0.005478988401591778,-0.7052159905433655,-0.9999849796295166,-0.005478988401591778,-0.7052159905433655
4338,777004764,134,1,0.5457790317845443,0.0,0.0,0,False,0.8282963633537292,-0.7816256284713745,-0.7752159833908081,0.8197446465492249,0.7791492342948914,-0.7752159833908081,1.1694188117980957,0.7810651659965515,-0.7752159833908081,1.1779705286026,-0.7797096967697144,-0.7752159833908081
4338,777004764,134,2,3.0050161890036886,0.0,0.0,0,False,-1.1249427795410156,-0.7904372811317444,-0.5062220692634583,-1.133547067642212,0.7799530625343323,-0.5062220692634583,0.7799428105354309,0.7904372215270996,-0.5062220692634583,0.7885470390319824,-0.779953122138977,-0.5062220692634583
4338,876981108,135,0,0.34786819387370627,0.6950413584709167,0.0,1,True,0.0010000000474974513,0.0,0.0,-0.9999902248382568,0.004419828299432993,0.0,-0.9999902248382568,0.004419828299432993,-0.6950413584709167,-0.9999902248382568,0.004419828299432993,-0.6950413584709167
4338,876981108,135,1,0.22987749190767026,0.0,0.0,0,False,0.628475546836853,-0.5249269008636475,-0.6601530909538269,0.6324566006660461,0.37585094571113586,-0.6601530909538269,0.8876504898071289,0.3747231066226959,-0.6601530909538269,0.8836694359779358,-0.5260547399520874,-0.6601530909538269
4338,876981108,135,2,2.689059022933522,0.0,0.0,0,False,-1.1318951845169067,-0.7799694538116455,-0.5105189681053162,-1.1249678134918213,0.7872929573059082,-0.5105189681053162,0.5907669067382812,0.7797092795372009,-0.5105189681053162,0.583839476108551,-0.7875531315803528,-0.5105189681053162
4338,876981108,135,3,0.4083071913178955,0.0,0.0,0,False,0.9081076383590698,-0.7795054316520691,-0.7650413513183594,0.9150049686431885,0.7811269164085388,-0.7650413513183594,1.1766291856765747,0.779970645904541,-0.7650413513183594,1.169731855392456,-0.7806617021560669,-0.7650413513183594
4338,976973784,136,0,1.395500186859253,0.6976251602172852,0.0,1,True,3.000999927520752,0.0,0.0,-0.9996219277381897,0.027494708076119423,0.0,-0.9996219277381897,0.027494708076119423,-0.6976251602172852,-0.9996219277381897,0.027494708076119423,-0.6976251602172852
4338,976973784,136,1,0.15815112513930618,0.0,0.0,0,False,0.615061342716217,0.5241731405258179,-0.5661299228668213,0.5791715383529663,-0.7806647419929504,-0.5661299228668213,0.45805951952934265,-0.7773335576057434,-0.5661299228668213,0.493949294090271,0.5275043249130249,-0.5661299228668213
4338,976973784,136,2,0.2748371229520288,0.0,0.0,0,False,0.8291610479354858,0.5232352018356323,-0.645039975643158,0.7931581139564514,-0.7857252955436707,-0.645039975643158,0.5833508968353271,-0.7799545526504517,-0.645039975643158,0.6193538308143616,0.5290059447288513,-0.645039975643158
4338,976973784,136,3,0.5826579172575208,0.0,0.0,0,False,0.7946512699127197,-0.7733891606330872,-0.7676251530647278,0.8375152349472046,0.7850191593170166,-0.7676251530647278,1.2111127376556396,0.774743378162384,-0.7676251530647278,1.1682487726211548,-0.7836649417877197,-0.7676251530647278
4338,976973784,136,4,0.4173429424204613,0.0,0.0,0,False,0.5221830010414124,0.5275822877883911,-0.504808783531189,-1.1306922435760498,0.5730445981025696,-0.504808783531189,-1.1237525939941406,0.8253488540649414,-0.504808783531189,0.5291225910186768,0.7798865437507629,-0.504808783531189
4338,976973784,136,5,2.60319871701026,0.0,0.0,0,False,0.4940170347690582,0.7796144485473633,-0.504808783531189,0.44989410042762756,-0.8245554566383362,-0.504808783531189,-1.1716490983963013,-0.7799546718597412,-0.504808783531189,-1.1275261640548706,0.8242152333259583,-0.504808783531189
4338,976973784,136,6,0.41052362656600394,0.0,0.0,0,False,0.5222963094711304,0.531704843044281,-0.504808783531189,-1.130578875541687,0.5771671533584595,-0.504808783531189,-1.1237527132034302,0.8253487944602966,-0.504808783531189,0.5291225910186768,0.7798864841461182,-0.504808783531189
4339,76901128,137,0,1.03163818753591,0.6878476142883301,0.0,1,True,2.000999927520752,0.0,0.0,-0.9979198575019836,-0.06446635723114014,0.0,-0.9979198575019836,-0.06446635723114014,-0.6878476142883301,-0.9979198575019836,-0.06446635723114014,-0.6878476142883301
4339,76901128,137,1,0.2958745922798034,0.0,0.0,0,False,0.6639971733093262,-0.7884629368782043,-0.651273250579834,0.5828763842582703,0.4672657549381256,-0.651273250579834,0.8175170421600342,0.48242366313934326,-0.651273250579834,0.8986377716064453,-0.7733050584793091,-0.651273250579834
4339,76901128,137,2,0.5286635372870698,0.0,0.0,0,False,1.1699998378753662,0.7049999833106995,-0.7578476071357727,1.2655333280563354,-0.7738284468650818,-0.7578476071357727,0.9095308780670166,-0.7968264818191528,-0.7578476071357727,0.8139975070953369,0.6820019483566284,-0.7578476071357727
4339,76901128,137,3,2.8176994276109433,0.0,0.0,0,False,0.5533059239387512,0.8884196281433105,-0.504456102848053,0.6600849032402039,-0.7644904255867004,-0.504456102848053,-1.0375207662582397,-0.8741567134857178,-0.504456102848053,-1.1442996263504028,0.7787533402442932,-0.504456102848053
4339,76901128,137,4,0.741898637816842,0.0,0.0,0,False,0.6430658102035522,0.4727448523044586,-0.504456102848053,-1.117185354232788,0.35903170704841614,-0.504456102848053,-1.1442996263504028,0.7787532806396484,-0.504456102848053,0.6159515380859375,0.8924664258956909,-0.504456102848053
4339,176911305,138,0,0.3547269650376004,0.7087453007698059,3.469446951953614e-18,1,True,0.0010000000474974513,0.0,0.0,-0.9998177886009216,0.0190899521112442,0.0,-0.9998177886009216,0.0190899521112442,-0.7087453007698059,-0.9998177886009216,0.0190899521112442,-0.7087453007698059
4339,176911305,138,1,0.07122417488218069,0.0,0.0,0,False,0.7045618891716003,-0.478559672832489,-0.6640990972518921,0.722582221031189,0.4652371108531952,-0.6640990972518921,0.7980203032493591,0.4637967646121979,-0.6640990972518921,0.7799999713897705,-0.48000001907348633,-0.6640990972518921
4339,176911305,138,2,0.49911614536528504,0.0,0.0,0,False,0.8493871688842773,-0.7764559984207153,-0.7787452936172485,0.8792111277580261,0.7855522036552429,-0.7787452936172485,1.19862961769104,0.7794533967971802,-0.7787452936172485,1.1688055992126465,-0.7825548052787781,-0.7787452936172485
4339,176911305,138,3,2.6355050229437538,0.0,0.0,0,False,-1.108629822731018,-0.7794533967971802,-0.5033831596374512,-1.0782536268234253,0.8114708662033081,-0.5033831596374512,0.5777300000190735,0.7798525094985962,-0.5033831596374512,0.5473538637161255,-0.8110717535018921,-0.5033831596374512
4339,277050106,139,0,0.3460757275795319,0.691460132598877,0.0,1,True,0.0010000000474974513,0.0,0.0,-0.9997876882553101,-0.020605936646461487,0.0,-0.9997876882553101,-0.020605936646461487,-0.691460132598877,-0.9997876882553101,-0.020605936646461487,-0.691460132598877
4339,277050106,139,1,0.16950841756649737,0.0,0.0,0,False,0.8783301115036011,0.5260991454124451,-0.6881406307220459,0.9052597284317017,-0.7805099487304688,-0.6881406307220459,0.7755832672119141,-0.7831826210021973,-0.6881406307220459,0.7486536502838135,0.5234264731407166,-0.6881406307220459
4339,277050106,139,2,2.969673405584544,0.0,0.0,0,False,0.719133734703064,0.8189356327056885,-0.5087418556213379,0.7520937919616699,-0.7802659869194031,-0.5087418556213379,-1.1040902137756348,-0.8185225129127502,-0.5087418556213379,-1.1370502710342407,0.7806791067123413,-0.5087418556213379
4339,277050106,139,3,0.4623395958056733,0.0,0.0,0,False,0.9057873487472534,-0.78359055519104,-0.7614601254463196,0.8736425638198853,0.7760561108589172,-0.7614601254463196,1.1699553728103638,0.7821632027626038,-0.7614601254463196,1.202100157737732,-0.7774834632873535,-0.7614601254463196
4339,377017408,140,0,0.3476718125062297,0.6946513652801514,0.0,1,True,0.0010000000474974513,0.0,0.0,-0.996548593044281,-0.08301151543855667,0.0,-0.996548593044281,-0.08301151543855667,-0.6946513652801514,-0.996548593044281,-0.08301151543855667,-0.6946513652801514
4339,377017408,140,1,0.2038141887863567,0.0,0.0,0,False,0.8043133020401001,0.7857736945152283,-0.6765756607055664,0.9339844584465027,-0.7709216475486755,-0.6765756607055664,0.8039591908454895,-0.7817525863647461,-0.6765756607055664,0.6742880344390869,0.7749427556991577,-0.6765756607055664
4339,377017408,140,2,2.86158636556155,0.0,0.0,0,False,-1.0387818813323975,-0.9002655744552612,-0.504190981388092,-1.1786861419677734,0.7792764902114868,-0.504190981388092,0.5133628249168396,0.9202225208282471,-0.504190981388092,0.6532670855522156,-0.759319543838501,-0.504190981388092
4339,377017408,140,3,0.4615119757984303,0.0,0.0,0,False,0.9369218349456787,-0.7881697416305542,-0.764651358127594,0.8071472644805908,0.7697664499282837,-0.764651358127594,1.1013388633728027,0.7942723035812378,-0.764651358127594,1.2311134338378906,-0.7636638879776001,-0.764651358127594
4339,476980626,141,0,0.35024713044671607,0.6997947096824646,0.0,1,True,0.0010000000474974513,0.0,0.0,-0.9996521472930908,0.026373915374279022,0.0,-0.9996521472930908,0.026373915374279022,-0.6997947096824646,-0.9996521472930908,0.026373915374279022,-0.6997947096824646
4339,476980626,141,1,0.45263110377594806,0.0,0.0,0,False,0.8794634342193604,-0.7798539400100708,-0.7697947025299072,0.9207907319068909,0.7865749001502991,-0.7697947025299072,1.2095470428466797,0.7789565920829773,-0.7697947025299072,1.168219804763794,-0.7874722480773926,-0.7697947025299072
4339,476980626,141,2,2.7155689756520225,0.0,0.0,0,False,-1.1340959072113037,-0.7797600030899048,-0.5050060749053955,-1.0917878150939941,0.8238431811332703,-0.5050060749053955,0.6004512906074524,0.7791966199874878,-0.5050060749053955,0.5581432580947876,-0.8244065642356873,-0.5050060749053955
