stamp_sec,stamp_nsec,frame_index,group_index,area_m2,z_range_m,planarity_error_m,duplicate_vertices,degenerate,p0_x,p0_y,p0_z,p1_x,p1_y,p1_z,p2_x,p2_y,p2_z,p3_x,p3_y,p3_z
10415,277051020,0,0,1.41551085334308,0.7075052857398987,0.0,1,True,5.000999927520752,0.0,0.0,0.999668538570404,0.025745408609509468,0.0,0.999668538570404,0.025745408609509468,-0.7075052857398987,0.999668538570404,0.025745408609509468,-0.7075052857398987
10415,277051020,0,1,0.1541559907521588,0.0,0.0,0,False,1.1699005365371704,0.7838605642318726,-0.7775052785873413,1.1854420900344849,0.18039767444133759,-0.7775052785873413,0.9301590919494629,0.17382313311100006,-0.7775052785873413,0.9146175384521484,0.7772859930992126,-0.7775052785873413
10415,277051020,0,2,0.21446270321257022,0.0,0.0,0,False,0.7672105431556702,-0.07339783757925034,-0.6116179823875427,0.7852953672409058,-0.7756142020225525,-0.6116179823875427,0.4800895154476166,-0.7834744453430176,-0.6116179823875427,0.4620046615600586,-0.08125809580087662,-0.6116179823875427
10415,277051020,0,3,0.12401719410860501,0.0,0.0,0,False,0.9260997176170349,0.27144476771354675,-0.6444533467292786,0.9348496794700623,-0.06830784678459167,-0.6444533467292786,0.5700696110725403,-0.07770237326622009,-0.6444533467292786,0.5613195896148682,0.26205024123191833,-0.6444533467292786
10415,277051020,0,4,0.15120456317631836,0.0,0.0,0,False,0.7722789645195007,0.11980115622282028,-0.6444533467292786,1.1693553924560547,0.1300274282693863,-0.6444533467292786,1.1791558265686035,-0.25051480531692505,-0.6444533467292786,0.7820794582366943,-0.26074108481407166,-0.6444533467292786
10415,277051020,0,5,0.15120455008779388,0.0,0.0,0,False,0.7820794582366943,-0.26074108481407166,-0.6444533467292786,0.7722790241241455,0.11980114877223969,-0.6444533467292786,1.1693553924560547,0.1300274282693863,-0.6444533467292786,1.1791558265686035,-0.25051480531692505,-0.6444533467292786
10415,277051020,0,6,0.12401719410860501,0.0,0.0,0,False,0.9348496794700623,-0.06830784678459167,-0.6444533467292786,0.5700696110725403,-0.07770237326622009,-0.6444533467292786,0.5613195896148682,0.26205024123191833,-0.6444533467292786,0.9260997176170349,0.27144476771354675,-0.6444533467292786
10415,277051020,0,7,2.545057255522498,0.0,0.0,0,False,0.4162437319755554,0.8208521008491516,-0.5041238069534302,0.45744720101356506,-0.7790355086326599,-0.5041238069534302,-1.1322709321975708,-0.8199770450592041,-0.5041238069534302,-1.1734744310379028,0.7799105048179626,-0.5041238069534302
10415,377014239,1,0,1.0585782657698921,0.7054865956306458,0.0,1,True,2.000999927520752,0.0,0.0,-0.9999815225601196,-0.006079753395169973,0.0,-0.9999815225601196,-0.006079753395169973,-0.7054865956306458,-0.9999815225601196,-0.006079753395169973,-0.7054865956306458
10415,377014239,1,1,0.14954569681721175,0.0,0.0,0,False,0.9306467175483704,0.1636359691619873,-0.7754865884780884,0.9269065856933594,0.7787955403327942,-0.7754865884780884,1.169998288154602,0.7802734971046448,-0.7754865884780884,1.1737383604049683,0.1651139259338379,-0.7754865884780884
10415,377014239,1,2,0.04732792925815499,0.0,0.0,0,False,1.0350043773651123,-0.2257295399904251,-0.585615873336792,1.0329041481018066,0.11971365660429001,-0.585615873336792,1.169905424118042,0.1205466091632843,-0.585615873336792,1.1720057725906372,-0.2248965948820114,-0.585615873336792
10415,377014239,1,3,0.492824152244296,0.0,0.0,0,False,0.9271690249443054,0.585621178150177,-0.6489866971969604,0.9354711771011353,-0.7798754572868347,-0.6489866971969604,0.5745725035667419,-0.782069742679596,-0.6489866971969604,0.5662703514099121,0.5834269523620605,-0.6489866971969604
10415,377014239,1,4,0.29711580430215,0.0,0.0,0,False,0.5699999928474426,0.6150000095367432,-0.5033195614814758,-1.1248462200164795,0.6046954393386841,-0.5033195614814758,-1.1259119510650635,0.7799944281578064,-0.5033195614814758,0.5689342021942139,0.7902989983558655,-0.5033195614814758
10415,377014239,1,5,2.6629940836733326,0.0,0.0,0,False,0.5626416802406311,0.7902606725692749,-0.5033195614814758,0.5721814632415771,-0.7788011431694031,-0.5033195614814758,-1.1249445676803589,-0.78911954164505,-0.5033195614814758,-1.1344844102859497,0.7799422144889832,-0.5033195614814758
10415,477413499,2,0,0.6827415022852013,0.6824002861976624,0.0,1,True,1.0010000467300415,0.0,0.0,-1.0,-1.296007781093067e-06,0.0,-1.0,-1.296007781093067e-06,-0.6824002861976624,-1.0,-1.296007781093067e-06,-0.6824002861976624
10415,477413499,2,1,0.39779921711742716,0.0,0.0,0,False,0.4650009274482727,-0.7800003290176392,-0.5743277668952942,0.46499890089035034,0.7799999117851257,-0.5743277668952942,0.7199983596801758,0.7800002694129944,-0.5743277668952942,0.7200003862380981,-0.7799999713897705,-0.5743277668952942
10415,477413499,2,2,0.6084023264421461,0.0,0.0,0,False,0.7800003290176392,-0.7800003886222839,-0.752400279045105,0.7799984216690063,0.7799999117851257,-0.752400279045105,1.1699998378753662,0.7800003886222839,-0.752400279045105,1.170001745223999,-0.7799999117851257,-0.752400279045105
10415,477413499,2,3,2.4102060450276426,0.0,0.0,0,False,0.42000001668930054,0.7800019383430481,-0.5054273009300232,0.4200020432472229,-0.7799999713897705,-0.5054273009300232,-1.1249998807907104,-0.7800019979476929,-0.5054273009300232,-1.1250020265579224,0.7799999117851257,-0.5054273009300232
10415,576877967,3,0,2.473421443029327,0.7066046595573425,0.0,1,True,6.000999927520752,0.0,0.0,-0.999841034412384,0.01782892644405365,0.0,-0.999841034412384,0.01782892644405365,-0.7066046595573425,-0.999841034412384,0.01782892644405365,-0.7066046595573425
10415,576877967,3,1,0.07221358784478671,0.0,0.0,0,False,0.5850143432617188,0.466604620218277,-0.5717438459396362,0.5718787312507629,-0.27003344893455505,-0.5717438459396362,0.4738786220550537,-0.26828593015670776,-0.5717438459396362,0.48701417446136475,0.46835213899612427,-0.5717438459396362
10415,576877967,3,2,0.11659465598022756,0.0,0.0,0,False,1.1769521236419678,0.7198759317398071,-0.7766046524047852,1.16729736328125,0.1784433275461197,-0.7766046524047852,0.9520211219787598,0.18228209018707275,-0.7766046524047852,0.9616758227348328,0.7237147092819214,-0.7766046524047852
10415,576877967,3,3,0.046665454105192516,0.0,0.0,0,False,1.0291364192962646,-0.22382551431655884,-0.5950658321380615,1.0350428819656372,0.10740652680397034,-0.5950658321380615,1.1758825778961182,0.10489510744810104,-0.5950658321380615,1.1699761152267456,-0.22633694112300873,-0.5950658321380615
10415,576877967,3,4,0.17895727454865673,0.0,0.0,0,False,0.9337434768676758,0.7799332141876221,-0.6653563380241394,0.92295241355896,0.17477615177631378,-0.6653563380241394,0.6273260712623596,0.18004769086837769,-0.6653563380241394,0.6381170749664307,0.7852047681808472,-0.6653563380241394
10415,576877967,3,5,0.5372911358635708,0.0,0.0,0,False,0.6294941902160645,0.46663516759872437,-0.5048366785049438,-1.0850427150726318,0.4972084164619446,-0.5048366785049438,-1.0794565677642822,0.8104827404022217,-0.5048366785049438,0.6350803971290588,0.7799094319343567,-0.5048366785049438
10415,576877967,3,6,2.5289599279968193,0.0,0.0,0,False,0.48909130692481995,0.779837965965271,-0.5048366785049438,0.46077242493629456,-0.8082771301269531,-0.5048366785049438,-1.1311500072479248,-0.7798903584480286,-0.5048366785049438,-1.1028311252593994,0.8082247376441956,-0.5048366785049438
10415,576877967,3,7,0.9719444104411243,0.0,0.0,0,False,-1.1215484142303467,-0.24144145846366882,-0.5048366785049438,0.6829598546028137,-0.2736190855503082,-0.5048366785049438,0.6733583211898804,-0.812067985534668,-0.5048366785049438,-1.1311500072479248,-0.7798902988433838,-0.5048366785049438
10415,576877967,3,8,0.03971321094475755,0.0,0.0,0,False,0.6803144812583923,-0.421967089176178,-0.5048366785049438,0.6738970279693604,-0.7818527221679688,-0.5048366785049438,0.5635825991630554,-0.7798855900764465,-0.5048366785049438,0.5699999928474426,-0.41999998688697815,-0.5048366785049438
10415,576877967,3,9,0.03971324151422628,0.0,0.0,0,False,0.5699999332427979,-0.41999998688697815,-0.5048366785049438,0.6803144812583923,-0.42196711897850037,-0.5048366785049438,0.6738970875740051,-0.7818527221679688,-0.5048366785049438,0.5635825395584106,-0.7798855900764465,-0.5048366785049438
10415,576877967,3,10,0.039713220616384604,0.0,0.0,0,False,0.5699999928474426,-0.4199999272823334,-0.5048366785049438,0.6803144812583923,-0.4219670295715332,-0.5048366785049438,0.6738970279693604,-0.7818527221679688,-0.5048366785049438,0.5635825991630554,-0.7798856496810913,-0.5048366785049438
10415,676882602,4,0,0.6979092564645799,0.6975774765014648,1.734723475976807e-18,1,True,1.0010000467300415,0.0,0.0,-0.9999024271965027,0.01396902371197939,0.0,-0.9999024271965027,0.01396902371197939,-0.6975774765014648,-0.9999024271965027,0.01396902371197939,-0.6975774765014648
10415,676882602,4,1,0.16413586405124736,0.0,0.0,0,False,1.1777520179748535,0.7798917293548584,-0.7675774693489075,1.1693246364593506,0.17665651440620422,-0.7675774693489075,0.8972850441932678,0.18045702576637268,-0.7675774693489075,0.9057124853134155,0.7836921811103821,-0.7675774693489075
10415,676882602,4,2,0.48154589692445526,0.0,0.0,0,False,0.8870950937271118,0.7799707055091858,-0.6649884581565857,0.8652440905570984,-0.7841246128082275,-0.6649884581565857,0.5574291348457336,-0.7798243165016174,-0.6649884581565857,0.5792801380157471,0.7842710018157959,-0.6649884581565857
10415,676882602,4,3,2.705433861739637,0.0,0.0,0,False,0.5735617280006409,0.7799503207206726,-0.5042724013328552,0.5514414310455322,-0.8034205436706543,-0.5042724013328552,-1.1568797826766968,-0.779554545879364,-0.5042724013328552,-1.1347594261169434,0.8038162589073181,-0.5042724013328552
10415,776968320,5,0,0.30680089436458213,0.612989068031311,0.0,1,True,0.0010000000474974513,0.0,0.0,-0.999557614326477,0.029741954058408737,0.0,-0.999557614326477,0.029741954058408737,-0.612989068031311,-0.999557614326477,0.029741954058408737,-0.612989068031311
10415,776968320,5,1,0.2642864713805375,0.0,0.0,0,False,0.7591208815574646,-0.2817007601261139,-0.6829890608787537,0.7907686233520508,0.7819112539291382,-0.6829890608787537,1.0390290021896362,0.7745242714881897,-0.6829890608787537,1.0073812007904053,-0.2890877425670624,-0.6829890608787537
10415,776968320,5,2,0.05072207238036963,0.0,0.0,0,False,1.029648780822754,-0.25484079122543335,-0.5878626108169556,1.0404706001281738,0.10885415971279144,-0.5878626108169556,1.1798104047775269,0.10470808297395706,-0.5878626108169556,1.1689887046813965,-0.25898686051368713,-0.5878626108169556
10415,776968320,5,3,2.75866890719632,0.0,0.0,0,False,0.5923255681991577,0.7748725414276123,-0.5065386295318604,0.544542133808136,-0.8310163617134094,-0.5065386295318604,-1.171783685684204,-0.7799469232559204,-0.5065386295318604,-1.1240003108978271,0.8259419798851013,-0.5065386295318604
10415,877091080,6,0,0.7241452583235969,0.7237858772277832,0.0,1,True,1.0010000467300415,0.0,0.0,-0.9999860525131226,-0.005277634132653475,0.0,-0.9999860525131226,-0.005277634132653475,-0.7237858772277832,-0.9999860525131226,-0.005277634132653475,-0.7237858772277832
10415,877091080,6,1,0.1189750051212548,0.0,0.0,0,False,0.9750054478645325,0.17897087335586548,-0.7937858700752258,0.9718368053436279,0.7793498635292053,-0.7937858700752258,1.1699978113174438,0.7803957462310791,-0.7937858700752258,1.1731663942337036,0.18001671135425568,-0.7937858700752258
10415,877091080,6,2,0.4280154451621643,0.0,0.0,0,False,0.7346770763397217,0.7811065912246704,-0.6087936162948608,0.7429159879684448,-0.7798790335655212,-0.6087936162948608,0.4687280058860779,-0.7813262343406677,-0.6087936162948608,0.46048906445503235,0.7796593904495239,-0.6087936162948608
10415,877091080,6,3,0.28851297414379395,0.0,0.0,0,False,0.7810345888137817,-0.6760237216949463,-0.7206511497497559,0.7733502388000488,0.7798856496810913,-0.7206511497497559,0.9715116024017334,0.7809315323829651,-0.7206511497497559,0.9791958928108215,-0.6749777793884277,-0.7206511497497559
10415,877091080,6,4,2.4356424516884534,0.0,0.0,0,False,0.4199569821357727,0.7881541848182678,-0.5037938356399536,0.4282335042953491,-0.7799564599990845,-0.5037938356399536,-1.1249569654464722,-0.7881543040275574,-0.5037938356399536,-1.1332335472106934,0.7799564003944397,-0.5037938356399536
10415,976939965,7,0,1.061434375911682,0.7073914408683777,8.673617379884035e-19,1,True,2.000999927520752,0.0,0.0,-0.9999726414680481,0.00739324139431119,0.0,-0.9999726414680481,0.00739324139431119,-0.7073914408683777,-0.9999726414680481,0.00739324139431119,-0.7073914408683777
10415,976939965,7,1,0.2714904853568374,0.0,0.0,0,False,0.6980880498886108,0.41905295848846436,-0.5733895301818848,0.6892105340957642,-0.7816576957702637,-0.5733895301818848,0.46311473846435547,-0.7799860239028931,-0.5733895301818848,0.47199222445487976,0.4207246005535126,-0.5733895301818848
10415,976939965,7,2,0.15093933002883198,0.0,0.0,0,False,0.9121281504631042,0.19657383859157562,-0.7773914337158203,0.9164555668830872,0.7818745374679565,-0.7773914337158203,1.174324870109558,0.7799679636955261,-0.7773914337158203,1.1699974536895752,0.1946672946214676,-0.7773914337158203
10415,976939965,7,3,0.0453341005414849,0.0,0.0,0,False,1.0325626134872437,-0.22464926540851593,-0.5932912826538086,1.0350072383880615,0.10599805414676666,-0.5932912826538086,1.1721068620681763,0.10498441010713577,-0.5932912826538086,1.1696622371673584,-0.22566290199756622,-0.5932912826538086
10415,976939965,7,4,0.11301571755725659,0.0,0.0,0,False,0.8749903440475464,0.7799630761146545,-0.6732144355773926,0.8700000047683716,0.10499998182058334,-0.6732144355773926,0.702569305896759,0.10623788088560104,-0.6732144355773926,0.7075596451759338,0.7812009453773499,-0.6732144355773926
10415,976939965,7,5,0.5012101438449261,0.0,0.0,0,False,0.47991228103637695,0.4681340754032135,-0.5081175565719604,-1.1272180080413818,0.48001641035079956,-0.5081175565719604,-1.1249122619628906,0.791865885257721,-0.5081175565719604,0.482217937707901,0.7799835801124573,-0.5081175565719604
10415,976939965,7,6,2.5095787846436606,0.0,0.0,0,False,0.47209492325782776,0.7796148657798767,-0.5081175565719604,0.46047720313072205,-0.7917221784591675,-0.5081175565719604,-1.1365331411361694,-0.7799146771430969,-0.5081175565719604,-1.1249154806137085,0.791422426700592,-0.5081175565719604
10416,77289059,8,0,1.4093242455827442,0.7044928073883057,0.0,1,True,3.000999927520752,0.0,0.0,-0.9999485611915588,0.010143269784748554,0.0,-0.9999485611915588,0.010143269784748554,-0.7044928073883057,-0.9999485611915588,0.010143269784748554,-0.7044928073883057
10416,77289059,8,1,0.16189062141065502,0.0,0.0,0,False,0.9249793291091919,0.12005093693733215,-0.7744928002357483,0.9316982626914978,0.7824172973632812,-0.7744928002357483,1.1760855913162231,0.779938280582428,-0.7744928002357483,1.169366717338562,0.11757192015647888,-0.7744928002357483
10416,77289059,8,2,0.38548671215488994,0.0,0.0,0,False,0.8849999904632568,0.5549999475479126,-0.6753615736961365,0.872515082359314,-0.6757863163948059,-0.6753615736961365,0.559343695640564,-0.6726095676422119,-0.6753615736961365,0.5718286037445068,0.5581767559051514,-0.6753615736961365
10416,77289059,8,3,0.40824106232374024,0.0,0.0,0,False,0.5674149990081787,0.12306936085224152,-0.6753615736961365,1.0804349184036255,0.11786539107561111,-0.6753615736961365,1.0723636150360107,-0.6778134703636169,-0.6753615736961365,0.5593438148498535,-0.6726095080375671,-0.6753615736961365
10416,77289059,8,4,0.42657019197627477,0.0,0.0,0,False,0.7798610329627991,0.5563071966171265,-0.5082539916038513,-1.127072811126709,0.5756508111953735,-0.5082539916038513,-1.1248040199279785,0.7993220686912537,-0.5082539916038513,0.7821299433708191,0.7799784541130066,-0.5082539916038513
10416,177099736,9,0,1.755997379583307,0.7022618055343628,0.0,1,True,4.000999927520752,0.0,0.0,-0.9999706745147705,-0.007655346300452948,0.0,-0.9999706745147705,-0.007655346300452948,-0.7022618055343628,-0.9999706745147705,-0.007655346300452948,-0.7022618055343628
10416,177099736,9,1,0.1829927267347231,0.0,0.0,0,False,0.8703558444976807,0.1785098761320114,-0.7722617983818054,0.865751326084137,0.7799674272537231,-0.7722617983818054,1.1699823141098022,0.7822964787483215,-0.7722617983818054,1.1745867729187012,0.1808389574289322,-0.7722617983818054
10416,177099736,9,2,0.05092453140242181,0.0,0.0,0,False,1.034999966621399,-0.25499996542930603,-0.5883745551109314,1.0321699380874634,0.11467210948467255,-0.5883745551109314,1.1699178218841553,0.11572664976119995,-0.5883745551109314,1.1727478504180908,-0.2539454400539398,-0.5883745551109314
10416,177099736,9,3,0.37430963449229715,0.0,0.0,0,False,0.8666673302650452,0.5553189516067505,-0.6575412750244141,0.8749375343322754,-0.5249621868133545,-0.6575412750244141,0.5284650325775146,-0.5276145935058594,-0.6575412750244141,0.5201948285102844,0.5526664853096008,-0.6575412750244141
10416,177099736,9,4,0.3118163257021187,0.0,0.0,0,False,1.0049718618392944,0.1236744225025177,-0.6575412750244141,1.0099296569824219,-0.5239287614822388,-0.6575412750244141,0.5284649729728699,-0.5276146531105042,-0.6575412750244141,0.5235072374343872,0.1199885681271553,-0.6575412750244141
10416,177099736,9,5,0.038625880634667986,0.0,0.0,0,False,0.7191962599754333,-0.27000612020492554,-0.6575412750244141,0.8699912428855896,-0.26885172724723816,-0.6575412750244141,0.8719520568847656,-0.5249850153923035,-0.6575412750244141,0.7211570739746094,-0.5261394381523132,-0.6575412750244141
10416,177099736,9,6,0.43876531442403177,0.0,0.0,0,False,0.7816075086593628,0.5700123310089111,-0.5039693117141724,-1.1690819263458252,0.5550786256790161,-0.5039693117141724,-1.1708037853240967,0.7799937725067139,-0.5039693117141724,0.7798856496810913,0.7949274778366089,-0.5039693117141724
10416,276967871,10,0,1.4224862133506617,0.7110653519630432,0.0,1,True,3.000999927520752,0.0,0.0,-1.0,0.0002380290679866448,0.0,-1.0,0.0002380290679866448,-0.7110653519630432,-1.0,0.0002380290679866448,-0.7110653519630432
10416,276967871,10,1,0.144073266595802,0.0,0.0,0,False,0.9298965334892273,0.18001076579093933,-0.7810653448104858,0.9300393462181091,0.7800571322441101,-0.7810653448104858,1.1701428890228271,0.7799999713897705,-0.7810653448104858,1.1700000762939453,0.17995360493659973,-0.7810653448104858
10416,276967871,10,2,0.035725467067342365,0.0,0.0,0,False,1.1700809001922607,0.11497737467288971,-0.5919549465179443,1.1699999570846558,-0.2250107079744339,-0.5919549465179443,1.0649213790893555,-0.22498570382595062,-0.5919549465179443,1.0650023221969604,0.11500239372253418,-0.5919549465179443
10416,276967871,10,3,0.3193242940954768,0.0,0.0,0,False,0.9300000071525574,0.6450000405311584,-0.6725741624832153,0.9297465085983276,-0.4200606346130371,-0.6725741624832153,0.6299285888671875,-0.41998928785324097,-0.6725741624832153,0.6301820874214172,0.6450713872909546,-0.6725741624832153
10416,276967871,10,4,0.1627941502568513,0.0,0.0,0,False,0.37499991059303284,0.6746323108673096,-0.5069105625152588,-1.1700105667114258,0.675000011920929,-0.5069105625152588,-1.1699855327606201,0.7803676724433899,-0.5069105625152588,0.3750249743461609,0.7799999713897705,-0.5069105625152588
10416,276967871,10,5,2.808772877463042,0.0,0.0,0,False,0.6300856471061707,0.7799392342567444,-0.5069105625152588,0.62971431016922,-0.7804283499717712,-0.5069105625152588,-1.1703568696975708,-0.7799999117851257,-0.5069105625152588,-1.1699855327606201,0.7803676724433899,-0.5069105625152588
10416,276967871,10,6,0.6649640781362818,0.0,0.0,0,False,-1.1699143648147583,-0.4195859134197235,-0.5069105625152588,0.675085723400116,-0.4200250506401062,-0.5069105625152588,0.6749999523162842,-0.7804391384124756,-0.5069105625152588,-1.1700000762939453,-0.7800000309944153,-0.5069105625152588
10416,376901631,11,0,0.7084071146564543,0.7051514387130737,1.3877787807814457e-17,1,True,3.000999927520752,0.0,0.0,0.9944984316825867,0.10475170612335205,0.0,0.9944984316825867,0.10475170612335205,-0.7051514387130737,0.9944984316825867,0.10475170612335205,-0.7051514387130737
10416,376901631,11,1,0.20713974368949817,0.0,0.0,0,False,1.166707992553711,0.8112525343894958,-0.7751514315605164,1.232505202293396,0.1865837424993515,-0.7751514315605164,0.904544472694397,0.15203922986984253,-0.7751514315605164,0.8387473225593567,0.7767080068588257,-0.7751514315605164
10416,376901631,11,2,0.34588163699161445,0.0,0.0,0,False,0.8616546988487244,0.5288608074188232,-0.6471238732337952,0.9537666440010071,-0.34563714265823364,-0.6471238732337952,0.5625864267349243,-0.3868406414985657,-0.6471238732337952,0.4704744815826416,0.4876573383808136,-0.6471238732337952
10416,376901631,11,3,0.32582347439906023,0.0,0.0,0,False,0.5105258226394653,0.10741563886404037,-0.6471238732337952,1.162511944770813,0.17609015107154846,-0.6471238732337952,1.214572548866272,-0.3181661367416382,-0.6471238732337952,0.5625864267349243,-0.3868406414985657,-0.6471238732337952
10416,376901631,11,4,0.8040574910041407,0.0,0.0,0,False,0.5992734432220459,0.5020818710327148,-0.5043746829032898,-1.1325719356536865,0.3196644186973572,-0.5043746829032898,-1.1809382438659668,0.7788478136062622,-0.5043746829032898,0.5509070754051208,0.9612652659416199,-0.5043746829032898
10416,476969266,12,0,0.69598746670353,0.6956456303596497,0.0,1,True,1.0010000467300415,0.0,0.0,-0.999965488910675,-0.00830939132720232,0.0,-0.999965488910675,-0.00830939132720232,-0.6956456303596497,-0.999965488910675,-0.00830939132720232,-0.6956456303596497
10416,476969266,12,1,0.5450600034592199,0.0,0.0,0,False,0.6337599158287048,-0.7824617028236389,-0.6687319874763489,0.6207767724990845,0.7799232602119446,-0.6687319874763489,0.9696167707443237,0.7828220725059509,-0.6687319874763489,0.9825999140739441,-0.7795628905296326,-0.6687319874763489
10416,476969266,12,2,0.045482468653150754,0.0,0.0,0,False,1.0353832244873047,-0.22611862421035767,-0.5924946665763855,1.0326319932937622,0.10498031973838806,-0.5924946665763855,1.1699906587600708,0.106121726334095,-0.5924946665763855,1.1727420091629028,-0.22497721016407013,-0.5924946665763855
10416,476969266,12,3,0.04949826970590987,0.0,0.0,0,False,0.9241165518760681,0.17920328676700592,-0.7656456232070923,0.9200034737586975,0.6741690635681152,-0.7656456232070923,1.0199999809265137,0.6750000715255737,-0.7656456232070923,1.0241130590438843,0.18003423511981964,-0.7656456232070923
10416,476969266,12,4,2.7648462049672453,0.0,0.0,0,False,0.6199077367782593,0.7944998145103455,-0.5043430328369141,0.6329768896102905,-0.7782301902770996,-0.5043430328369141,-1.1248934268951416,-0.7928377389907837,-0.5043430328369141,-1.1379624605178833,0.7798922657966614,-0.5043430328369141
10416,576960484,13,0,1.7707022261742715,0.7081393599510193,2.168404344971009e-19,1,True,4.000999927520752,0.0,0.0,-0.9999992251396179,0.001264846185222268,0.0,-0.9999992251396179,0.001264846185222268,-0.7081393599510193,-0.9999992251396179,0.001264846185222268,-0.7081393599510193
10416,576960484,13,1,0.14427527859281275,0.0,0.0,0,False,0.9296206831932068,0.18005742132663727,-0.7781393527984619,0.9303798675537109,0.7803031206130981,-0.7781393527984619,1.1707398891448975,0.7799990773200989,-0.7781393527984619,1.1699806451797485,0.1797534078359604,-0.7781393527984619
10416,576960484,13,2,0.04603577613579235,0.0,0.0,0,False,1.0346206426620483,-0.22499951720237732,-0.5881289839744568,1.0350507497787476,0.1150505393743515,-0.5881289839744568,1.1704299449920654,0.1148793026804924,-0.5881289839744568,1.1699998378753662,-0.22517074644565582,-0.5881289839744568
10416,576960484,13,3,0.4530904563322409,0.0,0.0,0,False,0.9301707744598389,0.7799997925758362,-0.6583378314971924,0.9285768270492554,-0.480244904756546,-0.6583378314971924,0.5690516233444214,-0.47979018092155457,-0.6583378314971924,0.5706455707550049,0.7804545164108276,-0.6583378314971924
10416,576960484,13,4,0.2875120631592485,0.0,0.0,0,False,1.0055121183395386,0.17982862889766693,-0.6583378314971924,1.004677176475525,-0.4803411364555359,-0.6583378314971924,0.5691655278205872,-0.4797903001308441,-0.6583378314971924,0.5700005292892456,0.1803794652223587,-0.6583378314971924
10416,576960484,13,5,0.1110734327641878,0.0,0.0,0,False,0.5700007081031799,-0.22444981336593628,-0.6583378314971924,1.005000114440918,-0.22500000894069672,-0.6583378314971924,1.004677176475525,-0.4803411662578583,-0.6583378314971924,0.5696777701377869,-0.47979098558425903,-0.6583378314971924
10416,576960484,13,6,2.71890668702067,0.0,0.0,0,False,0.5704553127288818,0.7799994945526123,-0.5057165622711182,0.5684794187545776,-0.7821987867355347,-0.5057165622711182,-1.1719541549682617,-0.7799975275993347,-0.5057165622711182,-1.1699782609939575,0.7822007536888123,-0.5057165622711182
10416,677269619,14,0,1.7319205130183515,0.6926696300506592,0.0,1,True,4.000999927520752,0.0,0.0,-0.9996395707130432,0.026846077293157578,0.0,-0.9996395707130432,0.026846077293157578,-0.6926696300506592,-0.9996395707130432,0.026846077293157578,-0.6926696300506592
10416,677269619,14,1,0.18180247348154532,0.0,0.0,0,False,0.8607847094535828,0.1818588227033615,-0.7626696228981018,0.8770595192909241,0.7878671288490295,-0.7626696228981018,1.176843285560608,0.7798161506652832,-0.7626696228981018,1.1605684757232666,0.17380788922309875,-0.7626696228981018
10416,677269619,14,2,0.048345903172569926,0.0,0.0,0,False,1.0281567573547363,-0.2248162180185318,-0.5916324853897095,1.0373098850250244,0.11601220071315765,-0.5916324853897095,1.17905592918396,0.11220550537109375,-0.5916324853897095,1.1699026823043823,-0.2286229133605957,-0.5916324853897095
10416,677269619,14,3,0.26705955444057317,0.0,0.0,0,False,0.8467375040054321,0.47941622138023376,-0.6614406704902649,0.8213122487068176,-0.46731793880462646,-0.6614406704902649,0.5394304990768433,-0.4597477912902832,-0.6614406704902649,0.5648557543754578,0.486986368894577,-0.6614406704902649
10416,677269619,14,4,0.29767635230536893,0.0,0.0,0,False,1.0157712697982788,0.17608524858951569,-0.6614406704902649,0.9983646869659424,-0.4720727801322937,-0.6614406704902649,0.539430558681488,-0.459747850894928,-0.6614406704902649,0.5568372011184692,0.18841016292572021,-0.6614406704902649
10416,677269619,14,5,0.10377060562607454,0.0,0.0,0,False,0.5853026509284973,-0.21372871100902557,-0.6614406704902649,1.0049999952316284,-0.22500000894069672,-0.6614406704902649,0.9983646869659424,-0.4720728397369385,-0.6614406704902649,0.5786673426628113,-0.4608015716075897,-0.6614406704902649
10416,677269619,14,6,0.5849245171264119,0.0,0.0,0,False,0.822603166103363,0.4807523190975189,-0.5098116397857666,-1.1316269636154175,0.5332346558570862,-0.5098116397857666,-1.1235945224761963,0.8323309421539307,-0.5098116397857666,0.830635666847229,0.779848575592041,-0.5098116397857666
10416,777031588,15,0,1.395871964809531,0.6978048086166382,0.0,1,True,3.000999927520752,0.0,0.0,-0.9996693730354309,0.025711731985211372,0.0,-0.9996693730354309,0.025711731985211372,-0.6978048086166382,-0.9996693730354309,0.025711731985211372,-0.6978048086166382
10416,777031588,15,1,0.31988019952110314,0.0,0.0,0,False,0.4703744649887085,-0.7774375081062317,-0.5982614159584045,0.5027307868003845,0.48057278990745544,-0.5982614159584045,0.7568373680114746,0.4740371108055115,-0.5982614159584045,0.7244811058044434,-0.7839731574058533,-0.5982614159584045
10416,777031588,15,2,0.16659063420972142,0.0,0.0,0,False,1.1854218244552612,0.7796032428741455,-0.7678048014640808,1.1698412895202637,0.17383122444152832,-0.7678048014640808,0.8950175642967224,0.1808997541666031,-0.7678048014640808,0.9105981588363647,0.7866717576980591,-0.7678048014640808
10416,777031588,15,3,0.04806761049647168,0.0,0.0,0,False,1.0265971422195435,-0.22169743478298187,-0.5882284045219421,1.0352833271026611,0.116021528840065,-0.5882284045219421,1.17751944065094,0.11236318200826645,-0.5882284045219421,1.1688332557678223,-0.22535578906536102,-0.5882284045219421
10416,777031588,15,4,0.17193066482746033,0.0,0.0,0,False,0.7257766127586365,-0.7786053419113159,-0.6625427007675171,0.7581626176834106,0.48056164383888245,-0.6625427007675171,0.8946155309677124,0.47705206274986267,-0.6625427007675171,0.8622295260429382,-0.7821149230003357,-0.6625427007675171
10416,777031588,15,5,2.6280651820022776,0.0,0.0,0,False,0.5096871852874756,0.779236376285553,-0.5050234198570251,0.4684993624687195,-0.822142481803894,-0.5050234198570251,-1.1715421676635742,-0.7799602150917053,-0.5050234198570251,-1.1303542852401733,0.8214186429977417,-0.5050234198570251
10416,777031588,15,6,0.5077423604952349,0.0,0.0,0,False,0.5688793659210205,0.4814330041408539,-0.5050234198570251,-1.131554365158081,0.5251685380935669,-0.5050234198570251,-1.1238795518875122,0.8235669136047363,-0.5050234198570251,0.5765542387962341,0.7798314094543457,-0.5050234198570251
10416,777031588,15,7,0.4992137408209327,0.0,0.0,0,False,0.5690083503723145,0.4864451587200165,-0.5050234198570251,-1.1314252614974976,0.5301806330680847,-0.5050234198570251,-1.123879313468933,0.8235667943954468,-0.5050234198570251,0.5765542984008789,0.7798313498497009,-0.5050234198570251
10416,877140639,16,0,2.437224163598062,0.6962561011314392,0.0,1,True,6.000999927520752,0.0,0.0,-0.9999319911003113,0.011664080433547497,0.0,-0.9999319911003113,0.011664080433547497,-0.6962561011314392,-0.9999319911003113,0.011664080433547497,-0.6962561011314392
10416,877140639,16,1,0.09821208494285871,0.0,0.0,0,False,0.6000082492828369,0.5263996720314026,-0.5785764455795288,0.5900238752365112,-0.32953372597694397,-0.5785764455795288,0.47529682517051697,-0.3281954228878021,-0.5785764455795288,0.48528116941452026,0.5277379155158997,-0.5785764455795288
10416,877140639,16,2,0.15852827255114832,0.0,0.0,0,False,0.8659762144088745,0.180046945810318,-0.7662560939788818,0.8721402883529663,0.7084745168685913,-0.7662560939788818,1.1720994710922241,0.7049755454063416,-0.7662560939788818,1.1659353971481323,0.17654795944690704,-0.7662560939788818
10416,877140639,16,3,0.036104636997273065,0.0,0.0,0,False,1.173952579498291,0.11384573578834534,-0.5886364579200745,1.1699877977371216,-0.22604970633983612,-0.5886364579200745,1.0637794733047485,-0.22481079399585724,-0.5886364579200745,1.067744255065918,0.11508464068174362,-0.5886364579200745
10416,877140639,16,4,0.07976919451789577,0.0,0.0,0,False,0.8297154903411865,0.5242450833320618,-0.6713560223579407,0.824973464012146,0.11772565543651581,-0.6713560223579407,0.6287753582000732,0.12001429498195648,-0.6713560223579407,0.6335173845291138,0.5265337228775024,-0.6713560223579407
10416,877140639,16,5,0.3933963398832869,0.0,0.0,0,False,0.629067599773407,0.5500645041465759,-0.5049881339073181,-1.0817495584487915,0.5700204372406006,-0.5049881339073181,-1.0790677070617676,0.7999356389045715,-0.5049881339073181,0.6317494511604309,0.7799796462059021,-0.5049881339073181
10416,877140639,16,6,2.470764006935916,0.0,0.0,0,False,0.4864731431007385,0.7799243927001953,-0.5049881339073181,0.46806618571281433,-0.7980579733848572,-0.5049881339073181,-1.0974949598312378,-0.7797958850860596,-0.5049881339073181,-1.0790879726409912,0.7981864809989929,-0.5049881339073181
10416,877140639,16,7,0.9088227352305616,0.0,0.0,0,False,-1.0787320137023926,-0.31129229068756104,-0.5049881339073181,0.8602036833763123,-0.33391016721725464,-0.5049881339073181,0.8547367453575134,-0.8025688529014587,-0.5049881339073181,-1.084199070930481,-0.7799509763717651,-0.5049881339073181
10416,877140639,16,8,0.08250054711706589,0.0,0.0,0,False,0.6300000548362732,-0.42000001668930054,-0.5049881339073181,0.859168291091919,-0.42267322540283203,-0.5049881339073181,0.8549694418907166,-0.7826242446899414,-0.5049881339073181,0.6258012652397156,-0.7799509763717651,-0.5049881339073181
10416,877140639,16,9,0.45403853828872087,0.0,0.0,0,False,0.8690348863601685,0.5472646951675415,-0.5049881339073181,-1.0817495584487915,0.5700204372406006,-0.5049881339073181,-1.0790349245071411,0.802735447883606,-0.5049881339073181,0.8717495203018188,0.7799796462059021,-0.5049881339073181
10416,877140639,16,10,0.08250056807195794,0.0,0.0,0,False,0.6299999952316284,-0.41999995708465576,-0.5049881339073181,0.8591682314872742,-0.42267319560050964,-0.5049881339073181,0.8549694418907166,-0.7826242446899414,-0.5049881339073181,0.6258012056350708,-0.7799509763717651,-0.5049881339073181
10416,976937316,17,0,2.924150490493806,0.7309650778770447,0.0,1,True,7.000999927520752,0.0,0.0,-0.999764621257782,0.021694375202059746,0.0,-0.999764621257782,0.021694375202059746,-0.7309650778770447,-0.999764621257782,0.021694375202059746,-0.7309650778770447
10416,976937316,17,1,0.09575599902430065,0.0,0.0,0,False,0.7972631454467773,0.6746253371238708,-0.6561217308044434,0.7799496054649353,-0.12325381487607956,-0.6561217308044434,0.6599929332733154,-0.12065082043409348,-0.6561217308044434,0.6773064732551575,0.6772283911705017,-0.6561217308044434
10416,976937316,17,2,0.09986296972994602,0.0,0.0,0,False,1.0017818212509155,0.1816972941160202,-0.8009650707244873,1.0148377418518066,0.783366858959198,-0.8009650707244873,1.1807360649108887,0.7797669172286987,-0.8009650707244873,1.1676801443099976,0.17809738218784332,-0.8009650707244873
10416,976937316,17,3,0.13705430818678388,0.0,0.0,0,False,0.64726322889328,0.779625415802002,-0.5808345079421997,0.6309468746185303,0.027701005339622498,-0.5808345079421997,0.4487612545490265,0.03165433928370476,-0.5808345079421997,0.46507763862609863,0.7835787534713745,-0.5808345079421997
10416,976937316,17,4,0.31235641476599696,0.0,0.0,0,False,0.76702880859375,-0.7777654528617859,-0.7294796109199524,0.7996121048927307,0.7238057851791382,-0.7294796109199524,1.0075339078903198,0.719294011592865,-0.7294796109199524,0.9749506115913391,-0.7822772860527039,-0.7294796109199524
10416,976937316,17,5,0.02445157191503,0.0,0.0,0,False,1.0049152374267578,0.6710958480834961,-0.7294796109199524,0.7790451049804688,0.6759971976280212,-0.7294796109199524,0.7813931107521057,0.7842012643814087,-0.7294796109199524,1.00726318359375,0.7792999148368835,-0.7294796109199524
10416,976937316,17,6,0.3079738268304544,0.0,0.0,0,False,0.6752329468727112,-0.1692638248205185,-0.7294796109199524,1.1830134391784668,-0.18028239905834198,-0.7294796109199524,1.169858694076538,-0.786506712436676,-0.7294796109199524,0.6620782017707825,-0.7754881381988525,-0.7294796109199524
10416,976937316,17,7,0.12086629538947946,0.0,0.0,0,False,1.00726318359375,0.7792998552322388,-0.7294796109199524,0.9941649436950684,0.17567822337150574,-0.7294796109199524,0.7940239906311035,0.18002118170261383,-0.7294796109199524,0.8071222305297852,0.7836428284645081,-0.7294796109199524
10416,976937316,17,8,0.38763461543454003,0.0,0.0,0,False,0.7878999710083008,0.1840599775314331,-0.7294796109199524,1.1907299757003784,0.17531876266002655,-0.7294796109199524,1.1698588132858276,-0.7865067720413208,-0.7294796109199524,0.76702880859375,-0.7777655124664307,-0.7294796109199524
10416,976937316,17,9,2.5309578715122,0.0,0.0,0,False,0.4515579044818878,0.779315173625946,-0.5031163096427917,0.41699546575546265,-0.8134604692459106,-0.5031163096427917,-1.1712801456451416,-0.77899569272995,-0.5031163096427917,-1.136717677116394,0.8137799501419067,-0.5031163096427917
10416,976937316,17,10,1.388417907781072,0.0,0.0,0,False,-1.152984619140625,0.06413295120000839,-0.5031163096427917,0.492985337972641,0.028416255488991737,-0.5031163096427917,0.47468987107276917,-0.814712405204773,-0.5031163096427917,-1.171280026435852,-0.7789957523345947,-0.5031163096427917
10417,77139701,18,0,0.9098663133011671,0.6064683794975281,6.938893903907228e-18,1,True,2.000999927520752,0.0,0.0,-0.9993102550506592,0.037135593593120575,0.0,-0.9993102550506592,0.037135593593120575,-0.6064683794975281,-0.9993102550506592,0.037135593593120575,-0.6064683794975281
10417,77139701,18,1,0.32558583689725307,0.0,0.0,0,False,0.778727114200592,0.3972434997558594,-0.5985683798789978,0.7348345518112183,-0.7838957905769348,-0.5985683798789978,0.4595606327056885,-0.773666262626648,-0.5985683798789978,0.5034531950950623,0.40747299790382385,-0.5985683798789978
10417,77139701,18,2,0.04772278771512095,0.0,0.0,0,False,1.0228157043457031,-0.2228749543428421,-0.5873816609382629,1.0351861715316772,0.11000985652208328,-0.5873816609382629,1.1783497333526611,0.10468972474336624,-0.5873816609382629,1.165979266166687,-0.22819508612155914,-0.5873816609382629
10417,77139701,18,3,0.29759918403204466,0.0,0.0,0,False,0.735488772392273,-0.7777884602546692,-0.6764683723449707,0.7934837341308594,0.7828434109687805,-0.6764683723449707,0.9839122295379639,0.7757668495178223,-0.6764683723449707,0.9259172677993774,-0.7848650217056274,-0.6764683723449707
10417,77139701,18,4,0.6282273072474034,0.0,0.0,0,False,0.5689055919647217,0.4055478572845459,-0.5037603378295898,-1.1365599632263184,0.46892493963241577,-0.5037603378295898,-1.1228901147842407,0.8367781043052673,-0.5037603378295898,0.5825754404067993,0.7734010815620422,-0.5037603378295898
10417,77139701,18,5,2.627572965943731,0.0,0.0,0,False,0.5005428194999695,0.7764495015144348,-0.5037603378295898,0.4404792785644531,-0.8398473858833313,-0.5037603378295898,-1.1829535961151123,-0.7795186042785645,-0.5037603378295898,-1.1228899955749512,0.8367782235145569,-0.5037603378295898
10417,176878628,19,0,2.2856432264115467,0.6529520153999329,0.0,1,True,6.000999927520752,0.0,0.0,-0.9999454021453857,0.010447599925100803,0.0,-0.9999454021453857,0.010447599925100803,-0.6529520153999329,-0.9999454021453857,0.010447599925100803,-0.6529520153999329
10417,176878628,19,1,0.21240923880270124,0.0,0.0,0,False,0.655800998210907,0.404103547334671,-0.581792414188385,0.6434067487716675,-0.7821774482727051,-0.581792414188385,0.46437153220176697,-0.780306875705719,-0.581792414188385,0.47676581144332886,0.4059740900993347,-0.581792414188385
10417,176878628,19,2,0.04049914498166074,0.0,0.0,0,False,0.6710823774337769,0.030040930956602097,-0.6526710987091064,0.6756333708763123,0.4656202495098114,-0.6526710987091064,0.7686008810997009,0.46464890241622925,-0.6526710987091064,0.7640498876571655,0.02906959131360054,-0.6526710987091064
10417,176878628,19,3,0.37484030117453176,0.0,0.0,0,False,0.6750540137290955,-0.024828722700476646,-0.7229520082473755,1.172037124633789,-0.03002128191292286,-0.7229520082473755,1.1641576290130615,-0.7841704487800598,-0.7229520082473755,0.6671745777130127,-0.7789779305458069,-0.7229520082473755
10417,176878628,19,4,0.6383470819737909,0.0,0.0,0,False,0.7560677528381348,-0.7799067497253418,-0.7229520082473755,0.7724093198776245,0.7841541171073914,-0.7229520082473755,1.1804991960525513,0.7798903584480286,-0.7229520082473755,1.1641576290130615,-0.7841705083847046,-0.7229520082473755
10417,176878628,19,5,0.0910729182291492,0.0,0.0,0,False,1.1699671745300293,0.47686585783958435,-0.7229520082473755,0.8695299029350281,0.4800049066543579,-0.7229520082473755,0.8726967573165894,0.7831063270568848,-0.7229520082473755,1.1731340885162354,0.7799673080444336,-0.7229520082473755
10417,176878628,19,6,0.6361849390776309,0.0,0.0,0,False,0.569691002368927,0.4054284393787384,-0.5042700171470642,-1.1287280321121216,0.42317333817481995,-0.5042700171470642,-1.1248149871826172,0.7977072596549988,-0.5042700171470642,0.5736041069030762,0.7799623012542725,-0.5042700171470642
10417,176878628,19,7,2.5547569977080116,0.0,0.0,0,False,0.48062682151794434,0.7799934148788452,-0.5042700171470642,0.46415451169013977,-0.7966035008430481,-0.5042700171470642,-1.1560935974121094,-0.7796751260757446,-0.5042700171470642,-1.1396212577819824,0.7969217896461487,-0.5042700171470642
10417,176878628,19,8,0.5314716691489165,0.0,0.0,0,False,0.5698640942573547,0.46699339151382446,-0.5042700171470642,-1.1280850172042847,0.4847339689731598,-0.5042700171470642,-1.1248149871826172,0.7977077960968018,-0.5042700171470642,0.5731341242790222,0.7799672484397888,-0.5042700171470642
10417,276887346,20,0,1.7185918341241417,0.6873622536659241,0.0,1,True,4.000999927520752,0.0,0.0,-0.9994273781776428,0.03383586183190346,0.0,-0.9994273781776428,0.03383586183190346,-0.6873622536659241,-0.9994273781776428,0.03383586183190346,-0.6873622536659241
10417,276887346,20,1,0.18346558540381785,0.0,0.0,0,False,1.1750723123550415,0.7798282504081726,-0.7573622465133667,1.1545591354370117,0.17392097413539886,-0.7573622465133667,0.8521109819412231,0.18416042625904083,-0.7573622465133667,0.8726241588592529,0.790067732334137,-0.7573622465133667
10417,276887346,20,2,0.048848905608309234,0.0,0.0,0,False,1.0238405466079712,-0.22462217509746552,-0.5908535122871399,1.0351544618606567,0.10956520587205887,-0.5908535122871399,1.1811593770980835,0.10462217777967453,-0.5908535122871399,1.1698453426361084,-0.22956520318984985,-0.5908535122871399
10417,276887346,20,3,2.6802602219722047,0.0,0.0,0,False,-1.1777536869049072,-0.7782139182090759,-0.5036731958389282,-1.1231623888015747,0.8342755436897278,-0.5036731958389282,0.537122368812561,0.778066098690033,-0.5036731958389282,0.4825310707092285,-0.8344233632087708,-0.5036731958389282
10417,276887346,20,4,0.12663632503344324,0.0,0.0,0,False,0.8451696634292603,0.7757623195648193,-0.6878877878189087,0.8247767090797424,0.17340576648712158,-0.6878877878189087,0.6147825717926025,0.18051518499851227,-0.6878877878189087,0.6351755261421204,0.7828717231750488,-0.6878877878189087
10417,276887346,20,5,0.3270421524118383,0.0,0.0,0,False,1.035552740097046,0.12939521670341492,-0.6878877878189087,1.0082303285598755,-0.6776484847068787,-0.6878877878189087,0.6034594774246216,-0.6639449596405029,-0.6878877878189087,0.6307819485664368,0.14309872686862946,-0.6878877878189087
10417,276887346,20,6,0.21259651083286624,0.0,0.0,0,False,0.7052575349807739,-0.21739128232002258,-0.6878877878189087,1.0914950370788574,-0.23046745359897614,-0.6878877878189087,1.0728813409805298,-0.7802668213844299,-0.6878877878189087,0.6866438984870911,-0.7671906352043152,-0.6878877878189087
10417,276887346,20,7,0.3043231600906289,0.0,0.0,0,False,0.5911651253700256,-0.5170834064483643,-0.6878877878189087,0.6351754665374756,0.7828717231750488,-0.6878877878189087,0.8690102696418762,0.7749552130699158,-0.6878877878189087,0.8249999284744263,-0.5249999165534973,-0.6878877878189087
10417,376884689,21,0,0.34300029621422523,0.6853155493736267,3.469446951953614e-18,1,True,0.0010000000474974513,0.0,0.0,-0.9996217489242554,-0.027501262724399567,0.0,-0.9996217489242554,-0.027501262724399567,-0.6853155493736267,-0.9996217489242554,-0.027501262724399567,-0.6853155493736267
10417,376884689,21,1,0.15499872965434847,0.0,0.0,0,False,0.7590563297271729,0.5240110158920288,-0.660748302936554,0.7950680255889893,-0.7849501967430115,-0.660748302936554,0.6767440438270569,-0.7882054448127747,-0.660748302936554,0.6407323479652405,0.5207557678222656,-0.660748302936554
10417,376884689,21,2,0.6373454085896348,0.0,0.0,0,False,0.8109419941902161,-0.8044655919075012,-0.7553155422210693,0.767394483089447,0.7784150838851929,-0.7553155422210693,1.169739007949829,0.7894842624664307,-0.7553155422210693,1.2132865190505981,-0.7933964133262634,-0.7553155422210693
10417,376884689,21,3,2.662619792133434,0.0,0.0,0,False,0.538615882396698,0.8270068168640137,-0.5054450035095215,0.5826701521873474,-0.7742866277694702,-0.5054450035095215,-1.0788654088974,-0.8199982047080994,-0.5054450035095215,-1.1229196786880493,0.7812952399253845,-0.5054450035095215
10417,476886700,22,0,1.198349626858755,0.5990729928016663,3.469446951953614e-18,1,True,3.000999927520752,0.0,0.0,-0.999573290348053,0.029210053384304047,0.0,-0.999573290348053,0.029210053384304047,-0.5990729928016663,-0.999573290348053,0.029210053384304047,-0.5990729928016663
10417,476886700,22,1,0.049732676093644734,0.0,0.0,0,False,1.0254160165786743,-0.22296656668186188,-0.5917230248451233,1.035463571548462,0.12086313217878342,-0.5917230248451233,1.1799834966659546,0.11663989722728729,-0.5917230248451233,1.169935941696167,-0.2271898090839386,-0.5917230248451233
10417,476886700,22,2,0.5059338742729311,0.0,0.0,0,False,0.5526990294456482,-0.47204264998435974,-0.6690729856491089,0.5847727656364441,0.6255267262458801,-0.6690729856491089,1.0453379154205322,0.6120678186416626,-0.6690729856491089,1.0132641792297363,-0.4855015277862549,-0.6690729856491089
10417,476886700,22,3,2.6642748246925816,0.0,0.0,0,False,0.5816970467567444,0.7752748131752014,-0.5090527534484863,0.5348305702209473,-0.8285043835639954,-0.5090527534484863,-1.1249998807907104,-0.7799999713897705,-0.5090527534484863,-1.078133463859558,0.8237792253494263,-0.5090527534484863
10417,476886700,22,4,0.6869842971869256,0.0,0.0,0,False,-1.1147048473358154,-0.42770031094551086,-0.5090527534484863,0.8336312770843506,-0.4846356213092804,-0.5090527534484863,0.8233361840248108,-0.83693528175354,-0.5090527534484863,-1.1249998807907104,-0.7799999713897705,-0.5090527534484863
10417,476886700,22,5,0.3160249712396137,0.0,0.0,0,False,0.86965012550354,0.6180261969566345,-0.5090527534484863,-1.0813138484954834,0.6750383973121643,-0.5090527534484863,-1.0765843391418457,0.8368842005729675,-0.5090527534484863,0.8743796348571777,0.7798720002174377,-0.5090527534484863
10417,577098710,23,0,1.4309132098409445,0.7152884602546692,0.0,1,True,3.000999927520752,0.0,0.0,-0.9999204874038696,-0.012611044570803642,0.0,-0.9999204874038696,-0.012611044570803642,-0.7152884602546692,-0.9999204874038696,-0.012611044570803642,-0.7152884602546692
10417,577098710,23,1,0.06667244758121171,0.0,0.0,0,False,0.7312074899673462,0.42070889472961426,-0.6380044221878052,0.7418046593666077,-0.4195358157157898,-0.6380044221878052,0.662468433380127,-0.4205363988876343,-0.6380044221878052,0.6518712639808655,0.4197083115577698,-0.6380044221878052
10417,577098710,23,2,0.10134833499248419,0.0,0.0,0,False,1.1699928045272827,0.7805674076080322,-0.7852884531021118,1.1775659322738647,0.18009541928768158,-0.7852884531021118,1.0088117122650146,0.17796707153320312,-0.7852884531021118,1.001238465309143,0.7784390449523926,-0.7852884531021118
10417,577098710,23,3,0.3862839442767232,0.0,0.0,0,False,0.7471437454223633,-0.7828736901283264,-0.7050167322158813,0.727465033531189,0.7774456143379211,-0.7050167322158813,0.9749928712844849,0.780567467212677,-0.7050167322158813,0.994671642780304,-0.7797518372535706,-0.7050167322158813
10417,577098710,23,4,0.7062981420041137,0.0,0.0,0,False,0.7237686514854431,0.42118263244628906,-0.5080550909042358,-1.1245317459106445,0.3978719711303711,-0.5080550909042358,-1.1293504238128662,0.7799450755119324,-0.5080550909042358,0.7189499735832214,0.8032556772232056,-0.5080550909042358
10417,577098710,23,5,2.7830867963011823,0.0,0.0,0,False,0.62972092628479,0.8021305203437805,-0.5080550909042358,0.6496716141700745,-0.7797518968582153,-0.5080550909042358,-1.1093997955322266,-0.8019373416900635,-0.5080550909042358,-1.1293505430221558,0.7799450755119324,-0.5080550909042358
10417,577098710,23,6,0.5818078223836167,0.0,0.0,0,False,-1.0837829113006592,-0.48004773259162903,-0.5080550909042358,0.7191463708877563,-0.4573093056678772,-0.5080550909042358,0.7232155799865723,-0.7799593806266785,-0.5080550909042358,-1.0797137022018433,-0.8026978373527527,-0.5080550909042358
10417,677081178,24,0,3.5957303533656066,0.7190771698951721,1.734723475976807e-18,1,True,9.00100040435791,0.0,0.0,-0.9999530911445618,-0.009683291427791119,0.0,-0.9999530911445618,-0.009683291427791119,-0.7190771698951721,-0.9999530911445618,-0.009683291427791119,-0.7190771698951721
10417,677081178,24,1,0.07895419076348631,0.0,0.0,0,False,0.5849971771240234,0.40514519810676575,-0.5666435956954956,0.5919702053070068,-0.3149324953556061,-0.5666435956954956,0.4823337197303772,-0.31599417328834534,-0.5666435956954956,0.4753606915473938,0.4040835201740265,-0.5666435956954956
10417,677081178,24,2,0.11916693842075166,0.0,0.0,0,False,0.9773421287536621,0.17813432216644287,-0.7890771627426147,0.971528172492981,0.7785137295722961,-0.7890771627426147,1.169995665550232,0.7804356813430786,-0.7890771627426147,1.1758095026016235,0.18005622923374176,-0.7890771627426147
10417,677081178,24,3,0.046696822763055756,0.0,0.0,0,False,1.0383530855178833,-0.22627483308315277,-0.5943421125411987,1.0349998474121094,0.11999999731779099,-0.5943421125411987,1.169842004776001,0.12130577117204666,-0.5943421125411987,1.173195242881775,-0.2249690443277359,-0.5943421125411987
10417,677081178,24,4,0.3350474930639482,0.0,0.0,0,False,0.6314622759819031,-0.4810026288032532,-0.6618413925170898,0.6221752166748047,0.47803589701652527,-0.6618413925170898,0.9715001583099365,0.4814186692237854,-0.6618413925170898,0.9807872176170349,-0.47761985659599304,-0.6618413925170898
10417,677081178,24,5,0.08241319816151105,0.0,0.0,0,False,0.9334801435470581,0.42061474919319153,-0.6618413925170898,0.7050154209136963,0.41840237379074097,-0.6618413925170898,0.7015226483345032,0.7790947556495667,-0.6618413925170898,0.9299873113632202,0.7813071012496948,-0.6618413925170898
10417,677081178,24,6,0.022650390612264815,0.0,0.0,0,False,0.6299999952316284,-0.32999998331069946,-0.6618413925170898,0.7799859046936035,-0.3285475969314575,-0.6618413925170898,0.7814481258392334,-0.47955021262168884,-0.6618413925170898,0.6314622163772583,-0.4810026288032532,-0.6618413925170898
10417,677081178,24,7,0.43994644087074875,0.0,0.0,0,False,0.9685924053192139,0.7816810011863708,-0.6618413925170898,0.9807872176170349,-0.47761982679367065,-0.6618413925170898,0.6314622759819031,-0.4810026288032532,-0.6618413925170898,0.619267463684082,0.7782981991767883,-0.6618413925170898
10417,677081178,24,8,0.15270904022603116,0.0,0.0,0,False,1.0163323879241943,0.12374112755060196,-0.6618413925170898,1.020122766494751,-0.26767468452453613,-0.6618413925170898,0.6300140619277954,-0.2714524269104004,-0.6618413925170898,0.6262236833572388,0.11996341496706009,-0.6618413925170898
10417,677081178,24,9,0.0868268923362363,0.0,0.0,0,False,0.6293103694915771,-0.25878337025642395,-0.6618413925170898,1.0199999809265137,-0.2549999952316284,-0.6618413925170898,1.0221519470214844,-0.47721922397613525,-0.6618413925170898,0.6314622759819031,-0.4810025990009308,-0.6618413925170898
10417,677081178,24,10,0.6371933498315006,0.0,0.0,0,False,0.5724606513977051,0.42089536786079407,-0.5043534636497498,-1.1242685317993164,0.4044649004936218,-0.5043534636497498,-1.1279047727584839,0.7799718379974365,-0.5043534636497498,0.5688244104385376,0.7964023351669312,-0.5043534636497498
10417,677081178,24,11,2.537661509730939,0.0,0.0,0,False,0.47055402398109436,0.7954508066177368,-0.5043534636497498,0.48580968379974365,-0.7799437046051025,-0.5043534636497498,-1.1248494386672974,-0.7955408692359924,-0.5043534636497498,-1.140105128288269,0.7798536419868469,-0.5043534636497498
10417,677081178,24,12,0.8175362012341267,0.0,0.0,0,False,-1.1293388605117798,-0.33193033933639526,-0.5043534636497498,0.6284012794494629,-0.31490904092788696,-0.5043534636497498,0.6329047679901123,-0.7799718379974365,-0.5043534636497498,-1.1248353719711304,-0.7969931364059448,-0.5043534636497498
10417,777013771,25,0,1.413658394806677,0.7067109942436218,3.469446951953614e-18,1,True,3.000999927520752,0.0,0.0,-0.9995588660240173,0.029699278995394707,0.0,-0.9995588660240173,0.029699278995394707,-0.7067109942436218,-0.9995588660240173,0.029699278995394707,-0.7067109942436218
10417,777013771,25,1,0.1526120140363103,0.0,0.0,0,False,0.9184223413467407,0.18034398555755615,-0.7767109870910645,0.9364457130432129,0.7869393825531006,-0.7767109870910645,1.1878116130828857,0.7794707417488098,-0.7767109870910645,1.1697882413864136,0.1728753000497818,-0.7767109870910645
10417,777013771,25,2,0.19111411182011384,0.0,0.0,0,False,0.8944910168647766,0.5542722940444946,-0.6819086670875549,0.8680865168571472,-0.3343999683856964,-0.6819086670875549,0.6532204151153564,-0.3280158042907715,-0.6819086670875549,0.6796249151229858,0.5606564283370972,-0.6819086670875549
10417,777013771,25,3,0.40737734934259606,0.0,0.0,0,False,0.7196956872940063,0.5597582459449768,-0.508378267288208,-1.129910945892334,0.6147143840789795,-0.508378267288208,-1.1233725547790527,0.834770917892456,-0.508378267288208,0.7262340784072876,0.7798147797584534,-0.508378267288208
10417,777013771,25,4,2.9213453598619754,0.0,0.0,0,False,0.6852417588233948,0.7796956896781921,-0.508378267288208,0.6373040080070496,-0.8336992263793945,-0.508378267288208,-1.171781063079834,-0.77994704246521,-0.508378267288208,-1.1238433122634888,0.8334478139877319,-0.508378267288208
10417,777013771,25,5,0.9328310506317417,0.0,0.0,0,False,-1.1567730903625488,-0.27483561635017395,-0.508378267288208,0.6883806586265564,-0.32965946197509766,-0.508378267288208,0.6733726263046265,-0.834770917892456,-0.508378267288208,-1.171781063079834,-0.77994704246521,-0.508378267288208
10417,877326406,26,0,2.1404064706209547,0.7133527398109436,8.673617379884035e-19,1,True,5.000999927520752,0.0,0.0,-0.9999717473983765,-0.00751357339322567,0.0,-0.9999717473983765,-0.00751357339322567,-0.7133527398109436,-0.9999717473983765,-0.00751357339322567,-0.7133527398109436
10417,877326406,26,1,0.06761742289769979,0.0,0.0,0,False,0.5699939727783203,0.40556347370147705,-0.5717359781265259,0.5754086971282959,-0.31507205963134766,-0.5717359781265259,0.48158371448516846,-0.3157770335674286,-0.5717359781265259,0.47616901993751526,0.4048584997653961,-0.5717359781265259
10417,877326406,26,2,0.14669668309066797,0.0,0.0,0,False,0.9300050139427185,0.17932377755641937,-0.7833527326583862,0.9254969954490662,0.7792898416519165,-0.7833527326583862,1.1699914932250977,0.7811269164085388,-0.7833527326583862,1.17449951171875,0.1811608523130417,-0.7833527326583862
10417,877326406,26,3,0.05163645430078345,0.0,0.0,0,False,1.0349998474121094,-0.2549999952316284,-0.5923278331756592,1.0321823358535767,0.11997882276773453,-0.5923278331756592,1.1698795557022095,0.12101344764232635,-0.5923278331756592,1.1726970672607422,-0.2539653480052948,-0.5923278331756592
10417,877326406,26,4,0.14677933524000109,0.0,0.0,0,False,0.8699974417686462,0.7803380489349365,-0.6754600405693054,0.8745079636573792,0.180033877491951,-0.6754600405693054,0.6300135254859924,0.17819680273532867,-0.6754600405693054,0.6255029439926147,0.7785009741783142,-0.6754600405693054
10417,877326406,26,5,0.647444188134461,0.0,0.0,0,False,0.5726962685585022,0.42114731669425964,-0.5058595538139343,-1.1679942607879639,0.4080682694911957,-0.5058595538139343,-1.1707888841629028,0.779994010925293,-0.5058595538139343,0.5699017643928528,0.7930730581283569,-0.5058595538139343
10417,877326406,26,6,2.6019293197501403,0.0,0.0,0,False,0.473032146692276,0.7923452258110046,-0.5058595538139343,0.4848461449146271,-0.779963493347168,-0.5058595538139343,-1.169906735420227,-0.7923969626426697,-0.5058595538139343,-1.1817207336425781,0.7799118161201477,-0.5058595538139343
10417,877326406,26,7,0.905433102986068,0.0,0.0,0,False,-1.1733757257461548,-0.3307015597820282,-0.5058595538139343,0.7780917882919312,-0.3160387873649597,-0.5058595538139343,0.7815777659416199,-0.7799881100654602,-0.5058595538139343,-1.1698896884918213,-0.7946508526802063,-0.5058595538139343
10417,877326406,26,8,0.05481433310150674,0.0,0.0,0,False,0.625,-0.42500004172325134,-0.5058595538139343,0.7789016962051392,-0.4238436222076416,-0.5058595538139343,0.7815777659416199,-0.7799881100654602,-0.5058595538139343,0.6276760697364807,-0.7811444997787476,-0.5058595538139343
10417,877326406,26,9,0.05481436250672278,0.0,0.0,0,False,0.625,-0.42500004172325134,-0.5058595538139343,0.7789017558097839,-0.423843652009964,-0.5058595538139343,0.7815777659416199,-0.7799881100654602,-0.5058595538139343,0.6276759505271912,-0.7811444997787476,-0.5058595538139343
10417,977150791,27,0,2.0595689642488124,0.6994013786315918,5.551115123125783e-17,1,True,5.000999927520752,0.0,0.0,-0.8674702644348145,0.4974890649318695,0.0,-0.8674702644348145,0.4974890649318695,-0.6994013786315918,-0.8674702644348145,0.4974890649318695,-0.6994013786315918
10417,977150791,27,1,0.054531213383135685,0.010622918605804443,5.9516983253252165e-08,0,False,0.5325639247894287,0.4320732653141022,-0.5586286187171936,0.6297357678413391,0.4050242602825165,-0.564016580581665,0.48523974418640137,-0.11511138081550598,-0.5587816834449768,0.38806790113449097,-0.08806237578392029,-0.5533936619758606
10417,977150791,27,2,0.6149368766342338,0.0,0.0,0,False,0.40322551131248474,-0.5703303813934326,-0.6903882026672363,0.6740214824676514,0.40444129705429077,-0.6903882026672363,1.2596756219863892,0.24174393713474274,-0.6903882026672363,0.9888796806335449,-0.7330277562141418,-0.6903882026672363
10417,977150791,27,3,0.08657702164686043,0.0,0.0,0,False,0.9866882562637329,-0.7499104738235474,-0.7694013714790344,1.116498589515686,-0.2826383113861084,-0.7694013714790344,1.2885056734085083,-0.33042263984680176,-0.7694013714790344,1.1586953401565552,-0.7976948022842407,-0.7694013714790344
10417,977150791,27,4,3.307333579619195,0.0,0.0,0,False,0.624963641166687,0.7647307515144348,-0.5052096247673035,0.10119825601577759,-1.1206432580947876,-0.5052096247673035,-1.5273253917694092,-0.6682320833206177,-0.5052096247673035,-1.0035600662231445,1.2171419858932495,-0.5052096247673035
10417,977150791,27,5,1.7619542006572708,0.0,0.0,0,False,-1.0677307844161987,0.31407594680786133,-0.5052096247673035,0.5195901989936829,-0.12777481973171234,-0.5052096247673035,0.23282316327095032,-1.157967209815979,-0.5052096247673035,-1.3544977903366089,-0.7161164283752441,-0.5052096247673035
10417,977150791,27,6,0.5386028978387598,0.0,0.0,0,False,0.671100378036499,0.3943311274051666,-0.5052096247673035,-0.6778327226638794,0.7698236107826233,-0.5052096247673035,-0.574680745601654,1.1403906345367432,-0.5052096247673035,0.7742523550987244,0.7648981213569641,-0.5052096247673035
10417,977150791,27,7,1.156384386464366,0.0,0.0,0,False,-1.0746190547943115,-0.16063065826892853,-0.5052096247673035,0.7511586546897888,-0.6678399443626404,-0.5052096247673035,0.587813138961792,-1.2558271884918213,-0.5052096247673035,-1.2379646301269531,-0.7486178874969482,-0.5052096247673035
10417,977150791,27,8,0.5295670276982953,0.0,0.0,0,False,0.6914927959442139,0.4003821015357971,-0.5052096247673035,-0.6750000715255737,0.7799999713897705,-0.5052096247673035,-0.575053870677948,1.139771819114685,-0.5052096247673035,0.7914389967918396,0.7601539492607117,-0.5052096247673035
10418,77118385,28,0,1.062265056875456,0.7080457806587219,0.0,1,True,2.000999927520752,0.0,0.0,-0.9993323683738708,-0.03653465583920479,0.0,-0.9993323683738708,-0.03653465583920479,-0.7080457806587219,-0.9993323683738708,-0.03653465583920479,-0.7080457806587219
10418,77118385,28,1,0.15824644952068168,0.0,0.0,0,False,0.931963324546814,0.1712975949048996,-0.7780457735061646,0.9097368121147156,0.7792591452598572,-0.7780457735061646,1.1696796417236328,0.7887623906135559,-0.7780457735061646,1.1919060945510864,0.18080085515975952,-0.7780457735061646
10418,77118385,28,2,0.05066017540865797,0.0,0.0,0,False,1.036823034286499,-0.2298687994480133,-0.5904595255851746,1.0240869522094727,0.11850425601005554,-0.5904595255851746,1.1693121194839478,0.12381354719400406,-0.5904595255851746,1.1820483207702637,-0.2245595008134842,-0.5904595255851746
10418,77118385,28,3,0.46696898978699775,0.0,0.0,0,False,0.917143702507019,0.47165897488594055,-0.6650498509407043,0.9627591371536255,-0.7760603427886963,-0.6650498509407043,0.5890006422996521,-0.789724588394165,-0.6650498509407043,0.5433852076530457,0.4579946994781494,-0.6650498509407043
10418,77118385,28,4,0.7079136021846395,0.0,0.0,0,False,0.7314819097518921,0.4659358263015747,-0.5078185796737671,-1.1220084428787231,0.3981739282608032,-0.5078185796737671,-1.1359529495239258,0.7795995473861694,-0.5078185796737671,0.7175373435020447,0.8473614454269409,-0.5078185796737671
10418,77118385,28,5,2.6949335412466464,0.0,0.0,0,False,0.5255681872367859,0.8403432965278625,-0.5078185796737671,0.5847866535186768,-0.7794593572616577,-0.5078185796737671,-1.0767345428466797,-0.840203046798706,-0.5078185796737671,-1.1359529495239258,0.7795996069908142,-0.5078185796737671
10418,177300645,29,0,0.35261051837597956,0.7045165300369263,0.0,1,True,0.0010000000474974513,0.0,0.0,-0.9999997615814209,-0.0006703192484565079,0.0,-0.9999997615814209,-0.0006703192484565079,-0.7045165300369263,-0.9999997615814209,-0.0006703192484565079,-0.7045165300369263
10418,177300645,29,1,0.15510295610694813,0.0,0.0,0,False,0.9300000667572021,0.13489945232868195,-0.7745165228843689,0.9295676350593567,0.7799996733665466,-0.7745165228843689,1.1699998378753662,0.7801608443260193,-0.7745165228843689,1.1704323291778564,0.1350606232881546,-0.7745165228843689
10418,177300645,29,2,0.034659485574311866,0.0,0.0,0,False,1.1699998378753662,0.10509049147367477,-0.5912378430366516,1.1702210903167725,-0.2249998301267624,-0.5912378430366516,1.0652211904525757,-0.22507020831108093,-0.5912378430366516,1.0649998188018799,0.10502010583877563,-0.5912378430366516
10418,177300645,29,3,2.8817973775607264,0.0,0.0,0,False,-1.1699992418289185,-0.7810657024383545,-0.5047392845153809,-1.1710456609725952,0.7799993753433228,-0.5047392845153809,0.6749991774559021,0.7812367677688599,-0.5047392845153809,0.6760455369949341,-0.7798283100128174,-0.5047392845153809
10418,177300645,29,4,0.2702947065701764,0.0,0.0,0,False,0.9295474290847778,0.7800700664520264,-0.6790990233421326,0.9303517937660217,-0.41989922523498535,-0.6790990233421326,0.7051005363464355,-0.4200502038002014,-0.6790990233421326,0.7042961716651917,0.7799190282821655,-0.6790990233421326
10418,276887613,30,0,1.7587075865306334,0.7034553289413452,0.0,1,True,4.000999927520752,0.0,0.0,-0.998996376991272,-0.04479117691516876,0.0,-0.998996376991272,-0.04479117691516876,-0.7034553289413452,-0.998996376991272,-0.04479117691516876,-0.7034553289413452
10418,276887613,30,1,0.1877834495681041,0.0,0.0,0,False,0.8907376527786255,0.16747896373271942,-0.7734553217887878,0.8632880449295044,0.7796990871429443,-0.7734553217887878,1.1693980693817139,0.7934238314628601,-0.7734553217887878,1.196847677230835,0.18120375275611877,-0.7734553217887878
10418,276887613,30,2,0.053215077756636475,0.0,0.0,0,False,1.034999966621399,-0.2549999952316284,-0.5898013114929199,1.0190719366073608,0.10025058686733246,-0.5898013114929199,1.1685672998428345,0.10695338994264603,-0.5898013114929199,1.1844953298568726,-0.24829719960689545,-0.5898013114929199
10418,276887613,30,3,0.3272189204541158,0.0,0.0,0,False,0.8631978631019592,0.5267126560211182,-0.665476381778717,0.9080774784088135,-0.4742574989795685,-0.665476381778717,0.5818315744400024,-0.4888851046562195,-0.665476381778717,0.5369518995285034,0.5120850205421448,-0.665476381778717
10418,276887613,30,4,0.28019000100086,0.0,0.0,0,False,1.0143309831619263,0.13992202281951904,-0.665476381778717,1.041599988937378,-0.4682708978652954,-0.665476381778717,0.5818315744400024,-0.4888850748538971,-0.665476381778717,0.5545626282691956,0.11930783092975616,-0.665476381778717
10418,276887613,30,5,0.032513029231711954,0.0,0.0,0,False,0.6274656653404236,-0.2734763026237488,-0.665476381778717,0.7798494696617126,-0.2666440010070801,-0.665476381778717,0.7893966436386108,-0.4795787036418915,-0.665476381778717,0.6370128393173218,-0.4864110052585602,-0.665476381778717
10418,276887613,30,6,0.635001478653475,0.0,0.0,0,False,0.7316182851791382,0.5208735466003418,-0.5048094391822815,-1.1231040954589844,0.4377148747444153,-0.5048094391822815,-1.1384239196777344,0.7793980836868286,-0.5048094391822815,0.716298520565033,0.8625567555427551,-0.5048094391822815
10418,376921123,31,0,1.0473776146895006,0.6982200741767883,0.0,1,True,2.000999927520752,0.0,0.0,-0.9987046122550964,-0.050883326679468155,0.0,-0.9987046122550964,-0.050883326679468155,-0.6982200741767883,-0.9987046122550964,-0.050883326679468155,-0.6982200741767883
10418,376921123,31,1,0.16254718485033237,0.0,0.0,0,False,1.1696116924285889,0.7876225709915161,-0.768220067024231,1.2004904747009277,0.18155348300933838,-0.768220067024231,0.932985782623291,0.16792428493499756,-0.768220067024231,0.9021070003509521,0.7739934325218201,-0.768220067024231
10418,376921123,31,2,0.04881482792448555,0.0,0.0,0,False,1.0519250631332397,-0.2571946382522583,-0.5916422605514526,1.0337084531784058,0.10034875571727753,-0.5916422605514526,1.169883370399475,0.10728677362203598,-0.5916422605514526,1.188099980354309,-0.25025659799575806,-0.5916422605514526
10418,376921123,31,3,0.394585808556819,0.0,0.0,0,False,0.9075061082839966,0.561496376991272,-0.6787252426147461,0.9757356643676758,-0.7776697874069214,-0.6787252426147461,0.6818481683731079,-0.792643129825592,-0.6787252426147461,0.6136186122894287,0.5465229749679565,-0.6787252426147461
10418,376921123,31,4,0.5533372713047635,0.0,0.0,0,False,0.6263887286186218,0.5477431416511536,-0.5046395063400269,-1.1239080429077148,0.458566814661026,-0.5046395063400269,-1.1399734020233154,0.7738873958587646,-0.5046395063400269,0.6103233695030212,0.8630637526512146,-0.5046395063400269
10418,376921123,31,5,2.885643967496865,0.0,0.0,0,False,0.5966721773147583,0.8623682260513306,-0.5046395063400269,0.6803358197212219,-0.77972811460495,-0.5046395063400269,-1.0724071264266968,-0.8690290451049805,-0.5046395063400269,-1.1560707092285156,0.7730672955513,-0.5046395063400269
10418,477323592,32,0,1.4149809811669347,0.707432210445404,0.0,1,True,3.000999927520752,0.0,0.0,-0.9991062879562378,0.042268406599760056,0.0,-0.9991062879562378,0.042268406599760056,-0.707432210445404,-0.9991062879562378,0.042268406599760056,-0.707432210445404
10418,477323592,32,1,0.15119974712177742,0.0,0.0,0,False,0.9217650294303894,0.18034836649894714,-0.7774322032928467,0.9475322365760803,0.7894117832183838,-0.7774322032928467,1.195338249206543,0.7789280414581299,-0.7774322032928467,1.1695711612701416,0.16986463963985443,-0.7774322032928467
10418,477323592,32,2,0.04720784400505007,0.0,0.0,0,False,1.0306729078292847,-0.22227855026721954,-0.5920373201370239,1.0449955463409424,0.11626937985420227,-0.5920373201370239,1.1841886043548584,0.11038064956665039,-0.5920373201370239,1.1698658466339111,-0.22816728055477142,-0.5920373201370239
10418,477323592,32,3,0.4277596565674422,0.0,0.0,0,False,0.9230498671531677,0.47394806146621704,-0.663053035736084,0.8699195981025696,-0.7819004058837891,-0.663053035736084,0.5299140810966492,-0.7675160765647888,-0.663053035736084,0.5830443501472473,0.4883324205875397,-0.663053035736084
10418,477323592,32,4,0.5747171965196536,0.0,0.0,0,False,0.8205097913742065,0.47886455059051514,-0.5052837133407593,-1.0867878198623657,0.5595552325248718,-0.5052837133407593,-1.074062705039978,0.860342264175415,-0.5052837133407593,0.833234965801239,0.7796515822410583,-0.5052837133407593
10418,477323592,32,5,2.7175766441995535,0.0,0.0,0,False,0.5909602046012878,0.7791133522987366,-0.5052837133407593,0.522051990032196,-0.8496806025505066,-0.5052837133407593,-1.143426537513733,-0.7792204022407532,-0.5052837133407593,-1.0745183229446411,0.84957355260849,-0.5052837133407593
10418,477323592,32,6,0.190583395012494,0.0,0.0,0,False,-1.1233069896697998,-0.6799821257591248,-0.5052837133407593,0.780823290348053,-0.7605388164520264,-0.5052837133407593,0.7765964269638062,-0.8604494333267212,-0.5052837133407593,-1.1275339126586914,-0.7798928022384644,-0.5052837133407593
10418,577065435,33,0,1.411692727135537,0.7056704163551331,4.336808689942018e-19,1,True,3.000999927520752,0.0,0.0,-0.999996542930603,0.002628172980621457,0.0,-0.999996542930603,0.002628172980621457,-0.7056704163551331,-0.999996542930603,0.002628172980621457,-0.7056704163551331
10418,577065435,33,1,0.1478675257277864,0.0,0.0,0,False,0.9289359450340271,0.16512106359004974,-0.7756704092025757,0.9305535554885864,0.7806292772293091,-0.7756704092025757,1.1707884073257446,0.7799978852272034,-0.7756704092025757,1.1691707372665405,0.16448968648910522,-0.7756704092025757
10418,577065435,33,2,0.04475089008117017,0.0,0.0,0,False,1.0344877243041992,-0.2248803675174713,-0.5922533869743347,1.0353556871414185,0.10535386204719543,-0.5922533869743347,1.1708673238754272,0.10499770939350128,-0.5922533869743347,1.169999361038208,-0.22523652017116547,-0.5922533869743347
10418,577065435,33,3,0.2702192209437122,0.0,0.0,0,False,0.9300000071525574,0.6149999499320984,-0.693561315536499,0.9266093969345093,-0.6751487851142883,-0.693561315536499,0.7171627283096313,-0.6745983362197876,-0.693561315536499,0.7205533385276794,0.6155503988265991,-0.693561315536499
10418,577065435,33,4,0.30255237843516625,0.0,0.0,0,False,0.824986457824707,0.6248752474784851,-0.5043041706085205,-1.1253942251205444,0.6300010085105896,-0.5043041706085205,-1.1249865293502808,0.7851247191429138,-0.5043041706085205,0.8253941535949707,0.7799989581108093,-0.5043041706085205
10418,577065435,33,5,2.8881749208986065,0.0,0.0,0,False,0.7206701636314392,0.779998242855072,-0.5043041706085205,0.7165576219558716,-0.7848397493362427,-0.5043041706085205,-1.1290998458862305,-0.7799891829490662,-0.5043041706085205,-1.1249873638153076,0.7848488092422485,-0.5043041706085205
10418,577065435,33,6,0.21477215739557032,0.0,0.0,0,False,-1.1249864101409912,-0.6698752641677856,-0.5043041706085205,0.8252758979797363,-0.6750007271766663,-0.5043041706085205,0.8249865174293518,-0.7851247191429138,-0.5043041706085205,-1.1252758502960205,-0.7799992561340332,-0.5043041706085205
10418,676881945,34,0,1.7325792069549781,0.6929333209991455,0.0,1,True,4.000999927520752,0.0,0.0,-0.9996373057365417,-0.026930609717965126,0.0,-0.9996373057365417,-0.026930609717965126,-0.6929333209991455,-0.9996373057365417,-0.026930609717965126,-0.6929333209991455
10418,676881945,34,1,0.11409277921410599,0.0,0.0,0,False,0.5849564671516418,0.4654029309749603,-0.5732892155647278,0.607602596282959,-0.37519925832748413,-0.5732892155647278,0.47197359800338745,-0.3788531422615051,-0.5732892155647278,0.4493274688720703,0.46174904704093933,-0.5732892155647278
10418,676881945,34,2,0.19678541708619512,0.0,0.0,0,False,1.169945478439331,0.7820190191268921,-0.7629333138465881,1.186152458190918,0.1804351508617401,-0.7629333138465881,0.8592774868011475,0.17162901163101196,-0.7629333138465881,0.8430705666542053,0.7732129096984863,-0.7629333138465881
10418,676881945,34,3,0.042694571828647554,0.0,0.0,0,False,1.035086989402771,-0.22823050618171692,-0.5865029096603394,1.02695631980896,0.07357098162174225,-0.5865029096603394,1.1683194637298584,0.07737936079502106,-0.5865029096603394,1.1764501333236694,-0.2244221270084381,-0.5865029096603394
10418,676881945,34,4,0.09696761287453515,0.0,0.0,0,False,0.8181134462356567,0.5256226062774658,-0.6597970724105835,0.8302496075630188,0.07514143735170364,-0.6597970724105835,0.6151522994041443,0.06934662163257599,-0.6597970724105835,0.6030161380767822,0.5198277831077576,-0.6597970724105835
10418,676881945,34,5,0.5998845167705369,0.0,0.0,0,False,0.5780109167098999,0.48264044523239136,-0.5035749673843384,-1.1635535955429077,0.4357221722602844,-0.5035749673843384,-1.1728265285491943,0.7799238562583923,-0.5035749673843384,0.5687380433082581,0.8268421292304993,-0.5035749673843384
10418,676881945,34,6,2.5511904994001036,0.0,0.0,0,False,0.41884684562683105,0.8228041529655457,-0.5035749673843384,0.46199649572372437,-0.7788686752319336,-0.5035749673843384,-1.1296770572662354,-0.8217489123344421,-0.5035749673843384,-1.1728266477584839,0.7799239158630371,-0.5035749673843384
10418,676881945,34,7,0.7203683617740069,0.0,0.0,0,False,-1.134615421295166,-0.4230877757072449,-0.5035749673843384,0.6717516183853149,-0.3744237422943115,-0.5035749673843384,0.682487428188324,-0.7729285359382629,-0.5035749673843384,-1.1238795518875122,-0.8215925693511963,-0.5035749673843384
10418,676881945,34,8,0.5521045401277043,0.0,0.0,0,False,0.6369448304176331,0.5222141742706299,-0.5035749673843384,-1.1645764112472534,0.47368043661117554,-0.5035749673843384,-1.1728266477584839,0.7799239158630371,-0.5035749673843384,0.6286945343017578,0.8284576535224915,-0.5035749673843384
10418,777294330,35,0,1.3889747048895318,0.6947291493415833,0.0,1,True,3.000999927520752,0.0,0.0,-0.9968117475509644,0.0797891840338707,0.0,-0.9968117475509644,0.0797891840338707,-0.6947291493415833,-0.9968117475509644,0.0797891840338707,-0.6947291493415833
10418,777294330,35,1,0.11163203876732797,0.0,0.0,0,False,1.0276674032211304,0.02818559855222702,-0.7019009590148926,0.982379674911499,-0.5375973582267761,-0.7019009590148926,0.7863303422927856,-0.521904706954956,-0.7019009590148926,0.8316181302070618,0.04387824609875679,-0.7019009590148926
10418,777294330,35,2,0.05225707878743879,0.0,0.0,0,False,1.0089445114135742,-0.25051307678222656,-0.5904762148857117,1.0358593463897705,0.0857371985912323,-0.5904762148857117,1.1902812719345093,0.07337658852338791,-0.5904762148857117,1.1633663177490234,-0.26287367939949036,-0.5904762148857117
10418,777294330,35,3,0.26660593041019354,0.0,0.0,0,False,0.8584529757499695,0.41011831164360046,-0.6394715309143066,0.762342631816864,-0.7905933260917664,-0.6394715309143066,0.5417162775993347,-0.7729334235191345,-0.6394715309143066,0.6378266215324402,0.4277782142162323,-0.6394715309143066
10418,777294330,35,4,0.11571095178166302,0.0,0.0,0,False,1.0154658555984497,0.12335627526044846,-0.74708092212677,0.8383765816688538,0.13753128051757812,-0.74708092212677,0.89034503698349,0.7867761254310608,-0.74708092212677,1.067434310913086,0.7726011276245117,-0.74708092212677
10418,777294330,35,5,0.04419909834970537,0.0,0.0,0,False,0.6492100358009338,0.5534623861312866,-0.573509693145752,0.6139439344406128,0.11288054287433624,-0.573509693145752,0.5142627358436584,0.12085946649312973,-0.573509693145752,0.5495288968086243,0.5614413022994995,-0.573509693145752
10418,777294330,35,6,0.067996181143398,0.0,0.0,0,False,0.8719099164009094,-0.5461395978927612,-0.7647291421890259,1.1867022514343262,-0.5713369250297546,-0.7647291421890259,1.1695225238800049,-0.785965085029602,-0.7647291421890259,0.8547301292419434,-0.7607676982879639,-0.7647291421890259
10418,777294330,35,7,0.2218226038627833,0.0,0.0,0,False,-1.1633152961730957,-0.6364883780479431,-0.508622407913208,0.37662073969841003,-0.7597517371177673,-0.508622407913208,0.36516401171684265,-0.9028813242912292,-0.508622407913208,-1.174772024154663,-0.779617965221405,-0.508622407913208
10418,777294330,35,8,0.38272024572199825,0.0,0.0,0,False,0.6689838171005249,0.554839551448822,-0.508622407913208,-1.0271553993225098,0.6906060576438904,-0.508622407913208,-1.0092090368270874,0.9148115515708923,-0.508622407913208,0.6869301795959473,0.779045045375824,-0.508622407913208
10418,777294330,35,9,2.756829982270535,0.0,0.0,0,False,0.5643697381019592,0.7768486738204956,-0.508622407913208,0.42950439453125,-0.9080314040184021,-0.508622407913208,-1.196296215057373,-0.7778950929641724,-0.508622407913208,-1.0614309310913086,0.9069849848747253,-0.508622407913208
10418,877110257,36,0,1.7173308454940328,0.6869485378265381,0.0,1,True,4.000999927520752,0.0,0.0,-0.9986029267311096,0.052841395139694214,0.0,-0.9986029267311096,0.052841395139694214,-0.6869485378265381,-0.9986029267311096,0.052841395139694214,-0.6869485378265381
10418,877110257,36,1,0.18853473416181066,0.0,0.0,0,False,0.809588611125946,-0.7712472081184387,-0.7569485306739807,0.8374171853065491,-0.245338574051857,-0.7569485306739807,1.1949095726013184,-0.2642554044723511,-0.7569485306739807,1.1670808792114258,-0.790164053440094,-0.7569485306739807
10418,877110257,36,2,0.050915064017017286,0.0,0.0,0,False,1.0191696882247925,-0.22416234016418457,-0.6182078719139099,1.0377095937728882,0.12620647251605988,-0.6182078719139099,1.1826223134994507,0.11853837221860886,-0.6182078719139099,1.164082407951355,-0.2318304479122162,-0.6182078719139099
10418,877110257,36,3,0.22759756871838732,0.0,0.0,0,False,0.8858302235603333,0.6741623878479004,-0.6757428050041199,0.822257936000824,-0.5272361040115356,-0.6757428050041199,0.6333430409431458,-0.5172396302223206,-0.6757428050041199,0.696915328502655,0.6841588616371155,-0.6757428050041199
10418,877110257,36,4,0.18748190144704502,0.0,0.0,0,False,-1.1247068643569946,-0.6694594025611877,-0.507987916469574,0.5711010098457336,-0.7591937184333801,-0.507987916469574,0.5652672052383423,-0.8694411516189575,-0.507987916469574,-1.1305406093597412,-0.7797067761421204,-0.507987916469574
10418,877110257,36,5,0.14411586247877928,0.0,0.0,0,False,0.41788190603256226,0.6799721717834473,-0.507987916469574,-1.0212634801864624,0.7561249136924744,-0.507987916469574,-1.015979290008545,0.855985164642334,-0.507987916469574,0.42316603660583496,0.7798324823379517,-0.507987916469574
10418,877110257,36,6,2.864136765238058,0.0,0.0,0,False,0.7006496787071228,0.7651493549346924,-0.507987916469574,0.614018440246582,-0.8720205426216125,-0.507987916469574,-1.1305406093597412,-0.7797068357467651,-0.507987916469574,-1.0439093112945557,0.8574630618095398,-0.507987916469574
10418,877110257,36,7,0.6189385020036706,0.0,0.0,0,False,-1.1119041442871094,-0.4275131821632385,-0.507987916469574,0.6405700445175171,-0.5202457308769226,-0.507987916469574,0.62193363904953,-0.8724393844604492,-0.507987916469574,-1.1305406093597412,-0.7797068357467651,-0.507987916469574
10418,977020684,37,0,0.3490597461107445,0.6974220871925354,0.0,1,True,0.0010000000474974513,0.0,0.0,-0.9999665021896362,0.00818611215800047,0.0,-0.9999665021896362,0.00818611215800047,-0.6974220871925354,-0.9999665021896362,0.00818611215800047,-0.6974220871925354
10418,977020684,37,1,0.14298238135441244,0.0,0.0,0,False,1.170859456062317,0.7799929976463318,-0.767422080039978,1.1659319400787354,0.17806856334209442,-0.767422080039978,0.92840576171875,0.180013045668602,-0.767422080039978,0.9333333373069763,0.7819375395774841,-0.767422080039978
10418,977020684,37,2,0.04892327441750144,0.0,0.0,0,False,1.0338948965072632,-0.25499093532562256,-0.5898770689964294,1.036850929260254,0.1060900092124939,-0.5898770689964294,1.172333002090454,0.10498090088367462,-0.5898770689964294,1.1693769693374634,-0.256100058555603,-0.5898770689964294
10418,977020684,37,3,2.468228148146655,0.0,0.0,0,False,-1.091910481452942,-0.7799025177955627,-0.5032004117965698,-1.079035997390747,0.7927628755569458,-0.5032004117965698,0.49031415581703186,0.7799155712127686,-0.5032004117965698,0.4774397611618042,-0.79274982213974,-0.5032004117965698
10418,977020684,37,4,0.12949006249228212,0.0,0.0,0,False,0.8752798438072205,0.7799568176269531,-0.6793321371078491,0.8698641657829285,0.11840477585792542,-0.6793321371078491,0.6741405129432678,0.12000703811645508,-0.6793321371078491,0.6795561909675598,0.7815591096878052,-0.6793321371078491
10419,76924402,38,0,0.3411054444924219,0.6815296411514282,3.469446951953614e-18,1,True,0.0010000000474974513,0.0,0.0,-0.9995664358139038,0.029444517567753792,0.0,-0.9995664358139038,0.029444517567753792,-0.6815296411514282,-0.9995664358139038,0.029444517567753792,-0.6815296411514282
10419,76924402,38,1,0.2236066521550768,0.0,0.0,0,False,0.8325051665306091,0.7811044454574585,-0.6546532511711121,0.7863965630531311,-0.7841651439666748,-0.6546532511711121,0.6436653733253479,-0.7799606919288635,-0.6546532511711121,0.6897739768028259,0.7853088974952698,-0.6546532511711121
10419,76924402,38,2,2.6935439035204496,0.0,0.0,0,False,0.5376671552658081,0.776533842086792,-0.5073652863502502,0.4903751611709595,-0.828910231590271,-0.5073652863502502,-1.1859265565872192,-0.779530942440033,-0.5073652863502502,-1.1386345624923706,0.82591313123703,-0.5073652863502502
10419,76924402,38,3,0.5744870856976974,0.0,0.0,0,False,0.7875209450721741,-0.7788958549499512,-0.7515296339988708,0.8319677114486694,0.7299575209617615,-0.7515296339988708,1.2123817205429077,0.7187516093254089,-0.7515296339988708,1.1679350137710571,-0.7901018261909485,-0.7515296339988708
10419,177137579,39,0,1.7378496227252687,0.6952032446861267,0.0,1,True,4.000999927520752,0.0,0.0,-0.9981805086135864,-0.06029655039310455,0.0,-0.9981805086135864,-0.06029655039310455,-0.6952032446861267,-0.9981805086135864,-0.06029655039310455,-0.6952032446861267
10419,177137579,39,1,0.06203257113281424,0.0,0.0,0,False,0.8694546818733215,0.789027988910675,-0.6835367679595947,0.9006953239440918,0.2718541622161865,-0.6835367679595947,0.7811861038208008,0.26463502645492554,-0.6835367679595947,0.7499454617500305,0.7818088531494141,-0.6835367679595947
10419,177137579,39,2,0.16757126193161476,0.0,0.0,0,False,1.169454574584961,0.7890280485153198,-0.7652032375335693,1.206112027168274,0.18218138813972473,-0.7652032375335693,0.9309815168380737,0.1655617356300354,-0.7652032375335693,0.8943240642547607,0.7724083662033081,-0.7652032375335693
10419,177137579,39,3,2.684845304858314,0.0,0.0,0,False,-1.068554162979126,-0.8644817471504211,-0.5046694874763489,-1.1677355766296387,0.7774184346199036,-0.5046694874763489,0.4615255296230316,0.8758363127708435,-0.5046694874763489,0.5607069134712219,-0.7660638689994812,-0.5046694874763489
10419,177137579,39,4,0.029549916336503834,0.0,0.0,0,False,0.7680999636650085,0.46699947118759155,-0.6381498575210571,0.7800000309944153,0.26999998092651367,-0.6381498575210571,0.6305453777313232,0.26097196340560913,-0.6381498575210571,0.6186453700065613,0.4579714238643646,-0.6381498575210571
10419,177137579,39,5,0.30258960233987553,0.0,0.0,0,False,0.5404256582260132,0.21958912909030914,-0.6381498575210571,0.9225897192955017,0.242674320936203,-0.6381498575210571,0.9702444672584534,-0.5462263226509094,-0.6381498575210571,0.5880804061889648,-0.5693115592002869,-0.6381498575210571
10419,177137579,39,6,0.4260700392918708,0.0,0.0,0,False,0.5467453002929688,0.11497087776660919,-0.6381498575210571,1.1671339273452759,0.15244634449481964,-0.6381498575210571,1.208469033241272,-0.5318359732627869,-0.6381498575210571,0.5880803465843201,-0.5693114399909973,-0.6381498575210571
10419,177137579,39,7,0.24788640727510014,0.0,0.0,0,False,0.5880803465843201,-0.5693114995956421,-0.6381498575210571,0.5263625383377075,0.4523969888687134,-0.6381498575210571,0.7680999636650085,0.46699947118759155,-0.6381498575210571,0.8298177719116211,-0.5547089576721191,-0.6381498575210571
10419,277158547,40,0,0.34806859660641803,0.6954419612884521,0.0,1,True,0.0010000000474974513,0.0,0.0,-0.9997195601463318,-0.0236803125590086,0.0,-0.9997195601463318,-0.0236803125590086,-0.6954419612884521,-0.9997195601463318,-0.0236803125590086,-0.6954419612884521
10419,277158547,40,1,0.19954581664270243,0.0,0.0,0,False,0.8768311142921448,0.1316087543964386,-0.7654419541358948,0.8615111112594604,0.7783776521682739,-0.7654419541358948,1.169865369796753,0.7856816053390503,-0.7654419541358948,1.1851853132247925,0.13891273736953735,-0.7654419541358948
10419,277158547,40,2,2.612005406146899,0.0,0.0,0,False,0.5190527439117432,0.8189425468444824,-0.506503164768219,0.5568500757217407,-0.7767584323883057,-0.506503164768219,-1.0791336297988892,-0.8155099153518677,-0.506503164768219,-1.1169308423995972,0.7801910638809204,-0.506503164768219
10419,277158547,40,3,0.4068739315745624,0.0,0.0,0,False,0.6300840973854065,-0.783551037311554,-0.6656054854393005,0.5931531190872192,0.7755740880966187,-0.6656054854393005,0.8539697527885437,0.7817520499229431,-0.6656054854393005,0.890900731086731,-0.7773731350898743,-0.6656054854393005
10419,376936849,41,0,1.7880439568123003,0.7150780558586121,0.0,1,True,4.000999927520752,0.0,0.0,-0.9999696016311646,0.007796073332428932,0.0,-0.9999696016311646,0.007796073332428932,-0.7150780558586121,-0.9999696016311646,0.007796073332428932,-0.7150780558586121
10419,376936849,41,1,0.10428011040533924,0.0,0.0,0,False,0.9711437821388245,0.1803808957338333,-0.7850780487060547,0.9752393364906311,0.7056997418403625,-0.7850780487060547,1.173735499382019,0.7041521668434143,-0.7850780487060547,1.1696399450302124,0.17883335053920746,-0.7850780487060547
10419,376936849,41,2,0.04676653927172758,0.0,0.0,0,False,1.0324300527572632,-0.22462911903858185,-0.5874090194702148,1.0350803136825562,0.11531122773885727,-0.5874090194702148,1.1726447343826294,0.11423873156309128,-0.5874090194702148,1.1699944734573364,-0.22570161521434784,-0.5874090194702148
10419,376936849,41,3,0.6698679071885323,0.0,0.0,0,False,0.9753507971763611,0.7799972891807556,-0.6642338037490845,0.9636479020118713,-0.721081018447876,-0.6642338037490845,0.5174172520637512,-0.7176020741462708,-0.6642338037490845,0.5291200876235962,0.7834762334823608,-0.6642338037490845
10419,376936849,41,4,0.43521080294521663,0.0,0.0,0,False,1.008152723312378,0.17939069867134094,-0.6642338037490845,1.0011301040649414,-0.7213732004165649,-0.6642338037490845,0.5180020332336426,-0.7176066040992737,-0.6642338037490845,0.5250245928764343,0.1831572949886322,-0.6642338037490845
10419,376936849,41,5,0.238259169165441,0.0,0.0,0,False,0.5250291228294373,-0.2212579846382141,-0.6642338037490845,1.0049999952316284,-0.22499999403953552,-0.6642338037490845,1.0011301040649414,-0.7213732004165649,-0.6642338037490845,0.5211592316627502,-0.7176312208175659,-0.6642338037490845
10419,376936849,41,6,2.600585261117997,0.0,0.0,0,False,0.5285080671310425,0.7799725532531738,-0.5040603280067444,0.5162462592124939,-0.7927956581115723,-0.5040603280067444,-1.1371614933013916,-0.7799051403999329,-0.5040603280067444,-1.1248997449874878,0.7928630709648132,-0.5040603280067444
10419,477166942,42,0,2.3372006136433083,0.6676902174949646,3.469446951953614e-18,1,True,6.000999927520752,0.0,0.0,-0.9998288750648499,-0.0185004323720932,0.0,-0.9998288750648499,-0.0185004323720932,-0.6676902174949646,-0.9998288750648499,-0.0185004323720932,-0.6676902174949646
10419,477166942,42,1,0.24170818486469026,0.0,0.0,0,False,0.510887086391449,-0.42359182238578796,-0.6018558144569397,0.4914187490940094,0.6285459995269775,-0.6018558144569397,0.7210706472396851,0.6327953338623047,-0.6018558144569397,0.740539014339447,-0.41934242844581604,-0.6018558144569397
10419,477166942,42,2,0.07377829917488565,0.0,0.0,0,False,0.7338901162147522,-0.42002055048942566,-0.7376902103424072,1.077939748764038,-0.4136543869972229,-0.7376902103424072,1.0819063186645508,-0.6280218362808228,-0.7376902103424072,0.7378566861152649,-0.6343880295753479,-0.7376902103424072
10419,477166942,42,3,0.6322366847812102,0.0,0.0,0,False,0.7489551901817322,-0.6341826319694519,-0.7376902103424072,0.7229099273681641,0.7733926177024841,-0.7376902103424072,1.1719233989715576,0.7817009687423706,-0.7376902103424072,1.1979687213897705,-0.6258742809295654,-0.7376902103424072
10419,477166942,42,4,0.032195795321909415,0.0,0.0,0,False,1.171942114830017,0.6750359535217285,-0.7376902103424072,0.8701027035713196,0.6694508790969849,-0.7376902103424072,0.8681296706199646,0.7760797142982483,-0.7376902103424072,1.169969081878662,0.7816647291183472,-0.7376902103424072
10419,477166942,42,5,2.557185800596505,0.0,0.0,0,False,0.47945070266723633,0.8096880912780762,-0.5040760040283203,0.5088352560997009,-0.7783562541007996,-0.5040760040283203,-1.1008871793746948,-0.8081418871879578,-0.5040760040283203,-1.1302716732025146,0.779902458190918,-0.5040760040283203
10419,477166942,42,6,0.2962410902584178,0.0,0.0,0,False,0.5266441702842712,0.6311405897140503,-0.5040760040283203,-1.1244559288024902,0.6005896329879761,-0.5040760040283203,-1.127774715423584,0.7799486517906189,-0.5040760040283203,0.5233254432678223,0.8104996085166931,-0.5040760040283203
10419,477166942,42,7,0.5276861232709926,0.0,0.0,0,False,0.5244506001472473,-0.45031189918518066,-0.5040760040283203,0.5305131673812866,-0.7779551148414612,-0.5040760040283203,-1.079486608505249,-0.8077459335327148,-0.5040760040283203,-1.085549235343933,-0.4801027178764343,-0.5040760040283203
10419,576923952,43,0,2.1558735457606635,0.7186083197593689,0.0,1,True,5.000999927520752,0.0,0.0,-0.9989624619483948,-0.04554150998592377,0.0,-0.9989624619483948,-0.04554150998592377,-0.7186083197593689,-0.9989624619483948,-0.04554150998592377,-0.7186083197593689
10419,576923952,43,1,0.09073462047560588,0.0,0.0,0,False,0.793959379196167,0.173798069357872,-0.7018444538116455,0.7663828134536743,0.7786954045295715,-0.7018444538116455,0.9160717725753784,0.785519540309906,-0.7018444538116455,0.9436482787132263,0.18062220513820648,-0.7018444538116455
10419,576923952,43,2,0.14459397308515598,0.0,0.0,0,False,0.9752178192138672,0.1302230954170227,-0.7886083126068115,0.9458429217338562,0.7745677828788757,-0.7886083126068115,1.1697821617126465,0.7847769260406494,-0.7886083126068115,1.1991571187973022,0.1404322236776352,-0.7886083126068115
10419,576923952,43,3,0.049923875395130324,0.0,0.0,0,False,1.035248875617981,-0.2304593324661255,-0.5899742841720581,1.0200802087783813,0.10226832330226898,-0.5899742841720581,1.1698132753372192,0.10909447818994522,-0.5899742841720581,1.1849819421768188,-0.22363317012786865,-0.5899742841720581
10419,576923952,43,4,0.37641515337927345,0.0,0.0,0,False,0.7649455070495605,0.7923064827919006,-0.6365506649017334,0.8263648152351379,-0.5549378395080566,-0.6365506649017334,0.5475479364395142,-0.5676487684249878,-0.6365506649017334,0.48612862825393677,0.7795955538749695,-0.6365506649017334
10419,576923952,43,5,0.288068315659582,0.0,0.0,0,False,0.552381694316864,0.11646148562431335,-0.6365506649017334,0.9736020565032959,0.13566440343856812,-0.6365506649017334,1.004715085029602,-0.5468069911003113,-0.6365506649017334,0.5834947228431702,-0.5660099387168884,-0.6365506649017334
10419,576923952,43,6,0.2843237726101586,0.0,0.0,0,False,0.9740065336227417,0.1267930567264557,-0.6365506649017334,1.0047152042388916,-0.5468069911003113,-0.6365506649017334,0.5834947824478149,-0.5660099387168884,-0.6365506649017334,0.5527861714363098,0.10759010910987854,-0.6365506649017334
10419,576923952,43,7,0.12008647684264417,0.0,0.0,0,False,0.5699999928474426,-0.26999998092651367,-0.6365506649017334,0.9748424291610718,-0.25154364109039307,-0.6365506649017334,0.9883372187614441,-0.5475536584854126,-0.6365506649017334,0.5834947228431702,-0.5660099387168884,-0.6365506649017334
10419,576923952,43,8,2.6514488091691915,0.0,0.0,0,False,0.4731263816356659,0.8528568148612976,-0.5046840906143188,0.5475196242332458,-0.778973400592804,-0.5046840906143188,-1.073941707611084,-0.8528939485549927,-0.5046840906143188,-1.1483349800109863,0.7789362668991089,-0.5046840906143188
10419,676916921,44,0,1.7987143645005195,0.7193666100502014,0.0,1,True,4.000999927520752,0.0,0.0,-0.9997851848602295,-0.020725490525364876,0.0,-0.9997851848602295,-0.020725490525364876,-0.7193666100502014,-0.9997851848602295,-0.020725490525364876,-0.7193666100502014
10419,676916921,44,1,0.09341382693980016,0.0,0.0,0,False,1.1699806451797485,0.7809323668479919,-0.789366602897644,1.1815000772476196,0.2252383828163147,-0.789366602897644,1.0134693384170532,0.22175511717796326,-0.789366602897644,1.0019497871398926,0.7774490714073181,-0.789366602897644
10419,676916921,44,2,0.04705192164086647,0.0,0.0,0,False,1.0350579023361206,-0.22779732942581177,-0.5871443152427673,1.0281813144683838,0.10392579436302185,-0.5871443152427673,1.1699613332748413,0.10686488449573517,-0.5871443152427673,1.1768379211425781,-0.22485823929309845,-0.5871443152427673
10419,676916921,44,3,0.00018652662670826103,0.0,0.0,0,False,1.0299785137176514,0.1820725053548813,-0.7277730703353882,1.0300171375274658,0.18020763993263245,-0.7277730703353882,0.9300386309623718,0.17813509702682495,-0.7277730703353882,0.9299999475479126,0.1799999624490738,-0.7277730703353882
10419,676916921,44,4,0.07381395529273238,0.0,0.0,0,False,0.8209077715873718,0.46740272641181946,-0.6541842222213745,0.8268648386001587,0.18003864586353302,-0.6541842222213745,0.5701095461845398,0.17471610009670258,-0.6541842222213745,0.5641524791717529,0.462080180644989,-0.6541842222213745
10419,676916921,44,5,0.28821874139132087,0.0,0.0,0,False,1.004502296447754,0.12900717556476593,-0.6541842222213745,1.0179961919784546,-0.5219320058822632,-0.6541842222213745,0.5754126906394958,-0.53110671043396,-0.6541842222213745,0.5619187951087952,0.11983245611190796,-0.6541842222213745
10419,676916921,44,6,0.11748346563235135,0.0,0.0,0,False,0.5698180198669434,-0.2612227499485016,-0.6541842222213745,1.0049419403076172,-0.2522026598453522,-0.6541842222213745,1.0105366706848145,-0.5220866799354553,-0.6541842222213745,0.5754126906394958,-0.5311067700386047,-0.6541842222213745
10419,676916921,44,7,0.36519691359272954,0.0,0.0,0,False,0.9224438071250916,0.4695075452327728,-0.6541842222213745,0.943028450012207,-0.5234860777854919,-0.6541842222213745,0.5754127502441406,-0.53110671043396,-0.6541842222213745,0.5548281073570251,0.4618869125843048,-0.6541842222213745
10419,777115806,45,0,1.0687230191642951,0.7122786045074463,0.0,1,True,2.000999927520752,0.0,0.0,-0.9997852444648743,0.0207224041223526,0.0,-0.9997852444648743,0.0207224041223526,-0.7122786045074463,-0.9997852444648743,0.0207224041223526,-0.7122786045074463
10419,777115806,45,1,0.2678533333750348,0.0,0.0,0,False,0.951423704624176,0.7795559763908386,-0.6940745115280151,0.9190393090248108,-0.7828819155693054,-0.6940745115280151,0.7476799488067627,-0.7793301343917847,-0.6940745115280151,0.7800644040107727,0.7831077575683594,-0.6940745115280151
10419,777115806,45,2,0.3180925941895709,0.0,0.0,0,False,0.46233126521110535,-0.7774574756622314,-0.5964627861976624,0.48718634247779846,0.4217164218425751,-0.5964627861976624,0.7523322105407715,0.4162207841873169,-0.5964627861976624,0.7274771332740784,-0.7829530835151672,-0.5964627861976624
10419,777115806,45,3,0.046329588376677666,0.0,0.0,0,False,1.0281822681427002,-0.22392596304416656,-0.5861616134643555,1.0350579023361206,0.10779692232608795,-0.5861616134643555,1.17466139793396,0.10490337759256363,-0.5861616134643555,1.167785882949829,-0.2268195003271103,-0.5861616134643555
10419,777115806,45,4,0.045083586102784956,0.0,0.0,0,False,0.919069766998291,0.18115928769111633,-0.7822785973548889,0.928412139415741,0.6318982839584351,-0.7822785973548889,1.028390645980835,0.6298260688781738,-0.7822785973548889,1.0190483331680298,0.17908704280853271,-0.7822785973548889
10419,777115806,45,5,2.6009012238860265,0.0,0.0,0,False,0.49421870708465576,0.779705286026001,-0.5039801001548767,0.4612095355987549,-0.8128771185874939,-0.5039801001548767,-1.1712236404418945,-0.7790419459342957,-0.5039801001548767,-1.1382144689559937,0.8135404586791992,-0.5039801001548767
10419,777115806,45,6,0.5692629828540614,0.0,0.0,0,False,0.5674075484275818,0.44492173194885254,-0.5039801001548767,-1.1312153339385986,0.48012882471084595,-0.5039801001548767,-1.124272108078003,0.8151170015335083,-0.5039801001548767,0.5743507742881775,0.7799098491668701,-0.5039801001548767
10419,876876607,46,0,1.0696656778547844,0.7128841280937195,0.0,1,True,2.000999927520752,0.0,0.0,-0.9999287724494934,-0.011933904141187668,0.0,-0.9999287724494934,-0.011933904141187668,-0.7128841280937195,-0.9999287724494934,-0.011933904141187668,-0.7128841280937195
10419,876876607,46,1,0.2508876407966456,0.0,0.0,0,False,0.48001283407211304,-0.7810739278793335,-0.5893831253051758,0.4657084047794342,0.417502224445343,-0.5893831253051758,0.675000011920929,0.42000001668930054,-0.5893831253051758,0.6893044114112854,-0.778576135635376,-0.5893831253051758
10419,876876607,46,2,0.12847278232107628,0.0,0.0,0,False,1.169980764389038,0.7816109657287598,-0.7828841209411621,1.1771597862243652,0.1800854504108429,-0.7828841209411621,0.9636119604110718,0.17753680050373077,-0.7828841209411621,0.9564328789710999,0.7790623307228088,-0.7828841209411621
10419,876876607,46,3,0.05316305109034447,0.0,0.0,0,False,1.0205583572387695,-0.22678354382514954,-0.5951287150382996,1.016422152519226,0.11977828294038773,-0.5951287150382996,1.1698017120361328,0.12160883098840714,-0.5951287150382996,1.1739377975463867,-0.22495299577713013,-0.5951287150382996
10419,876876607,46,4,0.3299907458379181,0.0,0.0,0,False,0.9256891012191772,0.7812017202377319,-0.6943156719207764,0.9435887336730957,-0.7185846567153931,-0.6943156719207764,0.7235949039459229,-0.721210241317749,-0.6943156719207764,0.7056952714920044,0.778576135635376,-0.6943156719207764
10419,876876607,46,5,2.3947587637540835,0.0,0.0,0,False,0.41978639364242554,0.7978991270065308,-0.5069209337234497,0.43861520290374756,-0.7797778248786926,-0.5069209337234497,-1.0790704488754272,-0.7978906631469727,-0.5069209337234497,-1.097899317741394,0.7797862887382507,-0.5069209337234497
10419,876876607,46,6,0.610085676069728,0.0,0.0,0,False,0.529295802116394,0.4200512766838074,-0.5069209337234497,-1.0797715187072754,0.400847852230072,-0.5069209337234497,-1.0842958688735962,0.7799487113952637,-0.5069209337234497,0.5247713923454285,0.799152135848999,-0.5069209337234497
10419,977226867,47,0,1.4007266942820102,0.700188398361206,2.168404344971009e-19,1,True,3.000999927520752,0.0,0.0,-0.9999993443489075,-0.0011541082058101892,0.0,-0.9999993443489075,-0.0011541082058101892,-0.700188398361206,-0.9999993443489075,-0.0011541082058101892,-0.700188398361206
10419,977226867,47,1,0.1409051563542434,0.0,0.0,0,False,0.6753982305526733,-0.22503414750099182,-0.6703893542289734,0.6745847463607788,0.47987833619117737,-0.6703893542289734,0.8744747638702393,0.48010900616645813,-0.6703893542289734,0.8752882480621338,-0.22480347752571106,-0.6703893542289734
10419,977226867,47,2,0.3844390996344007,0.0,0.0,0,False,0.9154158234596252,-0.7802937030792236,-0.7701883912086487,0.9136847257614136,0.7198773622512817,-0.7701883912086487,1.169947862625122,0.7201730608940125,-0.7701883912086487,1.1716790199279785,-0.7799980044364929,-0.7701883912086487
10419,977226867,47,3,2.812194942735804,0.0,0.0,0,False,0.6734915971755981,0.7820754051208496,-0.5053666234016418,0.6752942800521851,-0.7799996733665466,-0.5053666234016418,-1.1249977350234985,-0.7820772528648376,-0.5053666234016418,-1.126800298690796,0.7799978256225586,-0.5053666234016418
10419,977226867,47,4,0.9989006600718184,0.0,0.0,0,False,-1.125588297843933,-0.27005258202552795,-0.5053666234016418,0.8246339559555054,-0.26780205965042114,-0.5053666234016418,0.8252249956130981,-0.7799997329711914,-0.5053666234016418,-1.1249972581863403,-0.7822502851486206,-0.5053666234016418
10419,977226867,47,5,0.5892216906242904,0.0,0.0,0,False,0.825346052646637,0.480138897895813,-0.5053666234016418,-1.124997615814209,0.47788822650909424,-0.5053666234016418,-1.1253461837768555,0.7799995541572571,-0.5053666234016418,0.8249974250793457,0.7822502255439758,-0.5053666234016418
10420,77079252,48,0,0.9375797614603636,0.624916136264801,6.938893903907228e-18,1,True,2.000999927520752,0.0,0.0,-0.999487042427063,0.03202500939369202,0.0,-0.999487042427063,0.03202500939369202,-0.624916136264801,-0.999487042427063,0.03202500939369202,-0.624916136264801
10420,77079252,48,1,0.2359670765573716,0.0,0.0,0,False,0.7109326720237732,0.40384864807128906,-0.6014705896377563,0.6728025078773499,-0.7861776351928711,-0.6014705896377563,0.4747186005115509,-0.7798306941986084,-0.6014705896377563,0.5128487348556519,0.410195529460907,-0.6014705896377563
10420,77079252,48,2,0.43959528363903466,0.0,0.0,0,False,0.6851043701171875,-0.6690756678581238,-0.6949161291122437,0.7318307757377625,0.7892332673072815,-0.6949161291122437,1.0329633951187134,0.779584527015686,-0.6949161291122437,0.9862370491027832,-0.6787244081497192,-0.6949161291122437
10420,77079252,48,3,0.04754154825246992,0.0,0.0,0,False,1.026883840560913,-0.2232980728149414,-0.5877111554145813,1.037523627281189,0.10876409709453583,-0.5877111554145813,1.1805473566055298,0.10418140888214111,-0.5877111554145813,1.1699076890945435,-0.22788076102733612,-0.5877111554145813
10420,77079252,48,4,0.6325676353899681,0.0,0.0,0,False,0.5696461200714111,0.4089570641517639,-0.5068438053131104,-1.1351385116577148,0.4635807275772095,-0.5068438053131104,-1.1232616901397705,0.8342544436454773,-0.5068438053131104,0.581523060798645,0.7796307802200317,-0.5068438053131104
10420,77079252,48,5,2.655692958559304,0.0,0.0,0,False,0.5232115387916565,0.7786152958869934,-0.5068438053131104,0.4715859591960907,-0.8325987458229065,-0.5068438053131104,-1.1749794483184814,-0.7798404693603516,-0.5068438053131104,-1.1233538389205933,0.8313735723495483,-0.5068438053131104
10420,177335596,49,0,0.3575687170468904,0.7144230604171753,1.734723475976807e-18,1,True,0.0010000000474974513,0.0,0.0,-0.9999343156814575,0.011461117304861546,0.0,-0.9999343156814575,0.011461117304861546,-0.7144230604171753,-0.9999343156814575,0.011461117304861546,-0.7144230604171753
10420,177335596,49,1,0.13050661491862758,0.0,0.0,0,False,0.9419096112251282,0.13537928462028503,-0.7844230532646179,0.9484676718711853,0.7075391411781311,-0.7844230532646179,1.1765323877334595,0.7049250602722168,-0.7844230532646179,1.1699743270874023,0.13276523351669312,-0.7844230532646179
10420,177335596,49,2,2.552800436370344,0.0,0.0,0,False,-1.0966747999191284,-0.7798088192939758,-0.5044570565223694,-1.0785858631134033,0.7983800172805786,-0.5044570565223694,0.5387523770332336,0.7798423171043396,-0.5044570565223694,0.5206633806228638,-0.7983465194702148,-0.5044570565223694
10420,177335596,49,3,0.10184739469752113,0.0,0.0,0,False,0.9334243535995483,0.7787572145462036,-0.7169860601425171,0.9258162975311279,0.11499065905809402,-0.7169860601425171,0.7723978757858276,0.11674913018941879,-0.7169860601425171,0.780005931854248,0.7805156707763672,-0.7169860601425171
10420,276932773,50,0,1.0199310041309633,0.6797651648521423,0.0,1,True,2.000999927520752,0.0,0.0,-0.9997502565383911,-0.022347362712025642,0.0,-0.9997502565383911,-0.022347362712025642,-0.6797651648521423,-0.9997502565383911,-0.022347362712025642,-0.6797651648521423
10420,276932773,50,1,0.4852257221346008,0.0,0.0,0,False,1.0033106803894043,0.7863328456878662,-0.7001655101776123,1.0383810997009277,-0.7826067209243774,-0.7001655101776123,0.7292656898498535,-0.7895163893699646,-0.7001655101776123,0.6941952705383301,0.779423177242279,-0.7001655101776123
10420,276932773,50,2,2.056296491396759,0.0,0.0,0,False,0.11935576051473618,0.8088208436965942,-0.5059077143669128,0.15485318005084991,-0.7792208790779114,-0.5059077143669128,-1.139363169670105,-0.8081504106521606,-0.5059077143669128,-1.1748605966567993,0.779891312122345,-0.5059077143669128
10420,276932773,50,3,0.10616161853010819,0.0,0.0,0,False,1.020052433013916,0.132654070854187,-0.749765157699585,1.0056195259094238,0.7783373594284058,-0.749765157699585,1.1699548959732056,0.7820107340812683,-0.749765157699585,1.1843878030776978,0.13632746040821075,-0.749765157699585
10420,276932773,50,4,0.8574504769001017,0.0,0.0,0,False,0.6905743479728699,0.7914127111434937,-0.5339343547821045,0.7256971597671509,-0.7798726558685303,-0.5339343547821045,0.18026967346668243,-0.7920645475387573,-0.5339343547821045,0.14514681696891785,0.7792208194732666,-0.5339343547821045
10420,276932773,50,5,0.8574504838393651,0.0,0.0,0,False,0.18026968836784363,-0.7920646071434021,-0.5339343547821045,0.14514681696891785,0.7792208790779114,-0.5339343547821045,0.6905742883682251,0.7914127707481384,-0.5339343547821045,0.7256971597671509,-0.779872715473175,-0.5339343547821045
10420,376954033,51,0,1.4241868780062115,0.7119894027709961,0.0,1,True,3.000999927520752,0.0,0.0,-0.9994461536407471,0.03327684849500656,0.0,-0.9994461536407471,0.03327684849500656,-0.7119894027709961,-0.9994461536407471,0.03327684849500656,-0.7119894027709961
10420,376954033,51,1,0.19945562425939212,0.0,0.0,0,False,0.784572958946228,0.7848420143127441,-0.6441962718963623,0.7429170608520508,-0.46626242995262146,-0.6441962718963623,0.5836699604988098,-0.4609602689743042,-0.6441962718963623,0.6253258585929871,0.7901442050933838,-0.6441962718963623
10420,376954033,51,2,0.13620482545436108,0.0,0.0,0,False,0.9362194538116455,0.1412855088710785,-0.7819893956184387,0.9557254910469055,0.7271343469619751,-0.7819893956184387,1.1879594326019287,0.719402015209198,-0.7819893956184387,1.1684534549713135,0.13355320692062378,-0.7819893956184387
10420,376954033,51,3,0.10096669906064548,0.0,0.0,0,False,0.593464195728302,0.7792187333106995,-0.5814951658248901,0.5614530444145203,-0.18221259117126465,-0.5814951658248901,0.45655226707458496,-0.1787198781967163,-0.5814951658248901,0.4885634183883667,0.7827114462852478,-0.5814951658248901
10420,376954033,51,4,0.2334297169451549,0.0,0.0,0,False,0.7381109595298767,-0.7781057953834534,-0.7235194444656372,0.7846559882164001,0.6198392510414124,-0.7235194444656372,0.9514516592025757,0.6142857670783997,-0.7235194444656372,0.904906690120697,-0.7836593389511108,-0.7235194444656372
10420,376954033,51,5,0.6374287138200438,0.0,0.0,0,False,-1.15947425365448,-0.4038693606853485,-0.5034286975860596,0.533648669719696,-0.46024221181869507,-0.5034286975860596,0.5211275219917297,-0.8363063931465149,-0.5034286975860596,-1.1719954013824463,-0.779933512210846,-0.5034286975860596
10420,376954033,51,6,2.597166622774168,0.0,0.0,0,False,0.4869178533554077,0.7777719497680664,-0.5034286975860596,0.4332740306854248,-0.8333814740180969,-0.5034286975860596,-1.1769330501556396,-0.7797691226005554,-0.5034286975860596,-1.1232892274856567,0.8313843011856079,-0.5034286975860596
10420,376954033,51,7,1.1080436458290879,0.0,0.0,0,False,-1.1502299308776855,-0.1262204498052597,-0.5034286975860596,0.5428930521011353,-0.1825934797525406,-0.5034286975860596,0.5211275219917297,-0.8363065719604492,-0.5034286975860596,-1.1719955205917358,-0.779933512210846,-0.5034286975860596
10420,477013501,52,0,1.0693348090451018,0.7126526236534119,0.0,1,True,2.000999927520752,0.0,0.0,-0.9999982118606567,0.0018818376120179892,0.0,-0.9999982118606567,0.0018818376120179892,-0.7126526236534119,-0.9999982118606567,0.0018818376120179892,-0.7126526236534119
10420,477013501,52,1,0.2007452137426382,0.0,0.0,0,False,0.7221734523773193,0.43496769666671753,-0.6026613712310791,0.719886302947998,-0.7804232239723206,-0.6026613712310791,0.5547176003456116,-0.7801123857498169,-0.6026613712310791,0.5570048093795776,0.4352785050868988,-0.6026613712310791
10420,477013501,52,2,0.18038909968289474,0.0,0.0,0,False,0.8695483207702637,0.18000084161758423,-0.7826526165008545,0.8706784844398499,0.780563235282898,-0.7826526165008545,1.1710443496704102,0.7799980044364929,-0.7826526165008545,1.1699142456054688,0.1794356107711792,-0.7826526165008545
10420,477013501,52,3,0.14460666500592456,0.0,0.0,0,False,0.7229490876197815,-0.6748926639556885,-0.6747506856918335,0.7250097990036011,0.42018815875053406,-0.6747506856918335,0.8570604920387268,0.41993966698646545,-0.6747506856918335,0.8549997210502625,-0.6751412153244019,-0.6747506856918335
10420,477013501,52,4,0.5174484959915322,0.0,0.0,0,False,0.5699902772903442,0.4748212397098541,-0.5095722079277039,-1.1255682706832886,0.4780119061470032,-0.5095722079277039,-1.1249940395355225,0.783189594745636,-0.5095722079277039,0.5705645084381104,0.7799989581108093,-0.5095722079277039
10420,477013501,52,5,2.582952914616026,0.0,0.0,0,False,0.5274558067321777,0.7799953818321228,-0.5095722079277039,0.5245142579078674,-0.7831041216850281,-0.5095722079277039,-1.127935767173767,-0.7799944281578064,-0.5095722079277039,-1.124994158744812,0.7831050753593445,-0.5095722079277039
10420,577079969,53,0,0.9203150054038401,0.6134795546531677,0.0,1,True,2.000999927520752,0.0,0.0,-0.998968243598938,0.045414697378873825,0.0,-0.998968243598938,0.045414697378873825,-0.6134795546531677,-0.998968243598938,0.045414697378873825,-0.6134795546531677
10420,577079969,53,1,0.33585948550375067,0.0,0.0,0,False,0.7565028667449951,0.4592490494251251,-0.57045978307724,0.699493944644928,-0.7947520017623901,-0.57045978307724,0.4322160482406616,-0.7826011180877686,-0.57045978307724,0.48922494053840637,0.4713999032974243,-0.57045978307724
10420,577079969,53,2,0.05055532253517958,0.0,0.0,0,False,1.020214319229126,-0.22023627161979675,-0.5929268598556519,1.035536289215088,0.11679410189390182,-0.5929268598556519,1.1852291822433472,0.10998882353305817,-0.5929268598556519,1.1699072122573853,-0.227041557431221,-0.5929268598556519
10420,577079969,53,3,0.13163794864625933,0.0,0.0,0,False,0.9589529037475586,0.4118644893169403,-0.6834795475006104,0.929597795009613,-0.2338467389345169,-0.6834795475006104,0.7261531949043274,-0.22459781169891357,-0.6834795475006104,0.7555083632469177,0.42111343145370483,-0.6834795475006104
10420,577079969,53,4,0.48878588003419843,0.0,0.0,0,False,0.5177614092826843,0.4707752466201782,-0.50471031665802,-1.0859699249267578,0.5436832904815674,-0.50471031665802,-1.0721427202224731,0.8478350639343262,-0.50471031665802,0.5315885543823242,0.7749270796775818,-0.50471031665802
10420,577079969,53,5,2.554571315739553,0.0,0.0,0,False,0.4948499798774719,0.776597261428833,-0.50471031665802,0.42088961601257324,-0.8502786159515381,-0.50471031665802,-1.146103024482727,-0.7790405750274658,-0.50471031665802,-1.0721427202224731,0.8478352427482605,-0.50471031665802
10420,677039688,54,0,1.7755306749586268,0.7101134061813354,0.0,1,True,4.000999927520752,0.0,0.0,-0.999620258808136,0.027556566521525383,0.0,-0.999620258808136,0.027556566521525383,-0.7101134061813354,-0.999620258808136,0.027556566521525383,-0.7101134061813354
10420,677039688,54,1,0.0731024810359413,0.0,0.0,0,False,0.5126042366027832,-0.02965828776359558,-0.5582401752471924,0.5321040153503418,0.6776987910270691,-0.5582401752471924,0.6353714466094971,0.6748520135879517,-0.5582401752471924,0.6158717274665833,-0.03250506520271301,-0.5582401752471924
10420,677039688,54,2,0.1514331850889965,0.0,0.0,0,False,0.9192911982536316,0.1815357506275177,-0.7801133990287781,0.935966968536377,0.7864516377449036,-0.7801133990287781,1.1861144304275513,0.7795557975769043,-0.7801133990287781,1.1694387197494507,0.17463991045951843,-0.7801133990287781
10420,677039688,54,3,0.04659965093071783,0.0,0.0,0,False,1.0280098915100098,-0.22356678545475006,-0.5886027216911316,1.0371342897415161,0.10742219537496567,-0.5886027216911316,1.1778165102005005,0.10354400426149368,-0.5886027216911316,1.1686921119689941,-0.22744497656822205,-0.5886027216911316
10420,677039688,54,4,0.04772992103287477,0.0,0.0,0,False,0.8290635943412781,0.41740694642066956,-0.6554185152053833,0.8223727941513062,0.17469684779644012,-0.6554185152053833,0.6258680820465088,0.18011391162872314,-0.6554185152053833,0.6325588822364807,0.4228239953517914,-0.6554185152053833
10420,677039688,54,5,2.668222035037134,0.0,0.0,0,False,0.5332638025283813,0.7797722220420837,-0.5047189593315125,0.4890046715736389,-0.8257339596748352,-0.5047189593315125,-1.1716527938842773,-0.7799544334411621,-0.5047189593315125,-1.1273937225341797,0.8255517482757568,-0.5047189593315125
10420,677039688,54,6,1.3844086916975218,0.0,0.0,0,False,-1.149740219116211,0.014927086420357227,-0.5047189593315125,0.5905912518501282,-0.03304867073893547,-0.5047189593315125,0.5686787366867065,-0.8279302716255188,-0.5047189593315125,-1.1716526746749878,-0.7799544930458069,-0.5047189593315125
10420,677039688,54,7,0.17392937455639412,0.0,0.0,0,False,0.5688267946243286,0.6774412989616394,-0.5047189593315125,-1.126538872718811,0.7241774797439575,-0.5047189593315125,-1.1237128973007202,0.826690673828125,-0.5047189593315125,0.5716527700424194,0.7799544334411621,-0.5047189593315125
10420,677039688,54,8,1.0729843261326066,0.0,0.0,0,False,-1.1546692848205566,-0.16388241946697235,-0.5047189593315125,0.5856620669364929,-0.21185818314552307,-0.5047189593315125,0.5686787366867065,-0.8279302716255188,-0.5047189593315125,-1.1716525554656982,-0.7799544930458069,-0.5047189593315125
10420,777027114,55,0,0.6976457021641765,0.6965413093566895,0.0,1,True,3.000999927520752,0.0,0.0,0.9985515475273132,0.05380377545952797,0.0,0.9985515475273132,0.05380377545952797,-0.6965413093566895,0.9985515475273132,0.05380377545952797,-0.6965413093566895
10420,777027114,55,1,0.6145334186471043,0.0,0.0,0,False,0.5345409512519836,0.7780894041061401,-0.6598269939422607,0.968281626701355,0.8014602065086365,-0.6598269939422607,1.0444016456604004,-0.6112605333328247,-0.6598269939422607,0.610660970211029,-0.6346312761306763,-0.6598269939422607
10420,777027114,55,2,0.052102287876099496,0.0,0.0,0,False,1.0261352062225342,0.13452234864234924,-0.5910863280296326,1.1679973602294922,0.1421661376953125,-0.5910863280296326,1.1877294778823853,-0.22404471039772034,-0.5910863280296326,1.0458673238754272,-0.2316884994506836,-0.5910863280296326
10420,777027114,55,3,0.004493479640197862,0.0,0.0,0,False,0.9225625395774841,0.17474988102912903,-0.7665413022041321,0.9201448559761047,0.21961960196495056,-0.7665413022041321,1.0199999809265137,0.22499997913837433,-0.7665413022041321,1.022417664527893,0.1801302582025528,-0.7665413022041321
10420,777027114,55,4,2.8926192337418826,0.0,0.0,0,False,0.5266356468200684,0.8714178204536438,-0.5049464702606201,0.6139218807220459,-0.7485372424125671,-0.5049464702606201,-1.1665260791778564,-0.8444710373878479,-0.5049464702606201,-1.2538121938705444,0.7754839658737183,-0.5049464702606201
10420,777027114,55,5,0.2563976714216736,0.0,0.0,0,False,-1.1726016998291016,-0.7317161560058594,-0.5049464702606201,1.0688544511795044,-0.6109423637390137,-0.5049464702606201,1.0750000476837158,-0.7250001430511475,-0.5049464702606201,-1.1664559841156006,-0.8457738757133484,-0.5049464702606201
10420,777027114,55,6,0.15909251303401817,0.0,0.0,0,False,0.4207775592803955,0.7655691504478455,-0.5049464702606201,-1.1678431034088135,0.6799711585044861,-0.5049464702606201,-1.1732234954833984,0.779826283454895,-0.5049464702606201,0.41539716720581055,0.8654243350028992,-0.5049464702606201
10420,877182250,56,0,1.3970021728155544,0.6983634829521179,0.0,1,True,3.000999927520752,0.0,0.0,-0.999717652797699,-0.023762326687574387,0.0,-0.999717652797699,-0.023762326687574387,-0.6983634829521179,-0.999717652797699,-0.023762326687574387,-0.6983634829521179
10420,877182250,56,1,0.16185584356447702,0.0,0.0,0,False,0.874801754951477,0.17298343777656555,-0.7683634757995605,0.8623046278953552,0.6987559795379639,-0.7683634757995605,1.169974684715271,0.7060689926147461,-0.7683634757995605,1.182471752166748,0.18029645085334778,-0.7683634757995605
10420,877182250,56,2,0.2655208565972256,0.0,0.0,0,False,0.8628309965133667,0.5266122221946716,-0.6616394519805908,0.8877575397491455,-0.5220821499824524,-0.6616394519805908,0.6347086429595947,-0.5280969142913818,-0.6616394519805908,0.6097821593284607,0.520597517490387,-0.6616394519805908
10420,877182250,56,3,0.5656856034426543,0.0,0.0,0,False,0.830913782119751,0.5312016606330872,-0.5088182091712952,-1.0894275903701782,0.4855569005012512,-0.5088182091712952,-1.0964254140853882,0.7799661159515381,-0.5088182091712952,0.8239158987998962,0.825610876083374,-0.5088182091712952
10420,877182250,56,4,2.7418720451013954,0.0,0.0,0,False,0.5969558954238892,0.8202162384986877,-0.5088182091712952,0.6349887251853943,-0.7798814177513123,-0.5088182091712952,-1.0776091814041138,-0.8205882906913757,-0.5088182091712952,-1.1156419515609741,0.7795093655586243,-0.5088182091712952
10420,877182250,56,5,0.4958880985738716,0.0,0.0,0,False,-1.0835634469985962,-0.5700846910476685,-0.5088182091712952,0.8535511493682861,-0.5240412354469299,-0.5088182091712952,0.8596324324607849,-0.7798898816108704,-0.5088182091712952,-1.0774822235107422,-0.8259332776069641,-0.5088182091712952
10420,976950343,57,0,1.368221461334636,0.6839869022369385,0.0,1,True,3.000999927520752,0.0,0.0,-0.9996323585510254,0.02711254172027111,0.0,-0.9996323585510254,0.02711254172027111,-0.6839869022369385,-0.9996323585510254,0.02711254172027111,-0.6839869022369385
10420,976950343,57,1,0.3205810462743961,0.0,0.0,0,False,0.7236654758453369,0.462459534406662,-0.5737963318824768,0.6897794604301453,-0.7869101166725159,-0.5737963318824768,0.4333738386631012,-0.7799558043479919,-0.5737963318824768,0.46725988388061523,0.4694139063358307,-0.5737963318824768
10420,976950343,57,2,0.20385945301378916,0.0,0.0,0,False,1.1756914854049683,0.7798455357551575,-0.7539868950843811,1.1580008268356323,0.12759552896022797,-0.7539868950843811,0.8456825613975525,0.13606637716293335,-0.7539868950843811,0.8633732199668884,0.7883164286613464,-0.7539868950843811
10420,976950343,57,3,0.13221150657391068,0.0,0.0,0,False,0.6969573497772217,-0.5665271282196045,-0.6853013038635254,0.7249423861503601,0.46527278423309326,-0.6853013038635254,0.8529849648475647,0.4617999494075775,-0.6853013038635254,0.8249999284744263,-0.5699999332427979,-0.6853013038635254
10420,976950343,57,4,0.4848915529531723,0.0,0.0,0,False,0.4797353744506836,0.47024309635162354,-0.5085898637771606,-1.0856225490570068,0.5126996040344238,-0.5085898637771606,-1.0772271156311035,0.8222358822822571,-0.5085898637771606,0.4881308078765869,0.7797794342041016,-0.5085898637771606
10420,976950343,57,5,2.459779449626332,0.0,0.0,0,False,0.45943424105644226,0.7789304852485657,-0.5085898637771606,0.41605159640312195,-0.8205766081809998,-0.5085898637771606,-1.1206538677215576,-0.7788972854614258,-0.5085898637771606,-1.0772712230682373,0.8206098079681396,-0.5085898637771606
10420,976950343,57,6,0.48043365750480227,0.0,0.0,0,False,0.47981253266334534,0.4730888605117798,-0.5085898637771606,-1.085545301437378,0.5155452489852905,-0.5085898637771606,-1.0772271156311035,0.8222358226776123,-0.5085898637771606,0.48813074827194214,0.7797794342041016,-0.5085898637771606
10421,77341436,58,0,0.6731389019436823,0.6728065013885498,0.0,1,True,1.0010000467300415,0.0,0.0,-0.9999760985374451,-0.006917253602296114,0.0,-0.9999760985374451,-0.006917253602296114,-0.6728065013885498,-0.9999760985374451,-0.006917253602296114,-0.6728065013885498
10421,77341436,58,1,0.38360581144273453,0.0,0.0,0,False,0.719994306564331,0.7806224822998047,-0.6060333847999573,0.7307848930358887,-0.7793028354644775,-0.6060333847999573,0.48488372564315796,-0.7810038328170776,-0.6060333847999573,0.47409313917160034,0.7789214849472046,-0.6060333847999573
10421,77341436,58,2,0.6398518898077974,0.0,0.0,0,False,1.168847918510437,0.7815484404563904,-0.7428064942359924,1.1796492338180542,-0.7799333333969116,-0.7428064942359924,0.7698966264724731,-0.7827677130699158,-0.7428064942359924,0.7590952515602112,0.7787140607833862,-0.7428064942359924
10421,77341436,58,3,2.5268625525447126,0.0,0.0,0,False,0.4729716181755066,0.7910537123680115,-0.5038697719573975,0.4838361442089081,-0.7795584201812744,-0.5038697719573975,-1.124926209449768,-0.790686845779419,-0.5038697719573975,-1.1357907056808472,0.7799252867698669,-0.5038697719573975
10421,176939196,59,0,0.3005009535767636,0.6004018187522888,6.938893903907228e-18,1,True,0.0010000000474974513,0.0,0.0,-0.9994849562644958,0.03209060803055763,0.0,-0.9994849562644958,0.03209060803055763,-0.6004018187522888,-0.9994849562644958,0.03209060803055763,-0.6004018187522888
10421,176939196,59,1,0.3981650644797625,0.0,0.0,0,False,0.9780576825141907,0.7750857472419739,-0.6704018115997314,0.9361701011657715,-0.5295324921607971,-0.6704018115997314,0.6312878131866455,-0.5197436213493347,-0.6704018115997314,0.6731753349304199,0.7848746180534363,-0.6704018115997314
10421,176939196,59,2,0.049498134366638524,0.0,0.0,0,False,1.0244464874267578,-0.22369793057441711,-0.5950487852096558,1.035361886024475,0.11627266556024551,-0.5950487852096558,1.18080735206604,0.11160282790660858,-0.5950487852096558,1.1698918342590332,-0.22836776077747345,-0.5950487852096558
10421,176939196,59,3,2.6764226500817188,0.0,0.0,0,False,-1.175081729888916,-0.7798367738723755,-0.5032021403312683,-1.1234089136123657,0.8295543193817139,-0.5032021403312683,0.5378817915916443,0.776215136051178,-0.5032021403312683,0.486208975315094,-0.8331759572029114,-0.5032021403312683
10421,277065165,60,0,0.7309800750392217,0.7306162714958191,0.0,1,True,1.0010000467300415,0.0,0.0,-0.9999916553497314,0.004089646972715855,0.0,-0.9999916553497314,0.004089646972715855,-0.7306162714958191,-0.9999916553497314,0.004089646972715855,-0.7306162714958191
10421,277065165,60,1,0.6338765387494725,0.0,0.0,0,False,1.1741100549697876,0.7799831628799438,-0.7236255407333374,1.1677285432815552,-0.7804201245307922,-0.7236255407333374,0.7615092396736145,-0.7787587642669678,-0.7236255407333374,0.7678907513618469,0.7816445231437683,-0.7236255407333374
10421,277065165,60,2,0.07219054359989396,0.0,0.0,0,False,1.004020094871521,0.1353720724582672,-0.8006162643432617,1.0057988166809082,0.5703034996986389,-0.8006162643432617,1.1717774868011475,0.569624662399292,-0.8006162643432617,1.1699987649917603,0.13469327986240387,-0.8006162643432617
10421,277065165,60,3,2.8996884892529664,0.0,0.0,0,False,0.7263745069503784,0.7786856293678284,-0.5054036378860474,0.7199691534042358,-0.7875452637672424,-0.5054036378860474,-1.1313798427581787,-0.7799738645553589,-0.5054036378860474,-1.1249744892120361,0.7862570285797119,-0.5054036378860474
10421,377025758,61,0,0.9440446662620186,0.6291539072990417,4.336808689942018e-19,1,True,2.000999927520752,0.0,0.0,-0.9999964237213135,-0.0026790404226630926,0.0,-0.9999964237213135,-0.0026790404226630926,-0.6291539072990417,-0.9999964237213135,-0.0026790404226630926,-0.6291539072990417
10421,377025758,61,1,0.11993647810863584,0.0,0.0,0,False,0.7179901599884033,0.2252357304096222,-0.6134421825408936,0.7206830978393555,-0.7799580097198486,-0.6134421825408936,0.601367175579071,-0.780277669429779,-0.6134421825408936,0.5986742377281189,0.22491605579853058,-0.6134421825408936
10421,377025758,61,2,0.03813841721234379,0.0,0.0,0,False,1.065000057220459,-0.2549999952316284,-0.5918641090393066,1.0640357732772827,0.10491704940795898,-0.5918641090393066,1.1699994802474976,0.10520093142986298,-0.5918641090393066,1.1709637641906738,-0.25471609830856323,-0.5918641090393066
10421,377025758,61,3,0.47208159581948195,0.0,0.0,0,False,0.7216092348098755,-0.7806788086891174,-0.6991539001464844,0.7174293398857117,0.7795510292053223,-0.6991539001464844,1.0199990272521973,0.7803615927696228,-0.6991539001464844,1.0241788625717163,-0.7798682451248169,-0.6991539001464844
10421,377025758,61,4,0.9817993543889902,0.0,0.0,0,False,0.6314854621887207,0.22556661069393158,-0.5050938129425049,-1.124426245689392,0.22086212038993835,-0.5050938129425049,-1.1259243488311768,0.7799974679946899,-0.5050938129425049,0.6299874186515808,0.784701943397522,-0.5050938129425049
10421,377025758,61,5,2.6577336363781505,0.0,0.0,0,False,0.5699878334999084,0.7845409512519836,-0.5050938129425049,0.574178159236908,-0.779586911201477,-0.5050938129425049,-1.1249889135360718,-0.7841390371322632,-0.5050938129425049,-1.1291792392730713,0.7799888253211975,-0.5050938129425049
10421,477371060,62,0,1.0890804064222819,0.725844144821167,0.0,1,True,2.000999927520752,0.0,0.0,-0.9997987151145935,-0.02006441354751587,0.0,-0.9997987151145935,-0.02006441354751587,-0.725844144821167,-0.9997987151145935,-0.02006441354751587,-0.725844144821167
10421,477371060,62,1,0.0973317586625404,0.0,0.0,0,False,1.0200423002243042,0.17789368331432343,-0.7958441376686096,1.0079879760742188,0.7785548567771912,-0.7958441376686096,1.1699637174606323,0.7818054556846619,-0.7958441376686096,1.1820181608200073,0.18114428222179413,-0.7958441376686096
10421,477371060,62,2,0.4451812412261873,0.0,0.0,0,False,0.6802362203598022,-0.6359154582023621,-0.6838110089302063,0.6518785953521729,0.777127742767334,-0.6838110089302063,0.9668031930923462,0.783447802066803,-0.6838110089302063,0.9951607584953308,-0.6295953989028931,-0.6838110089302063
10421,477371060,62,3,2.906883162032633,0.0,0.0,0,False,0.6489811539649963,0.8165042996406555,-0.5093123316764832,0.6810181140899658,-0.7798792123794556,-0.5093123316764832,-1.1391665935516357,-0.8164075613021851,-0.5093123316764832,-1.17120361328125,0.779975950717926,-0.5093123316764832
10421,477371060,62,4,0.27304587120139523,0.0,0.0,0,False,-1.1271063089370728,-0.6750423312187195,-0.5093123316764832,0.7792330980300903,-0.6367849707603455,-0.5093123316764832,0.782106339931488,-0.7799577713012695,-0.5093123316764832,-1.1242330074310303,-0.8182151317596436,-0.5093123316764832
10421,577055153,63,0,0.34704792915102267,0.6934054493904114,0.0,1,True,0.0010000000474974513,0.0,0.0,-0.995657742023468,0.09308970719575882,0.0,-0.995657742023468,0.09308970719575882,-0.6934054493904114,-0.995657742023468,0.09308970719575882,-0.6934054493904114
10421,577055153,63,1,0.6209165369085703,0.0,0.0,0,False,1.076197862625122,0.6683434247970581,-0.673583984375,0.9375708699226379,-0.8143662810325623,-0.673583984375,0.5224283337593079,-0.7755522727966309,-0.673583984375,0.661055326461792,0.7071574330329895,-0.673583984375
10421,577055153,63,2,0.05617661844150046,0.0,0.0,0,False,1.0144057273864746,-0.25026965141296387,-0.5883939266204834,1.0486823320388794,0.11634267866611481,-0.5883939266204834,1.200586199760437,0.10214032232761383,-0.5883939266204834,1.1663094758987427,-0.26447200775146484,-0.5883939266204834
10421,577055153,63,3,2.7389314962564484,0.0,0.0,0,False,-1.1628397703170776,-0.7764621376991272,-0.5041020512580872,-1.0048619508743286,0.9132185578346252,-0.5041020512580872,0.6020669937133789,0.7629775404930115,-0.5041020512580872,0.4440890848636627,-0.926703155040741,-0.5041020512580872
10421,577055153,63,4,0.022402305676584966,0.0,0.0,0,False,0.8754342198371887,-0.6356909871101379,-0.763405442237854,0.8962884545326233,-0.4126407504081726,-0.763405442237854,0.9958542585372925,-0.42194971442222595,-0.763405442237854,0.9750000238418579,-0.6449999213218689,-0.763405442237854
10421,677081955,64,0,1.8058180005749203,0.7222167253494263,0.0,1,True,4.000999927520752,0.0,0.0,-0.9997061491012573,-0.02424127422273159,0.0,-0.9997061491012573,-0.02424127422273159,-0.7222167253494263,-0.9997061491012573,-0.02424127422273159,-0.7222167253494263
10421,677081955,64,1,0.05408151076643719,0.0,0.0,0,False,0.5549647808074951,0.375726580619812,-0.5599122047424316,0.5702322721481323,-0.25390321016311646,-0.5599122047424316,0.4843886196613312,-0.2559847831726074,-0.5599122047424316,0.4691210985183716,0.37364500761032104,-0.5599122047424316
10421,677081955,64,2,0.12153039377892738,0.0,0.0,0,False,1.0233685970306396,0.04108069837093353,-0.7922167181968689,1.0054595470428467,0.7796475291252136,-0.7922167181968689,1.1699117422103882,0.7836351990699768,-0.7922167181968689,1.1878209114074707,0.0450684018433094,-0.7922167181968689
10421,677081955,64,3,0.3672838214528955,0.0,0.0,0,False,0.7259052991867065,-0.7871314287185669,-0.7274808883666992,0.697729766368866,0.3748236894607544,-0.7274808883666992,1.013635277748108,0.38248389959335327,-0.7274808883666992,1.0418107509613037,-0.779471218585968,-0.7274808883666992
10421,677081955,64,4,0.0240656617075502,0.0,0.0,0,False,0.6108455657958984,-0.27228307723999023,-0.6492184996604919,0.6050117611885071,-0.031697098165750504,-0.6492184996604919,0.704982340335846,-0.02927297353744507,-0.6492184996604919,0.7108161449432373,-0.2698589563369751,-0.6492184996604919
10421,677081955,64,5,0.7508703395965775,0.0,0.0,0,False,0.5296992063522339,0.3762051463127136,-0.5035456418991089,-1.1617599725723267,0.33518993854522705,-0.5035456418991089,-1.172518014907837,0.7788477540016174,-0.5035456418991089,0.5189412236213684,0.819862961769104,-0.5035456418991089
10421,677081955,64,6,2.5994246166688733,0.0,0.0,0,False,0.4547015428543091,0.8183053135871887,-0.5035456418991089,0.4934147298336029,-0.7782199382781982,-0.5035456418991089,-1.1338047981262207,-0.8176774382591248,-0.5035456418991089,-1.172518014907837,0.7788478136062622,-0.5035456418991089
10421,677081955,64,7,0.8813171602360397,0.0,0.0,0,False,-1.136654257774353,-0.29938068985939026,-0.5035456418991089,0.5635294318199158,-0.25815391540527344,-0.5035456418991089,0.5760915875434875,-0.776215136051178,-0.5035456418991089,-1.1240921020507812,-0.8174419403076172,-0.5035456418991089
10421,677081955,64,8,0.8269227406720994,0.0,0.0,0,False,-1.1358789205551147,-0.3313549757003784,-0.5035456418991089,0.564304769039154,-0.29012829065322876,-0.5035456418991089,0.5760915279388428,-0.7762150764465332,-0.5035456418991089,-1.1240921020507812,-0.8174417614936829,-0.5035456418991089
10421,777206465,65,0,1.3280844646953773,0.6794450283050537,0.0,1,True,3.000999927520752,0.0,0.0,-0.8791723847389221,-0.4765038788318634,0.0,-0.8791723847389221,-0.4765038788318634,-0.6794450283050537,-0.8791723847389221,-0.4765038788318634,-0.6794450283050537
10421,777206465,65,1,0.15650593517941713,0.06676506996154785,2.693432322558838e-08,0,False,0.9140836000442505,0.780143141746521,-0.7494450211524963,1.1678850650787354,0.7800740003585815,-0.8091421127319336,1.1693840026855469,0.1798517405986786,-0.802074134349823,0.9155824184417725,0.17992091178894043,-0.7423770427703857
10421,777206465,65,2,0.40657291478955937,0.0,0.0,0,False,0.8747252821922302,0.6750118136405945,-0.6939749121665955,0.877609133720398,-0.47986868023872375,-0.6939749121665955,0.5255637168884277,-0.4807477593421936,-0.6939749121665955,0.52267986536026,0.6741327047348022,-0.6939749121665955
10421,777206465,65,3,0.28803570971885595,0.0,0.0,0,False,0.5250818729400635,0.12013080716133118,-0.6939749121665955,1.0051021575927734,0.11999998241662979,-0.6939749121665955,1.0049386024475098,-0.4800490140914917,-0.6939749121665955,0.5249183177947998,-0.4799181818962097,-0.6939749121665955
10421,777206465,65,4,0.17961464784967518,0.0,0.0,0,False,0.5249999761581421,0.675000011920929,-0.5035355091094971,-1.1249897480010986,0.6708797812461853,-0.5035355091094971,-1.1252615451812744,0.7797371745109558,-0.5035355091094971,0.5247281193733215,0.7838573455810547,-0.5035355091094971
10421,877171142,66,0,3.0264987400695813,0.6724861860275269,0.0,1,True,8.00100040435791,0.0,0.0,-0.9999147653579712,-0.01305511686950922,0.0,-0.9999147653579712,-0.01305511686950922,-0.6724861860275269,-0.9999147653579712,-0.01305511686950922,-0.6724861860275269
10421,877171142,66,1,0.05403560201137303,0.0,0.0,0,False,0.7269615530967712,0.42067840695381165,-0.6370458602905273,0.7367520332336426,-0.32919374108314514,-0.6370458602905273,0.6647045612335205,-0.33013439178466797,-0.6370458602905273,0.6549140810966492,0.4197377562522888,-0.6370458602905273
10421,877171142,66,2,0.03904170253006001,0.0,0.0,0,False,0.49755576252937317,-0.2707499861717224,-0.5725327730178833,0.4910965859889984,0.22396981716156006,-0.5725327730178833,0.5699999332427979,0.22499999403953552,-0.5725327730178833,0.5764591097831726,-0.26971980929374695,-0.5725327730178833
10421,877171142,66,3,0.7008414799558995,0.0,0.0,0,False,0.7458436489105225,-0.785537838935852,-0.7424861788749695,0.7254385352134705,0.7773292064666748,-0.7424861788749695,1.1737953424453735,0.7831830382347107,-0.7424861788749695,1.1942003965377808,-0.7796840071678162,-0.7424861788749695
10421,877171142,66,4,0.13613902775942233,0.0,0.0,0,False,1.1707090139389038,0.4706886112689972,-0.7424861788749695,0.7350000143051147,0.4650000035762787,-0.7424861788749695,0.7309213280677795,0.77740079164505,-0.7424861788749695,1.1666302680969238,0.7830893993377686,-0.7424861788749695
10421,877171142,66,5,0.2052873872920724,0.0,0.0,0,False,0.7194125652313232,-0.3300076723098755,-0.7424861788749695,1.1697274446487427,-0.3241283595561981,-0.7424861788749695,1.1756783723831177,-0.7799258828163147,-0.7424861788749695,0.7253634929656982,-0.7858051657676697,-0.7424861788749695
10421,877171142,66,6,0.6994028593684956,0.0,0.0,0,False,0.6788982152938843,0.4214217960834503,-0.5035977363586426,-1.1513770818710327,0.39752575755119324,-0.5035977363586426,-1.1563653945922852,0.7795904874801636,-0.5035977363586426,0.6739100217819214,0.8034865260124207,-0.5035977363586426
10421,877171142,66,7,2.5844213734731927,0.0,0.0,0,False,0.4783557951450348,0.800933837890625,-0.5035977363586426,0.4989936053752899,-0.7797520160675049,-0.5035977363586426,-1.1357277631759644,-0.8010953068733215,-0.5035977363586426,-1.1563655138015747,0.7795905470848083,-0.5035977363586426
10421,877171142,66,8,0.8306406991827142,0.0,0.0,0,False,-1.1308666467666626,-0.33066409826278687,-0.5035977363586426,0.6277504563331604,-0.30770325660705566,-0.5035977363586426,0.6339161396026611,-0.7799488306045532,-0.5035977363586426,-1.124700903892517,-0.8029096722602844,-0.5035977363586426
10421,877171142,66,9,1.027904695456717,0.0,0.0,0,False,0.6358487010002136,0.2270347774028778,-0.5035977363586426,-1.148846983909607,0.20373345911502838,-0.5035977363586426,-1.1563655138015747,0.7795904278755188,-0.5035977363586426,0.6283302307128906,0.8028917908668518,-0.5035977363586426
10421,877171142,66,10,0.7717882449021767,0.0,0.0,0,False,0.6733302474021912,-0.35210853815078735,-0.5035977363586426,0.6789161562919617,-0.7799488306045532,-0.5035977363586426,-1.1246931552886963,-0.8034967184066772,-0.5035977363586426,-1.1302790641784668,-0.37565645575523376,-0.5035977363586426
10421,977099943,67,0,1.075185684042984,0.7165535092353821,0.0,1,True,2.000999927520752,0.0,0.0,-0.9999881386756897,0.004875680431723595,0.0,-0.9999881386756897,0.004875680431723595,-0.7165535092353821,-0.9999881386756897,0.004875680431723595,-0.7165535092353821
10421,977099943,67,1,0.1323793548336516,0.0,0.0,0,False,0.9439058899879456,0.19559042155742645,-0.7865535020828247,0.9467605948448181,0.7810884714126587,-0.7865535020828247,1.1728522777557373,0.7799861431121826,-0.7865535020828247,1.1699974536895752,0.194488063454628,-0.7865535020828247
10421,977099943,67,2,0.04498909440613463,0.0,0.0,0,False,1.0337588787078857,-0.2245551347732544,-0.5989540815353394,1.0353689193725586,0.10565643012523651,-0.5989540815353394,1.1716089248657227,0.10499215871095657,-0.5989540815353394,1.1699988842010498,-0.22521939873695374,-0.5989540815353394
10421,977099943,67,3,0.4136156216357101,0.0,0.0,0,False,0.9449999928474426,0.675000011920929,-0.6846075057983398,0.9385635256767273,-0.6451148986816406,-0.6846075057983398,0.6252530813217163,-0.6435872912406921,-0.6846075057983398,0.6316895484924316,0.6765276193618774,-0.6846075057983398
10421,977099943,67,4,2.755390380211468,0.0,0.0,0,False,0.6316820383071899,0.7799918055534363,-0.5036756992340088,0.6240344643592834,-0.7885277271270752,-0.5036756992340088,-1.132606029510498,-0.7799628973007202,-0.5036756992340088,-1.1249583959579468,0.7885566353797913,-0.5036756992340088
10421,977099943,67,5,0.19928743744971023,0.0,0.0,0,False,-1.1249583959579468,-0.666443407535553,-0.5036756992340088,0.6299999952316284,-0.6750000715255737,-0.5036756992340088,0.6294463276863098,-0.7885541319847107,-0.5036756992340088,-1.1255120038986206,-0.7799975275993347,-0.5036756992340088
10422,76929287,68,0,1.0377890506984397,0.7163044214248657,1.1102230246251565e-16,1,True,2.000999927520752,0.0,0.0,-0.8476266264915466,0.5305931568145752,0.0,-0.8476266264915466,0.5305931568145752,-0.7163044214248657,-0.8476266264915466,0.5305931568145752,-0.7163044214248657
10422,76929287,68,1,0.45058735980998077,0.19149672985076904,1.0314725601423547e-09,0,False,0.5227442979812622,0.414837121963501,-0.5977000594139099,0.9176039099693298,0.5232102870941162,-0.7012763023376465,1.1774967908859253,-0.5077426433563232,-0.789196789264679,0.7826371788978577,-0.6161158680915833,-0.6856205463409424
10422,76929287,68,2,0.06031484488888594,0.0,0.0,0,False,0.935737133026123,-0.5769450664520264,-0.7863044142723083,1.166847586631775,-0.5135143995285034,-0.7863044142723083,1.233458161354065,-0.7562108635902405,-0.7863044142723083,1.0023475885391235,-0.8196414709091187,-0.7863044142723083
10422,76929287,68,3,3.839308715894081,0.0,0.0,0,False,0.3316333293914795,1.1585466861724854,-0.5048163533210754,0.8179121613502502,-0.7704427242279053,-0.5048163533210754,-1.053483247756958,-1.242202639579773,-0.5048163533210754,-1.539762020111084,0.6867867708206177,-0.5048163533210754
10422,76929287,68,4,1.5926945795006229,0.0,0.0,0,False,0.8549988269805908,0.5067405104637146,-0.5048163533210754,-1.0661308765411377,-0.020532717928290367,-0.5048163533210754,-1.277729868888855,0.7504324913024902,-0.5048163533210754,0.643399715423584,1.2777056694030762,-0.5048163533210754
10422,177105713,69,0,1.8827964033108624,0.6275814771652222,0.0,1,True,5.000999927520752,0.0,0.0,-0.9989989399909973,0.04473394528031349,0.0,-0.9989989399909973,0.04473394528031349,-0.6275814771652222,-0.9989989399909973,0.04473394528031349,-0.6275814771652222
10422,177105713,69,1,0.075970133934669,0.0,0.0,0,False,0.9548025131225586,0.7788892984390259,-0.6975814700126648,0.927838921546936,0.17673838138580322,-0.6975814700126648,0.8019267916679382,0.18237657845020294,-0.6975814700126648,0.8288903832435608,0.7845275402069092,-0.6975814700126648
10422,177105713,69,2,0.09656509792308277,0.0,0.0,0,False,0.9133315682411194,-0.25223860144615173,-0.6458418369293213,0.9303935170173645,0.12878857553005219,-0.6458418369293213,1.1833199262619019,0.11746283620595932,-0.6458418369293213,1.1662580966949463,-0.2635643482208252,-0.6458418369293213
10422,177105713,69,3,0.23510637657703182,0.0,0.0,0,False,0.8127564787864685,0.46151816844940186,-0.6458418369293213,0.7664731740951538,-0.5720810890197754,-0.6458418369293213,0.5394645929336548,-0.5619158744812012,-0.6458418369293213,0.5857478976249695,0.4716833531856537,-0.6458418369293213
10422,177105713,69,4,0.4971205690267335,0.0,0.0,0,False,0.5731915831565857,0.1912757009267807,-0.6458418369293213,1.1853976249694824,0.16386182606220245,-0.6458418369293213,1.1491093635559082,-0.6465283036231995,-0.6458418369293213,0.5369032621383667,-0.6191144585609436,-0.6458418369293213
10422,177105713,69,5,0.5487858989538177,0.0,0.0,0,False,0.6744897365570068,0.46860429644584656,-0.5042158365249634,-1.087723731994629,0.5475140810012817,-0.5042158365249634,-1.0738067626953125,0.8583093881607056,-0.5042158365249634,0.688406765460968,0.7793996334075928,-0.5042158365249634
10422,177105713,69,6,0.4137040820834539,0.0,0.0,0,False,-1.1238692998886108,-0.5447496771812439,-0.5042158365249634,0.6343220472335815,-0.623479425907135,-0.5042158365249634,0.6238066554069519,-0.8583095073699951,-0.5042158365249634,-1.1343846321105957,-0.779579758644104,-0.5042158365249634
10422,276882265,70,0,0.7089165365691934,0.7086918950080872,0.0,1,True,1.0010000467300415,0.0,0.0,-0.9992682337760925,0.038249868899583817,0.0,-0.9992682337760925,0.038249868899583817,-0.7086918950080872,-0.9992682337760925,0.038249868899583817,-0.7086918950080872
10422,276882265,70,1,0.0899796428766777,0.0,0.0,0,False,1.187068223953247,0.6259016394615173,-0.7786918878555298,1.16792893409729,0.12589259445667267,-0.7786918878555298,0.9882361888885498,0.1327708512544632,-0.7786918878555298,1.0073754787445068,0.6327798962593079,-0.7786918878555298
10422,276882265,70,2,0.04852073014721636,0.0,0.0,0,False,1.023665189743042,-0.22112113237380981,-0.5952613353729248,1.0363441705703735,0.11011606454849243,-0.5952613353729248,1.1826132535934448,0.10451719909906387,-0.5952613353729248,1.1699341535568237,-0.22672000527381897,-0.5952613353729248
10422,276882265,70,3,0.6461779115357196,0.0,0.0,0,False,1.0116931200027466,0.7785953879356384,-0.6769962906837463,0.9514744281768799,-0.7946021556854248,-0.6769962906837463,0.5413336157798767,-0.7789028286933899,-0.6769962906837463,0.6015523076057434,0.7942947149276733,-0.6769962906837463
10422,276882265,70,4,2.778238873098486,0.0,0.0,0,False,0.5854799151420593,0.7794076204299927,-0.5050804615020752,0.5233080387115479,-0.8448162078857422,-0.5050804615020752,-1.1846919059753418,-0.7794376015663147,-0.5050804615020752,-1.1225199699401855,0.8447862267494202,-0.5050804615020752
10422,376908192,71,0,1.413516584034764,0.7066264152526855,0.0,1,True,3.000999927520752,0.0,0.0,-0.9996621608734131,0.025990959256887436,0.0,-0.9996621608734131,0.025990959256887436,-0.7066264152526855,-0.9996621608734131,0.025990959256887436,-0.7066264152526855
10422,376908192,71,1,0.15030660473990087,0.0,0.0,0,False,0.9210665225982666,0.18140225112438202,-0.7766264081001282,0.9367875456809998,0.7860633730888367,-0.7766264081001282,1.185199499130249,0.7796047329902649,-0.7766264081001282,1.1694785356521606,0.17494361102581024,-0.7766264081001282
10422,376908192,71,2,0.032739928349305725,0.0,0.0,0,False,1.0714257955551147,-0.22477705776691437,-0.5885470509529114,1.0800607204437256,0.10733839869499207,-0.5885470509529114,1.1785740852355957,0.10477707535028458,-0.5885470509529114,1.1699391603469849,-0.22733838856220245,-0.5885470509529114
10422,376908192,71,3,0.257979457807366,0.0,0.0,0,False,0.8933333158493042,0.5224432945251465,-0.6683939099311829,0.867211103439331,-0.48226749897003174,-0.6683939099311829,0.6106147170066833,-0.47559604048728943,-0.6683939099311829,0.6367368698120117,0.5291147232055664,-0.6683939099311829
10422,376908192,71,4,0.5129697015033248,0.0,0.0,0,False,0.8672251105308533,0.5232725739479065,-0.509259045124054,-1.1303244829177856,0.575208306312561,-0.509259045124054,-1.1236522197723389,0.8318343162536621,-0.509259045124054,0.8738973140716553,0.7798985838890076,-0.509259045124054
10422,376908192,71,5,2.837056340815998,0.0,0.0,0,False,0.6374049186706543,0.779807448387146,-0.509259045124054,0.5956568121910095,-0.8259065747261047,-0.509259045124054,-1.1699999570846558,-0.7799999713897705,-0.509259045124054,-1.1282519102096558,0.8257139921188354,-0.509259045124054
10422,376908192,71,6,0.6913974949329482,0.0,0.0,0,False,-1.1609894037246704,-0.43343478441238403,-0.509259045124054,0.8326628804206848,-0.4852692186832428,-0.509259045124054,0.8236522674560547,-0.8318343758583069,-0.509259045124054,-1.1699999570846558,-0.7799999713897705,-0.509259045124054
10422,477269244,72,0,1.739941054349722,0.6959254145622253,6.938893903907228e-18,1,True,4.000999927520752,0.0,0.0,-0.9992082715034485,0.039784446358680725,0.0,-0.9992082715034485,0.039784446358680725,-0.6959254145622253,-0.9992082715034485,0.039784446358680725,-0.6959254145622253
10422,477269244,72,1,0.1543927896381878,0.0,0.0,0,False,1.1938517093658447,0.7790502905845642,-0.765925407409668,1.1696200370788574,0.17045928537845612,-0.765925407409668,0.9163326621055603,0.1805441677570343,-0.765925407409668,0.9405643343925476,0.7891351580619812,-0.765925407409668
10422,477269244,72,2,0.03635531225089261,0.0,0.0,0,False,1.1813294887542725,0.10454889386892319,-0.5920822024345398,1.1680686473846436,-0.22850652039051056,-0.5920822024345398,1.059084415435791,-0.22416721284389496,-0.5920822024345398,1.0723453760147095,0.10888820886611938,-0.5920822024345398
10422,477269244,72,3,0.5295840095021518,0.0,0.0,0,False,0.9320147037506104,0.77753084897995,-0.6789007782936096,0.8700000047683716,-0.7799999117851257,-0.6789007782936096,0.5305230617523193,-0.7664833068847656,-0.6789007782936096,0.5925377607345581,0.7910474538803101,-0.6789007782936096
10422,477269244,72,4,0.45272888202636663,0.0,0.0,0,False,1.0428780317306519,0.1713249534368515,-0.6789007782936096,1.0047862529754639,-0.7853665947914124,-0.6789007782936096,0.5323118567466736,-0.7665545344352722,-0.6789007782936096,0.5704035758972168,0.19013704359531403,-0.6789007782936096
10422,477269244,72,5,0.25574080925848053,0.0,0.0,0,False,0.5706885457038879,-0.207707479596138,-0.6789007782936096,1.0270628929138184,-0.22587844729423523,-0.6789007782936096,1.0047862529754639,-0.7853666543960571,-0.6789007782936096,0.548412024974823,-0.7671956419944763,-0.6789007782936096
10422,477269244,72,6,2.7050299219335585,0.0,0.0,0,False,0.5870858430862427,0.7793196439743042,-0.5043795108795166,0.5223883390426636,-0.8455923795700073,-0.5043795108795166,-1.1397006511688232,-0.7794145941734314,-0.5043795108795166,-1.0750031471252441,0.8454974293708801,-0.5043795108795166
10422,576891212,73,0,1.784512992069377,0.7137488722801208,0.0,1,True,4.000999927520752,0.0,0.0,-0.9992433786392212,-0.0388936847448349,0.0,-0.9992433786392212,-0.0388936847448349,-0.7137488722801208,-0.9992433786392212,-0.0388936847448349,-0.7137488722801208
10422,576891212,73,1,0.1664350378128363,0.0,0.0,0,False,0.6726420521736145,0.410746693611145,-0.5952603816986084,0.7073545455932617,-0.4810761511325836,-0.5952603816986084,0.5210134387016296,-0.48832911252975464,-0.5952603816986084,0.48630091547966003,0.403493732213974,-0.5952603816986084
10422,576891212,73,2,0.13968259329936616,0.0,0.0,0,False,1.1698411703109741,0.7840808033943176,-0.7837488651275635,1.1933186054229736,0.18090763688087463,-0.7837488651275635,0.9620893001556396,0.1719074696302414,-0.7837488651275635,0.9386119246482849,0.7750806212425232,-0.7837488651275635
10422,576891212,73,3,0.03602584390565289,0.0,0.0,0,False,1.1683017015457153,0.11863160133361816,-0.5900025367736816,1.1816593408584595,-0.2245461791753769,-0.5900025367736816,1.076840877532959,-0.2286260426044464,-0.5900025367736816,1.0634833574295044,0.11455173045396805,-0.5900025367736816
10422,576891212,73,4,0.3523603829361299,0.0,0.0,0,False,0.7203420400619507,-0.7899121046066284,-0.6796702742576599,0.6710781455039978,0.47576045989990234,-0.6796702742576599,0.9490547776222229,0.48658016324043274,-0.6796702742576599,0.998318612575531,-0.7790924310684204,-0.6796702742576599
10422,576891212,73,5,0.7913702168627603,0.0,0.0,0,False,0.6402978301048279,0.41043156385421753,-0.5053232908248901,-1.1581451892852783,0.34043070673942566,-0.5053232908248901,-1.1752465963363647,0.7797958254814148,-0.5053232908248901,0.6231964230537415,0.8497966527938843,-0.5053232908248901
10422,576891212,73,6,2.6882787469813874,0.0,0.0,0,False,0.4676373302936554,0.8437419533729553,-0.5053232908248901,0.5308296084403992,-0.7797730565071106,-0.5053232908248901,-1.1225041151046753,-0.8441259860992432,-0.5053232908248901,-1.1856963634490967,0.7793890833854675,-0.5053232908248901
10422,576891212,73,7,0.5378564680838949,0.0,0.0,0,False,-1.1338438987731934,-0.5527849793434143,-0.5053232908248901,0.6733435988426208,-0.48244374990463257,-0.5053232908248901,0.6849103569984436,-0.779614269733429,-0.5053232908248901,-1.1222771406173706,-0.8499554991722107,-0.5053232908248901
10422,576891212,73,8,0.7084550285876947,0.0,0.0,0,False,0.7276414036750793,0.4786820709705353,-0.5053232908248901,-1.160665512084961,0.405183345079422,-0.5053232908248901,-1.1752465963363647,0.7797958254814148,-0.5053232908248901,0.7130603194236755,0.8532945513725281,-0.5053232908248901
10422,677352305,74,0,1.3996822987879276,0.6996662616729736,0.0,1,True,3.000999927520752,0.0,0.0,-0.9999998807907104,-0.00046295838546939194,0.0,-0.9999998807907104,-0.00046295838546939194,-0.6996662616729736,-0.9999998807907104,-0.00046295838546939194,-0.6996662616729736
10422,677352305,74,1,0.16210558009725773,0.0,0.0,0,False,1.1699999570846558,0.7800623774528503,-0.7696662545204163,1.170277714729309,0.18004179000854492,-0.7696662545204163,0.9001110792160034,0.17991672456264496,-0.7696662545204163,0.8998333215713501,0.7799373269081116,-0.7696662545204163
10422,677352305,74,2,0.04864464415778258,0.0,0.0,0,False,1.034999966621399,-0.2549999952316284,-0.590110182762146,1.034833312034607,0.10497908294200897,-0.590110182762146,1.169965147972107,0.10504163801670074,-0.590110182762146,1.170131802558899,-0.25493744015693665,-0.590110182762146
10422,677352305,74,3,0.24143190336389786,0.0,0.0,0,False,0.8699513673782349,0.48004162311553955,-0.6658095121383667,0.8704165816307068,-0.5249650478363037,-0.6658095121383667,0.6301875114440918,-0.5250762701034546,-0.6658095121383667,0.6297222375869751,0.47993043065071106,-0.6658095121383667
10422,677352305,74,4,0.5866391582838864,0.0,0.0,0,False,0.8251388072967529,0.48006948828697205,-0.5071491003036499,-1.1249092817306519,0.47916677594184875,-0.5071491003036499,-1.1250486373901367,0.7799999117851257,-0.5071491003036499,0.8249995112419128,0.7809025645256042,-0.5071491003036499
10422,677352305,74,5,2.739430849602943,0.0,0.0,0,False,0.6294093728065491,0.7808120250701904,-0.5071491003036499,0.6301319003105164,-0.7799999117851257,-0.5071491003036499,-1.1249996423721313,-0.7808123826980591,-0.5071491003036499,-1.1257221698760986,0.7799995541572571,-0.5071491003036499
10422,677352305,74,6,0.44650526571953897,0.0,0.0,0,False,-1.1251039505004883,-0.5554167032241821,-0.5071491003036499,0.8549650311470032,-0.5545001029968262,-0.5071491003036499,0.8550693988800049,-0.7799999117851257,-0.5071491003036499,-1.1249995231628418,-0.7809165120124817,-0.5071491003036499
10422,777105232,75,0,3.1792870987319666,0.7064431309700012,3.469446951953614e-18,1,True,8.00100040435791,0.0,0.0,-0.9998077750205994,0.01960667409002781,0.0,-0.9998077750205994,0.01960667409002781,-0.7064431309700012,-0.9998077750205994,0.01960667409002781,-0.7064431309700012
10422,777105232,75,1,0.10824797920505347,0.0,0.0,0,False,0.6006112098693848,0.5573412775993347,-0.5758352875709534,0.5835047960281372,-0.3149707019329071,-0.5758352875709534,0.4594593048095703,-0.3125380873680115,-0.5758352875709534,0.47656571865081787,0.559773862361908,-0.5758352875709534
10422,777105232,75,2,0.15191789093420827,0.0,0.0,0,False,0.9238424301147461,0.16600321233272552,-0.7764431238174438,0.9359731674194336,0.7845893502235413,-0.7764431238174438,1.1814676523208618,0.7797751426696777,-0.7764431238174438,1.1693369150161743,0.16118896007537842,-0.7764431238174438
10422,777105232,75,3,0.03142193104096691,0.0,0.0,0,False,1.074119210243225,-0.22488467395305634,-0.5858059525489807,1.080605387687683,0.10587058961391449,-0.5858059525489807,1.1755694150924683,0.10400830209255219,-0.5858059525489807,1.1690832376480103,-0.22674696147441864,-0.5858059525489807
10422,777105232,75,4,0.2604778899242479,0.0,0.0,0,False,0.6141793131828308,-0.47674816846847534,-0.6644070148468018,0.6344683170318604,0.5578539371490479,-0.6644070148468018,0.8861377835273743,0.552918553352356,-0.6644070148468018,0.8658487796783447,-0.48168352246284485,-0.6644070148468018
10422,777105232,75,5,0.02967697263501634,0.0,0.0,0,False,0.6300749778747559,-0.3261773884296417,-0.6644070148468018,0.8267642855644226,-0.3300345838069916,-0.6644070148468018,0.8238065242767334,-0.48085907101631165,-0.6644070148468018,0.6271172165870667,-0.4770018756389618,-0.6644070148468018
10422,777105232,75,6,0.10686842535277674,0.0,0.0,0,False,0.8784926533699036,0.5530685186386108,-0.6644070148468018,0.8699077367782593,0.11529530584812164,-0.6644070148468018,0.6258833408355713,0.12008073180913925,-0.6644070148468018,0.6344682574272156,0.5578539371490479,-0.6644070148468018
10422,777105232,75,7,0.24213707412217156,0.0,0.0,0,False,1.027446985244751,0.12475590407848358,-0.6644070148468018,1.015497088432312,-0.4846181273460388,-0.6644070148468018,0.6182960271835327,-0.476828932762146,-0.6644070148468018,0.6302459836006165,0.1325450986623764,-0.6644070148468018
10422,777105232,75,8,0.10128451743414013,0.0,0.0,0,False,0.6301441192626953,-0.21764890849590302,-0.6644070148468018,1.0205823183059692,-0.22530557215213776,-0.6644070148468018,1.015497088432312,-0.48461824655532837,-0.6644070148468018,0.6250588297843933,-0.47696158289909363,-0.6644070148468018
10422,777105232,75,9,0.38147905075398825,0.0,0.0,0,False,0.6294522285461426,0.55706787109375,-0.5051646828651428,-1.081654667854309,0.5906233787536621,-0.5051646828651428,-1.077284336090088,0.8134805560112,-0.5051646828651428,0.6338225603103638,0.7799249887466431,-0.5051646828651428
10422,777105232,75,10,2.4770961788529924,0.0,0.0,0,False,0.4800000488758087,0.7799999713897705,-0.5051646828651428,0.4488198459148407,-0.8099808096885681,-0.5051646828651428,-1.1085221767425537,-0.779440701007843,-0.5051646828651428,-1.0773420333862305,0.8105400800704956,-0.5051646828651428
10422,777105232,75,11,0.8320992322964758,0.0,0.0,0,False,-1.0792043209075928,-0.2894236743450165,-0.5051646828651428,0.6169084310531616,-0.322685569524765,-0.5051646828651428,0.6072912812232971,-0.8130888938903809,-0.5051646828651428,-1.088821530342102,-0.7798269987106323,-0.5051646828651428
10422,876929617,76,0,2.0901000472943196,0.6965839266777039,0.0,1,True,5.000999927520752,0.0,0.0,-1.0,0.00013664008292835206,0.0,-1.0,0.00013664008292835206,-0.6965839266777039,-1.0,0.00013664008292835206,-0.6965839266777039
10422,876929617,76,1,0.15751303107818115,0.0,0.0,0,False,0.8699528574943542,0.18000821769237518,-0.7665839195251465,0.8700246214866638,0.7050409913063049,-0.7665839195251465,1.1700307130813599,0.7049999833106995,-0.7665839195251465,1.1699589490890503,0.1799672245979309,-0.7665839195251465
10422,876929617,76,2,0.04591311919614771,0.0,0.0,0,False,1.0349549055099487,-0.22499385476112366,-0.5881603956222534,1.0350013971328735,0.11500547081232071,-0.5881603956222534,1.170040249824524,0.11498701572418213,-0.5881603956222534,1.1699937582015991,-0.22501230239868164,-0.5881603956222534
10422,876929617,76,3,0.2993292625058208,0.0,0.0,0,False,0.8551025390625,0.4799959063529968,-0.6656637191772461,0.8549590110778809,-0.570010244846344,-0.6656637191772461,0.5698851943016052,-0.5699712634086609,-0.6656637191772461,0.5700287222862244,0.48003485798835754,-0.6656637191772461
10422,876929617,76,4,0.3374993803609998,0.0,0.0,0,False,1.0200061798095703,0.17997948825359344,-0.6656637191772461,1.019903540611267,-0.5700328350067139,-0.6656637191772461,0.5699118375778198,-0.5699713230133057,-0.6656637191772461,0.5700143575668335,0.18004103004932404,-0.6656637191772461
10422,876929617,76,5,0.1500883727993192,0.0,0.0,0,False,0.5699999928474426,-0.22494055330753326,-0.6656637191772461,1.0049999952316284,-0.22499997913837433,-0.6656637191772461,1.0049529075622559,-0.570030689239502,-0.6656637191772461,0.5699528455734253,-0.5699712634086609,-0.6656637191772461
10422,876929617,76,6,0.5442859761621373,0.0,0.0,0,False,0.7199945449829102,0.48499932885169983,-0.5084503293037415,-1.1250382661819458,0.4852515161037445,-0.5084503293037415,-1.124997854232788,0.78025221824646,-0.5084503293037415,0.7200348973274231,0.7800000309944153,-0.5084503293037415
10422,876929617,76,7,2.644662958184334,0.0,0.0,0,False,0.57004714012146,0.7800000309944153,-0.5084503293037415,0.5698338747024536,-0.7802316546440125,-0.5084503293037415,-1.1252111196517944,-0.7799999713897705,-0.5084503293037415,-1.124997854232788,0.7802317142486572,-0.5084503293037415
10422,976948835,77,0,1.758061925147054,0.7031574845314026,6.938893903907228e-18,1,True,4.000999927520752,0.0,0.0,-0.9993482232093811,0.03609886392951012,0.0,-0.9993482232093811,0.03609886392951012,-0.7031574845314026,-0.9993482232093811,0.03609886392951012,-0.7031574845314026
10422,976948835,77,1,0.1318008318650623,0.0,0.0,0,False,0.4543924331665039,-0.3686566650867462,-0.5870181322097778,0.48146840929985046,0.3809071183204651,-0.5870181322097778,0.6570760011672974,0.3745637834072113,-0.5870181322097778,0.6299999952316284,-0.375,-0.5870181322097778
10422,976948835,77,2,0.13288826995876812,0.0,0.0,0,False,1.1916452646255493,0.7792180776596069,-0.7731574773788452,1.169687271118164,0.1713419258594513,-0.7731574773788452,0.9513614177703857,0.17922838032245636,-0.7731574773788452,0.9733193516731262,0.7871045470237732,-0.7731574773788452
10422,976948835,77,3,0.03439824486788634,0.0,0.0,0,False,1.180222749710083,0.10300522297620773,-0.5852029323577881,1.1682006120681763,-0.22981153428554535,-0.5852029323577881,1.064980387687683,-0.2260829657316208,-0.5852029323577881,1.0770025253295898,0.1067337766289711,-0.5852029323577881
10422,976948835,77,4,0.33417285462442514,0.0,0.0,0,False,0.6324462890625,-0.7730445265769958,-0.6812978982925415,0.6757366061210632,0.4253917634487152,-0.6812978982925415,0.9542139768600464,0.41533252596855164,-0.6812978982925415,0.9109236598014832,-0.7831037640571594,-0.6812978982925415
10422,976948835,77,5,2.543562627304638,0.0,0.0,0,False,0.4946104884147644,0.779472291469574,-0.5054840445518494,0.43624159693717957,-0.8363956212997437,-0.5054840445518494,-1.1358225345611572,-0.7796090245246887,-0.5054840445518494,-1.0774537324905396,0.8362588882446289,-0.5054840445518494
10422,976948835,77,6,0.8251239651601194,0.0,0.0,0,False,-1.118943691253662,-0.312338262796402,-0.5054840445518494,0.6445918679237366,-0.376041054725647,-0.5054840445518494,0.6277130246162415,-0.8433119058609009,-0.5054840445518494,-1.1358225345611572,-0.7796090841293335,-0.5054840445518494
10422,976948835,77,7,0.7139637207377829,0.0,0.0,0,False,0.6728365421295166,0.37510600686073303,-0.5054840445518494,-1.0901579856872559,0.4387892484664917,-0.5054840445518494,-1.0755486488342285,0.8432337045669556,-0.5054840445518494,0.6874459385871887,0.7795504331588745,-0.5054840445518494
10422,976948835,77,8,0.6669054466664814,0.0,0.0,0,False,0.774661660194397,0.4222164750099182,-0.5054840445518494,-1.0883257389068604,0.4895119369029999,-0.5054840445518494,-1.0754116773605347,0.8470218181610107,-0.5054840445518494,0.7875757813453674,0.7797263264656067,-0.5054840445518494
10423,77153554,78,0,1.0610005521797419,0.707221508026123,0.0,1,True,2.000999927520752,0.0,0.0,-0.9992141723632812,0.03963705897331238,0.0,-0.9992141723632812,0.03963705897331238,-0.707221508026123,-0.9992141723632812,0.03963705897331238,-0.707221508026123
10423,77153554,78,1,0.14593915887898357,0.0,0.0,0,False,0.9216828346252441,0.1653299480676651,-0.7772215008735657,0.946417510509491,0.7888690829277039,-0.7772215008735657,1.1800994873046875,0.7795993089675903,-0.7772215008735657,1.1553648710250854,0.15606018900871277,-0.7772215008735657
10423,77153554,78,2,0.0501351241068555,0.0,0.0,0,False,1.021977186203003,-0.22329336404800415,-0.5957919359207153,1.0352357625961304,0.11094087362289429,-0.5957919359207153,1.1850000619888306,0.10499998927116394,-0.5957919359207153,1.1717414855957031,-0.2292342483997345,-0.5957919359207153
10423,77153554,78,3,0.4085939060002648,0.0,0.0,0,False,0.9379445314407349,0.6146848797798157,-0.6695623397827148,0.8825293779373169,-0.7822819948196411,-0.6695623397827148,0.5905024409294128,-0.770697832107544,-0.6695623397827148,0.6459175944328308,0.6262691020965576,-0.6695623397827148
10423,77153554,78,4,0.30553372731184325,0.0,0.0,0,False,0.8245906233787537,0.6196791529655457,-0.5050643682479858,-1.0809810161590576,0.695269763469696,-0.5050643682479858,-1.0746307373046875,0.855354905128479,-0.5050643682479858,0.8309409022331238,0.7797642946243286,-0.5050643682479858
10423,77153554,78,5,2.8006627020061003,0.0,0.0,0,False,0.6436640620231628,0.7794578671455383,-0.5050643682479858,0.5791216492652893,-0.847599446773529,-0.5050643682479858,-1.1394795179367065,-0.7794256210327148,-0.5050643682479858,-1.074937105178833,0.8476316928863525,-0.5050643682479858
10423,176964814,79,0,2.1351192961495897,0.7115880250930786,0.0,1,True,5.000999927520752,0.0,0.0,-0.999998152256012,-0.00192683981731534,0.0,-0.999998152256012,-0.00192683981731534,-0.7115880250930786,-0.999998152256012,-0.00192683981731534,-0.7115880250930786
10423,176964814,79,1,0.116463305479515,0.0,0.0,0,False,1.1699994802474976,0.7802601456642151,-0.7815880179405212,1.1712427139282227,0.13500240445137024,-0.7815880179405212,0.9907522797584534,0.13465462625026703,-0.7815880179405212,0.9895089864730835,0.7799124121665955,-0.7815880179405212
10423,176964814,79,2,0.23459766061386356,0.0,0.0,0,False,0.6895656585693359,0.7803748846054077,-0.5782020092010498,0.6917049884796143,-0.32988110184669495,-0.5782020092010498,0.4804052412509918,-0.33028823137283325,-0.5782020092010498,0.4782659411430359,0.779967725276947,-0.5782020092010498
10423,176964814,79,3,0.02999996251512238,0.0,0.0,0,False,0.6355781555175781,-0.4201338589191437,-0.6396074295043945,0.6350001096725464,-0.12013489007949829,-0.6396074295043945,0.73499995470047,-0.11994220316410065,-0.6396074295043945,0.7355780005455017,-0.4199411869049072,-0.6396074295043945
10423,176964814,79,4,0.1300524051859877,0.0,0.0,0,False,0.9748550057411194,0.5552887916564941,-0.7110581398010254,0.9757804274559021,0.07500150054693222,-0.7110581398010254,0.7050009965896606,0.07447975873947144,-0.7110581398010254,0.7040755748748779,0.5547670722007751,-0.7110581398010254
10423,176964814,79,5,0.34632587994364195,0.0,0.0,0,False,0.7346242666244507,0.11999928206205368,-0.7110581398010254,1.1699694395065308,0.12083812803030014,-0.7110581398010254,1.1715022325515747,-0.674679160118103,-0.7110581398010254,0.7361571192741394,-0.6755180358886719,-0.7110581398010254
10423,176964814,79,6,0.07277128863808002,0.0,0.0,0,False,0.7349133491516113,-0.42000019550323486,-0.7110581398010254,1.0197099447250366,-0.41945141553878784,-0.7110581398010254,1.0202022790908813,-0.6749706864356995,-0.7110581398010254,0.735405683517456,-0.6755194664001465,-0.7110581398010254
10423,176964814,79,7,0.34632588810828757,0.0,0.0,0,False,0.7361571788787842,-0.6755180358886719,-0.7110581398010254,0.7346243262290955,0.11999929696321487,-0.7110581398010254,1.1699694395065308,0.12083815038204193,-0.7110581398010254,1.1715023517608643,-0.674679160118103,-0.7110581398010254
10423,176964814,79,8,2.5804306887542987,0.0,0.0,0,False,0.47805795073509216,0.7828866243362427,-0.5077534317970276,0.481069415807724,-0.7799979448318481,-0.5077534317970276,-1.1699937582015991,-0.7831792831420898,-0.5077534317970276,-1.173005223274231,0.7797052264213562,-0.5077534317970276
10423,276881657,80,0,1.044181875549248,0.6959805488586426,0.0,1,True,2.000999927520752,0.0,0.0,-0.9994099736213684,0.03434715047478676,0.0,-0.9994099736213684,0.03434715047478676,-0.6959805488586426,-0.9994099736213684,0.03434715047478676,-0.6959805488586426
10423,276881657,80,1,0.34961597632783104,0.0,0.0,0,False,0.7197257876396179,0.6719163656234741,-0.5771600008010864,0.6695501208305359,-0.7880608439445496,-0.5771600008010864,0.4303658902645111,-0.7798407077789307,-0.5771600008010864,0.48054155707359314,0.680136501789093,-0.5771600008010864
10423,276881657,80,2,0.16232548437183425,0.0,0.0,0,False,1.177208662033081,0.7797523140907288,-0.7659805417060852,1.155867576599121,0.15878406167030334,-0.7659805417060852,0.8947688937187195,0.16775736212730408,-0.7659805417060852,0.9161099791526794,0.7887255549430847,-0.7659805417060852
10423,276881657,80,3,0.04512306868885352,0.0,0.0,0,False,1.0334552526474,-0.22494691610336304,-0.5882521271705627,1.0449424982070923,0.10929791629314423,-0.5882521271705627,1.1797832250595093,0.10466378182172775,-0.5882521271705627,1.1682960987091064,-0.2295810431241989,-0.5882521271705627
10423,276881657,80,4,0.05304111544519374,0.0,0.0,0,False,0.8725745677947998,0.5549114942550659,-0.6899927854537964,0.8595250248908997,0.17520488798618317,-0.6899927854537964,0.7200000882148743,0.18000000715255737,-0.6899927854537964,0.7330496311187744,0.5597066283226013,-0.6899927854537964
10423,276881657,80,5,0.17423080561624715,0.0,0.0,0,False,0.5685312151908875,0.6772631406784058,-0.5050292611122131,-1.1265287399291992,0.7355179190635681,-0.5050292611122131,-1.1230003833770752,0.8381840586662292,-0.5050292611122131,0.5720595717430115,0.7799292802810669,-0.5050292611122131
10423,276881657,80,6,2.5950822224371723,0.0,0.0,0,False,0.48205962777137756,0.7799292802810669,-0.5050292611122131,0.4265631437301636,-0.8348697423934937,-0.5050292611122131,-1.1786030530929565,-0.7797043323516846,-0.5050292611122131,-1.1231064796447754,0.835094690322876,-0.5050292611122131
10423,377152584,81,0,0.36317459112826145,0.7256235480308533,0.0,1,True,0.0010000000474974513,0.0,0.0,-0.9999921321868896,-0.003972488455474377,0.0,-0.9999921321868896,-0.003972488455474377,-0.7256235480308533,-0.9999921321868896,-0.003972488455474377,-0.7256235480308533
10423,377152584,81,1,0.1764687877536475,0.0,0.0,0,False,0.9877357482910156,0.6748122572898865,-0.7152191996574402,0.9913101196289062,-0.22493518888950348,-0.7152191996574402,0.7951816916465759,-0.2257143259048462,-0.7152191996574402,0.7916074395179749,0.6740331649780273,-0.7152191996574402
10423,377152584,81,2,2.734056445823372,0.0,0.0,0,False,-1.1699755191802979,-0.7861375212669373,-0.504810631275177,-1.1761963367462158,0.7797966003417969,-0.504810631275177,0.5697349309921265,0.7867324352264404,-0.504810631275177,0.5759556889533997,-0.7792016863822937,-0.504810631275177
10423,377152584,81,3,0.0913214197309431,0.0,0.0,0,False,1.0201804637908936,0.1795835942029953,-0.7956235408782959,1.0177968740463257,0.7795740962028503,-0.7956235408782959,1.1699992418289185,0.7801787853240967,-0.7956235408782959,1.1723828315734863,0.18018823862075806,-0.7956235408782959
10423,377152584,81,4,0.12003477995377576,0.0,0.0,0,False,0.6972055435180664,-0.7803884744644165,-0.6896637082099915,0.6924371123313904,0.41995012760162354,-0.6896637082099915,0.7924363017082214,0.4203473627567291,-0.6896637082099915,0.7972047328948975,-0.7799912095069885,-0.6896637082099915
10423,476950136,82,0,3.1576270690888117,0.7016171216964722,0.0,1,True,8.00100040435791,0.0,0.0,-0.9999970197677612,0.002445394638925791,0.0,-0.9999970197677612,0.002445394638925791,-0.7016171216964722,-0.9999970197677612,0.002445394638925791,-0.7016171216964722
10423,476950136,82,1,0.03091776478316044,0.0,0.0,0,False,0.5410635471343994,0.25496071577072144,-0.5602642297744751,0.5398163795471191,-0.25503626465797424,-0.5602642297744751,0.4791933298110962,-0.25488802790641785,-0.5602642297744751,0.4804404675960541,0.25510895252227783,-0.5602642297744751
10423,476950136,82,2,0.14383152044539216,0.0,0.0,0,False,0.9294131398200989,0.18000145256519318,-0.7716171145439148,0.9308817982673645,0.7805846929550171,-0.7716171145439148,1.1703667640686035,0.7799990773200989,-0.7716171145439148,1.168898105621338,0.17941580712795258,-0.7716171145439148
10423,476950136,82,3,0.04486084338171281,0.0,0.0,0,False,1.0341930389404297,-0.22499804198741913,-0.5881328582763672,1.0350008010864258,0.10533012449741364,-0.5881328582763672,1.170806884765625,0.10499802976846695,-0.5881328582763672,1.169999122619629,-0.2253301441669464,-0.5881328582763672
10423,476950136,82,4,0.11087562622331637,0.0,0.0,0,False,0.9301100373268127,0.6149997115135193,-0.6843934059143066,0.9290447235107422,0.17937876284122467,-0.6843934059143066,0.674523115158081,0.1800011694431305,-0.6843934059143066,0.6755883693695068,0.6156221628189087,-0.6843934059143066
10423,476950136,82,5,0.9260396208149793,0.0,0.0,0,False,0.6743659973144531,0.26571017503738403,-0.505596399307251,-1.1262468099594116,0.270113080739975,-0.505596399307251,-1.1249892711639404,0.7844013571739197,-0.505596399307251,0.6756235361099243,0.7799984812736511,-0.505596399307251
10423,476950136,82,6,2.5122069245405463,0.0,0.0,0,False,0.481357216835022,0.7799966335296631,-0.505596399307251,0.47753283381462097,-0.7839187979698181,-0.505596399307251,-1.1288148164749146,-0.7799906730651855,-0.505596399307251,-1.124990463256836,0.7839247584342957,-0.505596399307251
10423,476950136,82,7,1.0296962200432276,0.0,0.0,0,False,-1.1245529651641846,-0.2521768808364868,-0.505596399307251,0.8262789249420166,-0.2569471001625061,-0.505596399307251,0.8249883055686951,-0.7847681045532227,-0.505596399307251,-1.1258436441421509,-0.7799978852272034,-0.505596399307251
10423,476950136,82,8,0.0921163863566763,0.0,0.0,0,False,0.8258788585662842,-0.4206257164478302,-0.505596399307251,0.8249985575675964,-0.7806235551834106,-0.505596399307251,0.5691196918487549,-0.7799978852272034,-0.505596399307251,0.5700000524520874,-0.41999998688697815,-0.505596399307251
10423,476950136,82,9,0.09211640926026288,0.0,0.0,0,False,0.5699999928474426,-0.41999998688697815,-0.505596399307251,0.8258787989616394,-0.4206257164478302,-0.505596399307251,0.8249984979629517,-0.7806236743927002,-0.505596399307251,0.5691196322441101,-0.7799979448318481,-0.505596399307251
10423,476950136,82,10,0.30185341593530524,0.0,0.0,0,False,0.8249883055686951,0.6252315640449524,-0.505596399307251,-1.1253668069839478,0.6300009489059448,-0.505596399307251,-1.124988317489624,0.7847684621810913,-0.505596399307251,0.8253667950630188,0.7799990773200989,-0.505596399307251
10423,476950136,82,11,0.042804413120128615,0.0,0.0,0,False,0.6756235361099243,0.7799984216690063,-0.505596399307251,0.6746325492858887,0.37474411725997925,-0.505596399307251,0.5690096020698547,0.375002384185791,-0.505596399307251,0.5700005888938904,0.7802567481994629,-0.505596399307251
10423,476950136,82,12,0.09211638255690247,0.0,0.0,0,False,0.5699999928474426,-0.4200000464916229,-0.505596399307251,0.8258787989616394,-0.4206257462501526,-0.505596399307251,0.8249984979629517,-0.7806236147880554,-0.505596399307251,0.5691196322441101,-0.7799978852272034,-0.505596399307251
10423,577280854,83,0,0.3065915496733981,0.6125712990760803,1.3877787807814457e-17,1,True,0.0010000000474974513,0.0,0.0,-0.998747706413269,0.05003002658486366,0.0,-0.998747706413269,0.05003002658486366,-0.6125712990760803,-0.998747706413269,0.05003002658486366,-0.6125712990760803
10423,577280854,83,1,0.41543503417827665,0.0,0.0,0,False,0.6430713534355164,-0.5173894762992859,-0.682571291923523,0.702994704246521,0.6788573861122131,-0.682571291923523,1.0494074821472168,0.6615046262741089,-0.682571291923523,0.9894841313362122,-0.5347422361373901,-0.682571291923523
10423,577280854,83,2,2.6569993066871094,0.0,0.0,0,False,-1.1550637483596802,-0.7784940004348755,-0.5042454600334167,-1.0731348991394043,0.857049286365509,-0.5042454600334167,0.5473350882530212,0.7758755087852478,-0.5042454600334167,0.46540626883506775,-0.8596677780151367,-0.5042454600334167
10423,676947739,84,0,1.4057435511935328,0.702741801738739,0.0,1,True,3.000999927520752,0.0,0.0,-0.9996532201766968,-0.026332857087254524,0.0,-0.9996532201766968,-0.026332857087254524,-0.702741801738739,-0.9996532201766968,-0.026332857087254524,-0.702741801738739
10423,676947739,84,1,0.189361617978538,0.0,0.0,0,False,0.8742847442626953,0.16734199225902557,-0.7727417945861816,0.8582895398139954,0.7745547890663147,-0.7727417945861816,1.1699271202087402,0.7827639579772949,-0.7727417945861816,1.1859222650527954,0.1755511462688446,-0.7727417945861816
10423,676947739,84,2,0.041638500440281945,0.0,0.0,0,False,1.081652283668518,-0.2877223789691925,-0.5867866277694702,1.0710464715957642,0.11489585041999817,-0.5867866277694702,1.174394130706787,0.11761823296546936,-0.5867866277694702,1.1849998235702515,-0.2849999964237213,-0.5867866277694702
10423,676947739,84,3,0.3581172014581604,0.0,0.0,0,False,0.8604609966278076,0.48211950063705444,-0.6631898880004883,0.890864908695221,-0.6720796227455139,-0.6631898880004883,0.5808067321777344,-0.6802471876144409,-0.6631898880004883,0.550402820110321,0.47395193576812744,-0.6631898880004883
10423,676947739,84,4,0.6022916110782459,0.0,0.0,0,False,0.5778971314430237,0.48020803928375244,-0.5086796283721924,-1.1636604070663452,0.4343319237232208,-0.5086796283721924,-1.1727640628814697,0.779927134513855,-0.5086796283721924,0.5687934756278992,0.825803279876709,-0.5086796283721924
10423,676947739,84,5,2.7384959370506223,0.0,0.0,0,False,0.537204921245575,0.8249711990356445,-0.5086796283721924,0.5793620944023132,-0.7754069566726685,-0.5086796283721924,-1.1306068897247314,-0.8204509615898132,-0.5086796283721924,-1.1727640628814697,0.7799271941184998,-0.5086796283721924
10423,676947739,84,6,0.15310495601693752,0.0,0.0,0,False,-1.1265723705291748,-0.7203099727630615,-0.5086796283721924,0.4039461016654968,-0.6799930334091187,-0.5086796283721924,0.4065794050693512,-0.7799583673477173,-0.5086796283721924,-1.123939037322998,-0.8202753067016602,-0.5086796283721924
10423,776944499,85,0,1.42498539799784,0.7124025225639343,0.0,1,True,3.000999927520752,0.0,0.0,-0.9993419647216797,0.03627099469304085,0.0,-0.9993419647216797,0.03627099469304085,-0.7124025225639343,-0.9993419647216797,0.03627099469304085,-0.7124025225639343
10423,776944499,85,1,0.11366923345156987,0.0,0.0,0,False,1.1917481422424316,0.77921062707901,-0.782402515411377,1.1698814630508423,0.17673775553703308,-0.782402515411377,0.9814585447311401,0.1835765391588211,-0.782402515411377,1.0033252239227295,0.7860493659973145,-0.782402515411377
10423,776944499,85,2,2.937653056701013,0.0,0.0,0,False,-1.181545615196228,-0.7779476046562195,-0.5059790015220642,-1.1226911544799805,0.8436137437820435,-0.5059790015220642,0.6865455508232117,0.7779476046562195,-0.5059790015220642,0.6276910901069641,-0.8436137437820435,-0.5059790015220642
10423,776944499,85,3,0.15020085993517895,0.0,0.0,0,False,0.9967482686042786,0.77921062707901,-0.718839168548584,0.9746842384338379,0.17130069434642792,-0.718839168548584,0.727931797504425,0.18025654554367065,-0.718839168548584,0.7499958276748657,0.7881664633750916,-0.718839168548584
10423,776944499,85,4,0.4124698269046019,0.0,0.0,0,False,0.721725583076477,0.19082580506801605,-0.718839168548584,1.2010940313339233,0.17342719435691833,-0.718839168548584,1.169905424118042,-0.6858850121498108,-0.718839168548584,0.6905369162559509,-0.6684864163398743,-0.718839168548584
10423,776944499,85,5,0.37749748464997523,0.0,0.0,0,False,0.6905369758605957,-0.6684863567352295,-0.718839168548584,0.7434147596359253,0.7884053587913513,-0.718839168548584,1.0021854639053345,0.7790132761001587,-0.718839168548584,0.9493076205253601,-0.6778784394264221,-0.718839168548584
10423,877241676,86,0,2.1560098927222695,0.7185830473899841,0.0,1,True,5.000999927520752,0.0,0.0,-0.9996709823608398,-0.02565115876495838,0.0,-0.9996709823608398,-0.02565115876495838,-0.7185830473899841,-0.9996709823608398,-0.02565115876495838,-0.7185830473899841
10423,877241676,86,1,0.2062249084879646,0.0,0.0,0,False,0.623137891292572,0.32623520493507385,-0.5698147416114807,0.6515092849731445,-0.7794480919837952,-0.5698147416114807,0.4651184678077698,-0.7842308282852173,-0.5698147416114807,0.43674707412719727,0.3214524984359741,-0.5698147416114807
10423,877241676,86,2,0.10824490728575942,0.0,0.0,0,False,1.1726125478744507,0.6777613759040833,-0.7885830402374268,1.1850000619888306,0.19499999284744263,-0.7885830402374268,0.9609272480010986,0.1892503798007965,-0.7885830402374268,0.9485397934913635,0.6720117330551147,-0.7885830402374268
10423,877241676,86,3,0.33576455570577934,0.0,0.0,0,False,0.6520824432373047,-0.7855917811393738,-0.6469186544418335,0.623510479927063,0.327908992767334,-0.6469186544418335,0.924851655960083,0.3356412947177887,-0.6469186544418335,0.9534236192703247,-0.7778594493865967,-0.6469186544418335
10423,877241676,86,4,0.10356460965705239,0.0,0.0,0,False,0.9214096069335938,0.469783216714859,-0.6469186544418335,0.9302563667297363,0.12501020729541779,-0.6469186544418335,0.6300690770149231,0.11730752140283585,-0.6469186544418335,0.6212223768234253,0.46208053827285767,-0.6469186544418335
10423,877241676,86,5,0.5221253949741533,0.0,0.0,0,False,0.6273074746131897,0.1799309253692627,-0.6469186544418335,1.1677213907241821,0.19379772245883942,-0.6469186544418335,1.1924962997436523,-0.7717248797416687,-0.6469186544418335,0.6520823836326599,-0.7855916619300842,-0.6469186544418335
10423,877241676,86,6,0.7923652845418729,0.0,0.0,0,False,0.5365391969680786,0.3302960991859436,-0.5028748512268066,-1.0766361951828003,0.2889026999473572,-0.5028748512268066,-1.0892314910888672,0.7797631025314331,-0.5028748512268066,0.5239439010620117,0.8211565017700195,-0.5028748512268066
10423,877241676,86,7,2.4570491090620443,0.0,0.0,0,False,0.41901305317878723,0.8184640407562256,-0.5028748512268066,0.45999279618263245,-0.7785888910293579,-0.5028748512268066,-1.077484369277954,-0.8180399537086487,-0.5028748512268066,-1.1184641122817993,0.7790129780769348,-0.5028748512268066
10423,976892811,87,0,2.0565376841133403,0.6854562163352966,0.0,1,True,5.000999927520752,0.0,0.0,-0.9993919730186462,0.03486745432019234,0.0,-0.9993919730186462,0.03486745432019234,-0.6854562163352966,-0.9993919730186462,0.03486745432019234,-0.6854562163352966
10423,976892811,87,1,0.09325595223055494,0.0,0.0,0,False,0.6150365471839905,0.43709203600883484,-0.5731688141822815,0.5887924432754517,-0.3151323199272156,-0.5731688141822815,0.46496957540512085,-0.3108122944831848,-0.5731688141822815,0.49121367931365967,0.4414120614528656,-0.5731688141822815
10423,976892811,87,2,0.17862544640965794,0.0,0.0,0,False,0.8452452421188354,0.6308636665344238,-0.659896969795227,0.8047242760658264,-0.5305725932121277,-0.659896969795227,0.6511142253875732,-0.5252133011817932,-0.659896969795227,0.6916351914405823,0.6362229585647583,-0.659896969795227
10423,976892811,87,3,0.5360585675156173,0.0,0.0,0,False,0.828202486038208,-0.7780182957649231,-0.7554562091827393,0.88290935754776,0.7900161147117615,-0.7554562091827393,1.2243603467941284,0.7781032919883728,-0.7554562091827393,1.1696534156799316,-0.7899311184883118,-0.7554562091827393
10423,976892811,87,4,0.6043319144001247,0.0,0.0,0,False,0.6734864115715027,0.43661630153656006,-0.5054574608802795,-1.0861750841140747,0.49800869822502136,-0.5054574608802795,-1.0742075443267822,0.8410276174545288,-0.5054574608802795,0.6854538917541504,0.7796352505683899,-0.5054574608802795
10423,976892811,87,5,2.541825572752426,0.0,0.0,0,False,0.498470664024353,0.7793557047843933,-0.5054574608802795,0.4421592354774475,-0.8346760869026184,-0.5054574608802795,-1.130756139755249,-0.7797991633415222,-0.5054574608802795,-1.0744446516036987,0.8342326283454895,-0.5054574608802795
10423,976892811,87,6,0.9214692553895123,0.0,0.0,0,False,-1.1119630336761475,-0.2563249170780182,-0.5054574608802795,0.6461303234100342,-0.3176625967025757,-0.5054574608802795,0.6278663277626038,-0.8411552906036377,-0.5054574608802795,-1.130226969718933,-0.7798175811767578,-0.5054574608802795
10423,976892811,87,7,0.24939478027420847,0.0,0.0,0,False,0.7186688184738159,0.6368430256843567,-0.5054574608802795,-1.0228745937347412,0.6976036429405212,-0.5054574608802795,-1.017884373664856,0.8406328558921814,-0.5054574608802795,0.7236589193344116,0.7798722386360168,-0.5054574608802795
10423,976892811,87,8,0.5685590364743192,0.0,0.0,0,False,-1.1192259788513184,-0.46450144052505493,-0.5054574608802795,0.6817218661308289,-0.5273346304893494,-0.5054574608802795,0.6707208156585693,-0.8426507115364075,-0.5054574608802795,-1.130226969718933,-0.779817521572113,-0.5054574608802795
10424,77031904,88,0,1.7247547445191869,0.6901764273643494,1.3877787807814457e-17,1,True,4.000999927520752,0.0,0.0,-0.9962653517723083,0.08634421229362488,0.0,-0.9962653517723083,0.08634421229362488,-0.6901764273643494,-0.9962653517723083,0.08634421229362488,-0.6901764273643494
10424,77031904,88,1,0.14480391880505117,0.0,0.0,0,False,0.8720966577529907,-0.7788816690444946,-0.760176420211792,0.9161312580108643,-0.27079784870147705,-0.760176420211792,1.1990065574645996,-0.2953140437602997,-0.760176420211792,1.154971957206726,-0.8033978343009949,-0.760176420211792
10424,77031904,88,2,0.37732662242931925,0.0,0.0,0,False,0.38836321234703064,-0.7642579078674316,-0.5951786041259766,0.49158933758735657,0.42679569125175476,-0.5951786041259766,0.8060281872749329,0.3995439410209656,-0.5951786041259766,0.7028020620346069,-0.7915096879005432,-0.5951786041259766
10424,77031904,88,3,0.05877447377746403,0.0,0.0,0,False,1.0069482326507568,-0.24866874516010284,-0.5927231907844543,1.0385870933532715,0.11638926714658737,-0.5927231907844543,1.1983871459960938,0.10253973305225372,-0.5927231907844543,1.166748285293579,-0.2625182867050171,-0.5927231907844543
10424,77031904,88,4,0.21904072636532135,0.0,0.0,0,False,0.7064513564109802,-0.7736256718635559,-0.6710388660430908,0.8229162096977234,0.5701805949211121,-0.6710388660430908,0.9847012162208557,0.5561590194702148,-0.6710388660430908,0.8682363629341125,-0.7876472473144531,-0.6710388660430908
10424,77031904,88,5,2.592051492047985,0.0,0.0,0,False,0.5198025107383728,0.7765504717826843,-0.5036498308181763,0.3736427128314972,-0.9098842144012451,-0.5036498308181763,-1.1518992185592651,-0.7776687145233154,-0.5036498308181763,-1.005739450454712,0.9087660312652588,-0.5036498308181763
10424,77031904,88,6,0.22212277902736233,0.0,0.0,0,False,-1.1216450929641724,-0.6362902522087097,-0.5036498308181763,0.42086872458457947,-0.769976794719696,-0.5036498308181763,0.40848153829574585,-0.9129037261009216,-0.5036498308181763,-1.1340323686599731,-0.7792171835899353,-0.5036498308181763
10424,77031904,88,7,0.5752464733249898,0.0,0.0,0,False,0.5648558139801025,0.42064493894577026,-0.5036498308181763,-1.0339354276657104,0.5592088103294373,-0.5036498308181763,-1.0029847621917725,0.9163272380828857,-0.5036498308181763,0.5958065390586853,0.7777633666992188,-0.5036498308181763
10424,77031904,88,8,0.28902105113048293,0.0,0.0,0,False,0.5668257474899292,0.5933739542961121,-0.5036498308181763,-0.979559063911438,0.7273958921432495,-0.5036498308181763,-0.9634814858436584,0.9129036068916321,-0.5036498308181763,0.582903265953064,0.7788816690444946,-0.5036498308181763
10424,176889539,89,0,1.3991111381887864,0.6993944048881531,0.0,1,True,3.000999927520752,0.0,0.0,-0.9998957514762878,0.014439576305449009,0.0,-0.9998957514762878,0.014439576305449009,-0.6993944048881531,-0.9998957514762878,0.014439576305449009,-0.6993944048881531
10424,176889539,89,1,0.18685687887829072,0.0,0.0,0,False,0.8656685948371887,0.18006256222724915,-0.7693943977355957,0.8743939995765686,0.784268856048584,-0.7693943977355957,1.1835895776748657,0.7798037528991699,-0.7693943977355957,1.1748641729354858,0.1755974292755127,-0.7693943977355957
10424,176889539,89,2,0.04611301937352508,0.0,0.0,0,False,1.0302354097366333,-0.22493121027946472,-0.593665599822998,1.034999966621399,0.10500000417232513,-0.593665599822998,1.1747363805770874,0.1029820591211319,-0.593665599822998,1.1699718236923218,-0.22694915533065796,-0.593665599822998
10424,176889539,89,3,0.38011331692482564,0.0,0.0,0,False,0.858675479888916,0.7795136570930481,-0.6651225686073303,0.8398337364196777,-0.5252141952514648,-0.6651225686073303,0.5485591888427734,-0.5210078954696655,-0.6651225686073303,0.5674008727073669,0.7837200164794922,-0.6651225686073303
10424,176889539,89,4,0.45566699797721455,0.0,0.0,0,False,1.0338199138641357,0.17698444426059723,-0.6651225686073303,1.0199719667434692,-0.7819491028785706,-0.6651225686073303,0.5448899865150452,-0.7750884294509888,-0.6651225686073303,0.5587380528450012,0.18384511768817902,-0.6651225686073303
10424,176889539,89,5,0.17144624619038673,0.0,0.0,0,False,0.7200593948364258,-0.22088514268398285,-0.6651225686073303,1.0280100107192993,-0.22533227503299713,-0.6651225686073303,1.0199718475341797,-0.7819491028785706,-0.6651225686073303,0.7120212316513062,-0.7775020003318787,-0.6651225686073303
10424,276903508,90,0,1.3822497928786306,0.6909523010253906,2.168404344971009e-19,1,True,3.000999927520752,0.0,0.0,-0.9999989867210388,0.0014420561492443085,0.0,-0.9999989867210388,0.0014420561492443085,-0.6909523010253906,-0.9999989867210388,0.0014420561492443085,-0.6909523010253906
10424,276903508,90,1,0.1802138124897219,0.0,0.0,0,False,0.8695027828216553,0.18015214800834656,-0.7609522938728333,0.8703684210777283,0.7804321646690369,-0.7609522938728333,1.1705840826034546,0.7799991965293884,-0.7609522938728333,1.1697183847427368,0.1797192245721817,-0.7609522938728333
10424,276903508,90,2,0.04598128226250919,0.0,0.0,0,False,1.0347836017608643,-0.22499969601631165,-0.5882578492164612,1.0352740287780762,0.11505729705095291,-0.5882578492164612,1.1704901456832886,0.11486230790615082,-0.5882578492164612,1.1699997186660767,-0.22519469261169434,-0.5882578492164612
10424,276903508,90,3,0.18047653235399164,0.0,0.0,0,False,0.8554975390434265,0.5249559879302979,-0.6851485967636108,0.8540481925010681,-0.48010683059692383,-0.6851485967636108,0.6744811534881592,-0.47984787821769714,-0.6851485967636108,0.6759305000305176,0.5252149701118469,-0.6851485967636108
10424,276903508,90,4,0.42149872659772036,0.0,0.0,0,False,0.8549094200134277,0.5671448111534119,-0.5051485300064087,-1.125302791595459,0.570000410079956,-0.5051485300064087,-1.1249958276748657,0.7828552722930908,-0.5051485300064087,0.8552163243293762,0.7799997329711914,-0.5051485300064087
10424,276903508,90,5,2.813241179918542,0.0,0.0,0,False,0.6753677725791931,0.7799995541572571,-0.5051485300064087,0.6731144189834595,-0.7825930118560791,-0.5051485300064087,-1.1272495985031128,-0.7799967527389526,-0.5051485300064087,-1.1249961853027344,0.7825957536697388,-0.5051485300064087
10424,276903508,90,6,0.590064779679393,0.0,0.0,0,False,-1.1249964237213135,-0.47746920585632324,-0.5051485300064087,0.8254322409629822,-0.48028185963630676,-0.5051485300064087,0.8249959945678711,-0.7828120589256287,-0.5051485300064087,-1.1254327297210693,-0.7799993753433228,-0.5051485300064087
10424,377112309,91,0,1.4123306667923206,0.706041693687439,0.0,1,True,3.000999927520752,0.0,0.0,-0.9996007680892944,0.028254205361008644,0.0,-0.9996007680892944,0.028254205361008644,-0.706041693687439,-0.9996007680892944,0.028254205361008644,-0.706041693687439
10424,377112309,91,1,0.18520117924063006,0.0,0.0,0,False,0.8641224503517151,0.18016614019870758,-0.7760416865348816,0.8813077211380005,0.7881600260734558,-0.7760416865348816,1.185674786567688,0.779556930065155,-0.7760416865348816,1.1684895753860474,0.1715630441904068,-0.7760416865348816
10424,377112309,91,2,0.05253734902852747,0.0,0.0,0,False,1.0158114433288574,-0.2231856882572174,-0.5950720906257629,1.0255193710327148,0.12026797980070114,-0.5950720906257629,1.1783649921417236,0.11594771593809128,-0.5950720906257629,1.1686571836471558,-0.22750593721866608,-0.5950720906257629
10424,377112309,91,3,0.288223175035756,0.0,0.0,0,False,0.8729655146598816,0.5249161720275879,-0.6598631143569946,0.8448972105979919,-0.46810629963874817,-0.6598631143569946,0.5548804998397827,-0.4599088430404663,-0.6598631143569946,0.5829488635063171,0.5331136584281921,-0.6598631143569946
10424,377112309,91,4,0.5049455692272513,0.0,0.0,0,False,0.8533190488815308,0.5255292654037476,-0.5064756274223328,-1.1306076049804688,0.5816060304641724,-0.5064756274223328,-1.1234192848205566,0.8359211087226868,-0.5064756274223328,0.8605074286460876,0.779844343662262,-0.5064756274223328
10424,377112309,91,5,2.7452487844463906,0.0,0.0,0,False,0.5797438025474548,0.7797245383262634,-0.5064756274223328,0.5342957377433777,-0.8281728029251099,-0.5064756274223328,-1.1716945171356201,-0.7799521088600159,-0.5064756274223328,-1.126246452331543,0.8279452919960022,-0.5064756274223328
10424,377112309,91,6,0.7345300254335552,0.0,0.0,0,False,-1.161287546157837,-0.41176658868789673,-0.5064756274223328,0.8321197628974915,-0.4681113362312317,-0.5064756274223328,0.8217127919197083,-0.836296796798706,-0.5064756274223328,-1.1716945171356201,-0.7799521088600159,-0.5064756274223328
10424,476913361,92,0,0.346815793436217,0.6929419636726379,1.3877787807814457e-17,1,True,0.0010000000474974513,0.0,0.0,-0.9952307939529419,-0.09754802286624908,0.0,-0.9952307939529419,-0.09754802286624908,-0.6929419636726379,-0.9952307939529419,-0.09754802286624908,-0.6929419636726379
10424,476913361,92,1,0.5499881999519332,0.0,0.0,0,False,1.1309940814971924,0.8144028186798096,-0.7629419565200806,1.2861542701721191,-0.7686151266098022,-0.7629419565200806,0.942030131816864,-0.802344560623169,-0.7629419565200806,0.7868698835372925,0.7806733846664429,-0.7629419565200806
10424,476913361,92,2,2.9803049539624045,0.0,0.0,0,False,0.5242140293121338,0.9445888996124268,-0.5076643228530884,0.6947895884513855,-0.7957030534744263,-0.5076643228530884,-1.00144624710083,-0.9619603753089905,-0.5076643228530884,-1.172021746635437,0.7783315777778625,-0.5076643228530884
10424,476913361,92,3,0.21181411842007503,0.0,0.0,0,False,0.7201146483421326,-0.4902804493904114,-0.697882354259491,0.6113535761833191,0.6193509101867676,-0.697882354259491,0.8004240989685059,0.6378827095031738,-0.697882354259491,0.9091851711273193,-0.47174862027168274,-0.697882354259491
10424,577076663,93,0,2.4845856797747023,0.7097822427749634,0.0,1,True,6.000999927520752,0.0,0.0,-0.9999768733978271,-0.00680028460919857,0.0,-0.9999768733978271,-0.00680028460919857,-0.7097822427749634,-0.9999768733978271,-0.00680028460919857,-0.7097822427749634
10424,577076663,93,1,0.1291779484795934,0.0,0.0,0,False,0.4965369701385498,-0.40600961446762085,-0.5757495164871216,0.4906201660633087,0.46405214071273804,-0.5757495164871216,0.6390831470489502,0.465061753988266,-0.5757495164871216,0.6449999809265137,-0.4050000011920929,-0.5757495164871216
10424,577076663,93,2,0.1507576783034974,0.0,0.0,0,False,0.9165418744087219,0.19327637553215027,-0.779782235622406,0.9125596284866333,0.7788612842559814,-0.779782235622406,1.1699957847595215,0.7806119322776794,-0.779782235622406,1.1739779710769653,0.19502705335617065,-0.779782235622406
10424,577076663,93,3,0.034545541574610095,0.0,0.0,0,False,1.1680598258972168,0.10529281944036484,-0.5814254879951477,1.1703059673309326,-0.22499790787696838,-0.5814254879951477,1.065719485282898,-0.22570912539958954,-0.5814254879951477,1.0634733438491821,0.10458157956600189,-0.5814254879951477
10424,577076663,93,4,0.11948473432577256,0.0,0.0,0,False,0.9122439026832581,0.7802873253822327,-0.6996268630027771,0.9163219332695007,0.18062104284763336,-0.6996268630027771,0.7170791029930115,0.179266095161438,-0.6996268630027771,0.7130010724067688,0.7789323925971985,-0.6996268630027771
10424,577076663,93,5,2.5367124311037204,0.0,0.0,0,False,0.4799257814884186,0.7909141778945923,-0.5057164430618286,0.49060335755348206,-0.7792137861251831,-0.5057164430618286,-1.1249306201934814,-0.7902001738548279,-0.5057164430618286,-1.135608196258545,0.7799278497695923,-0.5057164430618286
10424,577076663,93,6,0.710243102909736,0.0,0.0,0,False,-1.127445936203003,-0.4203226566314697,-0.5057164430618286,0.7784859538078308,-0.4073614776134491,-0.5057164430618286,0.7810200452804565,-0.7799929976463318,-0.5057164430618286,-1.1249117851257324,-0.79295414686203,-0.5057164430618286
10424,577076663,93,7,0.5608061192033276,0.0,0.0,0,False,0.6770330667495728,0.48103395104408264,-0.5057164430618286,-1.1249237060546875,0.46877986192703247,-0.5057164430618286,-1.1270400285720825,0.7799860835075378,-0.5057164430618286,0.6749167442321777,0.7922402024269104,-0.5057164430618286
10424,577076663,93,8,0.022338876670776386,0.0,0.0,0,False,0.7795870304107666,-0.5692887306213379,-0.5057164430618286,0.781019926071167,-0.7799929976463318,-0.5057164430618286,0.675004780292511,-0.7807139754295349,-0.5057164430618286,0.6735718846321106,-0.570009708404541,-0.5057164430618286
10424,577076663,93,9,0.022338860866652155,0.0,0.0,0,False,0.6735720634460449,-0.570009708404541,-0.5057164430618286,0.7795871496200562,-0.5692887902259827,-0.5057164430618286,0.7810199856758118,-0.7799929976463318,-0.5057164430618286,0.6750048995018005,-0.7807139754295349,-0.5057164430618286
10424,577076663,93,10,0.022338873468575215,0.0,0.0,0,False,0.6735720038414001,-0.570009708404541,-0.5057164430618286,0.7795871496200562,-0.5692887902259827,-0.5057164430618286,0.7810200452804565,-0.7799929976463318,-0.5057164430618286,0.6750048995018005,-0.7807139754295349,-0.5057164430618286
10424,677019465,94,0,1.3125776008058712,0.6561693549156189,0.0,1,True,3.000999927520752,0.0,0.0,-0.9996376633644104,-0.02691657282412052,0.0,-0.9996376633644104,-0.02691657282412052,-0.6561693549156189,-0.9996376633644104,-0.02691657282412052,-0.6561693549156189
10424,677019465,94,1,0.2640363550819522,0.0,0.0,0,False,0.642216682434082,-0.7837099432945251,-0.6320187449455261,0.6001443266868591,0.778792142868042,-0.6320187449455261,0.7690049409866333,0.7833389043807983,-0.6320187449455261,0.8110772967338562,-0.7791631817817688,-0.6320187449455261
10424,677019465,94,2,0.03362235391823254,0.0,0.0,0,False,0.4678686559200287,-0.22653831541538239,-0.5555623173713684,0.4549534022808075,0.25311389565467834,-0.5555623173713684,0.5249999761581421,0.2549999952316284,-0.5555623173713684,0.5379152297973633,-0.2246522307395935,-0.5555623173713684
10424,677019465,94,3,0.624683132828979,0.0,0.0,0,False,0.8124293684959412,-0.7843774557113647,-0.7261693477630615,0.7703461647033691,0.7785282731056213,-0.7261693477630615,1.1697499752044678,0.7892827391624451,-0.7261693477630615,1.2118332386016846,-0.773622989654541,-0.7261693477630615
10424,677019465,94,4,2.585166445459623,0.0,0.0,0,False,0.4384443759918213,0.8233094215393066,-0.5033320784568787,0.4816143810749054,-0.7799565196037292,-0.5033320784568787,-1.129655122756958,-0.8233420252799988,-0.5033320784568787,-1.1728250980377197,0.7799239158630371,-0.5033320784568787
10424,677019465,94,5,0.9170513346074589,0.0,0.0,0,False,-1.1386789083480835,-0.2719838619232178,-0.5033320784568787,0.5238479971885681,-0.2272184044122696,-0.5033320784568787,0.5386897325515747,-0.7784196734428406,-0.5033320784568787,-1.1238371133804321,-0.82318514585495,-0.5033320784568787
10424,677019465,94,6,0.963751694577268,0.0,0.0,0,False,0.5346568822860718,0.2563599646091461,-0.5033320784568787,-1.1575006246566772,0.2107963114976883,-0.5033320784568787,-1.1728252172470093,0.7799238562583923,-0.5033320784568787,0.5193323493003845,0.825487494468689,-0.5033320784568787
10424,777272600,95,0,1.7498310107020303,0.6997945308685303,0.0,1,True,4.000999927520752,0.0,0.0,-0.9999814629554749,-0.006090561859309673,0.0,-0.9999814629554749,-0.006090561859309673,-0.6997945308685303,-0.9999814629554749,-0.006090561859309673,-0.6997945308685303
10424,777272600,95,1,0.09963654586669435,0.0,0.0,0,False,0.5253081917762756,-0.42560723423957825,-0.5835500359535217,0.5202510952949524,0.4046970009803772,-0.5835500359535217,0.6402466893196106,0.40542784333229065,-0.5835500359535217,0.6453037858009338,-0.4248763918876648,-0.5835500359535217
10424,777272600,95,2,0.22375849274792525,0.0,0.0,0,False,0.8264656662940979,0.1343694031238556,-0.7697945237159729,0.8225433826446533,0.7783404588699341,-0.7697945237159729,1.169997215270996,0.7804567217826843,-0.7697945237159729,1.173919439315796,0.13648566603660583,-0.7697945237159729
10424,777272600,95,3,0.047765960501676474,0.0,0.0,0,False,1.026528000831604,-0.22587384283542633,-0.590347945690155,1.0245131254196167,0.1049361303448677,-0.590347945690155,1.1688987016677856,0.10581553727388382,-0.590347945690155,1.170913577079773,-0.22499443590641022,-0.590347945690155
10424,777272600,95,4,0.04958601684334729,0.0,0.0,0,False,0.7950000762939453,0.5249999761581421,-0.667391300201416,0.7974661588668823,0.12010638415813446,-0.667391300201416,0.6750039458274841,0.11936049163341522,-0.667391300201416,0.6725378036499023,0.5242540836334229,-0.667391300201416
10424,777272600,95,5,2.663383857866137,0.0,0.0,0,False,0.5172631740570068,0.7902765274047852,-0.5086027383804321,0.5268232226371765,-0.7793493866920471,-0.5086027383804321,-1.1699409484863281,-0.7896838188171387,-0.5086027383804321,-1.1795010566711426,0.7799420952796936,-0.5086027383804321
10424,777272600,95,6,0.5847252776024252,0.0,0.0,0,False,-1.1718237400054932,-0.48055925965309143,-0.5086027383804321,0.7196592092514038,-0.46903902292251587,-0.5086027383804321,0.7215419411659241,-0.7781634330749512,-0.5086027383804321,-1.1699410676956177,-0.7896836996078491,-0.5086027383804321
10424,777272600,95,7,0.6663007666329648,0.0,0.0,0,False,0.6321869492530823,0.42092692852020264,-0.5086027383804321,-1.168385624885559,0.40996038913726807,-0.5086027383804321,-1.1706393957138062,0.7799960374832153,-0.5086027383804321,0.62993323802948,0.7909625768661499,-0.5086027383804321
10424,777272600,95,8,0.5038585732958918,0.0,0.0,0,False,0.7215531468391418,0.5250094532966614,-0.5086027383804321,-1.1690162420272827,0.5134943723678589,-0.5086027383804321,-1.1706393957138062,0.7799960374832153,-0.5086027383804321,0.7199299335479736,0.7915111184120178,-0.5086027383804321
10424,876929860,96,0,1.05689630668155,0.704400360584259,0.0,1,True,2.000999927520752,0.0,0.0,-0.9997597932815552,0.0219180379062891,0.0,-0.9997597932815552,0.0219180379062891,-0.704400360584259,-0.9997597932815552,0.0219180379062891,-0.704400360584259
10424,876929860,96,1,0.2024024095267034,0.0,0.0,0,False,0.446271687746048,-0.7792606353759766,-0.5664923787117004,0.4726392328739166,0.42344987392425537,-0.5664923787117004,0.6408469080924988,0.41976219415664673,-0.5664923787117004,0.6144794225692749,-0.7829483151435852,-0.5664923787117004
10424,876929860,96,2,0.16168112630702502,0.0,0.0,0,False,1.1788530349731445,0.7788193821907043,-0.7744003534317017,1.165611743927002,0.17483462393283844,-0.7744003534317017,0.8980495929718018,0.18070048093795776,-0.7744003534317017,0.9112908840179443,0.7846851944923401,-0.7744003534317017
10424,876929860,96,3,0.04742721564995911,0.0,0.0,0,False,1.0294339656829834,-0.22389142215251923,-0.5864092707633972,1.0368818044662476,0.11583568155765533,-0.5864092707633972,1.176418662071228,0.11277657002210617,-0.5864092707633972,1.1689707040786743,-0.2269505262374878,-0.5864092707633972
10424,876929860,96,4,0.1296747808792187,0.0,0.0,0,False,0.8981403708457947,0.77938312292099,-0.6640210747718811,0.8849135041236877,0.17605572938919067,-0.6640210747718811,0.6700840592384338,0.18076547980308533,-0.6640210747718811,0.6833109259605408,0.7840928435325623,-0.6640210747718811
10424,876929860,96,5,2.579956255300739,0.0,0.0,0,False,0.48000001907348633,0.7800000905990601,-0.5040523409843445,0.44502320885658264,-0.815406858921051,-0.5040523409843445,-1.1713147163391113,-0.779971182346344,-0.5040523409843445,-1.1363379955291748,0.8154357671737671,-0.5040523409843445
10424,876929860,96,6,0.5559669398902223,0.0,0.0,0,False,0.5222351551055908,0.44388705492019653,-0.5040523409843445,-1.1315739154815674,0.4801441431045532,-0.5040523409843445,-1.1242073774337769,0.8161562085151672,-0.5040523409843445,0.5296016931533813,0.7798991799354553,-0.5040523409843445
10424,976924286,97,0,1.4846409323393204,0.5938134789466858,0.0,1,True,4.000999927520752,0.0,0.0,-0.9992016553878784,0.039949968457221985,0.0,-0.9992016553878784,0.039949968457221985,-0.5938134789466858,-0.9992016553878784,0.039949968457221985,-0.5938134789466858
10424,976924286,97,1,0.10765027940152994,0.0,0.0,0,False,0.48062947392463684,-0.1794254183769226,-0.5663953423500061,0.5149509310722351,0.6790000796318054,-0.5663953423500061,0.6401551365852356,0.6739941835403442,-0.5663953423500061,0.6058336496353149,-0.1844313144683838,-0.5663953423500061
10424,976924286,97,2,0.5419507454308352,0.0,0.0,0,False,0.5943370461463928,-0.516977071762085,-0.6638134717941284,0.6465258598327637,0.7883351445198059,-0.6638134717941284,1.061051845550537,0.7717616558074951,-0.6638134717941284,1.0088629722595215,-0.5335505604743958,-0.6638134717941284
10424,976924286,97,3,0.05061478209265635,0.0,0.0,0,False,1.027862548828125,-0.2535151541233063,-0.5943060517311096,1.042400598526001,0.11010164767503738,-0.5943060517311096,1.181376576423645,0.10454513132572174,-0.5943060517311096,1.166838526725769,-0.2590716779232025,-0.5943060517311096
10424,976924286,97,4,2.643475495358371,0.0,0.0,0,False,0.503345251083374,0.7790666222572327,-0.5051649808883667,0.4384396970272064,-0.8443083763122559,-0.5051649808883667,-1.187343955039978,-0.7793065309524536,-0.5051649808883667,-1.1224383115768433,0.8440685272216797,-0.5051649808883667
10424,976924286,97,5,1.1270637033709314,0.0,0.0,0,False,-1.1458097696304321,-0.1149698868393898,-0.5051649808883667,0.5464849472045898,-0.1826309859752655,-0.5051649808883667,0.5198996067047119,-0.8475653529167175,-0.5051649808883667,-1.17239511013031,-0.7799042463302612,-0.5051649808883667
10424,976924286,97,6,0.1652760139178131,0.0,0.0,0,False,0.5233959555625916,0.6798824071884155,-0.5051649808883667,-1.1263655424118042,0.7458428740501404,-0.5051649808883667,-1.1223665475845337,0.8458647727966309,-0.5051649808883667,0.5273950695991516,0.7799042463302612,-0.5051649808883667
10424,976924286,97,7,0.561478813309213,0.0,0.0,0,False,-1.1591508388519287,-0.44864827394485474,-0.5051649808883667,0.533143937587738,-0.5163092613220215,-0.5051649808883667,0.5198997855186462,-0.8475651741027832,-0.5051649808883667,-1.1723949909210205,-0.7799042463302612,-0.5051649808883667
10425,77267255,98,0,2.092988714463861,0.697546660900116,0.0,1,True,5.000999927520752,0.0,0.0,-0.9999999403953552,0.00039353271131403744,0.0,-0.9999999403953552,0.00039353271131403744,-0.697546660900116,-0.9999999403953552,0.00039353271131403744,-0.697546660900116
10425,77267255,98,1,0.1620467381229016,0.0,0.0,0,False,1.1702361106872559,0.7799999117851257,-0.7675466537475586,1.1699999570846558,0.17990554869174957,-0.7675466537475586,0.8999645709991455,0.1800118237733841,-0.7675466537475586,0.9002007246017456,0.7801061868667603,-0.7675466537475586
10425,77267255,98,2,0.032337233296044765,0.0,0.0,0,False,1.0748662948608398,-0.22499798238277435,-0.5869720578193665,1.0750000476837158,0.11500000208616257,-0.5869720578193665,1.1701101064682007,0.11496257036924362,-0.5869720578193665,1.1699763536453247,-0.2250354140996933,-0.5869720578193665
10425,77267255,98,3,0.28375678827031514,0.0,0.0,0,False,0.8703718781471252,0.4649467468261719,-0.6551235914230347,0.8700000047683716,-0.4800354242324829,-0.6551235914230347,0.5697226524353027,-0.4799172580242157,-0.6551235914230347,0.5700945258140564,0.4650649130344391,-0.6551235914230347
10425,77267255,98,4,0.28722052967117273,0.0,0.0,0,False,1.0051592588424683,0.17994682490825653,-0.6551235914230347,1.0048996210098267,-0.4800885021686554,-0.6551235914230347,0.569740355014801,-0.4799172878265381,-0.6551235914230347,0.5699999928474426,0.18011802434921265,-0.6551235914230347
10425,77267255,98,5,0.11096351223102996,0.0,0.0,0,False,0.5700001120567322,-0.2248287945985794,-0.6551235914230347,1.0049999952316284,-0.22499999403953552,-0.6551235914230347,1.0048996210098267,-0.4800885319709778,-0.6551235914230347,0.5698996782302856,-0.47991734743118286,-0.6551235914230347
10425,77267255,98,6,0.5865139631129139,0.0,0.0,0,False,0.8249406814575195,0.47923266887664795,-0.5086594223976135,-1.1251181364059448,0.4800000786781311,-0.5086594223976135,-1.124999761581421,0.7807673215866089,-0.5086594223976135,0.8250590562820435,0.7799999713897705,-0.5086594223976135
10425,77267255,98,7,2.645579088144075,0.0,0.0,0,False,0.5701594352722168,0.7799999713897705,-0.5086594223976135,0.5695452690124512,-0.7806668281555176,-0.5086594223976135,-1.1256139278411865,-0.7799997925758362,-0.5086594223976135,-1.124999761581421,0.7806670069694519,-0.5086594223976135
10425,177021932,99,0,1.3981459883009149,0.6989221572875977,3.469446951953614e-18,1,True,3.000999927520752,0.0,0.0,-0.9998177886009216,-0.019088760018348694,0.0,-0.9998177886009216,-0.019088760018348694,-0.6989221572875977,-0.9998177886009216,-0.019088760018348694,-0.6989221572875977
10425,177021932,99,1,0.18355852583250076,0.0,0.0,0,False,0.8758184909820557,0.1752425730228424,-0.7689221501350403,0.8642798662185669,0.7796043753623962,-0.7689221501350403,1.1678920984268188,0.7854010462760925,-0.7689221501350403,1.1794307231903076,0.1810392141342163,-0.7689221501350403
10425,177021932,99,2,0.04567585383535633,0.0,0.0,0,False,1.035902500152588,-0.2272738367319107,-0.5841530561447144,1.0295770168304443,0.10403730720281601,-0.5841530561447144,1.1673907041549683,0.10666847974061966,-0.5841530561447144,1.1737161874771118,-0.22464266419410706,-0.5841530561447144
10425,177021932,99,3,0.2739822228788711,0.0,0.0,0,False,0.867968738079071,0.5263931155204773,-0.6566743850708008,0.8885371088981628,-0.5509230494499207,-0.6566743850708008,0.6343105435371399,-0.555776834487915,-0.6566743850708008,0.6137421727180481,0.5215393304824829,-0.6566743850708008
10425,177021932,99,4,0.5217459526702033,0.0,0.0,0,False,0.6787216663360596,0.5250710248947144,-0.5028852820396423,-1.124343991279602,0.49064648151397705,-0.5028852820396423,-1.129866600036621,0.7799070477485657,-0.5028852820396423,0.6731989979743958,0.8143316507339478,-0.5028852820396423
10425,177021932,99,5,2.7593018908721323,0.0,0.0,0,False,0.6053130626678467,0.8130356073379517,-0.5028852820396423,0.6356326937675476,-0.775023877620697,-0.5028852820396423,-1.1012647151947021,-0.8081851601600647,-0.5028852820396423,-1.1315844058990479,0.779874324798584,-0.5028852820396423
10425,177021932,99,6,0.3943714924609232,0.0,0.0,0,False,-1.0836416482925415,-0.5892572402954102,-0.5028852820396423,0.6744405031204224,-0.5556915402412415,-0.5028852820396423,0.6787216663360596,-0.7799289226531982,-0.5028852820396423,-1.0793604850769043,-0.8134946823120117,-0.5028852820396423
10425,276939067,100,0,0.35061867589300244,0.700536847114563,0.0,1,True,0.0010000000474974513,0.0,0.0,-0.9999455809593201,-0.010433211922645569,0.0,-0.9999455809593201,-0.010433211922645569,-0.700536847114563,-0.9999455809593201,-0.010433211922645569,-0.700536847114563
10425,276939067,100,1,0.14697808869241147,0.0,0.0,0,False,0.9320588707923889,0.17767390608787537,-0.7705368399620056,0.9257797002792358,0.7794864177703857,-0.7705368399620056,1.1699788570404053,0.7820343375205994,-0.7705368399620056,1.1762579679489136,0.180221825838089,-0.7705368399620056
10425,276939067,100,2,0.4093535839604101,0.0,0.0,0,False,0.6792530417442322,-0.7826162576675415,-0.6675759553909302,0.6629732251167297,0.7776833772659302,-0.6675759553909302,0.9253004193305969,0.7804204225540161,-0.6675759553909302,0.9415802359580994,-0.7798792123794556,-0.6675759553909302
10425,276939067,100,3,0.04931356003089604,0.0,0.0,0,False,1.0368812084197998,-0.2552933692932129,-0.5836539268493652,1.033122181892395,0.10498040914535522,-0.5836539268493652,1.169985294342041,0.10640840977430344,-0.5836539268493652,1.1737443208694458,-0.25386539101600647,-0.5836539268493652
10425,276939067,100,4,2.7914180666985153,0.0,0.0,0,False,0.584804117679596,0.7973702549934387,-0.5082521438598633,0.6012471914291382,-0.7785784006118774,-0.5082521438598633,-1.169822096824646,-0.7970573306083679,-0.5082521438598633,-1.1862651109695435,0.7788913249969482,-0.5082521438598633
10425,376898493,101,0,1.6618262703880005,0.6774933934211731,5.551115123125783e-17,1,True,4.000999927520752,0.0,0.0,-0.8821485042572021,0.47097131609916687,0.0,-0.8821485042572021,0.47097131609916687,-0.6774933934211731,-0.8821485042572021,0.47097131609916687,-0.6774933934211731
10425,376898493,101,1,0.11628277209707728,0.04537683725357056,2.8189256484623115e-18,0,False,0.513935387134552,0.4580557942390442,-0.547904372215271,0.6699935793876648,0.43562251329421997,-0.5899035930633545,0.5694789886474609,-0.2699352502822876,-0.5865259766578674,0.41342079639434814,-0.24750196933746338,-0.5445267558097839
10425,376898493,101,2,0.4706835964378875,0.0,0.0,0,False,0.5091093182563782,-0.7285870909690857,-0.6499885320663452,0.6300000548362732,0.12000001966953278,-0.6499885320663452,1.1736342906951904,0.042553238570690155,-0.6499885320663452,1.0527435541152954,-0.8060338497161865,-0.6499885320663452
10425,376898493,101,3,0.3278228512944369,0.0,0.0,0,False,1.1514602899551392,0.049861256033182144,-0.7474933862686157,0.7001431584358215,0.11415642499923706,-0.7474933862686157,0.8015642166137695,0.8260769844055176,-0.7474933862686157,1.252881407737732,0.7617818117141724,-0.7474933862686157
10425,376898493,101,4,2.9640978208942084,0.0,0.0,0,False,0.5590728521347046,0.775145947933197,-0.5047961473464966,0.3084331452846527,-0.9842085838317871,-0.5047961473464966,-1.3428187370300293,-0.7489692568778992,-0.5047961473464966,-1.0921790599822998,1.010385274887085,-0.5047961473464966
10425,376898493,101,5,1.2296543456425828,0.0,0.0,0,False,-1.0594942569732666,-0.03669801726937294,-0.5047961473464966,0.5741238594055176,-0.2715297341346741,-0.5047961473464966,0.4681116044521332,-1.0090088844299316,-0.5047961473464966,-1.1655064821243286,-0.7741771936416626,-0.5047961473464966
10425,376898493,101,6,0.6464820393834643,0.0,0.0,0,False,0.7072803378105164,0.4312979280948639,-0.5047961473464966,-1.137015461921692,0.6964144706726074,-0.5047961473464966,-1.0876470804214478,1.0398483276367188,-0.5047961473464966,0.7566487789154053,0.7747318148612976,-0.5047961473464966
10425,376898493,101,7,0.4293775512920792,0.0,0.0,0,False,-1.1043659448623657,-0.5001595616340637,-0.5047961473464966,0.41404989361763,-0.7164748907089233,-0.5047961473464966,0.37456604838371277,-0.9936299324035645,-0.5047961473464966,-1.1438497304916382,-0.7773146033287048,-0.5047961473464966
10425,477063837,102,0,0.8713573158641359,0.5808720588684082,6.938893903907228e-18,1,True,2.000999927520752,0.0,0.0,-0.9987547397613525,0.04988924786448479,0.0,-0.9987547397613525,0.04988924786448479,-0.5808720588684082,-0.9987547397613525,0.04988924786448479,-0.5808720588684082
10425,477063837,102,1,0.44707515442746715,0.0,0.0,0,False,0.9587755799293518,0.32331767678260803,-0.6508720517158508,0.902459442615509,-0.8040995001792908,-0.6508720517158508,0.5068983435630798,-0.7843406200408936,-0.6508720517158508,0.5632144212722778,0.34307655692100525,-0.6508720517158508
10425,477063837,102,2,0.05004459633226599,0.0,0.0,0,False,1.0201637744903564,-0.22201107442378998,-0.5872085690498352,1.0368307828903198,0.11165197193622589,-0.5872085690498352,1.1864428520202637,0.10417863726615906,-0.5872085690498352,1.1697759628295898,-0.2294844090938568,-0.5872085690498352
10425,477063837,102,3,0.7574757753263324,0.0,0.0,0,False,0.6260030269622803,0.33998382091522217,-0.5050849318504333,-1.0946890115737915,0.4259350001811981,-0.5050849318504333,-1.0727542638778687,0.8650550842285156,-0.5050849318504333,0.6479377746582031,0.7791039347648621,-0.5050849318504333
10425,477063837,102,4,2.726614915197562,0.0,0.0,0,False,0.5849481225013733,0.7792532444000244,-0.5050849318504333,0.5029991269111633,-0.8613207936286926,-0.5050849318504333,-1.1548526287078857,-0.778508722782135,-0.5050849318504333,-1.0729036331176758,0.862065315246582,-0.5050849318504333
10425,576963763,103,0,2.4209444591427656,0.6917584538459778,0.0,1,True,6.000999927520752,0.0,0.0,-0.998124897480011,0.06121063604950905,0.0,-0.998124897480011,0.06121063604950905,-0.6917584538459778,-0.998124897480011,0.06121063604950905,-0.6917584538459778
10425,576963763,103,1,0.33630947685046486,0.0,0.0,0,False,0.7626969814300537,0.4081827700138092,-0.5796439051628113,0.689044713973999,-0.7928198575973511,-0.5796439051628113,0.4100699722766876,-0.7757115364074707,-0.5796439051628113,0.4837222099304199,0.4252910614013672,-0.5796439051628113
10425,576963763,103,2,0.17388086278108172,0.0,0.0,0,False,1.197779893875122,-0.26701024174690247,-0.7617584466934204,1.1660531759262085,-0.7843574285507202,-0.7617584466934204,0.8312115669250488,-0.7638230323791504,-0.7617584466934204,0.8629382252693176,-0.24647587537765503,-0.7617584466934204
10425,576963763,103,3,0.14213409065747662,0.0,0.0,0,False,0.7058988213539124,-0.6695358157157898,-0.6446645259857178,0.7727426290512085,0.420445054769516,-0.6446645259857178,0.9026545882225037,0.41247811913490295,-0.6446645259857178,0.8358107805252075,-0.6775027513504028,-0.6446645259857178
10425,576963763,103,4,0.2722269809633202,0.0,0.0,0,False,1.1534264087677002,-0.250660240650177,-0.6446645259857178,0.7331671714782715,-0.22488759458065033,-0.6446645259857178,0.7727426290512085,0.4204450845718384,-0.6446645259857178,1.1930018663406372,0.3946724236011505,-0.6446645259857178
10425,576963763,103,5,0.05911836207901633,0.0,0.0,0,False,0.8552424907684326,-0.18185466527938843,-0.6446645259857178,0.8248876333236694,-0.676832914352417,-0.6446645259857178,0.7058988213539124,-0.6695358753204346,-0.6446645259857178,0.7362537384033203,-0.17455759644508362,-0.6446645259857178
10425,576963763,103,6,0.5936576647239784,0.0,0.0,0,False,0.5664593577384949,0.4222644865512848,-0.5037392973899841,-1.0920215845108032,0.5239717960357666,-0.5037392973899841,-1.0701521635055542,0.8805832862854004,-0.5037392973899841,0.5883287787437439,0.778876006603241,-0.5037392973899841
10425,576963763,103,7,2.6161677359181734,0.0,0.0,0,False,0.5027042031288147,0.7786076068878174,-0.5037392973899841,0.40121257305145264,-0.8763555884361267,-0.5037392973899841,-1.1736657619476318,-0.7797752022743225,-0.5037392973899841,-1.072174072265625,0.8751879930496216,-0.5037392973899841
10425,576963763,103,8,0.1590691504459807,0.0,0.0,0,False,-1.1675447225570679,-0.679962694644928,-0.5037392973899841,0.42016372084617615,-0.7773300409317017,-0.5037392973899841,0.4140426516532898,-0.8771425485610962,-0.5037392973899841,-1.1736657619476318,-0.7797752022743225,-0.5037392973899841
10425,676912982,104,0,2.8350559012551195,0.7086998820304871,0.0,1,True,7.000999927520752,0.0,0.0,-0.9996840953826904,-0.02513428032398224,0.0,-0.9996840953826904,-0.02513428032398224,-0.7086998820304871,-0.9996840953826904,-0.02513428032398224,-0.7086998820304871
10425,676912982,104,1,0.2000243028293795,0.0,0.0,0,False,0.48015162348747253,-0.7860302925109863,-0.6016285419464111,0.4597424864768982,0.025719355791807175,-0.6016285419464111,0.7059981226921082,0.03191075846552849,-0.6016285419464111,0.7264072895050049,-0.7798389196395874,-0.6016285419464111
10425,676912982,104,2,0.1554618172779798,0.0,0.0,0,False,0.9223315715789795,0.1883959323167801,-0.7786998748779297,0.9075663685798645,0.7756646275520325,-0.7786998748779297,1.1721192598342896,0.7823160290718079,-0.7786998748779297,1.1868844032287598,0.19504737854003906,-0.7786998748779297
10425,676912982,104,3,0.047420142032243984,0.0,0.0,0,False,1.0350853204727173,-0.22839206457138062,-0.5905168056488037,1.0267651081085205,0.10253015905618668,-0.5905168056488037,1.1699715852737427,0.1061306819319725,-0.5905168056488037,1.17829167842865,-0.2247915267944336,-0.5905168056488037
10425,676912982,104,4,0.22431108331310323,0.0,0.0,0,False,0.7390437722206116,-0.682440996170044,-0.7121540307998657,0.7200000286102295,0.07500000298023224,-0.7121540307998657,1.0159562826156616,0.08244099467992783,-0.7121540307998657,1.034999966621399,-0.675000011920929,-0.7121540307998657
10425,676912982,104,5,0.1578456203159141,0.0,0.0,0,False,0.8886274695396423,0.03911394998431206,-0.7121540307998657,0.6760367155075073,0.03376895561814308,-0.7121540307998657,0.6573807597160339,0.7757856249809265,-0.7121540307998657,0.8699715733528137,0.7811306118965149,-0.7121540307998657
10425,676912982,104,6,0.15784564995409234,0.0,0.0,0,False,0.8699715733528137,0.7811306715011597,-0.7121540307998657,0.8886274695396423,0.03911394625902176,-0.7121540307998657,0.6760366559028625,0.03376895189285278,-0.7121540307998657,0.6573807597160339,0.7757856249809265,-0.7121540307998657
10425,676912982,104,7,0.03415263331004037,0.0,0.0,0,False,0.673052966594696,0.1974399834871292,-0.7121540307998657,1.014471411705017,0.20602399110794067,-0.7121540307998657,1.0169848203659058,0.10605558753013611,-0.7121540307998657,0.6755663752555847,0.09747157245874405,-0.7121540307998657
10425,676912982,104,8,0.25678549041498133,0.0,0.0,0,False,1.0149391889572144,0.18741551041603088,-0.7121540307998657,1.0366214513778687,-0.6749592423439026,-0.7121540307998657,0.7390440106391907,-0.6824410557746887,-0.7121540307998657,0.7173617482185364,0.17993366718292236,-0.7121540307998657
10425,676912982,104,9,0.22057418055258537,0.0,0.0,0,False,0.7350000143051147,-0.26999998092651367,-0.7121540307998657,1.1584182977676392,-0.25935426354408264,-0.7121540307998657,1.171507477760315,-0.7799620628356934,-0.7121540307998657,0.7480893135070801,-0.7906078100204468,-0.7121540307998657
10425,676912982,104,10,2.5477820780126983,0.0,0.0,0,False,0.41899558901786804,0.8199508190155029,-0.5055710673332214,0.4591970145702362,-0.7790144681930542,-0.5055710673332214,-1.133190631866455,-0.8190505504608154,-0.5055710673332214,-1.1733920574188232,0.7799147367477417,-0.5055710673332214
10425,777045075,105,0,2.169124394834624,0.7229504585266113,3.469446951953614e-18,1,True,5.000999927520752,0.0,0.0,-0.9997064471244812,-0.024229664355516434,0.0,-0.9997064471244812,-0.024229664355516434,-0.7229504585266113,-0.9997064471244812,-0.024229664355516434,-0.7229504585266113
10425,777045075,105,1,0.12487073573023677,0.0,0.0,0,False,0.9772946238517761,0.17532946169376373,-0.792950451374054,0.9626994132995605,0.7775206565856934,-0.792950451374054,1.169938325881958,0.782543420791626,-0.792950451374054,1.1845334768295288,0.18035225570201874,-0.792950451374054
10425,777045075,105,2,0.2908040737864468,0.0,0.0,0,False,0.7156373858451843,0.2735297679901123,-0.5782747864723206,0.7411591410636902,-0.7794872522354126,-0.5782747864723206,0.46515852212905884,-0.7861766219139099,-0.5782747864723206,0.439636766910553,0.266840398311615,-0.5782747864723206
10425,777045075,105,3,0.14491982925289548,0.0,0.0,0,False,0.9614948034286499,0.7822175621986389,-0.6994471549987793,0.9760635495185852,0.18111643195152283,-0.6994471549987793,0.7351145148277283,0.17527659237384796,-0.6994471549987793,0.7205457091331482,0.7763776779174805,-0.6994471549987793
10425,777045075,105,4,0.42025344990140745,0.0,0.0,0,False,0.7208298444747925,0.11965656280517578,-0.6994471549987793,1.1825557947158813,0.1308472901582718,-0.6994471549987793,1.204602599143982,-0.7787978053092957,-0.6994471549987793,0.7428767085075378,-0.7899885773658752,-0.6994471549987793
10425,777045075,105,5,0.27024080823314733,0.0,0.0,0,False,0.7427093982696533,-0.7830851674079895,-0.6994471549987793,0.7171964645385742,0.2695685029029846,-0.6994471549987793,0.9737691283226013,0.27578699588775635,-0.6994471549987793,0.9992820620536804,-0.7768666744232178,-0.6994471549987793
10425,777045075,105,6,0.14027768076945613,0.0,0.0,0,False,0.9409002065658569,0.3302641808986664,-0.6994471549987793,0.6301761269569397,0.3227332532405853,-0.6994471549987793,0.6192407608032227,0.7739223837852478,-0.6994471549987793,0.9299648404121399,0.7814533114433289,-0.6994471549987793
10425,777045075,105,7,2.4505708731492657,0.0,0.0,0,False,0.41911938786506653,0.8163339495658875,-0.5042522549629211,0.4577784240245819,-0.7787207961082458,-0.5042522549629211,-1.0776749849319458,-0.8159352540969849,-0.5042522549629211,-1.1163339614868164,0.7791194915771484,-0.5042522549629211
10425,877030169,106,0,1.7475609938307397,0.6988924741744995,0.0,1,True,4.000999927520752,0.0,0.0,-0.9999298453330994,0.011845986358821392,0.0,-0.9999298453330994,0.011845986358821392,-0.6988924741744995,-0.9999298453330994,0.011845986358821392,-0.6988924741744995
10425,877030169,106,1,0.10834511657275314,0.0,0.0,0,False,0.6860054731369019,0.40451425313949585,-0.6148726940155029,0.675000011920929,-0.5244668126106262,-0.6148726940155029,0.5583884716033936,-0.523085355758667,-0.6148726940155029,0.5693939328193665,0.4058957099914551,-0.6148726940155029
10425,877030169,106,2,0.38787797165220006,0.0,0.0,0,False,1.0205435752868652,0.7817705869674683,-0.6883938312530518,1.005033016204834,-0.5274882316589355,-0.6883938312530518,0.7088169455528259,-0.5239790081977844,-0.6883938312530518,0.7243274450302124,0.7852798104286194,-0.6883938312530518
10425,877030169,106,3,0.03792452466001839,0.0,0.0,0,False,1.1739088296890259,0.10495368391275406,-0.5924286246299744,1.1696299314498901,-0.25623953342437744,-0.5924286246299744,1.0646467208862305,-0.25499582290649414,-0.5924286246299744,1.0689257383346558,0.10619740933179855,-0.5924286246299744
10425,877030169,106,4,0.05401398826811388,0.0,0.0,0,False,0.9650007486343384,0.1356516033411026,-0.7688924670219421,0.971399188041687,0.6757535338401794,-0.7688924670219421,1.0713921785354614,0.6745689511299133,-0.7688924670219421,1.0649937391281128,0.1344669908285141,-0.7688924670219421
10425,877030169,106,5,0.6934321068202172,0.0,0.0,0,False,0.7185752987861633,0.40473470091819763,-0.5054941177368164,-1.1291862726211548,0.42662447690963745,-0.5054941177368164,-1.1247410774230957,0.8018540740013123,-0.5054941177368164,0.7230204939842224,0.77996426820755,-0.5054941177368164
10425,877030169,106,6,2.7042002333989394,0.0,0.0,0,False,0.5735535621643066,0.7799578905105591,-0.5054941177368164,0.5548372864723206,-0.7999006509780884,-0.5054941177368164,-1.1565948724746704,-0.779625654220581,-0.5054941177368164,-1.137878656387329,0.8002328872680664,-0.5054941177368164
10425,877030169,106,7,0.546078183211808,0.0,0.0,0,False,-1.1533302068710327,-0.5040512084960938,-0.5054941177368164,0.8279910087585449,-0.5275232195854187,-0.5054941177368164,0.8247263431549072,-0.8030977249145508,-0.5054941177368164,-1.1565948724746704,-0.779625654220581,-0.5054941177368164
10425,877030169,106,8,0.032288887685968604,0.0,0.0,0,False,0.6750210523605347,-0.5682231783866882,-0.5054941177368164,0.8274874687194824,-0.5700294375419617,-0.5054941177368164,0.8249789476394653,-0.7817767262458801,-0.5054941177368164,0.6725124716758728,-0.7799704670906067,-0.5054941177368164
10425,977002429,107,0,0.3534198714513962,0.7061336040496826,1.0842021724855044e-19,1,True,0.0010000000474974513,0.0,0.0,-0.9999997615814209,0.0007014989387243986,0.0,-0.9999997615814209,0.0007014989387243986,-0.7061336040496826,-0.9999997615814209,0.0007014989387243986,-0.7061336040496826
10425,977002429,107,1,0.1440605131462771,0.0,0.0,0,False,0.7357999086380005,0.41997841000556946,-0.6055331826210022,0.734957754611969,-0.7802104949951172,-0.6055331826210022,0.614926278591156,-0.7801262140274048,-0.6055331826210022,0.6157684326171875,0.4200626313686371,-0.6055331826210022
10425,977002429,107,2,0.14420446795782338,0.0,0.0,0,False,0.9297264218330383,0.1800001859664917,-0.7761335968971252,0.9301474690437317,0.7801682353019714,-0.7761335968971252,1.17042076587677,0.7799997329711914,-0.7761335968971252,1.1699998378753662,0.1798316389322281,-0.7761335968971252
10425,977002429,107,3,0.049984202775181785,0.0,0.0,0,False,1.0348737239837646,-0.25493675470352173,-0.5905905961990356,1.0351332426071167,0.11502796411514282,-0.5905905961990356,1.1702384948730469,0.11493318527936935,-0.5905905961990356,1.1699789762496948,-0.255031555891037,-0.5905905961990356
10425,977002429,107,4,2.647594365368519,0.0,0.0,0,False,-1.1260944604873657,-0.7799991965293884,-0.5043259859085083,-1.1249991655349731,0.7811892032623291,-0.5043259859085083,0.5708839297294617,0.7799994349479675,-0.5043259859085083,0.5697886943817139,-0.78118896484375,-0.5043259859085083
10425,977002429,107,5,0.07449962607564231,0.0,0.0,0,False,0.7750000357627869,-0.3249298334121704,-0.6946803331375122,0.7755228281021118,0.42006632685661316,-0.6946803331375122,0.875522792339325,0.41999614238739014,-0.6946803331375122,0.875,-0.32500001788139343,-0.6946803331375122
10426,77373689,108,0,1.4545961614009926,0.7271447777748108,0.0,1,True,3.000999927520752,0.0,0.0,-0.9997912049293518,0.020433828234672546,0.0,-0.9997912049293518,0.020433828234672546,-0.7271447777748108,-0.9997912049293518,0.020433828234672546,-0.7271447777748108
10426,77373689,108,1,0.07357316951867343,0.0,0.0,0,False,1.1819325685501099,0.7788364291191101,-0.7971447706222534,1.1699812412261963,0.1940806657075882,-0.7971447706222534,1.044215202331543,0.19665107131004333,-0.7971447706222534,1.056166410446167,0.781406819820404,-0.7971447706222534
10426,77373689,108,2,2.8850498180583983,0.0,0.0,0,False,-1.171225666999817,-0.7799748778343201,-0.5105237364768982,-1.1386667490005493,0.8130823969841003,-0.5105237364768982,0.671591579914093,0.776084303855896,-0.5105237364768982,0.6390326619148254,-0.8169729709625244,-0.5105237364768982
10426,77373689,108,3,0.18287799144004246,0.0,0.0,0,False,1.0322576761245728,0.7797495126724243,-0.7253495454788208,1.0198748111724854,0.17387117445468903,-0.7253495454788208,0.7181613445281982,0.18003758788108826,-0.7253495454788208,0.7305442690849304,0.7859159111976624,-0.7253495454788208
10426,77373689,108,4,0.44920074017104117,0.0,0.0,0,False,0.6804787516593933,0.19306324422359467,-0.7253495454788208,1.1446936130523682,0.1835756152868271,-0.7253495454788208,1.124924898147583,-0.7836772799491882,-0.7253495454788208,0.6607100367546082,-0.7741897106170654,-0.7253495454788208
10426,77373689,108,5,0.5609943212159294,0.0,0.0,0,False,0.6607099771499634,-0.7741895914077759,-0.7253495454788208,0.6926112771034241,0.7866912484169006,-0.7253495454788208,1.0518699884414673,0.7793487310409546,-0.7253495454788208,1.0199687480926514,-0.7815321087837219,-0.7253495454788208
10426,177059824,109,0,2.4282229737218812,0.6936806440353394,0.0,1,True,6.000999927520752,0.0,0.0,-0.9999794960021973,-0.006404459942132235,0.0,-0.9999794960021973,-0.006404459942132235,-0.6936806440353394,-0.9999794960021973,-0.006404459942132235,-0.6936806440353394
10426,177059824,109,1,0.09732678133300032,0.0,0.0,0,False,0.5955791473388672,0.4201638400554657,-0.5702852010726929,0.6002869606018066,-0.31490209698677063,-0.5702852010726929,0.46788686513900757,-0.3157500624656677,-0.5702852010726929,0.4631790816783905,0.4193158745765686,-0.5702852010726929
10426,177059824,109,2,0.18267757892622782,0.0,0.0,0,False,0.8700123429298401,0.17807871103286743,-0.763680636882782,0.8661617636680603,0.7793029546737671,-0.763680636882782,1.1699919700622559,0.7812488675117493,-0.763680636882782,1.1738425493240356,0.1800246238708496,-0.763680636882782
10426,177059824,109,3,0.03473201625692646,0.0,0.0,0,False,1.1699981689453125,0.10528819262981415,-0.5901848077774048,1.1721128225326538,-0.22489038109779358,-0.5901848077774048,1.0669255256652832,-0.22556406259536743,-0.5901848077774048,1.064810872077942,0.1046145111322403,-0.5901848077774048
10426,177059824,109,4,0.05901536415646724,0.0,0.0,0,False,0.8246139287948608,0.4802857041358948,-0.6696515083312988,0.8265370726585388,0.1800098419189453,-0.6696515083312988,0.6300079822540283,0.1787511557340622,-0.6696515083312988,0.6280848383903503,0.47902703285217285,-0.6696515083312988
10426,177059824,109,5,0.628309133771114,0.0,0.0,0,False,0.5723018646240234,0.4205911457538605,-0.5050877332687378,-1.1245498657226562,0.40972355008125305,-0.5050877332687378,-1.12692129611969,0.7799876928329468,-0.5050877332687378,0.5699304938316345,0.7908552885055542,-0.5050877332687378
10426,177059824,109,6,2.441072534980732,0.0,0.0,0,False,0.4199366569519043,0.7898946404457092,-0.5050877332687378,0.4299907386302948,-0.7799360156059265,-0.5050877332687378,-1.1249364614486694,-0.7898946404457092,-0.5050877332687378,-1.1349905729293823,0.7799360156059265,-0.5050877332687378
10426,177059824,109,7,0.9228801966661413,0.0,0.0,0,False,-1.1278795003890991,-0.3304027020931244,-0.5050877332687378,0.8679993152618408,-0.3176199495792389,-0.5050877332687378,0.8709606528282166,-0.7799938917160034,-0.5050877332687378,-1.1249181032180786,-0.7927766442298889,-0.5050877332687378
10426,177059824,109,8,0.06181284248403074,0.0,0.0,0,False,0.6283669471740723,-0.5250104069709778,-0.5050877332687378,0.8693177700042725,-0.5234672427177429,-0.5050877332687378,0.8709607124328613,-0.7799938917160034,-0.5050877332687378,0.6300098896026611,-0.7815370559692383,-0.5050877332687378
10426,177059824,109,9,0.6080536116732658,0.0,0.0,0,False,0.8269151449203491,0.4809729754924774,-0.5050877332687378,-1.124926209449768,0.46847227215766907,-0.5050877332687378,-1.12692129611969,0.7799876928329468,-0.5050877332687378,0.8249199986457825,0.7924883961677551,-0.5050877332687378
10426,177059824,109,10,0.06181283535210014,0.0,0.0,0,False,0.6283668875694275,-0.5250104665756226,-0.5050877332687378,0.8693177103996277,-0.5234672427177429,-0.5050877332687378,0.8709606528282166,-0.7799938917160034,-0.5050877332687378,0.6300098299980164,-0.7815370559692383,-0.5050877332687378
10426,276886542,110,0,1.4306416737979015,0.7151423692703247,0.0,1,True,3.000999927520752,0.0,0.0,-0.9999977350234985,0.0021149590611457825,0.0,-0.9999977350234985,0.0021149590611457825,-0.7151423692703247,-0.9999977350234985,0.0021149590611457825,-0.7151423692703247
10426,276886542,110,1,0.14431166134741957,0.0,0.0,0,False,0.9295874834060669,0.18000087141990662,-0.7851423621177673,0.9308575391769409,0.7805057168006897,-0.7851423621177673,1.1711736917495728,0.7799974679946899,-0.7851423621177673,1.1699036359786987,0.17949260771274567,-0.7851423621177673
10426,276886542,110,2,0.05016080458672745,0.0,0.0,0,False,1.0343971252441406,-0.25499871373176575,-0.5903831124305725,1.035179853439331,0.115084208548069,-0.5903831124305725,1.1707185506820679,0.11479755491018295,-0.5903831124305725,1.169935941696167,-0.255285382270813,-0.5903831124305725
10426,276886542,110,3,0.19940345770017487,0.0,0.0,0,False,0.887315571308136,0.5248681306838989,-0.6876848936080933,0.8849999904632568,-0.5699999928474426,-0.6876848936080933,0.7028752565383911,-0.5696147680282593,-0.6876848936080933,0.7051908373832703,0.5252533555030823,-0.6876848936080933
10426,276886542,110,4,0.4176354075887545,0.0,0.0,0,False,0.8249912261962891,0.5658757090568542,-0.5052973031997681,-1.1254440546035767,0.5700008869171143,-0.5052973031997681,-1.1249911785125732,0.7841241359710693,-0.5052973031997681,0.8254441022872925,0.7799989581108093,-0.5052973031997681
10426,276886542,110,5,2.819998985121643,0.0,0.0,0,False,0.6782993078231812,0.7799928784370422,-0.5052973031997681,0.6749919056892395,-0.7838069200515747,-0.5052973031997681,-1.1282992362976074,-0.7799929976463318,-0.5052973031997681,-1.1249918937683105,0.7838068008422852,-0.5052973031997681
10426,276886542,110,6,0.41744977309996045,0.0,0.0,0,False,-1.1249914169311523,-0.5659709572792053,-0.5052973031997681,0.8254439234733582,-0.5700960755348206,-0.5052973031997681,0.8249912858009338,-0.7841241359710693,-0.5052973031997681,-1.1254441738128662,-0.7799990177154541,-0.5052973031997681
10426,377111969,111,0,2.7765959394971835,0.6940633058547974,8.673617379884035e-19,1,True,7.000999927520752,0.0,0.0,-0.9999858736991882,0.005311597138643265,0.0,-0.9999858736991882,0.005311597138643265,-0.6940633058547974,-0.9999858736991882,0.005311597138643265,-0.6940633058547974
10426,377111969,111,1,0.2361517178591539,0.0,0.0,0,False,0.6947757005691528,0.2693372070789337,-0.5901588201522827,0.6891947388648987,-0.7813501358032227,-0.5901588201522827,0.46444183588027954,-0.7801562547683716,-0.5901588201522827,0.4700227379798889,0.27053102850914,-0.5901588201522827
10426,377111969,111,2,0.1813107870674897,0.0,0.0,0,False,0.8681691884994507,0.18032841384410858,-0.76406329870224,0.8713598847389221,0.7810285091400146,-0.76406329870224,1.173183798789978,0.779425323009491,-0.76406329870224,1.1699931621551514,0.1787252277135849,-0.76406329870224
10426,377111969,111,3,0.0388208404064696,0.0,0.0,0,False,1.1718032360076904,0.11448580771684647,-0.5977128744125366,1.1698393821716309,-0.2552381455898285,-0.5977128744125366,1.0648428201675415,-0.25468045473098755,-0.5977128744125366,1.066806674003601,0.1150435209274292,-0.5977128744125366
10426,377111969,111,4,0.12397254829408766,0.0,0.0,0,False,0.6997448801994324,-0.719334602355957,-0.6716644763946533,0.7050020694732666,0.27039834856987,-0.6716644763946533,0.8302571177482605,0.2697330117225647,-0.6716644763946533,0.8249999284744263,-0.7199999690055847,-0.6716644763946533
10426,377111969,111,5,0.0226310042790816,0.0,0.0,0,False,0.7799957394599915,0.26920321583747864,-0.6716644763946533,0.6296812891960144,0.2700016498565674,-0.6716644763946533,0.6304810047149658,0.4205551743507385,-0.6716644763946533,0.7807953953742981,0.4197567403316498,-0.6716644763946533
10426,377111969,111,6,0.113574939974177,0.0,0.0,0,False,1.0067527294158936,0.10499070584774017,-0.6716644763946533,1.0047523975372314,-0.2715921401977539,-0.6716644763946533,0.7031674385070801,-0.2699902355670929,-0.6716644763946533,0.7051677107810974,0.10659262537956238,-0.6716644763946533
10426,377111969,111,7,0.1433202084858829,0.0,0.0,0,False,0.7050872445106506,-0.25356632471084595,-0.6716644763946533,0.9777884483337402,-0.2550148069858551,-0.6716644763946533,0.9749970436096191,-0.7805576324462891,-0.6716644763946533,0.7022958397865295,-0.7791091799736023,-0.6716644763946533
10426,377111969,111,8,2.501374246665498,0.0,0.0,0,False,0.4700978100299835,0.7797338366508484,-0.504108726978302,0.461768239736557,-0.7884283661842346,-0.504108726978302,-1.1332859992980957,-0.7799559235572815,-0.504108726978302,-1.1249563694000244,0.7882062196731567,-0.504108726978302
10426,377111969,111,9,0.6005828011046832,0.0,0.0,0,False,0.5697131156921387,0.42599818110466003,-0.504108726978302,-1.1268324851989746,0.4350097179412842,-0.504108726978302,-1.1249521970748901,0.7890030741691589,-0.504108726978302,0.5715934634208679,0.7799915075302124,-0.504108726978302
10426,377111969,111,10,0.7783146227368611,0.0,0.0,0,False,0.5715934634208679,0.7799915075302124,-0.504108726978302,0.5691567063331604,0.3212401270866394,-0.504108726978302,-1.1273889541625977,0.33025169372558594,-0.504108726978302,-1.1249521970748901,0.7890030741691589,-0.504108726978302
10426,477030270,112,0,1.0892474047294343,0.7259462475776672,0.0,1,True,2.000999927520752,0.0,0.0,-0.9998557567596436,0.0169829148799181,0.0,-0.9998557567596436,0.0169829148799181,-0.7259462475776672,-0.9998557567596436,0.0169829148799181,-0.7259462475776672
10426,477030270,112,1,0.09372714384446379,0.0,0.0,0,False,1.013394832611084,0.18113131821155548,-0.7959462404251099,1.0236091613769531,0.7824864387512207,-0.7959462404251099,1.1794240474700928,0.779839813709259,-0.7959462404251099,1.1692098379135132,0.1784847527742386,-0.7959462404251099
10426,477030270,112,2,0.05181788218068739,0.0,0.0,0,False,1.0289216041564941,-0.2528585195541382,-0.5879948735237122,1.0351812839508057,0.11567632108926773,-0.5879948735237122,1.1757458448410034,0.11328878253698349,-0.5879948735237122,1.169486165046692,-0.25524604320526123,-0.5879948735237122
10426,477030270,112,3,0.3319363689585053,0.0,0.0,0,False,1.0225340127944946,0.7791925072669983,-0.7055764198303223,0.9987898468971252,-0.618716299533844,-0.7055764198303223,0.7614062428474426,-0.6146842241287231,-0.7055764198303223,0.785150408744812,0.7832245826721191,-0.7055764198303223
10426,477030270,112,4,0.26960607880558807,0.0,0.0,0,False,0.7449336647987366,0.11983127892017365,-0.6128108501434326,0.7295646071434021,-0.7850032448768616,-0.6128108501434326,0.4316887855529785,-0.7799437046051025,-0.6128108501434326,0.4470578730106354,0.12489084899425507,-0.6128108501434326
10426,477030270,112,5,1.0680826119947753,0.0,0.0,0,False,0.5662171840667725,0.15229293704032898,-0.5078544020652771,-1.1351710557937622,0.18119189143180847,-0.5078544020652771,-1.1245111227035522,0.8087821006774902,-0.5078544020652771,0.5768771171569824,0.779883086681366,-0.5078544020652771
10426,477030270,112,6,2.5080821430498172,0.0,0.0,0,False,0.4421597123146057,0.7796235680580139,-0.5078544020652771,0.4152243137359619,-0.8061614632606506,-0.5078544020652771,-1.1659224033355713,-0.7793048620223999,-0.5078544020652771,-1.1389869451522827,0.8064801692962646,-0.5078544020652771
10426,576875072,113,0,0.3464896316867683,0.6922869682312012,0.0,1,True,0.0010000000474974513,0.0,0.0,-0.9999892115592957,-0.004649933893233538,0.0,-0.9999892115592957,-0.004649933893233538,-0.6922869682312012,-0.9999892115592957,-0.004649933893233538,-0.6922869682312012
10426,576875072,113,1,0.18152572642891007,0.0,0.0,0,False,0.8704250454902649,0.1786070019006729,-0.7622869610786438,0.8676302433013916,0.779640257358551,-0.7622869610786438,1.1696465015411377,0.7810446619987488,-0.7622869610786438,1.1724412441253662,0.18001137673854828,-0.7622869610786438
10426,576875072,113,2,0.03471505382301032,0.0,0.0,0,False,1.1699970960617065,0.10562773793935776,-0.5885812044143677,1.171534538269043,-0.22499287128448486,-0.5885812044143677,1.0665371417999268,-0.22548110783100128,-0.5885812044143677,1.0649996995925903,0.10513950139284134,-0.5885812044143677
10426,576875072,113,3,2.666301111676386,0.0,0.0,0,False,-1.1699658632278442,-0.7873235940933228,-0.5042440295219421,-1.177250623703003,0.7792688012123108,-0.5042440295219421,0.524687647819519,0.7871828675270081,-0.5042440295219421,0.5319722890853882,-0.7794095277786255,-0.5042440295219421
10426,576875072,113,4,0.08566041134546731,0.0,0.0,0,False,0.8538126945495605,0.4803432822227478,-0.6673344373703003,0.855209231376648,0.18000099062919617,-0.6673344373703003,0.5700061321258545,0.17867480218410492,-0.6673344373703003,0.5686095356941223,0.47901707887649536,-0.6673344373703003
10426,677050041,114,0,0.3219842896521207,0.6433259844779968,6.938893903907228e-18,1,True,0.0010000000474974513,0.0,0.0,-0.9988521933555603,0.047899018973112106,0.0,-0.9988521933555603,0.047899018973112106,-0.6433259844779968,-0.9988521933555603,0.047899018973112106,-0.6433259844779968
10426,677050041,114,1,0.18623943544327126,0.0,0.0,0,False,0.7950688600540161,0.5578739047050476,-0.6246670484542847,0.7303366661071777,-0.7920047640800476,-0.6246670484542847,0.5926856994628906,-0.785403847694397,-0.6246670484542847,0.6574178338050842,0.5644748210906982,-0.6246670484542847
10426,677050041,114,2,0.35659768748093157,0.0,0.0,0,False,1.0473095178604126,0.6744097471237183,-0.7133259773254395,0.9771115183830261,-0.7894522547721863,-0.7133259773254395,0.73406982421875,-0.7777974605560303,-0.7133259773254395,0.8042677640914917,0.6860645413398743,-0.7133259773254395
10426,677050041,114,3,0.033831601944041,0.0,0.0,0,False,1.1806615591049194,0.10233080387115479,-0.586706280708313,1.1647697687149048,-0.22906504571437836,-0.586706280708313,1.0629158020019531,-0.22418072819709778,-0.586706280708313,1.0788075923919678,0.10721511393785477,-0.586706280708313
10426,677050041,114,4,2.825121442231211,0.0,0.0,0,False,-1.1497163772583008,-0.7788147926330566,-0.5037907361984253,-1.071053147315979,0.8615724444389343,-0.5037907361984253,0.6472238898277283,0.7791740894317627,-0.5037907361984253,0.5685606598854065,-0.8612131476402283,-0.5037907361984253
10426,777031342,115,0,0.34628813895236915,0.6918843984603882,0.0,1,True,0.0010000000474974513,0.0,0.0,-0.9999998211860657,0.0005861360114067793,0.0,-0.9999998211860657,0.0005861360114067793,-0.6918843984603882,-0.9999998211860657,0.0005861360114067793,-0.6918843984603882
10426,777031342,115,1,0.1799999511715762,0.0,0.0,0,False,0.8698592782020569,0.18000008165836334,-0.7618843913078308,0.8702110648155212,0.7801756858825684,-0.7618843913078308,1.1701231002807617,0.7799999117851257,-0.7618843913078308,1.1697713136672974,0.17982429265975952,-0.7618843913078308
10426,777031342,115,2,0.03235845762594414,0.0,0.0,0,False,1.074800729751587,-0.2249969244003296,-0.587627112865448,1.0750000476837158,0.11499999463558197,-0.587627112865448,1.1701728105545044,0.1149442121386528,-0.587627112865448,1.1699734926223755,-0.22505271434783936,-0.587627112865448
10426,777031342,115,3,2.7173814747508374,0.0,0.0,0,False,-1.170905590057373,-0.7799994349479675,-0.5041177272796631,-1.1699905395507812,0.7810199856758118,-0.5041177272796631,0.570782482624054,0.7799995541572571,-0.5041177272796631,0.5698674917221069,-0.7810198664665222,-0.5041177272796631
10426,777031342,115,4,0.14397883662422473,0.0,0.0,0,False,0.870175838470459,0.779991090297699,-0.6724728941917419,0.8698241114616394,0.17985942959785461,-0.6724728941917419,0.6299120783805847,0.18000005185604095,-0.6724728941917419,0.6302638649940491,0.7801316976547241,-0.6724728941917419
10426,876942644,116,0,1.9963844939368904,0.6654249429702759,0.0,1,True,5.000999927520752,0.0,0.0,-0.9991956949234009,-0.04009874165058136,0.0,-0.9991956949234009,-0.04009874165058136,-0.6654249429702759,-0.9991956949234009,-0.04009874165058136,-0.6654249429702759
10426,876942644,116,1,0.04225864374086585,0.0,0.0,0,False,0.7349035143852234,0.07740399241447449,-0.6412468552589417,0.7566359043121338,-0.4641317129135132,-0.6412468552589417,0.6787265539169312,-0.4672583043575287,-0.6412468552589417,0.6569941639900208,0.07427741587162018,-0.6412468552589417
10426,876942644,116,2,0.7209801023539377,0.0,0.0,0,False,0.7717351317405701,-0.7953807711601257,-0.7354249358177185,0.7090384364128113,0.7669187784194946,-0.7354249358177185,1.1697828769683838,0.7854089140892029,-0.7354249358177185,1.2324795722961426,-0.7768906354904175,-0.7354249358177185
10426,876942644,116,3,0.3269264997036647,0.0,0.0,0,False,1.1970447301864624,0.10608532279729843,-0.7354249358177185,0.7165655493736267,0.08680323511362076,-0.7354249358177185,0.6893036365509033,0.7661268711090088,-0.7354249358177185,1.1697827577590942,0.7854089140892029,-0.7354249358177185
10426,876942644,116,4,0.11727731014408693,0.0,0.0,0,False,0.793245255947113,-0.48127439618110657,-0.7354249358177185,1.1676422357559204,-0.46624940633773804,-0.7354249358177185,1.1801928281784058,-0.7789889574050903,-0.7354249358177185,0.8057958483695984,-0.7940139174461365,-0.7354249358177185
10426,876942644,116,5,2.880808503758118,0.0,0.0,0,False,0.6247740983963013,0.8502202033996582,-0.5052066445350647,0.6901720762252808,-0.7793910503387451,-0.5052066445350647,-1.0747742652893066,-0.8502202033996582,-0.5052066445350647,-1.1401722431182861,0.7793910503387451,-0.5052066445350647
10426,876942644,116,6,0.5618927021982714,0.0,0.0,0,False,-1.0872763395309448,-0.5386828780174255,-0.5052066445350647,0.7134352326393127,-0.46641823649406433,-0.5052066445350647,0.7259376049041748,-0.7779557704925537,-0.5052066445350647,-1.0747740268707275,-0.8502203822135925,-0.5052066445350647
10426,977089904,117,0,1.0448971390760964,0.6964084506034851,3.469446951953614e-18,1,True,2.000999927520752,0.0,0.0,-0.9997255802154541,-0.023425530642271042,0.0,-0.9997255802154541,-0.023425530642271042,-0.6964084506034851,-0.9997255802154541,-0.023425530642271042,-0.6964084506034851
10426,977089904,117,1,0.15970563643698643,0.0,0.0,0,False,0.9185704588890076,0.17762331664562225,-0.7664084434509277,0.9044778347015381,0.7790504693984985,-0.7664084434509277,1.1698765754699707,0.7852693200111389,-0.7664084434509277,1.1839691400527954,0.18384212255477905,-0.7664084434509277
10426,977089904,117,2,0.03508289051175906,0.0,0.0,0,False,1.1699506044387817,0.1071077212691307,-0.585518479347229,1.177728295326233,-0.2248189002275467,-0.585518479347229,1.0720915794372559,-0.2272941768169403,-0.585518479347229,1.0643138885498047,0.10463245213031769,-0.585518479347229
10426,977089904,117,3,0.35533582650202256,0.0,0.0,0,False,0.8749999403953552,0.5649999976158142,-0.666151225566864,0.9064712524414062,-0.7780909538269043,-0.666151225566864,0.6420506834983826,-0.7842868566513062,-0.666151225566864,0.6105794310569763,0.5588040947914124,-0.666151225566864
10426,977089904,117,4,0.4913460223829418,0.0,0.0,0,False,0.7250993251800537,0.5623762607574463,-0.5050726532936096,-1.1652686595916748,0.5180811882019043,-0.5050726532936096,-1.1713557243347168,0.7778593897819519,-0.5050726532936096,0.7190122604370117,0.8221544623374939,-0.5050726532936096
10426,977089904,117,5,2.8318903477488373,0.0,0.0,0,False,0.5984996557235718,0.8193305730819702,-0.5050726532936096,0.6359718441963196,-0.7798601388931274,-0.5050726532936096,-1.1338835954666138,-0.8213313221931458,-0.5050726532936096,-1.1713557243347168,0.7778593897819519,-0.5050726532936096
10427,76876081,118,0,1.4344510737355132,0.7171260714530945,6.938893903907228e-18,1,True,3.000999927520752,0.0,0.0,-0.9994065761566162,0.03444581851363182,0.0,-0.9994065761566162,0.03444581851363182,-0.7171260714530945,-0.9994065761566162,0.03444581851363182,-0.7171260714530945
10427,76876081,118,1,0.09691774320626134,0.0,0.0,0,False,1.0081231594085693,0.18040935695171356,-0.7871260643005371,1.028956413269043,0.7848612666130066,-0.7871260643005371,1.1891059875488281,0.779341459274292,-0.7871260643005371,1.168272852897644,0.17488959431648254,-0.7871260643005371
10427,76876081,118,2,0.3459487110110846,0.0,0.0,0,False,1.0287429094314575,0.7796986699104309,-0.7025201320648193,0.9748613834381104,-0.7836141586303711,-0.7025201320648193,0.7538318634033203,-0.7759960889816284,-0.7025201320648193,0.8077134490013123,0.7873167395591736,-0.7025201320648193
10427,76876081,118,3,0.2378207297194903,0.0,0.0,0,False,0.4942663311958313,-0.47170281410217285,-0.626553475856781,0.5266736745834351,0.4685612916946411,-0.626553475856781,0.7793033123016357,0.4598540961742401,-0.626553475856781,0.7468959093093872,-0.48041000962257385,-0.626553475856781
10427,76876081,118,4,2.6839394221613926,0.0,0.0,0,False,0.5353275537490845,0.7796440720558167,-0.508341372013092,0.47961291670799255,-0.8368558883666992,-0.508341372013092,-1.1787569522857666,-0.7796981930732727,-0.508341372013092,-1.123042345046997,0.8368018269538879,-0.508341372013092
10427,76876081,118,5,0.6901063613771328,0.0,0.0,0,False,-1.159494400024414,-0.415192186832428,-0.508341372013092,0.7303286194801331,-0.480327308177948,-0.508341372013092,0.717757523059845,-0.8450638651847839,-0.508341372013092,-1.1720654964447021,-0.7799287438392639,-0.508341372013092
10427,76876081,118,6,0.6042585959747591,0.0,0.0,0,False,0.7628101110458374,0.46146371960639954,-0.508341372013092,-1.133725881576538,0.5268301963806152,-0.508341372013092,-1.1227575540542603,0.8450638651847839,-0.508341372013092,0.7737784385681152,0.7796974182128906,-0.508341372013092
10427,177206799,119,0,2.0980945555284762,0.6992658972740173,0.0,1,True,5.000999927520752,0.0,0.0,-0.9998189806938171,0.019026855006814003,0.0,-0.9998189806938171,0.019026855006814003,-0.6992658972740173,-0.9998189806938171,0.019026855006814003,-0.6992658972740173
10427,177206799,119,1,0.16073306451977132,0.0,0.0,0,False,0.48365113139152527,-0.4163585901260376,-0.5995171070098877,0.49963077902793884,0.42333734035491943,-0.5995171070098877,0.6909796595573425,0.4196959435939789,-0.5995171070098877,0.675000011920929,-0.41999998688697815,-0.5995171070098877
10427,177206799,119,2,0.1695463635616279,0.0,0.0,0,False,0.8812904357910156,0.18007059395313263,-0.76926589012146,0.89280766248703,0.7852750420570374,-0.76926589012146,1.1728534698486328,0.7799456715583801,-0.76926589012146,1.1613363027572632,0.1747412383556366,-0.76926589012146
10427,177206799,119,3,0.046968350905048695,0.0,0.0,0,False,1.0287221670150757,-0.22488053143024445,-0.5888032913208008,1.0350488424301147,0.10756815969944,-0.5888032913208008,1.1762776374816895,0.10488053411245346,-0.5888032913208008,1.16995108127594,-0.2275681495666504,-0.5888032913208008
10427,177206799,119,4,0.17564188157232152,0.0,0.0,0,False,0.6864956617355347,-0.5523641705513,-0.6860508918762207,0.7050651907920837,0.42342424392700195,-0.6860508918762207,0.8849999904632568,0.4200000464916229,-0.6860508918762207,0.8664304614067078,-0.5557883977890015,-0.6860508918762207
10427,177206799,119,5,2.609401314930886,0.0,0.0,0,False,0.505681574344635,0.7795111536979675,-0.5038384795188904,0.4754403531551361,-0.8096004724502563,-0.5038384795188904,-1.1660155057907104,-0.7783631086349487,-0.5038384795188904,-1.1357743740081787,0.8107485175132751,-0.5038384795188904
10427,177206799,119,6,0.7203242163087591,0.0,0.0,0,False,-1.1585698127746582,-0.3871050477027893,-0.5038384795188904,0.6818103790283203,-0.42212775349617004,-0.5038384795188904,0.6743646860122681,-0.8133857250213623,-0.5038384795188904,-1.1660155057907104,-0.778363049030304,-0.5038384795188904
10427,177206799,119,7,0.6033474018639176,0.0,0.0,0,False,0.6743484139442444,0.4457581341266632,-0.5038384795188904,-1.130707025527954,0.4801086187362671,-0.5038384795188904,-1.1243484020233154,0.8142418265342712,-0.5038384795188904,0.6807069778442383,0.7798913717269897,-0.5038384795188904
10427,177206799,119,8,0.5185984670248693,0.0,0.0,0,False,-1.1610560417175293,-0.5177483558654785,-0.5038384795188904,0.8281285166740417,-0.5556030869483948,-0.5038384795188904,0.823168933391571,-0.8162177801132202,-0.5038384795188904,-1.166015625,-0.778363049030304,-0.5038384795188904
10427,177206799,119,9,0.6583750161810071,0.0,0.0,0,False,0.8222965598106384,0.44294241070747375,-0.5038384795188904,-1.1307069063186646,0.4801086187362671,-0.5038384795188904,-1.1242939233779907,0.8170955777168274,-0.5038384795188904,0.8287095427513123,0.7799293398857117,-0.5038384795188904
10427,276906351,120,0,1.6250702598186488,0.6499117612838745,0.0,1,True,4.000999927520752,0.0,0.0,-0.9998689293861389,-0.016190316528081894,0.0,-0.9998689293861389,-0.016190316528081894,-0.6499117612838745,-0.9998689293861389,-0.016190316528081894,-0.6499117612838745
10427,276906351,120,1,0.3040374009654201,0.0,0.0,0,False,0.9841172099113464,0.7818477749824524,-0.7199117541313171,1.0068786144256592,-0.6238361597061157,-0.7199117541313171,0.7906438708305359,-0.6273375153541565,-0.7199117541313171,0.7678824663162231,0.7783464193344116,-0.7199117541313171
10427,276906351,120,2,0.23825896450453676,0.0,0.0,0,False,0.5299035906791687,-0.5278352499008179,-0.6148496270179749,0.513877272605896,0.46190527081489563,-0.6148496270179749,0.754542887210846,0.46580222249031067,-0.6148496270179749,0.7705692052841187,-0.5239382982254028,-0.6148496270179749
10427,276906351,120,3,0.2648254799918046,0.0,0.0,0,False,-1.0819801092147827,-0.6577210426330566,-0.5092865824699402,0.6749882102012634,-0.6292715668678284,-0.5092865824699402,0.6774281859397888,-0.7799606919288635,-0.5092865824699402,-1.0795400142669678,-0.8084102272987366,-0.5092865824699402
10427,276906351,120,4,2.599289015626013,0.0,0.0,0,False,0.5075698494911194,0.806435227394104,-0.5092865824699402,0.533255934715271,-0.7798663377761841,-0.5092865824699402,-1.1048989295959473,-0.8063920736312866,-0.5092865824699402,-1.1305850744247437,0.7799094915390015,-0.5092865824699402
10427,276906351,120,5,0.4188921993325678,0.0,0.0,0,False,-1.0833995342254639,-0.5700550675392151,-0.5092865824699402,0.6735687255859375,-0.541605532169342,-0.5092865824699402,0.6774282455444336,-0.7799606919288635,-0.5092865824699402,-1.0795400142669678,-0.8084101676940918,-0.5092865824699402
10427,276906351,120,6,0.5895238678178956,0.0,0.0,0,False,0.6798171401023865,0.4825068712234497,-0.5092865824699402,-1.1245673894882202,0.45328956842422485,-0.5092865824699402,-1.1298563480377197,0.7799213528633118,-0.5092865824699402,0.674528181552887,0.8091386556625366,-0.5092865824699402
10427,376903111,121,0,0.7002674540460225,0.6999927759170532,3.469446951953614e-18,1,True,1.0010000467300415,0.0,0.0,-0.9995697736740112,0.029329517856240273,0.0,-0.9995697736740112,0.029329517856240273,-0.6999927759170532,-0.9995697736740112,0.029329517856240273,-0.6999927759170532
10427,376903111,121,1,0.16401002686053623,0.0,0.0,0,False,1.1871503591537476,0.7794967293739319,-0.7699927687644958,1.1694698333740234,0.176934614777565,-0.7699927687644958,0.8975162506103516,0.18491432070732117,-0.7699927687644958,0.9151967167854309,0.7874764204025269,-0.7699927687644958
10427,376903111,121,2,0.046514577611860286,0.0,0.0,0,False,1.0292831659317017,-0.22483225166797638,-0.588813304901123,1.0390738248825073,0.10884165018796921,-0.588813304901123,1.1783552169799805,0.10475483536720276,-0.588813304901123,1.1685645580291748,-0.22891905903816223,-0.588813304901123
10427,376903111,121,3,0.5115370008820221,0.0,0.0,0,False,0.9126431345939636,0.7783085703849792,-0.6540541648864746,0.8668442964553833,-0.782548189163208,-0.6540541648864746,0.5393978357315063,-0.7729401588439941,-0.6540541648864746,0.5851967334747314,0.7879165410995483,-0.6540541648864746
10427,376903111,121,4,2.7473900874143915,0.0,0.0,0,False,0.5831538438796997,0.7782936692237854,-0.5048104524612427,0.535961389541626,-0.8300566077232361,-0.5048104524612427,-1.1707730293273926,-0.7799773216247559,-0.5048104524612427,-1.1235805749893188,0.8283728957176208,-0.5048104524612427
10427,477276121,122,0,1.737058309951703,0.6948230266571045,0.0,1,True,4.000999927520752,0.0,0.0,-0.9987529516220093,-0.04992537572979927,0.0,-0.9987529516220093,-0.04992537572979927,-0.6948230266571045,-0.9987529516220093,-0.04992537572979927,-0.6948230266571045
10427,477276121,122,1,0.13560322374081357,0.0,0.0,0,False,1.1697756052017212,0.7844876646995544,-0.7648230195045471,1.1999177932739258,0.1814955323934555,-0.7648230195045471,0.9755944609642029,0.17028212547302246,-0.7648230195045471,0.9454522132873535,0.773274302482605,-0.7648230195045471
10427,477276121,122,2,0.04399637537581258,0.0,0.0,0,False,1.0375802516937256,-0.23161937296390533,-0.5796229243278503,1.0210132598876953,0.0998019427061081,-0.5796229243278503,1.1534329652786255,0.10642129927873611,-0.5796229243278503,1.1699999570846558,-0.22500000894069672,-0.5796229243278503
10427,477276121,122,3,0.4227008634509897,0.0,0.0,0,False,0.9574233293533325,0.5316195487976074,-0.7156206369400024,1.0229434967041016,-0.7791029810905457,-0.7156206369400024,0.7012527585029602,-0.7951835989952087,-0.7156206369400024,0.6357326507568359,0.5155389308929443,-0.7156206369400024
10427,477276121,122,4,0.31471753669015157,0.0,0.0,0,False,0.9989455342292786,0.13619329035282135,-0.7156206369400024,1.044644832611084,-0.7780182957649231,-0.7156206369400024,0.7012526988983154,-0.7951836585998535,-0.7156206369400024,0.6555533409118652,0.11902790516614914,-0.7156206369400024
10427,477276121,122,5,0.26755189979126115,0.0,0.0,0,False,0.6743267774581909,-0.25653326511383057,-0.7156206369400024,1.1643531322479248,-0.23203794658184052,-0.7156206369400024,1.1915782690048218,-0.7766718864440918,-0.7156206369400024,0.7015517950057983,-0.8011671900749207,-0.7156206369400024
10427,477276121,122,6,0.6487692030158705,0.0,0.0,0,False,0.7298734188079834,0.5224832892417908,-0.5046651363372803,-1.1224950551986694,0.4298875033855438,-0.5046651363372803,-1.1399589776992798,0.7792521715164185,-0.5046651363372803,0.7124094367027283,0.8718479871749878,-0.5046651363372803
10427,576911214,123,0,2.108542205767335,0.7027328014373779,0.0,1,True,5.000999927520752,0.0,0.0,-0.999974250793457,-0.007176885847002268,0.0,-0.999974250793457,-0.007176885847002268,-0.7027328014373779,-0.999974250793457,-0.007176885847002268,-0.7027328014373779
10427,576911214,123,1,0.07812250619171568,0.0,0.0,0,False,0.5849961638450623,0.4054305851459503,-0.5680037140846252,0.590166449546814,-0.3149629235267639,-0.5680037140846252,0.48172783851623535,-0.3157412111759186,-0.5680037140846252,0.47655752301216125,0.40465229749679565,-0.5680037140846252
10427,576911214,123,2,0.07208275024790556,0.0,0.0,0,False,1.169992208480835,0.7810764908790588,-0.7727327942848206,1.1742651462554932,0.18571244180202484,-0.7727327942848206,1.053197979927063,0.1848435401916504,-0.7727327942848206,1.0489250421524048,0.7802075743675232,-0.7727327942848206
10427,576911214,123,3,0.39063661475798916,0.0,0.0,0,False,1.0018688440322876,0.5562694072723389,-0.6679295301437378,1.0099449157714844,-0.5689955949783325,-0.6679295301437378,0.6628120541572571,-0.5714870095252991,-0.6679295301437378,0.6547359228134155,0.5537779927253723,-0.6679295301437378
10427,576911214,123,4,0.046796493504039915,0.0,0.0,0,False,1.0350069999694824,-0.2259688526391983,-0.5917026996612549,1.032562017440796,0.11469542235136032,-0.5917026996612549,1.1699233055114746,0.11568127572536469,-0.5917026996612549,1.1723682880401611,-0.22498299181461334,-0.5917026996612549
10427,576911214,123,5,0.6613575447422777,0.0,0.0,0,False,0.6326109766960144,0.4162152111530304,-0.5043022632598877,-1.124451756477356,0.4036043882369995,-0.5043022632598877,-1.1271530389785767,0.7799845337867737,-0.5043022632598877,0.6299095749855042,0.7925953269004822,-0.5043022632598877
10427,576911214,123,6,2.528925366786753,0.0,0.0,0,False,0.47302770614624023,0.7914690971374512,-0.5043022632598877,0.4843060374259949,-0.7799691557884216,-0.5043022632598877,-1.1249172687530518,-0.7915186285972595,-0.5043022632598877,-1.1361956596374512,0.7799196243286133,-0.5043022632598877
10427,576911214,123,7,0.8120934142141172,0.0,0.0,0,False,-1.1282272338867188,-0.33034613728523254,-0.5043022632598877,0.628512442111969,-0.3177376389503479,-0.5043022632598877,0.631830096244812,-0.7799868583679199,-0.5043022632598877,-1.1249096393585205,-0.792595386505127,-0.5043022632598877
10427,576911214,123,8,0.4364757221987787,0.0,0.0,0,False,0.8265048265457153,0.5703337788581848,-0.5043022632598877,-1.1249018907546997,0.556328296661377,-0.5043022632598877,-1.1265071630477905,0.7799891233444214,-0.5043022632598877,0.8248995542526245,0.7939946055412292,-0.5043022632598877
10427,576911214,123,9,0.39247728102944635,0.0,0.0,0,False,-1.1263432502746582,-0.5928685665130615,-0.5043022632598877,0.8249558806419373,-0.5788638591766357,-0.5043022632598877,0.8263993859291077,-0.7799898982048035,-0.5043022632598877,-1.1248997449874878,-0.7939946055412292,-0.5043022632598877
10427,676977974,124,0,1.7646854881749126,0.5882121324539185,0.0,1,True,5.000999927520752,0.0,0.0,-0.9990004897117615,0.0446990504860878,0.0,-0.9990004897117615,0.0446990504860878,-0.5882121324539185,-0.9990004897117615,0.0446990504860878,-0.5882121324539185
10427,676977974,124,1,0.05689515148186852,0.0,0.0,0,False,0.6000300049781799,0.40634095668792725,-0.5584359169006348,0.576286792755127,-0.12430822849273682,-0.5584359169006348,0.46928298473358154,-0.11952047049999237,-0.5584359169006348,0.4930262267589569,0.4111286997795105,-0.5584359169006348
10427,676977974,124,2,0.3690948104809424,0.0,0.0,0,False,1.0007331371307373,0.3201235234737396,-0.6582121253013611,0.9558555483818054,-0.682868480682373,-0.6582121253013611,0.5885969996452332,-0.666435956954956,-0.6582121253013611,0.6334746479988098,0.3365560472011566,-0.6582121253013611
10427,676977974,124,3,0.682068348324532,0.0,0.0,0,False,0.7145140767097473,0.4023914635181427,-0.5054000616073608,-1.0905970335006714,0.48315876722335815,-0.5054000616073608,-1.0737242698669434,0.8602577447891235,-0.5054000616073608,0.7313868403434753,0.7794904708862305,-0.5054000616073608
10427,676977974,124,4,2.5774484475959527,0.0,0.0,0,False,0.5077782869338989,0.7760725021362305,-0.5054000616073608,0.4350305497646332,-0.8498015999794006,-0.5054000616073608,-1.1470714807510376,-0.7790123820304871,-0.5054000616073608,-1.0743237733840942,0.8468616604804993,-0.5054000616073608
10427,676977974,124,5,1.2389944794912031,0.0,0.0,0,False,-1.098438024520874,-0.05135567858815193,-0.5054000616073608,0.5992036461830139,-0.12731462717056274,-0.5054000616073608,0.5666133761405945,-0.8556891679763794,-0.5054000616073608,-1.1310282945632935,-0.7797302007675171,-0.5054000616073608
10427,676977974,124,6,0.0307696786485101,0.0,0.0,0,False,0.7178108096122742,0.4760710299015045,-0.5054000616073608,0.6166037321090698,0.48059943318367004,-0.5054000616073608,0.6301798224449158,0.7840188145637512,-0.5054000616073608,0.7313869595527649,0.7794904708862305,-0.5054000616073608
10427,676977974,124,7,0.339599744155187,0.0,0.0,0,False,-1.1226023435592651,-0.591414749622345,-0.5054000616073608,0.6771502494812012,-0.6719424724578857,-0.5054000616073608,0.6687242984771729,-0.8602579236030579,-0.5054000616073608,-1.1310282945632935,-0.7797302007675171,-0.5054000616073608
10427,777117068,125,0,2.1226402549808596,0.7074288725852966,0.0,1,True,5.000999927520752,0.0,0.0,-0.9999998211860657,0.0006293950718827546,0.0,-0.9999998211860657,0.0006293950718827546,-0.7074288725852966,-0.9999998211860657,0.0006293950718827546,-0.7074288725852966
10427,777117068,125,1,0.14412120949124674,0.0,0.0,0,False,0.9298489689826965,0.18000011146068573,-0.7774288654327393,0.9302266836166382,0.7801509499549866,-0.7774288654327393,1.1703681945800781,0.779999852180481,-0.7774288654327393,1.1699905395507812,0.17984896898269653,-0.7774288654327393
10427,777117068,125,2,0.05000229139734058,0.0,0.0,0,False,1.0348206758499146,-0.25499987602233887,-0.5889895558357239,1.0350534915924072,0.11502514779567719,-0.5889895558357239,1.1701856851577759,0.1149400994181633,-0.5889895558357239,1.1699527502059937,-0.25508493185043335,-0.5889895558357239
10427,777117068,125,3,0.3424304014959585,0.0,0.0,0,False,0.8706230521202087,0.4649146497249603,-0.6563130617141724,0.8699055910110474,-0.6750848889350891,-0.6563130617141724,0.5695280432701111,-0.6748958230018616,-0.6563130617141724,0.5702455043792725,0.46510371565818787,-0.6563130617141724
10427,777117068,125,4,0.3721269518031969,0.0,0.0,0,False,1.0052735805511475,0.179886594414711,-0.6563130617141724,1.0047355890274048,-0.6751697063446045,-0.6563130617141724,0.5695282220840454,-0.6748958826065063,-0.6563130617141724,0.5700662136077881,0.18016043305397034,-0.6563130617141724
10427,777117068,125,5,0.18276992353332666,0.0,0.0,0,False,0.5700095891952515,-0.2547261714935303,-0.6563130617141724,1.0049999952316284,-0.25499996542930603,-0.6563130617141724,1.0047355890274048,-0.6751697659492493,-0.6563130617141724,0.5697451233863831,-0.6748960018157959,-0.6563130617141724
10427,777117068,125,6,0.5556903830192361,0.0,0.0,0,False,0.7199710011482239,0.47883886098861694,-0.5048601031303406,-1.1251888275146484,0.4800001382827759,-0.5048601031303406,-1.1249992847442627,0.7811611294746399,-0.5048601031303406,0.7201605439186096,0.779999852180481,-0.5048601031303406
10427,777117068,125,7,2.646302109175595,0.0,0.0,0,False,0.5701888203620911,0.7799999713897705,-0.5048601031303406,0.5692063570022583,-0.7810662388801575,-0.5048601031303406,-1.1259818077087402,-0.7799993753433228,-0.5048601031303406,-1.1249994039535522,0.78106689453125,-0.5048601031303406
10427,877090203,126,0,2.087629408242107,0.6957610249519348,0.0,1,True,5.000999927520752,0.0,0.0,-0.9999947547912598,0.0032321023754775524,0.0,-0.9999947547912598,0.0032321023754775524,-0.6957610249519348,-0.9999947547912598,0.0032321023754775524,-0.6957610249519348
10427,877090203,126,1,0.16238230290846678,0.0,0.0,0,False,1.1719391345977783,0.7799936532974243,-0.7657610177993774,1.1699973344802856,0.17922431230545044,-0.7657610177993774,0.8997095823287964,0.18009792268276215,-0.7657610177993774,0.9016513228416443,0.7808672189712524,-0.7657610177993774
10427,877090203,126,2,0.03265773000766803,0.0,0.0,0,False,1.073901653289795,-0.22483482956886292,-0.5905529260635376,1.0750000476837158,0.11500000208616257,-0.5905529260635376,1.1710978746414185,0.114689402282238,-0.5905529260635376,1.1699994802474976,-0.22514542937278748,-0.5905529260635376
10427,877090203,126,3,0.2850089196993686,0.0,0.0,0,False,0.8723741173744202,0.4645559787750244,-0.655497133731842,0.8693198561668396,-0.4804341793060303,-0.655497133731842,0.5677230954170227,-0.47945940494537354,-0.655497133731842,0.570777416229248,0.46553075313568115,-0.655497133731842
10427,877090203,126,4,0.288151313838767,0.0,0.0,0,False,1.0063074827194214,0.17955942451953888,-0.655497133731842,1.004172921180725,-0.4808700680732727,-0.655497133731842,0.5678684711456299,-0.47945985198020935,-0.655497133731842,0.570003092288971,0.18096962571144104,-0.655497133731842
10427,877090203,126,5,0.11130343771746265,0.0,0.0,0,False,0.5700045824050903,-0.2235940396785736,-0.655497133731842,1.0049999952316284,-0.22499999403953552,-0.655497133731842,1.004172921180725,-0.48087000846862793,-0.655497133731842,0.5691775679588318,-0.479464054107666,-0.655497133731842
10427,877090203,126,6,0.5507478004996162,0.0,0.0,0,False,0.6749812364578247,0.4741823077201843,-0.5052723288536072,-1.1259211301803589,0.4800029695034027,-0.5052723288536072,-1.1249327659606934,0.7858174443244934,-0.5052723288536072,0.675969660282135,0.7799968123435974,-0.5052723288536072
10427,877090203,126,7,2.654899923481688,0.0,0.0,0,False,0.5709696412086487,0.7799967527389526,-0.5052723288536072,0.5659099221229553,-0.7854651212692261,-0.5052723288536072,-1.1299935579299927,-0.7799837589263916,-0.5052723288536072,-1.1249338388442993,0.7854780554771423,-0.5052723288536072
10427,976911671,127,0,1.416385276358963,0.7080516219139099,3.469446951953614e-18,1,True,3.000999927520752,0.0,0.0,-0.9997289776802063,-0.02328118495643139,0.0,-0.9997289776802063,-0.02328118495643139,-0.7080516219139099,-0.9997289776802063,-0.02328118495643139,-0.7080516219139099
10427,976911671,127,1,0.1526555312531772,0.0,0.0,0,False,0.9301057457923889,0.17546139657497406,-0.7780516147613525,0.9161083102226257,0.7765326499938965,-0.7780516147613525,1.16994309425354,0.7824438214302063,-0.7780516147613525,1.1839405298233032,0.18137258291244507,-0.7780516147613525
10427,976911671,127,2,0.19306301476078555,0.0,0.0,0,False,0.7534464597702026,-0.02887180633842945,-0.6058119535446167,0.7709107398986816,-0.7788143754005432,-0.6058119535446167,0.513613224029541,-0.7848061919212341,-0.6058119535446167,0.4961489140987396,-0.03486361727118492,-0.6058119535446167
10427,976911671,127,3,0.04880207118677227,0.0,0.0,0,False,1.035073161125183,-0.2281421422958374,-0.5895249247550964,1.0271081924438477,0.11388472467660904,-0.5895249247550964,1.1697157621383667,0.11720569431781769,-0.5895249247550964,1.1776807308197021,-0.22482116520404816,-0.5895249247550964
10427,976911671,127,4,0.1302769242693409,0.0,0.0,0,False,0.9320947527885437,0.030048780143260956,-0.6823079586029053,0.7316349148750305,0.025380577892065048,-0.6823079586029053,0.7165088057518005,0.6749187111854553,-0.6823079586029053,0.9169686436653137,0.6795869469642639,-0.6823079586029053
10427,976911671,127,5,2.6302668556630424,0.0,0.0,0,False,0.475614458322525,0.8183222413063049,-0.5047105550765991,0.5127606987953186,-0.7767919301986694,-0.5047105550765991,-1.1352976560592651,-0.8151711225509644,-0.5047105550765991,-1.1724438667297363,0.77994304895401,-0.5047105550765991
10427,976911671,127,6,0.2532202636184451,0.0,0.0,0,False,0.5710473656654358,0.6750243902206421,-0.5047105550765991,-1.1690568923950195,0.6345017552375793,-0.5047105550765991,-1.1724438667297363,0.77994304895401,-0.5047105550765991,0.567660391330719,0.8204656839370728,-0.5047105550765991
10427,976911671,127,7,1.473915462819112,0.0,0.0,0,False,0.567660391330719,0.8204657435417175,-0.5047105550765991,0.5873748064041138,-0.02610226720571518,-0.5047105550765991,-1.1527293920516968,-0.06662490963935852,-0.5047105550765991,-1.1724438667297363,0.7799431085586548,-0.5047105550765991
10428,77009931,128,0,1.4149951883193883,0.7074427604675293,0.0,1,True,3.000999927520752,0.0,0.0,-0.9990803003311157,0.0428786426782608,0.0,-0.9990803003311157,0.0428786426782608,-0.7074427604675293,-0.9990803003311157,0.0428786426782608,-0.7074427604675293
10428,77009931,128,1,0.0413194860658912,0.0,0.0,0,False,0.5551104545593262,0.44014546275138855,-0.5603080987930298,0.5252755880355835,-0.25501182675361633,-0.5603080987930298,0.465945839881897,-0.25246551632881165,-0.5603080987930298,0.49578067660331726,0.44269177317619324,-0.5603080987930298
10428,77009931,128,2,0.15365398759231752,0.0,0.0,0,False,0.9171482920646667,0.18055155873298645,-0.7774427533149719,0.9432930946350098,0.78972989320755,-0.7774427533149719,1.1950608491897583,0.7789245247840881,-0.7774427533149719,1.16891610622406,0.16974616050720215,-0.7774427533149719
10428,77009931,128,3,0.0392726204268703,0.0,0.0,0,False,1.1841368675231934,0.10439326614141464,-0.5919484496116638,1.1698344945907593,-0.22885552048683167,-0.5919484496116638,1.0522034168243408,-0.22380702197551727,-0.5919484496116638,1.066505789756775,0.10944177955389023,-0.5919484496116638
10428,77009931,128,4,0.18588758763679536,0.0,0.0,0,False,0.8957036137580872,0.7788968682289124,-0.6647812128067017,0.8694484829902649,0.16714823246002197,-0.6647812128067017,0.5661444664001465,0.18016546964645386,-0.6647812128067017,0.5923995971679688,0.7919141054153442,-0.6647812128067017
10428,77009931,128,5,0.22490102196351192,0.0,0.0,0,False,0.7845808267593384,-0.22326529026031494,-0.7343688011169434,1.1879364252090454,-0.24057652056217194,-0.7343688011169434,1.1640503406524658,-0.7971264719963074,-0.7343688011169434,0.7606948018074036,-0.7798152565956116,-0.7343688011169434
10428,77009931,128,6,0.5611873621592736,0.0,0.0,0,False,0.568345308303833,0.44144487380981445,-0.5040324330329895,-1.088902473449707,0.5125705003738403,-0.5040324330329895,-1.0743961334228516,0.8505740165710449,-0.5040324330329895,0.5828517079353333,0.779448390007019,-0.5040324330329895
10428,77009931,128,7,2.5748001772798705,0.0,0.0,0,False,0.5061532258987427,0.7788775563240051,-0.5040324330329895,0.43637314438819885,-0.847011148929596,-0.5040324330329895,-1.1443415880203247,-0.7791698575019836,-0.5040324330329895,-1.0745614767074585,0.8467188477516174,-0.5040324330329895
10428,77009931,128,8,1.0045523911214014,0.0,0.0,0,False,-1.1052701473236084,-0.18528930842876434,-0.5040324330329895,0.5814727544784546,-0.25768083333969116,-0.5040324330329895,0.5559596419334412,-0.8521433472633362,-0.5040324330329895,-1.1307833194732666,-0.7797518372535706,-0.5040324330329895
10428,176937858,129,0,1.4084058482964927,0.7041864991188049,0.0,1,True,3.000999927520752,0.0,0.0,-0.9987913966178894,-0.04915044829249382,0.0,-0.9987913966178894,-0.04915044829249382,-0.7041864991188049,-0.9987913966178894,-0.04915044829249382,-0.7041864991188049
10428,176937858,129,1,0.1633095845757584,0.0,0.0,0,False,0.9303624033927917,0.17263637483119965,-0.7741864919662476,0.9005454182624817,0.7785505652427673,-0.7741864919662476,1.1694202423095703,0.7917818427085876,-0.7741864919662476,1.1992372274398804,0.18586768209934235,-0.7741864919662476
10428,176937858,129,2,0.5135016367015588,0.0,0.0,0,False,0.8977202773094177,0.7909600734710693,-0.6414338946342468,0.9642308354377747,-0.5606089234352112,-0.6414338946342468,0.5852186679840088,-0.5792601108551025,-0.6414338946342468,0.5187080502510071,0.772308886051178,-0.6414338946342468
10428,176937858,129,3,0.42944532031120297,0.0,0.0,0,False,0.5508428812026978,0.11929430812597275,-0.6414338946342468,1.1641206741333008,0.1494736522436142,-0.6414338946342468,1.1984964609146118,-0.5490807294845581,-0.6414338946342468,0.5852187275886536,-0.5792601108551025,-0.6414338946342468
10428,176937858,129,4,0.16959004016488954,0.0,0.0,0,False,0.5708203315734863,0.7633301615715027,-0.5062543749809265,-1.1230303049087524,0.6799758672714233,-0.5062543749809265,-1.1279453039169312,0.7798550128936768,-0.5062543749809265,0.5659052729606628,0.8632093071937561,-0.5062543749809265
10428,276992951,130,0,2.205263506440551,0.6452533602714539,0.0,1,True,6.000999927520752,0.0,0.0,-0.809022843837738,-0.5877771973609924,0.0,-0.809022843837738,-0.5877771973609924,-0.6452533602714539,-0.809022843837738,-0.5877771973609924,-0.6452533602714539
10428,276992951,130,1,0.09324703509305436,0.037766218185424805,1.2323926783588957e-09,0,False,-0.26539984345436096,-0.43069106340408325,-0.46802791953086853,-0.17715543508529663,-0.21089941263198853,-0.4696381688117981,0.1867416799068451,-0.3567360043525696,-0.43348219990730286,0.09849728643894196,-0.5765276551246643,-0.4318719506263733
10428,276992951,130,2,0.8824701559379573,0.0,0.0,0,False,0.8685922622680664,0.7473132610321045,-0.7152533531188965,1.548581600189209,0.45214176177978516,-0.7152533531188965,1.0745606422424316,-0.6398645639419556,-0.7152533531188965,0.3945712745189667,-0.34469306468963623,-0.7152533531188965
10428,276992951,130,3,1.1346230810624802,0.0,0.0,0,False,-1.0618171691894531,-0.11205802857875824,-0.5072954893112183,0.574823796749115,-0.7679635286331177,-0.5072954893112183,0.33543750643730164,-1.365289568901062,-0.5072954893112183,-1.3012034893035889,-0.7093840837478638,-0.5072954893112183
10428,276992951,130,4,0.33214371514477115,0.0,0.0,0,False,0.02999994345009327,-0.7800000309944153,-0.5072954893112183,0.22326476871967316,-0.29863235354423523,-0.5072954893112183,0.817480206489563,-0.5372045636177063,-0.5072954893112183,0.6242154240608215,-1.018572211265564,-0.5072954893112183
10428,276992951,130,5,2.2632108812952287,0.0,0.0,0,False,0.3606131076812744,-0.4181845188140869,-0.5072954893112183,-1.333150863647461,0.2606138288974762,-0.5072954893112183,-0.8717554211616516,1.4119055271148682,-0.5072954893112183,0.8220085501670837,0.7331072092056274,-0.5072954893112183
10428,276992951,130,6,2.412980873292801,0.0,0.0,0,False,0.2140483558177948,0.766329824924469,-0.5072954893112183,-0.506490170955658,-1.028326153755188,-0.5072954893112183,-1.6643805503845215,-0.5634433627128601,-0.5072954893112183,-0.9438420534133911,1.2312126159667969,-0.5072954893112183
10428,276992951,130,7,2.2788880891805174,0.0,0.0,0,False,0.8537001013755798,0.7154518365859985,-0.5072954893112183,0.36074337363243103,-0.4201768636703491,-0.5072954893112183,-1.3278063535690308,0.3127932548522949,-0.5072954893112183,-0.8348496556282043,1.4484219551086426,-0.5072954893112183
10428,276992951,130,8,0.34449263578038214,0.0,0.0,0,False,0.24538542330265045,-0.2811485230922699,-0.5072954893112183,0.8269583582878113,-0.5335991978645325,-0.5072954893112183,0.6105992197990417,-1.0320278406143188,-0.5072954893112183,0.029026255011558533,-0.7795771956443787,-0.5072954893112183
10428,376915920,131,0,1.7182841580355332,0.68718022108078,0.0,1,True,4.000999927520752,0.0,0.0,-0.9999637603759766,0.008516669273376465,0.0,-0.9999637603759766,0.008516669273376465,-0.68718022108078,-0.9999637603759766,0.008516669273376465,-0.68718022108078
10428,376915920,131,1,0.1065924011388999,0.0,0.0,0,False,0.6000044345855713,0.4960220158100128,-0.5723370909690857,0.5930963754653931,-0.31506896018981934,-0.5723370909690857,0.4616873562335968,-0.3139497637748718,-0.5723370909690857,0.468595415353775,0.4971412122249603,-0.5723370909690857
10428,376915920,131,2,0.3659344480881668,0.0,0.0,0,False,0.623620331287384,-0.5690513849258423,-0.6700860857963562,0.6325647234916687,0.4811279773712158,-0.6700860857963562,0.9809889197349548,0.47816047072410583,-0.6700860857963562,0.9720445275306702,-0.5720189213752747,-0.6700860857963562
10428,376915920,131,3,0.0466292102646233,0.0,0.0,0,False,1.032448410987854,-0.22459501028060913,-0.5861919522285461,1.0353435277938843,0.11533776670694351,-0.5861919522285461,1.172505497932434,0.11416956037282944,-0.5861919522285461,1.1696102619171143,-0.225763201713562,-0.5861919522285461
10428,376915920,131,4,0.10462223607525445,0.0,0.0,0,False,1.1699750423431396,0.4770618975162506,-0.7571802139282227,0.8246167898178101,0.480003297328949,-0.7571802139282227,0.8271967172622681,0.7829196453094482,-0.7571802139282227,1.172554850578308,0.7799782752990723,-0.7571802139282227
10428,376915920,131,5,0.48711190618695,0.0,0.0,0,False,0.6748694777488708,0.5096707344055176,-0.5085076093673706,-1.1270439624786377,0.5250174403190613,-0.5085076093673706,-1.1247416734695435,0.7953281998634338,-0.5085076093673706,0.6771716475486755,0.7799814939498901,-0.5085076093673706
10428,376915920,131,6,2.509782575273679,0.0,0.0,0,False,0.4706175923347473,0.7795689105987549,-0.5085076093673706,0.4572199583053589,-0.7934757471084595,-0.5085076093673706,-1.138157844543457,-0.7798879742622375,-0.5085076093673706,-1.1247601509094238,0.7931567430496216,-0.5085076093673706
10428,376915920,131,7,0.8083965510210067,0.0,0.0,0,False,-1.1238802671432495,-0.30351173877716064,-0.5085076093673706,0.572657585144043,-0.3179609775543213,-0.5085076093673706,0.5685996413230896,-0.7944241762161255,-0.5085076093673706,-1.1279382705688477,-0.7799749970436096,-0.5085076093673706
10428,376915920,131,8,0.40596886755989203,0.0,0.0,0,False,-1.1248693466186523,-0.5546703934669495,-0.5085076093673706,0.6767885088920593,-0.5700151920318604,-0.5085076093673706,0.6748694777488708,-0.7953295707702637,-0.5085076093673706,-1.1267883777618408,-0.7799847722053528,-0.5085076093673706
10428,477123846,132,0,0.3447118389039411,0.6887349486351013,8.673617379884035e-19,1,True,0.0010000000474974513,0.0,0.0,-0.9999827146530151,0.005881163291633129,0.0,-0.9999827146530151,0.005881163291633129,-0.6887349486351013,-0.9999827146530151,0.005881163291633129,-0.6887349486351013
10428,477123846,132,1,0.1805230751507656,0.0,0.0,0,False,0.8679710626602173,0.18001194298267365,-0.758734941482544,0.8715100288391113,0.7817555069923401,-0.758734941482544,1.1714997291564941,0.7799911499023438,-0.758734941482544,1.1679606437683105,0.1782476156949997,-0.758734941482544
10428,477123846,132,2,0.035083272842717506,0.0,0.0,0,False,1.171940803527832,0.10498857498168945,-0.5917377471923828,1.1699968576431274,-0.22552929818630219,-0.5917377471923828,1.0638542175292969,-0.22490504384040833,-0.5917377471923828,1.065798044204712,0.10561282932758331,-0.5917377471923828
10428,477123846,132,3,2.673469958967999,0.0,0.0,0,False,-1.1341744661331177,-0.7799460887908936,-0.503311812877655,-1.124941349029541,0.7899684906005859,-0.503311812877655,0.577939510345459,0.7799533605575562,-0.503311812877655,0.5687063932418823,-0.7899612188339233,-0.503311812877655
10428,477123846,132,4,0.2275518079680232,0.0,0.0,0,False,0.8314365744590759,0.4194328486919403,-0.6660313606262207,0.8247343301773071,-0.7201749086380005,-0.6660313606262207,0.6250656843185425,-0.7190006375312805,-0.6660313606262207,0.6317679286003113,0.4206071197986603,-0.6660313606262207
10428,576991106,133,0,1.7720689381194132,0.7087445855140686,0.0,1,True,4.000999927520752,0.0,0.0,-0.9994819760322571,-0.0321834534406662,0.0,-0.9994819760322571,-0.0321834534406662,-0.7087445855140686,-0.9994819760322571,-0.0321834534406662,-0.7087445855140686
10428,576991106,133,1,0.057032914381034416,0.0,0.0,0,False,0.6378287672996521,-0.46812891960144043,-0.6314228773117065,0.6189490556716919,0.11819516122341156,-0.6314228773117065,0.7161203026771545,0.1213240846991539,-0.6314228773117065,0.7350000143051147,-0.4649999737739563,-0.6314228773117065
10428,576991106,133,2,0.1485123811981377,0.0,0.0,0,False,0.9447325468063354,0.17274637520313263,-0.7787445783615112,0.9251994490623474,0.7793623805046082,-0.7787445783615112,1.169766902923584,0.7872375249862671,-0.7787445783615112,1.1893000602722168,0.18062147498130798,-0.7787445783615112
10428,576991106,133,3,0.1953300636903843,0.0,0.0,0,False,0.7864278554916382,-0.6796230673789978,-0.6960861086845398,0.7606843709945679,0.11986104398965836,-0.6960861086845398,1.004751443862915,0.12772002816200256,-0.6960861086845398,1.0304949283599854,-0.671764075756073,-0.6960861086845398
10428,576991106,133,4,2.8498503538605853,0.0,0.0,0,False,0.5861579775810242,0.8365485072135925,-0.5046095848083496,0.6382025480270386,-0.7797358632087708,-0.5046095848083496,-1.1231821775436401,-0.8364526629447937,-0.5046095848083496,-1.1752266883850098,0.7798317074775696,-0.5046095848083496
10428,576991106,133,5,0.6036866089984079,0.0,0.0,0,False,-1.1332051753997803,-0.5251836776733398,-0.5046095848083496,0.7746466994285583,-0.4637502133846283,-0.5046095848083496,0.7848250269889832,-0.7798446416854858,-0.5046095848083496,-1.1230268478393555,-0.841278076171875,-0.5046095848083496
10428,576991106,133,6,1.3572034221048732,0.0,0.0,0,False,0.7411239147186279,0.1239803358912468,-0.5046095848083496,-1.1502959728240967,0.0630764365196228,-0.5046095848083496,-1.1733773946762085,0.7798911929130554,-0.5046095848083496,0.7180424332618713,0.84079509973526,-0.5046095848083496
10428,576991106,133,7,0.19059446569355565,0.0,0.0,0,False,-1.126245141029358,-0.7413294911384583,-0.5046095848083496,0.7787116169929504,-0.6799896359443665,-0.5046095848083496,0.7819299697875977,-0.7799378633499146,-0.5046095848083496,-1.1230268478393555,-0.8412777185440063,-0.5046095848083496
10428,676939158,134,0,1.7076554241973687,0.6829356551170349,1.734723475976807e-18,1,True,4.000999927520752,0.0,0.0,-0.999907910823822,-0.01357217412441969,0.0,-0.999907910823822,-0.01357217412441969,-0.6829356551170349,-0.999907910823822,-0.01357217412441969,-0.6829356551170349
10428,676939158,134,1,0.05336926828242339,0.0,0.0,0,False,0.48143327236175537,-0.07559135556221008,-0.5617132782936096,0.4738958775997162,0.4797135889530182,-0.5617132782936096,0.5699862241744995,0.4810178875923157,-0.5617132782936096,0.5775235891342163,-0.07428707927465439,-0.5617132782936096
10428,676939158,134,2,0.19347740656789014,0.0,0.0,0,False,1.169964075088501,0.7826462984085083,-0.7529356479644775,1.1781425476074219,0.18011052906513214,-0.7529356479644775,0.8570964336395264,0.17575283348560333,-0.7529356479644775,0.8489179611206055,0.7782886028289795,-0.7529356479644775
10428,676939158,134,3,0.04373194583275364,0.0,0.0,0,False,1.0358390808105469,-0.1818210482597351,-0.5902379155158997,1.0315394401550293,0.13495303690433502,-0.5902379155158997,1.1695680618286133,0.1368265599012375,-0.5902379155158997,1.1738677024841309,-0.17994752526283264,-0.5902379155158997
10428,676939158,134,4,0.12186398570377488,0.0,0.0,0,False,0.824999988079071,0.7800000309944153,-0.6444212794303894,0.8331425786018372,0.18011052906513214,-0.6444212794303894,0.630035936832428,0.17735368013381958,-0.6444212794303894,0.6218933463096619,0.7772431373596191,-0.6444212794303894
10428,676939158,134,5,2.5679710444842057,0.0,0.0,0,False,0.46606558561325073,0.8015962243080139,-0.5038028955459595,0.4875125586986542,-0.7784727811813354,-0.5038028955459595,-1.1374151706695557,-0.8005286455154419,-0.5038028955459595,-1.1588622331619263,0.7795403599739075,-0.5038028955459595
10428,676939158,134,6,1.095916454340711,0.0,0.0,0,False,-1.1339484453201294,-0.12073227763175964,-0.5038028955459595,0.4782877266407013,-0.09884868562221527,-0.5038028955459595,0.4875125586986542,-0.7784727811813354,-0.5038028955459595,-1.1247236728668213,-0.800356388092041,-0.5038028955459595
10428,676939158,134,7,0.5266718328614788,0.0,0.0,0,False,0.4832543432712555,0.48024782538414,-0.5038028955459595,-1.1544979810714722,0.458017498254776,-0.5038028955459595,-1.1588622331619263,0.7795403599739075,-0.5038028955459595,0.4788900911808014,0.8017706871032715,-0.5038028955459595
10428,676939158,134,8,0.9266316930713201,0.0,0.0,0,False,-1.132523536682129,-0.22571294009685516,-0.5038028955459595,0.4797126352787018,-0.2038293480873108,-0.5038028955459595,0.4875124990940094,-0.7784728407859802,-0.5038028955459595,-1.1247235536575317,-0.8003564476966858,-0.5038028955459595
10428,776881377,135,0,1.7881699606335404,0.7151277661323547,8.673617379884035e-19,1,True,4.000999927520752,0.0,0.0,-0.9999755620956421,0.006987455300986767,0.0,-0.9999755620956421,0.006987455300986767,-0.7151277661323547,-0.9999755620956421,0.006987455300986767,-0.7151277661323547
10428,776881377,135,1,0.16663746987454475,0.0,0.0,0,False,0.460816353559494,-0.5237129926681519,-0.5829685926437378,0.4662606418132782,0.25541043281555176,-0.5829685926437378,0.6801283359527588,0.2539159953594208,-0.5829685926437378,0.6746840476989746,-0.5252074599266052,-0.5829685926437378
10428,776881377,135,2,0.2963808917961064,0.0,0.0,0,False,0.6987201571464539,-0.5686982870101929,-0.6761395335197449,0.7074216604232788,0.6765552759170532,-0.6761395335197449,0.9454184770584106,0.674892246723175,-0.6761395335197449,0.9367170333862305,-0.570361316204071,-0.6761395335197449
10428,776881377,135,3,0.09731818934241243,0.0,0.0,0,False,0.9730086326599121,0.13501393795013428,-0.7851277589797974,0.9764717817306519,0.6306185722351074,-0.7851277589797974,1.172824740409851,0.6292465329170227,-0.7851277589797974,1.1693615913391113,0.13364188373088837,-0.7851277589797974
10428,776881377,135,4,2.575885111198378,0.0,0.0,0,False,0.46960943937301636,0.7796532511711121,-0.5052796006202698,0.4586315155029297,-0.7913804054260254,-0.5052796006202698,-1.1809000968933105,-0.7799237966537476,-0.5052796006202698,-1.1699222326278687,0.7911098003387451,-0.5052796006202698
10428,776881377,135,5,0.4934638969157561,0.0,0.0,0,False,-1.1681309938430786,-0.512539803981781,-0.5052796006202698,0.6767789125442505,-0.5254316926002502,-0.5052796006202698,0.6749099493026733,-0.792891800403595,-0.5052796006202698,-1.1699999570846558,-0.7799999117851257,-0.5052796006202698
10428,776881377,135,6,0.9644594043901833,0.0,0.0,0,False,0.6731325387954712,0.25774964690208435,-0.5052796006202698,-1.1735590696334839,0.27065372467041016,-0.5052796006202698,-1.1699098348617554,0.7928916215896606,-0.5052796006202698,0.6767817735671997,0.7799875140190125,-0.5052796006202698
10428,776881377,135,7,0.43523198251348383,0.0,0.0,0,False,-1.1684404611587524,-0.5568040609359741,-0.5052796006202698,0.7814643979072571,-0.5704294443130493,-0.5052796006202698,0.7799047827720642,-0.7936252951622009,-0.5052796006202698,-1.1700000762939453,-0.7799999713897705,-0.5052796006202698
10428,876955137,136,0,0.30163997864328895,0.6026772856712341,0.0,1,True,0.0010000000474974513,0.0,0.0,-0.9999932646751404,0.0036694882437586784,0.0,-0.9999932646751404,0.0036694882437586784,-0.6026772856712341,-0.9999932646751404,0.0036694882437586784,-0.6026772856712341
10428,876955137,136,1,0.16756578545935108,0.0,0.0,0,False,0.6909347772598267,0.779776394367218,-0.5900846719741821,0.6877965331077576,-0.07543225586414337,-0.5900846719741821,0.4918636381626129,-0.07471327483654022,-0.5900846719741821,0.49500182271003723,0.7804953455924988,-0.5900846719741821
10428,876955137,136,2,0.04493945422832013,0.0,0.0,0,False,1.0337896347045898,-0.22483041882514954,-0.5886572599411011,1.0350017547607422,0.10549537092447281,-0.5886572599411011,1.1710457801818848,0.10499615222215652,-0.5886572599411011,1.1698336601257324,-0.22532962262630463,-0.5886572599411011
10428,876955137,136,3,2.5206214619070533,0.0,0.0,0,False,-1.130724310874939,-0.7799789905548096,-0.5045421719551086,-1.1249791383743286,0.7856693267822266,-0.5045421719551086,0.4849529564380646,0.7797617316246033,-0.5045421719551086,0.479207843542099,-0.7858865857124329,-0.5045421719551086
10428,876955137,136,4,0.19405579912983129,0.0,0.0,0,False,0.7042844295501709,-0.11999735236167908,-0.6726772785186768,0.7066528797149658,0.5254343152046204,-0.6726772785186768,1.0073093175888062,0.5243310332298279,-0.6726772785186768,1.0049408674240112,-0.12110063433647156,-0.6726772785186768
10428,976907563,137,0,0.9971747205104691,0.664566159248352,1.734723475976807e-18,1,True,2.000999927520752,0.0,0.0,-0.9999694228172302,-0.007816962897777557,0.0,-0.9999694228172302,-0.007816962897777557,-0.664566159248352,-0.9999694228172302,-0.007816962897777557,-0.664566159248352
10428,976907563,137,1,0.3661318193447016,0.0,0.0,0,False,0.7236172556877136,0.780731737613678,-0.5937851071357727,0.7358235120773315,-0.7806971073150635,-0.5937851071357727,0.5013527274131775,-0.7825300097465515,-0.5937851071357727,0.48914647102355957,0.7788988351821899,-0.5937851071357727
10428,976907563,137,2,0.6910677059048105,0.0,0.0,0,False,0.7381860017776489,-0.7825547456741333,-0.7345661520957947,0.7259742617607117,0.7795776724815369,-0.7345661520957947,1.1683346033096313,0.7830357551574707,-0.7345661520957947,1.1805464029312134,-0.7790966629981995,-0.7345661520957947
10428,976907563,137,3,2.470171805869148,0.0,0.0,0,False,0.4799046814441681,0.7921943068504333,-0.5044861435890198,0.4921906888484955,-0.7794356346130371,-0.5044861435890198,-1.079439401626587,-0.7917216420173645,-0.5044861435890198,-1.0917253494262695,0.779908299446106,-0.5044861435890198
10429,77433115,138,0,1.7779898373130345,0.7110537886619568,0.0,1,True,4.000999927520752,0.0,0.0,-0.9999995231628418,0.0009788882452994585,0.0,-0.9999995231628418,0.0009788882452994585,-0.7110537886619568,-0.9999995231628418,0.0009788882452994585,-0.7110537886619568
10429,77433115,138,1,0.1260928333105733,0.0,0.0,0,False,1.1705873012542725,0.7799994945526123,-0.7810537815093994,1.1699997186660767,0.17980912327766418,-0.7810537815093994,0.9599118828773499,0.18001477420330048,-0.7810537815093994,0.9604994058609009,0.7802051305770874,-0.7810537815093994
10429,77433115,138,2,0.044638288148166616,0.0,0.0,0,False,1.0347063541412354,-0.22491160035133362,-0.5872464776039124,1.035029411315918,0.10513211041688919,-0.5872464776039124,1.1702789068222046,0.10499971359968185,-0.5872464776039124,1.169955849647522,-0.22504399716854095,-0.5872464776039124
10429,77433115,138,3,0.584463537894635,0.0,0.0,0,False,0.9451028108596802,0.7799999117851257,-0.6646243333816528,0.9435755014419556,-0.7802188992500305,-0.6646243333816528,0.5689722895622253,-0.7798522114753723,-0.6646243333816528,0.57049959897995,0.7803665995597839,-0.6646243333816528
10429,77433115,138,4,0.4324745183355887,0.0,0.0,0,False,1.02042555809021,0.17985276877880096,-0.6646243333816528,1.0194858312606812,-0.7802931666374207,-0.6646243333816528,0.5690603852272034,-0.7798522710800171,-0.6646243333816528,0.5700002312660217,0.18029366433620453,-0.6646243333816528
10429,77433115,138,5,0.24989164751803905,0.0,0.0,0,False,0.5700004696846008,-0.22457417845726013,-0.6646243333816528,1.0200294256210327,-0.22501471638679504,-0.6646243333816528,1.0194858312606812,-0.7802932262420654,-0.6646243333816528,0.5694568753242493,-0.7798526883125305,-0.6646243333816528
10429,77433115,138,6,2.6473803447268125,0.0,0.0,0,False,0.5703963041305542,0.7798529267311096,-0.5044108033180237,0.5688677430152893,-0.7816581130027771,-0.5044108033180237,-1.126527190208435,-0.7799984812736511,-0.5044108033180237,-1.1249985694885254,0.7815124988555908,-0.5044108033180237
10429,177104375,139,0,1.4097509421758765,0.7047549486160278,0.0,1,True,3.000999927520752,0.0,0.0,-0.9995788931846619,0.029017115011811256,0.0,-0.9995788931846619,0.029017115011811256,-0.7047549486160278,-0.9995788931846619,0.029017115011811256,-0.7047549486160278
10429,177104375,139,1,0.11484235328975956,0.0,0.0,0,False,0.9617276787757874,0.7803852558135986,-0.703874945640564,0.9429311156272888,0.13288286328315735,-0.703874945640564,0.765718400478363,0.13802722096443176,-0.703874945640564,0.7845149636268616,0.785529613494873,-0.703874945640564
10429,177104375,139,2,2.6381269987236653,0.0,0.0,0,False,-1.1717276573181152,-0.7795143723487854,-0.5049436688423157,-1.12515389919281,0.8248546719551086,-0.5049436688423157,0.5178008079528809,0.7771608829498291,-0.5049436688423157,0.47122710943222046,-0.8272081613540649,-0.5049436688423157
10429,177104375,139,3,0.12327450881241298,0.0,0.0,0,False,0.9619477987289429,0.18037891387939453,-0.7747549414634705,0.9795148968696594,0.785529613494873,-0.7747549414634705,1.1830521821975708,0.7796210646629333,-0.7747549414634705,1.1654850244522095,0.17447036504745483,-0.7747549414634705
10429,177104375,139,4,0.14227755510977502,0.0,0.0,0,False,0.7541306018829346,0.7790091633796692,-0.6355674862861633,0.7348231673240662,0.11390897631645203,-0.6355674862861633,0.5210843086242676,0.12011367082595825,-0.6355674862861633,0.540391743183136,0.7852138876914978,-0.6355674862861633
10429,177104375,139,5,0.3674055090265065,0.0,0.0,0,False,0.5252525806427002,0.12870146334171295,-0.6355674862861633,0.9848803281784058,0.11535879969596863,-0.6355674862861633,0.9616951942443848,-0.6833226084709167,-0.6355674862861633,0.5020673871040344,-0.6699799299240112,-0.6355674862861633
10429,177104375,139,6,0.33661325846847134,0.0,0.0,0,False,0.4981517493724823,-0.669866144657135,-0.6355674862861633,0.5403916835784912,0.785213828086853,-0.6355674862861633,0.7715334892272949,0.778503954410553,-0.6355674862861633,0.7292935848236084,-0.6765760183334351,-0.6355674862861633
10429,276962010,140,0,1.4132953409763236,0.7064722180366516,8.673617379884035e-19,1,True,3.000999927520752,0.0,0.0,-0.9999912977218628,-0.004172028973698616,0.0,-0.9999912977218628,-0.004172028973698616,-0.7064722180366516,-0.9999912977218628,-0.004172028973698616,-0.7064722180366516
10429,276962010,140,1,0.1915412054135014,0.0,0.0,0,False,0.6893705725669861,0.7808108329772949,-0.5867766737937927,0.6931266784667969,-0.11948629468679428,-0.5867766737937927,0.48037704825401306,-0.12037390470504761,-0.5867766737937927,0.47662097215652466,0.7799232602119446,-0.5867766737937927
10429,276962010,140,2,0.044967145709932765,0.0,0.0,0,False,1.0351901054382324,-0.2255624383687973,-0.5861353278160095,1.0338125228881836,0.10461955517530441,-0.5861353278160095,1.169999122619629,0.10518773645162582,-0.5861353278160095,1.1713767051696777,-0.2249942570924759,-0.5861353278160095
10429,276962010,140,3,0.421980340032043,0.0,0.0,0,False,0.7056283950805664,-0.6156231164932251,-0.6702660918235779,0.6998060941696167,0.7799156904220581,-0.6702660918235779,1.0021789073944092,0.7811772227287292,-0.6702660918235779,1.0080012083053589,-0.614361584186554,-0.6702660918235779
10429,276962010,140,4,0.044999590303345105,0.0,0.0,0,False,0.9218782782554626,0.22459067404270172,-0.7764722108840942,0.9200009107589722,0.6745827794075012,-0.7764722108840942,1.0199999809265137,0.675000011920929,-0.7764722108840942,1.021877408027649,0.22500787675380707,-0.7764722108840942
10429,276962010,140,5,2.5181310853653285,0.0,0.0,0,False,0.4757792353630066,0.7866784930229187,-0.5052241683006287,0.48231545090675354,-0.7799903154373169,-0.5052241683006287,-1.1249721050262451,-0.7866959571838379,-0.5052241683006287,-1.1315083503723145,0.7799727916717529,-0.5052241683006287
10429,276962010,140,6,1.0950890544624494,0.0,0.0,0,False,-1.127663254737854,-0.14164473116397858,-0.5052241683006287,0.5689969062805176,-0.13456611335277557,-0.5052241683006287,0.5716897249221802,-0.779992938041687,-0.5052241683006287,-1.124970555305481,-0.7870715260505676,-0.5052241683006287
10429,276962010,140,7,0.2660118361919661,0.0,0.0,0,False,-1.1256250143051147,-0.6301903128623962,-0.5052241683006287,0.5699713230133057,-0.623116135597229,-0.5052241683006287,0.5706258416175842,-0.7799973487854004,-0.5052241683006287,-1.1249704360961914,-0.7870715260505676,-0.5052241683006287
10429,376876812,141,0,1.0534316878776968,0.7020999193191528,0.0,1,True,2.000999927520752,0.0,0.0,-0.9997043013572693,0.02431739680469036,0.0,-0.9997043013572693,0.02431739680469036,-0.7020999193191528,-0.9997043013572693,0.02431739680469036,-0.7020999193191528
10429,376876812,141,1,0.15600026927614685,0.0,0.0,0,False,0.6151772141456604,0.4628065228462219,-0.5760928988456726,0.5850000381469727,-0.7778107523918152,-0.5760928988456726,0.459330290555954,-0.7747539281845093,-0.5760928988456726,0.4895075261592865,0.46586334705352783,-0.5760928988456726
10429,376876812,141,2,0.16150433962446087,0.0,0.0,0,False,0.9063725471496582,0.17031803727149963,-0.7720999121665955,0.9213499426841736,0.7860482335090637,-0.7720999121665955,1.1834920644760132,0.7796717286109924,-0.7720999121665955,1.1685147285461426,0.16394154727458954,-0.7720999121665955
10429,376876812,141,3,0.03270127005281376,0.0,0.0,0,False,1.0727070569992065,-0.22482261061668396,-0.5852830410003662,1.0809754133224487,0.11509790271520615,-0.5852830410003662,1.1771212816238403,0.11275919526815414,-0.5852830410003662,1.1688528060913086,-0.22716131806373596,-0.5852830410003662
10429,376876812,141,4,0.1523889616727927,0.0,0.0,0,False,0.9186288714408875,0.719182014465332,-0.6563438177108765,0.9053505063056946,0.17330221831798553,-0.6563438177108765,0.6263535022735596,0.18008871376514435,-0.6563438177108765,0.6396318078041077,0.7259685397148132,-0.6563438177108765
10429,376876812,141,5,0.5369639012256862,0.0,0.0,0,False,0.5692539811134338,0.4643290042877197,-0.5056144595146179,-1.1316721439361572,0.505702793598175,-0.5056144595146179,-1.1239978075027466,0.8212052583694458,-0.5056144595146179,0.5769283175468445,0.7798314690589905,-0.5056144595146179
10429,376876812,141,6,2.6036523780362346,0.0,0.0,0,False,0.4945860207080841,0.7796452045440674,-0.5056144595146179,0.4556867778301239,-0.8195437788963318,-0.5056144595146179,-1.1714584827423096,-0.7799644470214844,-0.5056144595146179,-1.1325592994689941,0.81922447681427,-0.5056144595146179
10429,477021447,142,0,1.436353394414201,0.5745205879211426,6.938893903907228e-18,1,True,4.000999927520752,0.0,0.0,-0.9989761710166931,0.04523966461420059,0.0,-0.9989761710166931,0.04523966461420059,-0.5745205879211426,-0.9989761710166931,0.04523966461420059,-0.5745205879211426
10429,477021447,142,1,0.5348084717791295,0.0,0.0,0,False,0.582288384437561,-0.7798771858215332,-0.6445205807685852,0.6432049870491028,0.5652706623077393,-0.6445205807685852,1.0399746894836426,0.5473024845123291,-0.6445205807685852,0.9790580868721008,-0.7978453636169434,-0.6445205807685852
10429,477021447,142,2,0.03427270153321604,0.0,0.0,0,False,0.4535985291004181,-0.22176650166511536,-0.556147038936615,0.47529131174087524,0.257251113653183,-0.556147038936615,0.5466927886009216,0.2540176212787628,-0.556147038936615,0.5249999761581421,-0.22499999403953552,-0.556147038936615
10429,477021447,142,3,0.054993807032726494,0.0,0.0,0,False,1.0249543190002441,-0.2518279254436493,-0.591331958770752,1.0425182580947876,0.13601812720298767,-0.591331958770752,1.18402099609375,0.12961003184318542,-0.591331958770752,1.166456937789917,-0.25823602080345154,-0.591331958770752
10429,477021447,142,4,0.3659559569447879,0.0,0.0,0,False,0.6298258900642395,0.566154420375824,-0.5042444467544556,-1.081419825553894,0.6436501741409302,-0.5042444467544556,-1.071755051612854,0.8570660352706909,-0.5042444467544556,0.6394906640052795,0.7795702815055847,-0.5042444467544556
10429,477021447,142,5,2.56391034163863,0.0,0.0,0,False,0.4983033239841461,0.7791711091995239,-0.5042444467544556,0.4245169460773468,-0.8501713871955872,-0.5042444467544556,-1.1458483934402466,-0.7790558338165283,-0.5042444467544556,-1.0720620155334473,0.8502866625785828,-0.5042444467544556
10429,477021447,142,6,1.0572132093129705,0.0,0.0,0,False,-1.103373646736145,-0.15244914591312408,-0.5042444467544556,0.5786668062210083,-0.2286221832036972,-0.5042444467544556,0.550261378288269,-0.855866014957428,-0.5042444467544556,-1.1317789554595947,-0.7796930074691772,-0.5042444467544556
10429,477021447,142,7,0.9062701428431055,0.0,0.0,0,False,0.6196805238723755,0.25212642550468445,-0.5042444467544556,-1.095632553100586,0.32980620861053467,-0.5042444467544556,-1.071755051612854,0.8570658564567566,-0.5042444467544556,0.6435580253601074,0.779386043548584,-0.5042444467544556
10429,576988457,143,0,1.0757498288197056,0.7169612050056458,3.469446951953614e-18,1,True,2.000999927520752,0.0,0.0,-0.9997889995574951,-0.020542657002806664,0.0,-0.9997889995574951,-0.020542657002806664,-0.7169612050056458,-0.9997889995574951,-0.020542657002806664,-0.7169612050056458
10429,576988457,143,1,0.08311556679318244,0.0,0.0,0,False,1.1699810028076172,0.7809242010116577,-0.7869611978530884,1.1823229789733887,0.18025322258472443,-0.7869611978530884,1.0440101623535156,0.17741131782531738,-0.7869611978530884,1.0316681861877441,0.7780822515487671,-0.7869611978530884
10429,576988457,143,2,0.5504878212454916,0.0,0.0,0,False,0.6347034573554993,-0.558910071849823,-0.6733840107917786,0.6072214841842651,0.7786073088645935,-0.6733840107917786,1.0186221599578857,0.7870603799819946,-0.6733840107917786,1.046104073524475,-0.5504570007324219,-0.6733840107917786
10429,576988457,143,3,2.829080205743278,0.0,0.0,0,False,0.6002813577651978,0.8163739442825317,-0.5048685669898987,0.633080780506134,-0.7799367308616638,-0.5048685669898987,-1.1384329795837402,-0.8163360357284546,-0.5048685669898987,-1.1712323427200317,0.7799746990203857,-0.5048685669898987
10429,576988457,143,4,0.41091295688238105,0.0,0.0,0,False,-1.1287877559661865,-0.5956588983535767,-0.5048685669898987,0.7194387316703796,-0.5576832890510559,-0.5048685669898987,0.7240049839019775,-0.7799177169799805,-0.5048685669898987,-1.1242214441299438,-0.8178933262825012,-0.5048685669898987
10429,677086425,144,0,1.1189307154775967,0.7767174243927002,0.0,1,True,2.000999927520752,0.0,0.0,-0.8238850831985474,0.5667569041252136,0.0,-0.8238850831985474,0.5667569041252136,-0.7767174243927002,-0.8238850831985474,0.5667569041252136,-0.7767174243927002
10429,677086425,144,1,0.1249070674784998,0.110301673412323,3.469446951953614e-18,0,False,1.2779524326324463,-0.7440549731254578,-0.8467174172401428,1.0714178085327148,-0.8106144070625305,-0.8043965697288513,0.9120470285415649,-0.2728603482246399,-0.7364157438278198,1.1185816526412964,-0.20630091428756714,-0.7787365913391113
10429,677086425,144,2,0.32648313484355773,0.0,0.0,0,False,0.7060877084732056,0.38421329855918884,-0.6742244958877563,1.0449724197387695,-0.7592626214027405,-0.6742244958877563,0.7825070023536682,-0.8370478749275208,-0.6742244958877563,0.44362226128578186,0.30642807483673096,-0.6742244958877563
10429,677086425,144,3,1.7813085168692413,0.0,0.0,0,False,0.8247043490409851,0.42670342326164246,-0.5044493079185486,-1.0613666772842407,-0.13225959241390228,-0.5044493079185486,-1.3186695575714111,0.7359398007392883,-0.5044493079185486,0.5674015879631042,1.2949028015136719,-0.5044493079185486
10429,677086425,144,4,3.7702590090734365,0.0,0.0,0,False,0.18331791460514069,1.1810745000839233,-0.5044493079185486,0.7609155178070068,-0.7678741812705994,-0.5044493079185486,-1.0174014568328857,-1.2949028015136719,-0.5044493079185486,-1.594999074935913,0.6540458798408508,-0.5044493079185486
10429,776924227,145,0,1.7530702919131482,0.7010959982872009,0.0,1,True,4.000999927520752,0.0,0.0,-0.9999278783798218,-0.012010392732918262,0.0,-0.9999278783798218,-0.012010392732918262,-0.7010959982872009,-0.9999278783798218,-0.012010392732918262,-0.7010959982872009
10429,776924227,145,1,0.14778456813134078,0.0,0.0,0,False,1.16999351978302,0.780540406703949,-0.7710959911346436,1.1772058010101318,0.18008656799793243,-0.7710959911346436,0.9311197996139526,0.17713075876235962,-0.7710959911346436,0.9239076375961304,0.7775846123695374,-0.7710959911346436
10429,776924227,145,2,0.047973539772700136,0.0,0.0,0,False,1.035559892654419,-0.2266147881746292,-0.5910933017730713,1.0313971042633057,0.11995673179626465,-0.5910933017730713,1.1698004007339478,0.12161912769079208,-0.5910933017730713,1.1739630699157715,-0.22495238482952118,-0.5910933017730713
10429,776924227,145,3,0.49964920123141354,0.0,0.0,0,False,0.9263604283332825,0.4230191707611084,-0.6433379650115967,0.9407933950424194,-0.7786090970039368,-0.6433379650115967,0.525043249130249,-0.783602774143219,-0.6433379650115967,0.5106102824211121,0.41802549362182617,-0.6433379650115967
10429,776924227,145,4,0.4651633447098953,0.0,0.0,0,False,1.0043989419937134,0.17003755271434784,-0.6433379650115967,1.0157825946807861,-0.7777083516120911,-0.6433379650115967,0.525043249130249,-0.7836028337478638,-0.6433379650115967,0.5136595368385315,0.16414311528205872,-0.6433379650115967
10429,776924227,145,5,0.2543977300129514,0.0,0.0,0,False,0.5187597870826721,-0.26048004627227783,-0.6433379650115967,1.004995584487915,-0.25463971495628357,-0.6433379650115967,1.0112789869308472,-0.7777625322341919,-0.6433379650115967,0.5250431895256042,-0.7836028337478638,-0.6433379650115967
10429,776924227,145,6,0.6375049311080714,0.0,0.0,0,False,0.5285963416099548,0.42058369517326355,-0.5043742060661316,-1.1522421836853027,0.40039482712745667,-0.5043742060661316,-1.156797170639038,0.7796180248260498,-0.5043742060661316,0.5240414142608643,0.7998068928718567,-0.5043742060661316
10429,877290820,146,0,1.6674403321660545,0.6766902208328247,0.0,1,True,4.000999927520752,0.0,0.0,-0.9096959233283997,0.41527503728866577,0.0,-0.9096959233283997,0.41527503728866577,-0.6766902208328247,-0.9096959233283997,0.41527503728866577,-0.6766902208328247
10429,877290820,146,1,0.03977293317344005,0.019407033920288086,9.483752817784907e-09,0,False,0.6790856122970581,0.4676697850227356,-0.6390659213066101,0.735722541809082,0.4650319516658783,-0.6483869552612305,0.7051788568496704,-0.22641196846961975,-0.6383009552955627,0.6485418677330017,-0.22377410531044006,-0.6289799213409424
10429,877290820,146,2,0.7553630109108926,0.0,0.0,0,False,0.6826789975166321,-0.7644365429878235,-0.7466902136802673,0.751426637172699,0.7918638586997986,-0.7466902136802673,1.2358394861221313,0.7704655528068542,-0.7466902136802673,1.1670918464660645,-0.7858349084854126,-0.7466902136802673
10429,877290820,146,3,3.0499033866929253,0.0,0.0,0,False,0.6922515034675598,0.7792379260063171,-0.5051024556159973,0.619881272315979,-0.8590660095214844,-0.5051024556159973,-1.2381155490875244,-0.7769911289215088,-0.5051024556159973,-1.1657453775405884,0.8613128662109375,-0.5051024556159973
10429,877290820,146,4,1.1784116684094474,0.0,0.0,0,False,-1.1430858373641968,-0.14213061332702637,-0.5051024556159973,0.7007091045379639,-0.22800520062446594,-0.5051024556159973,0.671006441116333,-0.8657447695732117,-0.5051024556159973,-1.1727885007858276,-0.7798701524734497,-0.5051024556159973
10429,877290820,146,5,0.5960629844610423,0.0,0.0,0,False,0.7186535596847534,0.4660903811454773,-0.5051024556159973,-1.179803490638733,0.5545099377632141,-0.5051024556159973,-1.1652120351791382,0.8678026795387268,-0.5051024556159973,0.7332450151443481,0.77938312292099,-0.5051024556159973
10429,877290820,146,6,0.18908068315054827,0.0,0.0,0,False,-1.1682320833206177,-0.6799805760383606,-0.5051024556159973,0.7207322716712952,-0.7634232640266418,-0.5051024556159973,0.71631920337677,-0.863325834274292,-0.5051024556159973,-1.172645092010498,-0.7798832058906555,-0.5051024556159973
